<?xml version="1.0" encoding="UTF-8"?>
<gpx version="1.1" creator="rideprep-fixtures" xmlns="http://www.topografix.com/GPX/1/1">
  <metadata><name>forest_climb_40k</name></metadata>
  <wpt lat="50.4300000" lon="5.9300000"><name>Start</name><type>start</type></wpt>
  <wpt lat="50.4544396" lon="6.1098515"><name>Feed zone</name><type>aid_station</type></wpt>
  <trk><name>forest_climb_40k</name><trkseg>
    <trkpt lat="50.4300031" lon="5.9299695"><ele>259.9</ele><time>2025-06-15T09:00:00Z</time></trkpt>
    <trkpt lat="50.4300580" lon="5.9301118"><ele>260.1</ele><time>2025-06-15T09:00:01Z</time></trkpt>
    <trkpt lat="50.4301142" lon="5.9302380"><ele>260.0</ele><time>2025-06-15T09:00:02Z</time></trkpt>
    <trkpt lat="50.4301163" lon="5.9303390"><ele>260.0</ele><time>2025-06-15T09:00:04Z</time></trkpt>
    <trkpt lat="50.4301913" lon="5.9305014"><ele>260.8</ele><time>2025-06-15T09:00:05Z</time></trkpt>
    <trkpt lat="50.4302480" lon="5.9306485"><ele>260.7</ele><time>2025-06-15T09:00:07Z</time></trkpt>
    <trkpt lat="50.4302790" lon="5.9307600"><ele>260.3</ele><time>2025-06-15T09:00:08Z</time></trkpt>
    <trkpt lat="50.4303161" lon="5.9308715"><ele>260.5</ele><time>2025-06-15T09:00:10Z</time></trkpt>
    <trkpt lat="50.4303707" lon="5.9310186"><ele>260.5</ele><time>2025-06-15T09:00:11Z</time></trkpt>
    <trkpt lat="50.4304371" lon="5.9310964"><ele>260.6</ele><time>2025-06-15T09:00:12Z</time></trkpt>
    <trkpt lat="50.4304587" lon="5.9312357"><ele>261.0</ele><time>2025-06-15T09:00:14Z</time></trkpt>
    <trkpt lat="50.4304886" lon="5.9313544"><ele>260.7</ele><time>2025-06-15T09:00:15Z</time></trkpt>
    <trkpt lat="50.4305352" lon="5.9314604"><ele>261.3</ele><time>2025-06-15T09:00:17Z</time></trkpt>
    <trkpt lat="50.4305729" lon="5.9316187"><ele>261.3</ele><time>2025-06-15T09:00:18Z</time></trkpt>
    <trkpt lat="50.4306206" lon="5.9316866"><ele>261.0</ele><time>2025-06-15T09:00:20Z</time></trkpt>
    <trkpt lat="50.4306690" lon="5.9318317"><ele>260.2</ele><time>2025-06-15T09:00:21Z</time></trkpt>
    <trkpt lat="50.4307162" lon="5.9319810"><ele>261.0</ele><time>2025-06-15T09:00:22Z</time></trkpt>
    <trkpt lat="50.4307567" lon="5.9320878"><ele>260.8</ele><time>2025-06-15T09:00:24Z</time></trkpt>
    <trkpt lat="50.4308155" lon="5.9322056"><ele>261.1</ele><time>2025-06-15T09:00:25Z</time></trkpt>
    <trkpt lat="50.4308599" lon="5.9323349"><ele>261.1</ele><time>2025-06-15T09:00:27Z</time></trkpt>
    <trkpt lat="50.4309034" lon="5.9324763"><ele>261.2</ele><time>2025-06-15T09:00:28Z</time></trkpt>
    <trkpt lat="50.4309464" lon="5.9325704"><ele>262.1</ele><time>2025-06-15T09:00:30Z</time></trkpt>
    <trkpt lat="50.4310038" lon="5.9326538"><ele>262.2</ele><time>2025-06-15T09:00:31Z</time></trkpt>
    <trkpt lat="50.4310429" lon="5.9328194"><ele>262.4</ele><time>2025-06-15T09:00:32Z</time></trkpt>
    <trkpt lat="50.4310812" lon="5.9329418"><ele>261.6</ele><time>2025-06-15T09:00:34Z</time></trkpt>
    <trkpt lat="50.4311378" lon="5.9330721"><ele>262.1</ele><time>2025-06-15T09:00:35Z</time></trkpt>
    <trkpt lat="50.4311792" lon="5.9331734"><ele>261.1</ele><time>2025-06-15T09:00:37Z</time></trkpt>
    <trkpt lat="50.4311801" lon="5.9332988"><ele>262.3</ele><time>2025-06-15T09:00:38Z</time></trkpt>
    <trkpt lat="50.4312851" lon="5.9334365"><ele>262.1</ele><time>2025-06-15T09:00:40Z</time></trkpt>
    <trkpt lat="50.4313032" lon="5.9335450"><ele>261.4</ele><time>2025-06-15T09:00:41Z</time></trkpt>
    <trkpt lat="50.4313489" lon="5.9336732"><ele>262.4</ele><time>2025-06-15T09:00:42Z</time></trkpt>
    <trkpt lat="50.4313934" lon="5.9337593"><ele>262.5</ele><time>2025-06-15T09:00:44Z</time></trkpt>
    <trkpt lat="50.4314430" lon="5.9339288"><ele>264.0</ele><time>2025-06-15T09:00:45Z</time></trkpt>
    <trkpt lat="50.4314803" lon="5.9340145"><ele>262.6</ele><time>2025-06-15T09:00:47Z</time></trkpt>
    <trkpt lat="50.4315495" lon="5.9341278"><ele>263.0</ele><time>2025-06-15T09:00:48Z</time></trkpt>
    <trkpt lat="50.4315753" lon="5.9342398"><ele>263.3</ele><time>2025-06-15T09:00:50Z</time></trkpt>
    <trkpt lat="50.4316208" lon="5.9343586"><ele>262.8</ele><time>2025-06-15T09:00:51Z</time></trkpt>
    <trkpt lat="50.4316693" lon="5.9345608"><ele>262.8</ele><time>2025-06-15T09:00:52Z</time></trkpt>
    <trkpt lat="50.4317345" lon="5.9346207"><ele>262.9</ele><time>2025-06-15T09:00:54Z</time></trkpt>
    <trkpt lat="50.4317322" lon="5.9348035"><ele>263.0</ele><time>2025-06-15T09:00:55Z</time></trkpt>
    <trkpt lat="50.4317889" lon="5.9348714"><ele>263.1</ele><time>2025-06-15T09:00:57Z</time></trkpt>
    <trkpt lat="50.4318344" lon="5.9350132"><ele>262.7</ele><time>2025-06-15T09:00:58Z</time></trkpt>
    <trkpt lat="50.4319085" lon="5.9351491"><ele>263.1</ele><time>2025-06-15T09:01:00Z</time></trkpt>
    <trkpt lat="50.4318982" lon="5.9352487"><ele>263.9</ele><time>2025-06-15T09:01:01Z</time></trkpt>
    <trkpt lat="50.4319707" lon="5.9353356"><ele>264.4</ele><time>2025-06-15T09:01:02Z</time></trkpt>
    <trkpt lat="50.4320235" lon="5.9354589"><ele>263.2</ele><time>2025-06-15T09:01:04Z</time></trkpt>
    <trkpt lat="50.4320522" lon="5.9355683"><ele>263.8</ele><time>2025-06-15T09:01:05Z</time></trkpt>
    <trkpt lat="50.4321050" lon="5.9357017"><ele>264.1</ele><time>2025-06-15T09:01:07Z</time></trkpt>
    <trkpt lat="50.4321401" lon="5.9358482"><ele>264.4</ele><time>2025-06-15T09:01:08Z</time></trkpt>
    <trkpt lat="50.4322222" lon="5.9359761"><ele>263.5</ele><time>2025-06-15T09:01:10Z</time></trkpt>
    <trkpt lat="50.4322295" lon="5.9361315"><ele>263.3</ele><time>2025-06-15T09:01:11Z</time></trkpt>
    <trkpt lat="50.4322878" lon="5.9362082"><ele>264.2</ele><time>2025-06-15T09:01:12Z</time></trkpt>
    <trkpt lat="50.4323465" lon="5.9363272"><ele>264.7</ele><time>2025-06-15T09:01:14Z</time></trkpt>
    <trkpt lat="50.4323639" lon="5.9364471"><ele>264.1</ele><time>2025-06-15T09:01:15Z</time></trkpt>
    <trkpt lat="50.4324388" lon="5.9366005"><ele>264.2</ele><time>2025-06-15T09:01:17Z</time></trkpt>
    <trkpt lat="50.4324724" lon="5.9366837"><ele>264.8</ele><time>2025-06-15T09:01:18Z</time></trkpt>
    <trkpt lat="50.4325353" lon="5.9368115"><ele>264.6</ele><time>2025-06-15T09:01:20Z</time></trkpt>
    <trkpt lat="50.4325539" lon="5.9369548"><ele>265.1</ele><time>2025-06-15T09:01:21Z</time></trkpt>
    <trkpt lat="50.4325871" lon="5.9370714"><ele>264.9</ele><time>2025-06-15T09:01:22Z</time></trkpt>
    <trkpt lat="50.4326671" lon="5.9371834"><ele>264.8</ele><time>2025-06-15T09:01:24Z</time></trkpt>
    <trkpt lat="50.4326996" lon="5.9373009"><ele>264.6</ele><time>2025-06-15T09:01:25Z</time></trkpt>
    <trkpt lat="50.4327425" lon="5.9374185"><ele>265.2</ele><time>2025-06-15T09:01:27Z</time></trkpt>
    <trkpt lat="50.4327860" lon="5.9375596"><ele>264.7</ele><time>2025-06-15T09:01:28Z</time></trkpt>
    <trkpt lat="50.4328358" lon="5.9376922"><ele>265.4</ele><time>2025-06-15T09:01:30Z</time></trkpt>
    <trkpt lat="50.4329062" lon="5.9378097"><ele>264.4</ele><time>2025-06-15T09:01:31Z</time></trkpt>
    <trkpt lat="50.4329293" lon="5.9379226"><ele>265.5</ele><time>2025-06-15T09:01:32Z</time></trkpt>
    <trkpt lat="50.4329503" lon="5.9380129"><ele>265.2</ele><time>2025-06-15T09:01:34Z</time></trkpt>
    <trkpt lat="50.4330269" lon="5.9381901"><ele>264.7</ele><time>2025-06-15T09:01:35Z</time></trkpt>
    <trkpt lat="50.4330728" lon="5.9382922"><ele>265.4</ele><time>2025-06-15T09:01:37Z</time></trkpt>
    <trkpt lat="50.4330920" lon="5.9383893"><ele>264.9</ele><time>2025-06-15T09:01:38Z</time></trkpt>
    <trkpt lat="50.4331432" lon="5.9385587"><ele>265.4</ele><time>2025-06-15T09:01:40Z</time></trkpt>
    <trkpt lat="50.4331897" lon="5.9386364"><ele>265.3</ele><time>2025-06-15T09:01:41Z</time></trkpt>
    <trkpt lat="50.4332360" lon="5.9387561"><ele>265.6</ele><time>2025-06-15T09:01:42Z</time></trkpt>
    <trkpt lat="50.4332835" lon="5.9389087"><ele>266.3</ele><time>2025-06-15T09:01:44Z</time></trkpt>
    <trkpt lat="50.4333300" lon="5.9390198"><ele>265.9</ele><time>2025-06-15T09:01:45Z</time></trkpt>
    <trkpt lat="50.4333876" lon="5.9391255"><ele>265.7</ele><time>2025-06-15T09:01:47Z</time></trkpt>
    <trkpt lat="50.4334333" lon="5.9392308"><ele>266.3</ele><time>2025-06-15T09:01:48Z</time></trkpt>
    <trkpt lat="50.4334743" lon="5.9393744"><ele>266.5</ele><time>2025-06-15T09:01:50Z</time></trkpt>
    <trkpt lat="50.4334902" lon="5.9395234"><ele>266.2</ele><time>2025-06-15T09:01:51Z</time></trkpt>
    <trkpt lat="50.4335428" lon="5.9396082"><ele>266.0</ele><time>2025-06-15T09:01:52Z</time></trkpt>
    <trkpt lat="50.4336028" lon="5.9397341"><ele>266.0</ele><time>2025-06-15T09:01:54Z</time></trkpt>
    <trkpt lat="50.4336433" lon="5.9398874"><ele>266.1</ele><time>2025-06-15T09:01:55Z</time></trkpt>
    <trkpt lat="50.4336953" lon="5.9399996"><ele>266.9</ele><time>2025-06-15T09:01:57Z</time></trkpt>
    <trkpt lat="50.4337545" lon="5.9401124"><ele>266.8</ele><time>2025-06-15T09:01:58Z</time></trkpt>
    <trkpt lat="50.4337574" lon="5.9402664"><ele>266.2</ele><time>2025-06-15T09:02:00Z</time></trkpt>
    <trkpt lat="50.4338177" lon="5.9403875"><ele>266.9</ele><time>2025-06-15T09:02:01Z</time></trkpt>
    <trkpt lat="50.4338460" lon="5.9405092"><ele>266.9</ele><time>2025-06-15T09:02:02Z</time></trkpt>
    <trkpt lat="50.4339215" lon="5.9406468"><ele>266.9</ele><time>2025-06-15T09:02:04Z</time></trkpt>
    <trkpt lat="50.4339557" lon="5.9407394"><ele>267.2</ele><time>2025-06-15T09:02:05Z</time></trkpt>
    <trkpt lat="50.4339974" lon="5.9408771"><ele>267.2</ele><time>2025-06-15T09:02:07Z</time></trkpt>
    <trkpt lat="50.4340556" lon="5.9409777"><ele>267.4</ele><time>2025-06-15T09:02:08Z</time></trkpt>
    <trkpt lat="50.4341062" lon="5.9410703"><ele>267.5</ele><time>2025-06-15T09:02:10Z</time></trkpt>
    <trkpt lat="50.4341314" lon="5.9411917"><ele>266.6</ele><time>2025-06-15T09:02:11Z</time></trkpt>
    <trkpt lat="50.4341847" lon="5.9413308"><ele>266.8</ele><time>2025-06-15T09:02:12Z</time></trkpt>
    <trkpt lat="50.4342132" lon="5.9414423"><ele>267.1</ele><time>2025-06-15T09:02:14Z</time></trkpt>
    <trkpt lat="50.4342556" lon="5.9415642"><ele>267.7</ele><time>2025-06-15T09:02:15Z</time></trkpt>
    <trkpt lat="50.4343039" lon="5.9416980"><ele>267.9</ele><time>2025-06-15T09:02:17Z</time></trkpt>
    <trkpt lat="50.4343722" lon="5.9418125"><ele>267.1</ele><time>2025-06-15T09:02:18Z</time></trkpt>
    <trkpt lat="50.4343988" lon="5.9419764"><ele>267.3</ele><time>2025-06-15T09:02:20Z</time></trkpt>
    <trkpt lat="50.4344317" lon="5.9420770"><ele>267.3</ele><time>2025-06-15T09:02:21Z</time></trkpt>
    <trkpt lat="50.4344882" lon="5.9421953"><ele>268.0</ele><time>2025-06-15T09:02:22Z</time></trkpt>
    <trkpt lat="50.4345432" lon="5.9423151"><ele>267.9</ele><time>2025-06-15T09:02:24Z</time></trkpt>
    <trkpt lat="50.4345847" lon="5.9424492"><ele>268.4</ele><time>2025-06-15T09:02:25Z</time></trkpt>
    <trkpt lat="50.4346029" lon="5.9425760"><ele>267.3</ele><time>2025-06-15T09:02:27Z</time></trkpt>
    <trkpt lat="50.4346685" lon="5.9427109"><ele>268.2</ele><time>2025-06-15T09:02:28Z</time></trkpt>
    <trkpt lat="50.4347232" lon="5.9427973"><ele>269.1</ele><time>2025-06-15T09:02:30Z</time></trkpt>
    <trkpt lat="50.4347653" lon="5.9429066"><ele>268.2</ele><time>2025-06-15T09:02:31Z</time></trkpt>
    <trkpt lat="50.4347975" lon="5.9430206"><ele>268.2</ele><time>2025-06-15T09:02:32Z</time></trkpt>
    <trkpt lat="50.4348595" lon="5.9431651"><ele>267.6</ele><time>2025-06-15T09:02:34Z</time></trkpt>
    <trkpt lat="50.4349216" lon="5.9432541"><ele>268.4</ele><time>2025-06-15T09:02:35Z</time></trkpt>
    <trkpt lat="50.4349384" lon="5.9434267"><ele>268.2</ele><time>2025-06-15T09:02:37Z</time></trkpt>
    <trkpt lat="50.4349723" lon="5.9435760"><ele>268.2</ele><time>2025-06-15T09:02:38Z</time></trkpt>
    <trkpt lat="50.4350342" lon="5.9436674"><ele>268.0</ele><time>2025-06-15T09:02:40Z</time></trkpt>
    <trkpt lat="50.4350888" lon="5.9437779"><ele>268.1</ele><time>2025-06-15T09:02:41Z</time></trkpt>
    <trkpt lat="50.4351345" lon="5.9438850"><ele>269.6</ele><time>2025-06-15T09:02:42Z</time></trkpt>
    <trkpt lat="50.4351595" lon="5.9439694"><ele>268.9</ele><time>2025-06-15T09:02:44Z</time></trkpt>
    <trkpt lat="50.4352014" lon="5.9441213"><ele>268.8</ele><time>2025-06-15T09:02:45Z</time></trkpt>
    <trkpt lat="50.4352442" lon="5.9442735"><ele>269.4</ele><time>2025-06-15T09:02:47Z</time></trkpt>
    <trkpt lat="50.4353151" lon="5.9444021"><ele>269.7</ele><time>2025-06-15T09:02:48Z</time></trkpt>
    <trkpt lat="50.4353478" lon="5.9444953"><ele>269.6</ele><time>2025-06-15T09:02:50Z</time></trkpt>
    <trkpt lat="50.4354062" lon="5.9446552"><ele>269.1</ele><time>2025-06-15T09:02:51Z</time></trkpt>
    <trkpt lat="50.4354206" lon="5.9447399"><ele>269.1</ele><time>2025-06-15T09:02:52Z</time></trkpt>
    <trkpt lat="50.4354767" lon="5.9448531"><ele>269.2</ele><time>2025-06-15T09:02:54Z</time></trkpt>
    <trkpt lat="50.4355398" lon="5.9450117"><ele>269.4</ele><time>2025-06-15T09:02:55Z</time></trkpt>
    <trkpt lat="50.4355725" lon="5.9450917"><ele>269.7</ele><time>2025-06-15T09:02:57Z</time></trkpt>
    <trkpt lat="50.4356209" lon="5.9452560"><ele>269.9</ele><time>2025-06-15T09:02:58Z</time></trkpt>
    <trkpt lat="50.4356718" lon="5.9453458"><ele>270.0</ele><time>2025-06-15T09:03:00Z</time></trkpt>
    <trkpt lat="50.4356977" lon="5.9454742"><ele>270.2</ele><time>2025-06-15T09:03:01Z</time></trkpt>
    <trkpt lat="50.4357622" lon="5.9455825"><ele>269.7</ele><time>2025-06-15T09:03:02Z</time></trkpt>
    <trkpt lat="50.4357944" lon="5.9457181"><ele>269.7</ele><time>2025-06-15T09:03:04Z</time></trkpt>
    <trkpt lat="50.4358668" lon="5.9458466"><ele>270.5</ele><time>2025-06-15T09:03:05Z</time></trkpt>
    <trkpt lat="50.4358941" lon="5.9459665"><ele>270.4</ele><time>2025-06-15T09:03:07Z</time></trkpt>
    <trkpt lat="50.4359575" lon="5.9460822"><ele>270.1</ele><time>2025-06-15T09:03:08Z</time></trkpt>
    <trkpt lat="50.4359647" lon="5.9462263"><ele>269.7</ele><time>2025-06-15T09:03:10Z</time></trkpt>
    <trkpt lat="50.4360138" lon="5.9463139"><ele>270.6</ele><time>2025-06-15T09:03:11Z</time></trkpt>
    <trkpt lat="50.4360793" lon="5.9464503"><ele>270.1</ele><time>2025-06-15T09:03:12Z</time></trkpt>
    <trkpt lat="50.4361146" lon="5.9465587"><ele>270.2</ele><time>2025-06-15T09:03:14Z</time></trkpt>
    <trkpt lat="50.4361579" lon="5.9466656"><ele>270.9</ele><time>2025-06-15T09:03:15Z</time></trkpt>
    <trkpt lat="50.4361860" lon="5.9468183"><ele>270.2</ele><time>2025-06-15T09:03:17Z</time></trkpt>
    <trkpt lat="50.4362439" lon="5.9469190"><ele>270.2</ele><time>2025-06-15T09:03:18Z</time></trkpt>
    <trkpt lat="50.4362944" lon="5.9470641"><ele>271.2</ele><time>2025-06-15T09:03:20Z</time></trkpt>
    <trkpt lat="50.4363093" lon="5.9471640"><ele>271.4</ele><time>2025-06-15T09:03:21Z</time></trkpt>
    <trkpt lat="50.4363770" lon="5.9473195"><ele>271.0</ele><time>2025-06-15T09:03:22Z</time></trkpt>
    <trkpt lat="50.4364223" lon="5.9474126"><ele>271.1</ele><time>2025-06-15T09:03:24Z</time></trkpt>
    <trkpt lat="50.4364736" lon="5.9475475"><ele>271.1</ele><time>2025-06-15T09:03:25Z</time></trkpt>
    <trkpt lat="50.4365135" lon="5.9476786"><ele>271.2</ele><time>2025-06-15T09:03:27Z</time></trkpt>
    <trkpt lat="50.4365788" lon="5.9478260"><ele>270.7</ele><time>2025-06-15T09:03:28Z</time></trkpt>
    <trkpt lat="50.4365809" lon="5.9479360"><ele>270.5</ele><time>2025-06-15T09:03:30Z</time></trkpt>
    <trkpt lat="50.4366587" lon="5.9480503"><ele>271.7</ele><time>2025-06-15T09:03:31Z</time></trkpt>
    <trkpt lat="50.4367110" lon="5.9481274"><ele>271.0</ele><time>2025-06-15T09:03:32Z</time></trkpt>
    <trkpt lat="50.4367474" lon="5.9482758"><ele>271.9</ele><time>2025-06-15T09:03:34Z</time></trkpt>
    <trkpt lat="50.4367632" lon="5.9483877"><ele>271.1</ele><time>2025-06-15T09:03:35Z</time></trkpt>
    <trkpt lat="50.4368474" lon="5.9485270"><ele>271.6</ele><time>2025-06-15T09:03:37Z</time></trkpt>
    <trkpt lat="50.4368693" lon="5.9486451"><ele>271.3</ele><time>2025-06-15T09:03:38Z</time></trkpt>
    <trkpt lat="50.4368987" lon="5.9487937"><ele>271.3</ele><time>2025-06-15T09:03:40Z</time></trkpt>
    <trkpt lat="50.4369811" lon="5.9488768"><ele>271.7</ele><time>2025-06-15T09:03:41Z</time></trkpt>
    <trkpt lat="50.4370210" lon="5.9490029"><ele>272.5</ele><time>2025-06-15T09:03:42Z</time></trkpt>
    <trkpt lat="50.4370382" lon="5.9491606"><ele>271.7</ele><time>2025-06-15T09:03:44Z</time></trkpt>
    <trkpt lat="50.4370763" lon="5.9492849"><ele>271.3</ele><time>2025-06-15T09:03:45Z</time></trkpt>
    <trkpt lat="50.4371527" lon="5.9493741"><ele>271.6</ele><time>2025-06-15T09:03:47Z</time></trkpt>
    <trkpt lat="50.4371884" lon="5.9495079"><ele>272.1</ele><time>2025-06-15T09:03:48Z</time></trkpt>
    <trkpt lat="50.4372056" lon="5.9496012"><ele>271.2</ele><time>2025-06-15T09:03:50Z</time></trkpt>
    <trkpt lat="50.4372936" lon="5.9497520"><ele>272.3</ele><time>2025-06-15T09:03:51Z</time></trkpt>
    <trkpt lat="50.4373019" lon="5.9498366"><ele>272.0</ele><time>2025-06-15T09:03:52Z</time></trkpt>
    <trkpt lat="50.4373455" lon="5.9499730"><ele>272.0</ele><time>2025-06-15T09:03:54Z</time></trkpt>
    <trkpt lat="50.4374136" lon="5.9500975"><ele>272.4</ele><time>2025-06-15T09:03:55Z</time></trkpt>
    <trkpt lat="50.4374625" lon="5.9502401"><ele>272.5</ele><time>2025-06-15T09:03:57Z</time></trkpt>
    <trkpt lat="50.4374989" lon="5.9503558"><ele>272.3</ele><time>2025-06-15T09:03:58Z</time></trkpt>
    <trkpt lat="50.4375461" lon="5.9505049"><ele>272.8</ele><time>2025-06-15T09:04:00Z</time></trkpt>
    <trkpt lat="50.4376183" lon="5.9506369"><ele>271.7</ele><time>2025-06-15T09:04:01Z</time></trkpt>
    <trkpt lat="50.4376530" lon="5.9507269"><ele>272.4</ele><time>2025-06-15T09:04:02Z</time></trkpt>
    <trkpt lat="50.4376654" lon="5.9508307"><ele>272.4</ele><time>2025-06-15T09:04:04Z</time></trkpt>
    <trkpt lat="50.4377042" lon="5.9509675"><ele>272.7</ele><time>2025-06-15T09:04:05Z</time></trkpt>
    <trkpt lat="50.4377748" lon="5.9510718"><ele>272.3</ele><time>2025-06-15T09:04:07Z</time></trkpt>
    <trkpt lat="50.4378216" lon="5.9512131"><ele>272.6</ele><time>2025-06-15T09:04:08Z</time></trkpt>
    <trkpt lat="50.4378771" lon="5.9513191"><ele>273.1</ele><time>2025-06-15T09:04:10Z</time></trkpt>
    <trkpt lat="50.4379151" lon="5.9514387"><ele>272.5</ele><time>2025-06-15T09:04:11Z</time></trkpt>
    <trkpt lat="50.4379148" lon="5.9515661"><ele>272.8</ele><time>2025-06-15T09:04:12Z</time></trkpt>
    <trkpt lat="50.4379925" lon="5.9517134"><ele>273.3</ele><time>2025-06-15T09:04:14Z</time></trkpt>
    <trkpt lat="50.4380481" lon="5.9518074"><ele>273.1</ele><time>2025-06-15T09:04:15Z</time></trkpt>
    <trkpt lat="50.4381172" lon="5.9519223"><ele>272.9</ele><time>2025-06-15T09:04:17Z</time></trkpt>
    <trkpt lat="50.4381356" lon="5.9520364"><ele>273.4</ele><time>2025-06-15T09:04:18Z</time></trkpt>
    <trkpt lat="50.4381773" lon="5.9521939"><ele>273.5</ele><time>2025-06-15T09:04:20Z</time></trkpt>
    <trkpt lat="50.4382321" lon="5.9523283"><ele>272.8</ele><time>2025-06-15T09:04:21Z</time></trkpt>
    <trkpt lat="50.4382682" lon="5.9524669"><ele>272.6</ele><time>2025-06-15T09:04:22Z</time></trkpt>
    <trkpt lat="50.4383116" lon="5.9525700"><ele>273.6</ele><time>2025-06-15T09:04:24Z</time></trkpt>
    <trkpt lat="50.4383513" lon="5.9527163"><ele>273.3</ele><time>2025-06-15T09:04:25Z</time></trkpt>
    <trkpt lat="50.4384059" lon="5.9527756"><ele>273.9</ele><time>2025-06-15T09:04:27Z</time></trkpt>
    <trkpt lat="50.4384506" lon="5.9529265"><ele>272.8</ele><time>2025-06-15T09:04:28Z</time></trkpt>
    <trkpt lat="50.4385078" lon="5.9530458"><ele>273.5</ele><time>2025-06-15T09:04:30Z</time></trkpt>
    <trkpt lat="50.4385246" lon="5.9531508"><ele>273.9</ele><time>2025-06-15T09:04:31Z</time></trkpt>
    <trkpt lat="50.4386089" lon="5.9532511"><ele>273.8</ele><time>2025-06-15T09:04:32Z</time></trkpt>
    <trkpt lat="50.4386116" lon="5.9533933"><ele>274.1</ele><time>2025-06-15T09:04:34Z</time></trkpt>
    <trkpt lat="50.4386654" lon="5.9535484"><ele>274.0</ele><time>2025-06-15T09:04:35Z</time></trkpt>
    <trkpt lat="50.4387309" lon="5.9536560"><ele>274.3</ele><time>2025-06-15T09:04:37Z</time></trkpt>
    <trkpt lat="50.4387437" lon="5.9537978"><ele>275.1</ele><time>2025-06-15T09:04:38Z</time></trkpt>
    <trkpt lat="50.4387926" lon="5.9538831"><ele>273.8</ele><time>2025-06-15T09:04:40Z</time></trkpt>
    <trkpt lat="50.4388631" lon="5.9540238"><ele>275.2</ele><time>2025-06-15T09:04:41Z</time></trkpt>
    <trkpt lat="50.4388873" lon="5.9541634"><ele>274.1</ele><time>2025-06-15T09:04:42Z</time></trkpt>
    <trkpt lat="50.4389344" lon="5.9542496"><ele>274.2</ele><time>2025-06-15T09:04:44Z</time></trkpt>
    <trkpt lat="50.4390032" lon="5.9543684"><ele>274.5</ele><time>2025-06-15T09:04:45Z</time></trkpt>
    <trkpt lat="50.4390302" lon="5.9545165"><ele>273.9</ele><time>2025-06-15T09:04:47Z</time></trkpt>
    <trkpt lat="50.4390720" lon="5.9546345"><ele>275.3</ele><time>2025-06-15T09:04:48Z</time></trkpt>
    <trkpt lat="50.4391059" lon="5.9547732"><ele>274.1</ele><time>2025-06-15T09:04:50Z</time></trkpt>
    <trkpt lat="50.4391643" lon="5.9548575"><ele>275.0</ele><time>2025-06-15T09:04:51Z</time></trkpt>
    <trkpt lat="50.4392182" lon="5.9549873"><ele>274.5</ele><time>2025-06-15T09:04:52Z</time></trkpt>
    <trkpt lat="50.4392736" lon="5.9551084"><ele>274.7</ele><time>2025-06-15T09:04:54Z</time></trkpt>
    <trkpt lat="50.4393013" lon="5.9552764"><ele>274.9</ele><time>2025-06-15T09:04:55Z</time></trkpt>
    <trkpt lat="50.4393558" lon="5.9553653"><ele>275.6</ele><time>2025-06-15T09:04:57Z</time></trkpt>
    <trkpt lat="50.4393847" lon="5.9554645"><ele>274.5</ele><time>2025-06-15T09:04:58Z</time></trkpt>
    <trkpt lat="50.4394430" lon="5.9556389"><ele>275.1</ele><time>2025-06-15T09:05:00Z</time></trkpt>
    <trkpt lat="50.4394567" lon="5.9557323"><ele>275.3</ele><time>2025-06-15T09:05:01Z</time></trkpt>
    <trkpt lat="50.4395307" lon="5.9558473"><ele>275.0</ele><time>2025-06-15T09:05:02Z</time></trkpt>
    <trkpt lat="50.4395705" lon="5.9559647"><ele>274.8</ele><time>2025-06-15T09:05:04Z</time></trkpt>
    <trkpt lat="50.4396249" lon="5.9560837"><ele>274.3</ele><time>2025-06-15T09:05:05Z</time></trkpt>
    <trkpt lat="50.4396700" lon="5.9562279"><ele>274.7</ele><time>2025-06-15T09:05:07Z</time></trkpt>
    <trkpt lat="50.4397104" lon="5.9563431"><ele>275.0</ele><time>2025-06-15T09:05:08Z</time></trkpt>
    <trkpt lat="50.4397535" lon="5.9564899"><ele>275.2</ele><time>2025-06-15T09:05:10Z</time></trkpt>
    <trkpt lat="50.4398254" lon="5.9565488"><ele>275.4</ele><time>2025-06-15T09:05:11Z</time></trkpt>
    <trkpt lat="50.4398379" lon="5.9567047"><ele>276.2</ele><time>2025-06-15T09:05:12Z</time></trkpt>
    <trkpt lat="50.4399071" lon="5.9568169"><ele>275.8</ele><time>2025-06-15T09:05:14Z</time></trkpt>
    <trkpt lat="50.4399394" lon="5.9569626"><ele>275.9</ele><time>2025-06-15T09:05:15Z</time></trkpt>
    <trkpt lat="50.4399478" lon="5.9570615"><ele>274.5</ele><time>2025-06-15T09:05:17Z</time></trkpt>
    <trkpt lat="50.4399930" lon="5.9572094"><ele>276.1</ele><time>2025-06-15T09:05:18Z</time></trkpt>
    <trkpt lat="50.4400402" lon="5.9573730"><ele>275.9</ele><time>2025-06-15T09:05:20Z</time></trkpt>
    <trkpt lat="50.4401009" lon="5.9574398"><ele>274.9</ele><time>2025-06-15T09:05:21Z</time></trkpt>
    <trkpt lat="50.4401782" lon="5.9575498"><ele>275.7</ele><time>2025-06-15T09:05:22Z</time></trkpt>
    <trkpt lat="50.4402015" lon="5.9576735"><ele>275.8</ele><time>2025-06-15T09:05:24Z</time></trkpt>
    <trkpt lat="50.4402761" lon="5.9578018"><ele>275.5</ele><time>2025-06-15T09:05:25Z</time></trkpt>
    <trkpt lat="50.4403016" lon="5.9578791"><ele>275.7</ele><time>2025-06-15T09:05:27Z</time></trkpt>
    <trkpt lat="50.4403163" lon="5.9580288"><ele>275.8</ele><time>2025-06-15T09:05:28Z</time></trkpt>
    <trkpt lat="50.4403858" lon="5.9581523"><ele>275.8</ele><time>2025-06-15T09:05:30Z</time></trkpt>
    <trkpt lat="50.4404316" lon="5.9582526"><ele>276.0</ele><time>2025-06-15T09:05:31Z</time></trkpt>
    <trkpt lat="50.4404653" lon="5.9583653"><ele>276.4</ele><time>2025-06-15T09:05:32Z</time></trkpt>
    <trkpt lat="50.4405104" lon="5.9585258"><ele>276.3</ele><time>2025-06-15T09:05:34Z</time></trkpt>
    <trkpt lat="50.4405504" lon="5.9586356"><ele>276.4</ele><time>2025-06-15T09:05:35Z</time></trkpt>
    <trkpt lat="50.4405963" lon="5.9587677"><ele>276.3</ele><time>2025-06-15T09:05:37Z</time></trkpt>
    <trkpt lat="50.4406621" lon="5.9588985"><ele>276.7</ele><time>2025-06-15T09:05:38Z</time></trkpt>
    <trkpt lat="50.4406941" lon="5.9590168"><ele>275.9</ele><time>2025-06-15T09:05:40Z</time></trkpt>
    <trkpt lat="50.4407346" lon="5.9591411"><ele>276.7</ele><time>2025-06-15T09:05:41Z</time></trkpt>
    <trkpt lat="50.4407929" lon="5.9592757"><ele>276.4</ele><time>2025-06-15T09:05:42Z</time></trkpt>
    <trkpt lat="50.4408494" lon="5.9593877"><ele>277.1</ele><time>2025-06-15T09:05:44Z</time></trkpt>
    <trkpt lat="50.4408362" lon="5.9594903"><ele>276.7</ele><time>2025-06-15T09:05:45Z</time></trkpt>
    <trkpt lat="50.4409198" lon="5.9595924"><ele>276.7</ele><time>2025-06-15T09:05:47Z</time></trkpt>
    <trkpt lat="50.4409617" lon="5.9597781"><ele>276.5</ele><time>2025-06-15T09:05:48Z</time></trkpt>
    <trkpt lat="50.4410130" lon="5.9598565"><ele>276.1</ele><time>2025-06-15T09:05:50Z</time></trkpt>
    <trkpt lat="50.4410584" lon="5.9600024"><ele>277.2</ele><time>2025-06-15T09:05:51Z</time></trkpt>
    <trkpt lat="50.4411031" lon="5.9601060"><ele>276.8</ele><time>2025-06-15T09:05:52Z</time></trkpt>
    <trkpt lat="50.4411308" lon="5.9602339"><ele>276.5</ele><time>2025-06-15T09:05:54Z</time></trkpt>
    <trkpt lat="50.4411952" lon="5.9603574"><ele>277.2</ele><time>2025-06-15T09:05:55Z</time></trkpt>
    <trkpt lat="50.4412370" lon="5.9604656"><ele>277.1</ele><time>2025-06-15T09:05:57Z</time></trkpt>
    <trkpt lat="50.4412818" lon="5.9606183"><ele>277.0</ele><time>2025-06-15T09:05:58Z</time></trkpt>
    <trkpt lat="50.4413238" lon="5.9607149"><ele>276.8</ele><time>2025-06-15T09:06:00Z</time></trkpt>
    <trkpt lat="50.4413588" lon="5.9608077"><ele>276.0</ele><time>2025-06-15T09:06:01Z</time></trkpt>
    <trkpt lat="50.4414251" lon="5.9609767"><ele>276.9</ele><time>2025-06-15T09:06:02Z</time></trkpt>
    <trkpt lat="50.4414603" lon="5.9610917"><ele>277.0</ele><time>2025-06-15T09:06:04Z</time></trkpt>
    <trkpt lat="50.4415006" lon="5.9612409"><ele>277.2</ele><time>2025-06-15T09:06:05Z</time></trkpt>
    <trkpt lat="50.4415749" lon="5.9613307"><ele>276.5</ele><time>2025-06-15T09:06:07Z</time></trkpt>
    <trkpt lat="50.4415751" lon="5.9614582"><ele>276.9</ele><time>2025-06-15T09:06:08Z</time></trkpt>
    <trkpt lat="50.4416482" lon="5.9615558"><ele>276.8</ele><time>2025-06-15T09:06:10Z</time></trkpt>
    <trkpt lat="50.4416784" lon="5.9616766"><ele>276.9</ele><time>2025-06-15T09:06:11Z</time></trkpt>
    <trkpt lat="50.4417489" lon="5.9617989"><ele>277.0</ele><time>2025-06-15T09:06:12Z</time></trkpt>
    <trkpt lat="50.4417911" lon="5.9619249"><ele>277.4</ele><time>2025-06-15T09:06:14Z</time></trkpt>
    <trkpt lat="50.4417957" lon="5.9620871"><ele>277.3</ele><time>2025-06-15T09:06:15Z</time></trkpt>
    <trkpt lat="50.4418654" lon="5.9621956"><ele>277.6</ele><time>2025-06-15T09:06:17Z</time></trkpt>
    <trkpt lat="50.4419152" lon="5.9623337"><ele>277.9</ele><time>2025-06-15T09:06:18Z</time></trkpt>
    <trkpt lat="50.4419422" lon="5.9624453"><ele>277.6</ele><time>2025-06-15T09:06:20Z</time></trkpt>
    <trkpt lat="50.4419845" lon="5.9625789"><ele>277.8</ele><time>2025-06-15T09:06:21Z</time></trkpt>
    <trkpt lat="50.4420601" lon="5.9626867"><ele>276.9</ele><time>2025-06-15T09:06:22Z</time></trkpt>
    <trkpt lat="50.4420662" lon="5.9628453"><ele>277.6</ele><time>2025-06-15T09:06:24Z</time></trkpt>
    <trkpt lat="50.4421138" lon="5.9629706"><ele>278.5</ele><time>2025-06-15T09:06:25Z</time></trkpt>
    <trkpt lat="50.4422026" lon="5.9630450"><ele>278.3</ele><time>2025-06-15T09:06:27Z</time></trkpt>
    <trkpt lat="50.4422113" lon="5.9631644"><ele>277.6</ele><time>2025-06-15T09:06:28Z</time></trkpt>
    <trkpt lat="50.4422482" lon="5.9632559"><ele>277.9</ele><time>2025-06-15T09:06:30Z</time></trkpt>
    <trkpt lat="50.4423165" lon="5.9633746"><ele>277.8</ele><time>2025-06-15T09:06:31Z</time></trkpt>
    <trkpt lat="50.4423426" lon="5.9635242"><ele>277.3</ele><time>2025-06-15T09:06:32Z</time></trkpt>
    <trkpt lat="50.4423886" lon="5.9636658"><ele>277.6</ele><time>2025-06-15T09:06:34Z</time></trkpt>
    <trkpt lat="50.4424555" lon="5.9637672"><ele>278.7</ele><time>2025-06-15T09:06:35Z</time></trkpt>
    <trkpt lat="50.4425019" lon="5.9639342"><ele>278.2</ele><time>2025-06-15T09:06:37Z</time></trkpt>
    <trkpt lat="50.4425334" lon="5.9640287"><ele>277.9</ele><time>2025-06-15T09:06:38Z</time></trkpt>
    <trkpt lat="50.4425886" lon="5.9641004"><ele>277.8</ele><time>2025-06-15T09:06:40Z</time></trkpt>
    <trkpt lat="50.4426561" lon="5.9642668"><ele>278.4</ele><time>2025-06-15T09:06:41Z</time></trkpt>
    <trkpt lat="50.4426827" lon="5.9644049"><ele>277.9</ele><time>2025-06-15T09:06:42Z</time></trkpt>
    <trkpt lat="50.4426962" lon="5.9644889"><ele>277.9</ele><time>2025-06-15T09:06:44Z</time></trkpt>
    <trkpt lat="50.4427701" lon="5.9646280"><ele>278.4</ele><time>2025-06-15T09:06:45Z</time></trkpt>
    <trkpt lat="50.4427904" lon="5.9647392"><ele>278.2</ele><time>2025-06-15T09:06:47Z</time></trkpt>
    <trkpt lat="50.4428240" lon="5.9648750"><ele>278.3</ele><time>2025-06-15T09:06:48Z</time></trkpt>
    <trkpt lat="50.4428894" lon="5.9649602"><ele>278.2</ele><time>2025-06-15T09:06:50Z</time></trkpt>
    <trkpt lat="50.4429335" lon="5.9650916"><ele>278.3</ele><time>2025-06-15T09:06:51Z</time></trkpt>
    <trkpt lat="50.4429944" lon="5.9652131"><ele>278.6</ele><time>2025-06-15T09:06:52Z</time></trkpt>
    <trkpt lat="50.4430160" lon="5.9653676"><ele>278.3</ele><time>2025-06-15T09:06:54Z</time></trkpt>
    <trkpt lat="50.4430766" lon="5.9654712"><ele>278.7</ele><time>2025-06-15T09:06:55Z</time></trkpt>
    <trkpt lat="50.4431203" lon="5.9655889"><ele>278.7</ele><time>2025-06-15T09:06:57Z</time></trkpt>
    <trkpt lat="50.4431745" lon="5.9657151"><ele>278.4</ele><time>2025-06-15T09:06:58Z</time></trkpt>
    <trkpt lat="50.4432093" lon="5.9658142"><ele>278.5</ele><time>2025-06-15T09:07:00Z</time></trkpt>
    <trkpt lat="50.4432804" lon="5.9659571"><ele>278.3</ele><time>2025-06-15T09:07:01Z</time></trkpt>
    <trkpt lat="50.4432975" lon="5.9660569"><ele>278.4</ele><time>2025-06-15T09:07:02Z</time></trkpt>
    <trkpt lat="50.4433785" lon="5.9662205"><ele>278.6</ele><time>2025-06-15T09:07:04Z</time></trkpt>
    <trkpt lat="50.4433798" lon="5.9663489"><ele>278.2</ele><time>2025-06-15T09:07:05Z</time></trkpt>
    <trkpt lat="50.4434317" lon="5.9664388"><ele>278.4</ele><time>2025-06-15T09:07:07Z</time></trkpt>
    <trkpt lat="50.4434706" lon="5.9665754"><ele>278.2</ele><time>2025-06-15T09:07:08Z</time></trkpt>
    <trkpt lat="50.4435346" lon="5.9666811"><ele>278.2</ele><time>2025-06-15T09:07:10Z</time></trkpt>
    <trkpt lat="50.4435910" lon="5.9668359"><ele>278.3</ele><time>2025-06-15T09:07:11Z</time></trkpt>
    <trkpt lat="50.4436252" lon="5.9669603"><ele>277.7</ele><time>2025-06-15T09:07:12Z</time></trkpt>
    <trkpt lat="50.4436676" lon="5.9670813"><ele>278.4</ele><time>2025-06-15T09:07:14Z</time></trkpt>
    <trkpt lat="50.4436797" lon="5.9672224"><ele>279.3</ele><time>2025-06-15T09:07:15Z</time></trkpt>
    <trkpt lat="50.4437348" lon="5.9673127"><ele>278.9</ele><time>2025-06-15T09:07:17Z</time></trkpt>
    <trkpt lat="50.4438017" lon="5.9673970"><ele>279.1</ele><time>2025-06-15T09:07:18Z</time></trkpt>
    <trkpt lat="50.4438574" lon="5.9675770"><ele>278.6</ele><time>2025-06-15T09:07:20Z</time></trkpt>
    <trkpt lat="50.4438750" lon="5.9676835"><ele>277.7</ele><time>2025-06-15T09:07:21Z</time></trkpt>
    <trkpt lat="50.4439440" lon="5.9678151"><ele>279.0</ele><time>2025-06-15T09:07:22Z</time></trkpt>
    <trkpt lat="50.4439723" lon="5.9679536"><ele>278.3</ele><time>2025-06-15T09:07:24Z</time></trkpt>
    <trkpt lat="50.4440144" lon="5.9680291"><ele>279.1</ele><time>2025-06-15T09:07:25Z</time></trkpt>
    <trkpt lat="50.4440329" lon="5.9681522"><ele>278.5</ele><time>2025-06-15T09:07:27Z</time></trkpt>
    <trkpt lat="50.4441230" lon="5.9682796"><ele>278.8</ele><time>2025-06-15T09:07:28Z</time></trkpt>
    <trkpt lat="50.4441463" lon="5.9683772"><ele>279.4</ele><time>2025-06-15T09:07:30Z</time></trkpt>
    <trkpt lat="50.4441845" lon="5.9685529"><ele>279.3</ele><time>2025-06-15T09:07:31Z</time></trkpt>
    <trkpt lat="50.4442533" lon="5.9686766"><ele>278.7</ele><time>2025-06-15T09:07:32Z</time></trkpt>
    <trkpt lat="50.4442808" lon="5.9687833"><ele>278.9</ele><time>2025-06-15T09:07:34Z</time></trkpt>
    <trkpt lat="50.4443319" lon="5.9689332"><ele>279.3</ele><time>2025-06-15T09:07:35Z</time></trkpt>
    <trkpt lat="50.4443995" lon="5.9690402"><ele>279.3</ele><time>2025-06-15T09:07:37Z</time></trkpt>
    <trkpt lat="50.4444216" lon="5.9691235"><ele>278.9</ele><time>2025-06-15T09:07:38Z</time></trkpt>
    <trkpt lat="50.4444656" lon="5.9692558"><ele>278.6</ele><time>2025-06-15T09:07:40Z</time></trkpt>
    <trkpt lat="50.4444929" lon="5.9693637"><ele>279.2</ele><time>2025-06-15T09:07:41Z</time></trkpt>
    <trkpt lat="50.4445668" lon="5.9695192"><ele>279.3</ele><time>2025-06-15T09:07:42Z</time></trkpt>
    <trkpt lat="50.4446009" lon="5.9696040"><ele>278.7</ele><time>2025-06-15T09:07:44Z</time></trkpt>
    <trkpt lat="50.4446259" lon="5.9697582"><ele>279.0</ele><time>2025-06-15T09:07:45Z</time></trkpt>
    <trkpt lat="50.4446972" lon="5.9699046"><ele>278.9</ele><time>2025-06-15T09:07:47Z</time></trkpt>
    <trkpt lat="50.4447227" lon="5.9699855"><ele>279.0</ele><time>2025-06-15T09:07:48Z</time></trkpt>
    <trkpt lat="50.4447700" lon="5.9701031"><ele>279.4</ele><time>2025-06-15T09:07:50Z</time></trkpt>
    <trkpt lat="50.4448147" lon="5.9702566"><ele>279.0</ele><time>2025-06-15T09:07:51Z</time></trkpt>
    <trkpt lat="50.4448629" lon="5.9703388"><ele>279.4</ele><time>2025-06-15T09:07:52Z</time></trkpt>
    <trkpt lat="50.4449043" lon="5.9704638"><ele>279.1</ele><time>2025-06-15T09:07:54Z</time></trkpt>
    <trkpt lat="50.4449742" lon="5.9706206"><ele>279.9</ele><time>2025-06-15T09:07:55Z</time></trkpt>
    <trkpt lat="50.4449932" lon="5.9707257"><ele>280.0</ele><time>2025-06-15T09:07:57Z</time></trkpt>
    <trkpt lat="50.4450421" lon="5.9708906"><ele>279.2</ele><time>2025-06-15T09:07:58Z</time></trkpt>
    <trkpt lat="50.4451051" lon="5.9709887"><ele>279.7</ele><time>2025-06-15T09:08:00Z</time></trkpt>
    <trkpt lat="50.4451382" lon="5.9711318"><ele>279.2</ele><time>2025-06-15T09:08:01Z</time></trkpt>
    <trkpt lat="50.4451886" lon="5.9712019"><ele>279.6</ele><time>2025-06-15T09:08:02Z</time></trkpt>
    <trkpt lat="50.4452408" lon="5.9713580"><ele>279.3</ele><time>2025-06-15T09:08:04Z</time></trkpt>
    <trkpt lat="50.4452728" lon="5.9714691"><ele>280.2</ele><time>2025-06-15T09:08:05Z</time></trkpt>
    <trkpt lat="50.4453123" lon="5.9715997"><ele>279.8</ele><time>2025-06-15T09:08:07Z</time></trkpt>
    <trkpt lat="50.4453714" lon="5.9716699"><ele>279.6</ele><time>2025-06-15T09:08:08Z</time></trkpt>
    <trkpt lat="50.4453938" lon="5.9718290"><ele>279.3</ele><time>2025-06-15T09:08:10Z</time></trkpt>
    <trkpt lat="50.4454519" lon="5.9719296"><ele>279.9</ele><time>2025-06-15T09:08:11Z</time></trkpt>
    <trkpt lat="50.4454727" lon="5.9720459"><ele>279.4</ele><time>2025-06-15T09:08:12Z</time></trkpt>
    <trkpt lat="50.4455564" lon="5.9722016"><ele>279.1</ele><time>2025-06-15T09:08:14Z</time></trkpt>
    <trkpt lat="50.4455911" lon="5.9723209"><ele>280.0</ele><time>2025-06-15T09:08:15Z</time></trkpt>
    <trkpt lat="50.4456515" lon="5.9724329"><ele>279.4</ele><time>2025-06-15T09:08:17Z</time></trkpt>
    <trkpt lat="50.4456943" lon="5.9725969"><ele>279.2</ele><time>2025-06-15T09:08:18Z</time></trkpt>
    <trkpt lat="50.4457382" lon="5.9726401"><ele>279.1</ele><time>2025-06-15T09:08:20Z</time></trkpt>
    <trkpt lat="50.4457758" lon="5.9727784"><ele>279.7</ele><time>2025-06-15T09:08:21Z</time></trkpt>
    <trkpt lat="50.4457850" lon="5.9729201"><ele>279.4</ele><time>2025-06-15T09:08:22Z</time></trkpt>
    <trkpt lat="50.4458871" lon="5.9730497"><ele>279.9</ele><time>2025-06-15T09:08:24Z</time></trkpt>
    <trkpt lat="50.4459056" lon="5.9731615"><ele>280.2</ele><time>2025-06-15T09:08:25Z</time></trkpt>
    <trkpt lat="50.4459368" lon="5.9732962"><ele>279.0</ele><time>2025-06-15T09:08:27Z</time></trkpt>
    <trkpt lat="50.4459884" lon="5.9733997"><ele>280.5</ele><time>2025-06-15T09:08:28Z</time></trkpt>
    <trkpt lat="50.4460488" lon="5.9735085"><ele>279.0</ele><time>2025-06-15T09:08:30Z</time></trkpt>
    <trkpt lat="50.4460659" lon="5.9736650"><ele>279.8</ele><time>2025-06-15T09:08:31Z</time></trkpt>
    <trkpt lat="50.4461297" lon="5.9737661"><ele>279.8</ele><time>2025-06-15T09:08:32Z</time></trkpt>
    <trkpt lat="50.4461812" lon="5.9738681"><ele>279.5</ele><time>2025-06-15T09:08:34Z</time></trkpt>
    <trkpt lat="50.4462065" lon="5.9740133"><ele>279.8</ele><time>2025-06-15T09:08:35Z</time></trkpt>
    <trkpt lat="50.4462603" lon="5.9741338"><ele>279.5</ele><time>2025-06-15T09:08:37Z</time></trkpt>
    <trkpt lat="50.4463054" lon="5.9742839"><ele>279.9</ele><time>2025-06-15T09:08:38Z</time></trkpt>
    <trkpt lat="50.4463608" lon="5.9743336"><ele>279.2</ele><time>2025-06-15T09:08:40Z</time></trkpt>
    <trkpt lat="50.4463698" lon="5.9744976"><ele>280.6</ele><time>2025-06-15T09:08:41Z</time></trkpt>
    <trkpt lat="50.4464389" lon="5.9745863"><ele>279.4</ele><time>2025-06-15T09:08:42Z</time></trkpt>
    <trkpt lat="50.4464635" lon="5.9747188"><ele>280.5</ele><time>2025-06-15T09:08:44Z</time></trkpt>
    <trkpt lat="50.4465304" lon="5.9749133"><ele>280.2</ele><time>2025-06-15T09:08:45Z</time></trkpt>
    <trkpt lat="50.4465624" lon="5.9749792"><ele>280.6</ele><time>2025-06-15T09:08:47Z</time></trkpt>
    <trkpt lat="50.4466063" lon="5.9751252"><ele>279.9</ele><time>2025-06-15T09:08:48Z</time></trkpt>
    <trkpt lat="50.4466629" lon="5.9752330"><ele>279.9</ele><time>2025-06-15T09:08:50Z</time></trkpt>
    <trkpt lat="50.4467106" lon="5.9753414"><ele>279.7</ele><time>2025-06-15T09:08:51Z</time></trkpt>
    <trkpt lat="50.4467462" lon="5.9754704"><ele>280.5</ele><time>2025-06-15T09:08:52Z</time></trkpt>
    <trkpt lat="50.4467985" lon="5.9755902"><ele>280.0</ele><time>2025-06-15T09:08:54Z</time></trkpt>
    <trkpt lat="50.4468286" lon="5.9757216"><ele>280.3</ele><time>2025-06-15T09:08:55Z</time></trkpt>
    <trkpt lat="50.4468822" lon="5.9758172"><ele>280.1</ele><time>2025-06-15T09:08:57Z</time></trkpt>
    <trkpt lat="50.4469264" lon="5.9759606"><ele>279.9</ele><time>2025-06-15T09:08:58Z</time></trkpt>
    <trkpt lat="50.4469727" lon="5.9760688"><ele>279.5</ele><time>2025-06-15T09:09:00Z</time></trkpt>
    <trkpt lat="50.4470123" lon="5.9761824"><ele>280.0</ele><time>2025-06-15T09:09:01Z</time></trkpt>
    <trkpt lat="50.4470685" lon="5.9763199"><ele>280.3</ele><time>2025-06-15T09:09:02Z</time></trkpt>
    <trkpt lat="50.4470904" lon="5.9764429"><ele>280.0</ele><time>2025-06-15T09:09:04Z</time></trkpt>
    <trkpt lat="50.4471209" lon="5.9766122"><ele>279.9</ele><time>2025-06-15T09:09:05Z</time></trkpt>
    <trkpt lat="50.4471849" lon="5.9766727"><ele>280.3</ele><time>2025-06-15T09:09:07Z</time></trkpt>
    <trkpt lat="50.4472496" lon="5.9768176"><ele>279.4</ele><time>2025-06-15T09:09:08Z</time></trkpt>
    <trkpt lat="50.4472798" lon="5.9769296"><ele>280.6</ele><time>2025-06-15T09:09:10Z</time></trkpt>
    <trkpt lat="50.4473127" lon="5.9770614"><ele>279.8</ele><time>2025-06-15T09:09:11Z</time></trkpt>
    <trkpt lat="50.4473742" lon="5.9772157"><ele>279.9</ele><time>2025-06-15T09:09:12Z</time></trkpt>
    <trkpt lat="50.4474361" lon="5.9773050"><ele>280.2</ele><time>2025-06-15T09:09:14Z</time></trkpt>
    <trkpt lat="50.4474696" lon="5.9774151"><ele>280.2</ele><time>2025-06-15T09:09:15Z</time></trkpt>
    <trkpt lat="50.4475149" lon="5.9775285"><ele>280.1</ele><time>2025-06-15T09:09:17Z</time></trkpt>
    <trkpt lat="50.4475511" lon="5.9776672"><ele>280.6</ele><time>2025-06-15T09:09:18Z</time></trkpt>
    <trkpt lat="50.4476054" lon="5.9777977"><ele>278.8</ele><time>2025-06-15T09:09:20Z</time></trkpt>
    <trkpt lat="50.4476667" lon="5.9779395"><ele>280.0</ele><time>2025-06-15T09:09:21Z</time></trkpt>
    <trkpt lat="50.4476879" lon="5.9780388"><ele>280.8</ele><time>2025-06-15T09:09:22Z</time></trkpt>
    <trkpt lat="50.4477745" lon="5.9781793"><ele>280.9</ele><time>2025-06-15T09:09:24Z</time></trkpt>
    <trkpt lat="50.4477977" lon="5.9782440"><ele>279.1</ele><time>2025-06-15T09:09:25Z</time></trkpt>
    <trkpt lat="50.4478344" lon="5.9784121"><ele>279.8</ele><time>2025-06-15T09:09:27Z</time></trkpt>
    <trkpt lat="50.4478808" lon="5.9785402"><ele>279.8</ele><time>2025-06-15T09:09:28Z</time></trkpt>
    <trkpt lat="50.4479363" lon="5.9786431"><ele>280.2</ele><time>2025-06-15T09:09:30Z</time></trkpt>
    <trkpt lat="50.4479731" lon="5.9787885"><ele>279.8</ele><time>2025-06-15T09:09:31Z</time></trkpt>
    <trkpt lat="50.4480169" lon="5.9788823"><ele>279.7</ele><time>2025-06-15T09:09:32Z</time></trkpt>
    <trkpt lat="50.4480694" lon="5.9790011"><ele>280.1</ele><time>2025-06-15T09:09:34Z</time></trkpt>
    <trkpt lat="50.4481063" lon="5.9791319"><ele>279.8</ele><time>2025-06-15T09:09:35Z</time></trkpt>
    <trkpt lat="50.4481458" lon="5.9792857"><ele>280.0</ele><time>2025-06-15T09:09:37Z</time></trkpt>
    <trkpt lat="50.4481840" lon="5.9793558"><ele>279.4</ele><time>2025-06-15T09:09:38Z</time></trkpt>
    <trkpt lat="50.4482457" lon="5.9795117"><ele>280.2</ele><time>2025-06-15T09:09:40Z</time></trkpt>
    <trkpt lat="50.4482838" lon="5.9796172"><ele>280.1</ele><time>2025-06-15T09:09:41Z</time></trkpt>
    <trkpt lat="50.4483054" lon="5.9797387"><ele>280.7</ele><time>2025-06-15T09:09:42Z</time></trkpt>
    <trkpt lat="50.4483853" lon="5.9798789"><ele>280.3</ele><time>2025-06-15T09:09:44Z</time></trkpt>
    <trkpt lat="50.4484174" lon="5.9799751"><ele>279.7</ele><time>2025-06-15T09:09:45Z</time></trkpt>
    <trkpt lat="50.4484653" lon="5.9801351"><ele>279.6</ele><time>2025-06-15T09:09:47Z</time></trkpt>
    <trkpt lat="50.4485448" lon="5.9802414"><ele>279.9</ele><time>2025-06-15T09:09:48Z</time></trkpt>
    <trkpt lat="50.4485809" lon="5.9803669"><ele>279.6</ele><time>2025-06-15T09:09:50Z</time></trkpt>
    <trkpt lat="50.4486140" lon="5.9804848"><ele>280.2</ele><time>2025-06-15T09:09:51Z</time></trkpt>
    <trkpt lat="50.4486421" lon="5.9805877"><ele>280.0</ele><time>2025-06-15T09:09:52Z</time></trkpt>
    <trkpt lat="50.4487011" lon="5.9807428"><ele>279.1</ele><time>2025-06-15T09:09:54Z</time></trkpt>
    <trkpt lat="50.4487225" lon="5.9808459"><ele>280.0</ele><time>2025-06-15T09:09:55Z</time></trkpt>
    <trkpt lat="50.4487821" lon="5.9809579"><ele>279.3</ele><time>2025-06-15T09:09:57Z</time></trkpt>
    <trkpt lat="50.4488295" lon="5.9810930"><ele>280.4</ele><time>2025-06-15T09:09:58Z</time></trkpt>
    <trkpt lat="50.4488669" lon="5.9812435"><ele>279.6</ele><time>2025-06-15T09:10:00Z</time></trkpt>
    <trkpt lat="50.4489171" lon="5.9813606"><ele>280.0</ele><time>2025-06-15T09:10:01Z</time></trkpt>
    <trkpt lat="50.4489373" lon="5.9814668"><ele>279.5</ele><time>2025-06-15T09:10:02Z</time></trkpt>
    <trkpt lat="50.4489868" lon="5.9815577"><ele>280.5</ele><time>2025-06-15T09:10:04Z</time></trkpt>
    <trkpt lat="50.4490445" lon="5.9816596"><ele>279.8</ele><time>2025-06-15T09:10:05Z</time></trkpt>
    <trkpt lat="50.4490967" lon="5.9818019"><ele>279.5</ele><time>2025-06-15T09:10:07Z</time></trkpt>
    <trkpt lat="50.4491193" lon="5.9819125"><ele>280.4</ele><time>2025-06-15T09:10:08Z</time></trkpt>
    <trkpt lat="50.4491840" lon="5.9820562"><ele>280.0</ele><time>2025-06-15T09:10:10Z</time></trkpt>
    <trkpt lat="50.4492163" lon="5.9821955"><ele>280.1</ele><time>2025-06-15T09:10:11Z</time></trkpt>
    <trkpt lat="50.4492521" lon="5.9823308"><ele>280.1</ele><time>2025-06-15T09:10:12Z</time></trkpt>
    <trkpt lat="50.4493308" lon="5.9824415"><ele>280.0</ele><time>2025-06-15T09:10:14Z</time></trkpt>
    <trkpt lat="50.4493508" lon="5.9825491"><ele>280.0</ele><time>2025-06-15T09:10:15Z</time></trkpt>
    <trkpt lat="50.4494115" lon="5.9826827"><ele>279.6</ele><time>2025-06-15T09:10:17Z</time></trkpt>
    <trkpt lat="50.4494633" lon="5.9828212"><ele>280.2</ele><time>2025-06-15T09:10:18Z</time></trkpt>
    <trkpt lat="50.4495039" lon="5.9829061"><ele>280.1</ele><time>2025-06-15T09:10:20Z</time></trkpt>
    <trkpt lat="50.4495308" lon="5.9830126"><ele>279.8</ele><time>2025-06-15T09:10:21Z</time></trkpt>
    <trkpt lat="50.4495844" lon="5.9831321"><ele>279.7</ele><time>2025-06-15T09:10:22Z</time></trkpt>
    <trkpt lat="50.4496384" lon="5.9832536"><ele>279.7</ele><time>2025-06-15T09:10:24Z</time></trkpt>
    <trkpt lat="50.4496749" lon="5.9834331"><ele>279.5</ele><time>2025-06-15T09:10:25Z</time></trkpt>
    <trkpt lat="50.4497260" lon="5.9835277"><ele>278.9</ele><time>2025-06-15T09:10:27Z</time></trkpt>
    <trkpt lat="50.4497751" lon="5.9836443"><ele>279.9</ele><time>2025-06-15T09:10:28Z</time></trkpt>
    <trkpt lat="50.4497954" lon="5.9837805"><ele>279.6</ele><time>2025-06-15T09:10:30Z</time></trkpt>
    <trkpt lat="50.4498552" lon="5.9839041"><ele>279.7</ele><time>2025-06-15T09:10:31Z</time></trkpt>
    <trkpt lat="50.4499260" lon="5.9840562"><ele>279.4</ele><time>2025-06-15T09:10:32Z</time></trkpt>
    <trkpt lat="50.4499452" lon="5.9841185"><ele>280.1</ele><time>2025-06-15T09:10:34Z</time></trkpt>
    <trkpt lat="50.4499769" lon="5.9842388"><ele>279.1</ele><time>2025-06-15T09:10:35Z</time></trkpt>
    <trkpt lat="50.4500282" lon="5.9844063"><ele>279.5</ele><time>2025-06-15T09:10:37Z</time></trkpt>
    <trkpt lat="50.4500881" lon="5.9845388"><ele>279.4</ele><time>2025-06-15T09:10:38Z</time></trkpt>
    <trkpt lat="50.4501394" lon="5.9845996"><ele>279.6</ele><time>2025-06-15T09:10:40Z</time></trkpt>
    <trkpt lat="50.4501727" lon="5.9847419"><ele>279.2</ele><time>2025-06-15T09:10:41Z</time></trkpt>
    <trkpt lat="50.4502171" lon="5.9848751"><ele>279.1</ele><time>2025-06-15T09:10:42Z</time></trkpt>
    <trkpt lat="50.4502664" lon="5.9849999"><ele>280.0</ele><time>2025-06-15T09:10:44Z</time></trkpt>
    <trkpt lat="50.4503285" lon="5.9851390"><ele>279.8</ele><time>2025-06-15T09:10:45Z</time></trkpt>
    <trkpt lat="50.4503451" lon="5.9852469"><ele>279.4</ele><time>2025-06-15T09:10:47Z</time></trkpt>
    <trkpt lat="50.4503752" lon="5.9853565"><ele>279.5</ele><time>2025-06-15T09:10:48Z</time></trkpt>
    <trkpt lat="50.4504134" lon="5.9854847"><ele>279.6</ele><time>2025-06-15T09:10:50Z</time></trkpt>
    <trkpt lat="50.4504463" lon="5.9856734"><ele>279.2</ele><time>2025-06-15T09:10:51Z</time></trkpt>
    <trkpt lat="50.4504579" lon="5.9857568"><ele>279.6</ele><time>2025-06-15T09:10:52Z</time></trkpt>
    <trkpt lat="50.4504999" lon="5.9858941"><ele>278.9</ele><time>2025-06-15T09:10:54Z</time></trkpt>
    <trkpt lat="50.4505542" lon="5.9860708"><ele>279.5</ele><time>2025-06-15T09:10:55Z</time></trkpt>
    <trkpt lat="50.4505454" lon="5.9861688"><ele>278.4</ele><time>2025-06-15T09:10:57Z</time></trkpt>
    <trkpt lat="50.4505738" lon="5.9862973"><ele>279.9</ele><time>2025-06-15T09:10:58Z</time></trkpt>
    <trkpt lat="50.4505829" lon="5.9864450"><ele>279.8</ele><time>2025-06-15T09:11:00Z</time></trkpt>
    <trkpt lat="50.4506181" lon="5.9866030"><ele>279.4</ele><time>2025-06-15T09:11:01Z</time></trkpt>
    <trkpt lat="50.4506336" lon="5.9867431"><ele>278.9</ele><time>2025-06-15T09:11:02Z</time></trkpt>
    <trkpt lat="50.4506619" lon="5.9868731"><ele>279.4</ele><time>2025-06-15T09:11:04Z</time></trkpt>
    <trkpt lat="50.4506526" lon="5.9869869"><ele>279.1</ele><time>2025-06-15T09:11:05Z</time></trkpt>
    <trkpt lat="50.4506708" lon="5.9871387"><ele>279.9</ele><time>2025-06-15T09:11:07Z</time></trkpt>
    <trkpt lat="50.4506784" lon="5.9872579"><ele>278.7</ele><time>2025-06-15T09:11:08Z</time></trkpt>
    <trkpt lat="50.4507121" lon="5.9874390"><ele>279.2</ele><time>2025-06-15T09:11:10Z</time></trkpt>
    <trkpt lat="50.4506774" lon="5.9876031"><ele>279.2</ele><time>2025-06-15T09:11:11Z</time></trkpt>
    <trkpt lat="50.4506852" lon="5.9877461"><ele>278.7</ele><time>2025-06-15T09:11:13Z</time></trkpt>
    <trkpt lat="50.4507097" lon="5.9878261"><ele>279.0</ele><time>2025-06-15T09:11:14Z</time></trkpt>
    <trkpt lat="50.4506925" lon="5.9880275"><ele>279.0</ele><time>2025-06-15T09:11:15Z</time></trkpt>
    <trkpt lat="50.4506928" lon="5.9881567"><ele>279.4</ele><time>2025-06-15T09:11:17Z</time></trkpt>
    <trkpt lat="50.4506821" lon="5.9882682"><ele>278.9</ele><time>2025-06-15T09:11:18Z</time></trkpt>
    <trkpt lat="50.4506871" lon="5.9884105"><ele>279.2</ele><time>2025-06-15T09:11:20Z</time></trkpt>
    <trkpt lat="50.4506884" lon="5.9885695"><ele>279.6</ele><time>2025-06-15T09:11:21Z</time></trkpt>
    <trkpt lat="50.4506819" lon="5.9886748"><ele>278.8</ele><time>2025-06-15T09:11:23Z</time></trkpt>
    <trkpt lat="50.4506977" lon="5.9888641"><ele>279.0</ele><time>2025-06-15T09:11:24Z</time></trkpt>
    <trkpt lat="50.4506884" lon="5.9890156"><ele>278.5</ele><time>2025-06-15T09:11:25Z</time></trkpt>
    <trkpt lat="50.4507101" lon="5.9891504"><ele>278.4</ele><time>2025-06-15T09:11:27Z</time></trkpt>
    <trkpt lat="50.4506879" lon="5.9892536"><ele>278.9</ele><time>2025-06-15T09:11:28Z</time></trkpt>
    <trkpt lat="50.4506991" lon="5.9894092"><ele>278.1</ele><time>2025-06-15T09:11:30Z</time></trkpt>
    <trkpt lat="50.4506684" lon="5.9895369"><ele>279.0</ele><time>2025-06-15T09:11:31Z</time></trkpt>
    <trkpt lat="50.4506923" lon="5.9897096"><ele>278.7</ele><time>2025-06-15T09:11:33Z</time></trkpt>
    <trkpt lat="50.4506877" lon="5.9898271"><ele>278.3</ele><time>2025-06-15T09:11:34Z</time></trkpt>
    <trkpt lat="50.4506973" lon="5.9899800"><ele>278.3</ele><time>2025-06-15T09:11:35Z</time></trkpt>
    <trkpt lat="50.4507083" lon="5.9901194"><ele>279.2</ele><time>2025-06-15T09:11:37Z</time></trkpt>
    <trkpt lat="50.4507253" lon="5.9902999"><ele>278.0</ele><time>2025-06-15T09:11:38Z</time></trkpt>
    <trkpt lat="50.4506828" lon="5.9903823"><ele>278.7</ele><time>2025-06-15T09:11:40Z</time></trkpt>
    <trkpt lat="50.4506689" lon="5.9905648"><ele>278.7</ele><time>2025-06-15T09:11:41Z</time></trkpt>
    <trkpt lat="50.4507053" lon="5.9906807"><ele>278.6</ele><time>2025-06-15T09:11:43Z</time></trkpt>
    <trkpt lat="50.4506921" lon="5.9908008"><ele>278.2</ele><time>2025-06-15T09:11:44Z</time></trkpt>
    <trkpt lat="50.4506849" lon="5.9909522"><ele>278.4</ele><time>2025-06-15T09:11:45Z</time></trkpt>
    <trkpt lat="50.4506936" lon="5.9911043"><ele>278.8</ele><time>2025-06-15T09:11:47Z</time></trkpt>
    <trkpt lat="50.4506652" lon="5.9912516"><ele>278.6</ele><time>2025-06-15T09:11:48Z</time></trkpt>
    <trkpt lat="50.4507012" lon="5.9913695"><ele>278.1</ele><time>2025-06-15T09:11:50Z</time></trkpt>
    <trkpt lat="50.4506693" lon="5.9915015"><ele>278.2</ele><time>2025-06-15T09:11:51Z</time></trkpt>
    <trkpt lat="50.4506765" lon="5.9916763"><ele>278.4</ele><time>2025-06-15T09:11:53Z</time></trkpt>
    <trkpt lat="50.4506610" lon="5.9917945"><ele>278.1</ele><time>2025-06-15T09:11:54Z</time></trkpt>
    <trkpt lat="50.4506945" lon="5.9919353"><ele>277.5</ele><time>2025-06-15T09:11:55Z</time></trkpt>
    <trkpt lat="50.4506868" lon="5.9920953"><ele>278.5</ele><time>2025-06-15T09:11:57Z</time></trkpt>
    <trkpt lat="50.4506791" lon="5.9922139"><ele>278.0</ele><time>2025-06-15T09:11:58Z</time></trkpt>
    <trkpt lat="50.4507016" lon="5.9923631"><ele>277.8</ele><time>2025-06-15T09:12:00Z</time></trkpt>
    <trkpt lat="50.4506740" lon="5.9924978"><ele>277.9</ele><time>2025-06-15T09:12:01Z</time></trkpt>
    <trkpt lat="50.4507064" lon="5.9926508"><ele>277.9</ele><time>2025-06-15T09:12:03Z</time></trkpt>
    <trkpt lat="50.4506880" lon="5.9927909"><ele>278.4</ele><time>2025-06-15T09:12:04Z</time></trkpt>
    <trkpt lat="50.4506838" lon="5.9929206"><ele>278.0</ele><time>2025-06-15T09:12:05Z</time></trkpt>
    <trkpt lat="50.4506902" lon="5.9930618"><ele>277.8</ele><time>2025-06-15T09:12:07Z</time></trkpt>
    <trkpt lat="50.4506985" lon="5.9932013"><ele>277.8</ele><time>2025-06-15T09:12:08Z</time></trkpt>
    <trkpt lat="50.4506936" lon="5.9933408"><ele>278.5</ele><time>2025-06-15T09:12:10Z</time></trkpt>
    <trkpt lat="50.4506846" lon="5.9934960"><ele>278.1</ele><time>2025-06-15T09:12:11Z</time></trkpt>
    <trkpt lat="50.4506737" lon="5.9936417"><ele>278.2</ele><time>2025-06-15T09:12:13Z</time></trkpt>
    <trkpt lat="50.4506799" lon="5.9937993"><ele>277.5</ele><time>2025-06-15T09:12:14Z</time></trkpt>
    <trkpt lat="50.4506913" lon="5.9939251"><ele>277.7</ele><time>2025-06-15T09:12:15Z</time></trkpt>
    <trkpt lat="50.4506661" lon="5.9940804"><ele>277.4</ele><time>2025-06-15T09:12:17Z</time></trkpt>
    <trkpt lat="50.4506929" lon="5.9942046"><ele>277.4</ele><time>2025-06-15T09:12:18Z</time></trkpt>
    <trkpt lat="50.4507023" lon="5.9942980"><ele>277.9</ele><time>2025-06-15T09:12:20Z</time></trkpt>
    <trkpt lat="50.4506910" lon="5.9944784"><ele>277.9</ele><time>2025-06-15T09:12:21Z</time></trkpt>
    <trkpt lat="50.4506728" lon="5.9946650"><ele>277.5</ele><time>2025-06-15T09:12:23Z</time></trkpt>
    <trkpt lat="50.4506704" lon="5.9947159"><ele>277.9</ele><time>2025-06-15T09:12:24Z</time></trkpt>
    <trkpt lat="50.4506571" lon="5.9948919"><ele>276.9</ele><time>2025-06-15T09:12:25Z</time></trkpt>
    <trkpt lat="50.4506926" lon="5.9950694"><ele>277.8</ele><time>2025-06-15T09:12:27Z</time></trkpt>
    <trkpt lat="50.4506788" lon="5.9952123"><ele>277.3</ele><time>2025-06-15T09:12:28Z</time></trkpt>
    <trkpt lat="50.4506739" lon="5.9953068"><ele>277.6</ele><time>2025-06-15T09:12:30Z</time></trkpt>
    <trkpt lat="50.4506765" lon="5.9954662"><ele>276.6</ele><time>2025-06-15T09:12:31Z</time></trkpt>
    <trkpt lat="50.4506818" lon="5.9955930"><ele>276.9</ele><time>2025-06-15T09:12:33Z</time></trkpt>
    <trkpt lat="50.4506931" lon="5.9957587"><ele>277.3</ele><time>2025-06-15T09:12:34Z</time></trkpt>
    <trkpt lat="50.4506814" lon="5.9959087"><ele>277.1</ele><time>2025-06-15T09:12:35Z</time></trkpt>
    <trkpt lat="50.4506738" lon="5.9960672"><ele>277.2</ele><time>2025-06-15T09:12:37Z</time></trkpt>
    <trkpt lat="50.4506887" lon="5.9961807"><ele>277.0</ele><time>2025-06-15T09:12:38Z</time></trkpt>
    <trkpt lat="50.4506962" lon="5.9963165"><ele>277.0</ele><time>2025-06-15T09:12:40Z</time></trkpt>
    <trkpt lat="50.4506629" lon="5.9964404"><ele>276.8</ele><time>2025-06-15T09:12:41Z</time></trkpt>
    <trkpt lat="50.4506748" lon="5.9965713"><ele>276.5</ele><time>2025-06-15T09:12:43Z</time></trkpt>
    <trkpt lat="50.4506745" lon="5.9967010"><ele>276.9</ele><time>2025-06-15T09:12:44Z</time></trkpt>
    <trkpt lat="50.4506670" lon="5.9968430"><ele>277.3</ele><time>2025-06-15T09:12:45Z</time></trkpt>
    <trkpt lat="50.4506779" lon="5.9970271"><ele>276.9</ele><time>2025-06-15T09:12:47Z</time></trkpt>
    <trkpt lat="50.4506894" lon="5.9971467"><ele>276.9</ele><time>2025-06-15T09:12:48Z</time></trkpt>
    <trkpt lat="50.4506599" lon="5.9972670"><ele>277.0</ele><time>2025-06-15T09:12:50Z</time></trkpt>
    <trkpt lat="50.4506727" lon="5.9974421"><ele>277.1</ele><time>2025-06-15T09:12:51Z</time></trkpt>
    <trkpt lat="50.4506866" lon="5.9975787"><ele>277.1</ele><time>2025-06-15T09:12:53Z</time></trkpt>
    <trkpt lat="50.4506986" lon="5.9977444"><ele>276.7</ele><time>2025-06-15T09:12:54Z</time></trkpt>
    <trkpt lat="50.4506870" lon="5.9978438"><ele>276.3</ele><time>2025-06-15T09:12:55Z</time></trkpt>
    <trkpt lat="50.4506980" lon="5.9980122"><ele>276.5</ele><time>2025-06-15T09:12:57Z</time></trkpt>
    <trkpt lat="50.4506687" lon="5.9981571"><ele>276.9</ele><time>2025-06-15T09:12:58Z</time></trkpt>
    <trkpt lat="50.4506565" lon="5.9982838"><ele>276.4</ele><time>2025-06-15T09:13:00Z</time></trkpt>
    <trkpt lat="50.4506908" lon="5.9984340"><ele>275.9</ele><time>2025-06-15T09:13:01Z</time></trkpt>
    <trkpt lat="50.4506946" lon="5.9985773"><ele>276.3</ele><time>2025-06-15T09:13:03Z</time></trkpt>
    <trkpt lat="50.4506773" lon="5.9987291"><ele>276.3</ele><time>2025-06-15T09:13:04Z</time></trkpt>
    <trkpt lat="50.4506554" lon="5.9988404"><ele>276.3</ele><time>2025-06-15T09:13:05Z</time></trkpt>
    <trkpt lat="50.4506757" lon="5.9989928"><ele>276.1</ele><time>2025-06-15T09:13:07Z</time></trkpt>
    <trkpt lat="50.4506803" lon="5.9991436"><ele>276.3</ele><time>2025-06-15T09:13:08Z</time></trkpt>
    <trkpt lat="50.4506857" lon="5.9992688"><ele>276.3</ele><time>2025-06-15T09:13:10Z</time></trkpt>
    <trkpt lat="50.4506661" lon="5.9993695"><ele>275.6</ele><time>2025-06-15T09:13:11Z</time></trkpt>
    <trkpt lat="50.4506986" lon="5.9995603"><ele>275.8</ele><time>2025-06-15T09:13:13Z</time></trkpt>
    <trkpt lat="50.4507021" lon="5.9996538"><ele>275.7</ele><time>2025-06-15T09:13:14Z</time></trkpt>
    <trkpt lat="50.4506873" lon="5.9998060"><ele>275.5</ele><time>2025-06-15T09:13:15Z</time></trkpt>
    <trkpt lat="50.4506890" lon="5.9999789"><ele>275.4</ele><time>2025-06-15T09:13:17Z</time></trkpt>
    <trkpt lat="50.4506830" lon="6.0001434"><ele>275.9</ele><time>2025-06-15T09:13:18Z</time></trkpt>
    <trkpt lat="50.4506983" lon="6.0002775"><ele>274.7</ele><time>2025-06-15T09:13:20Z</time></trkpt>
    <trkpt lat="50.4506791" lon="6.0003882"><ele>275.8</ele><time>2025-06-15T09:13:21Z</time></trkpt>
    <trkpt lat="50.4507033" lon="6.0005443"><ele>274.8</ele><time>2025-06-15T09:13:23Z</time></trkpt>
    <trkpt lat="50.4506975" lon="6.0006695"><ele>275.4</ele><time>2025-06-15T09:13:24Z</time></trkpt>
    <trkpt lat="50.4506969" lon="6.0008459"><ele>275.9</ele><time>2025-06-15T09:13:25Z</time></trkpt>
    <trkpt lat="50.4506595" lon="6.0009334"><ele>275.3</ele><time>2025-06-15T09:13:27Z</time></trkpt>
    <trkpt lat="50.4506846" lon="6.0010902"><ele>275.8</ele><time>2025-06-15T09:13:28Z</time></trkpt>
    <trkpt lat="50.4506676" lon="6.0012273"><ele>276.0</ele><time>2025-06-15T09:13:30Z</time></trkpt>
    <trkpt lat="50.4506742" lon="6.0013933"><ele>275.2</ele><time>2025-06-15T09:13:31Z</time></trkpt>
    <trkpt lat="50.4506663" lon="6.0014338"><ele>275.2</ele><time>2025-06-15T09:13:33Z</time></trkpt>
    <trkpt lat="50.4506795" lon="6.0016665"><ele>275.1</ele><time>2025-06-15T09:13:34Z</time></trkpt>
    <trkpt lat="50.4506715" lon="6.0017832"><ele>275.7</ele><time>2025-06-15T09:13:35Z</time></trkpt>
    <trkpt lat="50.4506959" lon="6.0019793"><ele>274.9</ele><time>2025-06-15T09:13:37Z</time></trkpt>
    <trkpt lat="50.4506923" lon="6.0020311"><ele>274.6</ele><time>2025-06-15T09:13:38Z</time></trkpt>
    <trkpt lat="50.4506853" lon="6.0022115"><ele>275.6</ele><time>2025-06-15T09:13:40Z</time></trkpt>
    <trkpt lat="50.4506770" lon="6.0023409"><ele>275.2</ele><time>2025-06-15T09:13:41Z</time></trkpt>
    <trkpt lat="50.4506790" lon="6.0025193"><ele>275.0</ele><time>2025-06-15T09:13:43Z</time></trkpt>
    <trkpt lat="50.4506751" lon="6.0026551"><ele>274.1</ele><time>2025-06-15T09:13:44Z</time></trkpt>
    <trkpt lat="50.4507017" lon="6.0027789"><ele>274.3</ele><time>2025-06-15T09:13:45Z</time></trkpt>
    <trkpt lat="50.4506936" lon="6.0029051"><ele>275.3</ele><time>2025-06-15T09:13:47Z</time></trkpt>
    <trkpt lat="50.4506851" lon="6.0030720"><ele>273.9</ele><time>2025-06-15T09:13:48Z</time></trkpt>
    <trkpt lat="50.4506714" lon="6.0031776"><ele>273.9</ele><time>2025-06-15T09:13:50Z</time></trkpt>
    <trkpt lat="50.4506653" lon="6.0033649"><ele>275.5</ele><time>2025-06-15T09:13:51Z</time></trkpt>
    <trkpt lat="50.4506850" lon="6.0034606"><ele>274.3</ele><time>2025-06-15T09:13:53Z</time></trkpt>
    <trkpt lat="50.4506952" lon="6.0036218"><ele>274.0</ele><time>2025-06-15T09:13:54Z</time></trkpt>
    <trkpt lat="50.4506958" lon="6.0037612"><ele>274.0</ele><time>2025-06-15T09:13:55Z</time></trkpt>
    <trkpt lat="50.4506618" lon="6.0039650"><ele>274.6</ele><time>2025-06-15T09:13:57Z</time></trkpt>
    <trkpt lat="50.4506869" lon="6.0040543"><ele>274.2</ele><time>2025-06-15T09:13:58Z</time></trkpt>
    <trkpt lat="50.4506862" lon="6.0041809"><ele>274.0</ele><time>2025-06-15T09:14:00Z</time></trkpt>
    <trkpt lat="50.4507042" lon="6.0043111"><ele>273.4</ele><time>2025-06-15T09:14:01Z</time></trkpt>
    <trkpt lat="50.4506726" lon="6.0044856"><ele>273.3</ele><time>2025-06-15T09:14:03Z</time></trkpt>
    <trkpt lat="50.4506676" lon="6.0045611"><ele>274.2</ele><time>2025-06-15T09:14:04Z</time></trkpt>
    <trkpt lat="50.4506791" lon="6.0047810"><ele>274.5</ele><time>2025-06-15T09:14:05Z</time></trkpt>
    <trkpt lat="50.4506826" lon="6.0048963"><ele>274.0</ele><time>2025-06-15T09:14:07Z</time></trkpt>
    <trkpt lat="50.4506643" lon="6.0050607"><ele>273.1</ele><time>2025-06-15T09:14:08Z</time></trkpt>
    <trkpt lat="50.4506807" lon="6.0052045"><ele>273.9</ele><time>2025-06-15T09:14:10Z</time></trkpt>
    <trkpt lat="50.4506853" lon="6.0053397"><ele>273.7</ele><time>2025-06-15T09:14:11Z</time></trkpt>
    <trkpt lat="50.4506948" lon="6.0054888"><ele>273.6</ele><time>2025-06-15T09:14:13Z</time></trkpt>
    <trkpt lat="50.4506739" lon="6.0056036"><ele>273.6</ele><time>2025-06-15T09:14:14Z</time></trkpt>
    <trkpt lat="50.4506900" lon="6.0057250"><ele>273.2</ele><time>2025-06-15T09:14:15Z</time></trkpt>
    <trkpt lat="50.4506898" lon="6.0058666"><ele>273.6</ele><time>2025-06-15T09:14:17Z</time></trkpt>
    <trkpt lat="50.4506719" lon="6.0060544"><ele>273.5</ele><time>2025-06-15T09:14:18Z</time></trkpt>
    <trkpt lat="50.4506923" lon="6.0061579"><ele>273.3</ele><time>2025-06-15T09:14:20Z</time></trkpt>
    <trkpt lat="50.4506589" lon="6.0063147"><ele>273.1</ele><time>2025-06-15T09:14:21Z</time></trkpt>
    <trkpt lat="50.4506796" lon="6.0064754"><ele>273.4</ele><time>2025-06-15T09:14:23Z</time></trkpt>
    <trkpt lat="50.4506831" lon="6.0066076"><ele>272.9</ele><time>2025-06-15T09:14:24Z</time></trkpt>
    <trkpt lat="50.4506740" lon="6.0067297"><ele>273.1</ele><time>2025-06-15T09:14:25Z</time></trkpt>
    <trkpt lat="50.4506905" lon="6.0068668"><ele>273.6</ele><time>2025-06-15T09:14:27Z</time></trkpt>
    <trkpt lat="50.4506683" lon="6.0070387"><ele>273.1</ele><time>2025-06-15T09:14:28Z</time></trkpt>
    <trkpt lat="50.4506714" lon="6.0071754"><ele>272.7</ele><time>2025-06-15T09:14:30Z</time></trkpt>
    <trkpt lat="50.4506891" lon="6.0073267"><ele>273.2</ele><time>2025-06-15T09:14:31Z</time></trkpt>
    <trkpt lat="50.4506974" lon="6.0074207"><ele>273.3</ele><time>2025-06-15T09:14:33Z</time></trkpt>
    <trkpt lat="50.4506824" lon="6.0075720"><ele>273.0</ele><time>2025-06-15T09:14:34Z</time></trkpt>
    <trkpt lat="50.4506797" lon="6.0077096"><ele>273.3</ele><time>2025-06-15T09:14:35Z</time></trkpt>
    <trkpt lat="50.4506591" lon="6.0078456"><ele>273.1</ele><time>2025-06-15T09:14:37Z</time></trkpt>
    <trkpt lat="50.4506719" lon="6.0080311"><ele>272.8</ele><time>2025-06-15T09:14:38Z</time></trkpt>
    <trkpt lat="50.4506686" lon="6.0081365"><ele>272.3</ele><time>2025-06-15T09:14:40Z</time></trkpt>
    <trkpt lat="50.4506554" lon="6.0082812"><ele>272.6</ele><time>2025-06-15T09:14:41Z</time></trkpt>
    <trkpt lat="50.4507149" lon="6.0084723"><ele>271.6</ele><time>2025-06-15T09:14:43Z</time></trkpt>
    <trkpt lat="50.4506653" lon="6.0085544"><ele>272.5</ele><time>2025-06-15T09:14:44Z</time></trkpt>
    <trkpt lat="50.4506756" lon="6.0086886"><ele>272.3</ele><time>2025-06-15T09:14:45Z</time></trkpt>
    <trkpt lat="50.4506822" lon="6.0088470"><ele>272.5</ele><time>2025-06-15T09:14:47Z</time></trkpt>
    <trkpt lat="50.4507041" lon="6.0090001"><ele>272.4</ele><time>2025-06-15T09:14:48Z</time></trkpt>
    <trkpt lat="50.4506938" lon="6.0091231"><ele>272.3</ele><time>2025-06-15T09:14:50Z</time></trkpt>
    <trkpt lat="50.4506659" lon="6.0092792"><ele>271.5</ele><time>2025-06-15T09:14:51Z</time></trkpt>
    <trkpt lat="50.4506597" lon="6.0094237"><ele>271.6</ele><time>2025-06-15T09:14:53Z</time></trkpt>
    <trkpt lat="50.4506667" lon="6.0095382"><ele>272.2</ele><time>2025-06-15T09:14:54Z</time></trkpt>
    <trkpt lat="50.4506826" lon="6.0096893"><ele>272.5</ele><time>2025-06-15T09:14:55Z</time></trkpt>
    <trkpt lat="50.4506728" lon="6.0098267"><ele>271.3</ele><time>2025-06-15T09:14:57Z</time></trkpt>
    <trkpt lat="50.4506674" lon="6.0099508"><ele>271.8</ele><time>2025-06-15T09:14:58Z</time></trkpt>
    <trkpt lat="50.4506758" lon="6.0101418"><ele>271.7</ele><time>2025-06-15T09:15:00Z</time></trkpt>
    <trkpt lat="50.4507018" lon="6.0102057"><ele>271.2</ele><time>2025-06-15T09:15:01Z</time></trkpt>
    <trkpt lat="50.4506568" lon="6.0103918"><ele>271.9</ele><time>2025-06-15T09:15:03Z</time></trkpt>
    <trkpt lat="50.4506647" lon="6.0105298"><ele>272.0</ele><time>2025-06-15T09:15:04Z</time></trkpt>
    <trkpt lat="50.4506805" lon="6.0107006"><ele>271.2</ele><time>2025-06-15T09:15:05Z</time></trkpt>
    <trkpt lat="50.4506685" lon="6.0108126"><ele>271.5</ele><time>2025-06-15T09:15:07Z</time></trkpt>
    <trkpt lat="50.4506669" lon="6.0109410"><ele>271.3</ele><time>2025-06-15T09:15:08Z</time></trkpt>
    <trkpt lat="50.4506574" lon="6.0111281"><ele>271.6</ele><time>2025-06-15T09:15:10Z</time></trkpt>
    <trkpt lat="50.4506857" lon="6.0112438"><ele>271.2</ele><time>2025-06-15T09:15:11Z</time></trkpt>
    <trkpt lat="50.4506485" lon="6.0113853"><ele>271.0</ele><time>2025-06-15T09:15:13Z</time></trkpt>
    <trkpt lat="50.4506750" lon="6.0114690"><ele>270.9</ele><time>2025-06-15T09:15:14Z</time></trkpt>
    <trkpt lat="50.4506814" lon="6.0116593"><ele>270.6</ele><time>2025-06-15T09:15:15Z</time></trkpt>
    <trkpt lat="50.4506951" lon="6.0117850"><ele>271.3</ele><time>2025-06-15T09:15:17Z</time></trkpt>
    <trkpt lat="50.4506656" lon="6.0119339"><ele>270.8</ele><time>2025-06-15T09:15:18Z</time></trkpt>
    <trkpt lat="50.4506803" lon="6.0120933"><ele>270.8</ele><time>2025-06-15T09:15:20Z</time></trkpt>
    <trkpt lat="50.4506822" lon="6.0122416"><ele>270.9</ele><time>2025-06-15T09:15:21Z</time></trkpt>
    <trkpt lat="50.4506781" lon="6.0123560"><ele>270.7</ele><time>2025-06-15T09:15:23Z</time></trkpt>
    <trkpt lat="50.4506692" lon="6.0124786"><ele>269.9</ele><time>2025-06-15T09:15:24Z</time></trkpt>
    <trkpt lat="50.4506588" lon="6.0126334"><ele>270.6</ele><time>2025-06-15T09:15:25Z</time></trkpt>
    <trkpt lat="50.4506692" lon="6.0128065"><ele>270.6</ele><time>2025-06-15T09:15:27Z</time></trkpt>
    <trkpt lat="50.4506503" lon="6.0129416"><ele>270.8</ele><time>2025-06-15T09:15:28Z</time></trkpt>
    <trkpt lat="50.4506547" lon="6.0130236"><ele>269.8</ele><time>2025-06-15T09:15:30Z</time></trkpt>
    <trkpt lat="50.4506539" lon="6.0131700"><ele>270.2</ele><time>2025-06-15T09:15:31Z</time></trkpt>
    <trkpt lat="50.4506856" lon="6.0133551"><ele>270.3</ele><time>2025-06-15T09:15:33Z</time></trkpt>
    <trkpt lat="50.4506725" lon="6.0135104"><ele>269.9</ele><time>2025-06-15T09:15:34Z</time></trkpt>
    <trkpt lat="50.4506663" lon="6.0136534"><ele>270.4</ele><time>2025-06-15T09:15:35Z</time></trkpt>
    <trkpt lat="50.4506529" lon="6.0137605"><ele>269.5</ele><time>2025-06-15T09:15:37Z</time></trkpt>
    <trkpt lat="50.4506765" lon="6.0138943"><ele>270.0</ele><time>2025-06-15T09:15:38Z</time></trkpt>
    <trkpt lat="50.4506813" lon="6.0140623"><ele>270.2</ele><time>2025-06-15T09:15:40Z</time></trkpt>
    <trkpt lat="50.4506811" lon="6.0141521"><ele>270.3</ele><time>2025-06-15T09:15:41Z</time></trkpt>
    <trkpt lat="50.4506832" lon="6.0143140"><ele>270.0</ele><time>2025-06-15T09:15:43Z</time></trkpt>
    <trkpt lat="50.4506452" lon="6.0144523"><ele>269.2</ele><time>2025-06-15T09:15:44Z</time></trkpt>
    <trkpt lat="50.4506844" lon="6.0146053"><ele>269.7</ele><time>2025-06-15T09:15:45Z</time></trkpt>
    <trkpt lat="50.4506722" lon="6.0147618"><ele>269.3</ele><time>2025-06-15T09:15:47Z</time></trkpt>
    <trkpt lat="50.4506732" lon="6.0148788"><ele>269.2</ele><time>2025-06-15T09:15:48Z</time></trkpt>
    <trkpt lat="50.4506648" lon="6.0150315"><ele>268.9</ele><time>2025-06-15T09:15:50Z</time></trkpt>
    <trkpt lat="50.4506655" lon="6.0151829"><ele>269.5</ele><time>2025-06-15T09:15:51Z</time></trkpt>
    <trkpt lat="50.4506600" lon="6.0153357"><ele>270.0</ele><time>2025-06-15T09:15:53Z</time></trkpt>
    <trkpt lat="50.4506517" lon="6.0154289"><ele>268.6</ele><time>2025-06-15T09:15:54Z</time></trkpt>
    <trkpt lat="50.4506727" lon="6.0155753"><ele>269.5</ele><time>2025-06-15T09:15:55Z</time></trkpt>
    <trkpt lat="50.4506920" lon="6.0157434"><ele>268.0</ele><time>2025-06-15T09:15:57Z</time></trkpt>
    <trkpt lat="50.4506547" lon="6.0158921"><ele>268.5</ele><time>2025-06-15T09:15:58Z</time></trkpt>
    <trkpt lat="50.4506965" lon="6.0160656"><ele>268.8</ele><time>2025-06-15T09:16:00Z</time></trkpt>
    <trkpt lat="50.4506640" lon="6.0161423"><ele>268.1</ele><time>2025-06-15T09:16:01Z</time></trkpt>
    <trkpt lat="50.4506816" lon="6.0162897"><ele>268.8</ele><time>2025-06-15T09:16:03Z</time></trkpt>
    <trkpt lat="50.4506661" lon="6.0164454"><ele>268.8</ele><time>2025-06-15T09:16:04Z</time></trkpt>
    <trkpt lat="50.4506985" lon="6.0165935"><ele>268.6</ele><time>2025-06-15T09:16:05Z</time></trkpt>
    <trkpt lat="50.4506826" lon="6.0167416"><ele>268.7</ele><time>2025-06-15T09:16:07Z</time></trkpt>
    <trkpt lat="50.4506754" lon="6.0168751"><ele>268.7</ele><time>2025-06-15T09:16:08Z</time></trkpt>
    <trkpt lat="50.4506601" lon="6.0169811"><ele>267.9</ele><time>2025-06-15T09:16:10Z</time></trkpt>
    <trkpt lat="50.4506669" lon="6.0171339"><ele>268.7</ele><time>2025-06-15T09:16:11Z</time></trkpt>
    <trkpt lat="50.4506718" lon="6.0172917"><ele>268.2</ele><time>2025-06-15T09:16:13Z</time></trkpt>
    <trkpt lat="50.4506567" lon="6.0174434"><ele>268.0</ele><time>2025-06-15T09:16:14Z</time></trkpt>
    <trkpt lat="50.4506795" lon="6.0175488"><ele>268.6</ele><time>2025-06-15T09:16:15Z</time></trkpt>
    <trkpt lat="50.4506815" lon="6.0177140"><ele>268.4</ele><time>2025-06-15T09:16:17Z</time></trkpt>
    <trkpt lat="50.4506766" lon="6.0178379"><ele>267.1</ele><time>2025-06-15T09:16:18Z</time></trkpt>
    <trkpt lat="50.4506751" lon="6.0179967"><ele>267.7</ele><time>2025-06-15T09:16:20Z</time></trkpt>
    <trkpt lat="50.4506760" lon="6.0181760"><ele>267.5</ele><time>2025-06-15T09:16:21Z</time></trkpt>
    <trkpt lat="50.4506699" lon="6.0182634"><ele>266.9</ele><time>2025-06-15T09:16:23Z</time></trkpt>
    <trkpt lat="50.4506607" lon="6.0184182"><ele>267.6</ele><time>2025-06-15T09:16:24Z</time></trkpt>
    <trkpt lat="50.4506922" lon="6.0185659"><ele>267.3</ele><time>2025-06-15T09:16:25Z</time></trkpt>
    <trkpt lat="50.4506718" lon="6.0186922"><ele>267.5</ele><time>2025-06-15T09:16:27Z</time></trkpt>
    <trkpt lat="50.4506725" lon="6.0188222"><ele>267.1</ele><time>2025-06-15T09:16:28Z</time></trkpt>
    <trkpt lat="50.4506923" lon="6.0189812"><ele>267.2</ele><time>2025-06-15T09:16:30Z</time></trkpt>
    <trkpt lat="50.4506755" lon="6.0191472"><ele>267.7</ele><time>2025-06-15T09:16:31Z</time></trkpt>
    <trkpt lat="50.4506494" lon="6.0192789"><ele>266.8</ele><time>2025-06-15T09:16:33Z</time></trkpt>
    <trkpt lat="50.4506768" lon="6.0193641"><ele>266.6</ele><time>2025-06-15T09:16:34Z</time></trkpt>
    <trkpt lat="50.4506688" lon="6.0195593"><ele>267.1</ele><time>2025-06-15T09:16:35Z</time></trkpt>
    <trkpt lat="50.4506405" lon="6.0196594"><ele>266.6</ele><time>2025-06-15T09:16:37Z</time></trkpt>
    <trkpt lat="50.4506718" lon="6.0198092"><ele>267.0</ele><time>2025-06-15T09:16:38Z</time></trkpt>
    <trkpt lat="50.4506737" lon="6.0199402"><ele>266.5</ele><time>2025-06-15T09:16:40Z</time></trkpt>
    <trkpt lat="50.4506607" lon="6.0201271"><ele>266.7</ele><time>2025-06-15T09:16:41Z</time></trkpt>
    <trkpt lat="50.4506790" lon="6.0202671"><ele>266.9</ele><time>2025-06-15T09:16:43Z</time></trkpt>
    <trkpt lat="50.4506794" lon="6.0204061"><ele>266.7</ele><time>2025-06-15T09:16:44Z</time></trkpt>
    <trkpt lat="50.4506932" lon="6.0205060"><ele>266.9</ele><time>2025-06-15T09:16:45Z</time></trkpt>
    <trkpt lat="50.4506649" lon="6.0207001"><ele>266.6</ele><time>2025-06-15T09:16:47Z</time></trkpt>
    <trkpt lat="50.4506703" lon="6.0207608"><ele>266.0</ele><time>2025-06-15T09:16:48Z</time></trkpt>
    <trkpt lat="50.4506769" lon="6.0209396"><ele>266.1</ele><time>2025-06-15T09:16:50Z</time></trkpt>
    <trkpt lat="50.4506474" lon="6.0210980"><ele>267.0</ele><time>2025-06-15T09:16:51Z</time></trkpt>
    <trkpt lat="50.4506561" lon="6.0212105"><ele>265.5</ele><time>2025-06-15T09:16:53Z</time></trkpt>
    <trkpt lat="50.4506429" lon="6.0213869"><ele>265.6</ele><time>2025-06-15T09:16:54Z</time></trkpt>
    <trkpt lat="50.4506513" lon="6.0215436"><ele>265.6</ele><time>2025-06-15T09:16:55Z</time></trkpt>
    <trkpt lat="50.4506815" lon="6.0216299"><ele>265.5</ele><time>2025-06-15T09:16:57Z</time></trkpt>
    <trkpt lat="50.4506605" lon="6.0217964"><ele>265.5</ele><time>2025-06-15T09:16:58Z</time></trkpt>
    <trkpt lat="50.4506762" lon="6.0218920"><ele>265.6</ele><time>2025-06-15T09:17:00Z</time></trkpt>
    <trkpt lat="50.4506735" lon="6.0220629"><ele>265.5</ele><time>2025-06-15T09:17:01Z</time></trkpt>
    <trkpt lat="50.4506711" lon="6.0222135"><ele>265.7</ele><time>2025-06-15T09:17:03Z</time></trkpt>
    <trkpt lat="50.4506784" lon="6.0223394"><ele>265.6</ele><time>2025-06-15T09:17:04Z</time></trkpt>
    <trkpt lat="50.4506584" lon="6.0224823"><ele>265.7</ele><time>2025-06-15T09:17:05Z</time></trkpt>
    <trkpt lat="50.4506524" lon="6.0226378"><ele>264.7</ele><time>2025-06-15T09:17:07Z</time></trkpt>
    <trkpt lat="50.4506532" lon="6.0228200"><ele>264.9</ele><time>2025-06-15T09:17:08Z</time></trkpt>
    <trkpt lat="50.4506527" lon="6.0229130"><ele>265.8</ele><time>2025-06-15T09:17:10Z</time></trkpt>
    <trkpt lat="50.4506542" lon="6.0230389"><ele>265.1</ele><time>2025-06-15T09:17:11Z</time></trkpt>
    <trkpt lat="50.4506527" lon="6.0231781"><ele>265.2</ele><time>2025-06-15T09:17:13Z</time></trkpt>
    <trkpt lat="50.4506871" lon="6.0233601"><ele>264.9</ele><time>2025-06-15T09:17:14Z</time></trkpt>
    <trkpt lat="50.4506606" lon="6.0234623"><ele>264.4</ele><time>2025-06-15T09:17:15Z</time></trkpt>
    <trkpt lat="50.4506692" lon="6.0236231"><ele>264.5</ele><time>2025-06-15T09:17:17Z</time></trkpt>
    <trkpt lat="50.4506749" lon="6.0237788"><ele>264.2</ele><time>2025-06-15T09:17:18Z</time></trkpt>
    <trkpt lat="50.4506574" lon="6.0239335"><ele>264.5</ele><time>2025-06-15T09:17:20Z</time></trkpt>
    <trkpt lat="50.4506731" lon="6.0240650"><ele>264.3</ele><time>2025-06-15T09:17:21Z</time></trkpt>
    <trkpt lat="50.4506739" lon="6.0241906"><ele>264.0</ele><time>2025-06-15T09:17:23Z</time></trkpt>
    <trkpt lat="50.4506854" lon="6.0242704"><ele>263.7</ele><time>2025-06-15T09:17:24Z</time></trkpt>
    <trkpt lat="50.4506970" lon="6.0244600"><ele>264.0</ele><time>2025-06-15T09:17:25Z</time></trkpt>
    <trkpt lat="50.4506520" lon="6.0246217"><ele>264.9</ele><time>2025-06-15T09:17:27Z</time></trkpt>
    <trkpt lat="50.4506872" lon="6.0247292"><ele>264.1</ele><time>2025-06-15T09:17:28Z</time></trkpt>
    <trkpt lat="50.4506792" lon="6.0249227"><ele>263.8</ele><time>2025-06-15T09:17:30Z</time></trkpt>
    <trkpt lat="50.4506421" lon="6.0250135"><ele>264.0</ele><time>2025-06-15T09:17:31Z</time></trkpt>
    <trkpt lat="50.4506637" lon="6.0251992"><ele>264.0</ele><time>2025-06-15T09:17:33Z</time></trkpt>
    <trkpt lat="50.4506733" lon="6.0253336"><ele>264.1</ele><time>2025-06-15T09:17:34Z</time></trkpt>
    <trkpt lat="50.4506570" lon="6.0254653"><ele>263.4</ele><time>2025-06-15T09:17:35Z</time></trkpt>
    <trkpt lat="50.4506559" lon="6.0255928"><ele>263.7</ele><time>2025-06-15T09:17:37Z</time></trkpt>
    <trkpt lat="50.4506689" lon="6.0257004"><ele>263.9</ele><time>2025-06-15T09:17:38Z</time></trkpt>
    <trkpt lat="50.4506656" lon="6.0259039"><ele>263.7</ele><time>2025-06-15T09:17:40Z</time></trkpt>
    <trkpt lat="50.4506822" lon="6.0260649"><ele>263.5</ele><time>2025-06-15T09:17:41Z</time></trkpt>
    <trkpt lat="50.4506719" lon="6.0261368"><ele>263.5</ele><time>2025-06-15T09:17:43Z</time></trkpt>
    <trkpt lat="50.4506552" lon="6.0262753"><ele>262.5</ele><time>2025-06-15T09:17:44Z</time></trkpt>
    <trkpt lat="50.4506470" lon="6.0264591"><ele>264.0</ele><time>2025-06-15T09:17:45Z</time></trkpt>
    <trkpt lat="50.4506574" lon="6.0265720"><ele>263.1</ele><time>2025-06-15T09:17:47Z</time></trkpt>
    <trkpt lat="50.4506693" lon="6.0267269"><ele>262.7</ele><time>2025-06-15T09:17:48Z</time></trkpt>
    <trkpt lat="50.4506560" lon="6.0268366"><ele>262.9</ele><time>2025-06-15T09:17:50Z</time></trkpt>
    <trkpt lat="50.4506701" lon="6.0269862"><ele>263.2</ele><time>2025-06-15T09:17:51Z</time></trkpt>
    <trkpt lat="50.4506672" lon="6.0271493"><ele>263.1</ele><time>2025-06-15T09:17:53Z</time></trkpt>
    <trkpt lat="50.4506691" lon="6.0272617"><ele>262.8</ele><time>2025-06-15T09:17:54Z</time></trkpt>
    <trkpt lat="50.4506812" lon="6.0274565"><ele>262.4</ele><time>2025-06-15T09:17:55Z</time></trkpt>
    <trkpt lat="50.4506500" lon="6.0276026"><ele>263.1</ele><time>2025-06-15T09:17:57Z</time></trkpt>
    <trkpt lat="50.4506739" lon="6.0277097"><ele>262.4</ele><time>2025-06-15T09:17:58Z</time></trkpt>
    <trkpt lat="50.4506458" lon="6.0278411"><ele>262.8</ele><time>2025-06-15T09:18:00Z</time></trkpt>
    <trkpt lat="50.4506736" lon="6.0279815"><ele>261.9</ele><time>2025-06-15T09:18:01Z</time></trkpt>
    <trkpt lat="50.4506685" lon="6.0281503"><ele>262.1</ele><time>2025-06-15T09:18:03Z</time></trkpt>
    <trkpt lat="50.4506597" lon="6.0282720"><ele>262.3</ele><time>2025-06-15T09:18:04Z</time></trkpt>
    <trkpt lat="50.4506461" lon="6.0284441"><ele>261.2</ele><time>2025-06-15T09:18:05Z</time></trkpt>
    <trkpt lat="50.4506465" lon="6.0285375"><ele>262.3</ele><time>2025-06-15T09:18:07Z</time></trkpt>
    <trkpt lat="50.4506295" lon="6.0286660"><ele>261.8</ele><time>2025-06-15T09:18:08Z</time></trkpt>
    <trkpt lat="50.4506386" lon="6.0288139"><ele>261.6</ele><time>2025-06-15T09:18:10Z</time></trkpt>
    <trkpt lat="50.4506522" lon="6.0289745"><ele>262.2</ele><time>2025-06-15T09:18:11Z</time></trkpt>
    <trkpt lat="50.4506752" lon="6.0291037"><ele>260.7</ele><time>2025-06-15T09:18:13Z</time></trkpt>
    <trkpt lat="50.4506548" lon="6.0292587"><ele>261.4</ele><time>2025-06-15T09:18:14Z</time></trkpt>
    <trkpt lat="50.4506631" lon="6.0293964"><ele>261.6</ele><time>2025-06-15T09:18:15Z</time></trkpt>
    <trkpt lat="50.4506678" lon="6.0295345"><ele>261.2</ele><time>2025-06-15T09:18:17Z</time></trkpt>
    <trkpt lat="50.4506566" lon="6.0296219"><ele>260.5</ele><time>2025-06-15T09:18:18Z</time></trkpt>
    <trkpt lat="50.4506498" lon="6.0297992"><ele>261.1</ele><time>2025-06-15T09:18:20Z</time></trkpt>
    <trkpt lat="50.4506614" lon="6.0299584"><ele>260.9</ele><time>2025-06-15T09:18:21Z</time></trkpt>
    <trkpt lat="50.4506544" lon="6.0301100"><ele>260.5</ele><time>2025-06-15T09:18:23Z</time></trkpt>
    <trkpt lat="50.4506473" lon="6.0302440"><ele>261.1</ele><time>2025-06-15T09:18:24Z</time></trkpt>
    <trkpt lat="50.4506605" lon="6.0304174"><ele>261.2</ele><time>2025-06-15T09:18:25Z</time></trkpt>
    <trkpt lat="50.4506600" lon="6.0305461"><ele>260.5</ele><time>2025-06-15T09:18:27Z</time></trkpt>
    <trkpt lat="50.4506716" lon="6.0306807"><ele>260.4</ele><time>2025-06-15T09:18:28Z</time></trkpt>
    <trkpt lat="50.4506574" lon="6.0308161"><ele>260.5</ele><time>2025-06-15T09:18:30Z</time></trkpt>
    <trkpt lat="50.4506474" lon="6.0309069"><ele>260.8</ele><time>2025-06-15T09:18:31Z</time></trkpt>
    <trkpt lat="50.4506657" lon="6.0310512"><ele>260.8</ele><time>2025-06-15T09:18:33Z</time></trkpt>
    <trkpt lat="50.4506945" lon="6.0311952"><ele>260.7</ele><time>2025-06-15T09:18:34Z</time></trkpt>
    <trkpt lat="50.4506628" lon="6.0313430"><ele>261.0</ele><time>2025-06-15T09:18:35Z</time></trkpt>
    <trkpt lat="50.4506444" lon="6.0315543"><ele>260.5</ele><time>2025-06-15T09:18:37Z</time></trkpt>
    <trkpt lat="50.4506807" lon="6.0316373"><ele>260.1</ele><time>2025-06-15T09:18:38Z</time></trkpt>
    <trkpt lat="50.4506524" lon="6.0317907"><ele>260.9</ele><time>2025-06-15T09:18:40Z</time></trkpt>
    <trkpt lat="50.4506509" lon="6.0319094"><ele>259.5</ele><time>2025-06-15T09:18:41Z</time></trkpt>
    <trkpt lat="50.4506545" lon="6.0320509"><ele>260.2</ele><time>2025-06-15T09:18:43Z</time></trkpt>
    <trkpt lat="50.4506540" lon="6.0321780"><ele>259.4</ele><time>2025-06-15T09:18:44Z</time></trkpt>
    <trkpt lat="50.4506457" lon="6.0323589"><ele>259.9</ele><time>2025-06-15T09:18:45Z</time></trkpt>
    <trkpt lat="50.4506712" lon="6.0324582"><ele>259.5</ele><time>2025-06-15T09:18:47Z</time></trkpt>
    <trkpt lat="50.4506561" lon="6.0326459"><ele>259.1</ele><time>2025-06-15T09:18:48Z</time></trkpt>
    <trkpt lat="50.4506778" lon="6.0327698"><ele>259.4</ele><time>2025-06-15T09:18:50Z</time></trkpt>
    <trkpt lat="50.4506661" lon="6.0329078"><ele>259.1</ele><time>2025-06-15T09:18:51Z</time></trkpt>
    <trkpt lat="50.4506519" lon="6.0330557"><ele>259.7</ele><time>2025-06-15T09:18:53Z</time></trkpt>
    <trkpt lat="50.4506444" lon="6.0331718"><ele>259.5</ele><time>2025-06-15T09:18:54Z</time></trkpt>
    <trkpt lat="50.4506572" lon="6.0333420"><ele>258.8</ele><time>2025-06-15T09:18:55Z</time></trkpt>
    <trkpt lat="50.4506506" lon="6.0334818"><ele>259.6</ele><time>2025-06-15T09:18:57Z</time></trkpt>
    <trkpt lat="50.4506360" lon="6.0335923"><ele>258.4</ele><time>2025-06-15T09:18:58Z</time></trkpt>
    <trkpt lat="50.4506735" lon="6.0337721"><ele>259.2</ele><time>2025-06-15T09:19:00Z</time></trkpt>
    <trkpt lat="50.4506578" lon="6.0338981"><ele>259.6</ele><time>2025-06-15T09:19:01Z</time></trkpt>
    <trkpt lat="50.4506799" lon="6.0340388"><ele>259.0</ele><time>2025-06-15T09:19:03Z</time></trkpt>
    <trkpt lat="50.4506492" lon="6.0341806"><ele>258.5</ele><time>2025-06-15T09:19:04Z</time></trkpt>
    <trkpt lat="50.4506376" lon="6.0343210"><ele>258.6</ele><time>2025-06-15T09:19:05Z</time></trkpt>
    <trkpt lat="50.4506519" lon="6.0344598"><ele>258.7</ele><time>2025-06-15T09:19:07Z</time></trkpt>
    <trkpt lat="50.4506617" lon="6.0345863"><ele>258.6</ele><time>2025-06-15T09:19:08Z</time></trkpt>
    <trkpt lat="50.4506667" lon="6.0347602"><ele>258.3</ele><time>2025-06-15T09:19:10Z</time></trkpt>
    <trkpt lat="50.4506513" lon="6.0348894"><ele>258.1</ele><time>2025-06-15T09:19:11Z</time></trkpt>
    <trkpt lat="50.4506502" lon="6.0350081"><ele>258.4</ele><time>2025-06-15T09:19:13Z</time></trkpt>
    <trkpt lat="50.4506463" lon="6.0351596"><ele>257.9</ele><time>2025-06-15T09:19:14Z</time></trkpt>
    <trkpt lat="50.4506473" lon="6.0353179"><ele>258.1</ele><time>2025-06-15T09:19:15Z</time></trkpt>
    <trkpt lat="50.4506783" lon="6.0354648"><ele>257.5</ele><time>2025-06-15T09:19:17Z</time></trkpt>
    <trkpt lat="50.4506550" lon="6.0355619"><ele>257.6</ele><time>2025-06-15T09:19:18Z</time></trkpt>
    <trkpt lat="50.4506509" lon="6.0357548"><ele>258.4</ele><time>2025-06-15T09:19:20Z</time></trkpt>
    <trkpt lat="50.4506563" lon="6.0358704"><ele>257.7</ele><time>2025-06-15T09:19:21Z</time></trkpt>
    <trkpt lat="50.4506439" lon="6.0360025"><ele>257.9</ele><time>2025-06-15T09:19:23Z</time></trkpt>
    <trkpt lat="50.4506536" lon="6.0361741"><ele>256.9</ele><time>2025-06-15T09:19:24Z</time></trkpt>
    <trkpt lat="50.4506494" lon="6.0363137"><ele>258.0</ele><time>2025-06-15T09:19:25Z</time></trkpt>
    <trkpt lat="50.4506402" lon="6.0364559"><ele>257.8</ele><time>2025-06-15T09:19:27Z</time></trkpt>
    <trkpt lat="50.4506497" lon="6.0365518"><ele>257.0</ele><time>2025-06-15T09:19:28Z</time></trkpt>
    <trkpt lat="50.4506717" lon="6.0366908"><ele>257.1</ele><time>2025-06-15T09:19:30Z</time></trkpt>
    <trkpt lat="50.4506679" lon="6.0368356"><ele>257.6</ele><time>2025-06-15T09:19:31Z</time></trkpt>
    <trkpt lat="50.4506601" lon="6.0369941"><ele>257.2</ele><time>2025-06-15T09:19:33Z</time></trkpt>
    <trkpt lat="50.4506238" lon="6.0371609"><ele>256.9</ele><time>2025-06-15T09:19:34Z</time></trkpt>
    <trkpt lat="50.4506526" lon="6.0372813"><ele>257.5</ele><time>2025-06-15T09:19:35Z</time></trkpt>
    <trkpt lat="50.4506362" lon="6.0374196"><ele>257.5</ele><time>2025-06-15T09:19:37Z</time></trkpt>
    <trkpt lat="50.4506491" lon="6.0375068"><ele>257.2</ele><time>2025-06-15T09:19:38Z</time></trkpt>
    <trkpt lat="50.4506695" lon="6.0377522"><ele>257.1</ele><time>2025-06-15T09:19:40Z</time></trkpt>
    <trkpt lat="50.4506767" lon="6.0378321"><ele>256.4</ele><time>2025-06-15T09:19:41Z</time></trkpt>
    <trkpt lat="50.4506320" lon="6.0379857"><ele>256.4</ele><time>2025-06-15T09:19:43Z</time></trkpt>
    <trkpt lat="50.4506535" lon="6.0380979"><ele>256.9</ele><time>2025-06-15T09:19:44Z</time></trkpt>
    <trkpt lat="50.4506706" lon="6.0382500"><ele>256.4</ele><time>2025-06-15T09:19:45Z</time></trkpt>
    <trkpt lat="50.4506491" lon="6.0384462"><ele>256.5</ele><time>2025-06-15T09:19:47Z</time></trkpt>
    <trkpt lat="50.4506612" lon="6.0384861"><ele>256.0</ele><time>2025-06-15T09:19:48Z</time></trkpt>
    <trkpt lat="50.4506577" lon="6.0386717"><ele>256.3</ele><time>2025-06-15T09:19:50Z</time></trkpt>
    <trkpt lat="50.4506709" lon="6.0388593"><ele>255.7</ele><time>2025-06-15T09:19:51Z</time></trkpt>
    <trkpt lat="50.4506670" lon="6.0389513"><ele>256.1</ele><time>2025-06-15T09:19:53Z</time></trkpt>
    <trkpt lat="50.4506767" lon="6.0391079"><ele>255.7</ele><time>2025-06-15T09:19:54Z</time></trkpt>
    <trkpt lat="50.4506567" lon="6.0392588"><ele>255.9</ele><time>2025-06-15T09:19:55Z</time></trkpt>
    <trkpt lat="50.4506642" lon="6.0394164"><ele>256.1</ele><time>2025-06-15T09:19:57Z</time></trkpt>
    <trkpt lat="50.4506498" lon="6.0395192"><ele>256.0</ele><time>2025-06-15T09:19:58Z</time></trkpt>
    <trkpt lat="50.4506574" lon="6.0396421"><ele>255.6</ele><time>2025-06-15T09:20:00Z</time></trkpt>
    <trkpt lat="50.4506452" lon="6.0398136"><ele>256.1</ele><time>2025-06-15T09:20:01Z</time></trkpt>
    <trkpt lat="50.4506720" lon="6.0399437"><ele>255.9</ele><time>2025-06-15T09:20:03Z</time></trkpt>
    <trkpt lat="50.4506550" lon="6.0400887"><ele>255.4</ele><time>2025-06-15T09:20:04Z</time></trkpt>
    <trkpt lat="50.4506571" lon="6.0402340"><ele>255.5</ele><time>2025-06-15T09:20:05Z</time></trkpt>
    <trkpt lat="50.4506495" lon="6.0403569"><ele>255.5</ele><time>2025-06-15T09:20:07Z</time></trkpt>
    <trkpt lat="50.4506500" lon="6.0405163"><ele>255.1</ele><time>2025-06-15T09:20:08Z</time></trkpt>
    <trkpt lat="50.4506686" lon="6.0406489"><ele>254.9</ele><time>2025-06-15T09:20:10Z</time></trkpt>
    <trkpt lat="50.4506522" lon="6.0407921"><ele>255.4</ele><time>2025-06-15T09:20:11Z</time></trkpt>
    <trkpt lat="50.4506489" lon="6.0409406"><ele>254.4</ele><time>2025-06-15T09:20:13Z</time></trkpt>
    <trkpt lat="50.4506482" lon="6.0410640"><ele>254.9</ele><time>2025-06-15T09:20:14Z</time></trkpt>
    <trkpt lat="50.4506568" lon="6.0411910"><ele>254.0</ele><time>2025-06-15T09:20:15Z</time></trkpt>
    <trkpt lat="50.4506458" lon="6.0413723"><ele>254.5</ele><time>2025-06-15T09:20:17Z</time></trkpt>
    <trkpt lat="50.4506412" lon="6.0414670"><ele>254.3</ele><time>2025-06-15T09:20:18Z</time></trkpt>
    <trkpt lat="50.4506493" lon="6.0416345"><ele>254.3</ele><time>2025-06-15T09:20:20Z</time></trkpt>
    <trkpt lat="50.4506591" lon="6.0417487"><ele>254.2</ele><time>2025-06-15T09:20:21Z</time></trkpt>
    <trkpt lat="50.4506421" lon="6.0419423"><ele>254.7</ele><time>2025-06-15T09:20:23Z</time></trkpt>
    <trkpt lat="50.4506329" lon="6.0420304"><ele>254.6</ele><time>2025-06-15T09:20:24Z</time></trkpt>
    <trkpt lat="50.4506399" lon="6.0421667"><ele>254.5</ele><time>2025-06-15T09:20:25Z</time></trkpt>
    <trkpt lat="50.4506759" lon="6.0423478"><ele>254.2</ele><time>2025-06-15T09:20:27Z</time></trkpt>
    <trkpt lat="50.4506497" lon="6.0425187"><ele>254.8</ele><time>2025-06-15T09:20:28Z</time></trkpt>
    <trkpt lat="50.4506594" lon="6.0426272"><ele>254.6</ele><time>2025-06-15T09:20:30Z</time></trkpt>
    <trkpt lat="50.4506350" lon="6.0428150"><ele>253.3</ele><time>2025-06-15T09:20:31Z</time></trkpt>
    <trkpt lat="50.4506514" lon="6.0428780"><ele>253.8</ele><time>2025-06-15T09:20:33Z</time></trkpt>
    <trkpt lat="50.4506802" lon="6.0430644"><ele>254.2</ele><time>2025-06-15T09:20:34Z</time></trkpt>
    <trkpt lat="50.4506712" lon="6.0431891"><ele>254.0</ele><time>2025-06-15T09:20:35Z</time></trkpt>
    <trkpt lat="50.4506623" lon="6.0432732"><ele>253.8</ele><time>2025-06-15T09:20:37Z</time></trkpt>
    <trkpt lat="50.4506333" lon="6.0434645"><ele>253.5</ele><time>2025-06-15T09:20:38Z</time></trkpt>
    <trkpt lat="50.4506505" lon="6.0436605"><ele>253.1</ele><time>2025-06-15T09:20:40Z</time></trkpt>
    <trkpt lat="50.4506307" lon="6.0437649"><ele>253.9</ele><time>2025-06-15T09:20:41Z</time></trkpt>
    <trkpt lat="50.4506461" lon="6.0439092"><ele>253.6</ele><time>2025-06-15T09:20:43Z</time></trkpt>
    <trkpt lat="50.4506445" lon="6.0440138"><ele>253.3</ele><time>2025-06-15T09:20:44Z</time></trkpt>
    <trkpt lat="50.4506759" lon="6.0441803"><ele>253.4</ele><time>2025-06-15T09:20:45Z</time></trkpt>
    <trkpt lat="50.4506464" lon="6.0442963"><ele>252.8</ele><time>2025-06-15T09:20:47Z</time></trkpt>
    <trkpt lat="50.4506259" lon="6.0444695"><ele>253.4</ele><time>2025-06-15T09:20:48Z</time></trkpt>
    <trkpt lat="50.4506595" lon="6.0445869"><ele>253.5</ele><time>2025-06-15T09:20:50Z</time></trkpt>
    <trkpt lat="50.4506305" lon="6.0447615"><ele>252.7</ele><time>2025-06-15T09:20:51Z</time></trkpt>
    <trkpt lat="50.4506426" lon="6.0448449"><ele>252.7</ele><time>2025-06-15T09:20:53Z</time></trkpt>
    <trkpt lat="50.4506482" lon="6.0450447"><ele>252.9</ele><time>2025-06-15T09:20:54Z</time></trkpt>
    <trkpt lat="50.4506350" lon="6.0451474"><ele>252.6</ele><time>2025-06-15T09:20:55Z</time></trkpt>
    <trkpt lat="50.4506398" lon="6.0452871"><ele>252.4</ele><time>2025-06-15T09:20:57Z</time></trkpt>
    <trkpt lat="50.4506425" lon="6.0454689"><ele>253.5</ele><time>2025-06-15T09:20:58Z</time></trkpt>
    <trkpt lat="50.4506419" lon="6.0456042"><ele>252.6</ele><time>2025-06-15T09:21:00Z</time></trkpt>
    <trkpt lat="50.4506249" lon="6.0457609"><ele>252.7</ele><time>2025-06-15T09:21:01Z</time></trkpt>
    <trkpt lat="50.4506502" lon="6.0459031"><ele>251.7</ele><time>2025-06-15T09:21:03Z</time></trkpt>
    <trkpt lat="50.4506523" lon="6.0459778"><ele>252.3</ele><time>2025-06-15T09:21:04Z</time></trkpt>
    <trkpt lat="50.4506268" lon="6.0461707"><ele>252.2</ele><time>2025-06-15T09:21:05Z</time></trkpt>
    <trkpt lat="50.4506537" lon="6.0463182"><ele>251.7</ele><time>2025-06-15T09:21:07Z</time></trkpt>
    <trkpt lat="50.4506410" lon="6.0464257"><ele>252.8</ele><time>2025-06-15T09:21:08Z</time></trkpt>
    <trkpt lat="50.4506415" lon="6.0466065"><ele>251.9</ele><time>2025-06-15T09:21:10Z</time></trkpt>
    <trkpt lat="50.4506510" lon="6.0467149"><ele>251.8</ele><time>2025-06-15T09:21:11Z</time></trkpt>
    <trkpt lat="50.4506365" lon="6.0468439"><ele>252.1</ele><time>2025-06-15T09:21:13Z</time></trkpt>
    <trkpt lat="50.4506435" lon="6.0470109"><ele>251.7</ele><time>2025-06-15T09:21:14Z</time></trkpt>
    <trkpt lat="50.4506491" lon="6.0471585"><ele>250.5</ele><time>2025-06-15T09:21:15Z</time></trkpt>
    <trkpt lat="50.4506428" lon="6.0472681"><ele>251.7</ele><time>2025-06-15T09:21:17Z</time></trkpt>
    <trkpt lat="50.4506339" lon="6.0474082"><ele>251.6</ele><time>2025-06-15T09:21:18Z</time></trkpt>
    <trkpt lat="50.4506325" lon="6.0475659"><ele>251.4</ele><time>2025-06-15T09:21:20Z</time></trkpt>
    <trkpt lat="50.4506407" lon="6.0476977"><ele>252.6</ele><time>2025-06-15T09:21:21Z</time></trkpt>
    <trkpt lat="50.4506456" lon="6.0478450"><ele>250.9</ele><time>2025-06-15T09:21:23Z</time></trkpt>
    <trkpt lat="50.4506466" lon="6.0479591"><ele>251.4</ele><time>2025-06-15T09:21:24Z</time></trkpt>
    <trkpt lat="50.4506387" lon="6.0481085"><ele>251.0</ele><time>2025-06-15T09:21:25Z</time></trkpt>
    <trkpt lat="50.4506579" lon="6.0482726"><ele>250.5</ele><time>2025-06-15T09:21:27Z</time></trkpt>
    <trkpt lat="50.4506322" lon="6.0484144"><ele>250.6</ele><time>2025-06-15T09:21:28Z</time></trkpt>
    <trkpt lat="50.4506566" lon="6.0485573"><ele>251.9</ele><time>2025-06-15T09:21:30Z</time></trkpt>
    <trkpt lat="50.4506680" lon="6.0486881"><ele>250.8</ele><time>2025-06-15T09:21:31Z</time></trkpt>
    <trkpt lat="50.4506566" lon="6.0488132"><ele>250.3</ele><time>2025-06-15T09:21:33Z</time></trkpt>
    <trkpt lat="50.4506537" lon="6.0489678"><ele>250.1</ele><time>2025-06-15T09:21:34Z</time></trkpt>
    <trkpt lat="50.4506538" lon="6.0491112"><ele>249.8</ele><time>2025-06-15T09:21:35Z</time></trkpt>
    <trkpt lat="50.4506496" lon="6.0492283"><ele>250.3</ele><time>2025-06-15T09:21:37Z</time></trkpt>
    <trkpt lat="50.4506192" lon="6.0493670"><ele>251.2</ele><time>2025-06-15T09:21:38Z</time></trkpt>
    <trkpt lat="50.4506387" lon="6.0495341"><ele>250.4</ele><time>2025-06-15T09:21:40Z</time></trkpt>
    <trkpt lat="50.4506415" lon="6.0496735"><ele>250.5</ele><time>2025-06-15T09:21:41Z</time></trkpt>
    <trkpt lat="50.4506348" lon="6.0498285"><ele>250.4</ele><time>2025-06-15T09:21:43Z</time></trkpt>
    <trkpt lat="50.4506351" lon="6.0499671"><ele>250.0</ele><time>2025-06-15T09:21:44Z</time></trkpt>
    <trkpt lat="50.4506453" lon="6.0501019"><ele>249.8</ele><time>2025-06-15T09:21:45Z</time></trkpt>
    <trkpt lat="50.4506326" lon="6.0502301"><ele>250.4</ele><time>2025-06-15T09:21:47Z</time></trkpt>
    <trkpt lat="50.4506343" lon="6.0503814"><ele>250.1</ele><time>2025-06-15T09:21:48Z</time></trkpt>
    <trkpt lat="50.4506349" lon="6.0505361"><ele>249.4</ele><time>2025-06-15T09:21:50Z</time></trkpt>
    <trkpt lat="50.4506667" lon="6.0506516"><ele>250.5</ele><time>2025-06-15T09:21:51Z</time></trkpt>
    <trkpt lat="50.4506444" lon="6.0507949"><ele>250.1</ele><time>2025-06-15T09:21:53Z</time></trkpt>
    <trkpt lat="50.4506649" lon="6.0509763"><ele>248.9</ele><time>2025-06-15T09:21:54Z</time></trkpt>
    <trkpt lat="50.4506521" lon="6.0511070"><ele>249.5</ele><time>2025-06-15T09:21:55Z</time></trkpt>
    <trkpt lat="50.4506329" lon="6.0512204"><ele>248.6</ele><time>2025-06-15T09:21:57Z</time></trkpt>
    <trkpt lat="50.4506374" lon="6.0513503"><ele>248.9</ele><time>2025-06-15T09:21:58Z</time></trkpt>
    <trkpt lat="50.4506377" lon="6.0514990"><ele>249.6</ele><time>2025-06-15T09:22:00Z</time></trkpt>
    <trkpt lat="50.4506211" lon="6.0516311"><ele>249.6</ele><time>2025-06-15T09:22:01Z</time></trkpt>
    <trkpt lat="50.4506220" lon="6.0517650"><ele>249.7</ele><time>2025-06-15T09:22:03Z</time></trkpt>
    <trkpt lat="50.4506616" lon="6.0519178"><ele>249.5</ele><time>2025-06-15T09:22:04Z</time></trkpt>
    <trkpt lat="50.4506573" lon="6.0520093"><ele>248.9</ele><time>2025-06-15T09:22:05Z</time></trkpt>
    <trkpt lat="50.4506366" lon="6.0521983"><ele>248.8</ele><time>2025-06-15T09:22:07Z</time></trkpt>
    <trkpt lat="50.4506336" lon="6.0523572"><ele>248.8</ele><time>2025-06-15T09:22:08Z</time></trkpt>
    <trkpt lat="50.4506470" lon="6.0524797"><ele>248.7</ele><time>2025-06-15T09:22:10Z</time></trkpt>
    <trkpt lat="50.4506436" lon="6.0526286"><ele>249.7</ele><time>2025-06-15T09:22:11Z</time></trkpt>
    <trkpt lat="50.4506344" lon="6.0527518"><ele>249.0</ele><time>2025-06-15T09:22:13Z</time></trkpt>
    <trkpt lat="50.4506560" lon="6.0529121"><ele>249.0</ele><time>2025-06-15T09:22:14Z</time></trkpt>
    <trkpt lat="50.4506562" lon="6.0530524"><ele>248.9</ele><time>2025-06-15T09:22:15Z</time></trkpt>
    <trkpt lat="50.4506477" lon="6.0531990"><ele>249.1</ele><time>2025-06-15T09:22:17Z</time></trkpt>
    <trkpt lat="50.4506402" lon="6.0533139"><ele>249.3</ele><time>2025-06-15T09:22:18Z</time></trkpt>
    <trkpt lat="50.4506168" lon="6.0534840"><ele>248.8</ele><time>2025-06-15T09:22:20Z</time></trkpt>
    <trkpt lat="50.4506278" lon="6.0536043"><ele>248.2</ele><time>2025-06-15T09:22:21Z</time></trkpt>
    <trkpt lat="50.4506316" lon="6.0537557"><ele>249.2</ele><time>2025-06-15T09:22:23Z</time></trkpt>
    <trkpt lat="50.4506363" lon="6.0538831"><ele>248.8</ele><time>2025-06-15T09:22:24Z</time></trkpt>
    <trkpt lat="50.4506321" lon="6.0540096"><ele>248.1</ele><time>2025-06-15T09:22:25Z</time></trkpt>
    <trkpt lat="50.4506551" lon="6.0541780"><ele>247.9</ele><time>2025-06-15T09:22:27Z</time></trkpt>
    <trkpt lat="50.4506268" lon="6.0543472"><ele>248.2</ele><time>2025-06-15T09:22:28Z</time></trkpt>
    <trkpt lat="50.4506431" lon="6.0544701"><ele>248.4</ele><time>2025-06-15T09:22:30Z</time></trkpt>
    <trkpt lat="50.4506550" lon="6.0545984"><ele>248.2</ele><time>2025-06-15T09:22:31Z</time></trkpt>
    <trkpt lat="50.4506309" lon="6.0547585"><ele>247.2</ele><time>2025-06-15T09:22:33Z</time></trkpt>
    <trkpt lat="50.4506495" lon="6.0548327"><ele>247.5</ele><time>2025-06-15T09:22:34Z</time></trkpt>
    <trkpt lat="50.4506454" lon="6.0550485"><ele>247.0</ele><time>2025-06-15T09:22:35Z</time></trkpt>
    <trkpt lat="50.4506310" lon="6.0551217"><ele>247.9</ele><time>2025-06-15T09:22:37Z</time></trkpt>
    <trkpt lat="50.4506357" lon="6.0552840"><ele>247.0</ele><time>2025-06-15T09:22:38Z</time></trkpt>
    <trkpt lat="50.4506463" lon="6.0554249"><ele>247.2</ele><time>2025-06-15T09:22:40Z</time></trkpt>
    <trkpt lat="50.4505994" lon="6.0555871"><ele>247.3</ele><time>2025-06-15T09:22:41Z</time></trkpt>
    <trkpt lat="50.4506122" lon="6.0557207"><ele>246.6</ele><time>2025-06-15T09:22:43Z</time></trkpt>
    <trkpt lat="50.4506367" lon="6.0558384"><ele>247.7</ele><time>2025-06-15T09:22:44Z</time></trkpt>
    <trkpt lat="50.4506206" lon="6.0560298"><ele>248.0</ele><time>2025-06-15T09:22:45Z</time></trkpt>
    <trkpt lat="50.4506309" lon="6.0561554"><ele>246.9</ele><time>2025-06-15T09:22:47Z</time></trkpt>
    <trkpt lat="50.4506454" lon="6.0562781"><ele>247.3</ele><time>2025-06-15T09:22:48Z</time></trkpt>
    <trkpt lat="50.4506366" lon="6.0564257"><ele>247.1</ele><time>2025-06-15T09:22:50Z</time></trkpt>
    <trkpt lat="50.4506374" lon="6.0565651"><ele>246.9</ele><time>2025-06-15T09:22:51Z</time></trkpt>
    <trkpt lat="50.4506168" lon="6.0566774"><ele>247.2</ele><time>2025-06-15T09:22:53Z</time></trkpt>
    <trkpt lat="50.4506385" lon="6.0568913"><ele>247.2</ele><time>2025-06-15T09:22:54Z</time></trkpt>
    <trkpt lat="50.4506187" lon="6.0570141"><ele>247.2</ele><time>2025-06-15T09:22:55Z</time></trkpt>
    <trkpt lat="50.4506285" lon="6.0571542"><ele>247.0</ele><time>2025-06-15T09:22:57Z</time></trkpt>
    <trkpt lat="50.4506324" lon="6.0572861"><ele>247.3</ele><time>2025-06-15T09:22:58Z</time></trkpt>
    <trkpt lat="50.4506140" lon="6.0574645"><ele>246.4</ele><time>2025-06-15T09:23:00Z</time></trkpt>
    <trkpt lat="50.4506432" lon="6.0575191"><ele>246.7</ele><time>2025-06-15T09:23:01Z</time></trkpt>
    <trkpt lat="50.4506617" lon="6.0577176"><ele>247.0</ele><time>2025-06-15T09:23:03Z</time></trkpt>
    <trkpt lat="50.4506264" lon="6.0577946"><ele>246.9</ele><time>2025-06-15T09:23:04Z</time></trkpt>
    <trkpt lat="50.4506325" lon="6.0579859"><ele>246.2</ele><time>2025-06-15T09:23:05Z</time></trkpt>
    <trkpt lat="50.4506600" lon="6.0581063"><ele>246.8</ele><time>2025-06-15T09:23:07Z</time></trkpt>
    <trkpt lat="50.4506251" lon="6.0582322"><ele>247.3</ele><time>2025-06-15T09:23:08Z</time></trkpt>
    <trkpt lat="50.4506377" lon="6.0583933"><ele>248.3</ele><time>2025-06-15T09:23:10Z</time></trkpt>
    <trkpt lat="50.4506691" lon="6.0585428"><ele>248.9</ele><time>2025-06-15T09:23:11Z</time></trkpt>
    <trkpt lat="50.4506592" lon="6.0586693"><ele>249.6</ele><time>2025-06-15T09:23:13Z</time></trkpt>
    <trkpt lat="50.4506536" lon="6.0588113"><ele>250.1</ele><time>2025-06-15T09:23:14Z</time></trkpt>
    <trkpt lat="50.4506863" lon="6.0589981"><ele>251.7</ele><time>2025-06-15T09:23:15Z</time></trkpt>
    <trkpt lat="50.4507316" lon="6.0591067"><ele>251.9</ele><time>2025-06-15T09:23:17Z</time></trkpt>
    <trkpt lat="50.4507297" lon="6.0592220"><ele>252.5</ele><time>2025-06-15T09:23:18Z</time></trkpt>
    <trkpt lat="50.4507852" lon="6.0593611"><ele>254.5</ele><time>2025-06-15T09:23:20Z</time></trkpt>
    <trkpt lat="50.4507951" lon="6.0594968"><ele>254.3</ele><time>2025-06-15T09:23:21Z</time></trkpt>
    <trkpt lat="50.4508292" lon="6.0596457"><ele>255.3</ele><time>2025-06-15T09:23:23Z</time></trkpt>
    <trkpt lat="50.4508684" lon="6.0597968"><ele>255.4</ele><time>2025-06-15T09:23:24Z</time></trkpt>
    <trkpt lat="50.4508834" lon="6.0599121"><ele>257.0</ele><time>2025-06-15T09:23:26Z</time></trkpt>
    <trkpt lat="50.4509472" lon="6.0600305"><ele>257.2</ele><time>2025-06-15T09:23:27Z</time></trkpt>
    <trkpt lat="50.4509719" lon="6.0601137"><ele>258.2</ele><time>2025-06-15T09:23:28Z</time></trkpt>
    <trkpt lat="50.4510270" lon="6.0602506"><ele>259.3</ele><time>2025-06-15T09:23:30Z</time></trkpt>
    <trkpt lat="50.4510817" lon="6.0603787"><ele>259.6</ele><time>2025-06-15T09:23:31Z</time></trkpt>
    <trkpt lat="50.4511232" lon="6.0605002"><ele>260.5</ele><time>2025-06-15T09:23:33Z</time></trkpt>
    <trkpt lat="50.4511734" lon="6.0606121"><ele>260.7</ele><time>2025-06-15T09:23:34Z</time></trkpt>
    <trkpt lat="50.4512531" lon="6.0606964"><ele>261.5</ele><time>2025-06-15T09:23:36Z</time></trkpt>
    <trkpt lat="50.4512891" lon="6.0608638"><ele>263.0</ele><time>2025-06-15T09:23:37Z</time></trkpt>
    <trkpt lat="50.4513679" lon="6.0609507"><ele>264.1</ele><time>2025-06-15T09:23:38Z</time></trkpt>
    <trkpt lat="50.4514114" lon="6.0610608"><ele>264.0</ele><time>2025-06-15T09:23:40Z</time></trkpt>
    <trkpt lat="50.4514695" lon="6.0611677"><ele>265.1</ele><time>2025-06-15T09:23:41Z</time></trkpt>
    <trkpt lat="50.4515298" lon="6.0613020"><ele>265.7</ele><time>2025-06-15T09:23:43Z</time></trkpt>
    <trkpt lat="50.4515771" lon="6.0613561"><ele>265.8</ele><time>2025-06-15T09:23:44Z</time></trkpt>
    <trkpt lat="50.4516382" lon="6.0614796"><ele>267.0</ele><time>2025-06-15T09:23:46Z</time></trkpt>
    <trkpt lat="50.4516992" lon="6.0615892"><ele>267.2</ele><time>2025-06-15T09:23:47Z</time></trkpt>
    <trkpt lat="50.4517446" lon="6.0616715"><ele>268.2</ele><time>2025-06-15T09:23:48Z</time></trkpt>
    <trkpt lat="50.4518109" lon="6.0618276"><ele>269.1</ele><time>2025-06-15T09:23:50Z</time></trkpt>
    <trkpt lat="50.4518802" lon="6.0619205"><ele>269.3</ele><time>2025-06-15T09:23:51Z</time></trkpt>
    <trkpt lat="50.4519211" lon="6.0620402"><ele>270.6</ele><time>2025-06-15T09:23:53Z</time></trkpt>
    <trkpt lat="50.4520028" lon="6.0621549"><ele>271.6</ele><time>2025-06-15T09:23:54Z</time></trkpt>
    <trkpt lat="50.4520331" lon="6.0622503"><ele>271.7</ele><time>2025-06-15T09:23:56Z</time></trkpt>
    <trkpt lat="50.4521001" lon="6.0623870"><ele>271.8</ele><time>2025-06-15T09:23:57Z</time></trkpt>
    <trkpt lat="50.4521444" lon="6.0624229"><ele>272.7</ele><time>2025-06-15T09:23:58Z</time></trkpt>
    <trkpt lat="50.4522233" lon="6.0625606"><ele>273.7</ele><time>2025-06-15T09:24:00Z</time></trkpt>
    <trkpt lat="50.4522462" lon="6.0626556"><ele>274.9</ele><time>2025-06-15T09:24:01Z</time></trkpt>
    <trkpt lat="50.4523127" lon="6.0627903"><ele>275.6</ele><time>2025-06-15T09:24:03Z</time></trkpt>
    <trkpt lat="50.4523980" lon="6.0629038"><ele>276.2</ele><time>2025-06-15T09:24:04Z</time></trkpt>
    <trkpt lat="50.4524543" lon="6.0630084"><ele>276.7</ele><time>2025-06-15T09:24:06Z</time></trkpt>
    <trkpt lat="50.4524932" lon="6.0630718"><ele>277.5</ele><time>2025-06-15T09:24:07Z</time></trkpt>
    <trkpt lat="50.4525444" lon="6.0632541"><ele>278.5</ele><time>2025-06-15T09:24:08Z</time></trkpt>
    <trkpt lat="50.4526193" lon="6.0632740"><ele>279.4</ele><time>2025-06-15T09:24:10Z</time></trkpt>
    <trkpt lat="50.4526744" lon="6.0634368"><ele>279.6</ele><time>2025-06-15T09:24:11Z</time></trkpt>
    <trkpt lat="50.4527408" lon="6.0635692"><ele>279.9</ele><time>2025-06-15T09:24:13Z</time></trkpt>
    <trkpt lat="50.4528153" lon="6.0636611"><ele>280.7</ele><time>2025-06-15T09:24:14Z</time></trkpt>
    <trkpt lat="50.4528431" lon="6.0637530"><ele>281.9</ele><time>2025-06-15T09:24:16Z</time></trkpt>
    <trkpt lat="50.4528930" lon="6.0638853"><ele>281.6</ele><time>2025-06-15T09:24:17Z</time></trkpt>
    <trkpt lat="50.4529669" lon="6.0639797"><ele>281.8</ele><time>2025-06-15T09:24:18Z</time></trkpt>
    <trkpt lat="50.4530517" lon="6.0640780"><ele>283.1</ele><time>2025-06-15T09:24:20Z</time></trkpt>
    <trkpt lat="50.4530808" lon="6.0642032"><ele>283.8</ele><time>2025-06-15T09:24:21Z</time></trkpt>
    <trkpt lat="50.4531181" lon="6.0642802"><ele>284.7</ele><time>2025-06-15T09:24:23Z</time></trkpt>
    <trkpt lat="50.4531876" lon="6.0644112"><ele>285.3</ele><time>2025-06-15T09:24:24Z</time></trkpt>
    <trkpt lat="50.4532229" lon="6.0645011"><ele>285.2</ele><time>2025-06-15T09:24:26Z</time></trkpt>
    <trkpt lat="50.4533142" lon="6.0646283"><ele>286.5</ele><time>2025-06-15T09:24:27Z</time></trkpt>
    <trkpt lat="50.4533654" lon="6.0646916"><ele>287.0</ele><time>2025-06-15T09:24:28Z</time></trkpt>
    <trkpt lat="50.4534186" lon="6.0648490"><ele>287.6</ele><time>2025-06-15T09:24:30Z</time></trkpt>
    <trkpt lat="50.4534732" lon="6.0649815"><ele>288.1</ele><time>2025-06-15T09:24:31Z</time></trkpt>
    <trkpt lat="50.4535293" lon="6.0651004"><ele>288.9</ele><time>2025-06-15T09:24:33Z</time></trkpt>
    <trkpt lat="50.4535858" lon="6.0651918"><ele>290.4</ele><time>2025-06-15T09:24:34Z</time></trkpt>
    <trkpt lat="50.4536708" lon="6.0652538"><ele>290.4</ele><time>2025-06-15T09:24:36Z</time></trkpt>
    <trkpt lat="50.4537329" lon="6.0653858"><ele>290.7</ele><time>2025-06-15T09:24:37Z</time></trkpt>
    <trkpt lat="50.4537634" lon="6.0655023"><ele>291.1</ele><time>2025-06-15T09:24:38Z</time></trkpt>
    <trkpt lat="50.4538057" lon="6.0655995"><ele>291.8</ele><time>2025-06-15T09:24:40Z</time></trkpt>
    <trkpt lat="50.4538854" lon="6.0656942"><ele>292.4</ele><time>2025-06-15T09:24:41Z</time></trkpt>
    <trkpt lat="50.4539509" lon="6.0658255"><ele>293.6</ele><time>2025-06-15T09:24:43Z</time></trkpt>
    <trkpt lat="50.4539710" lon="6.0659281"><ele>293.3</ele><time>2025-06-15T09:24:44Z</time></trkpt>
    <trkpt lat="50.4540676" lon="6.0660279"><ele>294.1</ele><time>2025-06-15T09:24:46Z</time></trkpt>
    <trkpt lat="50.4541002" lon="6.0661285"><ele>294.7</ele><time>2025-06-15T09:24:47Z</time></trkpt>
    <trkpt lat="50.4541664" lon="6.0662269"><ele>294.9</ele><time>2025-06-15T09:24:48Z</time></trkpt>
    <trkpt lat="50.4542285" lon="6.0663276"><ele>295.5</ele><time>2025-06-15T09:24:50Z</time></trkpt>
    <trkpt lat="50.4542832" lon="6.0664747"><ele>295.6</ele><time>2025-06-15T09:24:51Z</time></trkpt>
    <trkpt lat="50.4543526" lon="6.0665465"><ele>295.9</ele><time>2025-06-15T09:24:53Z</time></trkpt>
    <trkpt lat="50.4543955" lon="6.0666724"><ele>296.3</ele><time>2025-06-15T09:24:54Z</time></trkpt>
    <trkpt lat="50.4544493" lon="6.0667889"><ele>298.1</ele><time>2025-06-15T09:24:56Z</time></trkpt>
    <trkpt lat="50.4545114" lon="6.0668704"><ele>297.7</ele><time>2025-06-15T09:24:57Z</time></trkpt>
    <trkpt lat="50.4545757" lon="6.0669760"><ele>298.6</ele><time>2025-06-15T09:24:58Z</time></trkpt>
    <trkpt lat="50.4546412" lon="6.0671301"><ele>299.7</ele><time>2025-06-15T09:25:00Z</time></trkpt>
    <trkpt lat="50.4546767" lon="6.0672358"><ele>300.0</ele><time>2025-06-15T09:25:01Z</time></trkpt>
    <trkpt lat="50.4547376" lon="6.0672985"><ele>299.5</ele><time>2025-06-15T09:25:03Z</time></trkpt>
    <trkpt lat="50.4547992" lon="6.0674163"><ele>300.2</ele><time>2025-06-15T09:25:04Z</time></trkpt>
    <trkpt lat="50.4548479" lon="6.0675399"><ele>300.7</ele><time>2025-06-15T09:25:06Z</time></trkpt>
    <trkpt lat="50.4549367" lon="6.0676465"><ele>301.4</ele><time>2025-06-15T09:25:07Z</time></trkpt>
    <trkpt lat="50.4549808" lon="6.0677723"><ele>302.4</ele><time>2025-06-15T09:25:08Z</time></trkpt>
    <trkpt lat="50.4550376" lon="6.0678693"><ele>303.1</ele><time>2025-06-15T09:25:10Z</time></trkpt>
    <trkpt lat="50.4550841" lon="6.0679701"><ele>302.8</ele><time>2025-06-15T09:25:11Z</time></trkpt>
    <trkpt lat="50.4551342" lon="6.0680895"><ele>303.2</ele><time>2025-06-15T09:25:13Z</time></trkpt>
    <trkpt lat="50.4552303" lon="6.0681506"><ele>304.5</ele><time>2025-06-15T09:25:14Z</time></trkpt>
    <trkpt lat="50.4552942" lon="6.0683015"><ele>303.7</ele><time>2025-06-15T09:25:16Z</time></trkpt>
    <trkpt lat="50.4553243" lon="6.0683911"><ele>304.5</ele><time>2025-06-15T09:25:17Z</time></trkpt>
    <trkpt lat="50.4553949" lon="6.0685118"><ele>305.3</ele><time>2025-06-15T09:25:18Z</time></trkpt>
    <trkpt lat="50.4554380" lon="6.0686353"><ele>305.6</ele><time>2025-06-15T09:25:20Z</time></trkpt>
    <trkpt lat="50.4554801" lon="6.0687159"><ele>305.9</ele><time>2025-06-15T09:25:21Z</time></trkpt>
    <trkpt lat="50.4555539" lon="6.0688623"><ele>306.5</ele><time>2025-06-15T09:25:23Z</time></trkpt>
    <trkpt lat="50.4556062" lon="6.0689430"><ele>307.3</ele><time>2025-06-15T09:25:24Z</time></trkpt>
    <trkpt lat="50.4556473" lon="6.0690598"><ele>307.2</ele><time>2025-06-15T09:25:26Z</time></trkpt>
    <trkpt lat="50.4557467" lon="6.0691415"><ele>307.6</ele><time>2025-06-15T09:25:27Z</time></trkpt>
    <trkpt lat="50.4557987" lon="6.0692289"><ele>307.7</ele><time>2025-06-15T09:25:28Z</time></trkpt>
    <trkpt lat="50.4558655" lon="6.0693756"><ele>309.0</ele><time>2025-06-15T09:25:30Z</time></trkpt>
    <trkpt lat="50.4558820" lon="6.0694717"><ele>309.3</ele><time>2025-06-15T09:25:31Z</time></trkpt>
    <trkpt lat="50.4559717" lon="6.0695831"><ele>309.9</ele><time>2025-06-15T09:25:33Z</time></trkpt>
    <trkpt lat="50.4560316" lon="6.0697073"><ele>309.9</ele><time>2025-06-15T09:25:34Z</time></trkpt>
    <trkpt lat="50.4560895" lon="6.0698011"><ele>310.8</ele><time>2025-06-15T09:25:36Z</time></trkpt>
    <trkpt lat="50.4561497" lon="6.0699197"><ele>310.9</ele><time>2025-06-15T09:25:37Z</time></trkpt>
    <trkpt lat="50.4561895" lon="6.0700179"><ele>311.0</ele><time>2025-06-15T09:25:38Z</time></trkpt>
    <trkpt lat="50.4562337" lon="6.0701485"><ele>311.2</ele><time>2025-06-15T09:25:40Z</time></trkpt>
    <trkpt lat="50.4563178" lon="6.0702333"><ele>311.6</ele><time>2025-06-15T09:25:41Z</time></trkpt>
    <trkpt lat="50.4563868" lon="6.0703507"><ele>312.7</ele><time>2025-06-15T09:25:43Z</time></trkpt>
    <trkpt lat="50.4564226" lon="6.0704331"><ele>312.6</ele><time>2025-06-15T09:25:44Z</time></trkpt>
    <trkpt lat="50.4564806" lon="6.0705891"><ele>312.7</ele><time>2025-06-15T09:25:46Z</time></trkpt>
    <trkpt lat="50.4565425" lon="6.0707005"><ele>313.0</ele><time>2025-06-15T09:25:47Z</time></trkpt>
    <trkpt lat="50.4565955" lon="6.0708308"><ele>313.8</ele><time>2025-06-15T09:25:48Z</time></trkpt>
    <trkpt lat="50.4566497" lon="6.0708903"><ele>314.5</ele><time>2025-06-15T09:25:50Z</time></trkpt>
    <trkpt lat="50.4566893" lon="6.0710211"><ele>315.4</ele><time>2025-06-15T09:25:51Z</time></trkpt>
    <trkpt lat="50.4567493" lon="6.0711172"><ele>315.2</ele><time>2025-06-15T09:25:53Z</time></trkpt>
    <trkpt lat="50.4568495" lon="6.0711823"><ele>315.8</ele><time>2025-06-15T09:25:54Z</time></trkpt>
    <trkpt lat="50.4568707" lon="6.0713136"><ele>315.8</ele><time>2025-06-15T09:25:56Z</time></trkpt>
    <trkpt lat="50.4569647" lon="6.0714116"><ele>316.1</ele><time>2025-06-15T09:25:57Z</time></trkpt>
    <trkpt lat="50.4569897" lon="6.0715387"><ele>317.2</ele><time>2025-06-15T09:25:58Z</time></trkpt>
    <trkpt lat="50.4570697" lon="6.0716548"><ele>317.8</ele><time>2025-06-15T09:26:00Z</time></trkpt>
    <trkpt lat="50.4571277" lon="6.0717479"><ele>317.7</ele><time>2025-06-15T09:26:01Z</time></trkpt>
    <trkpt lat="50.4571661" lon="6.0718679"><ele>318.1</ele><time>2025-06-15T09:26:03Z</time></trkpt>
    <trkpt lat="50.4572259" lon="6.0719628"><ele>318.3</ele><time>2025-06-15T09:26:04Z</time></trkpt>
    <trkpt lat="50.4572758" lon="6.0720946"><ele>319.2</ele><time>2025-06-15T09:26:06Z</time></trkpt>
    <trkpt lat="50.4573830" lon="6.0721722"><ele>318.8</ele><time>2025-06-15T09:26:07Z</time></trkpt>
    <trkpt lat="50.4573777" lon="6.0723351"><ele>318.9</ele><time>2025-06-15T09:26:08Z</time></trkpt>
    <trkpt lat="50.4574629" lon="6.0723783"><ele>319.6</ele><time>2025-06-15T09:26:10Z</time></trkpt>
    <trkpt lat="50.4575165" lon="6.0725055"><ele>320.0</ele><time>2025-06-15T09:26:11Z</time></trkpt>
    <trkpt lat="50.4575412" lon="6.0726155"><ele>320.4</ele><time>2025-06-15T09:26:13Z</time></trkpt>
    <trkpt lat="50.4576470" lon="6.0727031"><ele>320.5</ele><time>2025-06-15T09:26:14Z</time></trkpt>
    <trkpt lat="50.4576968" lon="6.0728515"><ele>321.3</ele><time>2025-06-15T09:26:16Z</time></trkpt>
    <trkpt lat="50.4577165" lon="6.0729436"><ele>322.0</ele><time>2025-06-15T09:26:17Z</time></trkpt>
    <trkpt lat="50.4577901" lon="6.0730343"><ele>322.5</ele><time>2025-06-15T09:26:18Z</time></trkpt>
    <trkpt lat="50.4578662" lon="6.0731859"><ele>322.8</ele><time>2025-06-15T09:26:20Z</time></trkpt>
    <trkpt lat="50.4579382" lon="6.0732925"><ele>323.3</ele><time>2025-06-15T09:26:21Z</time></trkpt>
    <trkpt lat="50.4579774" lon="6.0734275"><ele>323.8</ele><time>2025-06-15T09:26:23Z</time></trkpt>
    <trkpt lat="50.4580500" lon="6.0735302"><ele>324.1</ele><time>2025-06-15T09:26:24Z</time></trkpt>
    <trkpt lat="50.4580864" lon="6.0735992"><ele>325.0</ele><time>2025-06-15T09:26:26Z</time></trkpt>
    <trkpt lat="50.4581443" lon="6.0736831"><ele>325.1</ele><time>2025-06-15T09:26:27Z</time></trkpt>
    <trkpt lat="50.4582156" lon="6.0738483"><ele>325.0</ele><time>2025-06-15T09:26:28Z</time></trkpt>
    <trkpt lat="50.4582699" lon="6.0739294"><ele>325.9</ele><time>2025-06-15T09:26:30Z</time></trkpt>
    <trkpt lat="50.4583150" lon="6.0740009"><ele>325.7</ele><time>2025-06-15T09:26:31Z</time></trkpt>
    <trkpt lat="50.4583813" lon="6.0741355"><ele>326.6</ele><time>2025-06-15T09:26:33Z</time></trkpt>
    <trkpt lat="50.4584395" lon="6.0742231"><ele>326.6</ele><time>2025-06-15T09:26:34Z</time></trkpt>
    <trkpt lat="50.4585089" lon="6.0743542"><ele>327.5</ele><time>2025-06-15T09:26:36Z</time></trkpt>
    <trkpt lat="50.4585442" lon="6.0744448"><ele>328.3</ele><time>2025-06-15T09:26:37Z</time></trkpt>
    <trkpt lat="50.4586016" lon="6.0745641"><ele>328.7</ele><time>2025-06-15T09:26:38Z</time></trkpt>
    <trkpt lat="50.4586502" lon="6.0746885"><ele>329.1</ele><time>2025-06-15T09:26:40Z</time></trkpt>
    <trkpt lat="50.4587538" lon="6.0747895"><ele>329.0</ele><time>2025-06-15T09:26:41Z</time></trkpt>
    <trkpt lat="50.4588005" lon="6.0748797"><ele>328.9</ele><time>2025-06-15T09:26:43Z</time></trkpt>
    <trkpt lat="50.4588390" lon="6.0749900"><ele>329.5</ele><time>2025-06-15T09:26:44Z</time></trkpt>
    <trkpt lat="50.4589000" lon="6.0751414"><ele>330.5</ele><time>2025-06-15T09:26:46Z</time></trkpt>
    <trkpt lat="50.4589584" lon="6.0752126"><ele>330.9</ele><time>2025-06-15T09:26:47Z</time></trkpt>
    <trkpt lat="50.4590085" lon="6.0753428"><ele>331.7</ele><time>2025-06-15T09:26:48Z</time></trkpt>
    <trkpt lat="50.4590793" lon="6.0754315"><ele>332.1</ele><time>2025-06-15T09:26:50Z</time></trkpt>
    <trkpt lat="50.4591529" lon="6.0755640"><ele>332.3</ele><time>2025-06-15T09:26:51Z</time></trkpt>
    <trkpt lat="50.4591949" lon="6.0756459"><ele>333.0</ele><time>2025-06-15T09:26:53Z</time></trkpt>
    <trkpt lat="50.4592272" lon="6.0757312"><ele>332.7</ele><time>2025-06-15T09:26:54Z</time></trkpt>
    <trkpt lat="50.4592923" lon="6.0758789"><ele>333.4</ele><time>2025-06-15T09:26:56Z</time></trkpt>
    <trkpt lat="50.4593364" lon="6.0759336"><ele>334.5</ele><time>2025-06-15T09:26:57Z</time></trkpt>
    <trkpt lat="50.4594396" lon="6.0760834"><ele>334.9</ele><time>2025-06-15T09:26:58Z</time></trkpt>
    <trkpt lat="50.4594667" lon="6.0761832"><ele>335.3</ele><time>2025-06-15T09:27:00Z</time></trkpt>
    <trkpt lat="50.4595149" lon="6.0763314"><ele>335.8</ele><time>2025-06-15T09:27:01Z</time></trkpt>
    <trkpt lat="50.4596203" lon="6.0764423"><ele>336.2</ele><time>2025-06-15T09:27:03Z</time></trkpt>
    <trkpt lat="50.4596547" lon="6.0764906"><ele>336.5</ele><time>2025-06-15T09:27:04Z</time></trkpt>
    <trkpt lat="50.4597233" lon="6.0766399"><ele>337.3</ele><time>2025-06-15T09:27:06Z</time></trkpt>
    <trkpt lat="50.4597735" lon="6.0767102"><ele>337.7</ele><time>2025-06-15T09:27:07Z</time></trkpt>
    <trkpt lat="50.4598265" lon="6.0768715"><ele>338.0</ele><time>2025-06-15T09:27:08Z</time></trkpt>
    <trkpt lat="50.4598789" lon="6.0769316"><ele>337.9</ele><time>2025-06-15T09:27:10Z</time></trkpt>
    <trkpt lat="50.4599463" lon="6.0770322"><ele>340.0</ele><time>2025-06-15T09:27:11Z</time></trkpt>
    <trkpt lat="50.4600113" lon="6.0771764"><ele>339.9</ele><time>2025-06-15T09:27:13Z</time></trkpt>
    <trkpt lat="50.4600416" lon="6.0772934"><ele>340.5</ele><time>2025-06-15T09:27:14Z</time></trkpt>
    <trkpt lat="50.4601084" lon="6.0773958"><ele>340.3</ele><time>2025-06-15T09:27:16Z</time></trkpt>
    <trkpt lat="50.4601096" lon="6.0775293"><ele>340.4</ele><time>2025-06-15T09:27:17Z</time></trkpt>
    <trkpt lat="50.4601917" lon="6.0776565"><ele>341.7</ele><time>2025-06-15T09:27:19Z</time></trkpt>
    <trkpt lat="50.4602050" lon="6.0777661"><ele>342.1</ele><time>2025-06-15T09:27:20Z</time></trkpt>
    <trkpt lat="50.4602457" lon="6.0778932"><ele>343.1</ele><time>2025-06-15T09:27:21Z</time></trkpt>
    <trkpt lat="50.4602788" lon="6.0780186"><ele>343.2</ele><time>2025-06-15T09:27:23Z</time></trkpt>
    <trkpt lat="50.4602836" lon="6.0781928"><ele>344.2</ele><time>2025-06-15T09:27:24Z</time></trkpt>
    <trkpt lat="50.4603044" lon="6.0782960"><ele>345.5</ele><time>2025-06-15T09:27:26Z</time></trkpt>
    <trkpt lat="50.4603185" lon="6.0784682"><ele>345.1</ele><time>2025-06-15T09:27:27Z</time></trkpt>
    <trkpt lat="50.4603338" lon="6.0786040"><ele>345.7</ele><time>2025-06-15T09:27:29Z</time></trkpt>
    <trkpt lat="50.4603089" lon="6.0787086"><ele>346.6</ele><time>2025-06-15T09:27:30Z</time></trkpt>
    <trkpt lat="50.4603154" lon="6.0789152"><ele>346.6</ele><time>2025-06-15T09:27:31Z</time></trkpt>
    <trkpt lat="50.4603348" lon="6.0790327"><ele>347.9</ele><time>2025-06-15T09:27:33Z</time></trkpt>
    <trkpt lat="50.4603145" lon="6.0791862"><ele>348.1</ele><time>2025-06-15T09:27:34Z</time></trkpt>
    <trkpt lat="50.4603144" lon="6.0792906"><ele>348.6</ele><time>2025-06-15T09:27:36Z</time></trkpt>
    <trkpt lat="50.4602795" lon="6.0794485"><ele>348.9</ele><time>2025-06-15T09:27:37Z</time></trkpt>
    <trkpt lat="50.4602347" lon="6.0795661"><ele>349.8</ele><time>2025-06-15T09:27:39Z</time></trkpt>
    <trkpt lat="50.4602104" lon="6.0797313"><ele>350.5</ele><time>2025-06-15T09:27:40Z</time></trkpt>
    <trkpt lat="50.4601822" lon="6.0798653"><ele>351.6</ele><time>2025-06-15T09:27:42Z</time></trkpt>
    <trkpt lat="50.4601618" lon="6.0800061"><ele>352.9</ele><time>2025-06-15T09:27:43Z</time></trkpt>
    <trkpt lat="50.4601383" lon="6.0801143"><ele>352.8</ele><time>2025-06-15T09:27:44Z</time></trkpt>
    <trkpt lat="50.4601064" lon="6.0803024"><ele>353.2</ele><time>2025-06-15T09:27:46Z</time></trkpt>
    <trkpt lat="50.4600610" lon="6.0804311"><ele>353.7</ele><time>2025-06-15T09:27:47Z</time></trkpt>
    <trkpt lat="50.4600272" lon="6.0805160"><ele>354.9</ele><time>2025-06-15T09:27:49Z</time></trkpt>
    <trkpt lat="50.4599997" lon="6.0806652"><ele>355.4</ele><time>2025-06-15T09:27:50Z</time></trkpt>
    <trkpt lat="50.4599852" lon="6.0807681"><ele>356.6</ele><time>2025-06-15T09:27:52Z</time></trkpt>
    <trkpt lat="50.4599603" lon="6.0809313"><ele>357.0</ele><time>2025-06-15T09:27:53Z</time></trkpt>
    <trkpt lat="50.4599063" lon="6.0810970"><ele>357.9</ele><time>2025-06-15T09:27:54Z</time></trkpt>
    <trkpt lat="50.4598792" lon="6.0812487"><ele>358.0</ele><time>2025-06-15T09:27:56Z</time></trkpt>
    <trkpt lat="50.4598503" lon="6.0813117"><ele>358.8</ele><time>2025-06-15T09:27:57Z</time></trkpt>
    <trkpt lat="50.4598425" lon="6.0814843"><ele>359.2</ele><time>2025-06-15T09:27:59Z</time></trkpt>
    <trkpt lat="50.4598067" lon="6.0815942"><ele>359.2</ele><time>2025-06-15T09:28:00Z</time></trkpt>
    <trkpt lat="50.4597498" lon="6.0817256"><ele>360.7</ele><time>2025-06-15T09:28:02Z</time></trkpt>
    <trkpt lat="50.4597305" lon="6.0818843"><ele>360.9</ele><time>2025-06-15T09:28:03Z</time></trkpt>
    <trkpt lat="50.4596907" lon="6.0820016"><ele>362.9</ele><time>2025-06-15T09:28:04Z</time></trkpt>
    <trkpt lat="50.4596804" lon="6.0821275"><ele>363.7</ele><time>2025-06-15T09:28:06Z</time></trkpt>
    <trkpt lat="50.4596126" lon="6.0822421"><ele>363.4</ele><time>2025-06-15T09:28:07Z</time></trkpt>
    <trkpt lat="50.4595987" lon="6.0823734"><ele>364.4</ele><time>2025-06-15T09:28:09Z</time></trkpt>
    <trkpt lat="50.4595567" lon="6.0825546"><ele>365.7</ele><time>2025-06-15T09:28:10Z</time></trkpt>
    <trkpt lat="50.4595490" lon="6.0826253"><ele>365.9</ele><time>2025-06-15T09:28:12Z</time></trkpt>
    <trkpt lat="50.4595290" lon="6.0827789"><ele>366.7</ele><time>2025-06-15T09:28:13Z</time></trkpt>
    <trkpt lat="50.4594743" lon="6.0829069"><ele>366.9</ele><time>2025-06-15T09:28:14Z</time></trkpt>
    <trkpt lat="50.4594654" lon="6.0830432"><ele>368.3</ele><time>2025-06-15T09:28:16Z</time></trkpt>
    <trkpt lat="50.4594020" lon="6.0831830"><ele>368.7</ele><time>2025-06-15T09:28:17Z</time></trkpt>
    <trkpt lat="50.4593809" lon="6.0833005"><ele>369.9</ele><time>2025-06-15T09:28:19Z</time></trkpt>
    <trkpt lat="50.4593626" lon="6.0834341"><ele>369.8</ele><time>2025-06-15T09:28:20Z</time></trkpt>
    <trkpt lat="50.4592891" lon="6.0835460"><ele>371.3</ele><time>2025-06-15T09:28:22Z</time></trkpt>
    <trkpt lat="50.4592915" lon="6.0836939"><ele>371.7</ele><time>2025-06-15T09:28:23Z</time></trkpt>
    <trkpt lat="50.4592913" lon="6.0838268"><ele>372.1</ele><time>2025-06-15T09:28:24Z</time></trkpt>
    <trkpt lat="50.4592247" lon="6.0839777"><ele>373.4</ele><time>2025-06-15T09:28:26Z</time></trkpt>
    <trkpt lat="50.4592056" lon="6.0841084"><ele>374.0</ele><time>2025-06-15T09:28:27Z</time></trkpt>
    <trkpt lat="50.4591531" lon="6.0841955"><ele>375.3</ele><time>2025-06-15T09:28:29Z</time></trkpt>
    <trkpt lat="50.4591280" lon="6.0843410"><ele>376.0</ele><time>2025-06-15T09:28:30Z</time></trkpt>
    <trkpt lat="50.4591191" lon="6.0844922"><ele>376.2</ele><time>2025-06-15T09:28:32Z</time></trkpt>
    <trkpt lat="50.4590920" lon="6.0845843"><ele>377.9</ele><time>2025-06-15T09:28:33Z</time></trkpt>
    <trkpt lat="50.4590628" lon="6.0847504"><ele>377.8</ele><time>2025-06-15T09:28:34Z</time></trkpt>
    <trkpt lat="50.4590153" lon="6.0848865"><ele>379.0</ele><time>2025-06-15T09:28:36Z</time></trkpt>
    <trkpt lat="50.4589958" lon="6.0850475"><ele>380.0</ele><time>2025-06-15T09:28:37Z</time></trkpt>
    <trkpt lat="50.4589550" lon="6.0851418"><ele>380.6</ele><time>2025-06-15T09:28:39Z</time></trkpt>
    <trkpt lat="50.4589451" lon="6.0852736"><ele>381.0</ele><time>2025-06-15T09:28:40Z</time></trkpt>
    <trkpt lat="50.4588995" lon="6.0854260"><ele>381.5</ele><time>2025-06-15T09:28:42Z</time></trkpt>
    <trkpt lat="50.4588959" lon="6.0855656"><ele>383.7</ele><time>2025-06-15T09:28:43Z</time></trkpt>
    <trkpt lat="50.4588373" lon="6.0856647"><ele>383.7</ele><time>2025-06-15T09:28:44Z</time></trkpt>
    <trkpt lat="50.4588013" lon="6.0858248"><ele>384.4</ele><time>2025-06-15T09:28:46Z</time></trkpt>
    <trkpt lat="50.4587907" lon="6.0859443"><ele>385.1</ele><time>2025-06-15T09:28:47Z</time></trkpt>
    <trkpt lat="50.4587436" lon="6.0860757"><ele>386.5</ele><time>2025-06-15T09:28:49Z</time></trkpt>
    <trkpt lat="50.4587165" lon="6.0862090"><ele>387.3</ele><time>2025-06-15T09:28:50Z</time></trkpt>
    <trkpt lat="50.4586687" lon="6.0863766"><ele>388.1</ele><time>2025-06-15T09:28:52Z</time></trkpt>
    <trkpt lat="50.4586842" lon="6.0865057"><ele>389.1</ele><time>2025-06-15T09:28:53Z</time></trkpt>
    <trkpt lat="50.4585929" lon="6.0866097"><ele>389.6</ele><time>2025-06-15T09:28:54Z</time></trkpt>
    <trkpt lat="50.4585747" lon="6.0867459"><ele>389.8</ele><time>2025-06-15T09:28:56Z</time></trkpt>
    <trkpt lat="50.4585570" lon="6.0868811"><ele>391.2</ele><time>2025-06-15T09:28:57Z</time></trkpt>
    <trkpt lat="50.4585162" lon="6.0870277"><ele>391.7</ele><time>2025-06-15T09:28:59Z</time></trkpt>
    <trkpt lat="50.4584954" lon="6.0871574"><ele>393.2</ele><time>2025-06-15T09:29:00Z</time></trkpt>
    <trkpt lat="50.4584862" lon="6.0872374"><ele>393.5</ele><time>2025-06-15T09:29:02Z</time></trkpt>
    <trkpt lat="50.4584349" lon="6.0873768"><ele>394.5</ele><time>2025-06-15T09:29:03Z</time></trkpt>
    <trkpt lat="50.4583979" lon="6.0874952"><ele>395.6</ele><time>2025-06-15T09:29:04Z</time></trkpt>
    <trkpt lat="50.4583790" lon="6.0876562"><ele>395.6</ele><time>2025-06-15T09:29:06Z</time></trkpt>
    <trkpt lat="50.4583415" lon="6.0877972"><ele>396.6</ele><time>2025-06-15T09:29:07Z</time></trkpt>
    <trkpt lat="50.4583259" lon="6.0879382"><ele>398.0</ele><time>2025-06-15T09:29:09Z</time></trkpt>
    <trkpt lat="50.4582825" lon="6.0880417"><ele>399.0</ele><time>2025-06-15T09:29:10Z</time></trkpt>
    <trkpt lat="50.4582709" lon="6.0881629"><ele>399.8</ele><time>2025-06-15T09:29:12Z</time></trkpt>
    <trkpt lat="50.4582217" lon="6.0883303"><ele>399.9</ele><time>2025-06-15T09:29:13Z</time></trkpt>
    <trkpt lat="50.4581943" lon="6.0884783"><ele>400.7</ele><time>2025-06-15T09:29:14Z</time></trkpt>
    <trkpt lat="50.4581781" lon="6.0885765"><ele>401.8</ele><time>2025-06-15T09:29:16Z</time></trkpt>
    <trkpt lat="50.4581305" lon="6.0887399"><ele>403.7</ele><time>2025-06-15T09:29:17Z</time></trkpt>
    <trkpt lat="50.4580942" lon="6.0888326"><ele>403.5</ele><time>2025-06-15T09:29:19Z</time></trkpt>
    <trkpt lat="50.4580630" lon="6.0889859"><ele>404.4</ele><time>2025-06-15T09:29:20Z</time></trkpt>
    <trkpt lat="50.4580356" lon="6.0891279"><ele>405.5</ele><time>2025-06-15T09:29:22Z</time></trkpt>
    <trkpt lat="50.4580097" lon="6.0892429"><ele>406.7</ele><time>2025-06-15T09:29:23Z</time></trkpt>
    <trkpt lat="50.4579723" lon="6.0894325"><ele>407.6</ele><time>2025-06-15T09:29:24Z</time></trkpt>
    <trkpt lat="50.4579315" lon="6.0895229"><ele>407.7</ele><time>2025-06-15T09:29:26Z</time></trkpt>
    <trkpt lat="50.4579193" lon="6.0896610"><ele>408.8</ele><time>2025-06-15T09:29:27Z</time></trkpt>
    <trkpt lat="50.4578953" lon="6.0897722"><ele>410.4</ele><time>2025-06-15T09:29:29Z</time></trkpt>
    <trkpt lat="50.4578311" lon="6.0899365"><ele>410.1</ele><time>2025-06-15T09:29:30Z</time></trkpt>
    <trkpt lat="50.4578247" lon="6.0900209"><ele>411.0</ele><time>2025-06-15T09:29:32Z</time></trkpt>
    <trkpt lat="50.4577802" lon="6.0901826"><ele>412.3</ele><time>2025-06-15T09:29:33Z</time></trkpt>
    <trkpt lat="50.4577478" lon="6.0902825"><ele>413.4</ele><time>2025-06-15T09:29:34Z</time></trkpt>
    <trkpt lat="50.4577017" lon="6.0904807"><ele>413.3</ele><time>2025-06-15T09:29:36Z</time></trkpt>
    <trkpt lat="50.4576896" lon="6.0905320"><ele>414.4</ele><time>2025-06-15T09:29:37Z</time></trkpt>
    <trkpt lat="50.4576462" lon="6.0907268"><ele>415.3</ele><time>2025-06-15T09:29:39Z</time></trkpt>
    <trkpt lat="50.4576049" lon="6.0908326"><ele>415.3</ele><time>2025-06-15T09:29:40Z</time></trkpt>
    <trkpt lat="50.4575980" lon="6.0909614"><ele>416.9</ele><time>2025-06-15T09:29:42Z</time></trkpt>
    <trkpt lat="50.4575901" lon="6.0911141"><ele>418.3</ele><time>2025-06-15T09:29:43Z</time></trkpt>
    <trkpt lat="50.4575450" lon="6.0912245"><ele>417.9</ele><time>2025-06-15T09:29:44Z</time></trkpt>
    <trkpt lat="50.4575051" lon="6.0913364"><ele>419.1</ele><time>2025-06-15T09:29:46Z</time></trkpt>
    <trkpt lat="50.4574844" lon="6.0915018"><ele>420.1</ele><time>2025-06-15T09:29:47Z</time></trkpt>
    <trkpt lat="50.4574543" lon="6.0916626"><ele>421.5</ele><time>2025-06-15T09:29:49Z</time></trkpt>
    <trkpt lat="50.4574183" lon="6.0917660"><ele>421.9</ele><time>2025-06-15T09:29:50Z</time></trkpt>
    <trkpt lat="50.4573636" lon="6.0919218"><ele>422.4</ele><time>2025-06-15T09:29:52Z</time></trkpt>
    <trkpt lat="50.4573613" lon="6.0920206"><ele>423.3</ele><time>2025-06-15T09:29:53Z</time></trkpt>
    <trkpt lat="50.4573196" lon="6.0921843"><ele>423.9</ele><time>2025-06-15T09:29:54Z</time></trkpt>
    <trkpt lat="50.4572816" lon="6.0923292"><ele>424.5</ele><time>2025-06-15T09:29:56Z</time></trkpt>
    <trkpt lat="50.4572628" lon="6.0924467"><ele>425.4</ele><time>2025-06-15T09:29:57Z</time></trkpt>
    <trkpt lat="50.4572176" lon="6.0925659"><ele>427.0</ele><time>2025-06-15T09:29:59Z</time></trkpt>
    <trkpt lat="50.4571784" lon="6.0926776"><ele>427.5</ele><time>2025-06-15T09:30:00Z</time></trkpt>
    <trkpt lat="50.4571555" lon="6.0927719"><ele>427.5</ele><time>2025-06-15T09:30:02Z</time></trkpt>
    <trkpt lat="50.4571486" lon="6.0929525"><ele>428.9</ele><time>2025-06-15T09:30:03Z</time></trkpt>
    <trkpt lat="50.4570944" lon="6.0931127"><ele>429.0</ele><time>2025-06-15T09:30:04Z</time></trkpt>
    <trkpt lat="50.4570585" lon="6.0931952"><ele>429.7</ele><time>2025-06-15T09:30:06Z</time></trkpt>
    <trkpt lat="50.4570189" lon="6.0933583"><ele>431.6</ele><time>2025-06-15T09:30:07Z</time></trkpt>
    <trkpt lat="50.4569959" lon="6.0934925"><ele>431.9</ele><time>2025-06-15T09:30:09Z</time></trkpt>
    <trkpt lat="50.4569925" lon="6.0936160"><ele>432.2</ele><time>2025-06-15T09:30:10Z</time></trkpt>
    <trkpt lat="50.4569536" lon="6.0937343"><ele>432.8</ele><time>2025-06-15T09:30:12Z</time></trkpt>
    <trkpt lat="50.4569180" lon="6.0938325"><ele>433.9</ele><time>2025-06-15T09:30:13Z</time></trkpt>
    <trkpt lat="50.4568915" lon="6.0939640"><ele>434.2</ele><time>2025-06-15T09:30:14Z</time></trkpt>
    <trkpt lat="50.4568663" lon="6.0941489"><ele>435.1</ele><time>2025-06-15T09:30:16Z</time></trkpt>
    <trkpt lat="50.4568036" lon="6.0942586"><ele>435.1</ele><time>2025-06-15T09:30:17Z</time></trkpt>
    <trkpt lat="50.4568053" lon="6.0944175"><ele>436.2</ele><time>2025-06-15T09:30:19Z</time></trkpt>
    <trkpt lat="50.4567738" lon="6.0945953"><ele>437.2</ele><time>2025-06-15T09:30:20Z</time></trkpt>
    <trkpt lat="50.4567353" lon="6.0946907"><ele>437.8</ele><time>2025-06-15T09:30:22Z</time></trkpt>
    <trkpt lat="50.4566868" lon="6.0948205"><ele>439.0</ele><time>2025-06-15T09:30:23Z</time></trkpt>
    <trkpt lat="50.4566871" lon="6.0949319"><ele>440.0</ele><time>2025-06-15T09:30:24Z</time></trkpt>
    <trkpt lat="50.4566208" lon="6.0950808"><ele>439.7</ele><time>2025-06-15T09:30:26Z</time></trkpt>
    <trkpt lat="50.4566156" lon="6.0952150"><ele>440.7</ele><time>2025-06-15T09:30:27Z</time></trkpt>
    <trkpt lat="50.4565794" lon="6.0953695"><ele>441.9</ele><time>2025-06-15T09:30:29Z</time></trkpt>
    <trkpt lat="50.4565564" lon="6.0954504"><ele>441.3</ele><time>2025-06-15T09:30:30Z</time></trkpt>
    <trkpt lat="50.4565102" lon="6.0956187"><ele>442.7</ele><time>2025-06-15T09:30:32Z</time></trkpt>
    <trkpt lat="50.4564653" lon="6.0957336"><ele>443.2</ele><time>2025-06-15T09:30:33Z</time></trkpt>
    <trkpt lat="50.4564631" lon="6.0958627"><ele>444.3</ele><time>2025-06-15T09:30:34Z</time></trkpt>
    <trkpt lat="50.4564186" lon="6.0959984"><ele>444.7</ele><time>2025-06-15T09:30:36Z</time></trkpt>
    <trkpt lat="50.4563934" lon="6.0961418"><ele>446.4</ele><time>2025-06-15T09:30:37Z</time></trkpt>
    <trkpt lat="50.4563464" lon="6.0962696"><ele>446.2</ele><time>2025-06-15T09:30:39Z</time></trkpt>
    <trkpt lat="50.4563475" lon="6.0963837"><ele>446.9</ele><time>2025-06-15T09:30:40Z</time></trkpt>
    <trkpt lat="50.4562731" lon="6.0965436"><ele>448.4</ele><time>2025-06-15T09:30:42Z</time></trkpt>
    <trkpt lat="50.4562547" lon="6.0966535"><ele>447.7</ele><time>2025-06-15T09:30:43Z</time></trkpt>
    <trkpt lat="50.4562511" lon="6.0967837"><ele>448.3</ele><time>2025-06-15T09:30:44Z</time></trkpt>
    <trkpt lat="50.4562168" lon="6.0969290"><ele>448.7</ele><time>2025-06-15T09:30:46Z</time></trkpt>
    <trkpt lat="50.4561907" lon="6.0970663"><ele>450.3</ele><time>2025-06-15T09:30:47Z</time></trkpt>
    <trkpt lat="50.4561575" lon="6.0971867"><ele>449.5</ele><time>2025-06-15T09:30:49Z</time></trkpt>
    <trkpt lat="50.4561033" lon="6.0973348"><ele>451.2</ele><time>2025-06-15T09:30:50Z</time></trkpt>
    <trkpt lat="50.4560407" lon="6.0974480"><ele>451.2</ele><time>2025-06-15T09:30:52Z</time></trkpt>
    <trkpt lat="50.4560653" lon="6.0975799"><ele>451.8</ele><time>2025-06-15T09:30:53Z</time></trkpt>
    <trkpt lat="50.4560184" lon="6.0977103"><ele>452.8</ele><time>2025-06-15T09:30:54Z</time></trkpt>
    <trkpt lat="50.4559914" lon="6.0978482"><ele>453.3</ele><time>2025-06-15T09:30:56Z</time></trkpt>
    <trkpt lat="50.4559605" lon="6.0979926"><ele>453.6</ele><time>2025-06-15T09:30:57Z</time></trkpt>
    <trkpt lat="50.4558962" lon="6.0981158"><ele>454.9</ele><time>2025-06-15T09:30:59Z</time></trkpt>
    <trkpt lat="50.4558971" lon="6.0982403"><ele>454.9</ele><time>2025-06-15T09:31:00Z</time></trkpt>
    <trkpt lat="50.4558612" lon="6.0983838"><ele>455.6</ele><time>2025-06-15T09:31:02Z</time></trkpt>
    <trkpt lat="50.4558331" lon="6.0984857"><ele>456.4</ele><time>2025-06-15T09:31:03Z</time></trkpt>
    <trkpt lat="50.4558026" lon="6.0986595"><ele>456.8</ele><time>2025-06-15T09:31:04Z</time></trkpt>
    <trkpt lat="50.4557649" lon="6.0987752"><ele>457.4</ele><time>2025-06-15T09:31:06Z</time></trkpt>
    <trkpt lat="50.4557483" lon="6.0989383"><ele>458.1</ele><time>2025-06-15T09:31:07Z</time></trkpt>
    <trkpt lat="50.4557106" lon="6.0990448"><ele>458.4</ele><time>2025-06-15T09:31:09Z</time></trkpt>
    <trkpt lat="50.4557010" lon="6.0991861"><ele>459.6</ele><time>2025-06-15T09:31:10Z</time></trkpt>
    <trkpt lat="50.4556415" lon="6.0992962"><ele>460.3</ele><time>2025-06-15T09:31:12Z</time></trkpt>
    <trkpt lat="50.4556540" lon="6.0994531"><ele>460.4</ele><time>2025-06-15T09:31:13Z</time></trkpt>
    <trkpt lat="50.4555763" lon="6.0995614"><ele>460.9</ele><time>2025-06-15T09:31:14Z</time></trkpt>
    <trkpt lat="50.4555562" lon="6.0996617"><ele>460.5</ele><time>2025-06-15T09:31:16Z</time></trkpt>
    <trkpt lat="50.4555469" lon="6.0998710"><ele>460.8</ele><time>2025-06-15T09:31:17Z</time></trkpt>
    <trkpt lat="50.4554881" lon="6.0999860"><ele>462.6</ele><time>2025-06-15T09:31:19Z</time></trkpt>
    <trkpt lat="50.4554534" lon="6.1001196"><ele>462.5</ele><time>2025-06-15T09:31:20Z</time></trkpt>
    <trkpt lat="50.4554372" lon="6.1002090"><ele>463.6</ele><time>2025-06-15T09:31:22Z</time></trkpt>
    <trkpt lat="50.4554025" lon="6.1003452"><ele>463.4</ele><time>2025-06-15T09:31:23Z</time></trkpt>
    <trkpt lat="50.4553467" lon="6.1004643"><ele>464.4</ele><time>2025-06-15T09:31:24Z</time></trkpt>
    <trkpt lat="50.4553326" lon="6.1006062"><ele>465.1</ele><time>2025-06-15T09:31:26Z</time></trkpt>
    <trkpt lat="50.4553087" lon="6.1007642"><ele>465.8</ele><time>2025-06-15T09:31:27Z</time></trkpt>
    <trkpt lat="50.4552783" lon="6.1008886"><ele>466.7</ele><time>2025-06-15T09:31:29Z</time></trkpt>
    <trkpt lat="50.4552452" lon="6.1010215"><ele>466.9</ele><time>2025-06-15T09:31:30Z</time></trkpt>
    <trkpt lat="50.4552340" lon="6.1011590"><ele>466.9</ele><time>2025-06-15T09:31:32Z</time></trkpt>
    <trkpt lat="50.4551987" lon="6.1012889"><ele>467.0</ele><time>2025-06-15T09:31:33Z</time></trkpt>
    <trkpt lat="50.4551694" lon="6.1014147"><ele>467.8</ele><time>2025-06-15T09:31:34Z</time></trkpt>
    <trkpt lat="50.4551322" lon="6.1015919"><ele>468.1</ele><time>2025-06-15T09:31:36Z</time></trkpt>
    <trkpt lat="50.4550980" lon="6.1016623"><ele>468.9</ele><time>2025-06-15T09:31:37Z</time></trkpt>
    <trkpt lat="50.4550700" lon="6.1018026"><ele>469.5</ele><time>2025-06-15T09:31:39Z</time></trkpt>
    <trkpt lat="50.4550132" lon="6.1019470"><ele>469.5</ele><time>2025-06-15T09:31:40Z</time></trkpt>
    <trkpt lat="50.4550031" lon="6.1020867"><ele>470.3</ele><time>2025-06-15T09:31:42Z</time></trkpt>
    <trkpt lat="50.4549559" lon="6.1022169"><ele>471.0</ele><time>2025-06-15T09:31:43Z</time></trkpt>
    <trkpt lat="50.4549302" lon="6.1023861"><ele>471.3</ele><time>2025-06-15T09:31:44Z</time></trkpt>
    <trkpt lat="50.4548958" lon="6.1024654"><ele>472.4</ele><time>2025-06-15T09:31:46Z</time></trkpt>
    <trkpt lat="50.4548495" lon="6.1026403"><ele>472.2</ele><time>2025-06-15T09:31:47Z</time></trkpt>
    <trkpt lat="50.4548388" lon="6.1027330"><ele>472.1</ele><time>2025-06-15T09:31:49Z</time></trkpt>
    <trkpt lat="50.4548145" lon="6.1028610"><ele>473.4</ele><time>2025-06-15T09:31:50Z</time></trkpt>
    <trkpt lat="50.4547668" lon="6.1030060"><ele>472.9</ele><time>2025-06-15T09:31:52Z</time></trkpt>
    <trkpt lat="50.4547551" lon="6.1031337"><ele>474.2</ele><time>2025-06-15T09:31:53Z</time></trkpt>
    <trkpt lat="50.4547220" lon="6.1032849"><ele>475.8</ele><time>2025-06-15T09:31:54Z</time></trkpt>
    <trkpt lat="50.4546991" lon="6.1034010"><ele>475.0</ele><time>2025-06-15T09:31:56Z</time></trkpt>
    <trkpt lat="50.4546570" lon="6.1035285"><ele>475.7</ele><time>2025-06-15T09:31:57Z</time></trkpt>
    <trkpt lat="50.4546425" lon="6.1036498"><ele>476.4</ele><time>2025-06-15T09:31:59Z</time></trkpt>
    <trkpt lat="50.4546274" lon="6.1038003"><ele>476.4</ele><time>2025-06-15T09:32:00Z</time></trkpt>
    <trkpt lat="50.4545336" lon="6.1039412"><ele>476.9</ele><time>2025-06-15T09:32:02Z</time></trkpt>
    <trkpt lat="50.4545433" lon="6.1040546"><ele>477.8</ele><time>2025-06-15T09:32:03Z</time></trkpt>
    <trkpt lat="50.4544897" lon="6.1041952"><ele>477.2</ele><time>2025-06-15T09:32:04Z</time></trkpt>
    <trkpt lat="50.4544704" lon="6.1043650"><ele>477.3</ele><time>2025-06-15T09:32:06Z</time></trkpt>
    <trkpt lat="50.4544432" lon="6.1044489"><ele>478.6</ele><time>2025-06-15T09:32:07Z</time></trkpt>
    <trkpt lat="50.4544326" lon="6.1045639"><ele>479.1</ele><time>2025-06-15T09:32:09Z</time></trkpt>
    <trkpt lat="50.4543828" lon="6.1047327"><ele>479.5</ele><time>2025-06-15T09:32:10Z</time></trkpt>
    <trkpt lat="50.4543584" lon="6.1048448"><ele>479.9</ele><time>2025-06-15T09:32:12Z</time></trkpt>
    <trkpt lat="50.4543290" lon="6.1049898"><ele>480.5</ele><time>2025-06-15T09:32:13Z</time></trkpt>
    <trkpt lat="50.4542829" lon="6.1051388"><ele>481.1</ele><time>2025-06-15T09:32:14Z</time></trkpt>
    <trkpt lat="50.4542792" lon="6.1052763"><ele>482.1</ele><time>2025-06-15T09:32:16Z</time></trkpt>
    <trkpt lat="50.4542270" lon="6.1054006"><ele>482.1</ele><time>2025-06-15T09:32:17Z</time></trkpt>
    <trkpt lat="50.4542061" lon="6.1055157"><ele>482.6</ele><time>2025-06-15T09:32:19Z</time></trkpt>
    <trkpt lat="50.4541642" lon="6.1056466"><ele>482.1</ele><time>2025-06-15T09:32:20Z</time></trkpt>
    <trkpt lat="50.4541350" lon="6.1057728"><ele>483.0</ele><time>2025-06-15T09:32:22Z</time></trkpt>
    <trkpt lat="50.4541146" lon="6.1059194"><ele>483.9</ele><time>2025-06-15T09:32:23Z</time></trkpt>
    <trkpt lat="50.4540685" lon="6.1059962"><ele>484.4</ele><time>2025-06-15T09:32:24Z</time></trkpt>
    <trkpt lat="50.4540549" lon="6.1061689"><ele>484.7</ele><time>2025-06-15T09:32:26Z</time></trkpt>
    <trkpt lat="50.4540170" lon="6.1063286"><ele>486.2</ele><time>2025-06-15T09:32:27Z</time></trkpt>
    <trkpt lat="50.4540050" lon="6.1064497"><ele>486.2</ele><time>2025-06-15T09:32:29Z</time></trkpt>
    <trkpt lat="50.4539255" lon="6.1065784"><ele>487.0</ele><time>2025-06-15T09:32:30Z</time></trkpt>
    <trkpt lat="50.4539512" lon="6.1067080"><ele>487.7</ele><time>2025-06-15T09:32:32Z</time></trkpt>
    <trkpt lat="50.4539104" lon="6.1068348"><ele>487.8</ele><time>2025-06-15T09:32:33Z</time></trkpt>
    <trkpt lat="50.4539039" lon="6.1069800"><ele>488.5</ele><time>2025-06-15T09:32:34Z</time></trkpt>
    <trkpt lat="50.4538942" lon="6.1071560"><ele>488.1</ele><time>2025-06-15T09:32:36Z</time></trkpt>
    <trkpt lat="50.4539019" lon="6.1072579"><ele>488.8</ele><time>2025-06-15T09:32:37Z</time></trkpt>
    <trkpt lat="50.4538795" lon="6.1074314"><ele>489.1</ele><time>2025-06-15T09:32:39Z</time></trkpt>
    <trkpt lat="50.4538994" lon="6.1076018"><ele>490.1</ele><time>2025-06-15T09:32:40Z</time></trkpt>
    <trkpt lat="50.4538907" lon="6.1077026"><ele>490.4</ele><time>2025-06-15T09:32:42Z</time></trkpt>
    <trkpt lat="50.4538995" lon="6.1078300"><ele>490.0</ele><time>2025-06-15T09:32:43Z</time></trkpt>
    <trkpt lat="50.4539055" lon="6.1079663"><ele>491.8</ele><time>2025-06-15T09:32:44Z</time></trkpt>
    <trkpt lat="50.4539691" lon="6.1081530"><ele>492.1</ele><time>2025-06-15T09:32:46Z</time></trkpt>
    <trkpt lat="50.4539466" lon="6.1083035"><ele>492.3</ele><time>2025-06-15T09:32:47Z</time></trkpt>
    <trkpt lat="50.4539959" lon="6.1084184"><ele>493.7</ele><time>2025-06-15T09:32:49Z</time></trkpt>
    <trkpt lat="50.4540059" lon="6.1084950"><ele>493.0</ele><time>2025-06-15T09:32:50Z</time></trkpt>
    <trkpt lat="50.4540439" lon="6.1086673"><ele>494.4</ele><time>2025-06-15T09:32:52Z</time></trkpt>
    <trkpt lat="50.4540469" lon="6.1087837"><ele>494.5</ele><time>2025-06-15T09:32:53Z</time></trkpt>
    <trkpt lat="50.4541090" lon="6.1089533"><ele>495.2</ele><time>2025-06-15T09:32:54Z</time></trkpt>
    <trkpt lat="50.4541236" lon="6.1090780"><ele>495.8</ele><time>2025-06-15T09:32:56Z</time></trkpt>
    <trkpt lat="50.4541823" lon="6.1091665"><ele>495.7</ele><time>2025-06-15T09:32:57Z</time></trkpt>
    <trkpt lat="50.4542524" lon="6.1092788"><ele>496.8</ele><time>2025-06-15T09:32:59Z</time></trkpt>
    <trkpt lat="50.4542939" lon="6.1094290"><ele>498.1</ele><time>2025-06-15T09:33:00Z</time></trkpt>
    <trkpt lat="50.4543004" lon="6.1095454"><ele>498.4</ele><time>2025-06-15T09:33:02Z</time></trkpt>
    <trkpt lat="50.4543781" lon="6.1096083"><ele>498.7</ele><time>2025-06-15T09:33:03Z</time></trkpt>
    <trkpt lat="50.4544168" lon="6.1097079"><ele>500.1</ele><time>2025-06-15T09:33:04Z</time></trkpt>
    <trkpt lat="50.4544563" lon="6.1098805"><ele>499.8</ele><time>2025-06-15T09:33:06Z</time></trkpt>
    <trkpt lat="50.4545035" lon="6.1100202"><ele>500.7</ele><time>2025-06-15T09:33:07Z</time></trkpt>
    <trkpt lat="50.4545715" lon="6.1101466"><ele>501.5</ele><time>2025-06-15T09:33:09Z</time></trkpt>
    <trkpt lat="50.4545946" lon="6.1102466"><ele>502.4</ele><time>2025-06-15T09:33:10Z</time></trkpt>
    <trkpt lat="50.4546261" lon="6.1103784"><ele>502.3</ele><time>2025-06-15T09:33:12Z</time></trkpt>
    <trkpt lat="50.4546601" lon="6.1104828"><ele>503.5</ele><time>2025-06-15T09:33:13Z</time></trkpt>
    <trkpt lat="50.4547239" lon="6.1106225"><ele>503.6</ele><time>2025-06-15T09:33:14Z</time></trkpt>
    <trkpt lat="50.4547797" lon="6.1107467"><ele>504.0</ele><time>2025-06-15T09:33:16Z</time></trkpt>
    <trkpt lat="50.4548167" lon="6.1109000"><ele>504.8</ele><time>2025-06-15T09:33:17Z</time></trkpt>
    <trkpt lat="50.4548453" lon="6.1109801"><ele>504.9</ele><time>2025-06-15T09:33:19Z</time></trkpt>
    <trkpt lat="50.4548921" lon="6.1111038"><ele>506.0</ele><time>2025-06-15T09:33:20Z</time></trkpt>
    <trkpt lat="50.4549707" lon="6.1112416"><ele>506.1</ele><time>2025-06-15T09:33:22Z</time></trkpt>
    <trkpt lat="50.4549939" lon="6.1113780"><ele>507.3</ele><time>2025-06-15T09:33:23Z</time></trkpt>
    <trkpt lat="50.4550437" lon="6.1114743"><ele>507.8</ele><time>2025-06-15T09:33:24Z</time></trkpt>
    <trkpt lat="50.4550804" lon="6.1116030"><ele>509.0</ele><time>2025-06-15T09:33:26Z</time></trkpt>
    <trkpt lat="50.4551441" lon="6.1117377"><ele>509.6</ele><time>2025-06-15T09:33:27Z</time></trkpt>
    <trkpt lat="50.4551460" lon="6.1118178"><ele>510.5</ele><time>2025-06-15T09:33:29Z</time></trkpt>
    <trkpt lat="50.4552220" lon="6.1119654"><ele>510.0</ele><time>2025-06-15T09:33:30Z</time></trkpt>
    <trkpt lat="50.4552402" lon="6.1120911"><ele>511.3</ele><time>2025-06-15T09:33:32Z</time></trkpt>
    <trkpt lat="50.4553119" lon="6.1122268"><ele>511.9</ele><time>2025-06-15T09:33:33Z</time></trkpt>
    <trkpt lat="50.4553631" lon="6.1123368"><ele>512.4</ele><time>2025-06-15T09:33:34Z</time></trkpt>
    <trkpt lat="50.4553919" lon="6.1124744"><ele>513.5</ele><time>2025-06-15T09:33:36Z</time></trkpt>
    <trkpt lat="50.4554305" lon="6.1125569"><ele>514.0</ele><time>2025-06-15T09:33:37Z</time></trkpt>
    <trkpt lat="50.4554806" lon="6.1126882"><ele>514.6</ele><time>2025-06-15T09:33:39Z</time></trkpt>
    <trkpt lat="50.4555396" lon="6.1128415"><ele>515.7</ele><time>2025-06-15T09:33:40Z</time></trkpt>
    <trkpt lat="50.4555690" lon="6.1129891"><ele>516.0</ele><time>2025-06-15T09:33:42Z</time></trkpt>
    <trkpt lat="50.4556216" lon="6.1130611"><ele>516.7</ele><time>2025-06-15T09:33:43Z</time></trkpt>
    <trkpt lat="50.4556751" lon="6.1131913"><ele>517.4</ele><time>2025-06-15T09:33:44Z</time></trkpt>
    <trkpt lat="50.4557159" lon="6.1133281"><ele>517.9</ele><time>2025-06-15T09:33:46Z</time></trkpt>
    <trkpt lat="50.4557441" lon="6.1134883"><ele>518.6</ele><time>2025-06-15T09:33:47Z</time></trkpt>
    <trkpt lat="50.4557988" lon="6.1135938"><ele>520.2</ele><time>2025-06-15T09:33:49Z</time></trkpt>
    <trkpt lat="50.4558092" lon="6.1137005"><ele>520.5</ele><time>2025-06-15T09:33:50Z</time></trkpt>
    <trkpt lat="50.4559159" lon="6.1137800"><ele>520.6</ele><time>2025-06-15T09:33:52Z</time></trkpt>
    <trkpt lat="50.4559354" lon="6.1139344"><ele>521.7</ele><time>2025-06-15T09:33:53Z</time></trkpt>
    <trkpt lat="50.4560152" lon="6.1140568"><ele>522.4</ele><time>2025-06-15T09:33:54Z</time></trkpt>
    <trkpt lat="50.4560183" lon="6.1141724"><ele>523.2</ele><time>2025-06-15T09:33:56Z</time></trkpt>
    <trkpt lat="50.4560745" lon="6.1142614"><ele>523.5</ele><time>2025-06-15T09:33:57Z</time></trkpt>
    <trkpt lat="50.4561021" lon="6.1144116"><ele>525.4</ele><time>2025-06-15T09:33:59Z</time></trkpt>
    <trkpt lat="50.4561418" lon="6.1145200"><ele>525.9</ele><time>2025-06-15T09:34:00Z</time></trkpt>
    <trkpt lat="50.4562050" lon="6.1146494"><ele>526.0</ele><time>2025-06-15T09:34:02Z</time></trkpt>
    <trkpt lat="50.4562718" lon="6.1147912"><ele>527.2</ele><time>2025-06-15T09:34:03Z</time></trkpt>
    <trkpt lat="50.4562692" lon="6.1148780"><ele>528.2</ele><time>2025-06-15T09:34:04Z</time></trkpt>
    <trkpt lat="50.4563461" lon="6.1150186"><ele>529.2</ele><time>2025-06-15T09:34:06Z</time></trkpt>
    <trkpt lat="50.4564172" lon="6.1151574"><ele>528.9</ele><time>2025-06-15T09:34:07Z</time></trkpt>
    <trkpt lat="50.4564271" lon="6.1152621"><ele>530.5</ele><time>2025-06-15T09:34:09Z</time></trkpt>
    <trkpt lat="50.4564887" lon="6.1153934"><ele>531.7</ele><time>2025-06-15T09:34:10Z</time></trkpt>
    <trkpt lat="50.4565098" lon="6.1155326"><ele>532.3</ele><time>2025-06-15T09:34:12Z</time></trkpt>
    <trkpt lat="50.4565513" lon="6.1156360"><ele>533.3</ele><time>2025-06-15T09:34:13Z</time></trkpt>
    <trkpt lat="50.4566197" lon="6.1157751"><ele>534.1</ele><time>2025-06-15T09:34:14Z</time></trkpt>
    <trkpt lat="50.4566583" lon="6.1159078"><ele>534.2</ele><time>2025-06-15T09:34:16Z</time></trkpt>
    <trkpt lat="50.4566874" lon="6.1160214"><ele>535.6</ele><time>2025-06-15T09:34:17Z</time></trkpt>
    <trkpt lat="50.4567338" lon="6.1161236"><ele>536.4</ele><time>2025-06-15T09:34:19Z</time></trkpt>
    <trkpt lat="50.4567836" lon="6.1162332"><ele>536.9</ele><time>2025-06-15T09:34:20Z</time></trkpt>
    <trkpt lat="50.4568474" lon="6.1163875"><ele>538.5</ele><time>2025-06-15T09:34:22Z</time></trkpt>
    <trkpt lat="50.4568912" lon="6.1164950"><ele>538.5</ele><time>2025-06-15T09:34:23Z</time></trkpt>
    <trkpt lat="50.4569379" lon="6.1166011"><ele>539.2</ele><time>2025-06-15T09:34:24Z</time></trkpt>
    <trkpt lat="50.4569885" lon="6.1167596"><ele>539.9</ele><time>2025-06-15T09:34:26Z</time></trkpt>
    <trkpt lat="50.4570139" lon="6.1168353"><ele>541.4</ele><time>2025-06-15T09:34:27Z</time></trkpt>
    <trkpt lat="50.4570597" lon="6.1169605"><ele>542.6</ele><time>2025-06-15T09:34:29Z</time></trkpt>
    <trkpt lat="50.4571109" lon="6.1171199"><ele>543.3</ele><time>2025-06-15T09:34:30Z</time></trkpt>
    <trkpt lat="50.4571320" lon="6.1171995"><ele>543.0</ele><time>2025-06-15T09:34:32Z</time></trkpt>
    <trkpt lat="50.4572257" lon="6.1173249"><ele>544.3</ele><time>2025-06-15T09:34:33Z</time></trkpt>
    <trkpt lat="50.4572304" lon="6.1174639"><ele>544.5</ele><time>2025-06-15T09:34:34Z</time></trkpt>
    <trkpt lat="50.4572810" lon="6.1176095"><ele>546.0</ele><time>2025-06-15T09:34:36Z</time></trkpt>
    <trkpt lat="50.4573232" lon="6.1176858"><ele>547.1</ele><time>2025-06-15T09:34:37Z</time></trkpt>
    <trkpt lat="50.4573834" lon="6.1178252"><ele>547.7</ele><time>2025-06-15T09:34:39Z</time></trkpt>
    <trkpt lat="50.4573992" lon="6.1179745"><ele>549.0</ele><time>2025-06-15T09:34:40Z</time></trkpt>
    <trkpt lat="50.4574608" lon="6.1180683"><ele>549.1</ele><time>2025-06-15T09:34:42Z</time></trkpt>
    <trkpt lat="50.4575198" lon="6.1182174"><ele>550.0</ele><time>2025-06-15T09:34:43Z</time></trkpt>
    <trkpt lat="50.4575627" lon="6.1183391"><ele>551.4</ele><time>2025-06-15T09:34:44Z</time></trkpt>
    <trkpt lat="50.4575898" lon="6.1184350"><ele>552.2</ele><time>2025-06-15T09:34:46Z</time></trkpt>
    <trkpt lat="50.4576429" lon="6.1185578"><ele>553.8</ele><time>2025-06-15T09:34:47Z</time></trkpt>
    <trkpt lat="50.4576805" lon="6.1186728"><ele>553.4</ele><time>2025-06-15T09:34:49Z</time></trkpt>
    <trkpt lat="50.4577381" lon="6.1188273"><ele>554.9</ele><time>2025-06-15T09:34:50Z</time></trkpt>
    <trkpt lat="50.4577662" lon="6.1188992"><ele>556.2</ele><time>2025-06-15T09:34:52Z</time></trkpt>
    <trkpt lat="50.4577965" lon="6.1190422"><ele>557.2</ele><time>2025-06-15T09:34:53Z</time></trkpt>
    <trkpt lat="50.4578414" lon="6.1191673"><ele>557.4</ele><time>2025-06-15T09:34:54Z</time></trkpt>
    <trkpt lat="50.4579000" lon="6.1193030"><ele>558.7</ele><time>2025-06-15T09:34:56Z</time></trkpt>
    <trkpt lat="50.4579501" lon="6.1193968"><ele>559.3</ele><time>2025-06-15T09:34:57Z</time></trkpt>
    <trkpt lat="50.4579971" lon="6.1195435"><ele>560.3</ele><time>2025-06-15T09:34:59Z</time></trkpt>
    <trkpt lat="50.4580528" lon="6.1196667"><ele>560.8</ele><time>2025-06-15T09:35:00Z</time></trkpt>
    <trkpt lat="50.4580961" lon="6.1197898"><ele>562.4</ele><time>2025-06-15T09:35:02Z</time></trkpt>
    <trkpt lat="50.4581266" lon="6.1199378"><ele>563.7</ele><time>2025-06-15T09:35:03Z</time></trkpt>
    <trkpt lat="50.4581713" lon="6.1199935"><ele>563.6</ele><time>2025-06-15T09:35:04Z</time></trkpt>
    <trkpt lat="50.4582384" lon="6.1201317"><ele>564.5</ele><time>2025-06-15T09:35:06Z</time></trkpt>
    <trkpt lat="50.4582561" lon="6.1202727"><ele>565.3</ele><time>2025-06-15T09:35:07Z</time></trkpt>
    <trkpt lat="50.4582992" lon="6.1203961"><ele>566.8</ele><time>2025-06-15T09:35:09Z</time></trkpt>
    <trkpt lat="50.4583500" lon="6.1205299"><ele>567.7</ele><time>2025-06-15T09:35:10Z</time></trkpt>
    <trkpt lat="50.4584035" lon="6.1206339"><ele>568.1</ele><time>2025-06-15T09:35:12Z</time></trkpt>
    <trkpt lat="50.4584358" lon="6.1207724"><ele>569.3</ele><time>2025-06-15T09:35:13Z</time></trkpt>
    <trkpt lat="50.4584958" lon="6.1208784"><ele>569.7</ele><time>2025-06-15T09:35:14Z</time></trkpt>
    <trkpt lat="50.4585189" lon="6.1210356"><ele>571.0</ele><time>2025-06-15T09:35:16Z</time></trkpt>
    <trkpt lat="50.4585747" lon="6.1211543"><ele>571.5</ele><time>2025-06-15T09:35:17Z</time></trkpt>
    <trkpt lat="50.4586090" lon="6.1212403"><ele>572.6</ele><time>2025-06-15T09:35:19Z</time></trkpt>
    <trkpt lat="50.4586672" lon="6.1213760"><ele>573.8</ele><time>2025-06-15T09:35:20Z</time></trkpt>
    <trkpt lat="50.4587107" lon="6.1215218"><ele>573.7</ele><time>2025-06-15T09:35:22Z</time></trkpt>
    <trkpt lat="50.4587537" lon="6.1216413"><ele>575.8</ele><time>2025-06-15T09:35:23Z</time></trkpt>
    <trkpt lat="50.4587800" lon="6.1217655"><ele>576.6</ele><time>2025-06-15T09:35:24Z</time></trkpt>
    <trkpt lat="50.4588428" lon="6.1218275"><ele>577.6</ele><time>2025-06-15T09:35:26Z</time></trkpt>
    <trkpt lat="50.4588705" lon="6.1219597"><ele>578.3</ele><time>2025-06-15T09:35:27Z</time></trkpt>
    <trkpt lat="50.4589690" lon="6.1221310"><ele>579.2</ele><time>2025-06-15T09:35:29Z</time></trkpt>
    <trkpt lat="50.4590061" lon="6.1222250"><ele>580.3</ele><time>2025-06-15T09:35:30Z</time></trkpt>
    <trkpt lat="50.4590194" lon="6.1223519"><ele>581.1</ele><time>2025-06-15T09:35:32Z</time></trkpt>
    <trkpt lat="50.4590552" lon="6.1224670"><ele>581.6</ele><time>2025-06-15T09:35:33Z</time></trkpt>
    <trkpt lat="50.4591426" lon="6.1226072"><ele>582.2</ele><time>2025-06-15T09:35:34Z</time></trkpt>
    <trkpt lat="50.4591513" lon="6.1226900"><ele>583.0</ele><time>2025-06-15T09:35:36Z</time></trkpt>
    <trkpt lat="50.4592056" lon="6.1228205"><ele>584.0</ele><time>2025-06-15T09:35:37Z</time></trkpt>
    <trkpt lat="50.4592476" lon="6.1229574"><ele>585.1</ele><time>2025-06-15T09:35:39Z</time></trkpt>
    <trkpt lat="50.4593074" lon="6.1231011"><ele>586.4</ele><time>2025-06-15T09:35:40Z</time></trkpt>
    <trkpt lat="50.4593362" lon="6.1232175"><ele>586.9</ele><time>2025-06-15T09:35:42Z</time></trkpt>
    <trkpt lat="50.4593717" lon="6.1233773"><ele>587.7</ele><time>2025-06-15T09:35:43Z</time></trkpt>
    <trkpt lat="50.4594044" lon="6.1234354"><ele>588.3</ele><time>2025-06-15T09:35:44Z</time></trkpt>
    <trkpt lat="50.4594892" lon="6.1236071"><ele>589.4</ele><time>2025-06-15T09:35:46Z</time></trkpt>
    <trkpt lat="50.4595135" lon="6.1237125"><ele>589.5</ele><time>2025-06-15T09:35:47Z</time></trkpt>
    <trkpt lat="50.4595494" lon="6.1238190"><ele>591.6</ele><time>2025-06-15T09:35:49Z</time></trkpt>
    <trkpt lat="50.4595906" lon="6.1239302"><ele>591.7</ele><time>2025-06-15T09:35:50Z</time></trkpt>
    <trkpt lat="50.4596534" lon="6.1240687"><ele>593.1</ele><time>2025-06-15T09:35:52Z</time></trkpt>
    <trkpt lat="50.4596918" lon="6.1241809"><ele>593.4</ele><time>2025-06-15T09:35:53Z</time></trkpt>
    <trkpt lat="50.4597311" lon="6.1243199"><ele>594.3</ele><time>2025-06-15T09:35:54Z</time></trkpt>
    <trkpt lat="50.4597941" lon="6.1244214"><ele>594.6</ele><time>2025-06-15T09:35:56Z</time></trkpt>
    <trkpt lat="50.4598008" lon="6.1245888"><ele>595.9</ele><time>2025-06-15T09:35:57Z</time></trkpt>
    <trkpt lat="50.4598688" lon="6.1247200"><ele>596.8</ele><time>2025-06-15T09:35:59Z</time></trkpt>
    <trkpt lat="50.4599259" lon="6.1247887"><ele>598.3</ele><time>2025-06-15T09:36:00Z</time></trkpt>
    <trkpt lat="50.4599501" lon="6.1249224"><ele>598.5</ele><time>2025-06-15T09:36:02Z</time></trkpt>
    <trkpt lat="50.4600225" lon="6.1250393"><ele>599.0</ele><time>2025-06-15T09:36:03Z</time></trkpt>
    <trkpt lat="50.4600453" lon="6.1251872"><ele>599.3</ele><time>2025-06-15T09:36:04Z</time></trkpt>
    <trkpt lat="50.4600853" lon="6.1252949"><ele>601.0</ele><time>2025-06-15T09:36:06Z</time></trkpt>
    <trkpt lat="50.4601348" lon="6.1254325"><ele>601.6</ele><time>2025-06-15T09:36:07Z</time></trkpt>
    <trkpt lat="50.4601895" lon="6.1255392"><ele>602.0</ele><time>2025-06-15T09:36:09Z</time></trkpt>
    <trkpt lat="50.4602221" lon="6.1256665"><ele>603.8</ele><time>2025-06-15T09:36:10Z</time></trkpt>
    <trkpt lat="50.4602385" lon="6.1257543"><ele>603.5</ele><time>2025-06-15T09:36:12Z</time></trkpt>
    <trkpt lat="50.4603365" lon="6.1258930"><ele>605.0</ele><time>2025-06-15T09:36:13Z</time></trkpt>
    <trkpt lat="50.4603523" lon="6.1260282"><ele>606.0</ele><time>2025-06-15T09:36:14Z</time></trkpt>
    <trkpt lat="50.4604060" lon="6.1261377"><ele>607.0</ele><time>2025-06-15T09:36:16Z</time></trkpt>
    <trkpt lat="50.4604534" lon="6.1262314"><ele>607.0</ele><time>2025-06-15T09:36:17Z</time></trkpt>
    <trkpt lat="50.4604845" lon="6.1263926"><ele>607.9</ele><time>2025-06-15T09:36:19Z</time></trkpt>
    <trkpt lat="50.4605445" lon="6.1265393"><ele>608.9</ele><time>2025-06-15T09:36:20Z</time></trkpt>
    <trkpt lat="50.4605597" lon="6.1266686"><ele>609.3</ele><time>2025-06-15T09:36:22Z</time></trkpt>
    <trkpt lat="50.4606276" lon="6.1267381"><ele>610.0</ele><time>2025-06-15T09:36:23Z</time></trkpt>
    <trkpt lat="50.4606720" lon="6.1268738"><ele>610.8</ele><time>2025-06-15T09:36:24Z</time></trkpt>
    <trkpt lat="50.4607292" lon="6.1270088"><ele>612.2</ele><time>2025-06-15T09:36:26Z</time></trkpt>
    <trkpt lat="50.4607495" lon="6.1271278"><ele>612.8</ele><time>2025-06-15T09:36:27Z</time></trkpt>
    <trkpt lat="50.4608152" lon="6.1272757"><ele>613.1</ele><time>2025-06-15T09:36:29Z</time></trkpt>
    <trkpt lat="50.4608556" lon="6.1273436"><ele>612.6</ele><time>2025-06-15T09:36:30Z</time></trkpt>
    <trkpt lat="50.4609131" lon="6.1274687"><ele>614.4</ele><time>2025-06-15T09:36:32Z</time></trkpt>
    <trkpt lat="50.4609658" lon="6.1275900"><ele>614.9</ele><time>2025-06-15T09:36:33Z</time></trkpt>
    <trkpt lat="50.4610005" lon="6.1277065"><ele>615.6</ele><time>2025-06-15T09:36:34Z</time></trkpt>
    <trkpt lat="50.4610167" lon="6.1278528"><ele>616.9</ele><time>2025-06-15T09:36:36Z</time></trkpt>
    <trkpt lat="50.4610577" lon="6.1279808"><ele>616.6</ele><time>2025-06-15T09:36:37Z</time></trkpt>
    <trkpt lat="50.4611371" lon="6.1280937"><ele>618.1</ele><time>2025-06-15T09:36:39Z</time></trkpt>
    <trkpt lat="50.4611672" lon="6.1282415"><ele>619.1</ele><time>2025-06-15T09:36:40Z</time></trkpt>
    <trkpt lat="50.4611951" lon="6.1283418"><ele>618.8</ele><time>2025-06-15T09:36:42Z</time></trkpt>
    <trkpt lat="50.4612488" lon="6.1284670"><ele>620.0</ele><time>2025-06-15T09:36:43Z</time></trkpt>
    <trkpt lat="50.4613159" lon="6.1285511"><ele>620.5</ele><time>2025-06-15T09:36:44Z</time></trkpt>
    <trkpt lat="50.4613373" lon="6.1287133"><ele>621.6</ele><time>2025-06-15T09:36:46Z</time></trkpt>
    <trkpt lat="50.4613915" lon="6.1288359"><ele>622.1</ele><time>2025-06-15T09:36:47Z</time></trkpt>
    <trkpt lat="50.4614206" lon="6.1289370"><ele>622.9</ele><time>2025-06-15T09:36:49Z</time></trkpt>
    <trkpt lat="50.4614959" lon="6.1290708"><ele>623.7</ele><time>2025-06-15T09:36:50Z</time></trkpt>
    <trkpt lat="50.4615278" lon="6.1291727"><ele>623.2</ele><time>2025-06-15T09:36:52Z</time></trkpt>
    <trkpt lat="50.4615648" lon="6.1293537"><ele>624.7</ele><time>2025-06-15T09:36:53Z</time></trkpt>
    <trkpt lat="50.4616228" lon="6.1294266"><ele>625.2</ele><time>2025-06-15T09:36:54Z</time></trkpt>
    <trkpt lat="50.4616780" lon="6.1295855"><ele>625.4</ele><time>2025-06-15T09:36:56Z</time></trkpt>
    <trkpt lat="50.4617108" lon="6.1296959"><ele>625.9</ele><time>2025-06-15T09:36:57Z</time></trkpt>
    <trkpt lat="50.4617729" lon="6.1298254"><ele>627.5</ele><time>2025-06-15T09:36:59Z</time></trkpt>
    <trkpt lat="50.4617871" lon="6.1299250"><ele>627.6</ele><time>2025-06-15T09:37:00Z</time></trkpt>
    <trkpt lat="50.4618316" lon="6.1300617"><ele>628.4</ele><time>2025-06-15T09:37:02Z</time></trkpt>
    <trkpt lat="50.4618664" lon="6.1301672"><ele>629.5</ele><time>2025-06-15T09:37:03Z</time></trkpt>
    <trkpt lat="50.4619332" lon="6.1302760"><ele>629.1</ele><time>2025-06-15T09:37:04Z</time></trkpt>
    <trkpt lat="50.4619821" lon="6.1304017"><ele>629.7</ele><time>2025-06-15T09:37:06Z</time></trkpt>
    <trkpt lat="50.4620214" lon="6.1305361"><ele>631.4</ele><time>2025-06-15T09:37:07Z</time></trkpt>
    <trkpt lat="50.4620840" lon="6.1306429"><ele>631.4</ele><time>2025-06-15T09:37:09Z</time></trkpt>
    <trkpt lat="50.4621051" lon="6.1307901"><ele>631.8</ele><time>2025-06-15T09:37:10Z</time></trkpt>
    <trkpt lat="50.4621510" lon="6.1309077"><ele>632.1</ele><time>2025-06-15T09:37:12Z</time></trkpt>
    <trkpt lat="50.4621906" lon="6.1310243"><ele>633.3</ele><time>2025-06-15T09:37:13Z</time></trkpt>
    <trkpt lat="50.4622589" lon="6.1311834"><ele>633.1</ele><time>2025-06-15T09:37:14Z</time></trkpt>
    <trkpt lat="50.4622726" lon="6.1312970"><ele>633.3</ele><time>2025-06-15T09:37:16Z</time></trkpt>
    <trkpt lat="50.4623352" lon="6.1313636"><ele>634.8</ele><time>2025-06-15T09:37:17Z</time></trkpt>
    <trkpt lat="50.4623910" lon="6.1314962"><ele>635.6</ele><time>2025-06-15T09:37:19Z</time></trkpt>
    <trkpt lat="50.4624248" lon="6.1316321"><ele>635.5</ele><time>2025-06-15T09:37:20Z</time></trkpt>
    <trkpt lat="50.4624712" lon="6.1317516"><ele>636.3</ele><time>2025-06-15T09:37:22Z</time></trkpt>
    <trkpt lat="50.4625277" lon="6.1318605"><ele>637.5</ele><time>2025-06-15T09:37:23Z</time></trkpt>
    <trkpt lat="50.4625651" lon="6.1320217"><ele>636.8</ele><time>2025-06-15T09:37:24Z</time></trkpt>
    <trkpt lat="50.4625838" lon="6.1321402"><ele>638.3</ele><time>2025-06-15T09:37:26Z</time></trkpt>
    <trkpt lat="50.4626497" lon="6.1322671"><ele>638.0</ele><time>2025-06-15T09:37:27Z</time></trkpt>
    <trkpt lat="50.4627035" lon="6.1323783"><ele>639.1</ele><time>2025-06-15T09:37:29Z</time></trkpt>
    <trkpt lat="50.4627516" lon="6.1324892"><ele>639.3</ele><time>2025-06-15T09:37:30Z</time></trkpt>
    <trkpt lat="50.4627976" lon="6.1326029"><ele>640.4</ele><time>2025-06-15T09:37:32Z</time></trkpt>
    <trkpt lat="50.4628079" lon="6.1327888"><ele>640.8</ele><time>2025-06-15T09:37:33Z</time></trkpt>
    <trkpt lat="50.4628810" lon="6.1328399"><ele>640.6</ele><time>2025-06-15T09:37:34Z</time></trkpt>
    <trkpt lat="50.4628908" lon="6.1330174"><ele>641.3</ele><time>2025-06-15T09:37:36Z</time></trkpt>
    <trkpt lat="50.4629674" lon="6.1330868"><ele>642.6</ele><time>2025-06-15T09:37:37Z</time></trkpt>
    <trkpt lat="50.4630260" lon="6.1332280"><ele>642.7</ele><time>2025-06-15T09:37:39Z</time></trkpt>
    <trkpt lat="50.4630502" lon="6.1333362"><ele>643.1</ele><time>2025-06-15T09:37:40Z</time></trkpt>
    <trkpt lat="50.4630874" lon="6.1334911"><ele>644.3</ele><time>2025-06-15T09:37:42Z</time></trkpt>
    <trkpt lat="50.4631180" lon="6.1335766"><ele>644.1</ele><time>2025-06-15T09:37:43Z</time></trkpt>
    <trkpt lat="50.4631855" lon="6.1337180"><ele>644.7</ele><time>2025-06-15T09:37:44Z</time></trkpt>
    <trkpt lat="50.4632209" lon="6.1338394"><ele>644.9</ele><time>2025-06-15T09:37:46Z</time></trkpt>
    <trkpt lat="50.4632707" lon="6.1339523"><ele>645.9</ele><time>2025-06-15T09:37:47Z</time></trkpt>
    <trkpt lat="50.4633249" lon="6.1340401"><ele>646.7</ele><time>2025-06-15T09:37:49Z</time></trkpt>
    <trkpt lat="50.4633583" lon="6.1341994"><ele>646.9</ele><time>2025-06-15T09:37:50Z</time></trkpt>
    <trkpt lat="50.4634064" lon="6.1343015"><ele>647.3</ele><time>2025-06-15T09:37:52Z</time></trkpt>
    <trkpt lat="50.4634560" lon="6.1344019"><ele>648.7</ele><time>2025-06-15T09:37:53Z</time></trkpt>
    <trkpt lat="50.4635000" lon="6.1345971"><ele>647.9</ele><time>2025-06-15T09:37:54Z</time></trkpt>
    <trkpt lat="50.4635510" lon="6.1347029"><ele>648.7</ele><time>2025-06-15T09:37:56Z</time></trkpt>
    <trkpt lat="50.4635702" lon="6.1348110"><ele>649.9</ele><time>2025-06-15T09:37:57Z</time></trkpt>
    <trkpt lat="50.4636223" lon="6.1348883"><ele>650.2</ele><time>2025-06-15T09:37:59Z</time></trkpt>
    <trkpt lat="50.4636440" lon="6.1350731"><ele>650.3</ele><time>2025-06-15T09:38:00Z</time></trkpt>
    <trkpt lat="50.4637081" lon="6.1352100"><ele>651.3</ele><time>2025-06-15T09:38:02Z</time></trkpt>
    <trkpt lat="50.4637884" lon="6.1353113"><ele>650.9</ele><time>2025-06-15T09:38:03Z</time></trkpt>
    <trkpt lat="50.4637945" lon="6.1354350"><ele>652.4</ele><time>2025-06-15T09:38:04Z</time></trkpt>
    <trkpt lat="50.4638561" lon="6.1355676"><ele>652.7</ele><time>2025-06-15T09:38:06Z</time></trkpt>
    <trkpt lat="50.4639200" lon="6.1356504"><ele>652.6</ele><time>2025-06-15T09:38:07Z</time></trkpt>
    <trkpt lat="50.4639574" lon="6.1357711"><ele>653.6</ele><time>2025-06-15T09:38:09Z</time></trkpt>
    <trkpt lat="50.4639981" lon="6.1358616"><ele>654.2</ele><time>2025-06-15T09:38:10Z</time></trkpt>
    <trkpt lat="50.4640232" lon="6.1359932"><ele>654.5</ele><time>2025-06-15T09:38:12Z</time></trkpt>
    <trkpt lat="50.4640586" lon="6.1361444"><ele>654.9</ele><time>2025-06-15T09:38:13Z</time></trkpt>
    <trkpt lat="50.4641119" lon="6.1362759"><ele>655.9</ele><time>2025-06-15T09:38:14Z</time></trkpt>
    <trkpt lat="50.4641623" lon="6.1363805"><ele>655.8</ele><time>2025-06-15T09:38:16Z</time></trkpt>
    <trkpt lat="50.4641942" lon="6.1365182"><ele>655.8</ele><time>2025-06-15T09:38:17Z</time></trkpt>
    <trkpt lat="50.4642426" lon="6.1366334"><ele>656.7</ele><time>2025-06-15T09:38:19Z</time></trkpt>
    <trkpt lat="50.4643119" lon="6.1367352"><ele>655.9</ele><time>2025-06-15T09:38:20Z</time></trkpt>
    <trkpt lat="50.4643426" lon="6.1368715"><ele>656.1</ele><time>2025-06-15T09:38:22Z</time></trkpt>
    <trkpt lat="50.4643873" lon="6.1370026"><ele>658.0</ele><time>2025-06-15T09:38:23Z</time></trkpt>
    <trkpt lat="50.4644179" lon="6.1371419"><ele>656.8</ele><time>2025-06-15T09:38:24Z</time></trkpt>
    <trkpt lat="50.4644653" lon="6.1372537"><ele>657.5</ele><time>2025-06-15T09:38:26Z</time></trkpt>
    <trkpt lat="50.4645195" lon="6.1373899"><ele>658.1</ele><time>2025-06-15T09:38:27Z</time></trkpt>
    <trkpt lat="50.4645705" lon="6.1375032"><ele>657.4</ele><time>2025-06-15T09:38:29Z</time></trkpt>
    <trkpt lat="50.4646157" lon="6.1376266"><ele>658.2</ele><time>2025-06-15T09:38:30Z</time></trkpt>
    <trkpt lat="50.4646643" lon="6.1377585"><ele>658.3</ele><time>2025-06-15T09:38:32Z</time></trkpt>
    <trkpt lat="50.4646919" lon="6.1378578"><ele>657.9</ele><time>2025-06-15T09:38:33Z</time></trkpt>
    <trkpt lat="50.4647657" lon="6.1379783"><ele>658.3</ele><time>2025-06-15T09:38:34Z</time></trkpt>
    <trkpt lat="50.4647887" lon="6.1381639"><ele>658.6</ele><time>2025-06-15T09:38:36Z</time></trkpt>
    <trkpt lat="50.4648467" lon="6.1382440"><ele>658.4</ele><time>2025-06-15T09:38:37Z</time></trkpt>
    <trkpt lat="50.4648950" lon="6.1383356"><ele>658.6</ele><time>2025-06-15T09:38:39Z</time></trkpt>
    <trkpt lat="50.4649517" lon="6.1384835"><ele>659.2</ele><time>2025-06-15T09:38:40Z</time></trkpt>
    <trkpt lat="50.4649864" lon="6.1386029"><ele>659.2</ele><time>2025-06-15T09:38:42Z</time></trkpt>
    <trkpt lat="50.4650243" lon="6.1387338"><ele>658.3</ele><time>2025-06-15T09:38:43Z</time></trkpt>
    <trkpt lat="50.4650823" lon="6.1388359"><ele>659.1</ele><time>2025-06-15T09:38:44Z</time></trkpt>
    <trkpt lat="50.4651185" lon="6.1389357"><ele>658.3</ele><time>2025-06-15T09:38:46Z</time></trkpt>
    <trkpt lat="50.4651407" lon="6.1390959"><ele>659.5</ele><time>2025-06-15T09:38:47Z</time></trkpt>
    <trkpt lat="50.4651976" lon="6.1392739"><ele>659.5</ele><time>2025-06-15T09:38:49Z</time></trkpt>
    <trkpt lat="50.4652585" lon="6.1393143"><ele>658.7</ele><time>2025-06-15T09:38:50Z</time></trkpt>
    <trkpt lat="50.4653078" lon="6.1394468"><ele>659.4</ele><time>2025-06-15T09:38:52Z</time></trkpt>
    <trkpt lat="50.4653562" lon="6.1395631"><ele>659.8</ele><time>2025-06-15T09:38:53Z</time></trkpt>
    <trkpt lat="50.4654042" lon="6.1396806"><ele>659.3</ele><time>2025-06-15T09:38:54Z</time></trkpt>
    <trkpt lat="50.4654345" lon="6.1398487"><ele>659.5</ele><time>2025-06-15T09:38:56Z</time></trkpt>
    <trkpt lat="50.4654734" lon="6.1399513"><ele>660.0</ele><time>2025-06-15T09:38:57Z</time></trkpt>
    <trkpt lat="50.4654902" lon="6.1400696"><ele>660.6</ele><time>2025-06-15T09:38:59Z</time></trkpt>
    <trkpt lat="50.4655510" lon="6.1401781"><ele>660.3</ele><time>2025-06-15T09:39:00Z</time></trkpt>
    <trkpt lat="50.4656148" lon="6.1403447"><ele>660.0</ele><time>2025-06-15T09:39:02Z</time></trkpt>
    <trkpt lat="50.4656586" lon="6.1404529"><ele>659.9</ele><time>2025-06-15T09:39:03Z</time></trkpt>
    <trkpt lat="50.4656856" lon="6.1405360"><ele>659.6</ele><time>2025-06-15T09:39:04Z</time></trkpt>
    <trkpt lat="50.4657104" lon="6.1406762"><ele>660.7</ele><time>2025-06-15T09:39:06Z</time></trkpt>
    <trkpt lat="50.4657799" lon="6.1408120"><ele>661.1</ele><time>2025-06-15T09:39:07Z</time></trkpt>
    <trkpt lat="50.4658203" lon="6.1409089"><ele>660.2</ele><time>2025-06-15T09:39:09Z</time></trkpt>
    <trkpt lat="50.4658645" lon="6.1410594"><ele>661.1</ele><time>2025-06-15T09:39:10Z</time></trkpt>
    <trkpt lat="50.4659251" lon="6.1411540"><ele>660.7</ele><time>2025-06-15T09:39:12Z</time></trkpt>
    <trkpt lat="50.4659579" lon="6.1413350"><ele>660.0</ele><time>2025-06-15T09:39:13Z</time></trkpt>
    <trkpt lat="50.4660064" lon="6.1414261"><ele>660.2</ele><time>2025-06-15T09:39:14Z</time></trkpt>
    <trkpt lat="50.4660595" lon="6.1415253"><ele>660.8</ele><time>2025-06-15T09:39:16Z</time></trkpt>
    <trkpt lat="50.4661106" lon="6.1416797"><ele>661.2</ele><time>2025-06-15T09:39:17Z</time></trkpt>
    <trkpt lat="50.4661444" lon="6.1417659"><ele>660.6</ele><time>2025-06-15T09:39:19Z</time></trkpt>
    <trkpt lat="50.4661963" lon="6.1418558"><ele>660.7</ele><time>2025-06-15T09:39:20Z</time></trkpt>
    <trkpt lat="50.4662215" lon="6.1420836"><ele>660.0</ele><time>2025-06-15T09:39:22Z</time></trkpt>
    <trkpt lat="50.4662659" lon="6.1421397"><ele>660.5</ele><time>2025-06-15T09:39:23Z</time></trkpt>
    <trkpt lat="50.4663070" lon="6.1422982"><ele>660.3</ele><time>2025-06-15T09:39:24Z</time></trkpt>
    <trkpt lat="50.4663732" lon="6.1423711"><ele>660.0</ele><time>2025-06-15T09:39:26Z</time></trkpt>
    <trkpt lat="50.4663964" lon="6.1425032"><ele>660.4</ele><time>2025-06-15T09:39:27Z</time></trkpt>
    <trkpt lat="50.4664578" lon="6.1426558"><ele>660.1</ele><time>2025-06-15T09:39:29Z</time></trkpt>
    <trkpt lat="50.4664943" lon="6.1427889"><ele>660.2</ele><time>2025-06-15T09:39:30Z</time></trkpt>
    <trkpt lat="50.4665282" lon="6.1428476"><ele>660.6</ele><time>2025-06-15T09:39:32Z</time></trkpt>
    <trkpt lat="50.4665903" lon="6.1430414"><ele>659.9</ele><time>2025-06-15T09:39:33Z</time></trkpt>
    <trkpt lat="50.4666268" lon="6.1431439"><ele>659.7</ele><time>2025-06-15T09:39:34Z</time></trkpt>
    <trkpt lat="50.4666731" lon="6.1432358"><ele>660.4</ele><time>2025-06-15T09:39:36Z</time></trkpt>
    <trkpt lat="50.4667105" lon="6.1433765"><ele>659.8</ele><time>2025-06-15T09:39:37Z</time></trkpt>
    <trkpt lat="50.4667641" lon="6.1434638"><ele>660.0</ele><time>2025-06-15T09:39:39Z</time></trkpt>
    <trkpt lat="50.4668099" lon="6.1436320"><ele>659.8</ele><time>2025-06-15T09:39:40Z</time></trkpt>
    <trkpt lat="50.4668546" lon="6.1437230"><ele>659.1</ele><time>2025-06-15T09:39:42Z</time></trkpt>
    <trkpt lat="50.4669092" lon="6.1438938"><ele>659.7</ele><time>2025-06-15T09:39:43Z</time></trkpt>
    <trkpt lat="50.4669347" lon="6.1440038"><ele>659.2</ele><time>2025-06-15T09:39:44Z</time></trkpt>
    <trkpt lat="50.4669884" lon="6.1441073"><ele>659.7</ele><time>2025-06-15T09:39:46Z</time></trkpt>
    <trkpt lat="50.4670246" lon="6.1442343"><ele>659.1</ele><time>2025-06-15T09:39:47Z</time></trkpt>
    <trkpt lat="50.4670642" lon="6.1443756"><ele>658.8</ele><time>2025-06-15T09:39:49Z</time></trkpt>
    <trkpt lat="50.4671181" lon="6.1444905"><ele>659.7</ele><time>2025-06-15T09:39:50Z</time></trkpt>
    <trkpt lat="50.4671643" lon="6.1445598"><ele>658.9</ele><time>2025-06-15T09:39:52Z</time></trkpt>
    <trkpt lat="50.4671990" lon="6.1447553"><ele>659.1</ele><time>2025-06-15T09:39:53Z</time></trkpt>
    <trkpt lat="50.4672710" lon="6.1448261"><ele>659.2</ele><time>2025-06-15T09:39:54Z</time></trkpt>
    <trkpt lat="50.4672792" lon="6.1449244"><ele>658.9</ele><time>2025-06-15T09:39:56Z</time></trkpt>
    <trkpt lat="50.4673289" lon="6.1450599"><ele>657.8</ele><time>2025-06-15T09:39:57Z</time></trkpt>
    <trkpt lat="50.4673733" lon="6.1452206"><ele>658.6</ele><time>2025-06-15T09:39:59Z</time></trkpt>
    <trkpt lat="50.4674142" lon="6.1453374"><ele>657.9</ele><time>2025-06-15T09:40:00Z</time></trkpt>
    <trkpt lat="50.4675108" lon="6.1454396"><ele>658.5</ele><time>2025-06-15T09:40:02Z</time></trkpt>
    <trkpt lat="50.4675205" lon="6.1455359"><ele>658.4</ele><time>2025-06-15T09:40:03Z</time></trkpt>
    <trkpt lat="50.4675437" lon="6.1456932"><ele>658.4</ele><time>2025-06-15T09:40:04Z</time></trkpt>
    <trkpt lat="50.4675958" lon="6.1458185"><ele>657.7</ele><time>2025-06-15T09:40:06Z</time></trkpt>
    <trkpt lat="50.4676741" lon="6.1459276"><ele>657.9</ele><time>2025-06-15T09:40:07Z</time></trkpt>
    <trkpt lat="50.4677330" lon="6.1460825"><ele>657.5</ele><time>2025-06-15T09:40:09Z</time></trkpt>
    <trkpt lat="50.4677490" lon="6.1461730"><ele>658.1</ele><time>2025-06-15T09:40:10Z</time></trkpt>
    <trkpt lat="50.4677896" lon="6.1462890"><ele>657.1</ele><time>2025-06-15T09:40:12Z</time></trkpt>
    <trkpt lat="50.4678201" lon="6.1464532"><ele>657.4</ele><time>2025-06-15T09:40:13Z</time></trkpt>
    <trkpt lat="50.4678763" lon="6.1465395"><ele>656.4</ele><time>2025-06-15T09:40:14Z</time></trkpt>
    <trkpt lat="50.4679457" lon="6.1466842"><ele>657.2</ele><time>2025-06-15T09:40:16Z</time></trkpt>
    <trkpt lat="50.4679440" lon="6.1468158"><ele>656.8</ele><time>2025-06-15T09:40:17Z</time></trkpt>
    <trkpt lat="50.4680072" lon="6.1469180"><ele>656.6</ele><time>2025-06-15T09:40:19Z</time></trkpt>
    <trkpt lat="50.4680624" lon="6.1470096"><ele>656.3</ele><time>2025-06-15T09:40:20Z</time></trkpt>
    <trkpt lat="50.4680880" lon="6.1471373"><ele>656.5</ele><time>2025-06-15T09:40:22Z</time></trkpt>
    <trkpt lat="50.4681382" lon="6.1472499"><ele>656.2</ele><time>2025-06-15T09:40:23Z</time></trkpt>
    <trkpt lat="50.4681892" lon="6.1474117"><ele>656.3</ele><time>2025-06-15T09:40:24Z</time></trkpt>
    <trkpt lat="50.4682483" lon="6.1475301"><ele>655.2</ele><time>2025-06-15T09:40:26Z</time></trkpt>
    <trkpt lat="50.4682786" lon="6.1476470"><ele>655.5</ele><time>2025-06-15T09:40:27Z</time></trkpt>
    <trkpt lat="50.4683089" lon="6.1477662"><ele>655.6</ele><time>2025-06-15T09:40:29Z</time></trkpt>
    <trkpt lat="50.4683488" lon="6.1478643"><ele>655.7</ele><time>2025-06-15T09:40:30Z</time></trkpt>
    <trkpt lat="50.4684219" lon="6.1479941"><ele>655.1</ele><time>2025-06-15T09:40:32Z</time></trkpt>
    <trkpt lat="50.4684897" lon="6.1481078"><ele>655.0</ele><time>2025-06-15T09:40:33Z</time></trkpt>
    <trkpt lat="50.4685322" lon="6.1482831"><ele>654.4</ele><time>2025-06-15T09:40:34Z</time></trkpt>
    <trkpt lat="50.4685548" lon="6.1483684"><ele>654.9</ele><time>2025-06-15T09:40:36Z</time></trkpt>
    <trkpt lat="50.4685987" lon="6.1484879"><ele>654.7</ele><time>2025-06-15T09:40:37Z</time></trkpt>
    <trkpt lat="50.4686262" lon="6.1485823"><ele>654.7</ele><time>2025-06-15T09:40:39Z</time></trkpt>
    <trkpt lat="50.4687011" lon="6.1487466"><ele>653.9</ele><time>2025-06-15T09:40:40Z</time></trkpt>
    <trkpt lat="50.4687080" lon="6.1488837"><ele>653.5</ele><time>2025-06-15T09:40:42Z</time></trkpt>
    <trkpt lat="50.4687651" lon="6.1490051"><ele>653.6</ele><time>2025-06-15T09:40:43Z</time></trkpt>
    <trkpt lat="50.4688189" lon="6.1491030"><ele>653.6</ele><time>2025-06-15T09:40:44Z</time></trkpt>
    <trkpt lat="50.4688393" lon="6.1492307"><ele>653.3</ele><time>2025-06-15T09:40:46Z</time></trkpt>
    <trkpt lat="50.4688939" lon="6.1493348"><ele>653.1</ele><time>2025-06-15T09:40:47Z</time></trkpt>
    <trkpt lat="50.4689605" lon="6.1494909"><ele>653.2</ele><time>2025-06-15T09:40:49Z</time></trkpt>
    <trkpt lat="50.4689788" lon="6.1495953"><ele>653.3</ele><time>2025-06-15T09:40:50Z</time></trkpt>
    <trkpt lat="50.4690600" lon="6.1497464"><ele>653.4</ele><time>2025-06-15T09:40:52Z</time></trkpt>
    <trkpt lat="50.4690871" lon="6.1498743"><ele>652.4</ele><time>2025-06-15T09:40:53Z</time></trkpt>
    <trkpt lat="50.4691306" lon="6.1499979"><ele>652.4</ele><time>2025-06-15T09:40:54Z</time></trkpt>
    <trkpt lat="50.4691674" lon="6.1500582"><ele>652.1</ele><time>2025-06-15T09:40:56Z</time></trkpt>
    <trkpt lat="50.4692377" lon="6.1501961"><ele>652.0</ele><time>2025-06-15T09:40:57Z</time></trkpt>
    <trkpt lat="50.4692629" lon="6.1502913"><ele>651.6</ele><time>2025-06-15T09:40:59Z</time></trkpt>
    <trkpt lat="50.4692979" lon="6.1504542"><ele>652.6</ele><time>2025-06-15T09:41:00Z</time></trkpt>
    <trkpt lat="50.4693637" lon="6.1505830"><ele>651.9</ele><time>2025-06-15T09:41:02Z</time></trkpt>
    <trkpt lat="50.4694093" lon="6.1507080"><ele>651.8</ele><time>2025-06-15T09:41:03Z</time></trkpt>
    <trkpt lat="50.4694605" lon="6.1508485"><ele>651.5</ele><time>2025-06-15T09:41:04Z</time></trkpt>
    <trkpt lat="50.4694886" lon="6.1509810"><ele>651.4</ele><time>2025-06-15T09:41:06Z</time></trkpt>
    <trkpt lat="50.4695600" lon="6.1510659"><ele>651.4</ele><time>2025-06-15T09:41:07Z</time></trkpt>
    <trkpt lat="50.4695803" lon="6.1511715"><ele>651.5</ele><time>2025-06-15T09:41:09Z</time></trkpt>
    <trkpt lat="50.4696300" lon="6.1513004"><ele>651.0</ele><time>2025-06-15T09:41:10Z</time></trkpt>
    <trkpt lat="50.4696824" lon="6.1514384"><ele>650.9</ele><time>2025-06-15T09:41:12Z</time></trkpt>
    <trkpt lat="50.4697149" lon="6.1515533"><ele>650.6</ele><time>2025-06-15T09:41:13Z</time></trkpt>
    <trkpt lat="50.4697451" lon="6.1517027"><ele>651.6</ele><time>2025-06-15T09:41:14Z</time></trkpt>
    <trkpt lat="50.4697997" lon="6.1517795"><ele>651.6</ele><time>2025-06-15T09:41:16Z</time></trkpt>
    <trkpt lat="50.4698576" lon="6.1519235"><ele>651.3</ele><time>2025-06-15T09:41:17Z</time></trkpt>
    <trkpt lat="50.4698874" lon="6.1520250"><ele>651.5</ele><time>2025-06-15T09:41:19Z</time></trkpt>
    <trkpt lat="50.4699392" lon="6.1521622"><ele>650.6</ele><time>2025-06-15T09:41:20Z</time></trkpt>
    <trkpt lat="50.4700136" lon="6.1523285"><ele>651.4</ele><time>2025-06-15T09:41:22Z</time></trkpt>
    <trkpt lat="50.4700339" lon="6.1524040"><ele>650.8</ele><time>2025-06-15T09:41:23Z</time></trkpt>
    <trkpt lat="50.4700530" lon="6.1525655"><ele>651.2</ele><time>2025-06-15T09:41:24Z</time></trkpt>
    <trkpt lat="50.4701076" lon="6.1526642"><ele>650.5</ele><time>2025-06-15T09:41:26Z</time></trkpt>
    <trkpt lat="50.4701768" lon="6.1528096"><ele>650.7</ele><time>2025-06-15T09:41:27Z</time></trkpt>
    <trkpt lat="50.4702177" lon="6.1528971"><ele>651.5</ele><time>2025-06-15T09:41:29Z</time></trkpt>
    <trkpt lat="50.4702551" lon="6.1530209"><ele>651.2</ele><time>2025-06-15T09:41:30Z</time></trkpt>
    <trkpt lat="50.4702916" lon="6.1531457"><ele>650.7</ele><time>2025-06-15T09:41:32Z</time></trkpt>
    <trkpt lat="50.4703626" lon="6.1532614"><ele>650.5</ele><time>2025-06-15T09:41:33Z</time></trkpt>
    <trkpt lat="50.4704033" lon="6.1533507"><ele>650.8</ele><time>2025-06-15T09:41:34Z</time></trkpt>
    <trkpt lat="50.4704436" lon="6.1535303"><ele>651.3</ele><time>2025-06-15T09:41:36Z</time></trkpt>
    <trkpt lat="50.4704883" lon="6.1536437"><ele>650.5</ele><time>2025-06-15T09:41:37Z</time></trkpt>
    <trkpt lat="50.4705201" lon="6.1538192"><ele>650.5</ele><time>2025-06-15T09:41:39Z</time></trkpt>
    <trkpt lat="50.4705726" lon="6.1538494"><ele>651.4</ele><time>2025-06-15T09:41:40Z</time></trkpt>
    <trkpt lat="50.4706268" lon="6.1540182"><ele>650.2</ele><time>2025-06-15T09:41:42Z</time></trkpt>
    <trkpt lat="50.4706589" lon="6.1541470"><ele>650.9</ele><time>2025-06-15T09:41:43Z</time></trkpt>
    <trkpt lat="50.4706896" lon="6.1542066"><ele>650.7</ele><time>2025-06-15T09:41:44Z</time></trkpt>
    <trkpt lat="50.4707410" lon="6.1543812"><ele>651.4</ele><time>2025-06-15T09:41:46Z</time></trkpt>
    <trkpt lat="50.4707845" lon="6.1544662"><ele>650.4</ele><time>2025-06-15T09:41:47Z</time></trkpt>
    <trkpt lat="50.4708239" lon="6.1546252"><ele>650.6</ele><time>2025-06-15T09:41:49Z</time></trkpt>
    <trkpt lat="50.4708889" lon="6.1547254"><ele>651.2</ele><time>2025-06-15T09:41:50Z</time></trkpt>
    <trkpt lat="50.4709114" lon="6.1548458"><ele>651.4</ele><time>2025-06-15T09:41:52Z</time></trkpt>
    <trkpt lat="50.4709547" lon="6.1550049"><ele>651.1</ele><time>2025-06-15T09:41:53Z</time></trkpt>
    <trkpt lat="50.4710168" lon="6.1551074"><ele>651.0</ele><time>2025-06-15T09:41:54Z</time></trkpt>
    <trkpt lat="50.4710345" lon="6.1552180"><ele>651.2</ele><time>2025-06-15T09:41:56Z</time></trkpt>
    <trkpt lat="50.4711061" lon="6.1553396"><ele>651.4</ele><time>2025-06-15T09:41:57Z</time></trkpt>
    <trkpt lat="50.4711526" lon="6.1554941"><ele>651.4</ele><time>2025-06-15T09:41:59Z</time></trkpt>
    <trkpt lat="50.4711951" lon="6.1555954"><ele>651.6</ele><time>2025-06-15T09:42:00Z</time></trkpt>
    <trkpt lat="50.4712420" lon="6.1557360"><ele>651.5</ele><time>2025-06-15T09:42:02Z</time></trkpt>
    <trkpt lat="50.4712726" lon="6.1558107"><ele>651.4</ele><time>2025-06-15T09:42:03Z</time></trkpt>
    <trkpt lat="50.4713164" lon="6.1559291"><ele>651.7</ele><time>2025-06-15T09:42:04Z</time></trkpt>
    <trkpt lat="50.4713639" lon="6.1560979"><ele>651.6</ele><time>2025-06-15T09:42:06Z</time></trkpt>
    <trkpt lat="50.4714042" lon="6.1562006"><ele>651.9</ele><time>2025-06-15T09:42:07Z</time></trkpt>
    <trkpt lat="50.4714662" lon="6.1563049"><ele>652.8</ele><time>2025-06-15T09:42:09Z</time></trkpt>
    <trkpt lat="50.4715120" lon="6.1564344"><ele>652.3</ele><time>2025-06-15T09:42:10Z</time></trkpt>
    <trkpt lat="50.4715189" lon="6.1565592"><ele>652.6</ele><time>2025-06-15T09:42:12Z</time></trkpt>
    <trkpt lat="50.4715973" lon="6.1566952"><ele>653.0</ele><time>2025-06-15T09:42:13Z</time></trkpt>
    <trkpt lat="50.4716102" lon="6.1568096"><ele>653.3</ele><time>2025-06-15T09:42:14Z</time></trkpt>
    <trkpt lat="50.4716696" lon="6.1569354"><ele>651.9</ele><time>2025-06-15T09:42:16Z</time></trkpt>
    <trkpt lat="50.4717165" lon="6.1570228"><ele>652.6</ele><time>2025-06-15T09:42:17Z</time></trkpt>
    <trkpt lat="50.4717892" lon="6.1571793"><ele>652.8</ele><time>2025-06-15T09:42:19Z</time></trkpt>
    <trkpt lat="50.4718137" lon="6.1573226"><ele>653.5</ele><time>2025-06-15T09:42:20Z</time></trkpt>
    <trkpt lat="50.4718556" lon="6.1574524"><ele>653.8</ele><time>2025-06-15T09:42:22Z</time></trkpt>
    <trkpt lat="50.4718959" lon="6.1575183"><ele>654.0</ele><time>2025-06-15T09:42:23Z</time></trkpt>
    <trkpt lat="50.4719890" lon="6.1576732"><ele>654.3</ele><time>2025-06-15T09:42:24Z</time></trkpt>
    <trkpt lat="50.4720029" lon="6.1577826"><ele>652.9</ele><time>2025-06-15T09:42:26Z</time></trkpt>
    <trkpt lat="50.4720391" lon="6.1578749"><ele>654.6</ele><time>2025-06-15T09:42:27Z</time></trkpt>
    <trkpt lat="50.4720741" lon="6.1580266"><ele>653.3</ele><time>2025-06-15T09:42:29Z</time></trkpt>
    <trkpt lat="50.4721382" lon="6.1581634"><ele>654.7</ele><time>2025-06-15T09:42:30Z</time></trkpt>
    <trkpt lat="50.4721656" lon="6.1582462"><ele>654.8</ele><time>2025-06-15T09:42:32Z</time></trkpt>
    <trkpt lat="50.4722077" lon="6.1584153"><ele>655.0</ele><time>2025-06-15T09:42:33Z</time></trkpt>
    <trkpt lat="50.4722597" lon="6.1585113"><ele>655.1</ele><time>2025-06-15T09:42:34Z</time></trkpt>
    <trkpt lat="50.4722967" lon="6.1586412"><ele>654.6</ele><time>2025-06-15T09:42:36Z</time></trkpt>
    <trkpt lat="50.4723529" lon="6.1587756"><ele>655.3</ele><time>2025-06-15T09:42:37Z</time></trkpt>
    <trkpt lat="50.4723993" lon="6.1588702"><ele>655.4</ele><time>2025-06-15T09:42:39Z</time></trkpt>
    <trkpt lat="50.4724231" lon="6.1590402"><ele>655.7</ele><time>2025-06-15T09:42:40Z</time></trkpt>
    <trkpt lat="50.4724900" lon="6.1591336"><ele>655.0</ele><time>2025-06-15T09:42:42Z</time></trkpt>
    <trkpt lat="50.4725241" lon="6.1592634"><ele>655.2</ele><time>2025-06-15T09:42:43Z</time></trkpt>
    <trkpt lat="50.4725528" lon="6.1594223"><ele>656.2</ele><time>2025-06-15T09:42:44Z</time></trkpt>
    <trkpt lat="50.4726160" lon="6.1594952"><ele>656.4</ele><time>2025-06-15T09:42:46Z</time></trkpt>
    <trkpt lat="50.4726708" lon="6.1595933"><ele>656.7</ele><time>2025-06-15T09:42:47Z</time></trkpt>
    <trkpt lat="50.4727049" lon="6.1597135"><ele>657.0</ele><time>2025-06-15T09:42:49Z</time></trkpt>
    <trkpt lat="50.4727555" lon="6.1598811"><ele>657.0</ele><time>2025-06-15T09:42:50Z</time></trkpt>
    <trkpt lat="50.4728116" lon="6.1599663"><ele>656.5</ele><time>2025-06-15T09:42:52Z</time></trkpt>
    <trkpt lat="50.4728185" lon="6.1600921"><ele>657.0</ele><time>2025-06-15T09:42:53Z</time></trkpt>
    <trkpt lat="50.4729171" lon="6.1602435"><ele>657.0</ele><time>2025-06-15T09:42:54Z</time></trkpt>
    <trkpt lat="50.4729378" lon="6.1603644"><ele>657.4</ele><time>2025-06-15T09:42:56Z</time></trkpt>
    <trkpt lat="50.4729732" lon="6.1604515"><ele>657.4</ele><time>2025-06-15T09:42:57Z</time></trkpt>
    <trkpt lat="50.4730156" lon="6.1606351"><ele>657.0</ele><time>2025-06-15T09:42:59Z</time></trkpt>
    <trkpt lat="50.4730853" lon="6.1607185"><ele>657.4</ele><time>2025-06-15T09:43:00Z</time></trkpt>
    <trkpt lat="50.4730973" lon="6.1608501"><ele>658.0</ele><time>2025-06-15T09:43:02Z</time></trkpt>
    <trkpt lat="50.4731494" lon="6.1609818"><ele>657.8</ele><time>2025-06-15T09:43:03Z</time></trkpt>
    <trkpt lat="50.4731845" lon="6.1610490"><ele>657.7</ele><time>2025-06-15T09:43:04Z</time></trkpt>
    <trkpt lat="50.4732471" lon="6.1612386"><ele>658.8</ele><time>2025-06-15T09:43:06Z</time></trkpt>
    <trkpt lat="50.4732933" lon="6.1613488"><ele>659.1</ele><time>2025-06-15T09:43:07Z</time></trkpt>
    <trkpt lat="50.4733302" lon="6.1614357"><ele>658.1</ele><time>2025-06-15T09:43:09Z</time></trkpt>
    <trkpt lat="50.4733679" lon="6.1615634"><ele>659.0</ele><time>2025-06-15T09:43:10Z</time></trkpt>
    <trkpt lat="50.4734320" lon="6.1616937"><ele>659.1</ele><time>2025-06-15T09:43:12Z</time></trkpt>
    <trkpt lat="50.4734693" lon="6.1618347"><ele>659.3</ele><time>2025-06-15T09:43:13Z</time></trkpt>
    <trkpt lat="50.4734958" lon="6.1619241"><ele>659.1</ele><time>2025-06-15T09:43:14Z</time></trkpt>
    <trkpt lat="50.4735597" lon="6.1621147"><ele>659.1</ele><time>2025-06-15T09:43:16Z</time></trkpt>
    <trkpt lat="50.4735657" lon="6.1622062"><ele>659.2</ele><time>2025-06-15T09:43:17Z</time></trkpt>
    <trkpt lat="50.4736774" lon="6.1623231"><ele>659.1</ele><time>2025-06-15T09:43:19Z</time></trkpt>
    <trkpt lat="50.4736582" lon="6.1624350"><ele>659.7</ele><time>2025-06-15T09:43:20Z</time></trkpt>
    <trkpt lat="50.4737382" lon="6.1625386"><ele>658.8</ele><time>2025-06-15T09:43:22Z</time></trkpt>
    <trkpt lat="50.4737563" lon="6.1626965"><ele>659.5</ele><time>2025-06-15T09:43:23Z</time></trkpt>
    <trkpt lat="50.4738276" lon="6.1628092"><ele>660.0</ele><time>2025-06-15T09:43:24Z</time></trkpt>
    <trkpt lat="50.4738655" lon="6.1628995"><ele>659.6</ele><time>2025-06-15T09:43:26Z</time></trkpt>
    <trkpt lat="50.4738780" lon="6.1631061"><ele>660.2</ele><time>2025-06-15T09:43:27Z</time></trkpt>
    <trkpt lat="50.4739527" lon="6.1631906"><ele>659.9</ele><time>2025-06-15T09:43:29Z</time></trkpt>
    <trkpt lat="50.4740346" lon="6.1632788"><ele>660.3</ele><time>2025-06-15T09:43:30Z</time></trkpt>
    <trkpt lat="50.4740323" lon="6.1634372"><ele>659.6</ele><time>2025-06-15T09:43:32Z</time></trkpt>
    <trkpt lat="50.4741011" lon="6.1634855"><ele>660.8</ele><time>2025-06-15T09:43:33Z</time></trkpt>
    <trkpt lat="50.4741574" lon="6.1636495"><ele>661.5</ele><time>2025-06-15T09:43:34Z</time></trkpt>
    <trkpt lat="50.4741755" lon="6.1637800"><ele>660.5</ele><time>2025-06-15T09:43:36Z</time></trkpt>
    <trkpt lat="50.4742251" lon="6.1639105"><ele>660.7</ele><time>2025-06-15T09:43:37Z</time></trkpt>
    <trkpt lat="50.4742606" lon="6.1640067"><ele>660.2</ele><time>2025-06-15T09:43:39Z</time></trkpt>
    <trkpt lat="50.4743074" lon="6.1641779"><ele>660.8</ele><time>2025-06-15T09:43:40Z</time></trkpt>
    <trkpt lat="50.4743747" lon="6.1642458"><ele>660.2</ele><time>2025-06-15T09:43:42Z</time></trkpt>
    <trkpt lat="50.4744178" lon="6.1643979"><ele>660.8</ele><time>2025-06-15T09:43:43Z</time></trkpt>
    <trkpt lat="50.4744309" lon="6.1645227"><ele>659.9</ele><time>2025-06-15T09:43:44Z</time></trkpt>
    <trkpt lat="50.4744878" lon="6.1646336"><ele>660.0</ele><time>2025-06-15T09:43:46Z</time></trkpt>
    <trkpt lat="50.4745430" lon="6.1647521"><ele>660.3</ele><time>2025-06-15T09:43:47Z</time></trkpt>
    <trkpt lat="50.4746093" lon="6.1648649"><ele>660.6</ele><time>2025-06-15T09:43:49Z</time></trkpt>
    <trkpt lat="50.4746193" lon="6.1649972"><ele>660.6</ele><time>2025-06-15T09:43:50Z</time></trkpt>
    <trkpt lat="50.4746614" lon="6.1651317"><ele>659.8</ele><time>2025-06-15T09:43:52Z</time></trkpt>
    <trkpt lat="50.4747315" lon="6.1652177"><ele>660.2</ele><time>2025-06-15T09:43:53Z</time></trkpt>
    <trkpt lat="50.4747587" lon="6.1653908"><ele>660.8</ele><time>2025-06-15T09:43:54Z</time></trkpt>
    <trkpt lat="50.4747942" lon="6.1655099"><ele>659.7</ele><time>2025-06-15T09:43:56Z</time></trkpt>
    <trkpt lat="50.4748618" lon="6.1656188"><ele>660.5</ele><time>2025-06-15T09:43:57Z</time></trkpt>
    <trkpt lat="50.4748918" lon="6.1657140"><ele>660.0</ele><time>2025-06-15T09:43:59Z</time></trkpt>
    <trkpt lat="50.4749433" lon="6.1658526"><ele>659.9</ele><time>2025-06-15T09:44:00Z</time></trkpt>
    <trkpt lat="50.4749598" lon="6.1659762"><ele>660.0</ele><time>2025-06-15T09:44:02Z</time></trkpt>
    <trkpt lat="50.4750494" lon="6.1660664"><ele>660.3</ele><time>2025-06-15T09:44:03Z</time></trkpt>
    <trkpt lat="50.4750864" lon="6.1662258"><ele>659.9</ele><time>2025-06-15T09:44:04Z</time></trkpt>
    <trkpt lat="50.4751061" lon="6.1663182"><ele>660.9</ele><time>2025-06-15T09:44:06Z</time></trkpt>
    <trkpt lat="50.4751579" lon="6.1664590"><ele>660.5</ele><time>2025-06-15T09:44:07Z</time></trkpt>
    <trkpt lat="50.4752417" lon="6.1666025"><ele>660.5</ele><time>2025-06-15T09:44:09Z</time></trkpt>
    <trkpt lat="50.4752674" lon="6.1667201"><ele>655.2</ele><time>2025-06-15T09:44:10Z</time></trkpt>
    <trkpt lat="50.4752795" lon="6.1668629"><ele>653.6</ele><time>2025-06-15T09:44:12Z</time></trkpt>
    <trkpt lat="50.4753008" lon="6.1669935"><ele>652.6</ele><time>2025-06-15T09:44:13Z</time></trkpt>
    <trkpt lat="50.4752867" lon="6.1671283"><ele>651.9</ele><time>2025-06-15T09:44:14Z</time></trkpt>
    <trkpt lat="50.4752647" lon="6.1672609"><ele>650.9</ele><time>2025-06-15T09:44:16Z</time></trkpt>
    <trkpt lat="50.4752327" lon="6.1673626"><ele>650.0</ele><time>2025-06-15T09:44:17Z</time></trkpt>
    <trkpt lat="50.4751855" lon="6.1675421"><ele>648.9</ele><time>2025-06-15T09:44:19Z</time></trkpt>
    <trkpt lat="50.4751138" lon="6.1676639"><ele>648.1</ele><time>2025-06-15T09:44:20Z</time></trkpt>
    <trkpt lat="50.4750624" lon="6.1677125"><ele>647.9</ele><time>2025-06-15T09:44:22Z</time></trkpt>
    <trkpt lat="50.4749635" lon="6.1677948"><ele>646.5</ele><time>2025-06-15T09:44:23Z</time></trkpt>
    <trkpt lat="50.4748946" lon="6.1678522"><ele>645.6</ele><time>2025-06-15T09:44:24Z</time></trkpt>
    <trkpt lat="50.4747783" lon="6.1678595"><ele>644.4</ele><time>2025-06-15T09:44:26Z</time></trkpt>
    <trkpt lat="50.4747204" lon="6.1678675"><ele>644.0</ele><time>2025-06-15T09:44:27Z</time></trkpt>
    <trkpt lat="50.4746024" lon="6.1678244"><ele>642.5</ele><time>2025-06-15T09:44:29Z</time></trkpt>
    <trkpt lat="50.4745398" lon="6.1677830"><ele>642.0</ele><time>2025-06-15T09:44:30Z</time></trkpt>
    <trkpt lat="50.4744501" lon="6.1677420"><ele>640.6</ele><time>2025-06-15T09:44:32Z</time></trkpt>
    <trkpt lat="50.4743622" lon="6.1676991"><ele>639.6</ele><time>2025-06-15T09:44:33Z</time></trkpt>
    <trkpt lat="50.4742823" lon="6.1676393"><ele>638.3</ele><time>2025-06-15T09:44:35Z</time></trkpt>
    <trkpt lat="50.4742148" lon="6.1675692"><ele>637.1</ele><time>2025-06-15T09:44:36Z</time></trkpt>
    <trkpt lat="50.4741324" lon="6.1675541"><ele>636.5</ele><time>2025-06-15T09:44:37Z</time></trkpt>
    <trkpt lat="50.4740264" lon="6.1674780"><ele>636.2</ele><time>2025-06-15T09:44:39Z</time></trkpt>
    <trkpt lat="50.4739554" lon="6.1674597"><ele>634.1</ele><time>2025-06-15T09:44:40Z</time></trkpt>
    <trkpt lat="50.4738437" lon="6.1674367"><ele>634.2</ele><time>2025-06-15T09:44:42Z</time></trkpt>
    <trkpt lat="50.4737722" lon="6.1673691"><ele>632.5</ele><time>2025-06-15T09:44:43Z</time></trkpt>
    <trkpt lat="50.4736828" lon="6.1672829"><ele>632.2</ele><time>2025-06-15T09:44:45Z</time></trkpt>
    <trkpt lat="50.4736277" lon="6.1672440"><ele>631.4</ele><time>2025-06-15T09:44:46Z</time></trkpt>
    <trkpt lat="50.4735110" lon="6.1671814"><ele>629.6</ele><time>2025-06-15T09:44:47Z</time></trkpt>
    <trkpt lat="50.4734502" lon="6.1671819"><ele>629.6</ele><time>2025-06-15T09:44:49Z</time></trkpt>
    <trkpt lat="50.4733845" lon="6.1670900"><ele>628.9</ele><time>2025-06-15T09:44:50Z</time></trkpt>
    <trkpt lat="50.4732727" lon="6.1670502"><ele>627.0</ele><time>2025-06-15T09:44:52Z</time></trkpt>
    <trkpt lat="50.4731685" lon="6.1670186"><ele>626.0</ele><time>2025-06-15T09:44:53Z</time></trkpt>
    <trkpt lat="50.4731132" lon="6.1670032"><ele>625.8</ele><time>2025-06-15T09:44:55Z</time></trkpt>
    <trkpt lat="50.4730162" lon="6.1669395"><ele>624.9</ele><time>2025-06-15T09:44:56Z</time></trkpt>
    <trkpt lat="50.4729433" lon="6.1668639"><ele>623.9</ele><time>2025-06-15T09:44:57Z</time></trkpt>
    <trkpt lat="50.4728658" lon="6.1668276"><ele>623.1</ele><time>2025-06-15T09:44:59Z</time></trkpt>
    <trkpt lat="50.4727787" lon="6.1667744"><ele>621.5</ele><time>2025-06-15T09:45:00Z</time></trkpt>
    <trkpt lat="50.4726811" lon="6.1667006"><ele>620.5</ele><time>2025-06-15T09:45:02Z</time></trkpt>
    <trkpt lat="50.4726123" lon="6.1666809"><ele>620.4</ele><time>2025-06-15T09:45:03Z</time></trkpt>
    <trkpt lat="50.4725228" lon="6.1666162"><ele>619.3</ele><time>2025-06-15T09:45:05Z</time></trkpt>
    <trkpt lat="50.4724344" lon="6.1665970"><ele>618.7</ele><time>2025-06-15T09:45:06Z</time></trkpt>
    <trkpt lat="50.4723478" lon="6.1664801"><ele>616.4</ele><time>2025-06-15T09:45:07Z</time></trkpt>
    <trkpt lat="50.4723005" lon="6.1664812"><ele>616.0</ele><time>2025-06-15T09:45:09Z</time></trkpt>
    <trkpt lat="50.4721949" lon="6.1664753"><ele>615.8</ele><time>2025-06-15T09:45:10Z</time></trkpt>
    <trkpt lat="50.4721174" lon="6.1663822"><ele>615.1</ele><time>2025-06-15T09:45:12Z</time></trkpt>
    <trkpt lat="50.4719966" lon="6.1663091"><ele>612.7</ele><time>2025-06-15T09:45:13Z</time></trkpt>
    <trkpt lat="50.4719234" lon="6.1662779"><ele>612.6</ele><time>2025-06-15T09:45:15Z</time></trkpt>
    <trkpt lat="50.4718148" lon="6.1662434"><ele>612.0</ele><time>2025-06-15T09:45:16Z</time></trkpt>
    <trkpt lat="50.4717515" lon="6.1661869"><ele>610.4</ele><time>2025-06-15T09:45:17Z</time></trkpt>
    <trkpt lat="50.4716513" lon="6.1661394"><ele>609.5</ele><time>2025-06-15T09:45:19Z</time></trkpt>
    <trkpt lat="50.4716061" lon="6.1661026"><ele>609.0</ele><time>2025-06-15T09:45:20Z</time></trkpt>
    <trkpt lat="50.4715111" lon="6.1660476"><ele>607.8</ele><time>2025-06-15T09:45:22Z</time></trkpt>
    <trkpt lat="50.4714310" lon="6.1660191"><ele>606.7</ele><time>2025-06-15T09:45:23Z</time></trkpt>
    <trkpt lat="50.4713179" lon="6.1659537"><ele>605.2</ele><time>2025-06-15T09:45:25Z</time></trkpt>
    <trkpt lat="50.4712451" lon="6.1659023"><ele>605.5</ele><time>2025-06-15T09:45:26Z</time></trkpt>
    <trkpt lat="50.4711494" lon="6.1658444"><ele>604.3</ele><time>2025-06-15T09:45:27Z</time></trkpt>
    <trkpt lat="50.4710656" lon="6.1658148"><ele>603.2</ele><time>2025-06-15T09:45:29Z</time></trkpt>
    <trkpt lat="50.4710167" lon="6.1657538"><ele>603.0</ele><time>2025-06-15T09:45:30Z</time></trkpt>
    <trkpt lat="50.4709058" lon="6.1656940"><ele>601.3</ele><time>2025-06-15T09:45:32Z</time></trkpt>
    <trkpt lat="50.4708363" lon="6.1656688"><ele>599.8</ele><time>2025-06-15T09:45:33Z</time></trkpt>
    <trkpt lat="50.4707419" lon="6.1656096"><ele>599.0</ele><time>2025-06-15T09:45:35Z</time></trkpt>
    <trkpt lat="50.4706397" lon="6.1655930"><ele>599.1</ele><time>2025-06-15T09:45:36Z</time></trkpt>
    <trkpt lat="50.4705795" lon="6.1654931"><ele>597.6</ele><time>2025-06-15T09:45:37Z</time></trkpt>
    <trkpt lat="50.4704901" lon="6.1654702"><ele>597.9</ele><time>2025-06-15T09:45:39Z</time></trkpt>
    <trkpt lat="50.4704000" lon="6.1654231"><ele>595.4</ele><time>2025-06-15T09:45:40Z</time></trkpt>
    <trkpt lat="50.4703286" lon="6.1653942"><ele>594.5</ele><time>2025-06-15T09:45:42Z</time></trkpt>
    <trkpt lat="50.4702667" lon="6.1652901"><ele>593.9</ele><time>2025-06-15T09:45:43Z</time></trkpt>
    <trkpt lat="50.4702827" lon="6.1650781"><ele>592.9</ele><time>2025-06-15T09:45:45Z</time></trkpt>
    <trkpt lat="50.4703347" lon="6.1650353"><ele>592.1</ele><time>2025-06-15T09:45:46Z</time></trkpt>
    <trkpt lat="50.4704290" lon="6.1649996"><ele>590.8</ele><time>2025-06-15T09:45:47Z</time></trkpt>
    <trkpt lat="50.4704987" lon="6.1650412"><ele>589.5</ele><time>2025-06-15T09:45:49Z</time></trkpt>
    <trkpt lat="50.4705994" lon="6.1650916"><ele>588.9</ele><time>2025-06-15T09:45:50Z</time></trkpt>
    <trkpt lat="50.4706952" lon="6.1651302"><ele>588.3</ele><time>2025-06-15T09:45:52Z</time></trkpt>
    <trkpt lat="50.4707878" lon="6.1651339"><ele>587.1</ele><time>2025-06-15T09:45:53Z</time></trkpt>
    <trkpt lat="50.4708718" lon="6.1651801"><ele>586.3</ele><time>2025-06-15T09:45:55Z</time></trkpt>
    <trkpt lat="50.4709494" lon="6.1652520"><ele>585.9</ele><time>2025-06-15T09:45:56Z</time></trkpt>
    <trkpt lat="50.4710501" lon="6.1652630"><ele>584.2</ele><time>2025-06-15T09:45:57Z</time></trkpt>
    <trkpt lat="50.4711346" lon="6.1652994"><ele>583.7</ele><time>2025-06-15T09:45:59Z</time></trkpt>
    <trkpt lat="50.4711922" lon="6.1653082"><ele>582.8</ele><time>2025-06-15T09:46:00Z</time></trkpt>
    <trkpt lat="50.4713199" lon="6.1653633"><ele>581.0</ele><time>2025-06-15T09:46:02Z</time></trkpt>
    <trkpt lat="50.4713854" lon="6.1654063"><ele>580.8</ele><time>2025-06-15T09:46:03Z</time></trkpt>
    <trkpt lat="50.4714569" lon="6.1654268"><ele>579.5</ele><time>2025-06-15T09:46:05Z</time></trkpt>
    <trkpt lat="50.4715317" lon="6.1655410"><ele>578.8</ele><time>2025-06-15T09:46:06Z</time></trkpt>
    <trkpt lat="50.4716374" lon="6.1655040"><ele>577.9</ele><time>2025-06-15T09:46:07Z</time></trkpt>
    <trkpt lat="50.4717549" lon="6.1655746"><ele>576.8</ele><time>2025-06-15T09:46:09Z</time></trkpt>
    <trkpt lat="50.4718325" lon="6.1656373"><ele>575.6</ele><time>2025-06-15T09:46:10Z</time></trkpt>
    <trkpt lat="50.4719021" lon="6.1656064"><ele>574.9</ele><time>2025-06-15T09:46:12Z</time></trkpt>
    <trkpt lat="50.4719862" lon="6.1656948"><ele>574.3</ele><time>2025-06-15T09:46:13Z</time></trkpt>
    <trkpt lat="50.4720659" lon="6.1657170"><ele>572.8</ele><time>2025-06-15T09:46:15Z</time></trkpt>
    <trkpt lat="50.4721692" lon="6.1657345"><ele>571.2</ele><time>2025-06-15T09:46:16Z</time></trkpt>
    <trkpt lat="50.4722754" lon="6.1658123"><ele>570.6</ele><time>2025-06-15T09:46:17Z</time></trkpt>
    <trkpt lat="50.4723613" lon="6.1658277"><ele>570.3</ele><time>2025-06-15T09:46:19Z</time></trkpt>
    <trkpt lat="50.4724281" lon="6.1658552"><ele>569.5</ele><time>2025-06-15T09:46:20Z</time></trkpt>
    <trkpt lat="50.4725137" lon="6.1659191"><ele>567.9</ele><time>2025-06-15T09:46:22Z</time></trkpt>
    <trkpt lat="50.4725850" lon="6.1659296"><ele>566.8</ele><time>2025-06-15T09:46:23Z</time></trkpt>
    <trkpt lat="50.4726803" lon="6.1659632"><ele>566.4</ele><time>2025-06-15T09:46:25Z</time></trkpt>
    <trkpt lat="50.4727798" lon="6.1659942"><ele>565.4</ele><time>2025-06-15T09:46:26Z</time></trkpt>
    <trkpt lat="50.4728592" lon="6.1660386"><ele>564.6</ele><time>2025-06-15T09:46:27Z</time></trkpt>
    <trkpt lat="50.4729577" lon="6.1660883"><ele>563.2</ele><time>2025-06-15T09:46:29Z</time></trkpt>
    <trkpt lat="50.4730258" lon="6.1660970"><ele>562.6</ele><time>2025-06-15T09:46:30Z</time></trkpt>
    <trkpt lat="50.4731139" lon="6.1661843"><ele>561.4</ele><time>2025-06-15T09:46:32Z</time></trkpt>
    <trkpt lat="50.4732035" lon="6.1661802"><ele>561.3</ele><time>2025-06-15T09:46:33Z</time></trkpt>
    <trkpt lat="50.4732827" lon="6.1662432"><ele>559.9</ele><time>2025-06-15T09:46:35Z</time></trkpt>
    <trkpt lat="50.4734009" lon="6.1662602"><ele>558.8</ele><time>2025-06-15T09:46:36Z</time></trkpt>
    <trkpt lat="50.4734549" lon="6.1663122"><ele>557.4</ele><time>2025-06-15T09:46:37Z</time></trkpt>
    <trkpt lat="50.4735062" lon="6.1662500"><ele>557.0</ele><time>2025-06-15T09:46:39Z</time></trkpt>
    <trkpt lat="50.4736060" lon="6.1661591"><ele>556.6</ele><time>2025-06-15T09:46:40Z</time></trkpt>
    <trkpt lat="50.4736102" lon="6.1660387"><ele>555.3</ele><time>2025-06-15T09:46:42Z</time></trkpt>
    <trkpt lat="50.4735703" lon="6.1659292"><ele>554.3</ele><time>2025-06-15T09:46:43Z</time></trkpt>
    <trkpt lat="50.4734825" lon="6.1658966"><ele>553.7</ele><time>2025-06-15T09:46:45Z</time></trkpt>
    <trkpt lat="50.4733673" lon="6.1658219"><ele>552.1</ele><time>2025-06-15T09:46:46Z</time></trkpt>
    <trkpt lat="50.4732890" lon="6.1657820"><ele>551.3</ele><time>2025-06-15T09:46:48Z</time></trkpt>
    <trkpt lat="50.4732229" lon="6.1657035"><ele>549.9</ele><time>2025-06-15T09:46:49Z</time></trkpt>
    <trkpt lat="50.4730978" lon="6.1657034"><ele>549.0</ele><time>2025-06-15T09:46:50Z</time></trkpt>
    <trkpt lat="50.4730327" lon="6.1656488"><ele>548.9</ele><time>2025-06-15T09:46:52Z</time></trkpt>
    <trkpt lat="50.4729474" lon="6.1655702"><ele>547.8</ele><time>2025-06-15T09:46:53Z</time></trkpt>
    <trkpt lat="50.4728642" lon="6.1655282"><ele>546.7</ele><time>2025-06-15T09:46:55Z</time></trkpt>
    <trkpt lat="50.4727811" lon="6.1654668"><ele>546.2</ele><time>2025-06-15T09:46:56Z</time></trkpt>
    <trkpt lat="50.4727112" lon="6.1653972"><ele>544.6</ele><time>2025-06-15T09:46:58Z</time></trkpt>
    <trkpt lat="50.4726273" lon="6.1653913"><ele>544.1</ele><time>2025-06-15T09:46:59Z</time></trkpt>
    <trkpt lat="50.4725414" lon="6.1653332"><ele>542.7</ele><time>2025-06-15T09:47:00Z</time></trkpt>
    <trkpt lat="50.4724221" lon="6.1653026"><ele>541.2</ele><time>2025-06-15T09:47:02Z</time></trkpt>
    <trkpt lat="50.4723584" lon="6.1652608"><ele>541.1</ele><time>2025-06-15T09:47:03Z</time></trkpt>
    <trkpt lat="50.4722413" lon="6.1651867"><ele>540.2</ele><time>2025-06-15T09:47:05Z</time></trkpt>
    <trkpt lat="50.4721832" lon="6.1651307"><ele>538.8</ele><time>2025-06-15T09:47:06Z</time></trkpt>
    <trkpt lat="50.4720995" lon="6.1651149"><ele>537.3</ele><time>2025-06-15T09:47:08Z</time></trkpt>
    <trkpt lat="50.4720160" lon="6.1650393"><ele>536.9</ele><time>2025-06-15T09:47:09Z</time></trkpt>
    <trkpt lat="50.4719235" lon="6.1649824"><ele>535.9</ele><time>2025-06-15T09:47:10Z</time></trkpt>
    <trkpt lat="50.4718420" lon="6.1649565"><ele>535.4</ele><time>2025-06-15T09:47:12Z</time></trkpt>
    <trkpt lat="50.4717897" lon="6.1648941"><ele>534.5</ele><time>2025-06-15T09:47:13Z</time></trkpt>
    <trkpt lat="50.4716867" lon="6.1649114"><ele>532.9</ele><time>2025-06-15T09:47:15Z</time></trkpt>
    <trkpt lat="50.4715962" lon="6.1647644"><ele>532.4</ele><time>2025-06-15T09:47:16Z</time></trkpt>
    <trkpt lat="50.4715217" lon="6.1647677"><ele>531.9</ele><time>2025-06-15T09:47:18Z</time></trkpt>
    <trkpt lat="50.4714321" lon="6.1647053"><ele>531.2</ele><time>2025-06-15T09:47:19Z</time></trkpt>
    <trkpt lat="50.4713434" lon="6.1646699"><ele>529.5</ele><time>2025-06-15T09:47:20Z</time></trkpt>
    <trkpt lat="50.4712628" lon="6.1645749"><ele>528.3</ele><time>2025-06-15T09:47:22Z</time></trkpt>
    <trkpt lat="50.4711898" lon="6.1646018"><ele>528.1</ele><time>2025-06-15T09:47:23Z</time></trkpt>
    <trkpt lat="50.4711019" lon="6.1645181"><ele>526.7</ele><time>2025-06-15T09:47:25Z</time></trkpt>
    <trkpt lat="50.4710122" lon="6.1644727"><ele>525.5</ele><time>2025-06-15T09:47:26Z</time></trkpt>
    <trkpt lat="50.4709260" lon="6.1644422"><ele>524.3</ele><time>2025-06-15T09:47:28Z</time></trkpt>
    <trkpt lat="50.4708484" lon="6.1643609"><ele>523.7</ele><time>2025-06-15T09:47:29Z</time></trkpt>
    <trkpt lat="50.4707469" lon="6.1643109"><ele>522.6</ele><time>2025-06-15T09:47:30Z</time></trkpt>
    <trkpt lat="50.4706864" lon="6.1642824"><ele>522.5</ele><time>2025-06-15T09:47:32Z</time></trkpt>
    <trkpt lat="50.4705758" lon="6.1641970"><ele>521.2</ele><time>2025-06-15T09:47:33Z</time></trkpt>
    <trkpt lat="50.4705227" lon="6.1641116"><ele>520.4</ele><time>2025-06-15T09:47:35Z</time></trkpt>
    <trkpt lat="50.4705015" lon="6.1640045"><ele>519.5</ele><time>2025-06-15T09:47:36Z</time></trkpt>
    <trkpt lat="50.4705414" lon="6.1638865"><ele>517.8</ele><time>2025-06-15T09:47:38Z</time></trkpt>
    <trkpt lat="50.4706584" lon="6.1638445"><ele>517.0</ele><time>2025-06-15T09:47:39Z</time></trkpt>
    <trkpt lat="50.4707142" lon="6.1638384"><ele>516.5</ele><time>2025-06-15T09:47:41Z</time></trkpt>
    <trkpt lat="50.4708009" lon="6.1639300"><ele>514.9</ele><time>2025-06-15T09:47:42Z</time></trkpt>
    <trkpt lat="50.4708808" lon="6.1639432"><ele>514.6</ele><time>2025-06-15T09:47:43Z</time></trkpt>
    <trkpt lat="50.4709781" lon="6.1640148"><ele>513.7</ele><time>2025-06-15T09:47:45Z</time></trkpt>
    <trkpt lat="50.4710706" lon="6.1640435"><ele>513.0</ele><time>2025-06-15T09:47:46Z</time></trkpt>
    <trkpt lat="50.4711681" lon="6.1640465"><ele>511.8</ele><time>2025-06-15T09:47:48Z</time></trkpt>
    <trkpt lat="50.4712391" lon="6.1641131"><ele>510.2</ele><time>2025-06-15T09:47:49Z</time></trkpt>
    <trkpt lat="50.4713320" lon="6.1641297"><ele>510.3</ele><time>2025-06-15T09:47:51Z</time></trkpt>
    <trkpt lat="50.4714144" lon="6.1641500"><ele>508.4</ele><time>2025-06-15T09:47:52Z</time></trkpt>
    <trkpt lat="50.4715049" lon="6.1642079"><ele>508.0</ele><time>2025-06-15T09:47:53Z</time></trkpt>
    <trkpt lat="50.4716035" lon="6.1642630"><ele>506.2</ele><time>2025-06-15T09:47:55Z</time></trkpt>
    <trkpt lat="50.4716788" lon="6.1642798"><ele>506.0</ele><time>2025-06-15T09:47:56Z</time></trkpt>
    <trkpt lat="50.4717847" lon="6.1643028"><ele>506.3</ele><time>2025-06-15T09:47:58Z</time></trkpt>
    <trkpt lat="50.4718406" lon="6.1644010"><ele>504.3</ele><time>2025-06-15T09:47:59Z</time></trkpt>
    <trkpt lat="50.4719393" lon="6.1643541"><ele>502.9</ele><time>2025-06-15T09:48:01Z</time></trkpt>
    <trkpt lat="50.4720280" lon="6.1644490"><ele>502.5</ele><time>2025-06-15T09:48:02Z</time></trkpt>
    <trkpt lat="50.4721160" lon="6.1644737"><ele>501.4</ele><time>2025-06-15T09:48:03Z</time></trkpt>
    <trkpt lat="50.4722018" lon="6.1644909"><ele>501.0</ele><time>2025-06-15T09:48:05Z</time></trkpt>
    <trkpt lat="50.4723017" lon="6.1645385"><ele>499.3</ele><time>2025-06-15T09:48:06Z</time></trkpt>
    <trkpt lat="50.4723814" lon="6.1646088"><ele>499.3</ele><time>2025-06-15T09:48:08Z</time></trkpt>
    <trkpt lat="50.4724609" lon="6.1645858"><ele>497.5</ele><time>2025-06-15T09:48:09Z</time></trkpt>
    <trkpt lat="50.4725298" lon="6.1646459"><ele>497.1</ele><time>2025-06-15T09:48:11Z</time></trkpt>
    <trkpt lat="50.4726390" lon="6.1646690"><ele>496.1</ele><time>2025-06-15T09:48:12Z</time></trkpt>
    <trkpt lat="50.4727227" lon="6.1647152"><ele>494.3</ele><time>2025-06-15T09:48:13Z</time></trkpt>
    <trkpt lat="50.4728113" lon="6.1647797"><ele>494.0</ele><time>2025-06-15T09:48:15Z</time></trkpt>
    <trkpt lat="50.4728822" lon="6.1647976"><ele>492.9</ele><time>2025-06-15T09:48:16Z</time></trkpt>
    <trkpt lat="50.4729529" lon="6.1648682"><ele>492.3</ele><time>2025-06-15T09:48:18Z</time></trkpt>
    <trkpt lat="50.4730547" lon="6.1648849"><ele>491.6</ele><time>2025-06-15T09:48:19Z</time></trkpt>
    <trkpt lat="50.4731416" lon="6.1649155"><ele>490.0</ele><time>2025-06-15T09:48:21Z</time></trkpt>
    <trkpt lat="50.4732346" lon="6.1649242"><ele>489.5</ele><time>2025-06-15T09:48:22Z</time></trkpt>
    <trkpt lat="50.4733463" lon="6.1649602"><ele>488.3</ele><time>2025-06-15T09:48:23Z</time></trkpt>
    <trkpt lat="50.4733875" lon="6.1649598"><ele>487.3</ele><time>2025-06-15T09:48:25Z</time></trkpt>
    <trkpt lat="50.4734932" lon="6.1650451"><ele>486.3</ele><time>2025-06-15T09:48:26Z</time></trkpt>
    <trkpt lat="50.4735999" lon="6.1651013"><ele>485.1</ele><time>2025-06-15T09:48:28Z</time></trkpt>
    <trkpt lat="50.4736443" lon="6.1651130"><ele>483.3</ele><time>2025-06-15T09:48:29Z</time></trkpt>
    <trkpt lat="50.4737610" lon="6.1651601"><ele>483.4</ele><time>2025-06-15T09:48:31Z</time></trkpt>
    <trkpt lat="50.4738453" lon="6.1650477"><ele>482.7</ele><time>2025-06-15T09:48:32Z</time></trkpt>
    <trkpt lat="50.4738460" lon="6.1649324"><ele>481.6</ele><time>2025-06-15T09:48:33Z</time></trkpt>
    <trkpt lat="50.4738240" lon="6.1648337"><ele>480.6</ele><time>2025-06-15T09:48:35Z</time></trkpt>
    <trkpt lat="50.4737193" lon="6.1647554"><ele>479.5</ele><time>2025-06-15T09:48:36Z</time></trkpt>
    <trkpt lat="50.4736320" lon="6.1646926"><ele>478.7</ele><time>2025-06-15T09:48:38Z</time></trkpt>
    <trkpt lat="50.4735491" lon="6.1646411"><ele>478.4</ele><time>2025-06-15T09:48:39Z</time></trkpt>
    <trkpt lat="50.4734692" lon="6.1645521"><ele>476.7</ele><time>2025-06-15T09:48:41Z</time></trkpt>
    <trkpt lat="50.4734127" lon="6.1645380"><ele>476.3</ele><time>2025-06-15T09:48:42Z</time></trkpt>
    <trkpt lat="50.4733270" lon="6.1645228"><ele>474.8</ele><time>2025-06-15T09:48:44Z</time></trkpt>
    <trkpt lat="50.4731899" lon="6.1644667"><ele>474.3</ele><time>2025-06-15T09:48:45Z</time></trkpt>
    <trkpt lat="50.4731399" lon="6.1643996"><ele>473.2</ele><time>2025-06-15T09:48:46Z</time></trkpt>
    <trkpt lat="50.4730477" lon="6.1643766"><ele>472.2</ele><time>2025-06-15T09:48:48Z</time></trkpt>
    <trkpt lat="50.4729615" lon="6.1642595"><ele>471.3</ele><time>2025-06-15T09:48:49Z</time></trkpt>
    <trkpt lat="50.4728901" lon="6.1642635"><ele>470.1</ele><time>2025-06-15T09:48:51Z</time></trkpt>
    <trkpt lat="50.4728057" lon="6.1642249"><ele>469.6</ele><time>2025-06-15T09:48:52Z</time></trkpt>
    <trkpt lat="50.4727282" lon="6.1641970"><ele>468.6</ele><time>2025-06-15T09:48:54Z</time></trkpt>
    <trkpt lat="50.4726161" lon="6.1641248"><ele>467.5</ele><time>2025-06-15T09:48:55Z</time></trkpt>
    <trkpt lat="50.4725429" lon="6.1640276"><ele>466.5</ele><time>2025-06-15T09:48:56Z</time></trkpt>
    <trkpt lat="50.4724768" lon="6.1639506"><ele>465.4</ele><time>2025-06-15T09:48:58Z</time></trkpt>
    <trkpt lat="50.4723904" lon="6.1639820"><ele>464.8</ele><time>2025-06-15T09:48:59Z</time></trkpt>
    <trkpt lat="50.4723046" lon="6.1638941"><ele>464.0</ele><time>2025-06-15T09:49:01Z</time></trkpt>
    <trkpt lat="50.4721819" lon="6.1638483"><ele>463.2</ele><time>2025-06-15T09:49:02Z</time></trkpt>
    <trkpt lat="50.4721135" lon="6.1637689"><ele>462.5</ele><time>2025-06-15T09:49:04Z</time></trkpt>
    <trkpt lat="50.4720148" lon="6.1637803"><ele>461.4</ele><time>2025-06-15T09:49:05Z</time></trkpt>
    <trkpt lat="50.4719454" lon="6.1637836"><ele>460.3</ele><time>2025-06-15T09:49:06Z</time></trkpt>
    <trkpt lat="50.4718359" lon="6.1636580"><ele>458.8</ele><time>2025-06-15T09:49:08Z</time></trkpt>
    <trkpt lat="50.4717836" lon="6.1635903"><ele>458.2</ele><time>2025-06-15T09:49:09Z</time></trkpt>
    <trkpt lat="50.4717187" lon="6.1635869"><ele>457.6</ele><time>2025-06-15T09:49:11Z</time></trkpt>
    <trkpt lat="50.4716062" lon="6.1635316"><ele>456.0</ele><time>2025-06-15T09:49:12Z</time></trkpt>
    <trkpt lat="50.4715436" lon="6.1634851"><ele>455.4</ele><time>2025-06-15T09:49:14Z</time></trkpt>
    <trkpt lat="50.4714645" lon="6.1634454"><ele>455.3</ele><time>2025-06-15T09:49:15Z</time></trkpt>
    <trkpt lat="50.4713544" lon="6.1633719"><ele>454.0</ele><time>2025-06-15T09:49:16Z</time></trkpt>
    <trkpt lat="50.4712963" lon="6.1633110"><ele>452.5</ele><time>2025-06-15T09:49:18Z</time></trkpt>
    <trkpt lat="50.4712053" lon="6.1632746"><ele>451.1</ele><time>2025-06-15T09:49:19Z</time></trkpt>
    <trkpt lat="50.4711002" lon="6.1632430"><ele>450.5</ele><time>2025-06-15T09:49:21Z</time></trkpt>
    <trkpt lat="50.4710136" lon="6.1632050"><ele>449.5</ele><time>2025-06-15T09:49:22Z</time></trkpt>
    <trkpt lat="50.4709446" lon="6.1631142"><ele>448.7</ele><time>2025-06-15T09:49:24Z</time></trkpt>
    <trkpt lat="50.4708761" lon="6.1630909"><ele>448.1</ele><time>2025-06-15T09:49:25Z</time></trkpt>
    <trkpt lat="50.4707764" lon="6.1630312"><ele>447.1</ele><time>2025-06-15T09:49:26Z</time></trkpt>
    <trkpt lat="50.4707107" lon="6.1629209"><ele>446.1</ele><time>2025-06-15T09:49:28Z</time></trkpt>
    <trkpt lat="50.4707339" lon="6.1627224"><ele>445.6</ele><time>2025-06-15T09:49:29Z</time></trkpt>
    <trkpt lat="50.4708175" lon="6.1626862"><ele>443.7</ele><time>2025-06-15T09:49:31Z</time></trkpt>
    <trkpt lat="50.4709286" lon="6.1627121"><ele>442.4</ele><time>2025-06-15T09:49:32Z</time></trkpt>
    <trkpt lat="50.4709870" lon="6.1627716"><ele>441.6</ele><time>2025-06-15T09:49:34Z</time></trkpt>
    <trkpt lat="50.4710985" lon="6.1627692"><ele>440.7</ele><time>2025-06-15T09:49:35Z</time></trkpt>
    <trkpt lat="50.4711635" lon="6.1627770"><ele>440.2</ele><time>2025-06-15T09:49:36Z</time></trkpt>
    <trkpt lat="50.4712587" lon="6.1628270"><ele>440.0</ele><time>2025-06-15T09:49:38Z</time></trkpt>
    <trkpt lat="50.4713508" lon="6.1629102"><ele>437.8</ele><time>2025-06-15T09:49:39Z</time></trkpt>
    <trkpt lat="50.4714214" lon="6.1629225"><ele>437.2</ele><time>2025-06-15T09:49:41Z</time></trkpt>
    <trkpt lat="50.4715244" lon="6.1629524"><ele>436.4</ele><time>2025-06-15T09:49:42Z</time></trkpt>
    <trkpt lat="50.4715819" lon="6.1629988"><ele>436.3</ele><time>2025-06-15T09:49:44Z</time></trkpt>
    <trkpt lat="50.4716921" lon="6.1630276"><ele>434.5</ele><time>2025-06-15T09:49:45Z</time></trkpt>
    <trkpt lat="50.4717962" lon="6.1630150"><ele>433.4</ele><time>2025-06-15T09:49:46Z</time></trkpt>
    <trkpt lat="50.4719081" lon="6.1631232"><ele>433.5</ele><time>2025-06-15T09:49:48Z</time></trkpt>
    <trkpt lat="50.4719428" lon="6.1631358"><ele>431.7</ele><time>2025-06-15T09:49:49Z</time></trkpt>
    <trkpt lat="50.4720398" lon="6.1631662"><ele>431.0</ele><time>2025-06-15T09:49:51Z</time></trkpt>
    <trkpt lat="50.4721129" lon="6.1632287"><ele>429.6</ele><time>2025-06-15T09:49:52Z</time></trkpt>
    <trkpt lat="50.4722325" lon="6.1632298"><ele>429.2</ele><time>2025-06-15T09:49:54Z</time></trkpt>
    <trkpt lat="50.4723187" lon="6.1632515"><ele>427.8</ele><time>2025-06-15T09:49:55Z</time></trkpt>
    <trkpt lat="50.4723672" lon="6.1633451"><ele>427.0</ele><time>2025-06-15T09:49:56Z</time></trkpt>
    <trkpt lat="50.4724777" lon="6.1633619"><ele>426.0</ele><time>2025-06-15T09:49:58Z</time></trkpt>
    <trkpt lat="50.4725850" lon="6.1634113"><ele>425.1</ele><time>2025-06-15T09:49:59Z</time></trkpt>
    <trkpt lat="50.4726432" lon="6.1634181"><ele>424.5</ele><time>2025-06-15T09:50:01Z</time></trkpt>
    <trkpt lat="50.4727444" lon="6.1635173"><ele>423.5</ele><time>2025-06-15T09:50:02Z</time></trkpt>
    <trkpt lat="50.4728133" lon="6.1635407"><ele>422.2</ele><time>2025-06-15T09:50:04Z</time></trkpt>
    <trkpt lat="50.4729078" lon="6.1635633"><ele>420.8</ele><time>2025-06-15T09:50:05Z</time></trkpt>
    <trkpt lat="50.4730136" lon="6.1635601"><ele>420.5</ele><time>2025-06-15T09:50:06Z</time></trkpt>
    <trkpt lat="50.4730999" lon="6.1636193"><ele>419.6</ele><time>2025-06-15T09:50:08Z</time></trkpt>
    <trkpt lat="50.4731459" lon="6.1636882"><ele>418.3</ele><time>2025-06-15T09:50:09Z</time></trkpt>
    <trkpt lat="50.4732324" lon="6.1636829"><ele>417.8</ele><time>2025-06-15T09:50:11Z</time></trkpt>
    <trkpt lat="50.4733282" lon="6.1637547"><ele>416.6</ele><time>2025-06-15T09:50:12Z</time></trkpt>
    <trkpt lat="50.4734419" lon="6.1637790"><ele>415.8</ele><time>2025-06-15T09:50:14Z</time></trkpt>
    <trkpt lat="50.4735144" lon="6.1637957"><ele>415.1</ele><time>2025-06-15T09:50:15Z</time></trkpt>
    <trkpt lat="50.4736059" lon="6.1638100"><ele>414.2</ele><time>2025-06-15T09:50:16Z</time></trkpt>
    <trkpt lat="50.4736858" lon="6.1638739"><ele>413.1</ele><time>2025-06-15T09:50:18Z</time></trkpt>
    <trkpt lat="50.4737913" lon="6.1638855"><ele>411.9</ele><time>2025-06-15T09:50:19Z</time></trkpt>
    <trkpt lat="50.4738695" lon="6.1639176"><ele>410.7</ele><time>2025-06-15T09:50:21Z</time></trkpt>
    <trkpt lat="50.4739707" lon="6.1639980"><ele>410.4</ele><time>2025-06-15T09:50:22Z</time></trkpt>
    <trkpt lat="50.4740469" lon="6.1640957"><ele>409.4</ele><time>2025-06-15T09:50:24Z</time></trkpt>
    <trkpt lat="50.4740803" lon="6.1642266"><ele>407.6</ele><time>2025-06-15T09:50:25Z</time></trkpt>
    <trkpt lat="50.4740956" lon="6.1643310"><ele>407.5</ele><time>2025-06-15T09:50:27Z</time></trkpt>
    <trkpt lat="50.4741327" lon="6.1644512"><ele>405.9</ele><time>2025-06-15T09:50:28Z</time></trkpt>
    <trkpt lat="50.4741555" lon="6.1646127"><ele>405.5</ele><time>2025-06-15T09:50:29Z</time></trkpt>
    <trkpt lat="50.4741930" lon="6.1647470"><ele>404.6</ele><time>2025-06-15T09:50:31Z</time></trkpt>
    <trkpt lat="50.4742016" lon="6.1648590"><ele>403.1</ele><time>2025-06-15T09:50:32Z</time></trkpt>
    <trkpt lat="50.4742282" lon="6.1649606"><ele>402.5</ele><time>2025-06-15T09:50:34Z</time></trkpt>
    <trkpt lat="50.4742508" lon="6.1651919"><ele>401.7</ele><time>2025-06-15T09:50:35Z</time></trkpt>
    <trkpt lat="50.4742687" lon="6.1652880"><ele>400.7</ele><time>2025-06-15T09:50:37Z</time></trkpt>
    <trkpt lat="50.4742914" lon="6.1654500"><ele>400.2</ele><time>2025-06-15T09:50:38Z</time></trkpt>
    <trkpt lat="50.4743207" lon="6.1655660"><ele>399.0</ele><time>2025-06-15T09:50:39Z</time></trkpt>
    <trkpt lat="50.4743328" lon="6.1657086"><ele>397.1</ele><time>2025-06-15T09:50:41Z</time></trkpt>
    <trkpt lat="50.4743984" lon="6.1658268"><ele>396.8</ele><time>2025-06-15T09:50:42Z</time></trkpt>
    <trkpt lat="50.4743924" lon="6.1659823"><ele>396.2</ele><time>2025-06-15T09:50:44Z</time></trkpt>
    <trkpt lat="50.4744177" lon="6.1661019"><ele>395.6</ele><time>2025-06-15T09:50:45Z</time></trkpt>
    <trkpt lat="50.4744302" lon="6.1662488"><ele>394.4</ele><time>2025-06-15T09:50:47Z</time></trkpt>
    <trkpt lat="50.4744514" lon="6.1663853"><ele>393.1</ele><time>2025-06-15T09:50:48Z</time></trkpt>
    <trkpt lat="50.4744598" lon="6.1665116"><ele>392.4</ele><time>2025-06-15T09:50:49Z</time></trkpt>
    <trkpt lat="50.4745039" lon="6.1666300"><ele>391.3</ele><time>2025-06-15T09:50:51Z</time></trkpt>
    <trkpt lat="50.4745164" lon="6.1667358"><ele>389.7</ele><time>2025-06-15T09:50:52Z</time></trkpt>
    <trkpt lat="50.4745278" lon="6.1669019"><ele>390.1</ele><time>2025-06-15T09:50:54Z</time></trkpt>
    <trkpt lat="50.4745709" lon="6.1670463"><ele>388.5</ele><time>2025-06-15T09:50:55Z</time></trkpt>
    <trkpt lat="50.4745839" lon="6.1671573"><ele>387.8</ele><time>2025-06-15T09:50:57Z</time></trkpt>
    <trkpt lat="50.4746178" lon="6.1673222"><ele>386.1</ele><time>2025-06-15T09:50:58Z</time></trkpt>
    <trkpt lat="50.4746543" lon="6.1674503"><ele>385.1</ele><time>2025-06-15T09:50:59Z</time></trkpt>
    <trkpt lat="50.4746490" lon="6.1675996"><ele>384.9</ele><time>2025-06-15T09:51:01Z</time></trkpt>
    <trkpt lat="50.4746687" lon="6.1676875"><ele>383.9</ele><time>2025-06-15T09:51:02Z</time></trkpt>
    <trkpt lat="50.4746988" lon="6.1678760"><ele>382.4</ele><time>2025-06-15T09:51:04Z</time></trkpt>
    <trkpt lat="50.4747323" lon="6.1679519"><ele>381.8</ele><time>2025-06-15T09:51:05Z</time></trkpt>
    <trkpt lat="50.4747558" lon="6.1681405"><ele>380.9</ele><time>2025-06-15T09:51:07Z</time></trkpt>
    <trkpt lat="50.4747559" lon="6.1683013"><ele>380.1</ele><time>2025-06-15T09:51:08Z</time></trkpt>
    <trkpt lat="50.4747890" lon="6.1684149"><ele>378.8</ele><time>2025-06-15T09:51:09Z</time></trkpt>
    <trkpt lat="50.4748061" lon="6.1685570"><ele>377.8</ele><time>2025-06-15T09:51:11Z</time></trkpt>
    <trkpt lat="50.4748303" lon="6.1687162"><ele>376.9</ele><time>2025-06-15T09:51:12Z</time></trkpt>
    <trkpt lat="50.4748697" lon="6.1688269"><ele>375.9</ele><time>2025-06-15T09:51:14Z</time></trkpt>
    <trkpt lat="50.4748953" lon="6.1689523"><ele>375.0</ele><time>2025-06-15T09:51:15Z</time></trkpt>
    <trkpt lat="50.4749052" lon="6.1690857"><ele>373.8</ele><time>2025-06-15T09:51:17Z</time></trkpt>
    <trkpt lat="50.4749576" lon="6.1692618"><ele>373.7</ele><time>2025-06-15T09:51:18Z</time></trkpt>
    <trkpt lat="50.4749529" lon="6.1693848"><ele>371.9</ele><time>2025-06-15T09:51:19Z</time></trkpt>
    <trkpt lat="50.4749748" lon="6.1695194"><ele>371.3</ele><time>2025-06-15T09:51:21Z</time></trkpt>
    <trkpt lat="50.4750084" lon="6.1696655"><ele>371.1</ele><time>2025-06-15T09:51:22Z</time></trkpt>
    <trkpt lat="50.4750328" lon="6.1697619"><ele>370.1</ele><time>2025-06-15T09:51:24Z</time></trkpt>
    <trkpt lat="50.4750542" lon="6.1699284"><ele>369.2</ele><time>2025-06-15T09:51:25Z</time></trkpt>
    <trkpt lat="50.4750759" lon="6.1700655"><ele>367.5</ele><time>2025-06-15T09:51:27Z</time></trkpt>
    <trkpt lat="50.4750737" lon="6.1702160"><ele>366.8</ele><time>2025-06-15T09:51:28Z</time></trkpt>
    <trkpt lat="50.4751069" lon="6.1703619"><ele>365.8</ele><time>2025-06-15T09:51:29Z</time></trkpt>
    <trkpt lat="50.4751218" lon="6.1704868"><ele>364.6</ele><time>2025-06-15T09:51:31Z</time></trkpt>
    <trkpt lat="50.4751504" lon="6.1705646"><ele>364.3</ele><time>2025-06-15T09:51:32Z</time></trkpt>
    <trkpt lat="50.4751803" lon="6.1707440"><ele>363.3</ele><time>2025-06-15T09:51:34Z</time></trkpt>
    <trkpt lat="50.4752112" lon="6.1708716"><ele>362.1</ele><time>2025-06-15T09:51:35Z</time></trkpt>
    <trkpt lat="50.4752102" lon="6.1709787"><ele>361.9</ele><time>2025-06-15T09:51:37Z</time></trkpt>
    <trkpt lat="50.4752319" lon="6.1711277"><ele>360.9</ele><time>2025-06-15T09:51:38Z</time></trkpt>
    <trkpt lat="50.4752557" lon="6.1712897"><ele>358.7</ele><time>2025-06-15T09:51:39Z</time></trkpt>
    <trkpt lat="50.4752844" lon="6.1714094"><ele>357.8</ele><time>2025-06-15T09:51:41Z</time></trkpt>
    <trkpt lat="50.4753349" lon="6.1715260"><ele>357.9</ele><time>2025-06-15T09:51:42Z</time></trkpt>
    <trkpt lat="50.4753534" lon="6.1716441"><ele>356.6</ele><time>2025-06-15T09:51:44Z</time></trkpt>
    <trkpt lat="50.4753501" lon="6.1718263"><ele>355.2</ele><time>2025-06-15T09:51:45Z</time></trkpt>
    <trkpt lat="50.4754169" lon="6.1719741"><ele>354.5</ele><time>2025-06-15T09:51:47Z</time></trkpt>
    <trkpt lat="50.4754160" lon="6.1720942"><ele>352.9</ele><time>2025-06-15T09:51:48Z</time></trkpt>
    <trkpt lat="50.4754386" lon="6.1722032"><ele>352.4</ele><time>2025-06-15T09:51:49Z</time></trkpt>
    <trkpt lat="50.4754645" lon="6.1723372"><ele>352.0</ele><time>2025-06-15T09:51:51Z</time></trkpt>
    <trkpt lat="50.4754787" lon="6.1725291"><ele>351.0</ele><time>2025-06-15T09:51:52Z</time></trkpt>
    <trkpt lat="50.4754658" lon="6.1726043"><ele>350.5</ele><time>2025-06-15T09:51:54Z</time></trkpt>
    <trkpt lat="50.4755446" lon="6.1727859"><ele>349.3</ele><time>2025-06-15T09:51:55Z</time></trkpt>
    <trkpt lat="50.4755374" lon="6.1728901"><ele>347.9</ele><time>2025-06-15T09:51:57Z</time></trkpt>
    <trkpt lat="50.4755664" lon="6.1730251"><ele>347.8</ele><time>2025-06-15T09:51:58Z</time></trkpt>
    <trkpt lat="50.4755978" lon="6.1731695"><ele>345.9</ele><time>2025-06-15T09:51:59Z</time></trkpt>
    <trkpt lat="50.4756216" lon="6.1733159"><ele>345.3</ele><time>2025-06-15T09:52:01Z</time></trkpt>
    <trkpt lat="50.4756444" lon="6.1734194"><ele>344.3</ele><time>2025-06-15T09:52:02Z</time></trkpt>
    <trkpt lat="50.4756618" lon="6.1735976"><ele>343.8</ele><time>2025-06-15T09:52:04Z</time></trkpt>
    <trkpt lat="50.4756691" lon="6.1737431"><ele>342.9</ele><time>2025-06-15T09:52:05Z</time></trkpt>
    <trkpt lat="50.4757097" lon="6.1738566"><ele>341.4</ele><time>2025-06-15T09:52:07Z</time></trkpt>
    <trkpt lat="50.4757276" lon="6.1739772"><ele>341.0</ele><time>2025-06-15T09:52:08Z</time></trkpt>
    <trkpt lat="50.4757767" lon="6.1741321"><ele>340.3</ele><time>2025-06-15T09:52:09Z</time></trkpt>
    <trkpt lat="50.4757744" lon="6.1742692"><ele>338.8</ele><time>2025-06-15T09:52:11Z</time></trkpt>
    <trkpt lat="50.4757899" lon="6.1744039"><ele>337.8</ele><time>2025-06-15T09:52:12Z</time></trkpt>
    <trkpt lat="50.4758107" lon="6.1744928"><ele>336.8</ele><time>2025-06-15T09:52:14Z</time></trkpt>
    <trkpt lat="50.4758457" lon="6.1746614"><ele>336.1</ele><time>2025-06-15T09:52:15Z</time></trkpt>
    <trkpt lat="50.4758688" lon="6.1747983"><ele>334.3</ele><time>2025-06-15T09:52:17Z</time></trkpt>
    <trkpt lat="50.4758743" lon="6.1749668"><ele>333.4</ele><time>2025-06-15T09:52:18Z</time></trkpt>
    <trkpt lat="50.4759241" lon="6.1750700"><ele>333.0</ele><time>2025-06-15T09:52:19Z</time></trkpt>
    <trkpt lat="50.4759433" lon="6.1752312"><ele>332.1</ele><time>2025-06-15T09:52:21Z</time></trkpt>
    <trkpt lat="50.4759597" lon="6.1753837"><ele>330.8</ele><time>2025-06-15T09:52:22Z</time></trkpt>
    <trkpt lat="50.4760084" lon="6.1755064"><ele>330.4</ele><time>2025-06-15T09:52:24Z</time></trkpt>
    <trkpt lat="50.4760007" lon="6.1756485"><ele>329.2</ele><time>2025-06-15T09:52:25Z</time></trkpt>
    <trkpt lat="50.4760307" lon="6.1757376"><ele>328.8</ele><time>2025-06-15T09:52:27Z</time></trkpt>
    <trkpt lat="50.4760403" lon="6.1759377"><ele>327.4</ele><time>2025-06-15T09:52:28Z</time></trkpt>
    <trkpt lat="50.4760772" lon="6.1760668"><ele>326.4</ele><time>2025-06-15T09:52:29Z</time></trkpt>
    <trkpt lat="50.4761312" lon="6.1761872"><ele>325.7</ele><time>2025-06-15T09:52:31Z</time></trkpt>
    <trkpt lat="50.4761356" lon="6.1763063"><ele>325.5</ele><time>2025-06-15T09:52:32Z</time></trkpt>
    <trkpt lat="50.4761489" lon="6.1764478"><ele>324.1</ele><time>2025-06-15T09:52:34Z</time></trkpt>
    <trkpt lat="50.4761670" lon="6.1766085"><ele>323.3</ele><time>2025-06-15T09:52:35Z</time></trkpt>
    <trkpt lat="50.4761897" lon="6.1767227"><ele>320.8</ele><time>2025-06-15T09:52:37Z</time></trkpt>
    <trkpt lat="50.4762057" lon="6.1768619"><ele>320.7</ele><time>2025-06-15T09:52:38Z</time></trkpt>
    <trkpt lat="50.4762473" lon="6.1770071"><ele>320.1</ele><time>2025-06-15T09:52:39Z</time></trkpt>
    <trkpt lat="50.4762708" lon="6.1770972"><ele>318.8</ele><time>2025-06-15T09:52:41Z</time></trkpt>
    <trkpt lat="50.4762800" lon="6.1772479"><ele>317.4</ele><time>2025-06-15T09:52:42Z</time></trkpt>
    <trkpt lat="50.4763266" lon="6.1774059"><ele>317.1</ele><time>2025-06-15T09:52:44Z</time></trkpt>
    <trkpt lat="50.4763563" lon="6.1775278"><ele>316.4</ele><time>2025-06-15T09:52:45Z</time></trkpt>
    <trkpt lat="50.4763790" lon="6.1776833"><ele>315.0</ele><time>2025-06-15T09:52:47Z</time></trkpt>
    <trkpt lat="50.4763734" lon="6.1778283"><ele>313.6</ele><time>2025-06-15T09:52:48Z</time></trkpt>
    <trkpt lat="50.4763917" lon="6.1779371"><ele>313.6</ele><time>2025-06-15T09:52:49Z</time></trkpt>
    <trkpt lat="50.4764034" lon="6.1780949"><ele>312.9</ele><time>2025-06-15T09:52:51Z</time></trkpt>
    <trkpt lat="50.4764391" lon="6.1782197"><ele>310.9</ele><time>2025-06-15T09:52:52Z</time></trkpt>
    <trkpt lat="50.4764621" lon="6.1783791"><ele>311.3</ele><time>2025-06-15T09:52:54Z</time></trkpt>
    <trkpt lat="50.4764956" lon="6.1784886"><ele>309.1</ele><time>2025-06-15T09:52:55Z</time></trkpt>
    <trkpt lat="50.4765100" lon="6.1785806"><ele>308.9</ele><time>2025-06-15T09:52:57Z</time></trkpt>
    <trkpt lat="50.4765282" lon="6.1788154"><ele>307.5</ele><time>2025-06-15T09:52:58Z</time></trkpt>
    <trkpt lat="50.4765654" lon="6.1788949"><ele>306.1</ele><time>2025-06-15T09:52:59Z</time></trkpt>
    <trkpt lat="50.4765783" lon="6.1790305"><ele>305.4</ele><time>2025-06-15T09:53:01Z</time></trkpt>
    <trkpt lat="50.4765978" lon="6.1791915"><ele>304.6</ele><time>2025-06-15T09:53:02Z</time></trkpt>
    <trkpt lat="50.4766260" lon="6.1793150"><ele>303.4</ele><time>2025-06-15T09:53:04Z</time></trkpt>
    <trkpt lat="50.4766530" lon="6.1794367"><ele>302.8</ele><time>2025-06-15T09:53:05Z</time></trkpt>
    <trkpt lat="50.4766689" lon="6.1795751"><ele>301.6</ele><time>2025-06-15T09:53:07Z</time></trkpt>
    <trkpt lat="50.4766899" lon="6.1797124"><ele>301.4</ele><time>2025-06-15T09:53:08Z</time></trkpt>
    <trkpt lat="50.4767299" lon="6.1798575"><ele>300.4</ele><time>2025-06-15T09:53:09Z</time></trkpt>
    <trkpt lat="50.4767513" lon="6.1799967"><ele>299.5</ele><time>2025-06-15T09:53:11Z</time></trkpt>
    <trkpt lat="50.4767606" lon="6.1801083"><ele>298.5</ele><time>2025-06-15T09:53:12Z</time></trkpt>
    <trkpt lat="50.4768047" lon="6.1802560"><ele>297.5</ele><time>2025-06-15T09:53:14Z</time></trkpt>
    <trkpt lat="50.4768212" lon="6.1804101"><ele>296.6</ele><time>2025-06-15T09:53:15Z</time></trkpt>
    <trkpt lat="50.4768508" lon="6.1805678"><ele>295.4</ele><time>2025-06-15T09:53:17Z</time></trkpt>
    <trkpt lat="50.4768672" lon="6.1806795"><ele>294.8</ele><time>2025-06-15T09:53:18Z</time></trkpt>
    <trkpt lat="50.4768874" lon="6.1807871"><ele>293.3</ele><time>2025-06-15T09:53:19Z</time></trkpt>
    <trkpt lat="50.4769078" lon="6.1808846"><ele>292.3</ele><time>2025-06-15T09:53:21Z</time></trkpt>
    <trkpt lat="50.4769240" lon="6.1810684"><ele>291.6</ele><time>2025-06-15T09:53:22Z</time></trkpt>
    <trkpt lat="50.4769378" lon="6.1812234"><ele>290.8</ele><time>2025-06-15T09:53:24Z</time></trkpt>
    <trkpt lat="50.4769792" lon="6.1813231"><ele>289.4</ele><time>2025-06-15T09:53:25Z</time></trkpt>
    <trkpt lat="50.4770057" lon="6.1814680"><ele>288.4</ele><time>2025-06-15T09:53:27Z</time></trkpt>
    <trkpt lat="50.4769985" lon="6.1816099"><ele>288.4</ele><time>2025-06-15T09:53:28Z</time></trkpt>
    <trkpt lat="50.4770475" lon="6.1817782"><ele>286.6</ele><time>2025-06-15T09:53:29Z</time></trkpt>
    <trkpt lat="50.4770850" lon="6.1818857"><ele>285.6</ele><time>2025-06-15T09:53:31Z</time></trkpt>
    <trkpt lat="50.4770853" lon="6.1820614"><ele>284.9</ele><time>2025-06-15T09:53:32Z</time></trkpt>
    <trkpt lat="50.4771051" lon="6.1821476"><ele>284.5</ele><time>2025-06-15T09:53:34Z</time></trkpt>
    <trkpt lat="50.4771394" lon="6.1822967"><ele>282.8</ele><time>2025-06-15T09:53:35Z</time></trkpt>
    <trkpt lat="50.4771445" lon="6.1824100"><ele>282.1</ele><time>2025-06-15T09:53:37Z</time></trkpt>
    <trkpt lat="50.4771825" lon="6.1825640"><ele>281.9</ele><time>2025-06-15T09:53:38Z</time></trkpt>
    <trkpt lat="50.4771864" lon="6.1826947"><ele>279.5</ele><time>2025-06-15T09:53:39Z</time></trkpt>
    <trkpt lat="50.4772204" lon="6.1828024"><ele>279.4</ele><time>2025-06-15T09:53:41Z</time></trkpt>
    <trkpt lat="50.4772653" lon="6.1829553"><ele>278.3</ele><time>2025-06-15T09:53:42Z</time></trkpt>
    <trkpt lat="50.4772698" lon="6.1831021"><ele>278.0</ele><time>2025-06-15T09:53:44Z</time></trkpt>
    <trkpt lat="50.4773125" lon="6.1832813"><ele>276.5</ele><time>2025-06-15T09:53:45Z</time></trkpt>
    <trkpt lat="50.4773107" lon="6.1833866"><ele>274.9</ele><time>2025-06-15T09:53:47Z</time></trkpt>
    <trkpt lat="50.4773199" lon="6.1835301"><ele>274.8</ele><time>2025-06-15T09:53:48Z</time></trkpt>
    <trkpt lat="50.4773696" lon="6.1836412"><ele>273.4</ele><time>2025-06-15T09:53:49Z</time></trkpt>
    <trkpt lat="50.4773927" lon="6.1837963"><ele>272.1</ele><time>2025-06-15T09:53:51Z</time></trkpt>
    <trkpt lat="50.4773975" lon="6.1839175"><ele>271.9</ele><time>2025-06-15T09:53:52Z</time></trkpt>
    <trkpt lat="50.4774308" lon="6.1840765"><ele>270.9</ele><time>2025-06-15T09:53:54Z</time></trkpt>
    <trkpt lat="50.4774609" lon="6.1842231"><ele>270.4</ele><time>2025-06-15T09:53:55Z</time></trkpt>
    <trkpt lat="50.4774738" lon="6.1843456"><ele>269.7</ele><time>2025-06-15T09:53:57Z</time></trkpt>
    <trkpt lat="50.4775111" lon="6.1844805"><ele>268.5</ele><time>2025-06-15T09:53:58Z</time></trkpt>
    <trkpt lat="50.4775367" lon="6.1845976"><ele>267.2</ele><time>2025-06-15T09:53:59Z</time></trkpt>
    <trkpt lat="50.4775537" lon="6.1847706"><ele>267.4</ele><time>2025-06-15T09:54:01Z</time></trkpt>
    <trkpt lat="50.4775934" lon="6.1849014"><ele>267.2</ele><time>2025-06-15T09:54:02Z</time></trkpt>
    <trkpt lat="50.4775466" lon="6.1850001"><ele>267.0</ele><time>2025-06-15T09:54:04Z</time></trkpt>
    <trkpt lat="50.4775740" lon="6.1851738"><ele>266.9</ele><time>2025-06-15T09:54:05Z</time></trkpt>
    <trkpt lat="50.4775652" lon="6.1853351"><ele>266.7</ele><time>2025-06-15T09:54:07Z</time></trkpt>
    <trkpt lat="50.4775522" lon="6.1854753"><ele>266.6</ele><time>2025-06-15T09:54:08Z</time></trkpt>
    <trkpt lat="50.4775144" lon="6.1855974"><ele>266.9</ele><time>2025-06-15T09:54:09Z</time></trkpt>
    <trkpt lat="50.4775167" lon="6.1857017"><ele>266.3</ele><time>2025-06-15T09:54:11Z</time></trkpt>
    <trkpt lat="50.4774330" lon="6.1858467"><ele>266.1</ele><time>2025-06-15T09:54:12Z</time></trkpt>
    <trkpt lat="50.4774290" lon="6.1860190"><ele>266.3</ele><time>2025-06-15T09:54:14Z</time></trkpt>
    <trkpt lat="50.4773612" lon="6.1860688"><ele>265.8</ele><time>2025-06-15T09:54:15Z</time></trkpt>
    <trkpt lat="50.4773096" lon="6.1861933"><ele>266.1</ele><time>2025-06-15T09:54:17Z</time></trkpt>
    <trkpt lat="50.4772154" lon="6.1863236"><ele>265.8</ele><time>2025-06-15T09:54:18Z</time></trkpt>
    <trkpt lat="50.4771861" lon="6.1864254"><ele>265.6</ele><time>2025-06-15T09:54:19Z</time></trkpt>
    <trkpt lat="50.4771096" lon="6.1864861"><ele>265.6</ele><time>2025-06-15T09:54:21Z</time></trkpt>
    <trkpt lat="50.4770179" lon="6.1865333"><ele>265.8</ele><time>2025-06-15T09:54:22Z</time></trkpt>
    <trkpt lat="50.4769363" lon="6.1866101"><ele>266.0</ele><time>2025-06-15T09:54:24Z</time></trkpt>
    <trkpt lat="50.4768405" lon="6.1866757"><ele>265.4</ele><time>2025-06-15T09:54:25Z</time></trkpt>
    <trkpt lat="50.4767665" lon="6.1867289"><ele>265.8</ele><time>2025-06-15T09:54:27Z</time></trkpt>
    <trkpt lat="50.4766799" lon="6.1867110"><ele>265.4</ele><time>2025-06-15T09:54:28Z</time></trkpt>
    <trkpt lat="50.4765916" lon="6.1867576"><ele>265.8</ele><time>2025-06-15T09:54:30Z</time></trkpt>
    <trkpt lat="50.4765001" lon="6.1867574"><ele>265.7</ele><time>2025-06-15T09:54:31Z</time></trkpt>
    <trkpt lat="50.4764292" lon="6.1867775"><ele>265.6</ele><time>2025-06-15T09:54:32Z</time></trkpt>
    <trkpt lat="50.4763191" lon="6.1868063"><ele>265.1</ele><time>2025-06-15T09:54:34Z</time></trkpt>
    <trkpt lat="50.4762316" lon="6.1867268"><ele>265.4</ele><time>2025-06-15T09:54:35Z</time></trkpt>
    <trkpt lat="50.4761522" lon="6.1866727"><ele>264.4</ele><time>2025-06-15T09:54:37Z</time></trkpt>
    <trkpt lat="50.4760723" lon="6.1866507"><ele>264.4</ele><time>2025-06-15T09:54:38Z</time></trkpt>
    <trkpt lat="50.4760046" lon="6.1866123"><ele>265.0</ele><time>2025-06-15T09:54:40Z</time></trkpt>
    <trkpt lat="50.4759329" lon="6.1865059"><ele>264.2</ele><time>2025-06-15T09:54:41Z</time></trkpt>
    <trkpt lat="50.4758442" lon="6.1864284"><ele>264.6</ele><time>2025-06-15T09:54:42Z</time></trkpt>
    <trkpt lat="50.4757730" lon="6.1863462"><ele>265.0</ele><time>2025-06-15T09:54:44Z</time></trkpt>
    <trkpt lat="50.4757153" lon="6.1862453"><ele>265.0</ele><time>2025-06-15T09:54:45Z</time></trkpt>
    <trkpt lat="50.4756390" lon="6.1861178"><ele>265.3</ele><time>2025-06-15T09:54:47Z</time></trkpt>
    <trkpt lat="50.4756040" lon="6.1860094"><ele>264.4</ele><time>2025-06-15T09:54:48Z</time></trkpt>
    <trkpt lat="50.4755412" lon="6.1859278"><ele>264.4</ele><time>2025-06-15T09:54:50Z</time></trkpt>
    <trkpt lat="50.4754941" lon="6.1857688"><ele>264.5</ele><time>2025-06-15T09:54:51Z</time></trkpt>
    <trkpt lat="50.4754602" lon="6.1856477"><ele>263.7</ele><time>2025-06-15T09:54:52Z</time></trkpt>
    <trkpt lat="50.4754136" lon="6.1855347"><ele>263.8</ele><time>2025-06-15T09:54:54Z</time></trkpt>
    <trkpt lat="50.4753557" lon="6.1854135"><ele>263.0</ele><time>2025-06-15T09:54:55Z</time></trkpt>
    <trkpt lat="50.4753091" lon="6.1852735"><ele>263.9</ele><time>2025-06-15T09:54:57Z</time></trkpt>
    <trkpt lat="50.4752593" lon="6.1851617"><ele>263.8</ele><time>2025-06-15T09:54:58Z</time></trkpt>
    <trkpt lat="50.4752241" lon="6.1850398"><ele>263.6</ele><time>2025-06-15T09:55:00Z</time></trkpt>
    <trkpt lat="50.4751898" lon="6.1849192"><ele>263.3</ele><time>2025-06-15T09:55:01Z</time></trkpt>
    <trkpt lat="50.4751541" lon="6.1848090"><ele>263.9</ele><time>2025-06-15T09:55:02Z</time></trkpt>
    <trkpt lat="50.4750800" lon="6.1847030"><ele>263.3</ele><time>2025-06-15T09:55:04Z</time></trkpt>
    <trkpt lat="50.4750529" lon="6.1845252"><ele>263.1</ele><time>2025-06-15T09:55:05Z</time></trkpt>
    <trkpt lat="50.4750052" lon="6.1844645"><ele>263.3</ele><time>2025-06-15T09:55:07Z</time></trkpt>
    <trkpt lat="50.4749715" lon="6.1843114"><ele>263.0</ele><time>2025-06-15T09:55:08Z</time></trkpt>
    <trkpt lat="50.4749394" lon="6.1841845"><ele>262.6</ele><time>2025-06-15T09:55:10Z</time></trkpt>
    <trkpt lat="50.4748863" lon="6.1840788"><ele>263.0</ele><time>2025-06-15T09:55:11Z</time></trkpt>
    <trkpt lat="50.4748086" lon="6.1839640"><ele>263.2</ele><time>2025-06-15T09:55:12Z</time></trkpt>
    <trkpt lat="50.4747614" lon="6.1837903"><ele>263.7</ele><time>2025-06-15T09:55:14Z</time></trkpt>
    <trkpt lat="50.4747352" lon="6.1837014"><ele>263.1</ele><time>2025-06-15T09:55:15Z</time></trkpt>
    <trkpt lat="50.4747066" lon="6.1835761"><ele>262.5</ele><time>2025-06-15T09:55:17Z</time></trkpt>
    <trkpt lat="50.4746643" lon="6.1834255"><ele>262.8</ele><time>2025-06-15T09:55:18Z</time></trkpt>
    <trkpt lat="50.4746156" lon="6.1833312"><ele>262.6</ele><time>2025-06-15T09:55:20Z</time></trkpt>
    <trkpt lat="50.4745497" lon="6.1831945"><ele>263.0</ele><time>2025-06-15T09:55:21Z</time></trkpt>
    <trkpt lat="50.4745328" lon="6.1830698"><ele>262.0</ele><time>2025-06-15T09:55:22Z</time></trkpt>
    <trkpt lat="50.4744819" lon="6.1829444"><ele>262.8</ele><time>2025-06-15T09:55:24Z</time></trkpt>
    <trkpt lat="50.4744403" lon="6.1828071"><ele>262.6</ele><time>2025-06-15T09:55:25Z</time></trkpt>
    <trkpt lat="50.4743757" lon="6.1827464"><ele>262.1</ele><time>2025-06-15T09:55:27Z</time></trkpt>
    <trkpt lat="50.4743177" lon="6.1825858"><ele>262.1</ele><time>2025-06-15T09:55:28Z</time></trkpt>
    <trkpt lat="50.4742875" lon="6.1824810"><ele>261.9</ele><time>2025-06-15T09:55:30Z</time></trkpt>
    <trkpt lat="50.4742268" lon="6.1823428"><ele>262.0</ele><time>2025-06-15T09:55:31Z</time></trkpt>
    <trkpt lat="50.4741965" lon="6.1822306"><ele>262.5</ele><time>2025-06-15T09:55:32Z</time></trkpt>
    <trkpt lat="50.4741661" lon="6.1820963"><ele>261.2</ele><time>2025-06-15T09:55:34Z</time></trkpt>
    <trkpt lat="50.4741271" lon="6.1819982"><ele>261.7</ele><time>2025-06-15T09:55:35Z</time></trkpt>
    <trkpt lat="50.4740825" lon="6.1818687"><ele>261.8</ele><time>2025-06-15T09:55:37Z</time></trkpt>
    <trkpt lat="50.4740143" lon="6.1817499"><ele>261.3</ele><time>2025-06-15T09:55:38Z</time></trkpt>
    <trkpt lat="50.4739883" lon="6.1815947"><ele>261.2</ele><time>2025-06-15T09:55:40Z</time></trkpt>
    <trkpt lat="50.4739272" lon="6.1815028"><ele>261.6</ele><time>2025-06-15T09:55:41Z</time></trkpt>
    <trkpt lat="50.4738973" lon="6.1813894"><ele>261.1</ele><time>2025-06-15T09:55:42Z</time></trkpt>
    <trkpt lat="50.4738260" lon="6.1812680"><ele>261.2</ele><time>2025-06-15T09:55:44Z</time></trkpt>
    <trkpt lat="50.4738180" lon="6.1811406"><ele>260.4</ele><time>2025-06-15T09:55:45Z</time></trkpt>
    <trkpt lat="50.4737682" lon="6.1809751"><ele>261.0</ele><time>2025-06-15T09:55:47Z</time></trkpt>
    <trkpt lat="50.4737049" lon="6.1808598"><ele>260.9</ele><time>2025-06-15T09:55:48Z</time></trkpt>
    <trkpt lat="50.4736880" lon="6.1807577"><ele>261.1</ele><time>2025-06-15T09:55:50Z</time></trkpt>
    <trkpt lat="50.4735836" lon="6.1806623"><ele>260.9</ele><time>2025-06-15T09:55:51Z</time></trkpt>
    <trkpt lat="50.4735711" lon="6.1804708"><ele>261.6</ele><time>2025-06-15T09:55:52Z</time></trkpt>
    <trkpt lat="50.4735135" lon="6.1803625"><ele>261.5</ele><time>2025-06-15T09:55:54Z</time></trkpt>
    <trkpt lat="50.4734837" lon="6.1802701"><ele>260.9</ele><time>2025-06-15T09:55:55Z</time></trkpt>
    <trkpt lat="50.4734295" lon="6.1801280"><ele>260.7</ele><time>2025-06-15T09:55:57Z</time></trkpt>
    <trkpt lat="50.4733891" lon="6.1800208"><ele>260.3</ele><time>2025-06-15T09:55:58Z</time></trkpt>
    <trkpt lat="50.4733576" lon="6.1799561"><ele>260.0</ele><time>2025-06-15T09:56:00Z</time></trkpt>
    <trkpt lat="50.4732980" lon="6.1797991"><ele>260.6</ele><time>2025-06-15T09:56:01Z</time></trkpt>
    <trkpt lat="50.4732645" lon="6.1796488"><ele>260.1</ele><time>2025-06-15T09:56:02Z</time></trkpt>
    <trkpt lat="50.4732124" lon="6.1795475"><ele>259.9</ele><time>2025-06-15T09:56:04Z</time></trkpt>
    <trkpt lat="50.4731658" lon="6.1794365"><ele>260.2</ele><time>2025-06-15T09:56:05Z</time></trkpt>
    <trkpt lat="50.4731689" lon="6.1792780"><ele>259.7</ele><time>2025-06-15T09:56:07Z</time></trkpt>
    <trkpt lat="50.4730966" lon="6.1791663"><ele>259.7</ele><time>2025-06-15T09:56:08Z</time></trkpt>
    <trkpt lat="50.4730526" lon="6.1790281"><ele>260.4</ele><time>2025-06-15T09:56:10Z</time></trkpt>
    <trkpt lat="50.4729806" lon="6.1788940"><ele>260.1</ele><time>2025-06-15T09:56:11Z</time></trkpt>
    <trkpt lat="50.4729435" lon="6.1788139"><ele>259.4</ele><time>2025-06-15T09:56:12Z</time></trkpt>
    <trkpt lat="50.4728830" lon="6.1786612"><ele>259.4</ele><time>2025-06-15T09:56:14Z</time></trkpt>
    <trkpt lat="50.4728482" lon="6.1785583"><ele>259.4</ele><time>2025-06-15T09:56:15Z</time></trkpt>
    <trkpt lat="50.4728147" lon="6.1784608"><ele>259.2</ele><time>2025-06-15T09:56:17Z</time></trkpt>
    <trkpt lat="50.4727715" lon="6.1783317"><ele>259.2</ele><time>2025-06-15T09:56:18Z</time></trkpt>
    <trkpt lat="50.4727138" lon="6.1782079"><ele>258.9</ele><time>2025-06-15T09:56:20Z</time></trkpt>
    <trkpt lat="50.4726750" lon="6.1780749"><ele>259.1</ele><time>2025-06-15T09:56:21Z</time></trkpt>
    <trkpt lat="50.4726186" lon="6.1779402"><ele>259.1</ele><time>2025-06-15T09:56:22Z</time></trkpt>
    <trkpt lat="50.4726005" lon="6.1778122"><ele>259.3</ele><time>2025-06-15T09:56:24Z</time></trkpt>
    <trkpt lat="50.4725500" lon="6.1776969"><ele>259.2</ele><time>2025-06-15T09:56:25Z</time></trkpt>
    <trkpt lat="50.4725149" lon="6.1775601"><ele>258.7</ele><time>2025-06-15T09:56:27Z</time></trkpt>
    <trkpt lat="50.4724659" lon="6.1774466"><ele>258.7</ele><time>2025-06-15T09:56:28Z</time></trkpt>
    <trkpt lat="50.4724007" lon="6.1773330"><ele>258.7</ele><time>2025-06-15T09:56:30Z</time></trkpt>
    <trkpt lat="50.4723802" lon="6.1772206"><ele>258.7</ele><time>2025-06-15T09:56:31Z</time></trkpt>
    <trkpt lat="50.4723212" lon="6.1770463"><ele>258.5</ele><time>2025-06-15T09:56:32Z</time></trkpt>
    <trkpt lat="50.4722714" lon="6.1770163"><ele>258.8</ele><time>2025-06-15T09:56:34Z</time></trkpt>
    <trkpt lat="50.4722399" lon="6.1768881"><ele>258.9</ele><time>2025-06-15T09:56:35Z</time></trkpt>
    <trkpt lat="50.4722132" lon="6.1767313"><ele>258.0</ele><time>2025-06-15T09:56:37Z</time></trkpt>
    <trkpt lat="50.4721125" lon="6.1766372"><ele>258.5</ele><time>2025-06-15T09:56:38Z</time></trkpt>
    <trkpt lat="50.4720855" lon="6.1764945"><ele>258.7</ele><time>2025-06-15T09:56:40Z</time></trkpt>
    <trkpt lat="50.4720579" lon="6.1763593"><ele>257.7</ele><time>2025-06-15T09:56:41Z</time></trkpt>
    <trkpt lat="50.4720066" lon="6.1762532"><ele>258.2</ele><time>2025-06-15T09:56:42Z</time></trkpt>
    <trkpt lat="50.4719877" lon="6.1761238"><ele>258.3</ele><time>2025-06-15T09:56:44Z</time></trkpt>
    <trkpt lat="50.4719181" lon="6.1759897"><ele>258.0</ele><time>2025-06-15T09:56:45Z</time></trkpt>
    <trkpt lat="50.4718762" lon="6.1758681"><ele>257.9</ele><time>2025-06-15T09:56:47Z</time></trkpt>
    <trkpt lat="50.4718276" lon="6.1757755"><ele>257.4</ele><time>2025-06-15T09:56:48Z</time></trkpt>
    <trkpt lat="50.4717917" lon="6.1756346"><ele>257.6</ele><time>2025-06-15T09:56:50Z</time></trkpt>
    <trkpt lat="50.4717578" lon="6.1754832"><ele>257.7</ele><time>2025-06-15T09:56:51Z</time></trkpt>
    <trkpt lat="50.4717219" lon="6.1753817"><ele>257.1</ele><time>2025-06-15T09:56:52Z</time></trkpt>
    <trkpt lat="50.4716520" lon="6.1752612"><ele>257.7</ele><time>2025-06-15T09:56:54Z</time></trkpt>
    <trkpt lat="50.4716029" lon="6.1751201"><ele>257.3</ele><time>2025-06-15T09:56:55Z</time></trkpt>
    <trkpt lat="50.4715745" lon="6.1750136"><ele>257.1</ele><time>2025-06-15T09:56:57Z</time></trkpt>
    <trkpt lat="50.4715181" lon="6.1748978"><ele>256.8</ele><time>2025-06-15T09:56:58Z</time></trkpt>
    <trkpt lat="50.4714822" lon="6.1747510"><ele>256.5</ele><time>2025-06-15T09:57:00Z</time></trkpt>
    <trkpt lat="50.4714287" lon="6.1746660"><ele>257.1</ele><time>2025-06-15T09:57:01Z</time></trkpt>
    <trkpt lat="50.4713831" lon="6.1745068"><ele>256.7</ele><time>2025-06-15T09:57:02Z</time></trkpt>
    <trkpt lat="50.4713482" lon="6.1744487"><ele>256.6</ele><time>2025-06-15T09:57:04Z</time></trkpt>
    <trkpt lat="50.4712973" lon="6.1742767"><ele>257.1</ele><time>2025-06-15T09:57:05Z</time></trkpt>
    <trkpt lat="50.4712724" lon="6.1741223"><ele>256.4</ele><time>2025-06-15T09:57:07Z</time></trkpt>
    <trkpt lat="50.4712120" lon="6.1740517"><ele>256.7</ele><time>2025-06-15T09:57:08Z</time></trkpt>
    <trkpt lat="50.4711338" lon="6.1739262"><ele>256.3</ele><time>2025-06-15T09:57:10Z</time></trkpt>
    <trkpt lat="50.4711196" lon="6.1737903"><ele>256.5</ele><time>2025-06-15T09:57:11Z</time></trkpt>
    <trkpt lat="50.4710771" lon="6.1736796"><ele>255.8</ele><time>2025-06-15T09:57:12Z</time></trkpt>
    <trkpt lat="50.4710347" lon="6.1735229"><ele>255.8</ele><time>2025-06-15T09:57:14Z</time></trkpt>
    <trkpt lat="50.4710074" lon="6.1734502"><ele>256.3</ele><time>2025-06-15T09:57:15Z</time></trkpt>
    <trkpt lat="50.4709377" lon="6.1732756"><ele>255.5</ele><time>2025-06-15T09:57:17Z</time></trkpt>
    <trkpt lat="50.4709219" lon="6.1732165"><ele>256.1</ele><time>2025-06-15T09:57:18Z</time></trkpt>
    <trkpt lat="50.4708547" lon="6.1730860"><ele>256.1</ele><time>2025-06-15T09:57:20Z</time></trkpt>
    <trkpt lat="50.4707975" lon="6.1729597"><ele>256.1</ele><time>2025-06-15T09:57:21Z</time></trkpt>
    <trkpt lat="50.4707619" lon="6.1728192"><ele>256.0</ele><time>2025-06-15T09:57:22Z</time></trkpt>
    <trkpt lat="50.4707053" lon="6.1727273"><ele>255.9</ele><time>2025-06-15T09:57:24Z</time></trkpt>
    <trkpt lat="50.4706609" lon="6.1725586"><ele>255.2</ele><time>2025-06-15T09:57:25Z</time></trkpt>
    <trkpt lat="50.4706230" lon="6.1724433"><ele>255.5</ele><time>2025-06-15T09:57:27Z</time></trkpt>
    <trkpt lat="50.4705811" lon="6.1722934"><ele>255.3</ele><time>2025-06-15T09:57:28Z</time></trkpt>
    <trkpt lat="50.4705389" lon="6.1721980"><ele>255.4</ele><time>2025-06-15T09:57:30Z</time></trkpt>
    <trkpt lat="50.4704917" lon="6.1720697"><ele>255.6</ele><time>2025-06-15T09:57:31Z</time></trkpt>
    <trkpt lat="50.4704421" lon="6.1719410"><ele>255.3</ele><time>2025-06-15T09:57:32Z</time></trkpt>
    <trkpt lat="50.4704059" lon="6.1718486"><ele>254.6</ele><time>2025-06-15T09:57:34Z</time></trkpt>
    <trkpt lat="50.4703595" lon="6.1716793"><ele>255.2</ele><time>2025-06-15T09:57:35Z</time></trkpt>
    <trkpt lat="50.4702994" lon="6.1715476"><ele>254.8</ele><time>2025-06-15T09:57:37Z</time></trkpt>
    <trkpt lat="50.4702634" lon="6.1714479"><ele>254.4</ele><time>2025-06-15T09:57:38Z</time></trkpt>
    <trkpt lat="50.4702342" lon="6.1713865"><ele>255.0</ele><time>2025-06-15T09:57:40Z</time></trkpt>
    <trkpt lat="50.4701745" lon="6.1712239"><ele>255.1</ele><time>2025-06-15T09:57:41Z</time></trkpt>
    <trkpt lat="50.4701158" lon="6.1710896"><ele>254.3</ele><time>2025-06-15T09:57:42Z</time></trkpt>
    <trkpt lat="50.4700786" lon="6.1709619"><ele>254.7</ele><time>2025-06-15T09:57:44Z</time></trkpt>
    <trkpt lat="50.4700427" lon="6.1708305"><ele>254.7</ele><time>2025-06-15T09:57:45Z</time></trkpt>
    <trkpt lat="50.4699939" lon="6.1707423"><ele>254.2</ele><time>2025-06-15T09:57:47Z</time></trkpt>
    <trkpt lat="50.4699462" lon="6.1706090"><ele>254.6</ele><time>2025-06-15T09:57:48Z</time></trkpt>
    <trkpt lat="50.4698908" lon="6.1705093"><ele>254.1</ele><time>2025-06-15T09:57:50Z</time></trkpt>
    <trkpt lat="50.4698749" lon="6.1703512"><ele>254.2</ele><time>2025-06-15T09:57:51Z</time></trkpt>
    <trkpt lat="50.4698077" lon="6.1702320"><ele>254.4</ele><time>2025-06-15T09:57:52Z</time></trkpt>
    <trkpt lat="50.4697599" lon="6.1701351"><ele>254.4</ele><time>2025-06-15T09:57:54Z</time></trkpt>
    <trkpt lat="50.4697300" lon="6.1699905"><ele>254.0</ele><time>2025-06-15T09:57:55Z</time></trkpt>
    <trkpt lat="50.4696915" lon="6.1699172"><ele>253.8</ele><time>2025-06-15T09:57:57Z</time></trkpt>
    <trkpt lat="50.4696336" lon="6.1697852"><ele>254.4</ele><time>2025-06-15T09:57:58Z</time></trkpt>
    <trkpt lat="50.4695901" lon="6.1696090"><ele>253.5</ele><time>2025-06-15T09:58:00Z</time></trkpt>
    <trkpt lat="50.4695369" lon="6.1695618"><ele>253.7</ele><time>2025-06-15T09:58:01Z</time></trkpt>
    <trkpt lat="50.4695193" lon="6.1693905"><ele>253.6</ele><time>2025-06-15T09:58:02Z</time></trkpt>
    <trkpt lat="50.4694645" lon="6.1692952"><ele>253.0</ele><time>2025-06-15T09:58:04Z</time></trkpt>
    <trkpt lat="50.4694144" lon="6.1691320"><ele>253.3</ele><time>2025-06-15T09:58:05Z</time></trkpt>
    <trkpt lat="50.4693827" lon="6.1690622"><ele>253.6</ele><time>2025-06-15T09:58:07Z</time></trkpt>
    <trkpt lat="50.4693201" lon="6.1688951"><ele>252.7</ele><time>2025-06-15T09:58:08Z</time></trkpt>
    <trkpt lat="50.4692903" lon="6.1687981"><ele>253.0</ele><time>2025-06-15T09:58:10Z</time></trkpt>
    <trkpt lat="50.4692416" lon="6.1686881"><ele>254.2</ele><time>2025-06-15T09:58:11Z</time></trkpt>
    <trkpt lat="50.4691761" lon="6.1685019"><ele>253.1</ele><time>2025-06-15T09:58:12Z</time></trkpt>
    <trkpt lat="50.4691457" lon="6.1684289"><ele>252.8</ele><time>2025-06-15T09:58:14Z</time></trkpt>
    <trkpt lat="50.4691094" lon="6.1682870"><ele>252.4</ele><time>2025-06-15T09:58:15Z</time></trkpt>
    <trkpt lat="50.4690826" lon="6.1681840"><ele>253.5</ele><time>2025-06-15T09:58:17Z</time></trkpt>
    <trkpt lat="50.4690321" lon="6.1680742"><ele>252.7</ele><time>2025-06-15T09:58:18Z</time></trkpt>
    <trkpt lat="50.4689818" lon="6.1679377"><ele>253.5</ele><time>2025-06-15T09:58:20Z</time></trkpt>
    <trkpt lat="50.4689472" lon="6.1677923"><ele>252.6</ele><time>2025-06-15T09:58:21Z</time></trkpt>
    <trkpt lat="50.4688784" lon="6.1676848"><ele>252.7</ele><time>2025-06-15T09:58:22Z</time></trkpt>
    <trkpt lat="50.4688365" lon="6.1676099"><ele>252.2</ele><time>2025-06-15T09:58:24Z</time></trkpt>
    <trkpt lat="50.4688243" lon="6.1674377"><ele>252.2</ele><time>2025-06-15T09:58:25Z</time></trkpt>
    <trkpt lat="50.4687358" lon="6.1673151"><ele>252.2</ele><time>2025-06-15T09:58:27Z</time></trkpt>
    <trkpt lat="50.4686760" lon="6.1671797"><ele>252.2</ele><time>2025-06-15T09:58:28Z</time></trkpt>
    <trkpt lat="50.4686569" lon="6.1670644"><ele>251.8</ele><time>2025-06-15T09:58:30Z</time></trkpt>
    <trkpt lat="50.4686155" lon="6.1669582"><ele>252.1</ele><time>2025-06-15T09:58:31Z</time></trkpt>
    <trkpt lat="50.4685729" lon="6.1668306"><ele>251.8</ele><time>2025-06-15T09:58:32Z</time></trkpt>
    <trkpt lat="50.4685246" lon="6.1666827"><ele>252.7</ele><time>2025-06-15T09:58:34Z</time></trkpt>
    <trkpt lat="50.4684892" lon="6.1665796"><ele>252.4</ele><time>2025-06-15T09:58:35Z</time></trkpt>
    <trkpt lat="50.4684267" lon="6.1664446"><ele>253.0</ele><time>2025-06-15T09:58:37Z</time></trkpt>
    <trkpt lat="50.4683715" lon="6.1663031"><ele>252.5</ele><time>2025-06-15T09:58:38Z</time></trkpt>
    <trkpt lat="50.4683562" lon="6.1661667"><ele>251.8</ele><time>2025-06-15T09:58:40Z</time></trkpt>
    <trkpt lat="50.4683124" lon="6.1661175"><ele>251.4</ele><time>2025-06-15T09:58:41Z</time></trkpt>
    <trkpt lat="50.4682444" lon="6.1659355"><ele>251.3</ele><time>2025-06-15T09:58:42Z</time></trkpt>
    <trkpt lat="50.4682392" lon="6.1658383"><ele>251.2</ele><time>2025-06-15T09:58:44Z</time></trkpt>
    <trkpt lat="50.4681946" lon="6.1657445"><ele>251.6</ele><time>2025-06-15T09:58:45Z</time></trkpt>
    <trkpt lat="50.4681158" lon="6.1655695"><ele>251.2</ele><time>2025-06-15T09:58:47Z</time></trkpt>
    <trkpt lat="50.4680464" lon="6.1655178"><ele>252.1</ele><time>2025-06-15T09:58:48Z</time></trkpt>
    <trkpt lat="50.4680215" lon="6.1653693"><ele>251.5</ele><time>2025-06-15T09:58:50Z</time></trkpt>
    <trkpt lat="50.4679845" lon="6.1652241"><ele>251.2</ele><time>2025-06-15T09:58:51Z</time></trkpt>
    <trkpt lat="50.4679131" lon="6.1651301"><ele>251.6</ele><time>2025-06-15T09:58:52Z</time></trkpt>
    <trkpt lat="50.4679090" lon="6.1649928"><ele>250.9</ele><time>2025-06-15T09:58:54Z</time></trkpt>
    <trkpt lat="50.4678627" lon="6.1648623"><ele>251.2</ele><time>2025-06-15T09:58:55Z</time></trkpt>
    <trkpt lat="50.4677953" lon="6.1647479"><ele>250.9</ele><time>2025-06-15T09:58:57Z</time></trkpt>
    <trkpt lat="50.4677398" lon="6.1646304"><ele>250.9</ele><time>2025-06-15T09:58:58Z</time></trkpt>
    <trkpt lat="50.4677019" lon="6.1644877"><ele>250.9</ele><time>2025-06-15T09:59:00Z</time></trkpt>
    <trkpt lat="50.4676713" lon="6.1643902"><ele>250.6</ele><time>2025-06-15T09:59:01Z</time></trkpt>
    <trkpt lat="50.4676252" lon="6.1642771"><ele>250.6</ele><time>2025-06-15T09:59:02Z</time></trkpt>
    <trkpt lat="50.4675774" lon="6.1641197"><ele>250.7</ele><time>2025-06-15T09:59:04Z</time></trkpt>
    <trkpt lat="50.4675270" lon="6.1640358"><ele>250.8</ele><time>2025-06-15T09:59:05Z</time></trkpt>
    <trkpt lat="50.4675037" lon="6.1639089"><ele>250.6</ele><time>2025-06-15T09:59:07Z</time></trkpt>
    <trkpt lat="50.4674497" lon="6.1638098"><ele>250.3</ele><time>2025-06-15T09:59:08Z</time></trkpt>
    <trkpt lat="50.4673920" lon="6.1636569"><ele>249.8</ele><time>2025-06-15T09:59:10Z</time></trkpt>
    <trkpt lat="50.4673537" lon="6.1635356"><ele>250.3</ele><time>2025-06-15T09:59:11Z</time></trkpt>
    <trkpt lat="50.4672906" lon="6.1633868"><ele>251.0</ele><time>2025-06-15T09:59:12Z</time></trkpt>
    <trkpt lat="50.4672802" lon="6.1632843"><ele>249.2</ele><time>2025-06-15T09:59:14Z</time></trkpt>
    <trkpt lat="50.4672329" lon="6.1631679"><ele>250.1</ele><time>2025-06-15T09:59:15Z</time></trkpt>
    <trkpt lat="50.4671857" lon="6.1630264"><ele>249.7</ele><time>2025-06-15T09:59:17Z</time></trkpt>
    <trkpt lat="50.4671435" lon="6.1629241"><ele>249.8</ele><time>2025-06-15T09:59:18Z</time></trkpt>
    <trkpt lat="50.4670829" lon="6.1627687"><ele>249.3</ele><time>2025-06-15T09:59:20Z</time></trkpt>
    <trkpt lat="50.4670433" lon="6.1626719"><ele>249.6</ele><time>2025-06-15T09:59:21Z</time></trkpt>
    <trkpt lat="50.4670336" lon="6.1625339"><ele>249.8</ele><time>2025-06-15T09:59:22Z</time></trkpt>
    <trkpt lat="50.4669596" lon="6.1624320"><ele>249.8</ele><time>2025-06-15T09:59:24Z</time></trkpt>
    <trkpt lat="50.4669122" lon="6.1622973"><ele>249.7</ele><time>2025-06-15T09:59:25Z</time></trkpt>
    <trkpt lat="50.4668901" lon="6.1621688"><ele>248.7</ele><time>2025-06-15T09:59:27Z</time></trkpt>
    <trkpt lat="50.4668139" lon="6.1620659"><ele>248.9</ele><time>2025-06-15T09:59:28Z</time></trkpt>
    <trkpt lat="50.4667772" lon="6.1619380"><ele>249.8</ele><time>2025-06-15T09:59:30Z</time></trkpt>
    <trkpt lat="50.4667599" lon="6.1618256"><ele>249.3</ele><time>2025-06-15T09:59:31Z</time></trkpt>
    <trkpt lat="50.4667052" lon="6.1616790"><ele>249.9</ele><time>2025-06-15T09:59:32Z</time></trkpt>
    <trkpt lat="50.4666624" lon="6.1615660"><ele>248.9</ele><time>2025-06-15T09:59:34Z</time></trkpt>
    <trkpt lat="50.4666053" lon="6.1614437"><ele>248.5</ele><time>2025-06-15T09:59:35Z</time></trkpt>
    <trkpt lat="50.4665684" lon="6.1613803"><ele>248.4</ele><time>2025-06-15T09:59:37Z</time></trkpt>
    <trkpt lat="50.4665296" lon="6.1612221"><ele>248.9</ele><time>2025-06-15T09:59:38Z</time></trkpt>
    <trkpt lat="50.4664798" lon="6.1610813"><ele>248.6</ele><time>2025-06-15T09:59:40Z</time></trkpt>
    <trkpt lat="50.4664282" lon="6.1609661"><ele>248.2</ele><time>2025-06-15T09:59:41Z</time></trkpt>
    <trkpt lat="50.4663622" lon="6.1608197"><ele>248.2</ele><time>2025-06-15T09:59:42Z</time></trkpt>
    <trkpt lat="50.4663462" lon="6.1606699"><ele>248.3</ele><time>2025-06-15T09:59:44Z</time></trkpt>
    <trkpt lat="50.4662855" lon="6.1606210"><ele>248.5</ele><time>2025-06-15T09:59:45Z</time></trkpt>
    <trkpt lat="50.4662473" lon="6.1604565"><ele>248.1</ele><time>2025-06-15T09:59:47Z</time></trkpt>
    <trkpt lat="50.4661871" lon="6.1603891"><ele>247.7</ele><time>2025-06-15T09:59:48Z</time></trkpt>
    <trkpt lat="50.4661576" lon="6.1602355"><ele>248.5</ele><time>2025-06-15T09:59:50Z</time></trkpt>
    <trkpt lat="50.4661057" lon="6.1601204"><ele>248.0</ele><time>2025-06-15T09:59:51Z</time></trkpt>
    <trkpt lat="50.4660825" lon="6.1599894"><ele>247.8</ele><time>2025-06-15T09:59:52Z</time></trkpt>
    <trkpt lat="50.4660257" lon="6.1598644"><ele>249.1</ele><time>2025-06-15T09:59:54Z</time></trkpt>
    <trkpt lat="50.4659784" lon="6.1597536"><ele>248.5</ele><time>2025-06-15T09:59:55Z</time></trkpt>
    <trkpt lat="50.4659350" lon="6.1595921"><ele>247.2</ele><time>2025-06-15T09:59:57Z</time></trkpt>
    <trkpt lat="50.4658981" lon="6.1595113"><ele>248.0</ele><time>2025-06-15T09:59:58Z</time></trkpt>
    <trkpt lat="50.4658325" lon="6.1593573"><ele>247.3</ele><time>2025-06-15T10:00:00Z</time></trkpt>
    <trkpt lat="50.4657875" lon="6.1592428"><ele>247.0</ele><time>2025-06-15T10:00:01Z</time></trkpt>
    <trkpt lat="50.4657614" lon="6.1591395"><ele>247.8</ele><time>2025-06-15T10:00:02Z</time></trkpt>
    <trkpt lat="50.4656995" lon="6.1589973"><ele>248.0</ele><time>2025-06-15T10:00:04Z</time></trkpt>
    <trkpt lat="50.4656466" lon="6.1588764"><ele>247.5</ele><time>2025-06-15T10:00:05Z</time></trkpt>
    <trkpt lat="50.4656370" lon="6.1587594"><ele>247.1</ele><time>2025-06-15T10:00:07Z</time></trkpt>
    <trkpt lat="50.4655933" lon="6.1586697"><ele>247.3</ele><time>2025-06-15T10:00:08Z</time></trkpt>
    <trkpt lat="50.4655334" lon="6.1585050"><ele>246.9</ele><time>2025-06-15T10:00:10Z</time></trkpt>
    <trkpt lat="50.4654649" lon="6.1584134"><ele>247.3</ele><time>2025-06-15T10:00:11Z</time></trkpt>
    <trkpt lat="50.4654438" lon="6.1582900"><ele>247.7</ele><time>2025-06-15T10:00:12Z</time></trkpt>
    <trkpt lat="50.4654173" lon="6.1581553"><ele>247.2</ele><time>2025-06-15T10:00:14Z</time></trkpt>
    <trkpt lat="50.4653363" lon="6.1579972"><ele>247.3</ele><time>2025-06-15T10:00:15Z</time></trkpt>
    <trkpt lat="50.4653003" lon="6.1579161"><ele>246.4</ele><time>2025-06-15T10:00:17Z</time></trkpt>
    <trkpt lat="50.4652519" lon="6.1577921"><ele>246.3</ele><time>2025-06-15T10:00:18Z</time></trkpt>
    <trkpt lat="50.4652385" lon="6.1576392"><ele>247.6</ele><time>2025-06-15T10:00:20Z</time></trkpt>
    <trkpt lat="50.4651846" lon="6.1575778"><ele>247.1</ele><time>2025-06-15T10:00:21Z</time></trkpt>
    <trkpt lat="50.4651308" lon="6.1574348"><ele>246.6</ele><time>2025-06-15T10:00:22Z</time></trkpt>
    <trkpt lat="50.4650822" lon="6.1572825"><ele>246.3</ele><time>2025-06-15T10:00:24Z</time></trkpt>
    <trkpt lat="50.4650555" lon="6.1572106"><ele>246.6</ele><time>2025-06-15T10:00:25Z</time></trkpt>
    <trkpt lat="50.4649825" lon="6.1570752"><ele>246.2</ele><time>2025-06-15T10:00:27Z</time></trkpt>
    <trkpt lat="50.4649595" lon="6.1569703"><ele>246.7</ele><time>2025-06-15T10:00:28Z</time></trkpt>
    <trkpt lat="50.4648955" lon="6.1567940"><ele>246.7</ele><time>2025-06-15T10:00:30Z</time></trkpt>
    <trkpt lat="50.4648776" lon="6.1567211"><ele>246.6</ele><time>2025-06-15T10:00:31Z</time></trkpt>
    <trkpt lat="50.4648177" lon="6.1565637"><ele>245.7</ele><time>2025-06-15T10:00:32Z</time></trkpt>
    <trkpt lat="50.4647822" lon="6.1564379"><ele>246.8</ele><time>2025-06-15T10:00:34Z</time></trkpt>
    <trkpt lat="50.4647322" lon="6.1563350"><ele>246.5</ele><time>2025-06-15T10:00:35Z</time></trkpt>
    <trkpt lat="50.4646765" lon="6.1561845"><ele>246.0</ele><time>2025-06-15T10:00:37Z</time></trkpt>
    <trkpt lat="50.4646428" lon="6.1560446"><ele>246.0</ele><time>2025-06-15T10:00:38Z</time></trkpt>
    <trkpt lat="50.4646227" lon="6.1559693"><ele>246.3</ele><time>2025-06-15T10:00:40Z</time></trkpt>
    <trkpt lat="50.4645539" lon="6.1558156"><ele>245.9</ele><time>2025-06-15T10:00:41Z</time></trkpt>
    <trkpt lat="50.4644890" lon="6.1557032"><ele>245.6</ele><time>2025-06-15T10:00:42Z</time></trkpt>
    <trkpt lat="50.4644345" lon="6.1556122"><ele>246.0</ele><time>2025-06-15T10:00:44Z</time></trkpt>
    <trkpt lat="50.4644042" lon="6.1554660"><ele>245.2</ele><time>2025-06-15T10:00:45Z</time></trkpt>
    <trkpt lat="50.4643483" lon="6.1553241"><ele>245.6</ele><time>2025-06-15T10:00:47Z</time></trkpt>
    <trkpt lat="50.4643329" lon="6.1552407"><ele>245.8</ele><time>2025-06-15T10:00:48Z</time></trkpt>
    <trkpt lat="50.4642778" lon="6.1550907"><ele>246.1</ele><time>2025-06-15T10:00:50Z</time></trkpt>
    <trkpt lat="50.4642665" lon="6.1549916"><ele>245.9</ele><time>2025-06-15T10:00:51Z</time></trkpt>
    <trkpt lat="50.4641834" lon="6.1548251"><ele>245.9</ele><time>2025-06-15T10:00:52Z</time></trkpt>
    <trkpt lat="50.4641341" lon="6.1547168"><ele>245.7</ele><time>2025-06-15T10:00:54Z</time></trkpt>
    <trkpt lat="50.4641052" lon="6.1546113"><ele>245.4</ele><time>2025-06-15T10:00:55Z</time></trkpt>
    <trkpt lat="50.4640589" lon="6.1544933"><ele>245.5</ele><time>2025-06-15T10:00:57Z</time></trkpt>
    <trkpt lat="50.4640127" lon="6.1543354"><ele>245.3</ele><time>2025-06-15T10:00:58Z</time></trkpt>
    <trkpt lat="50.4639811" lon="6.1542288"><ele>245.1</ele><time>2025-06-15T10:01:00Z</time></trkpt>
    <trkpt lat="50.4639175" lon="6.1540999"><ele>245.0</ele><time>2025-06-15T10:01:01Z</time></trkpt>
    <trkpt lat="50.4638517" lon="6.1539758"><ele>244.3</ele><time>2025-06-15T10:01:02Z</time></trkpt>
    <trkpt lat="50.4638475" lon="6.1538745"><ele>244.8</ele><time>2025-06-15T10:01:04Z</time></trkpt>
    <trkpt lat="50.4637647" lon="6.1537366"><ele>245.2</ele><time>2025-06-15T10:01:05Z</time></trkpt>
    <trkpt lat="50.4637792" lon="6.1536139"><ele>244.9</ele><time>2025-06-15T10:01:07Z</time></trkpt>
    <trkpt lat="50.4637141" lon="6.1534734"><ele>245.7</ele><time>2025-06-15T10:01:08Z</time></trkpt>
    <trkpt lat="50.4636386" lon="6.1533529"><ele>245.2</ele><time>2025-06-15T10:01:10Z</time></trkpt>
    <trkpt lat="50.4636027" lon="6.1532339"><ele>244.8</ele><time>2025-06-15T10:01:11Z</time></trkpt>
    <trkpt lat="50.4635440" lon="6.1531463"><ele>245.3</ele><time>2025-06-15T10:01:12Z</time></trkpt>
    <trkpt lat="50.4635296" lon="6.1530395"><ele>244.7</ele><time>2025-06-15T10:01:14Z</time></trkpt>
    <trkpt lat="50.4634698" lon="6.1528562"><ele>244.0</ele><time>2025-06-15T10:01:15Z</time></trkpt>
    <trkpt lat="50.4634378" lon="6.1527973"><ele>244.3</ele><time>2025-06-15T10:01:17Z</time></trkpt>
    <trkpt lat="50.4633973" lon="6.1526485"><ele>244.8</ele><time>2025-06-15T10:01:18Z</time></trkpt>
    <trkpt lat="50.4633399" lon="6.1525718"><ele>244.5</ele><time>2025-06-15T10:01:20Z</time></trkpt>
    <trkpt lat="50.4632747" lon="6.1523879"><ele>245.2</ele><time>2025-06-15T10:01:21Z</time></trkpt>
    <trkpt lat="50.4632578" lon="6.1522898"><ele>244.9</ele><time>2025-06-15T10:01:22Z</time></trkpt>
    <trkpt lat="50.4632328" lon="6.1521660"><ele>244.8</ele><time>2025-06-15T10:01:24Z</time></trkpt>
    <trkpt lat="50.4631471" lon="6.1520093"><ele>244.8</ele><time>2025-06-15T10:01:25Z</time></trkpt>
    <trkpt lat="50.4630963" lon="6.1519645"><ele>244.5</ele><time>2025-06-15T10:01:27Z</time></trkpt>
    <trkpt lat="50.4630592" lon="6.1517802"><ele>244.5</ele><time>2025-06-15T10:01:28Z</time></trkpt>
    <trkpt lat="50.4630134" lon="6.1516802"><ele>243.6</ele><time>2025-06-15T10:01:30Z</time></trkpt>
    <trkpt lat="50.4629779" lon="6.1515823"><ele>244.6</ele><time>2025-06-15T10:01:31Z</time></trkpt>
    <trkpt lat="50.4629453" lon="6.1514030"><ele>244.1</ele><time>2025-06-15T10:01:32Z</time></trkpt>
    <trkpt lat="50.4629029" lon="6.1513354"><ele>243.8</ele><time>2025-06-15T10:01:34Z</time></trkpt>
    <trkpt lat="50.4628407" lon="6.1512009"><ele>244.1</ele><time>2025-06-15T10:01:35Z</time></trkpt>
    <trkpt lat="50.4627822" lon="6.1510571"><ele>243.3</ele><time>2025-06-15T10:01:37Z</time></trkpt>
    <trkpt lat="50.4627585" lon="6.1509615"><ele>242.8</ele><time>2025-06-15T10:01:38Z</time></trkpt>
    <trkpt lat="50.4627149" lon="6.1508121"><ele>244.4</ele><time>2025-06-15T10:01:40Z</time></trkpt>
    <trkpt lat="50.4626510" lon="6.1506848"><ele>244.0</ele><time>2025-06-15T10:01:41Z</time></trkpt>
    <trkpt lat="50.4626274" lon="6.1505975"><ele>244.0</ele><time>2025-06-15T10:01:42Z</time></trkpt>
    <trkpt lat="50.4625766" lon="6.1504807"><ele>243.5</ele><time>2025-06-15T10:01:44Z</time></trkpt>
    <trkpt lat="50.4625517" lon="6.1503253"><ele>243.4</ele><time>2025-06-15T10:01:45Z</time></trkpt>
    <trkpt lat="50.4624935" lon="6.1502137"><ele>244.0</ele><time>2025-06-15T10:01:47Z</time></trkpt>
    <trkpt lat="50.4624517" lon="6.1500849"><ele>243.6</ele><time>2025-06-15T10:01:48Z</time></trkpt>
    <trkpt lat="50.4623744" lon="6.1499611"><ele>244.2</ele><time>2025-06-15T10:01:50Z</time></trkpt>
    <trkpt lat="50.4623547" lon="6.1498105"><ele>242.9</ele><time>2025-06-15T10:01:51Z</time></trkpt>
    <trkpt lat="50.4623085" lon="6.1497587"><ele>243.7</ele><time>2025-06-15T10:01:52Z</time></trkpt>
    <trkpt lat="50.4622814" lon="6.1496464"><ele>243.4</ele><time>2025-06-15T10:01:54Z</time></trkpt>
    <trkpt lat="50.4622322" lon="6.1495101"><ele>244.0</ele><time>2025-06-15T10:01:55Z</time></trkpt>
    <trkpt lat="50.4621714" lon="6.1493563"><ele>242.9</ele><time>2025-06-15T10:01:57Z</time></trkpt>
    <trkpt lat="50.4621516" lon="6.1492511"><ele>242.4</ele><time>2025-06-15T10:01:58Z</time></trkpt>
    <trkpt lat="50.4620922" lon="6.1490693"><ele>243.3</ele><time>2025-06-15T10:02:00Z</time></trkpt>
    <trkpt lat="50.4620448" lon="6.1489974"><ele>243.1</ele><time>2025-06-15T10:02:01Z</time></trkpt>
    <trkpt lat="50.4619837" lon="6.1488540"><ele>243.3</ele><time>2025-06-15T10:02:02Z</time></trkpt>
    <trkpt lat="50.4619509" lon="6.1487120"><ele>242.9</ele><time>2025-06-15T10:02:04Z</time></trkpt>
    <trkpt lat="50.4618978" lon="6.1486293"><ele>243.3</ele><time>2025-06-15T10:02:05Z</time></trkpt>
    <trkpt lat="50.4618706" lon="6.1485009"><ele>242.5</ele><time>2025-06-15T10:02:07Z</time></trkpt>
    <trkpt lat="50.4618314" lon="6.1483993"><ele>241.5</ele><time>2025-06-15T10:02:08Z</time></trkpt>
    <trkpt lat="50.4617704" lon="6.1482402"><ele>243.0</ele><time>2025-06-15T10:02:10Z</time></trkpt>
    <trkpt lat="50.4617176" lon="6.1481426"><ele>243.2</ele><time>2025-06-15T10:02:11Z</time></trkpt>
    <trkpt lat="50.4616905" lon="6.1479952"><ele>242.9</ele><time>2025-06-15T10:02:12Z</time></trkpt>
    <trkpt lat="50.4616156" lon="6.1478533"><ele>243.0</ele><time>2025-06-15T10:02:14Z</time></trkpt>
    <trkpt lat="50.4616028" lon="6.1477893"><ele>242.7</ele><time>2025-06-15T10:02:15Z</time></trkpt>
    <trkpt lat="50.4615499" lon="6.1476914"><ele>242.5</ele><time>2025-06-15T10:02:17Z</time></trkpt>
    <trkpt lat="50.4615119" lon="6.1475172"><ele>242.5</ele><time>2025-06-15T10:02:18Z</time></trkpt>
    <trkpt lat="50.4614694" lon="6.1474065"><ele>242.4</ele><time>2025-06-15T10:02:20Z</time></trkpt>
    <trkpt lat="50.4614390" lon="6.1472736"><ele>243.0</ele><time>2025-06-15T10:02:21Z</time></trkpt>
    <trkpt lat="50.4613987" lon="6.1471338"><ele>242.6</ele><time>2025-06-15T10:02:22Z</time></trkpt>
    <trkpt lat="50.4613114" lon="6.1470597"><ele>242.9</ele><time>2025-06-15T10:02:24Z</time></trkpt>
    <trkpt lat="50.4612805" lon="6.1469036"><ele>242.6</ele><time>2025-06-15T10:02:25Z</time></trkpt>
    <trkpt lat="50.4612429" lon="6.1467817"><ele>242.2</ele><time>2025-06-15T10:02:27Z</time></trkpt>
    <trkpt lat="50.4611955" lon="6.1466568"><ele>242.8</ele><time>2025-06-15T10:02:28Z</time></trkpt>
    <trkpt lat="50.4611548" lon="6.1465641"><ele>242.5</ele><time>2025-06-15T10:02:30Z</time></trkpt>
    <trkpt lat="50.4611193" lon="6.1463804"><ele>241.8</ele><time>2025-06-15T10:02:31Z</time></trkpt>
    <trkpt lat="50.4610492" lon="6.1463351"><ele>242.1</ele><time>2025-06-15T10:02:32Z</time></trkpt>
    <trkpt lat="50.4610055" lon="6.1461946"><ele>242.8</ele><time>2025-06-15T10:02:34Z</time></trkpt>
    <trkpt lat="50.4609587" lon="6.1460407"><ele>242.1</ele><time>2025-06-15T10:02:35Z</time></trkpt>
    <trkpt lat="50.4609181" lon="6.1459592"><ele>241.9</ele><time>2025-06-15T10:02:37Z</time></trkpt>
    <trkpt lat="50.4608941" lon="6.1458148"><ele>242.9</ele><time>2025-06-15T10:02:38Z</time></trkpt>
    <trkpt lat="50.4608520" lon="6.1456889"><ele>241.9</ele><time>2025-06-15T10:02:40Z</time></trkpt>
    <trkpt lat="50.4607905" lon="6.1455918"><ele>242.3</ele><time>2025-06-15T10:02:41Z</time></trkpt>
    <trkpt lat="50.4607536" lon="6.1454185"><ele>242.0</ele><time>2025-06-15T10:02:42Z</time></trkpt>
    <trkpt lat="50.4607033" lon="6.1453385"><ele>241.2</ele><time>2025-06-15T10:02:44Z</time></trkpt>
    <trkpt lat="50.4606395" lon="6.1451656"><ele>242.5</ele><time>2025-06-15T10:02:45Z</time></trkpt>
    <trkpt lat="50.4606065" lon="6.1450482"><ele>242.0</ele><time>2025-06-15T10:02:47Z</time></trkpt>
    <trkpt lat="50.4605711" lon="6.1449418"><ele>241.6</ele><time>2025-06-15T10:02:48Z</time></trkpt>
    <trkpt lat="50.4605169" lon="6.1448258"><ele>241.9</ele><time>2025-06-15T10:02:50Z</time></trkpt>
    <trkpt lat="50.4604727" lon="6.1446991"><ele>241.6</ele><time>2025-06-15T10:02:51Z</time></trkpt>
    <trkpt lat="50.4604111" lon="6.1445943"><ele>241.9</ele><time>2025-06-15T10:02:52Z</time></trkpt>
    <trkpt lat="50.4603971" lon="6.1444444"><ele>242.0</ele><time>2025-06-15T10:02:54Z</time></trkpt>
    <trkpt lat="50.4603543" lon="6.1443518"><ele>241.3</ele><time>2025-06-15T10:02:55Z</time></trkpt>
    <trkpt lat="50.4602840" lon="6.1442442"><ele>241.7</ele><time>2025-06-15T10:02:57Z</time></trkpt>
    <trkpt lat="50.4602561" lon="6.1440721"><ele>241.3</ele><time>2025-06-15T10:02:58Z</time></trkpt>
    <trkpt lat="50.4602289" lon="6.1439864"><ele>241.8</ele><time>2025-06-15T10:03:00Z</time></trkpt>
    <trkpt lat="50.4601587" lon="6.1438581"><ele>241.7</ele><time>2025-06-15T10:03:01Z</time></trkpt>
    <trkpt lat="50.4601091" lon="6.1437655"><ele>242.1</ele><time>2025-06-15T10:03:02Z</time></trkpt>
    <trkpt lat="50.4600938" lon="6.1436171"><ele>241.3</ele><time>2025-06-15T10:03:04Z</time></trkpt>
    <trkpt lat="50.4600355" lon="6.1434817"><ele>241.1</ele><time>2025-06-15T10:03:05Z</time></trkpt>
    <trkpt lat="50.4599984" lon="6.1433559"><ele>241.2</ele><time>2025-06-15T10:03:07Z</time></trkpt>
    <trkpt lat="50.4599245" lon="6.1432258"><ele>241.4</ele><time>2025-06-15T10:03:08Z</time></trkpt>
    <trkpt lat="50.4599109" lon="6.1431161"><ele>241.6</ele><time>2025-06-15T10:03:10Z</time></trkpt>
    <trkpt lat="50.4598358" lon="6.1429957"><ele>241.4</ele><time>2025-06-15T10:03:11Z</time></trkpt>
    <trkpt lat="50.4598099" lon="6.1428615"><ele>241.6</ele><time>2025-06-15T10:03:12Z</time></trkpt>
    <trkpt lat="50.4597498" lon="6.1427108"><ele>241.2</ele><time>2025-06-15T10:03:14Z</time></trkpt>
    <trkpt lat="50.4597075" lon="6.1426466"><ele>241.6</ele><time>2025-06-15T10:03:15Z</time></trkpt>
    <trkpt lat="50.4596592" lon="6.1425437"><ele>240.9</ele><time>2025-06-15T10:03:17Z</time></trkpt>
    <trkpt lat="50.4596080" lon="6.1423904"><ele>241.4</ele><time>2025-06-15T10:03:18Z</time></trkpt>
    <trkpt lat="50.4595740" lon="6.1422553"><ele>241.3</ele><time>2025-06-15T10:03:20Z</time></trkpt>
    <trkpt lat="50.4595345" lon="6.1421844"><ele>241.0</ele><time>2025-06-15T10:03:21Z</time></trkpt>
    <trkpt lat="50.4594943" lon="6.1420201"><ele>241.9</ele><time>2025-06-15T10:03:22Z</time></trkpt>
    <trkpt lat="50.4594615" lon="6.1418929"><ele>241.5</ele><time>2025-06-15T10:03:24Z</time></trkpt>
    <trkpt lat="50.4593914" lon="6.1418226"><ele>241.6</ele><time>2025-06-15T10:03:25Z</time></trkpt>
    <trkpt lat="50.4593588" lon="6.1416607"><ele>240.4</ele><time>2025-06-15T10:03:27Z</time></trkpt>
    <trkpt lat="50.4593135" lon="6.1415180"><ele>241.4</ele><time>2025-06-15T10:03:28Z</time></trkpt>
    <trkpt lat="50.4592634" lon="6.1414054"><ele>240.9</ele><time>2025-06-15T10:03:30Z</time></trkpt>
    <trkpt lat="50.4592282" lon="6.1413105"><ele>240.7</ele><time>2025-06-15T10:03:31Z</time></trkpt>
    <trkpt lat="50.4591670" lon="6.1411509"><ele>240.9</ele><time>2025-06-15T10:03:32Z</time></trkpt>
    <trkpt lat="50.4591593" lon="6.1410530"><ele>242.0</ele><time>2025-06-15T10:03:34Z</time></trkpt>
    <trkpt lat="50.4590887" lon="6.1409083"><ele>240.6</ele><time>2025-06-15T10:03:35Z</time></trkpt>
    <trkpt lat="50.4590546" lon="6.1407835"><ele>240.8</ele><time>2025-06-15T10:03:37Z</time></trkpt>
    <trkpt lat="50.4590166" lon="6.1406758"><ele>241.1</ele><time>2025-06-15T10:03:38Z</time></trkpt>
    <trkpt lat="50.4589610" lon="6.1405534"><ele>240.9</ele><time>2025-06-15T10:03:40Z</time></trkpt>
    <trkpt lat="50.4589058" lon="6.1404403"><ele>241.0</ele><time>2025-06-15T10:03:41Z</time></trkpt>
    <trkpt lat="50.4588882" lon="6.1403073"><ele>241.7</ele><time>2025-06-15T10:03:42Z</time></trkpt>
    <trkpt lat="50.4588247" lon="6.1402003"><ele>241.4</ele><time>2025-06-15T10:03:44Z</time></trkpt>
    <trkpt lat="50.4587945" lon="6.1400835"><ele>240.6</ele><time>2025-06-15T10:03:45Z</time></trkpt>
    <trkpt lat="50.4587288" lon="6.1399699"><ele>241.0</ele><time>2025-06-15T10:03:47Z</time></trkpt>
    <trkpt lat="50.4586989" lon="6.1398240"><ele>241.0</ele><time>2025-06-15T10:03:48Z</time></trkpt>
    <trkpt lat="50.4586379" lon="6.1396746"><ele>240.4</ele><time>2025-06-15T10:03:50Z</time></trkpt>
    <trkpt lat="50.4585869" lon="6.1395604"><ele>240.8</ele><time>2025-06-15T10:03:51Z</time></trkpt>
    <trkpt lat="50.4585509" lon="6.1394550"><ele>240.6</ele><time>2025-06-15T10:03:52Z</time></trkpt>
    <trkpt lat="50.4584947" lon="6.1393237"><ele>240.6</ele><time>2025-06-15T10:03:54Z</time></trkpt>
    <trkpt lat="50.4584544" lon="6.1392280"><ele>240.8</ele><time>2025-06-15T10:03:55Z</time></trkpt>
    <trkpt lat="50.4584322" lon="6.1391181"><ele>240.6</ele><time>2025-06-15T10:03:57Z</time></trkpt>
    <trkpt lat="50.4583797" lon="6.1389759"><ele>240.5</ele><time>2025-06-15T10:03:58Z</time></trkpt>
    <trkpt lat="50.4583428" lon="6.1388619"><ele>240.0</ele><time>2025-06-15T10:04:00Z</time></trkpt>
    <trkpt lat="50.4582761" lon="6.1387016"><ele>241.0</ele><time>2025-06-15T10:04:01Z</time></trkpt>
    <trkpt lat="50.4582465" lon="6.1385850"><ele>240.2</ele><time>2025-06-15T10:04:02Z</time></trkpt>
    <trkpt lat="50.4582214" lon="6.1384240"><ele>239.8</ele><time>2025-06-15T10:04:04Z</time></trkpt>
    <trkpt lat="50.4581305" lon="6.1383799"><ele>241.1</ele><time>2025-06-15T10:04:05Z</time></trkpt>
    <trkpt lat="50.4581180" lon="6.1382342"><ele>241.2</ele><time>2025-06-15T10:04:07Z</time></trkpt>
    <trkpt lat="50.4580580" lon="6.1381652"><ele>239.9</ele><time>2025-06-15T10:04:08Z</time></trkpt>
    <trkpt lat="50.4580128" lon="6.1379988"><ele>240.2</ele><time>2025-06-15T10:04:10Z</time></trkpt>
    <trkpt lat="50.4579425" lon="6.1378738"><ele>240.4</ele><time>2025-06-15T10:04:11Z</time></trkpt>
    <trkpt lat="50.4579465" lon="6.1376966"><ele>240.2</ele><time>2025-06-15T10:04:12Z</time></trkpt>
    <trkpt lat="50.4578864" lon="6.1376163"><ele>241.3</ele><time>2025-06-15T10:04:14Z</time></trkpt>
    <trkpt lat="50.4578422" lon="6.1374970"><ele>240.2</ele><time>2025-06-15T10:04:15Z</time></trkpt>
    <trkpt lat="50.4577819" lon="6.1374043"><ele>241.5</ele><time>2025-06-15T10:04:17Z</time></trkpt>
    <trkpt lat="50.4577778" lon="6.1372744"><ele>240.9</ele><time>2025-06-15T10:04:18Z</time></trkpt>
    <trkpt lat="50.4577109" lon="6.1371750"><ele>240.7</ele><time>2025-06-15T10:04:20Z</time></trkpt>
    <trkpt lat="50.4576667" lon="6.1370064"><ele>240.5</ele><time>2025-06-15T10:04:21Z</time></trkpt>
    <trkpt lat="50.4576025" lon="6.1368856"><ele>239.7</ele><time>2025-06-15T10:04:22Z</time></trkpt>
    <trkpt lat="50.4575713" lon="6.1367757"><ele>239.7</ele><time>2025-06-15T10:04:24Z</time></trkpt>
    <trkpt lat="50.4575188" lon="6.1366259"><ele>241.1</ele><time>2025-06-15T10:04:25Z</time></trkpt>
    <trkpt lat="50.4575208" lon="6.1364687"><ele>240.1</ele><time>2025-06-15T10:04:27Z</time></trkpt>
    <trkpt lat="50.4574869" lon="6.1363162"><ele>240.3</ele><time>2025-06-15T10:04:28Z</time></trkpt>
    <trkpt lat="50.4574400" lon="6.1362413"><ele>240.2</ele><time>2025-06-15T10:04:30Z</time></trkpt>
    <trkpt lat="50.4573993" lon="6.1360716"><ele>240.2</ele><time>2025-06-15T10:04:31Z</time></trkpt>
    <trkpt lat="50.4573799" lon="6.1359520"><ele>239.8</ele><time>2025-06-15T10:04:33Z</time></trkpt>
    <trkpt lat="50.4573624" lon="6.1358068"><ele>240.5</ele><time>2025-06-15T10:04:34Z</time></trkpt>
    <trkpt lat="50.4573543" lon="6.1356748"><ele>240.0</ele><time>2025-06-15T10:04:35Z</time></trkpt>
    <trkpt lat="50.4573529" lon="6.1355547"><ele>240.6</ele><time>2025-06-15T10:04:37Z</time></trkpt>
    <trkpt lat="50.4573331" lon="6.1353736"><ele>240.3</ele><time>2025-06-15T10:04:38Z</time></trkpt>
    <trkpt lat="50.4573258" lon="6.1352451"><ele>240.7</ele><time>2025-06-15T10:04:40Z</time></trkpt>
    <trkpt lat="50.4573459" lon="6.1351140"><ele>240.3</ele><time>2025-06-15T10:04:41Z</time></trkpt>
    <trkpt lat="50.4573276" lon="6.1349515"><ele>240.3</ele><time>2025-06-15T10:04:43Z</time></trkpt>
    <trkpt lat="50.4572975" lon="6.1348736"><ele>240.6</ele><time>2025-06-15T10:04:44Z</time></trkpt>
    <trkpt lat="50.4573245" lon="6.1347135"><ele>240.1</ele><time>2025-06-15T10:04:45Z</time></trkpt>
    <trkpt lat="50.4573461" lon="6.1345625"><ele>239.8</ele><time>2025-06-15T10:04:47Z</time></trkpt>
    <trkpt lat="50.4573375" lon="6.1344138"><ele>239.7</ele><time>2025-06-15T10:04:48Z</time></trkpt>
    <trkpt lat="50.4573539" lon="6.1342433"><ele>240.5</ele><time>2025-06-15T10:04:50Z</time></trkpt>
    <trkpt lat="50.4573777" lon="6.1341173"><ele>240.0</ele><time>2025-06-15T10:04:51Z</time></trkpt>
    <trkpt lat="50.4573776" lon="6.1340056"><ele>240.9</ele><time>2025-06-15T10:04:53Z</time></trkpt>
    <trkpt lat="50.4573894" lon="6.1338907"><ele>240.2</ele><time>2025-06-15T10:04:54Z</time></trkpt>
    <trkpt lat="50.4574187" lon="6.1337224"><ele>241.2</ele><time>2025-06-15T10:04:56Z</time></trkpt>
    <trkpt lat="50.4574200" lon="6.1335941"><ele>240.0</ele><time>2025-06-15T10:04:57Z</time></trkpt>
    <trkpt lat="50.4574397" lon="6.1334357"><ele>239.9</ele><time>2025-06-15T10:04:58Z</time></trkpt>
    <trkpt lat="50.4575000" lon="6.1333055"><ele>240.0</ele><time>2025-06-15T10:05:00Z</time></trkpt>
    <trkpt lat="50.4574808" lon="6.1331763"><ele>240.0</ele><time>2025-06-15T10:05:01Z</time></trkpt>
    <trkpt lat="50.4575084" lon="6.1330580"><ele>239.9</ele><time>2025-06-15T10:05:03Z</time></trkpt>
    <trkpt lat="50.4575159" lon="6.1329163"><ele>240.2</ele><time>2025-06-15T10:05:04Z</time></trkpt>
    <trkpt lat="50.4575137" lon="6.1327204"><ele>240.4</ele><time>2025-06-15T10:05:06Z</time></trkpt>
    <trkpt lat="50.4575372" lon="6.1326256"><ele>240.4</ele><time>2025-06-15T10:05:07Z</time></trkpt>
    <trkpt lat="50.4575507" lon="6.1324843"><ele>239.8</ele><time>2025-06-15T10:05:08Z</time></trkpt>
    <trkpt lat="50.4575788" lon="6.1323164"><ele>240.5</ele><time>2025-06-15T10:05:10Z</time></trkpt>
    <trkpt lat="50.4575868" lon="6.1322187"><ele>239.9</ele><time>2025-06-15T10:05:11Z</time></trkpt>
    <trkpt lat="50.4576239" lon="6.1320455"><ele>240.1</ele><time>2025-06-15T10:05:13Z</time></trkpt>
    <trkpt lat="50.4576164" lon="6.1318994"><ele>239.8</ele><time>2025-06-15T10:05:14Z</time></trkpt>
    <trkpt lat="50.4576295" lon="6.1317893"><ele>239.9</ele><time>2025-06-15T10:05:16Z</time></trkpt>
    <trkpt lat="50.4576266" lon="6.1316438"><ele>240.2</ele><time>2025-06-15T10:05:17Z</time></trkpt>
    <trkpt lat="50.4576730" lon="6.1314813"><ele>239.4</ele><time>2025-06-15T10:05:18Z</time></trkpt>
    <trkpt lat="50.4576574" lon="6.1313435"><ele>239.5</ele><time>2025-06-15T10:05:20Z</time></trkpt>
    <trkpt lat="50.4577056" lon="6.1312138"><ele>239.7</ele><time>2025-06-15T10:05:21Z</time></trkpt>
    <trkpt lat="50.4577081" lon="6.1310964"><ele>240.2</ele><time>2025-06-15T10:05:23Z</time></trkpt>
    <trkpt lat="50.4577205" lon="6.1309577"><ele>239.4</ele><time>2025-06-15T10:05:24Z</time></trkpt>
    <trkpt lat="50.4577610" lon="6.1308413"><ele>240.2</ele><time>2025-06-15T10:05:26Z</time></trkpt>
    <trkpt lat="50.4577900" lon="6.1306492"><ele>239.7</ele><time>2025-06-15T10:05:27Z</time></trkpt>
    <trkpt lat="50.4577441" lon="6.1305076"><ele>239.4</ele><time>2025-06-15T10:05:28Z</time></trkpt>
    <trkpt lat="50.4577610" lon="6.1303848"><ele>240.7</ele><time>2025-06-15T10:05:30Z</time></trkpt>
    <trkpt lat="50.4578405" lon="6.1302508"><ele>240.1</ele><time>2025-06-15T10:05:31Z</time></trkpt>
    <trkpt lat="50.4578177" lon="6.1301473"><ele>239.3</ele><time>2025-06-15T10:05:33Z</time></trkpt>
    <trkpt lat="50.4578233" lon="6.1299987"><ele>239.2</ele><time>2025-06-15T10:05:34Z</time></trkpt>
    <trkpt lat="50.4578475" lon="6.1298394"><ele>240.1</ele><time>2025-06-15T10:05:36Z</time></trkpt>
    <trkpt lat="50.4578738" lon="6.1297099"><ele>240.0</ele><time>2025-06-15T10:05:37Z</time></trkpt>
    <trkpt lat="50.4578911" lon="6.1295445"><ele>240.1</ele><time>2025-06-15T10:05:38Z</time></trkpt>
    <trkpt lat="50.4579198" lon="6.1294272"><ele>240.1</ele><time>2025-06-15T10:05:40Z</time></trkpt>
    <trkpt lat="50.4579442" lon="6.1292819"><ele>239.6</ele><time>2025-06-15T10:05:41Z</time></trkpt>
    <trkpt lat="50.4579585" lon="6.1291126"><ele>240.7</ele><time>2025-06-15T10:05:43Z</time></trkpt>
    <trkpt lat="50.4579457" lon="6.1290172"><ele>239.9</ele><time>2025-06-15T10:05:44Z</time></trkpt>
    <trkpt lat="50.4579566" lon="6.1288615"><ele>240.1</ele><time>2025-06-15T10:05:46Z</time></trkpt>
    <trkpt lat="50.4579936" lon="6.1287261"><ele>240.0</ele><time>2025-06-15T10:05:47Z</time></trkpt>
    <trkpt lat="50.4580090" lon="6.1285789"><ele>240.5</ele><time>2025-06-15T10:05:48Z</time></trkpt>
    <trkpt lat="50.4580269" lon="6.1284256"><ele>240.3</ele><time>2025-06-15T10:05:50Z</time></trkpt>
    <trkpt lat="50.4580235" lon="6.1282802"><ele>240.2</ele><time>2025-06-15T10:05:51Z</time></trkpt>
    <trkpt lat="50.4580316" lon="6.1281608"><ele>239.5</ele><time>2025-06-15T10:05:53Z</time></trkpt>
    <trkpt lat="50.4580498" lon="6.1280265"><ele>240.3</ele><time>2025-06-15T10:05:54Z</time></trkpt>
    <trkpt lat="50.4580771" lon="6.1279222"><ele>240.4</ele><time>2025-06-15T10:05:56Z</time></trkpt>
    <trkpt lat="50.4580946" lon="6.1277644"><ele>240.1</ele><time>2025-06-15T10:05:57Z</time></trkpt>
    <trkpt lat="50.4581076" lon="6.1275707"><ele>239.7</ele><time>2025-06-15T10:05:58Z</time></trkpt>
    <trkpt lat="50.4581466" lon="6.1274727"><ele>239.9</ele><time>2025-06-15T10:06:00Z</time></trkpt>
    <trkpt lat="50.4581311" lon="6.1273115"><ele>240.2</ele><time>2025-06-15T10:06:01Z</time></trkpt>
    <trkpt lat="50.4581643" lon="6.1272193"><ele>240.1</ele><time>2025-06-15T10:06:03Z</time></trkpt>
    <trkpt lat="50.4581737" lon="6.1270347"><ele>240.4</ele><time>2025-06-15T10:06:04Z</time></trkpt>
    <trkpt lat="50.4581700" lon="6.1269175"><ele>240.8</ele><time>2025-06-15T10:06:06Z</time></trkpt>
    <trkpt lat="50.4582090" lon="6.1267809"><ele>240.0</ele><time>2025-06-15T10:06:07Z</time></trkpt>
    <trkpt lat="50.4582106" lon="6.1266370"><ele>240.7</ele><time>2025-06-15T10:06:08Z</time></trkpt>
    <trkpt lat="50.4582322" lon="6.1265299"><ele>240.3</ele><time>2025-06-15T10:06:10Z</time></trkpt>
    <trkpt lat="50.4582640" lon="6.1263418"><ele>240.6</ele><time>2025-06-15T10:06:11Z</time></trkpt>
    <trkpt lat="50.4582743" lon="6.1262389"><ele>240.2</ele><time>2025-06-15T10:06:13Z</time></trkpt>
    <trkpt lat="50.4583004" lon="6.1260611"><ele>240.0</ele><time>2025-06-15T10:06:14Z</time></trkpt>
    <trkpt lat="50.4582815" lon="6.1259429"><ele>240.2</ele><time>2025-06-15T10:06:16Z</time></trkpt>
    <trkpt lat="50.4583101" lon="6.1258381"><ele>240.4</ele><time>2025-06-15T10:06:17Z</time></trkpt>
    <trkpt lat="50.4583310" lon="6.1256782"><ele>240.5</ele><time>2025-06-15T10:06:18Z</time></trkpt>
    <trkpt lat="50.4583505" lon="6.1255220"><ele>240.1</ele><time>2025-06-15T10:06:20Z</time></trkpt>
    <trkpt lat="50.4583476" lon="6.1254151"><ele>240.1</ele><time>2025-06-15T10:06:21Z</time></trkpt>
    <trkpt lat="50.4583980" lon="6.1252768"><ele>240.8</ele><time>2025-06-15T10:06:23Z</time></trkpt>
    <trkpt lat="50.4584107" lon="6.1251375"><ele>240.7</ele><time>2025-06-15T10:06:24Z</time></trkpt>
    <trkpt lat="50.4584256" lon="6.1250193"><ele>240.1</ele><time>2025-06-15T10:06:26Z</time></trkpt>
    <trkpt lat="50.4584315" lon="6.1248598"><ele>240.6</ele><time>2025-06-15T10:06:27Z</time></trkpt>
    <trkpt lat="50.4584466" lon="6.1247103"><ele>241.2</ele><time>2025-06-15T10:06:28Z</time></trkpt>
    <trkpt lat="50.4584815" lon="6.1245288"><ele>240.0</ele><time>2025-06-15T10:06:30Z</time></trkpt>
    <trkpt lat="50.4584946" lon="6.1244543"><ele>240.5</ele><time>2025-06-15T10:06:31Z</time></trkpt>
    <trkpt lat="50.4585010" lon="6.1243317"><ele>241.1</ele><time>2025-06-15T10:06:33Z</time></trkpt>
    <trkpt lat="50.4585057" lon="6.1241921"><ele>240.0</ele><time>2025-06-15T10:06:34Z</time></trkpt>
    <trkpt lat="50.4585227" lon="6.1240172"><ele>240.3</ele><time>2025-06-15T10:06:36Z</time></trkpt>
    <trkpt lat="50.4585230" lon="6.1238970"><ele>241.2</ele><time>2025-06-15T10:06:37Z</time></trkpt>
    <trkpt lat="50.4585467" lon="6.1237262"><ele>240.9</ele><time>2025-06-15T10:06:38Z</time></trkpt>
    <trkpt lat="50.4585679" lon="6.1236183"><ele>240.8</ele><time>2025-06-15T10:06:40Z</time></trkpt>
    <trkpt lat="50.4585637" lon="6.1234368"><ele>240.1</ele><time>2025-06-15T10:06:41Z</time></trkpt>
    <trkpt lat="50.4586056" lon="6.1233382"><ele>240.7</ele><time>2025-06-15T10:06:43Z</time></trkpt>
    <trkpt lat="50.4586365" lon="6.1231623"><ele>240.5</ele><time>2025-06-15T10:06:44Z</time></trkpt>
    <trkpt lat="50.4586495" lon="6.1230351"><ele>240.8</ele><time>2025-06-15T10:06:46Z</time></trkpt>
    <trkpt lat="50.4586446" lon="6.1229290"><ele>240.7</ele><time>2025-06-15T10:06:47Z</time></trkpt>
    <trkpt lat="50.4586639" lon="6.1227400"><ele>240.9</ele><time>2025-06-15T10:06:48Z</time></trkpt>
    <trkpt lat="50.4586799" lon="6.1226688"><ele>240.2</ele><time>2025-06-15T10:06:50Z</time></trkpt>
    <trkpt lat="50.4586918" lon="6.1225001"><ele>240.8</ele><time>2025-06-15T10:06:51Z</time></trkpt>
    <trkpt lat="50.4586986" lon="6.1223395"><ele>241.0</ele><time>2025-06-15T10:06:53Z</time></trkpt>
    <trkpt lat="50.4587205" lon="6.1221916"><ele>240.3</ele><time>2025-06-15T10:06:54Z</time></trkpt>
    <trkpt lat="50.4587462" lon="6.1220595"><ele>240.8</ele><time>2025-06-15T10:06:56Z</time></trkpt>
    <trkpt lat="50.4587642" lon="6.1219177"><ele>240.8</ele><time>2025-06-15T10:06:57Z</time></trkpt>
    <trkpt lat="50.4587822" lon="6.1218101"><ele>239.8</ele><time>2025-06-15T10:06:58Z</time></trkpt>
    <trkpt lat="50.4587944" lon="6.1216448"><ele>240.0</ele><time>2025-06-15T10:07:00Z</time></trkpt>
    <trkpt lat="50.4588322" lon="6.1215251"><ele>240.5</ele><time>2025-06-15T10:07:01Z</time></trkpt>
    <trkpt lat="50.4588164" lon="6.1214108"><ele>240.5</ele><time>2025-06-15T10:07:03Z</time></trkpt>
    <trkpt lat="50.4588632" lon="6.1212838"><ele>240.7</ele><time>2025-06-15T10:07:04Z</time></trkpt>
    <trkpt lat="50.4588551" lon="6.1211415"><ele>241.1</ele><time>2025-06-15T10:07:06Z</time></trkpt>
    <trkpt lat="50.4588710" lon="6.1209757"><ele>241.0</ele><time>2025-06-15T10:07:07Z</time></trkpt>
    <trkpt lat="50.4588891" lon="6.1208313"><ele>241.0</ele><time>2025-06-15T10:07:08Z</time></trkpt>
    <trkpt lat="50.4589173" lon="6.1206684"><ele>240.2</ele><time>2025-06-15T10:07:10Z</time></trkpt>
    <trkpt lat="50.4589207" lon="6.1205293"><ele>240.4</ele><time>2025-06-15T10:07:11Z</time></trkpt>
    <trkpt lat="50.4589536" lon="6.1204015"><ele>241.1</ele><time>2025-06-15T10:07:13Z</time></trkpt>
    <trkpt lat="50.4589612" lon="6.1202924"><ele>241.2</ele><time>2025-06-15T10:07:14Z</time></trkpt>
    <trkpt lat="50.4589578" lon="6.1201484"><ele>241.1</ele><time>2025-06-15T10:07:16Z</time></trkpt>
    <trkpt lat="50.4589798" lon="6.1199658"><ele>242.1</ele><time>2025-06-15T10:07:17Z</time></trkpt>
    <trkpt lat="50.4589646" lon="6.1198723"><ele>241.1</ele><time>2025-06-15T10:07:18Z</time></trkpt>
    <trkpt lat="50.4590149" lon="6.1197252"><ele>241.3</ele><time>2025-06-15T10:07:20Z</time></trkpt>
    <trkpt lat="50.4590435" lon="6.1195856"><ele>241.3</ele><time>2025-06-15T10:07:21Z</time></trkpt>
    <trkpt lat="50.4590434" lon="6.1194793"><ele>240.9</ele><time>2025-06-15T10:07:23Z</time></trkpt>
    <trkpt lat="50.4590754" lon="6.1192689"><ele>241.2</ele><time>2025-06-15T10:07:24Z</time></trkpt>
    <trkpt lat="50.4590833" lon="6.1191336"><ele>240.8</ele><time>2025-06-15T10:07:26Z</time></trkpt>
    <trkpt lat="50.4591160" lon="6.1190424"><ele>240.7</ele><time>2025-06-15T10:07:27Z</time></trkpt>
    <trkpt lat="50.4591158" lon="6.1188824"><ele>241.0</ele><time>2025-06-15T10:07:28Z</time></trkpt>
    <trkpt lat="50.4591335" lon="6.1187582"><ele>241.2</ele><time>2025-06-15T10:07:30Z</time></trkpt>
    <trkpt lat="50.4591244" lon="6.1185820"><ele>241.1</ele><time>2025-06-15T10:07:31Z</time></trkpt>
    <trkpt lat="50.4591400" lon="6.1184667"><ele>240.8</ele><time>2025-06-15T10:07:33Z</time></trkpt>
    <trkpt lat="50.4591603" lon="6.1182869"><ele>241.0</ele><time>2025-06-15T10:07:34Z</time></trkpt>
    <trkpt lat="50.4591811" lon="6.1181721"><ele>241.8</ele><time>2025-06-15T10:07:36Z</time></trkpt>
    <trkpt lat="50.4592028" lon="6.1180948"><ele>241.3</ele><time>2025-06-15T10:07:37Z</time></trkpt>
    <trkpt lat="50.4591969" lon="6.1179129"><ele>241.5</ele><time>2025-06-15T10:07:38Z</time></trkpt>
    <trkpt lat="50.4592404" lon="6.1177653"><ele>241.7</ele><time>2025-06-15T10:07:40Z</time></trkpt>
    <trkpt lat="50.4592465" lon="6.1176317"><ele>241.5</ele><time>2025-06-15T10:07:41Z</time></trkpt>
    <trkpt lat="50.4592878" lon="6.1174632"><ele>241.2</ele><time>2025-06-15T10:07:43Z</time></trkpt>
    <trkpt lat="50.4592856" lon="6.1173690"><ele>242.2</ele><time>2025-06-15T10:07:44Z</time></trkpt>
    <trkpt lat="50.4593011" lon="6.1172047"><ele>240.5</ele><time>2025-06-15T10:07:46Z</time></trkpt>
    <trkpt lat="50.4592985" lon="6.1171144"><ele>241.2</ele><time>2025-06-15T10:07:47Z</time></trkpt>
    <trkpt lat="50.4593234" lon="6.1169956"><ele>241.5</ele><time>2025-06-15T10:07:48Z</time></trkpt>
    <trkpt lat="50.4593341" lon="6.1168016"><ele>241.4</ele><time>2025-06-15T10:07:50Z</time></trkpt>
    <trkpt lat="50.4593560" lon="6.1166292"><ele>241.7</ele><time>2025-06-15T10:07:51Z</time></trkpt>
    <trkpt lat="50.4593962" lon="6.1165658"><ele>241.4</ele><time>2025-06-15T10:07:53Z</time></trkpt>
    <trkpt lat="50.4593951" lon="6.1163721"><ele>242.3</ele><time>2025-06-15T10:07:54Z</time></trkpt>
    <trkpt lat="50.4594051" lon="6.1162391"><ele>241.4</ele><time>2025-06-15T10:07:56Z</time></trkpt>
    <trkpt lat="50.4594257" lon="6.1161020"><ele>242.5</ele><time>2025-06-15T10:07:57Z</time></trkpt>
    <trkpt lat="50.4594446" lon="6.1159297"><ele>242.2</ele><time>2025-06-15T10:07:58Z</time></trkpt>
    <trkpt lat="50.4594419" lon="6.1158817"><ele>241.3</ele><time>2025-06-15T10:08:00Z</time></trkpt>
    <trkpt lat="50.4594732" lon="6.1157026"><ele>241.3</ele><time>2025-06-15T10:08:01Z</time></trkpt>
    <trkpt lat="50.4594942" lon="6.1155613"><ele>241.6</ele><time>2025-06-15T10:08:03Z</time></trkpt>
    <trkpt lat="50.4594946" lon="6.1154350"><ele>242.1</ele><time>2025-06-15T10:08:04Z</time></trkpt>
    <trkpt lat="50.4595290" lon="6.1152780"><ele>241.9</ele><time>2025-06-15T10:08:06Z</time></trkpt>
    <trkpt lat="50.4595188" lon="6.1151477"><ele>242.5</ele><time>2025-06-15T10:08:07Z</time></trkpt>
    <trkpt lat="50.4595626" lon="6.1149778"><ele>242.7</ele><time>2025-06-15T10:08:08Z</time></trkpt>
    <trkpt lat="50.4595717" lon="6.1148516"><ele>242.1</ele><time>2025-06-15T10:08:10Z</time></trkpt>
    <trkpt lat="50.4595808" lon="6.1147053"><ele>241.3</ele><time>2025-06-15T10:08:11Z</time></trkpt>
    <trkpt lat="50.4595880" lon="6.1145812"><ele>242.6</ele><time>2025-06-15T10:08:13Z</time></trkpt>
    <trkpt lat="50.4596157" lon="6.1144357"><ele>242.1</ele><time>2025-06-15T10:08:14Z</time></trkpt>
    <trkpt lat="50.4596433" lon="6.1143243"><ele>242.3</ele><time>2025-06-15T10:08:16Z</time></trkpt>
    <trkpt lat="50.4596305" lon="6.1141860"><ele>242.1</ele><time>2025-06-15T10:08:17Z</time></trkpt>
    <trkpt lat="50.4596828" lon="6.1140397"><ele>242.4</ele><time>2025-06-15T10:08:18Z</time></trkpt>
    <trkpt lat="50.4596496" lon="6.1139232"><ele>242.3</ele><time>2025-06-15T10:08:20Z</time></trkpt>
    <trkpt lat="50.4596990" lon="6.1137628"><ele>242.6</ele><time>2025-06-15T10:08:21Z</time></trkpt>
    <trkpt lat="50.4597131" lon="6.1136306"><ele>242.4</ele><time>2025-06-15T10:08:23Z</time></trkpt>
    <trkpt lat="50.4597311" lon="6.1134985"><ele>242.5</ele><time>2025-06-15T10:08:24Z</time></trkpt>
    <trkpt lat="50.4597369" lon="6.1133677"><ele>242.8</ele><time>2025-06-15T10:08:26Z</time></trkpt>
    <trkpt lat="50.4597475" lon="6.1132017"><ele>242.7</ele><time>2025-06-15T10:08:27Z</time></trkpt>
    <trkpt lat="50.4597444" lon="6.1130855"><ele>243.0</ele><time>2025-06-15T10:08:28Z</time></trkpt>
    <trkpt lat="50.4598056" lon="6.1129175"><ele>242.7</ele><time>2025-06-15T10:08:30Z</time></trkpt>
    <trkpt lat="50.4597873" lon="6.1127817"><ele>242.1</ele><time>2025-06-15T10:08:31Z</time></trkpt>
    <trkpt lat="50.4598210" lon="6.1126415"><ele>242.6</ele><time>2025-06-15T10:08:33Z</time></trkpt>
    <trkpt lat="50.4598495" lon="6.1125167"><ele>242.3</ele><time>2025-06-15T10:08:34Z</time></trkpt>
    <trkpt lat="50.4598502" lon="6.1123240"><ele>242.9</ele><time>2025-06-15T10:08:36Z</time></trkpt>
    <trkpt lat="50.4598698" lon="6.1122758"><ele>242.6</ele><time>2025-06-15T10:08:37Z</time></trkpt>
    <trkpt lat="50.4598796" lon="6.1121139"><ele>243.0</ele><time>2025-06-15T10:08:38Z</time></trkpt>
    <trkpt lat="50.4599133" lon="6.1119489"><ele>242.4</ele><time>2025-06-15T10:08:40Z</time></trkpt>
    <trkpt lat="50.4599115" lon="6.1118337"><ele>242.7</ele><time>2025-06-15T10:08:41Z</time></trkpt>
    <trkpt lat="50.4599227" lon="6.1116562"><ele>242.7</ele><time>2025-06-15T10:08:43Z</time></trkpt>
    <trkpt lat="50.4599546" lon="6.1115611"><ele>243.7</ele><time>2025-06-15T10:08:44Z</time></trkpt>
    <trkpt lat="50.4599480" lon="6.1114156"><ele>243.6</ele><time>2025-06-15T10:08:46Z</time></trkpt>
    <trkpt lat="50.4599950" lon="6.1112371"><ele>243.7</ele><time>2025-06-15T10:08:47Z</time></trkpt>
    <trkpt lat="50.4600034" lon="6.1111073"><ele>243.0</ele><time>2025-06-15T10:08:48Z</time></trkpt>
    <trkpt lat="50.4600053" lon="6.1109785"><ele>243.6</ele><time>2025-06-15T10:08:50Z</time></trkpt>
    <trkpt lat="50.4600227" lon="6.1108376"><ele>243.1</ele><time>2025-06-15T10:08:51Z</time></trkpt>
    <trkpt lat="50.4600369" lon="6.1106820"><ele>243.5</ele><time>2025-06-15T10:08:53Z</time></trkpt>
    <trkpt lat="50.4600666" lon="6.1105873"><ele>243.1</ele><time>2025-06-15T10:08:54Z</time></trkpt>
    <trkpt lat="50.4600530" lon="6.1104406"><ele>243.1</ele><time>2025-06-15T10:08:56Z</time></trkpt>
    <trkpt lat="50.4600978" lon="6.1102856"><ele>243.6</ele><time>2025-06-15T10:08:57Z</time></trkpt>
    <trkpt lat="50.4601102" lon="6.1101687"><ele>243.8</ele><time>2025-06-15T10:08:58Z</time></trkpt>
    <trkpt lat="50.4601287" lon="6.1099654"><ele>243.7</ele><time>2025-06-15T10:09:00Z</time></trkpt>
    <trkpt lat="50.4601428" lon="6.1098555"><ele>243.7</ele><time>2025-06-15T10:09:01Z</time></trkpt>
    <trkpt lat="50.4601248" lon="6.1097275"><ele>242.8</ele><time>2025-06-15T10:09:03Z</time></trkpt>
    <trkpt lat="50.4601852" lon="6.1096086"><ele>243.7</ele><time>2025-06-15T10:09:04Z</time></trkpt>
    <trkpt lat="50.4601859" lon="6.1094644"><ele>244.1</ele><time>2025-06-15T10:09:06Z</time></trkpt>
    <trkpt lat="50.4602162" lon="6.1093335"><ele>243.9</ele><time>2025-06-15T10:09:07Z</time></trkpt>
    <trkpt lat="50.4602053" lon="6.1091717"><ele>244.0</ele><time>2025-06-15T10:09:08Z</time></trkpt>
    <trkpt lat="50.4602363" lon="6.1090441"><ele>243.5</ele><time>2025-06-15T10:09:10Z</time></trkpt>
    <trkpt lat="50.4602320" lon="6.1088943"><ele>244.3</ele><time>2025-06-15T10:09:11Z</time></trkpt>
    <trkpt lat="50.4602759" lon="6.1087621"><ele>243.8</ele><time>2025-06-15T10:09:13Z</time></trkpt>
    <trkpt lat="50.4602693" lon="6.1086640"><ele>244.6</ele><time>2025-06-15T10:09:14Z</time></trkpt>
    <trkpt lat="50.4602961" lon="6.1085091"><ele>244.4</ele><time>2025-06-15T10:09:16Z</time></trkpt>
    <trkpt lat="50.4603016" lon="6.1083510"><ele>244.3</ele><time>2025-06-15T10:09:17Z</time></trkpt>
    <trkpt lat="50.4603451" lon="6.1081951"><ele>244.3</ele><time>2025-06-15T10:09:18Z</time></trkpt>
    <trkpt lat="50.4603309" lon="6.1080516"><ele>244.5</ele><time>2025-06-15T10:09:20Z</time></trkpt>
    <trkpt lat="50.4603829" lon="6.1079652"><ele>244.0</ele><time>2025-06-15T10:09:21Z</time></trkpt>
    <trkpt lat="50.4603830" lon="6.1077975"><ele>244.7</ele><time>2025-06-15T10:09:23Z</time></trkpt>
    <trkpt lat="50.4603747" lon="6.1076663"><ele>244.2</ele><time>2025-06-15T10:09:24Z</time></trkpt>
    <trkpt lat="50.4604023" lon="6.1075234"><ele>244.5</ele><time>2025-06-15T10:09:26Z</time></trkpt>
    <trkpt lat="50.4604243" lon="6.1073524"><ele>244.9</ele><time>2025-06-15T10:09:27Z</time></trkpt>
    <trkpt lat="50.4604213" lon="6.1072137"><ele>244.7</ele><time>2025-06-15T10:09:28Z</time></trkpt>
    <trkpt lat="50.4604454" lon="6.1071064"><ele>244.8</ele><time>2025-06-15T10:09:30Z</time></trkpt>
    <trkpt lat="50.4604756" lon="6.1069553"><ele>244.1</ele><time>2025-06-15T10:09:31Z</time></trkpt>
    <trkpt lat="50.4604736" lon="6.1068460"><ele>244.4</ele><time>2025-06-15T10:09:33Z</time></trkpt>
    <trkpt lat="50.4605002" lon="6.1067028"><ele>244.5</ele><time>2025-06-15T10:09:34Z</time></trkpt>
    <trkpt lat="50.4605023" lon="6.1065248"><ele>244.6</ele><time>2025-06-15T10:09:36Z</time></trkpt>
    <trkpt lat="50.4605259" lon="6.1064136"><ele>244.4</ele><time>2025-06-15T10:09:37Z</time></trkpt>
    <trkpt lat="50.4605537" lon="6.1062892"><ele>244.4</ele><time>2025-06-15T10:09:38Z</time></trkpt>
    <trkpt lat="50.4605638" lon="6.1061472"><ele>244.3</ele><time>2025-06-15T10:09:40Z</time></trkpt>
    <trkpt lat="50.4605979" lon="6.1059774"><ele>245.2</ele><time>2025-06-15T10:09:41Z</time></trkpt>
    <trkpt lat="50.4605903" lon="6.1058825"><ele>244.7</ele><time>2025-06-15T10:09:43Z</time></trkpt>
    <trkpt lat="50.4605812" lon="6.1056943"><ele>244.7</ele><time>2025-06-15T10:09:44Z</time></trkpt>
    <trkpt lat="50.4606263" lon="6.1055712"><ele>245.0</ele><time>2025-06-15T10:09:46Z</time></trkpt>
    <trkpt lat="50.4606481" lon="6.1054112"><ele>245.1</ele><time>2025-06-15T10:09:47Z</time></trkpt>
    <trkpt lat="50.4606605" lon="6.1053286"><ele>244.7</ele><time>2025-06-15T10:09:48Z</time></trkpt>
    <trkpt lat="50.4606878" lon="6.1051699"><ele>244.8</ele><time>2025-06-15T10:09:50Z</time></trkpt>
    <trkpt lat="50.4606632" lon="6.1050598"><ele>245.6</ele><time>2025-06-15T10:09:51Z</time></trkpt>
    <trkpt lat="50.4607111" lon="6.1048880"><ele>245.6</ele><time>2025-06-15T10:09:53Z</time></trkpt>
    <trkpt lat="50.4607167" lon="6.1047831"><ele>245.3</ele><time>2025-06-15T10:09:54Z</time></trkpt>
    <trkpt lat="50.4607399" lon="6.1046415"><ele>244.9</ele><time>2025-06-15T10:09:56Z</time></trkpt>
    <trkpt lat="50.4607347" lon="6.1044443"><ele>245.1</ele><time>2025-06-15T10:09:57Z</time></trkpt>
    <trkpt lat="50.4607901" lon="6.1043653"><ele>245.5</ele><time>2025-06-15T10:09:58Z</time></trkpt>
    <trkpt lat="50.4607755" lon="6.1041863"><ele>245.5</ele><time>2025-06-15T10:10:00Z</time></trkpt>
    <trkpt lat="50.4607854" lon="6.1040247"><ele>245.3</ele><time>2025-06-15T10:10:01Z</time></trkpt>
    <trkpt lat="50.4607961" lon="6.1039498"><ele>246.0</ele><time>2025-06-15T10:10:03Z</time></trkpt>
    <trkpt lat="50.4608450" lon="6.1037493"><ele>245.8</ele><time>2025-06-15T10:10:04Z</time></trkpt>
    <trkpt lat="50.4608423" lon="6.1036546"><ele>245.6</ele><time>2025-06-15T10:10:06Z</time></trkpt>
    <trkpt lat="50.4608783" lon="6.1035179"><ele>245.6</ele><time>2025-06-15T10:10:07Z</time></trkpt>
    <trkpt lat="50.4608674" lon="6.1033758"><ele>246.0</ele><time>2025-06-15T10:10:08Z</time></trkpt>
    <trkpt lat="50.4609164" lon="6.1032271"><ele>245.8</ele><time>2025-06-15T10:10:10Z</time></trkpt>
    <trkpt lat="50.4609006" lon="6.1030597"><ele>245.9</ele><time>2025-06-15T10:10:11Z</time></trkpt>
    <trkpt lat="50.4609094" lon="6.1029373"><ele>245.7</ele><time>2025-06-15T10:10:13Z</time></trkpt>
    <trkpt lat="50.4609107" lon="6.1027897"><ele>246.3</ele><time>2025-06-15T10:10:14Z</time></trkpt>
    <trkpt lat="50.4609476" lon="6.1026456"><ele>247.0</ele><time>2025-06-15T10:10:16Z</time></trkpt>
    <trkpt lat="50.4609740" lon="6.1025320"><ele>246.4</ele><time>2025-06-15T10:10:17Z</time></trkpt>
    <trkpt lat="50.4609975" lon="6.1023965"><ele>245.9</ele><time>2025-06-15T10:10:18Z</time></trkpt>
    <trkpt lat="50.4610007" lon="6.1022424"><ele>245.9</ele><time>2025-06-15T10:10:20Z</time></trkpt>
    <trkpt lat="50.4610285" lon="6.1021091"><ele>246.4</ele><time>2025-06-15T10:10:21Z</time></trkpt>
    <trkpt lat="50.4610206" lon="6.1019886"><ele>246.4</ele><time>2025-06-15T10:10:23Z</time></trkpt>
    <trkpt lat="50.4610354" lon="6.1018109"><ele>246.8</ele><time>2025-06-15T10:10:24Z</time></trkpt>
    <trkpt lat="50.4610705" lon="6.1017172"><ele>247.0</ele><time>2025-06-15T10:10:26Z</time></trkpt>
    <trkpt lat="50.4610977" lon="6.1015767"><ele>246.7</ele><time>2025-06-15T10:10:27Z</time></trkpt>
    <trkpt lat="50.4611062" lon="6.1014268"><ele>247.0</ele><time>2025-06-15T10:10:28Z</time></trkpt>
    <trkpt lat="50.4611197" lon="6.1012674"><ele>246.2</ele><time>2025-06-15T10:10:30Z</time></trkpt>
    <trkpt lat="50.4611487" lon="6.1011435"><ele>247.2</ele><time>2025-06-15T10:10:31Z</time></trkpt>
    <trkpt lat="50.4611583" lon="6.1010101"><ele>246.7</ele><time>2025-06-15T10:10:33Z</time></trkpt>
    <trkpt lat="50.4611641" lon="6.1008510"><ele>246.7</ele><time>2025-06-15T10:10:34Z</time></trkpt>
    <trkpt lat="50.4611751" lon="6.1007239"><ele>246.9</ele><time>2025-06-15T10:10:36Z</time></trkpt>
    <trkpt lat="50.4611812" lon="6.1006060"><ele>246.5</ele><time>2025-06-15T10:10:37Z</time></trkpt>
    <trkpt lat="50.4612184" lon="6.1004361"><ele>247.5</ele><time>2025-06-15T10:10:38Z</time></trkpt>
    <trkpt lat="50.4612292" lon="6.1003234"><ele>247.0</ele><time>2025-06-15T10:10:40Z</time></trkpt>
    <trkpt lat="50.4612361" lon="6.1002109"><ele>247.5</ele><time>2025-06-15T10:10:41Z</time></trkpt>
    <trkpt lat="50.4612548" lon="6.1000488"><ele>247.3</ele><time>2025-06-15T10:10:43Z</time></trkpt>
    <trkpt lat="50.4612882" lon="6.0998863"><ele>247.1</ele><time>2025-06-15T10:10:44Z</time></trkpt>
    <trkpt lat="50.4612948" lon="6.0997621"><ele>247.2</ele><time>2025-06-15T10:10:46Z</time></trkpt>
    <trkpt lat="50.4612901" lon="6.0996273"><ele>247.0</ele><time>2025-06-15T10:10:47Z</time></trkpt>
    <trkpt lat="50.4613186" lon="6.0994531"><ele>247.5</ele><time>2025-06-15T10:10:48Z</time></trkpt>
    <trkpt lat="50.4613566" lon="6.0993533"><ele>247.7</ele><time>2025-06-15T10:10:50Z</time></trkpt>
    <trkpt lat="50.4613658" lon="6.0992090"><ele>248.0</ele><time>2025-06-15T10:10:51Z</time></trkpt>
    <trkpt lat="50.4613656" lon="6.0990398"><ele>247.6</ele><time>2025-06-15T10:10:53Z</time></trkpt>
    <trkpt lat="50.4613947" lon="6.0989370"><ele>247.6</ele><time>2025-06-15T10:10:54Z</time></trkpt>
    <trkpt lat="50.4614082" lon="6.0987930"><ele>247.3</ele><time>2025-06-15T10:10:56Z</time></trkpt>
    <trkpt lat="50.4614147" lon="6.0986770"><ele>248.2</ele><time>2025-06-15T10:10:57Z</time></trkpt>
    <trkpt lat="50.4614520" lon="6.0984995"><ele>247.7</ele><time>2025-06-15T10:10:58Z</time></trkpt>
    <trkpt lat="50.4614663" lon="6.0983298"><ele>248.7</ele><time>2025-06-15T10:11:00Z</time></trkpt>
    <trkpt lat="50.4614779" lon="6.0982996"><ele>248.1</ele><time>2025-06-15T10:11:01Z</time></trkpt>
    <trkpt lat="50.4614984" lon="6.0980942"><ele>248.0</ele><time>2025-06-15T10:11:03Z</time></trkpt>
    <trkpt lat="50.4614943" lon="6.0979756"><ele>248.1</ele><time>2025-06-15T10:11:04Z</time></trkpt>
    <trkpt lat="50.4615232" lon="6.0977935"><ele>248.6</ele><time>2025-06-15T10:11:06Z</time></trkpt>
    <trkpt lat="50.4615160" lon="6.0976708"><ele>248.4</ele><time>2025-06-15T10:11:07Z</time></trkpt>
    <trkpt lat="50.4615346" lon="6.0975191"><ele>248.5</ele><time>2025-06-15T10:11:08Z</time></trkpt>
    <trkpt lat="50.4615532" lon="6.0974002"><ele>248.4</ele><time>2025-06-15T10:11:10Z</time></trkpt>
    <trkpt lat="50.4615942" lon="6.0972749"><ele>249.2</ele><time>2025-06-15T10:11:11Z</time></trkpt>
    <trkpt lat="50.4615849" lon="6.0971467"><ele>248.3</ele><time>2025-06-15T10:11:13Z</time></trkpt>
    <trkpt lat="50.4616124" lon="6.0970039"><ele>248.6</ele><time>2025-06-15T10:11:14Z</time></trkpt>
    <trkpt lat="50.4616282" lon="6.0968284"><ele>249.4</ele><time>2025-06-15T10:11:16Z</time></trkpt>
    <trkpt lat="50.4616328" lon="6.0967353"><ele>248.4</ele><time>2025-06-15T10:11:17Z</time></trkpt>
    <trkpt lat="50.4616820" lon="6.0965769"><ele>248.8</ele><time>2025-06-15T10:11:18Z</time></trkpt>
    <trkpt lat="50.4616744" lon="6.0964172"><ele>249.0</ele><time>2025-06-15T10:11:20Z</time></trkpt>
    <trkpt lat="50.4616726" lon="6.0962400"><ele>248.7</ele><time>2025-06-15T10:11:21Z</time></trkpt>
    <trkpt lat="50.4617083" lon="6.0961292"><ele>248.7</ele><time>2025-06-15T10:11:23Z</time></trkpt>
    <trkpt lat="50.4617182" lon="6.0960095"><ele>248.4</ele><time>2025-06-15T10:11:24Z</time></trkpt>
    <trkpt lat="50.4617325" lon="6.0958723"><ele>249.3</ele><time>2025-06-15T10:11:26Z</time></trkpt>
    <trkpt lat="50.4617482" lon="6.0957415"><ele>249.9</ele><time>2025-06-15T10:11:27Z</time></trkpt>
    <trkpt lat="50.4617518" lon="6.0956454"><ele>250.1</ele><time>2025-06-15T10:11:28Z</time></trkpt>
    <trkpt lat="50.4617917" lon="6.0954669"><ele>249.8</ele><time>2025-06-15T10:11:30Z</time></trkpt>
    <trkpt lat="50.4618079" lon="6.0953259"><ele>249.8</ele><time>2025-06-15T10:11:31Z</time></trkpt>
    <trkpt lat="50.4618203" lon="6.0951898"><ele>250.5</ele><time>2025-06-15T10:11:33Z</time></trkpt>
    <trkpt lat="50.4618096" lon="6.0950402"><ele>249.6</ele><time>2025-06-15T10:11:34Z</time></trkpt>
    <trkpt lat="50.4618109" lon="6.0949116"><ele>250.1</ele><time>2025-06-15T10:11:36Z</time></trkpt>
    <trkpt lat="50.4618590" lon="6.0947494"><ele>249.9</ele><time>2025-06-15T10:11:37Z</time></trkpt>
    <trkpt lat="50.4618812" lon="6.0946073"><ele>250.0</ele><time>2025-06-15T10:11:38Z</time></trkpt>
    <trkpt lat="50.4618816" lon="6.0944885"><ele>250.7</ele><time>2025-06-15T10:11:40Z</time></trkpt>
    <trkpt lat="50.4619154" lon="6.0943519"><ele>250.5</ele><time>2025-06-15T10:11:41Z</time></trkpt>
    <trkpt lat="50.4619360" lon="6.0942101"><ele>250.4</ele><time>2025-06-15T10:11:43Z</time></trkpt>
    <trkpt lat="50.4619221" lon="6.0940610"><ele>249.5</ele><time>2025-06-15T10:11:44Z</time></trkpt>
    <trkpt lat="50.4619667" lon="6.0939538"><ele>250.3</ele><time>2025-06-15T10:11:46Z</time></trkpt>
    <trkpt lat="50.4619913" lon="6.0937968"><ele>249.6</ele><time>2025-06-15T10:11:47Z</time></trkpt>
    <trkpt lat="50.4619627" lon="6.0936408"><ele>250.0</ele><time>2025-06-15T10:11:48Z</time></trkpt>
    <trkpt lat="50.4620059" lon="6.0934900"><ele>250.7</ele><time>2025-06-15T10:11:50Z</time></trkpt>
    <trkpt lat="50.4620127" lon="6.0933828"><ele>250.2</ele><time>2025-06-15T10:11:51Z</time></trkpt>
    <trkpt lat="50.4620039" lon="6.0932133"><ele>250.8</ele><time>2025-06-15T10:11:53Z</time></trkpt>
    <trkpt lat="50.4620638" lon="6.0931063"><ele>250.4</ele><time>2025-06-15T10:11:54Z</time></trkpt>
    <trkpt lat="50.4620768" lon="6.0929750"><ele>250.6</ele><time>2025-06-15T10:11:56Z</time></trkpt>
    <trkpt lat="50.4620794" lon="6.0928472"><ele>251.4</ele><time>2025-06-15T10:11:57Z</time></trkpt>
    <trkpt lat="50.4621244" lon="6.0926635"><ele>250.6</ele><time>2025-06-15T10:11:58Z</time></trkpt>
    <trkpt lat="50.4620920" lon="6.0925801"><ele>251.6</ele><time>2025-06-15T10:12:00Z</time></trkpt>
    <trkpt lat="50.4621425" lon="6.0923632"><ele>250.6</ele><time>2025-06-15T10:12:01Z</time></trkpt>
    <trkpt lat="50.4621158" lon="6.0922644"><ele>250.7</ele><time>2025-06-15T10:12:03Z</time></trkpt>
    <trkpt lat="50.4621410" lon="6.0921219"><ele>251.2</ele><time>2025-06-15T10:12:04Z</time></trkpt>
    <trkpt lat="50.4621262" lon="6.0920276"><ele>251.7</ele><time>2025-06-15T10:12:06Z</time></trkpt>
    <trkpt lat="50.4621352" lon="6.0918208"><ele>251.7</ele><time>2025-06-15T10:12:07Z</time></trkpt>
    <trkpt lat="50.4621044" lon="6.0916847"><ele>251.6</ele><time>2025-06-15T10:12:08Z</time></trkpt>
    <trkpt lat="50.4620897" lon="6.0915704"><ele>250.7</ele><time>2025-06-15T10:12:10Z</time></trkpt>
    <trkpt lat="50.4620852" lon="6.0913783"><ele>251.9</ele><time>2025-06-15T10:12:11Z</time></trkpt>
    <trkpt lat="50.4620619" lon="6.0912792"><ele>251.8</ele><time>2025-06-15T10:12:13Z</time></trkpt>
    <trkpt lat="50.4620376" lon="6.0911263"><ele>251.4</ele><time>2025-06-15T10:12:14Z</time></trkpt>
    <trkpt lat="50.4620086" lon="6.0910104"><ele>251.6</ele><time>2025-06-15T10:12:16Z</time></trkpt>
    <trkpt lat="50.4619633" lon="6.0908839"><ele>251.8</ele><time>2025-06-15T10:12:17Z</time></trkpt>
    <trkpt lat="50.4619348" lon="6.0907023"><ele>251.6</ele><time>2025-06-15T10:12:19Z</time></trkpt>
    <trkpt lat="50.4619408" lon="6.0905981"><ele>252.5</ele><time>2025-06-15T10:12:20Z</time></trkpt>
    <trkpt lat="50.4618920" lon="6.0904828"><ele>252.7</ele><time>2025-06-15T10:12:21Z</time></trkpt>
    <trkpt lat="50.4618610" lon="6.0903515"><ele>252.0</ele><time>2025-06-15T10:12:23Z</time></trkpt>
    <trkpt lat="50.4618300" lon="6.0902167"><ele>252.4</ele><time>2025-06-15T10:12:24Z</time></trkpt>
    <trkpt lat="50.4618032" lon="6.0900687"><ele>252.9</ele><time>2025-06-15T10:12:26Z</time></trkpt>
    <trkpt lat="50.4618067" lon="6.0899244"><ele>252.3</ele><time>2025-06-15T10:12:27Z</time></trkpt>
    <trkpt lat="50.4617596" lon="6.0898000"><ele>252.3</ele><time>2025-06-15T10:12:29Z</time></trkpt>
    <trkpt lat="50.4617020" lon="6.0896637"><ele>252.0</ele><time>2025-06-15T10:12:30Z</time></trkpt>
    <trkpt lat="50.4617091" lon="6.0895213"><ele>253.1</ele><time>2025-06-15T10:12:31Z</time></trkpt>
    <trkpt lat="50.4616701" lon="6.0893916"><ele>252.5</ele><time>2025-06-15T10:12:33Z</time></trkpt>
    <trkpt lat="50.4616697" lon="6.0892372"><ele>252.8</ele><time>2025-06-15T10:12:34Z</time></trkpt>
    <trkpt lat="50.4616073" lon="6.0891277"><ele>252.4</ele><time>2025-06-15T10:12:36Z</time></trkpt>
    <trkpt lat="50.4616065" lon="6.0889750"><ele>252.6</ele><time>2025-06-15T10:12:37Z</time></trkpt>
    <trkpt lat="50.4615842" lon="6.0888749"><ele>252.7</ele><time>2025-06-15T10:12:39Z</time></trkpt>
    <trkpt lat="50.4615558" lon="6.0887406"><ele>252.9</ele><time>2025-06-15T10:12:40Z</time></trkpt>
    <trkpt lat="50.4614994" lon="6.0885817"><ele>253.4</ele><time>2025-06-15T10:12:41Z</time></trkpt>
    <trkpt lat="50.4615020" lon="6.0884716"><ele>253.1</ele><time>2025-06-15T10:12:43Z</time></trkpt>
    <trkpt lat="50.4614855" lon="6.0883212"><ele>253.5</ele><time>2025-06-15T10:12:44Z</time></trkpt>
    <trkpt lat="50.4614417" lon="6.0881926"><ele>253.9</ele><time>2025-06-15T10:12:46Z</time></trkpt>
    <trkpt lat="50.4614011" lon="6.0880887"><ele>253.3</ele><time>2025-06-15T10:12:47Z</time></trkpt>
    <trkpt lat="50.4613781" lon="6.0879339"><ele>252.8</ele><time>2025-06-15T10:12:49Z</time></trkpt>
    <trkpt lat="50.4613672" lon="6.0877606"><ele>253.8</ele><time>2025-06-15T10:12:50Z</time></trkpt>
    <trkpt lat="50.4613448" lon="6.0875873"><ele>253.7</ele><time>2025-06-15T10:12:51Z</time></trkpt>
    <trkpt lat="50.4613001" lon="6.0875168"><ele>253.6</ele><time>2025-06-15T10:12:53Z</time></trkpt>
    <trkpt lat="50.4612668" lon="6.0873804"><ele>253.7</ele><time>2025-06-15T10:12:54Z</time></trkpt>
    <trkpt lat="50.4612541" lon="6.0872476"><ele>254.1</ele><time>2025-06-15T10:12:56Z</time></trkpt>
    <trkpt lat="50.4612137" lon="6.0870954"><ele>254.3</ele><time>2025-06-15T10:12:57Z</time></trkpt>
    <trkpt lat="50.4612217" lon="6.0869959"><ele>253.4</ele><time>2025-06-15T10:12:59Z</time></trkpt>
    <trkpt lat="50.4611730" lon="6.0868148"><ele>253.9</ele><time>2025-06-15T10:13:00Z</time></trkpt>
    <trkpt lat="50.4611682" lon="6.0867034"><ele>254.3</ele><time>2025-06-15T10:13:01Z</time></trkpt>
    <trkpt lat="50.4611325" lon="6.0865348"><ele>254.0</ele><time>2025-06-15T10:13:03Z</time></trkpt>
    <trkpt lat="50.4610938" lon="6.0864298"><ele>253.7</ele><time>2025-06-15T10:13:04Z</time></trkpt>
    <trkpt lat="50.4610824" lon="6.0862905"><ele>254.2</ele><time>2025-06-15T10:13:06Z</time></trkpt>
    <trkpt lat="50.4610434" lon="6.0861878"><ele>254.0</ele><time>2025-06-15T10:13:07Z</time></trkpt>
    <trkpt lat="50.4610058" lon="6.0859994"><ele>255.4</ele><time>2025-06-15T10:13:09Z</time></trkpt>
    <trkpt lat="50.4610114" lon="6.0859081"><ele>254.7</ele><time>2025-06-15T10:13:10Z</time></trkpt>
    <trkpt lat="50.4609739" lon="6.0857647"><ele>254.6</ele><time>2025-06-15T10:13:11Z</time></trkpt>
    <trkpt lat="50.4609276" lon="6.0856290"><ele>254.6</ele><time>2025-06-15T10:13:13Z</time></trkpt>
    <trkpt lat="50.4609127" lon="6.0854980"><ele>254.7</ele><time>2025-06-15T10:13:14Z</time></trkpt>
    <trkpt lat="50.4608960" lon="6.0853309"><ele>254.6</ele><time>2025-06-15T10:13:16Z</time></trkpt>
    <trkpt lat="50.4608619" lon="6.0852362"><ele>255.7</ele><time>2025-06-15T10:13:17Z</time></trkpt>
    <trkpt lat="50.4608381" lon="6.0851292"><ele>255.2</ele><time>2025-06-15T10:13:19Z</time></trkpt>
    <trkpt lat="50.4607889" lon="6.0849275"><ele>255.6</ele><time>2025-06-15T10:13:20Z</time></trkpt>
    <trkpt lat="50.4607844" lon="6.0848055"><ele>255.3</ele><time>2025-06-15T10:13:21Z</time></trkpt>
    <trkpt lat="50.4607466" lon="6.0846668"><ele>255.7</ele><time>2025-06-15T10:13:23Z</time></trkpt>
    <trkpt lat="50.4607489" lon="6.0845656"><ele>255.6</ele><time>2025-06-15T10:13:24Z</time></trkpt>
    <trkpt lat="50.4606961" lon="6.0844268"><ele>255.4</ele><time>2025-06-15T10:13:26Z</time></trkpt>
    <trkpt lat="50.4606671" lon="6.0842375"><ele>255.9</ele><time>2025-06-15T10:13:27Z</time></trkpt>
    <trkpt lat="50.4606514" lon="6.0841503"><ele>255.4</ele><time>2025-06-15T10:13:29Z</time></trkpt>
    <trkpt lat="50.4606210" lon="6.0840096"><ele>257.2</ele><time>2025-06-15T10:13:30Z</time></trkpt>
    <trkpt lat="50.4605988" lon="6.0838910"><ele>255.5</ele><time>2025-06-15T10:13:31Z</time></trkpt>
    <trkpt lat="50.4605840" lon="6.0837366"><ele>256.1</ele><time>2025-06-15T10:13:33Z</time></trkpt>
    <trkpt lat="50.4605564" lon="6.0836010"><ele>256.1</ele><time>2025-06-15T10:13:34Z</time></trkpt>
    <trkpt lat="50.4605005" lon="6.0834728"><ele>256.4</ele><time>2025-06-15T10:13:36Z</time></trkpt>
    <trkpt lat="50.4604817" lon="6.0833402"><ele>256.3</ele><time>2025-06-15T10:13:37Z</time></trkpt>
    <trkpt lat="50.4604371" lon="6.0832229"><ele>255.5</ele><time>2025-06-15T10:13:39Z</time></trkpt>
    <trkpt lat="50.4604501" lon="6.0830811"><ele>256.1</ele><time>2025-06-15T10:13:40Z</time></trkpt>
    <trkpt lat="50.4603902" lon="6.0829524"><ele>256.4</ele><time>2025-06-15T10:13:41Z</time></trkpt>
    <trkpt lat="50.4603904" lon="6.0827860"><ele>256.1</ele><time>2025-06-15T10:13:43Z</time></trkpt>
    <trkpt lat="50.4603733" lon="6.0826585"><ele>256.3</ele><time>2025-06-15T10:13:44Z</time></trkpt>
    <trkpt lat="50.4603078" lon="6.0825372"><ele>256.3</ele><time>2025-06-15T10:13:46Z</time></trkpt>
    <trkpt lat="50.4603061" lon="6.0824148"><ele>256.2</ele><time>2025-06-15T10:13:47Z</time></trkpt>
    <trkpt lat="50.4602972" lon="6.0822109"><ele>256.4</ele><time>2025-06-15T10:13:49Z</time></trkpt>
    <trkpt lat="50.4602413" lon="6.0821208"><ele>257.9</ele><time>2025-06-15T10:13:50Z</time></trkpt>
    <trkpt lat="50.4602137" lon="6.0819810"><ele>256.5</ele><time>2025-06-15T10:13:51Z</time></trkpt>
    <trkpt lat="50.4602121" lon="6.0818832"><ele>256.9</ele><time>2025-06-15T10:13:53Z</time></trkpt>
    <trkpt lat="50.4601733" lon="6.0817473"><ele>257.1</ele><time>2025-06-15T10:13:54Z</time></trkpt>
    <trkpt lat="50.4601377" lon="6.0815939"><ele>257.2</ele><time>2025-06-15T10:13:56Z</time></trkpt>
    <trkpt lat="50.4601276" lon="6.0814567"><ele>257.0</ele><time>2025-06-15T10:13:57Z</time></trkpt>
    <trkpt lat="50.4600898" lon="6.0813323"><ele>257.0</ele><time>2025-06-15T10:13:59Z</time></trkpt>
    <trkpt lat="50.4600816" lon="6.0811931"><ele>257.6</ele><time>2025-06-15T10:14:00Z</time></trkpt>
    <trkpt lat="50.4600463" lon="6.0810196"><ele>257.7</ele><time>2025-06-15T10:14:01Z</time></trkpt>
    <trkpt lat="50.4600104" lon="6.0809052"><ele>258.3</ele><time>2025-06-15T10:14:03Z</time></trkpt>
    <trkpt lat="50.4599871" lon="6.0808208"><ele>257.0</ele><time>2025-06-15T10:14:04Z</time></trkpt>
    <trkpt lat="50.4599501" lon="6.0806566"><ele>257.5</ele><time>2025-06-15T10:14:06Z</time></trkpt>
    <trkpt lat="50.4599495" lon="6.0804948"><ele>258.0</ele><time>2025-06-15T10:14:07Z</time></trkpt>
    <trkpt lat="50.4599231" lon="6.0803426"><ele>257.7</ele><time>2025-06-15T10:14:09Z</time></trkpt>
    <trkpt lat="50.4598714" lon="6.0802096"><ele>258.6</ele><time>2025-06-15T10:14:10Z</time></trkpt>
    <trkpt lat="50.4598772" lon="6.0800647"><ele>258.3</ele><time>2025-06-15T10:14:11Z</time></trkpt>
    <trkpt lat="50.4598388" lon="6.0800111"><ele>258.7</ele><time>2025-06-15T10:14:13Z</time></trkpt>
    <trkpt lat="50.4598070" lon="6.0798351"><ele>257.7</ele><time>2025-06-15T10:14:14Z</time></trkpt>
    <trkpt lat="50.4597728" lon="6.0796791"><ele>258.5</ele><time>2025-06-15T10:14:16Z</time></trkpt>
    <trkpt lat="50.4597311" lon="6.0796009"><ele>258.1</ele><time>2025-06-15T10:14:17Z</time></trkpt>
    <trkpt lat="50.4597379" lon="6.0794367"><ele>258.2</ele><time>2025-06-15T10:14:19Z</time></trkpt>
    <trkpt lat="50.4596840" lon="6.0793239"><ele>258.3</ele><time>2025-06-15T10:14:20Z</time></trkpt>
    <trkpt lat="50.4596483" lon="6.0791405"><ele>258.6</ele><time>2025-06-15T10:14:21Z</time></trkpt>
    <trkpt lat="50.4596503" lon="6.0790203"><ele>258.5</ele><time>2025-06-15T10:14:23Z</time></trkpt>
    <trkpt lat="50.4596628" lon="6.0788872"><ele>259.0</ele><time>2025-06-15T10:14:24Z</time></trkpt>
    <trkpt lat="50.4595845" lon="6.0788015"><ele>258.6</ele><time>2025-06-15T10:14:26Z</time></trkpt>
    <trkpt lat="50.4595683" lon="6.0786721"><ele>259.1</ele><time>2025-06-15T10:14:27Z</time></trkpt>
    <trkpt lat="50.4595628" lon="6.0785073"><ele>258.8</ele><time>2025-06-15T10:14:29Z</time></trkpt>
    <trkpt lat="50.4594967" lon="6.0783377"><ele>259.0</ele><time>2025-06-15T10:14:30Z</time></trkpt>
    <trkpt lat="50.4594922" lon="6.0781904"><ele>259.1</ele><time>2025-06-15T10:14:31Z</time></trkpt>
    <trkpt lat="50.4594531" lon="6.0780743"><ele>259.0</ele><time>2025-06-15T10:14:33Z</time></trkpt>
    <trkpt lat="50.4594113" lon="6.0779449"><ele>259.1</ele><time>2025-06-15T10:14:34Z</time></trkpt>
    <trkpt lat="50.4593977" lon="6.0778132"><ele>260.1</ele><time>2025-06-15T10:14:36Z</time></trkpt>
    <trkpt lat="50.4593581" lon="6.0776811"><ele>259.6</ele><time>2025-06-15T10:14:37Z</time></trkpt>
    <trkpt lat="50.4593120" lon="6.0775134"><ele>260.1</ele><time>2025-06-15T10:14:39Z</time></trkpt>
    <trkpt lat="50.4593185" lon="6.0773918"><ele>259.2</ele><time>2025-06-15T10:14:40Z</time></trkpt>
    <trkpt lat="50.4593118" lon="6.0772507"><ele>259.5</ele><time>2025-06-15T10:14:41Z</time></trkpt>
    <trkpt lat="50.4592969" lon="6.0771606"><ele>259.2</ele><time>2025-06-15T10:14:43Z</time></trkpt>
    <trkpt lat="50.4592648" lon="6.0770165"><ele>259.4</ele><time>2025-06-15T10:14:44Z</time></trkpt>
    <trkpt lat="50.4592188" lon="6.0768635"><ele>260.0</ele><time>2025-06-15T10:14:46Z</time></trkpt>
    <trkpt lat="50.4591678" lon="6.0767327"><ele>259.8</ele><time>2025-06-15T10:14:47Z</time></trkpt>
    <trkpt lat="50.4591266" lon="6.0766454"><ele>260.9</ele><time>2025-06-15T10:14:49Z</time></trkpt>
    <trkpt lat="50.4591306" lon="6.0764842"><ele>260.7</ele><time>2025-06-15T10:14:50Z</time></trkpt>
    <trkpt lat="50.4591162" lon="6.0763231"><ele>260.4</ele><time>2025-06-15T10:14:51Z</time></trkpt>
    <trkpt lat="50.4590830" lon="6.0761905"><ele>259.8</ele><time>2025-06-15T10:14:53Z</time></trkpt>
    <trkpt lat="50.4590624" lon="6.0761226"><ele>260.2</ele><time>2025-06-15T10:14:54Z</time></trkpt>
    <trkpt lat="50.4590350" lon="6.0759307"><ele>260.9</ele><time>2025-06-15T10:14:56Z</time></trkpt>
    <trkpt lat="50.4589953" lon="6.0758033"><ele>260.9</ele><time>2025-06-15T10:14:57Z</time></trkpt>
    <trkpt lat="50.4589622" lon="6.0756685"><ele>260.4</ele><time>2025-06-15T10:14:59Z</time></trkpt>
    <trkpt lat="50.4589793" lon="6.0755174"><ele>260.8</ele><time>2025-06-15T10:15:00Z</time></trkpt>
    <trkpt lat="50.4589296" lon="6.0754017"><ele>260.8</ele><time>2025-06-15T10:15:01Z</time></trkpt>
    <trkpt lat="50.4588821" lon="6.0752796"><ele>261.3</ele><time>2025-06-15T10:15:03Z</time></trkpt>
    <trkpt lat="50.4588609" lon="6.0751569"><ele>260.7</ele><time>2025-06-15T10:15:04Z</time></trkpt>
    <trkpt lat="50.4588345" lon="6.0749920"><ele>260.6</ele><time>2025-06-15T10:15:06Z</time></trkpt>
    <trkpt lat="50.4588113" lon="6.0748571"><ele>261.4</ele><time>2025-06-15T10:15:07Z</time></trkpt>
    <trkpt lat="50.4587722" lon="6.0747355"><ele>260.9</ele><time>2025-06-15T10:15:09Z</time></trkpt>
    <trkpt lat="50.4587854" lon="6.0746343"><ele>260.9</ele><time>2025-06-15T10:15:10Z</time></trkpt>
    <trkpt lat="50.4587365" lon="6.0744366"><ele>261.1</ele><time>2025-06-15T10:15:11Z</time></trkpt>
    <trkpt lat="50.4587272" lon="6.0743246"><ele>261.6</ele><time>2025-06-15T10:15:13Z</time></trkpt>
    <trkpt lat="50.4586761" lon="6.0741943"><ele>261.3</ele><time>2025-06-15T10:15:14Z</time></trkpt>
    <trkpt lat="50.4586627" lon="6.0740641"><ele>261.9</ele><time>2025-06-15T10:15:16Z</time></trkpt>
    <trkpt lat="50.4586466" lon="6.0739034"><ele>261.0</ele><time>2025-06-15T10:15:17Z</time></trkpt>
    <trkpt lat="50.4585982" lon="6.0737995"><ele>262.2</ele><time>2025-06-15T10:15:19Z</time></trkpt>
    <trkpt lat="50.4586023" lon="6.0736473"><ele>262.5</ele><time>2025-06-15T10:15:20Z</time></trkpt>
    <trkpt lat="50.4585565" lon="6.0735265"><ele>262.1</ele><time>2025-06-15T10:15:21Z</time></trkpt>
    <trkpt lat="50.4585142" lon="6.0733661"><ele>261.6</ele><time>2025-06-15T10:15:23Z</time></trkpt>
    <trkpt lat="50.4584955" lon="6.0732258"><ele>262.6</ele><time>2025-06-15T10:15:24Z</time></trkpt>
    <trkpt lat="50.4584591" lon="6.0731091"><ele>262.5</ele><time>2025-06-15T10:15:26Z</time></trkpt>
    <trkpt lat="50.4584607" lon="6.0729767"><ele>262.7</ele><time>2025-06-15T10:15:27Z</time></trkpt>
    <trkpt lat="50.4584391" lon="6.0728183"><ele>262.2</ele><time>2025-06-15T10:15:29Z</time></trkpt>
    <trkpt lat="50.4583975" lon="6.0727086"><ele>262.6</ele><time>2025-06-15T10:15:30Z</time></trkpt>
    <trkpt lat="50.4583808" lon="6.0725410"><ele>263.2</ele><time>2025-06-15T10:15:31Z</time></trkpt>
    <trkpt lat="50.4583577" lon="6.0724521"><ele>262.5</ele><time>2025-06-15T10:15:33Z</time></trkpt>
    <trkpt lat="50.4583342" lon="6.0723270"><ele>262.7</ele><time>2025-06-15T10:15:34Z</time></trkpt>
    <trkpt lat="50.4582784" lon="6.0721837"><ele>263.0</ele><time>2025-06-15T10:15:36Z</time></trkpt>
    <trkpt lat="50.4582478" lon="6.0720342"><ele>262.4</ele><time>2025-06-15T10:15:37Z</time></trkpt>
    <trkpt lat="50.4582363" lon="6.0719012"><ele>263.1</ele><time>2025-06-15T10:15:39Z</time></trkpt>
    <trkpt lat="50.4582366" lon="6.0717596"><ele>262.8</ele><time>2025-06-15T10:15:40Z</time></trkpt>
    <trkpt lat="50.4581829" lon="6.0716311"><ele>263.6</ele><time>2025-06-15T10:15:41Z</time></trkpt>
    <trkpt lat="50.4581318" lon="6.0715241"><ele>262.9</ele><time>2025-06-15T10:15:43Z</time></trkpt>
    <trkpt lat="50.4581113" lon="6.0713693"><ele>264.0</ele><time>2025-06-15T10:15:44Z</time></trkpt>
    <trkpt lat="50.4581196" lon="6.0712507"><ele>263.3</ele><time>2025-06-15T10:15:46Z</time></trkpt>
    <trkpt lat="50.4581092" lon="6.0711024"><ele>263.9</ele><time>2025-06-15T10:15:47Z</time></trkpt>
    <trkpt lat="50.4580766" lon="6.0709276"><ele>263.9</ele><time>2025-06-15T10:15:49Z</time></trkpt>
    <trkpt lat="50.4580453" lon="6.0708126"><ele>263.9</ele><time>2025-06-15T10:15:50Z</time></trkpt>
    <trkpt lat="50.4579911" lon="6.0706654"><ele>263.0</ele><time>2025-06-15T10:15:51Z</time></trkpt>
    <trkpt lat="50.4579671" lon="6.0705471"><ele>264.3</ele><time>2025-06-15T10:15:53Z</time></trkpt>
    <trkpt lat="50.4579347" lon="6.0704078"><ele>264.0</ele><time>2025-06-15T10:15:54Z</time></trkpt>
    <trkpt lat="50.4579539" lon="6.0703198"><ele>264.1</ele><time>2025-06-15T10:15:56Z</time></trkpt>
    <trkpt lat="50.4578994" lon="6.0701402"><ele>264.4</ele><time>2025-06-15T10:15:57Z</time></trkpt>
    <trkpt lat="50.4578561" lon="6.0700103"><ele>263.4</ele><time>2025-06-15T10:15:59Z</time></trkpt>
    <trkpt lat="50.4578514" lon="6.0698391"><ele>264.0</ele><time>2025-06-15T10:16:00Z</time></trkpt>
    <trkpt lat="50.4578262" lon="6.0697784"><ele>264.2</ele><time>2025-06-15T10:16:01Z</time></trkpt>
    <trkpt lat="50.4577743" lon="6.0696022"><ele>264.0</ele><time>2025-06-15T10:16:03Z</time></trkpt>
    <trkpt lat="50.4577647" lon="6.0694601"><ele>264.0</ele><time>2025-06-15T10:16:04Z</time></trkpt>
    <trkpt lat="50.4577302" lon="6.0693313"><ele>264.2</ele><time>2025-06-15T10:16:06Z</time></trkpt>
    <trkpt lat="50.4577243" lon="6.0692122"><ele>264.2</ele><time>2025-06-15T10:16:07Z</time></trkpt>
    <trkpt lat="50.4576720" lon="6.0690436"><ele>264.5</ele><time>2025-06-15T10:16:09Z</time></trkpt>
    <trkpt lat="50.4576404" lon="6.0689477"><ele>264.9</ele><time>2025-06-15T10:16:10Z</time></trkpt>
    <trkpt lat="50.4576085" lon="6.0688272"><ele>264.6</ele><time>2025-06-15T10:16:11Z</time></trkpt>
    <trkpt lat="50.4575892" lon="6.0686478"><ele>264.6</ele><time>2025-06-15T10:16:13Z</time></trkpt>
    <trkpt lat="50.4575771" lon="6.0685442"><ele>265.6</ele><time>2025-06-15T10:16:14Z</time></trkpt>
    <trkpt lat="50.4575670" lon="6.0684457"><ele>264.6</ele><time>2025-06-15T10:16:16Z</time></trkpt>
    <trkpt lat="50.4575542" lon="6.0682793"><ele>265.5</ele><time>2025-06-15T10:16:17Z</time></trkpt>
    <trkpt lat="50.4574962" lon="6.0681396"><ele>265.1</ele><time>2025-06-15T10:16:19Z</time></trkpt>
    <trkpt lat="50.4574536" lon="6.0680245"><ele>265.1</ele><time>2025-06-15T10:16:20Z</time></trkpt>
    <trkpt lat="50.4574564" lon="6.0678169"><ele>265.1</ele><time>2025-06-15T10:16:21Z</time></trkpt>
    <trkpt lat="50.4574156" lon="6.0677222"><ele>265.5</ele><time>2025-06-15T10:16:23Z</time></trkpt>
    <trkpt lat="50.4573934" lon="6.0675833"><ele>265.3</ele><time>2025-06-15T10:16:24Z</time></trkpt>
    <trkpt lat="50.4573635" lon="6.0674707"><ele>264.8</ele><time>2025-06-15T10:16:26Z</time></trkpt>
    <trkpt lat="50.4573397" lon="6.0673674"><ele>264.9</ele><time>2025-06-15T10:16:27Z</time></trkpt>
    <trkpt lat="50.4573259" lon="6.0671827"><ele>265.4</ele><time>2025-06-15T10:16:29Z</time></trkpt>
    <trkpt lat="50.4572894" lon="6.0670701"><ele>265.3</ele><time>2025-06-15T10:16:30Z</time></trkpt>
    <trkpt lat="50.4572375" lon="6.0669130"><ele>266.0</ele><time>2025-06-15T10:16:31Z</time></trkpt>
    <trkpt lat="50.4572461" lon="6.0667943"><ele>266.6</ele><time>2025-06-15T10:16:33Z</time></trkpt>
    <trkpt lat="50.4571921" lon="6.0666803"><ele>266.0</ele><time>2025-06-15T10:16:34Z</time></trkpt>
    <trkpt lat="50.4571917" lon="6.0665417"><ele>265.3</ele><time>2025-06-15T10:16:36Z</time></trkpt>
    <trkpt lat="50.4571571" lon="6.0664060"><ele>266.3</ele><time>2025-06-15T10:16:37Z</time></trkpt>
    <trkpt lat="50.4571124" lon="6.0662705"><ele>265.8</ele><time>2025-06-15T10:16:39Z</time></trkpt>
    <trkpt lat="50.4570868" lon="6.0661208"><ele>266.8</ele><time>2025-06-15T10:16:40Z</time></trkpt>
    <trkpt lat="50.4570739" lon="6.0659883"><ele>266.1</ele><time>2025-06-15T10:16:41Z</time></trkpt>
    <trkpt lat="50.4570548" lon="6.0658551"><ele>266.3</ele><time>2025-06-15T10:16:43Z</time></trkpt>
    <trkpt lat="50.4570221" lon="6.0657230"><ele>266.9</ele><time>2025-06-15T10:16:44Z</time></trkpt>
    <trkpt lat="50.4570097" lon="6.0655718"><ele>266.9</ele><time>2025-06-15T10:16:46Z</time></trkpt>
    <trkpt lat="50.4569516" lon="6.0654301"><ele>266.9</ele><time>2025-06-15T10:16:47Z</time></trkpt>
    <trkpt lat="50.4569515" lon="6.0652761"><ele>266.0</ele><time>2025-06-15T10:16:49Z</time></trkpt>
    <trkpt lat="50.4569219" lon="6.0651255"><ele>266.8</ele><time>2025-06-15T10:16:50Z</time></trkpt>
    <trkpt lat="50.4568750" lon="6.0650256"><ele>266.5</ele><time>2025-06-15T10:16:51Z</time></trkpt>
    <trkpt lat="50.4568470" lon="6.0648908"><ele>266.8</ele><time>2025-06-15T10:16:53Z</time></trkpt>
    <trkpt lat="50.4568340" lon="6.0647828"><ele>267.4</ele><time>2025-06-15T10:16:54Z</time></trkpt>
    <trkpt lat="50.4568395" lon="6.0646389"><ele>267.0</ele><time>2025-06-15T10:16:56Z</time></trkpt>
    <trkpt lat="50.4567760" lon="6.0644946"><ele>266.6</ele><time>2025-06-15T10:16:57Z</time></trkpt>
    <trkpt lat="50.4567503" lon="6.0643384"><ele>266.7</ele><time>2025-06-15T10:16:59Z</time></trkpt>
    <trkpt lat="50.4567397" lon="6.0642525"><ele>267.0</ele><time>2025-06-15T10:17:00Z</time></trkpt>
    <trkpt lat="50.4567061" lon="6.0641122"><ele>267.9</ele><time>2025-06-15T10:17:01Z</time></trkpt>
    <trkpt lat="50.4566780" lon="6.0640010"><ele>267.4</ele><time>2025-06-15T10:17:03Z</time></trkpt>
    <trkpt lat="50.4566467" lon="6.0638172"><ele>267.2</ele><time>2025-06-15T10:17:04Z</time></trkpt>
    <trkpt lat="50.4566463" lon="6.0636568"><ele>267.0</ele><time>2025-06-15T10:17:06Z</time></trkpt>
    <trkpt lat="50.4566087" lon="6.0635357"><ele>267.9</ele><time>2025-06-15T10:17:07Z</time></trkpt>
    <trkpt lat="50.4565888" lon="6.0634028"><ele>267.3</ele><time>2025-06-15T10:17:09Z</time></trkpt>
    <trkpt lat="50.4565538" lon="6.0633077"><ele>267.7</ele><time>2025-06-15T10:17:10Z</time></trkpt>
    <trkpt lat="50.4564988" lon="6.0631437"><ele>268.4</ele><time>2025-06-15T10:17:11Z</time></trkpt>
    <trkpt lat="50.4564718" lon="6.0630002"><ele>267.2</ele><time>2025-06-15T10:17:13Z</time></trkpt>
    <trkpt lat="50.4564622" lon="6.0629438"><ele>268.0</ele><time>2025-06-15T10:17:14Z</time></trkpt>
    <trkpt lat="50.4564651" lon="6.0627542"><ele>268.5</ele><time>2025-06-15T10:17:16Z</time></trkpt>
    <trkpt lat="50.4564078" lon="6.0625875"><ele>268.0</ele><time>2025-06-15T10:17:17Z</time></trkpt>
    <trkpt lat="50.4563653" lon="6.0624518"><ele>268.3</ele><time>2025-06-15T10:17:19Z</time></trkpt>
    <trkpt lat="50.4563513" lon="6.0623141"><ele>268.8</ele><time>2025-06-15T10:17:20Z</time></trkpt>
    <trkpt lat="50.4563322" lon="6.0622511"><ele>268.5</ele><time>2025-06-15T10:17:21Z</time></trkpt>
    <trkpt lat="50.4562964" lon="6.0620458"><ele>268.6</ele><time>2025-06-15T10:17:23Z</time></trkpt>
    <trkpt lat="50.4562890" lon="6.0619197"><ele>267.8</ele><time>2025-06-15T10:17:24Z</time></trkpt>
    <trkpt lat="50.4562758" lon="6.0618229"><ele>268.4</ele><time>2025-06-15T10:17:26Z</time></trkpt>
    <trkpt lat="50.4562141" lon="6.0616888"><ele>268.9</ele><time>2025-06-15T10:17:27Z</time></trkpt>
    <trkpt lat="50.4561802" lon="6.0615201"><ele>269.4</ele><time>2025-06-15T10:17:29Z</time></trkpt>
    <trkpt lat="50.4561842" lon="6.0613905"><ele>268.1</ele><time>2025-06-15T10:17:30Z</time></trkpt>
    <trkpt lat="50.4561260" lon="6.0612260"><ele>268.9</ele><time>2025-06-15T10:17:31Z</time></trkpt>
    <trkpt lat="50.4561447" lon="6.0610986"><ele>269.9</ele><time>2025-06-15T10:17:33Z</time></trkpt>
    <trkpt lat="50.4561030" lon="6.0610122"><ele>269.7</ele><time>2025-06-15T10:17:34Z</time></trkpt>
    <trkpt lat="50.4560781" lon="6.0608471"><ele>268.7</ele><time>2025-06-15T10:17:36Z</time></trkpt>
    <trkpt lat="50.4560384" lon="6.0607199"><ele>269.6</ele><time>2025-06-15T10:17:37Z</time></trkpt>
    <trkpt lat="50.4559793" lon="6.0606012"><ele>269.7</ele><time>2025-06-15T10:17:39Z</time></trkpt>
    <trkpt lat="50.4559848" lon="6.0604489"><ele>270.0</ele><time>2025-06-15T10:17:40Z</time></trkpt>
    <trkpt lat="50.4559537" lon="6.0603333"><ele>268.9</ele><time>2025-06-15T10:17:41Z</time></trkpt>
    <trkpt lat="50.4559336" lon="6.0601883"><ele>269.3</ele><time>2025-06-15T10:17:43Z</time></trkpt>
    <trkpt lat="50.4558882" lon="6.0600640"><ele>268.9</ele><time>2025-06-15T10:17:44Z</time></trkpt>
    <trkpt lat="50.4558719" lon="6.0599065"><ele>269.9</ele><time>2025-06-15T10:17:46Z</time></trkpt>
    <trkpt lat="50.4558473" lon="6.0598137"><ele>269.2</ele><time>2025-06-15T10:17:47Z</time></trkpt>
    <trkpt lat="50.4558362" lon="6.0596290"><ele>270.3</ele><time>2025-06-15T10:17:49Z</time></trkpt>
    <trkpt lat="50.4558168" lon="6.0595213"><ele>270.5</ele><time>2025-06-15T10:17:50Z</time></trkpt>
    <trkpt lat="50.4557688" lon="6.0593980"><ele>269.9</ele><time>2025-06-15T10:17:51Z</time></trkpt>
    <trkpt lat="50.4557526" lon="6.0592439"><ele>269.7</ele><time>2025-06-15T10:17:53Z</time></trkpt>
    <trkpt lat="50.4557088" lon="6.0591586"><ele>270.0</ele><time>2025-06-15T10:17:54Z</time></trkpt>
    <trkpt lat="50.4556991" lon="6.0589769"><ele>269.4</ele><time>2025-06-15T10:17:56Z</time></trkpt>
    <trkpt lat="50.4556568" lon="6.0588506"><ele>270.6</ele><time>2025-06-15T10:17:57Z</time></trkpt>
    <trkpt lat="50.4556620" lon="6.0586857"><ele>270.3</ele><time>2025-06-15T10:17:59Z</time></trkpt>
    <trkpt lat="50.4556125" lon="6.0585643"><ele>269.5</ele><time>2025-06-15T10:18:00Z</time></trkpt>
    <trkpt lat="50.4556164" lon="6.0584446"><ele>270.5</ele><time>2025-06-15T10:18:01Z</time></trkpt>
    <trkpt lat="50.4555643" lon="6.0583413"><ele>270.0</ele><time>2025-06-15T10:18:03Z</time></trkpt>
    <trkpt lat="50.4555518" lon="6.0581760"><ele>271.0</ele><time>2025-06-15T10:18:04Z</time></trkpt>
    <trkpt lat="50.4555224" lon="6.0580364"><ele>270.5</ele><time>2025-06-15T10:18:06Z</time></trkpt>
    <trkpt lat="50.4554976" lon="6.0578968"><ele>270.8</ele><time>2025-06-15T10:18:07Z</time></trkpt>
    <trkpt lat="50.4554394" lon="6.0577770"><ele>271.1</ele><time>2025-06-15T10:18:09Z</time></trkpt>
    <trkpt lat="50.4554369" lon="6.0576471"><ele>271.0</ele><time>2025-06-15T10:18:10Z</time></trkpt>
    <trkpt lat="50.4554326" lon="6.0574925"><ele>271.1</ele><time>2025-06-15T10:18:11Z</time></trkpt>
    <trkpt lat="50.4553724" lon="6.0573511"><ele>271.5</ele><time>2025-06-15T10:18:13Z</time></trkpt>
    <trkpt lat="50.4553368" lon="6.0572403"><ele>271.1</ele><time>2025-06-15T10:18:14Z</time></trkpt>
    <trkpt lat="50.4553293" lon="6.0571310"><ele>271.4</ele><time>2025-06-15T10:18:16Z</time></trkpt>
    <trkpt lat="50.4552798" lon="6.0569495"><ele>271.2</ele><time>2025-06-15T10:18:17Z</time></trkpt>
    <trkpt lat="50.4552778" lon="6.0568042"><ele>270.4</ele><time>2025-06-15T10:18:19Z</time></trkpt>
    <trkpt lat="50.4552453" lon="6.0566854"><ele>270.8</ele><time>2025-06-15T10:18:20Z</time></trkpt>
    <trkpt lat="50.4552228" lon="6.0565592"><ele>271.7</ele><time>2025-06-15T10:18:21Z</time></trkpt>
    <trkpt lat="50.4552110" lon="6.0564272"><ele>270.8</ele><time>2025-06-15T10:18:23Z</time></trkpt>
    <trkpt lat="50.4551662" lon="6.0562851"><ele>270.9</ele><time>2025-06-15T10:18:24Z</time></trkpt>
    <trkpt lat="50.4551563" lon="6.0561504"><ele>271.3</ele><time>2025-06-15T10:18:26Z</time></trkpt>
    <trkpt lat="50.4551207" lon="6.0559738"><ele>272.2</ele><time>2025-06-15T10:18:27Z</time></trkpt>
    <trkpt lat="50.4550935" lon="6.0559194"><ele>271.6</ele><time>2025-06-15T10:18:29Z</time></trkpt>
    <trkpt lat="50.4550776" lon="6.0557851"><ele>270.7</ele><time>2025-06-15T10:18:30Z</time></trkpt>
    <trkpt lat="50.4550365" lon="6.0556014"><ele>272.1</ele><time>2025-06-15T10:18:31Z</time></trkpt>
    <trkpt lat="50.4549929" lon="6.0554559"><ele>271.7</ele><time>2025-06-15T10:18:33Z</time></trkpt>
    <trkpt lat="50.4549840" lon="6.0553287"><ele>271.8</ele><time>2025-06-15T10:18:34Z</time></trkpt>
    <trkpt lat="50.4549569" lon="6.0552031"><ele>271.5</ele><time>2025-06-15T10:18:36Z</time></trkpt>
    <trkpt lat="50.4549299" lon="6.0550968"><ele>271.8</ele><time>2025-06-15T10:18:37Z</time></trkpt>
    <trkpt lat="50.4549394" lon="6.0549468"><ele>272.8</ele><time>2025-06-15T10:18:39Z</time></trkpt>
    <trkpt lat="50.4549067" lon="6.0547997"><ele>272.1</ele><time>2025-06-15T10:18:40Z</time></trkpt>
    <trkpt lat="50.4548339" lon="6.0547019"><ele>272.9</ele><time>2025-06-15T10:18:41Z</time></trkpt>
    <trkpt lat="50.4548042" lon="6.0545207"><ele>271.2</ele><time>2025-06-15T10:18:43Z</time></trkpt>
    <trkpt lat="50.4547747" lon="6.0544400"><ele>272.5</ele><time>2025-06-15T10:18:44Z</time></trkpt>
    <trkpt lat="50.4547611" lon="6.0542702"><ele>272.0</ele><time>2025-06-15T10:18:46Z</time></trkpt>
    <trkpt lat="50.4547556" lon="6.0540978"><ele>272.7</ele><time>2025-06-15T10:18:47Z</time></trkpt>
    <trkpt lat="50.4546845" lon="6.0539914"><ele>272.7</ele><time>2025-06-15T10:18:49Z</time></trkpt>
    <trkpt lat="50.4546946" lon="6.0538632"><ele>272.7</ele><time>2025-06-15T10:18:50Z</time></trkpt>
    <trkpt lat="50.4546761" lon="6.0537121"><ele>273.2</ele><time>2025-06-15T10:18:51Z</time></trkpt>
    <trkpt lat="50.4546470" lon="6.0535657"><ele>272.3</ele><time>2025-06-15T10:18:53Z</time></trkpt>
    <trkpt lat="50.4546031" lon="6.0534982"><ele>272.0</ele><time>2025-06-15T10:18:54Z</time></trkpt>
    <trkpt lat="50.4545777" lon="6.0533523"><ele>271.8</ele><time>2025-06-15T10:18:56Z</time></trkpt>
    <trkpt lat="50.4545629" lon="6.0532032"><ele>273.7</ele><time>2025-06-15T10:18:57Z</time></trkpt>
    <trkpt lat="50.4545435" lon="6.0530219"><ele>272.9</ele><time>2025-06-15T10:18:59Z</time></trkpt>
    <trkpt lat="50.4545011" lon="6.0529035"><ele>272.2</ele><time>2025-06-15T10:19:00Z</time></trkpt>
    <trkpt lat="50.4544844" lon="6.0527486"><ele>272.8</ele><time>2025-06-15T10:19:01Z</time></trkpt>
    <trkpt lat="50.4544584" lon="6.0526512"><ele>272.8</ele><time>2025-06-15T10:19:03Z</time></trkpt>
    <trkpt lat="50.4544340" lon="6.0525229"><ele>273.0</ele><time>2025-06-15T10:19:04Z</time></trkpt>
    <trkpt lat="50.4543818" lon="6.0523709"><ele>273.0</ele><time>2025-06-15T10:19:06Z</time></trkpt>
    <trkpt lat="50.4543586" lon="6.0522114"><ele>273.3</ele><time>2025-06-15T10:19:07Z</time></trkpt>
    <trkpt lat="50.4543572" lon="6.0521228"><ele>272.1</ele><time>2025-06-15T10:19:09Z</time></trkpt>
    <trkpt lat="50.4543054" lon="6.0519852"><ele>273.4</ele><time>2025-06-15T10:19:10Z</time></trkpt>
    <trkpt lat="50.4543022" lon="6.0518515"><ele>273.4</ele><time>2025-06-15T10:19:11Z</time></trkpt>
    <trkpt lat="50.4542695" lon="6.0517412"><ele>273.6</ele><time>2025-06-15T10:19:13Z</time></trkpt>
    <trkpt lat="50.4542110" lon="6.0515123"><ele>273.7</ele><time>2025-06-15T10:19:14Z</time></trkpt>
    <trkpt lat="50.4541843" lon="6.0514178"><ele>273.5</ele><time>2025-06-15T10:19:16Z</time></trkpt>
    <trkpt lat="50.4541851" lon="6.0513330"><ele>273.4</ele><time>2025-06-15T10:19:17Z</time></trkpt>
    <trkpt lat="50.4541560" lon="6.0511665"><ele>273.7</ele><time>2025-06-15T10:19:19Z</time></trkpt>
    <trkpt lat="50.4541252" lon="6.0510170"><ele>273.4</ele><time>2025-06-15T10:19:20Z</time></trkpt>
    <trkpt lat="50.4540848" lon="6.0508936"><ele>273.8</ele><time>2025-06-15T10:19:21Z</time></trkpt>
    <trkpt lat="50.4540820" lon="6.0507763"><ele>274.3</ele><time>2025-06-15T10:19:23Z</time></trkpt>
    <trkpt lat="50.4540382" lon="6.0506250"><ele>273.6</ele><time>2025-06-15T10:19:24Z</time></trkpt>
    <trkpt lat="50.4540191" lon="6.0504827"><ele>273.9</ele><time>2025-06-15T10:19:26Z</time></trkpt>
    <trkpt lat="50.4539944" lon="6.0503692"><ele>273.9</ele><time>2025-06-15T10:19:27Z</time></trkpt>
    <trkpt lat="50.4539654" lon="6.0502388"><ele>273.6</ele><time>2025-06-15T10:19:29Z</time></trkpt>
    <trkpt lat="50.4539435" lon="6.0500878"><ele>273.8</ele><time>2025-06-15T10:19:30Z</time></trkpt>
    <trkpt lat="50.4539109" lon="6.0499615"><ele>274.7</ele><time>2025-06-15T10:19:31Z</time></trkpt>
    <trkpt lat="50.4538727" lon="6.0498059"><ele>274.1</ele><time>2025-06-15T10:19:33Z</time></trkpt>
    <trkpt lat="50.4538672" lon="6.0496831"><ele>274.7</ele><time>2025-06-15T10:19:34Z</time></trkpt>
    <trkpt lat="50.4538365" lon="6.0495775"><ele>273.8</ele><time>2025-06-15T10:19:36Z</time></trkpt>
    <trkpt lat="50.4538185" lon="6.0494229"><ele>274.3</ele><time>2025-06-15T10:19:37Z</time></trkpt>
    <trkpt lat="50.4537610" lon="6.0492902"><ele>275.1</ele><time>2025-06-15T10:19:39Z</time></trkpt>
    <trkpt lat="50.4537251" lon="6.0491674"><ele>274.9</ele><time>2025-06-15T10:19:40Z</time></trkpt>
    <trkpt lat="50.4537163" lon="6.0490036"><ele>274.9</ele><time>2025-06-15T10:19:41Z</time></trkpt>
    <trkpt lat="50.4537260" lon="6.0488846"><ele>274.8</ele><time>2025-06-15T10:19:43Z</time></trkpt>
    <trkpt lat="50.4536820" lon="6.0487662"><ele>274.3</ele><time>2025-06-15T10:19:44Z</time></trkpt>
    <trkpt lat="50.4536376" lon="6.0485702"><ele>274.6</ele><time>2025-06-15T10:19:46Z</time></trkpt>
    <trkpt lat="50.4536315" lon="6.0485042"><ele>274.8</ele><time>2025-06-15T10:19:47Z</time></trkpt>
    <trkpt lat="50.4536154" lon="6.0483552"><ele>275.2</ele><time>2025-06-15T10:19:49Z</time></trkpt>
    <trkpt lat="50.4535733" lon="6.0482098"><ele>275.6</ele><time>2025-06-15T10:19:50Z</time></trkpt>
    <trkpt lat="50.4535236" lon="6.0480833"><ele>274.6</ele><time>2025-06-15T10:19:51Z</time></trkpt>
    <trkpt lat="50.4535084" lon="6.0479319"><ele>275.5</ele><time>2025-06-15T10:19:53Z</time></trkpt>
    <trkpt lat="50.4534803" lon="6.0478169"><ele>274.9</ele><time>2025-06-15T10:19:54Z</time></trkpt>
    <trkpt lat="50.4534993" lon="6.0476403"><ele>275.0</ele><time>2025-06-15T10:19:56Z</time></trkpt>
    <trkpt lat="50.4534416" lon="6.0475484"><ele>275.1</ele><time>2025-06-15T10:19:57Z</time></trkpt>
    <trkpt lat="50.4533972" lon="6.0473825"><ele>275.3</ele><time>2025-06-15T10:19:59Z</time></trkpt>
    <trkpt lat="50.4533920" lon="6.0472940"><ele>275.5</ele><time>2025-06-15T10:20:00Z</time></trkpt>
    <trkpt lat="50.4533526" lon="6.0471496"><ele>275.6</ele><time>2025-06-15T10:20:01Z</time></trkpt>
    <trkpt lat="50.4533286" lon="6.0470179"><ele>275.5</ele><time>2025-06-15T10:20:03Z</time></trkpt>
    <trkpt lat="50.4532879" lon="6.0468382"><ele>275.7</ele><time>2025-06-15T10:20:04Z</time></trkpt>
    <trkpt lat="50.4532664" lon="6.0467517"><ele>275.4</ele><time>2025-06-15T10:20:06Z</time></trkpt>
    <trkpt lat="50.4532333" lon="6.0465717"><ele>275.5</ele><time>2025-06-15T10:20:07Z</time></trkpt>
    <trkpt lat="50.4532241" lon="6.0465051"><ele>275.8</ele><time>2025-06-15T10:20:09Z</time></trkpt>
    <trkpt lat="50.4531903" lon="6.0463463"><ele>275.9</ele><time>2025-06-15T10:20:10Z</time></trkpt>
    <trkpt lat="50.4531558" lon="6.0462253"><ele>275.8</ele><time>2025-06-15T10:20:11Z</time></trkpt>
    <trkpt lat="50.4531543" lon="6.0460522"><ele>275.6</ele><time>2025-06-15T10:20:13Z</time></trkpt>
    <trkpt lat="50.4531135" lon="6.0459036"><ele>276.2</ele><time>2025-06-15T10:20:14Z</time></trkpt>
    <trkpt lat="50.4530894" lon="6.0457568"><ele>276.0</ele><time>2025-06-15T10:20:16Z</time></trkpt>
    <trkpt lat="50.4530629" lon="6.0456416"><ele>275.5</ele><time>2025-06-15T10:20:17Z</time></trkpt>
    <trkpt lat="50.4530236" lon="6.0455484"><ele>276.4</ele><time>2025-06-15T10:20:19Z</time></trkpt>
    <trkpt lat="50.4530307" lon="6.0453719"><ele>276.4</ele><time>2025-06-15T10:20:20Z</time></trkpt>
    <trkpt lat="50.4529949" lon="6.0452172"><ele>276.4</ele><time>2025-06-15T10:20:21Z</time></trkpt>
    <trkpt lat="50.4529479" lon="6.0450852"><ele>276.0</ele><time>2025-06-15T10:20:23Z</time></trkpt>
    <trkpt lat="50.4529388" lon="6.0450199"><ele>276.1</ele><time>2025-06-15T10:20:24Z</time></trkpt>
    <trkpt lat="50.4529096" lon="6.0448542"><ele>275.8</ele><time>2025-06-15T10:20:26Z</time></trkpt>
    <trkpt lat="50.4528960" lon="6.0447113"><ele>276.6</ele><time>2025-06-15T10:20:27Z</time></trkpt>
    <trkpt lat="50.4528705" lon="6.0446020"><ele>275.8</ele><time>2025-06-15T10:20:29Z</time></trkpt>
    <trkpt lat="50.4528654" lon="6.0444178"><ele>276.1</ele><time>2025-06-15T10:20:30Z</time></trkpt>
    <trkpt lat="50.4528164" lon="6.0443258"><ele>276.6</ele><time>2025-06-15T10:20:31Z</time></trkpt>
    <trkpt lat="50.4527673" lon="6.0441950"><ele>275.9</ele><time>2025-06-15T10:20:33Z</time></trkpt>
    <trkpt lat="50.4527663" lon="6.0440601"><ele>277.7</ele><time>2025-06-15T10:20:34Z</time></trkpt>
    <trkpt lat="50.4527120" lon="6.0439353"><ele>276.9</ele><time>2025-06-15T10:20:36Z</time></trkpt>
    <trkpt lat="50.4527247" lon="6.0437811"><ele>276.9</ele><time>2025-06-15T10:20:37Z</time></trkpt>
    <trkpt lat="50.4526805" lon="6.0436471"><ele>276.0</ele><time>2025-06-15T10:20:39Z</time></trkpt>
    <trkpt lat="50.4526512" lon="6.0435182"><ele>276.1</ele><time>2025-06-15T10:20:40Z</time></trkpt>
    <trkpt lat="50.4526453" lon="6.0433608"><ele>276.6</ele><time>2025-06-15T10:20:41Z</time></trkpt>
    <trkpt lat="50.4526013" lon="6.0432221"><ele>276.2</ele><time>2025-06-15T10:20:43Z</time></trkpt>
    <trkpt lat="50.4525596" lon="6.0431120"><ele>277.1</ele><time>2025-06-15T10:20:44Z</time></trkpt>
    <trkpt lat="50.4525308" lon="6.0429523"><ele>276.4</ele><time>2025-06-15T10:20:46Z</time></trkpt>
    <trkpt lat="50.4524891" lon="6.0428488"><ele>276.9</ele><time>2025-06-15T10:20:47Z</time></trkpt>
    <trkpt lat="50.4524949" lon="6.0426848"><ele>277.6</ele><time>2025-06-15T10:20:49Z</time></trkpt>
    <trkpt lat="50.4524543" lon="6.0425526"><ele>277.3</ele><time>2025-06-15T10:20:50Z</time></trkpt>
    <trkpt lat="50.4524253" lon="6.0423961"><ele>277.0</ele><time>2025-06-15T10:20:51Z</time></trkpt>
    <trkpt lat="50.4523875" lon="6.0422758"><ele>277.9</ele><time>2025-06-15T10:20:53Z</time></trkpt>
    <trkpt lat="50.4523859" lon="6.0421667"><ele>276.7</ele><time>2025-06-15T10:20:54Z</time></trkpt>
    <trkpt lat="50.4523477" lon="6.0420592"><ele>277.4</ele><time>2025-06-15T10:20:56Z</time></trkpt>
    <trkpt lat="50.4523302" lon="6.0418822"><ele>278.1</ele><time>2025-06-15T10:20:57Z</time></trkpt>
    <trkpt lat="50.4522786" lon="6.0417647"><ele>276.7</ele><time>2025-06-15T10:20:59Z</time></trkpt>
    <trkpt lat="50.4522749" lon="6.0415893"><ele>277.6</ele><time>2025-06-15T10:21:00Z</time></trkpt>
    <trkpt lat="50.4522363" lon="6.0414740"><ele>277.3</ele><time>2025-06-15T10:21:01Z</time></trkpt>
    <trkpt lat="50.4522283" lon="6.0413595"><ele>277.4</ele><time>2025-06-15T10:21:03Z</time></trkpt>
    <trkpt lat="50.4522265" lon="6.0412129"><ele>277.7</ele><time>2025-06-15T10:21:04Z</time></trkpt>
    <trkpt lat="50.4521495" lon="6.0411101"><ele>276.2</ele><time>2025-06-15T10:21:06Z</time></trkpt>
    <trkpt lat="50.4521475" lon="6.0409592"><ele>277.4</ele><time>2025-06-15T10:21:07Z</time></trkpt>
    <trkpt lat="50.4521020" lon="6.0408296"><ele>277.3</ele><time>2025-06-15T10:21:09Z</time></trkpt>
    <trkpt lat="50.4520713" lon="6.0406701"><ele>277.0</ele><time>2025-06-15T10:21:10Z</time></trkpt>
    <trkpt lat="50.4520604" lon="6.0405368"><ele>278.1</ele><time>2025-06-15T10:21:11Z</time></trkpt>
    <trkpt lat="50.4520049" lon="6.0404220"><ele>277.7</ele><time>2025-06-15T10:21:13Z</time></trkpt>
    <trkpt lat="50.4519858" lon="6.0402642"><ele>277.4</ele><time>2025-06-15T10:21:14Z</time></trkpt>
    <trkpt lat="50.4519538" lon="6.0401200"><ele>278.2</ele><time>2025-06-15T10:21:16Z</time></trkpt>
    <trkpt lat="50.4519607" lon="6.0400150"><ele>277.4</ele><time>2025-06-15T10:21:17Z</time></trkpt>
    <trkpt lat="50.4519520" lon="6.0398264"><ele>278.0</ele><time>2025-06-15T10:21:19Z</time></trkpt>
    <trkpt lat="50.4518962" lon="6.0397474"><ele>278.2</ele><time>2025-06-15T10:21:20Z</time></trkpt>
    <trkpt lat="50.4518983" lon="6.0396204"><ele>278.1</ele><time>2025-06-15T10:21:21Z</time></trkpt>
    <trkpt lat="50.4518490" lon="6.0394585"><ele>278.5</ele><time>2025-06-15T10:21:23Z</time></trkpt>
    <trkpt lat="50.4518516" lon="6.0393389"><ele>278.7</ele><time>2025-06-15T10:21:24Z</time></trkpt>
    <trkpt lat="50.4518026" lon="6.0392281"><ele>277.8</ele><time>2025-06-15T10:21:26Z</time></trkpt>
    <trkpt lat="50.4517686" lon="6.0390713"><ele>277.9</ele><time>2025-06-15T10:21:27Z</time></trkpt>
    <trkpt lat="50.4517486" lon="6.0389299"><ele>278.4</ele><time>2025-06-15T10:21:29Z</time></trkpt>
    <trkpt lat="50.4517257" lon="6.0387760"><ele>278.9</ele><time>2025-06-15T10:21:30Z</time></trkpt>
    <trkpt lat="50.4516867" lon="6.0386253"><ele>278.4</ele><time>2025-06-15T10:21:31Z</time></trkpt>
    <trkpt lat="50.4516727" lon="6.0385233"><ele>277.9</ele><time>2025-06-15T10:21:33Z</time></trkpt>
    <trkpt lat="50.4516480" lon="6.0383729"><ele>277.9</ele><time>2025-06-15T10:21:34Z</time></trkpt>
    <trkpt lat="50.4516167" lon="6.0382571"><ele>277.8</ele><time>2025-06-15T10:21:36Z</time></trkpt>
    <trkpt lat="50.4515862" lon="6.0381484"><ele>277.4</ele><time>2025-06-15T10:21:37Z</time></trkpt>
    <trkpt lat="50.4515711" lon="6.0379694"><ele>278.6</ele><time>2025-06-15T10:21:39Z</time></trkpt>
    <trkpt lat="50.4515417" lon="6.0378273"><ele>277.7</ele><time>2025-06-15T10:21:40Z</time></trkpt>
    <trkpt lat="50.4515050" lon="6.0377353"><ele>278.6</ele><time>2025-06-15T10:21:41Z</time></trkpt>
    <trkpt lat="50.4514802" lon="6.0375832"><ele>278.4</ele><time>2025-06-15T10:21:43Z</time></trkpt>
    <trkpt lat="50.4514510" lon="6.0373916"><ele>277.7</ele><time>2025-06-15T10:21:44Z</time></trkpt>
    <trkpt lat="50.4514167" lon="6.0372906"><ele>278.5</ele><time>2025-06-15T10:21:46Z</time></trkpt>
    <trkpt lat="50.4514023" lon="6.0371868"><ele>278.6</ele><time>2025-06-15T10:21:47Z</time></trkpt>
    <trkpt lat="50.4513878" lon="6.0370267"><ele>277.4</ele><time>2025-06-15T10:21:49Z</time></trkpt>
    <trkpt lat="50.4513462" lon="6.0369377"><ele>278.8</ele><time>2025-06-15T10:21:50Z</time></trkpt>
    <trkpt lat="50.4513485" lon="6.0367926"><ele>278.5</ele><time>2025-06-15T10:21:51Z</time></trkpt>
    <trkpt lat="50.4513064" lon="6.0366577"><ele>278.9</ele><time>2025-06-15T10:21:53Z</time></trkpt>
    <trkpt lat="50.4512709" lon="6.0365153"><ele>278.7</ele><time>2025-06-15T10:21:54Z</time></trkpt>
    <trkpt lat="50.4512177" lon="6.0363583"><ele>278.8</ele><time>2025-06-15T10:21:56Z</time></trkpt>
    <trkpt lat="50.4512076" lon="6.0362586"><ele>278.1</ele><time>2025-06-15T10:21:57Z</time></trkpt>
    <trkpt lat="50.4511775" lon="6.0360924"><ele>278.7</ele><time>2025-06-15T10:21:59Z</time></trkpt>
    <trkpt lat="50.4511457" lon="6.0359540"><ele>278.8</ele><time>2025-06-15T10:22:00Z</time></trkpt>
    <trkpt lat="50.4511580" lon="6.0358757"><ele>277.9</ele><time>2025-06-15T10:22:01Z</time></trkpt>
    <trkpt lat="50.4510966" lon="6.0357035"><ele>279.2</ele><time>2025-06-15T10:22:03Z</time></trkpt>
    <trkpt lat="50.4510605" lon="6.0355772"><ele>278.7</ele><time>2025-06-15T10:22:04Z</time></trkpt>
    <trkpt lat="50.4510554" lon="6.0354729"><ele>279.0</ele><time>2025-06-15T10:22:06Z</time></trkpt>
    <trkpt lat="50.4510181" lon="6.0352751"><ele>278.5</ele><time>2025-06-15T10:22:07Z</time></trkpt>
    <trkpt lat="50.4509981" lon="6.0351813"><ele>278.7</ele><time>2025-06-15T10:22:09Z</time></trkpt>
    <trkpt lat="50.4509881" lon="6.0349882"><ele>279.3</ele><time>2025-06-15T10:22:10Z</time></trkpt>
    <trkpt lat="50.4509298" lon="6.0348736"><ele>279.1</ele><time>2025-06-15T10:22:11Z</time></trkpt>
    <trkpt lat="50.4509463" lon="6.0347229"><ele>278.8</ele><time>2025-06-15T10:22:13Z</time></trkpt>
    <trkpt lat="50.4508637" lon="6.0346280"><ele>278.5</ele><time>2025-06-15T10:22:14Z</time></trkpt>
    <trkpt lat="50.4508420" lon="6.0344749"><ele>279.5</ele><time>2025-06-15T10:22:16Z</time></trkpt>
    <trkpt lat="50.4508219" lon="6.0343830"><ele>279.6</ele><time>2025-06-15T10:22:17Z</time></trkpt>
    <trkpt lat="50.4507938" lon="6.0342012"><ele>279.6</ele><time>2025-06-15T10:22:19Z</time></trkpt>
    <trkpt lat="50.4507775" lon="6.0340886"><ele>279.0</ele><time>2025-06-15T10:22:20Z</time></trkpt>
    <trkpt lat="50.4507705" lon="6.0339596"><ele>278.9</ele><time>2025-06-15T10:22:21Z</time></trkpt>
    <trkpt lat="50.4507504" lon="6.0338274"><ele>278.1</ele><time>2025-06-15T10:22:23Z</time></trkpt>
    <trkpt lat="50.4507032" lon="6.0336804"><ele>278.4</ele><time>2025-06-15T10:22:24Z</time></trkpt>
    <trkpt lat="50.4506837" lon="6.0335483"><ele>279.4</ele><time>2025-06-15T10:22:26Z</time></trkpt>
    <trkpt lat="50.4506510" lon="6.0334338"><ele>279.6</ele><time>2025-06-15T10:22:27Z</time></trkpt>
    <trkpt lat="50.4506288" lon="6.0332956"><ele>280.0</ele><time>2025-06-15T10:22:29Z</time></trkpt>
    <trkpt lat="50.4506141" lon="6.0331499"><ele>279.6</ele><time>2025-06-15T10:22:30Z</time></trkpt>
    <trkpt lat="50.4505669" lon="6.0329744"><ele>279.4</ele><time>2025-06-15T10:22:31Z</time></trkpt>
    <trkpt lat="50.4505661" lon="6.0329224"><ele>278.9</ele><time>2025-06-15T10:22:33Z</time></trkpt>
    <trkpt lat="50.4505128" lon="6.0327533"><ele>279.1</ele><time>2025-06-15T10:22:34Z</time></trkpt>
    <trkpt lat="50.4505034" lon="6.0326365"><ele>279.4</ele><time>2025-06-15T10:22:36Z</time></trkpt>
    <trkpt lat="50.4504638" lon="6.0324411"><ele>279.5</ele><time>2025-06-15T10:22:37Z</time></trkpt>
    <trkpt lat="50.4504361" lon="6.0323334"><ele>279.3</ele><time>2025-06-15T10:22:39Z</time></trkpt>
    <trkpt lat="50.4504384" lon="6.0321750"><ele>279.2</ele><time>2025-06-15T10:22:40Z</time></trkpt>
    <trkpt lat="50.4503983" lon="6.0321003"><ele>279.5</ele><time>2025-06-15T10:22:41Z</time></trkpt>
    <trkpt lat="50.4503732" lon="6.0319170"><ele>279.6</ele><time>2025-06-15T10:22:43Z</time></trkpt>
    <trkpt lat="50.4503192" lon="6.0318171"><ele>279.6</ele><time>2025-06-15T10:22:44Z</time></trkpt>
    <trkpt lat="50.4502874" lon="6.0316733"><ele>279.7</ele><time>2025-06-15T10:22:46Z</time></trkpt>
    <trkpt lat="50.4502580" lon="6.0315666"><ele>280.1</ele><time>2025-06-15T10:22:47Z</time></trkpt>
    <trkpt lat="50.4502542" lon="6.0313568"><ele>279.6</ele><time>2025-06-15T10:22:49Z</time></trkpt>
    <trkpt lat="50.4502224" lon="6.0312421"><ele>279.3</ele><time>2025-06-15T10:22:50Z</time></trkpt>
    <trkpt lat="50.4501986" lon="6.0311171"><ele>280.1</ele><time>2025-06-15T10:22:51Z</time></trkpt>
    <trkpt lat="50.4501789" lon="6.0309673"><ele>279.1</ele><time>2025-06-15T10:22:53Z</time></trkpt>
    <trkpt lat="50.4501480" lon="6.0308267"><ele>279.8</ele><time>2025-06-15T10:22:54Z</time></trkpt>
    <trkpt lat="50.4501356" lon="6.0306970"><ele>279.5</ele><time>2025-06-15T10:22:56Z</time></trkpt>
    <trkpt lat="50.4501001" lon="6.0305604"><ele>279.2</ele><time>2025-06-15T10:22:57Z</time></trkpt>
    <trkpt lat="50.4500790" lon="6.0304669"><ele>279.0</ele><time>2025-06-15T10:22:59Z</time></trkpt>
    <trkpt lat="50.4500504" lon="6.0303198"><ele>280.1</ele><time>2025-06-15T10:23:00Z</time></trkpt>
    <trkpt lat="50.4500023" lon="6.0301795"><ele>279.2</ele><time>2025-06-15T10:23:01Z</time></trkpt>
    <trkpt lat="50.4499696" lon="6.0300598"><ele>280.6</ele><time>2025-06-15T10:23:03Z</time></trkpt>
    <trkpt lat="50.4499574" lon="6.0299456"><ele>279.5</ele><time>2025-06-15T10:23:04Z</time></trkpt>
    <trkpt lat="50.4499217" lon="6.0297855"><ele>279.9</ele><time>2025-06-15T10:23:06Z</time></trkpt>
    <trkpt lat="50.4498989" lon="6.0296335"><ele>279.6</ele><time>2025-06-15T10:23:07Z</time></trkpt>
    <trkpt lat="50.4498864" lon="6.0295092"><ele>279.4</ele><time>2025-06-15T10:23:09Z</time></trkpt>
    <trkpt lat="50.4498778" lon="6.0293923"><ele>279.4</ele><time>2025-06-15T10:23:10Z</time></trkpt>
    <trkpt lat="50.4498308" lon="6.0291956"><ele>280.0</ele><time>2025-06-15T10:23:11Z</time></trkpt>
    <trkpt lat="50.4497870" lon="6.0290980"><ele>279.6</ele><time>2025-06-15T10:23:13Z</time></trkpt>
    <trkpt lat="50.4497851" lon="6.0289685"><ele>279.8</ele><time>2025-06-15T10:23:14Z</time></trkpt>
    <trkpt lat="50.4497733" lon="6.0288413"><ele>280.2</ele><time>2025-06-15T10:23:16Z</time></trkpt>
    <trkpt lat="50.4497160" lon="6.0287393"><ele>279.9</ele><time>2025-06-15T10:23:17Z</time></trkpt>
    <trkpt lat="50.4497030" lon="6.0285762"><ele>279.8</ele><time>2025-06-15T10:23:19Z</time></trkpt>
    <trkpt lat="50.4496781" lon="6.0284140"><ele>279.3</ele><time>2025-06-15T10:23:20Z</time></trkpt>
    <trkpt lat="50.4496435" lon="6.0283149"><ele>279.8</ele><time>2025-06-15T10:23:21Z</time></trkpt>
    <trkpt lat="50.4495933" lon="6.0281683"><ele>280.0</ele><time>2025-06-15T10:23:23Z</time></trkpt>
    <trkpt lat="50.4495768" lon="6.0280171"><ele>279.6</ele><time>2025-06-15T10:23:24Z</time></trkpt>
    <trkpt lat="50.4495505" lon="6.0278913"><ele>280.0</ele><time>2025-06-15T10:23:26Z</time></trkpt>
    <trkpt lat="50.4495424" lon="6.0277451"><ele>280.2</ele><time>2025-06-15T10:23:27Z</time></trkpt>
    <trkpt lat="50.4495236" lon="6.0276240"><ele>279.5</ele><time>2025-06-15T10:23:29Z</time></trkpt>
    <trkpt lat="50.4494689" lon="6.0274842"><ele>280.2</ele><time>2025-06-15T10:23:30Z</time></trkpt>
    <trkpt lat="50.4494588" lon="6.0273577"><ele>279.9</ele><time>2025-06-15T10:23:31Z</time></trkpt>
    <trkpt lat="50.4494503" lon="6.0272147"><ele>279.5</ele><time>2025-06-15T10:23:33Z</time></trkpt>
    <trkpt lat="50.4494064" lon="6.0270850"><ele>280.3</ele><time>2025-06-15T10:23:34Z</time></trkpt>
    <trkpt lat="50.4493990" lon="6.0269399"><ele>279.8</ele><time>2025-06-15T10:23:36Z</time></trkpt>
    <trkpt lat="50.4493729" lon="6.0268251"><ele>279.9</ele><time>2025-06-15T10:23:37Z</time></trkpt>
    <trkpt lat="50.4493220" lon="6.0266657"><ele>279.9</ele><time>2025-06-15T10:23:39Z</time></trkpt>
    <trkpt lat="50.4493110" lon="6.0265619"><ele>280.0</ele><time>2025-06-15T10:23:40Z</time></trkpt>
    <trkpt lat="50.4492580" lon="6.0264278"><ele>280.4</ele><time>2025-06-15T10:23:41Z</time></trkpt>
    <trkpt lat="50.4492405" lon="6.0262926"><ele>280.3</ele><time>2025-06-15T10:23:43Z</time></trkpt>
    <trkpt lat="50.4492112" lon="6.0261328"><ele>280.2</ele><time>2025-06-15T10:23:44Z</time></trkpt>
    <trkpt lat="50.4491948" lon="6.0260080"><ele>280.1</ele><time>2025-06-15T10:23:46Z</time></trkpt>
    <trkpt lat="50.4491639" lon="6.0258469"><ele>279.6</ele><time>2025-06-15T10:23:47Z</time></trkpt>
    <trkpt lat="50.4491375" lon="6.0257445"><ele>280.0</ele><time>2025-06-15T10:23:49Z</time></trkpt>
    <trkpt lat="50.4491019" lon="6.0256350"><ele>279.4</ele><time>2025-06-15T10:23:50Z</time></trkpt>
    <trkpt lat="50.4490918" lon="6.0255224"><ele>279.8</ele><time>2025-06-15T10:23:51Z</time></trkpt>
    <trkpt lat="50.4490526" lon="6.0253261"><ele>280.2</ele><time>2025-06-15T10:23:53Z</time></trkpt>
    <trkpt lat="50.4490438" lon="6.0251963"><ele>279.8</ele><time>2025-06-15T10:23:54Z</time></trkpt>
    <trkpt lat="50.4490268" lon="6.0250692"><ele>279.5</ele><time>2025-06-15T10:23:56Z</time></trkpt>
    <trkpt lat="50.4489640" lon="6.0249638"><ele>280.1</ele><time>2025-06-15T10:23:57Z</time></trkpt>
    <trkpt lat="50.4489639" lon="6.0248154"><ele>279.4</ele><time>2025-06-15T10:23:59Z</time></trkpt>
    <trkpt lat="50.4489206" lon="6.0246234"><ele>279.8</ele><time>2025-06-15T10:24:00Z</time></trkpt>
    <trkpt lat="50.4488949" lon="6.0245750"><ele>280.3</ele><time>2025-06-15T10:24:01Z</time></trkpt>
    <trkpt lat="50.4488490" lon="6.0244412"><ele>280.1</ele><time>2025-06-15T10:24:03Z</time></trkpt>
    <trkpt lat="50.4488467" lon="6.0242722"><ele>279.7</ele><time>2025-06-15T10:24:04Z</time></trkpt>
    <trkpt lat="50.4488504" lon="6.0241229"><ele>279.8</ele><time>2025-06-15T10:24:06Z</time></trkpt>
    <trkpt lat="50.4488280" lon="6.0239980"><ele>280.2</ele><time>2025-06-15T10:24:07Z</time></trkpt>
    <trkpt lat="50.4487699" lon="6.0238343"><ele>280.3</ele><time>2025-06-15T10:24:09Z</time></trkpt>
    <trkpt lat="50.4487469" lon="6.0236884"><ele>280.3</ele><time>2025-06-15T10:24:10Z</time></trkpt>
    <trkpt lat="50.4486974" lon="6.0235907"><ele>280.1</ele><time>2025-06-15T10:24:11Z</time></trkpt>
    <trkpt lat="50.4486983" lon="6.0234483"><ele>280.1</ele><time>2025-06-15T10:24:13Z</time></trkpt>
    <trkpt lat="50.4486805" lon="6.0233198"><ele>279.2</ele><time>2025-06-15T10:24:14Z</time></trkpt>
    <trkpt lat="50.4486394" lon="6.0232117"><ele>280.3</ele><time>2025-06-15T10:24:16Z</time></trkpt>
    <trkpt lat="50.4486146" lon="6.0230612"><ele>279.3</ele><time>2025-06-15T10:24:17Z</time></trkpt>
    <trkpt lat="50.4485873" lon="6.0229074"><ele>280.1</ele><time>2025-06-15T10:24:19Z</time></trkpt>
    <trkpt lat="50.4485693" lon="6.0227686"><ele>280.7</ele><time>2025-06-15T10:24:20Z</time></trkpt>
    <trkpt lat="50.4485511" lon="6.0226444"><ele>280.4</ele><time>2025-06-15T10:24:21Z</time></trkpt>
    <trkpt lat="50.4485062" lon="6.0224984"><ele>279.9</ele><time>2025-06-15T10:24:23Z</time></trkpt>
    <trkpt lat="50.4484736" lon="6.0223909"><ele>279.9</ele><time>2025-06-15T10:24:24Z</time></trkpt>
    <trkpt lat="50.4484313" lon="6.0222494"><ele>279.5</ele><time>2025-06-15T10:24:26Z</time></trkpt>
    <trkpt lat="50.4484234" lon="6.0221309"><ele>280.2</ele><time>2025-06-15T10:24:27Z</time></trkpt>
    <trkpt lat="50.4483918" lon="6.0219792"><ele>280.4</ele><time>2025-06-15T10:24:29Z</time></trkpt>
    <trkpt lat="50.4483523" lon="6.0218686"><ele>280.5</ele><time>2025-06-15T10:24:30Z</time></trkpt>
    <trkpt lat="50.4483424" lon="6.0217117"><ele>280.5</ele><time>2025-06-15T10:24:31Z</time></trkpt>
    <trkpt lat="50.4483223" lon="6.0215323"><ele>280.9</ele><time>2025-06-15T10:24:33Z</time></trkpt>
    <trkpt lat="50.4483063" lon="6.0214448"><ele>279.7</ele><time>2025-06-15T10:24:34Z</time></trkpt>
    <trkpt lat="50.4482784" lon="6.0212910"><ele>279.2</ele><time>2025-06-15T10:24:36Z</time></trkpt>
    <trkpt lat="50.4482158" lon="6.0211678"><ele>280.5</ele><time>2025-06-15T10:24:37Z</time></trkpt>
    <trkpt lat="50.4481875" lon="6.0210487"><ele>279.3</ele><time>2025-06-15T10:24:39Z</time></trkpt>
    <trkpt lat="50.4481740" lon="6.0208981"><ele>281.1</ele><time>2025-06-15T10:24:40Z</time></trkpt>
    <trkpt lat="50.4481490" lon="6.0207912"><ele>280.1</ele><time>2025-06-15T10:24:41Z</time></trkpt>
    <trkpt lat="50.4481226" lon="6.0206572"><ele>280.1</ele><time>2025-06-15T10:24:43Z</time></trkpt>
    <trkpt lat="50.4480998" lon="6.0205465"><ele>280.1</ele><time>2025-06-15T10:24:44Z</time></trkpt>
    <trkpt lat="50.4480962" lon="6.0203543"><ele>279.6</ele><time>2025-06-15T10:24:46Z</time></trkpt>
    <trkpt lat="50.4480401" lon="6.0202394"><ele>280.7</ele><time>2025-06-15T10:24:47Z</time></trkpt>
    <trkpt lat="50.4480485" lon="6.0200784"><ele>279.7</ele><time>2025-06-15T10:24:49Z</time></trkpt>
    <trkpt lat="50.4479890" lon="6.0199268"><ele>280.2</ele><time>2025-06-15T10:24:50Z</time></trkpt>
    <trkpt lat="50.4479785" lon="6.0198049"><ele>279.5</ele><time>2025-06-15T10:24:51Z</time></trkpt>
    <trkpt lat="50.4479365" lon="6.0196543"><ele>279.6</ele><time>2025-06-15T10:24:53Z</time></trkpt>
    <trkpt lat="50.4479190" lon="6.0195265"><ele>279.7</ele><time>2025-06-15T10:24:54Z</time></trkpt>
    <trkpt lat="50.4479050" lon="6.0193951"><ele>279.7</ele><time>2025-06-15T10:24:56Z</time></trkpt>
    <trkpt lat="50.4478662" lon="6.0192762"><ele>279.0</ele><time>2025-06-15T10:24:57Z</time></trkpt>
    <trkpt lat="50.4478515" lon="6.0191580"><ele>280.4</ele><time>2025-06-15T10:24:59Z</time></trkpt>
    <trkpt lat="50.4478195" lon="6.0190135"><ele>279.8</ele><time>2025-06-15T10:25:00Z</time></trkpt>
    <trkpt lat="50.4477857" lon="6.0188975"><ele>280.1</ele><time>2025-06-15T10:25:01Z</time></trkpt>
    <trkpt lat="50.4477716" lon="6.0187696"><ele>279.1</ele><time>2025-06-15T10:25:03Z</time></trkpt>
    <trkpt lat="50.4477376" lon="6.0186162"><ele>279.7</ele><time>2025-06-15T10:25:04Z</time></trkpt>
    <trkpt lat="50.4477000" lon="6.0184593"><ele>279.6</ele><time>2025-06-15T10:25:06Z</time></trkpt>
    <trkpt lat="50.4476881" lon="6.0183468"><ele>279.9</ele><time>2025-06-15T10:25:07Z</time></trkpt>
    <trkpt lat="50.4476637" lon="6.0182377"><ele>279.8</ele><time>2025-06-15T10:25:09Z</time></trkpt>
    <trkpt lat="50.4476162" lon="6.0180820"><ele>280.1</ele><time>2025-06-15T10:25:10Z</time></trkpt>
    <trkpt lat="50.4476125" lon="6.0179537"><ele>279.2</ele><time>2025-06-15T10:25:12Z</time></trkpt>
    <trkpt lat="50.4475896" lon="6.0177753"><ele>278.9</ele><time>2025-06-15T10:25:13Z</time></trkpt>
    <trkpt lat="50.4475617" lon="6.0176368"><ele>280.2</ele><time>2025-06-15T10:25:14Z</time></trkpt>
    <trkpt lat="50.4475105" lon="6.0175531"><ele>280.2</ele><time>2025-06-15T10:25:16Z</time></trkpt>
    <trkpt lat="50.4475310" lon="6.0174193"><ele>279.3</ele><time>2025-06-15T10:25:17Z</time></trkpt>
    <trkpt lat="50.4474594" lon="6.0172760"><ele>280.1</ele><time>2025-06-15T10:25:19Z</time></trkpt>
    <trkpt lat="50.4474472" lon="6.0171434"><ele>279.6</ele><time>2025-06-15T10:25:20Z</time></trkpt>
    <trkpt lat="50.4474234" lon="6.0170340"><ele>279.4</ele><time>2025-06-15T10:25:22Z</time></trkpt>
    <trkpt lat="50.4473834" lon="6.0168254"><ele>279.3</ele><time>2025-06-15T10:25:23Z</time></trkpt>
    <trkpt lat="50.4473864" lon="6.0167566"><ele>279.7</ele><time>2025-06-15T10:25:24Z</time></trkpt>
    <trkpt lat="50.4473356" lon="6.0166380"><ele>279.8</ele><time>2025-06-15T10:25:26Z</time></trkpt>
    <trkpt lat="50.4473243" lon="6.0164675"><ele>279.6</ele><time>2025-06-15T10:25:27Z</time></trkpt>
    <trkpt lat="50.4472935" lon="6.0163443"><ele>279.0</ele><time>2025-06-15T10:25:29Z</time></trkpt>
    <trkpt lat="50.4472426" lon="6.0161661"><ele>279.7</ele><time>2025-06-15T10:25:30Z</time></trkpt>
    <trkpt lat="50.4472327" lon="6.0160606"><ele>279.4</ele><time>2025-06-15T10:25:32Z</time></trkpt>
    <trkpt lat="50.4471784" lon="6.0159224"><ele>279.9</ele><time>2025-06-15T10:25:33Z</time></trkpt>
    <trkpt lat="50.4471954" lon="6.0158016"><ele>279.8</ele><time>2025-06-15T10:25:34Z</time></trkpt>
    <trkpt lat="50.4471552" lon="6.0156087"><ele>279.5</ele><time>2025-06-15T10:25:36Z</time></trkpt>
    <trkpt lat="50.4471223" lon="6.0154851"><ele>279.8</ele><time>2025-06-15T10:25:37Z</time></trkpt>
    <trkpt lat="50.4470998" lon="6.0153769"><ele>279.1</ele><time>2025-06-15T10:25:39Z</time></trkpt>
    <trkpt lat="50.4470701" lon="6.0152071"><ele>278.7</ele><time>2025-06-15T10:25:40Z</time></trkpt>
    <trkpt lat="50.4470504" lon="6.0151253"><ele>279.1</ele><time>2025-06-15T10:25:42Z</time></trkpt>
    <trkpt lat="50.4470130" lon="6.0149731"><ele>279.4</ele><time>2025-06-15T10:25:43Z</time></trkpt>
    <trkpt lat="50.4469750" lon="6.0148424"><ele>279.1</ele><time>2025-06-15T10:25:44Z</time></trkpt>
    <trkpt lat="50.4469651" lon="6.0147359"><ele>279.4</ele><time>2025-06-15T10:25:46Z</time></trkpt>
    <trkpt lat="50.4469266" lon="6.0145728"><ele>279.1</ele><time>2025-06-15T10:25:47Z</time></trkpt>
    <trkpt lat="50.4468893" lon="6.0144626"><ele>279.3</ele><time>2025-06-15T10:25:49Z</time></trkpt>
    <trkpt lat="50.4468888" lon="6.0143197"><ele>279.3</ele><time>2025-06-15T10:25:50Z</time></trkpt>
    <trkpt lat="50.4468785" lon="6.0141576"><ele>279.1</ele><time>2025-06-15T10:25:52Z</time></trkpt>
    <trkpt lat="50.4468284" lon="6.0140439"><ele>278.8</ele><time>2025-06-15T10:25:53Z</time></trkpt>
    <trkpt lat="50.4467943" lon="6.0138947"><ele>279.1</ele><time>2025-06-15T10:25:54Z</time></trkpt>
    <trkpt lat="50.4467848" lon="6.0137646"><ele>279.3</ele><time>2025-06-15T10:25:56Z</time></trkpt>
    <trkpt lat="50.4467648" lon="6.0136395"><ele>279.6</ele><time>2025-06-15T10:25:57Z</time></trkpt>
    <trkpt lat="50.4467299" lon="6.0135647"><ele>278.5</ele><time>2025-06-15T10:25:59Z</time></trkpt>
    <trkpt lat="50.4467051" lon="6.0133824"><ele>278.9</ele><time>2025-06-15T10:26:00Z</time></trkpt>
    <trkpt lat="50.4466748" lon="6.0132106"><ele>279.6</ele><time>2025-06-15T10:26:02Z</time></trkpt>
    <trkpt lat="50.4466704" lon="6.0131023"><ele>279.2</ele><time>2025-06-15T10:26:03Z</time></trkpt>
    <trkpt lat="50.4466037" lon="6.0129406"><ele>278.6</ele><time>2025-06-15T10:26:04Z</time></trkpt>
    <trkpt lat="50.4465662" lon="6.0128256"><ele>279.5</ele><time>2025-06-15T10:26:06Z</time></trkpt>
    <trkpt lat="50.4465622" lon="6.0126921"><ele>278.9</ele><time>2025-06-15T10:26:07Z</time></trkpt>
    <trkpt lat="50.4465512" lon="6.0124989"><ele>278.4</ele><time>2025-06-15T10:26:09Z</time></trkpt>
    <trkpt lat="50.4465305" lon="6.0124142"><ele>278.9</ele><time>2025-06-15T10:26:10Z</time></trkpt>
    <trkpt lat="50.4465010" lon="6.0123106"><ele>278.6</ele><time>2025-06-15T10:26:12Z</time></trkpt>
    <trkpt lat="50.4464717" lon="6.0121982"><ele>278.3</ele><time>2025-06-15T10:26:13Z</time></trkpt>
    <trkpt lat="50.4464331" lon="6.0120396"><ele>279.2</ele><time>2025-06-15T10:26:14Z</time></trkpt>
    <trkpt lat="50.4463974" lon="6.0118891"><ele>278.3</ele><time>2025-06-15T10:26:16Z</time></trkpt>
    <trkpt lat="50.4463825" lon="6.0117237"><ele>279.0</ele><time>2025-06-15T10:26:17Z</time></trkpt>
    <trkpt lat="50.4463587" lon="6.0116242"><ele>278.5</ele><time>2025-06-15T10:26:19Z</time></trkpt>
    <trkpt lat="50.4463199" lon="6.0114913"><ele>278.9</ele><time>2025-06-15T10:26:20Z</time></trkpt>
    <trkpt lat="50.4463273" lon="6.0113778"><ele>278.0</ele><time>2025-06-15T10:26:22Z</time></trkpt>
    <trkpt lat="50.4462639" lon="6.0111858"><ele>278.2</ele><time>2025-06-15T10:26:23Z</time></trkpt>
    <trkpt lat="50.4462441" lon="6.0110423"><ele>278.2</ele><time>2025-06-15T10:26:24Z</time></trkpt>
    <trkpt lat="50.4462369" lon="6.0109448"><ele>278.3</ele><time>2025-06-15T10:26:26Z</time></trkpt>
    <trkpt lat="50.4461992" lon="6.0108163"><ele>278.4</ele><time>2025-06-15T10:26:27Z</time></trkpt>
    <trkpt lat="50.4461504" lon="6.0106865"><ele>277.8</ele><time>2025-06-15T10:26:29Z</time></trkpt>
    <trkpt lat="50.4461559" lon="6.0105575"><ele>278.5</ele><time>2025-06-15T10:26:30Z</time></trkpt>
    <trkpt lat="50.4461295" lon="6.0104299"><ele>278.2</ele><time>2025-06-15T10:26:32Z</time></trkpt>
    <trkpt lat="50.4461102" lon="6.0102652"><ele>278.5</ele><time>2025-06-15T10:26:33Z</time></trkpt>
    <trkpt lat="50.4460599" lon="6.0101488"><ele>278.1</ele><time>2025-06-15T10:26:34Z</time></trkpt>
    <trkpt lat="50.4460380" lon="6.0100363"><ele>278.5</ele><time>2025-06-15T10:26:36Z</time></trkpt>
    <trkpt lat="50.4459951" lon="6.0098708"><ele>278.4</ele><time>2025-06-15T10:26:37Z</time></trkpt>
    <trkpt lat="50.4459914" lon="6.0097429"><ele>277.8</ele><time>2025-06-15T10:26:39Z</time></trkpt>
    <trkpt lat="50.4459399" lon="6.0095898"><ele>277.9</ele><time>2025-06-15T10:26:40Z</time></trkpt>
    <trkpt lat="50.4459002" lon="6.0094603"><ele>278.8</ele><time>2025-06-15T10:26:42Z</time></trkpt>
    <trkpt lat="50.4459085" lon="6.0093333"><ele>278.2</ele><time>2025-06-15T10:26:43Z</time></trkpt>
    <trkpt lat="50.4458933" lon="6.0091622"><ele>278.1</ele><time>2025-06-15T10:26:44Z</time></trkpt>
    <trkpt lat="50.4458436" lon="6.0090796"><ele>277.6</ele><time>2025-06-15T10:26:46Z</time></trkpt>
    <trkpt lat="50.4458126" lon="6.0089231"><ele>278.6</ele><time>2025-06-15T10:26:47Z</time></trkpt>
    <trkpt lat="50.4458018" lon="6.0088207"><ele>278.4</ele><time>2025-06-15T10:26:49Z</time></trkpt>
    <trkpt lat="50.4457712" lon="6.0086352"><ele>278.0</ele><time>2025-06-15T10:26:50Z</time></trkpt>
    <trkpt lat="50.4457383" lon="6.0085369"><ele>278.4</ele><time>2025-06-15T10:26:52Z</time></trkpt>
    <trkpt lat="50.4457189" lon="6.0084365"><ele>277.8</ele><time>2025-06-15T10:26:53Z</time></trkpt>
    <trkpt lat="50.4457089" lon="6.0082566"><ele>278.0</ele><time>2025-06-15T10:26:54Z</time></trkpt>
    <trkpt lat="50.4456491" lon="6.0081433"><ele>278.1</ele><time>2025-06-15T10:26:56Z</time></trkpt>
    <trkpt lat="50.4456320" lon="6.0079925"><ele>277.5</ele><time>2025-06-15T10:26:57Z</time></trkpt>
    <trkpt lat="50.4456309" lon="6.0078817"><ele>277.5</ele><time>2025-06-15T10:26:59Z</time></trkpt>
    <trkpt lat="50.4455780" lon="6.0077299"><ele>277.7</ele><time>2025-06-15T10:27:00Z</time></trkpt>
    <trkpt lat="50.4455364" lon="6.0075891"><ele>277.8</ele><time>2025-06-15T10:27:02Z</time></trkpt>
    <trkpt lat="50.4455410" lon="6.0074342"><ele>277.0</ele><time>2025-06-15T10:27:03Z</time></trkpt>
    <trkpt lat="50.4455181" lon="6.0072843"><ele>277.6</ele><time>2025-06-15T10:27:04Z</time></trkpt>
    <trkpt lat="50.4454814" lon="6.0071591"><ele>277.4</ele><time>2025-06-15T10:27:06Z</time></trkpt>
    <trkpt lat="50.4454536" lon="6.0070463"><ele>277.6</ele><time>2025-06-15T10:27:07Z</time></trkpt>
    <trkpt lat="50.4453996" lon="6.0069252"><ele>277.3</ele><time>2025-06-15T10:27:09Z</time></trkpt>
    <trkpt lat="50.4453972" lon="6.0067641"><ele>276.6</ele><time>2025-06-15T10:27:10Z</time></trkpt>
    <trkpt lat="50.4453879" lon="6.0066136"><ele>277.1</ele><time>2025-06-15T10:27:12Z</time></trkpt>
    <trkpt lat="50.4453455" lon="6.0064837"><ele>277.1</ele><time>2025-06-15T10:27:13Z</time></trkpt>
    <trkpt lat="50.4453122" lon="6.0063368"><ele>277.4</ele><time>2025-06-15T10:27:14Z</time></trkpt>
    <trkpt lat="50.4452875" lon="6.0062379"><ele>277.0</ele><time>2025-06-15T10:27:16Z</time></trkpt>
    <trkpt lat="50.4452730" lon="6.0061144"><ele>277.1</ele><time>2025-06-15T10:27:17Z</time></trkpt>
    <trkpt lat="50.4452500" lon="6.0059828"><ele>277.6</ele><time>2025-06-15T10:27:19Z</time></trkpt>
    <trkpt lat="50.4452106" lon="6.0058004"><ele>277.4</ele><time>2025-06-15T10:27:20Z</time></trkpt>
    <trkpt lat="50.4451928" lon="6.0057509"><ele>277.4</ele><time>2025-06-15T10:27:22Z</time></trkpt>
    <trkpt lat="50.4451620" lon="6.0055764"><ele>277.0</ele><time>2025-06-15T10:27:23Z</time></trkpt>
    <trkpt lat="50.4451381" lon="6.0054446"><ele>277.2</ele><time>2025-06-15T10:27:24Z</time></trkpt>
    <trkpt lat="50.4451088" lon="6.0052995"><ele>277.4</ele><time>2025-06-15T10:27:26Z</time></trkpt>
    <trkpt lat="50.4450459" lon="6.0051537"><ele>277.7</ele><time>2025-06-15T10:27:27Z</time></trkpt>
    <trkpt lat="50.4450481" lon="6.0050024"><ele>276.4</ele><time>2025-06-15T10:27:29Z</time></trkpt>
    <trkpt lat="50.4450295" lon="6.0049206"><ele>276.1</ele><time>2025-06-15T10:27:30Z</time></trkpt>
    <trkpt lat="50.4449834" lon="6.0047514"><ele>277.6</ele><time>2025-06-15T10:27:32Z</time></trkpt>
    <trkpt lat="50.4449871" lon="6.0046622"><ele>276.6</ele><time>2025-06-15T10:27:33Z</time></trkpt>
    <trkpt lat="50.4449451" lon="6.0045109"><ele>276.7</ele><time>2025-06-15T10:27:34Z</time></trkpt>
    <trkpt lat="50.4449194" lon="6.0043093"><ele>277.1</ele><time>2025-06-15T10:27:36Z</time></trkpt>
    <trkpt lat="50.4449157" lon="6.0042346"><ele>276.2</ele><time>2025-06-15T10:27:37Z</time></trkpt>
    <trkpt lat="50.4448673" lon="6.0040781"><ele>275.8</ele><time>2025-06-15T10:27:39Z</time></trkpt>
    <trkpt lat="50.4448270" lon="6.0039506"><ele>276.9</ele><time>2025-06-15T10:27:40Z</time></trkpt>
    <trkpt lat="50.4448233" lon="6.0037920"><ele>276.5</ele><time>2025-06-15T10:27:42Z</time></trkpt>
    <trkpt lat="50.4447898" lon="6.0036875"><ele>277.4</ele><time>2025-06-15T10:27:43Z</time></trkpt>
    <trkpt lat="50.4447297" lon="6.0035204"><ele>277.1</ele><time>2025-06-15T10:27:44Z</time></trkpt>
    <trkpt lat="50.4447403" lon="6.0034203"><ele>277.1</ele><time>2025-06-15T10:27:46Z</time></trkpt>
    <trkpt lat="50.4446973" lon="6.0032392"><ele>276.9</ele><time>2025-06-15T10:27:47Z</time></trkpt>
    <trkpt lat="50.4446970" lon="6.0031179"><ele>276.9</ele><time>2025-06-15T10:27:49Z</time></trkpt>
    <trkpt lat="50.4446464" lon="6.0029858"><ele>276.3</ele><time>2025-06-15T10:27:50Z</time></trkpt>
    <trkpt lat="50.4446291" lon="6.0028388"><ele>276.4</ele><time>2025-06-15T10:27:52Z</time></trkpt>
    <trkpt lat="50.4446076" lon="6.0027519"><ele>276.3</ele><time>2025-06-15T10:27:53Z</time></trkpt>
    <trkpt lat="50.4445859" lon="6.0026025"><ele>276.2</ele><time>2025-06-15T10:27:54Z</time></trkpt>
    <trkpt lat="50.4445813" lon="6.0024465"><ele>276.4</ele><time>2025-06-15T10:27:56Z</time></trkpt>
    <trkpt lat="50.4445012" lon="6.0023207"><ele>275.3</ele><time>2025-06-15T10:27:57Z</time></trkpt>
    <trkpt lat="50.4444943" lon="6.0021998"><ele>276.4</ele><time>2025-06-15T10:27:59Z</time></trkpt>
    <trkpt lat="50.4444747" lon="6.0021045"><ele>274.8</ele><time>2025-06-15T10:28:00Z</time></trkpt>
    <trkpt lat="50.4444440" lon="6.0019294"><ele>275.4</ele><time>2025-06-15T10:28:02Z</time></trkpt>
    <trkpt lat="50.4443917" lon="6.0017929"><ele>275.4</ele><time>2025-06-15T10:28:03Z</time></trkpt>
    <trkpt lat="50.4443996" lon="6.0016570"><ele>276.2</ele><time>2025-06-15T10:28:04Z</time></trkpt>
    <trkpt lat="50.4443543" lon="6.0015175"><ele>275.5</ele><time>2025-06-15T10:28:06Z</time></trkpt>
    <trkpt lat="50.4443459" lon="6.0014132"><ele>275.6</ele><time>2025-06-15T10:28:07Z</time></trkpt>
    <trkpt lat="50.4443147" lon="6.0012746"><ele>275.9</ele><time>2025-06-15T10:28:09Z</time></trkpt>
    <trkpt lat="50.4443004" lon="6.0011392"><ele>275.3</ele><time>2025-06-15T10:28:10Z</time></trkpt>
    <trkpt lat="50.4442422" lon="6.0009794"><ele>275.5</ele><time>2025-06-15T10:28:12Z</time></trkpt>
    <trkpt lat="50.4442267" lon="6.0008536"><ele>275.9</ele><time>2025-06-15T10:28:13Z</time></trkpt>
    <trkpt lat="50.4442118" lon="6.0007245"><ele>275.5</ele><time>2025-06-15T10:28:14Z</time></trkpt>
    <trkpt lat="50.4441621" lon="6.0005612"><ele>275.8</ele><time>2025-06-15T10:28:16Z</time></trkpt>
    <trkpt lat="50.4441565" lon="6.0004468"><ele>275.4</ele><time>2025-06-15T10:28:17Z</time></trkpt>
    <trkpt lat="50.4441099" lon="6.0003361"><ele>275.1</ele><time>2025-06-15T10:28:19Z</time></trkpt>
    <trkpt lat="50.4440957" lon="6.0002309"><ele>275.7</ele><time>2025-06-15T10:28:20Z</time></trkpt>
    <trkpt lat="50.4440708" lon="6.0000331"><ele>274.8</ele><time>2025-06-15T10:28:22Z</time></trkpt>
    <trkpt lat="50.4440509" lon="5.9999187"><ele>274.3</ele><time>2025-06-15T10:28:23Z</time></trkpt>
    <trkpt lat="50.4440214" lon="5.9997744"><ele>275.6</ele><time>2025-06-15T10:28:24Z</time></trkpt>
    <trkpt lat="50.4439804" lon="5.9996611"><ele>275.6</ele><time>2025-06-15T10:28:26Z</time></trkpt>
    <trkpt lat="50.4439877" lon="5.9995070"><ele>275.8</ele><time>2025-06-15T10:28:27Z</time></trkpt>
    <trkpt lat="50.4439314" lon="5.9993703"><ele>274.2</ele><time>2025-06-15T10:28:29Z</time></trkpt>
    <trkpt lat="50.4439122" lon="5.9992491"><ele>274.5</ele><time>2025-06-15T10:28:30Z</time></trkpt>
    <trkpt lat="50.4438758" lon="5.9991100"><ele>274.5</ele><time>2025-06-15T10:28:32Z</time></trkpt>
    <trkpt lat="50.4438330" lon="5.9989844"><ele>274.3</ele><time>2025-06-15T10:28:33Z</time></trkpt>
    <trkpt lat="50.4438352" lon="5.9988458"><ele>274.4</ele><time>2025-06-15T10:28:34Z</time></trkpt>
    <trkpt lat="50.4437819" lon="5.9986790"><ele>274.8</ele><time>2025-06-15T10:28:36Z</time></trkpt>
    <trkpt lat="50.4437728" lon="5.9985327"><ele>274.5</ele><time>2025-06-15T10:28:37Z</time></trkpt>
    <trkpt lat="50.4437633" lon="5.9984305"><ele>274.4</ele><time>2025-06-15T10:28:39Z</time></trkpt>
    <trkpt lat="50.4437172" lon="5.9982870"><ele>275.0</ele><time>2025-06-15T10:28:40Z</time></trkpt>
    <trkpt lat="50.4437018" lon="5.9981697"><ele>274.1</ele><time>2025-06-15T10:28:42Z</time></trkpt>
    <trkpt lat="50.4436892" lon="5.9980646"><ele>274.1</ele><time>2025-06-15T10:28:43Z</time></trkpt>
    <trkpt lat="50.4436412" lon="5.9978774"><ele>274.1</ele><time>2025-06-15T10:28:44Z</time></trkpt>
    <trkpt lat="50.4435869" lon="5.9977613"><ele>274.7</ele><time>2025-06-15T10:28:46Z</time></trkpt>
    <trkpt lat="50.4435860" lon="5.9976426"><ele>274.1</ele><time>2025-06-15T10:28:47Z</time></trkpt>
    <trkpt lat="50.4435817" lon="5.9974921"><ele>273.8</ele><time>2025-06-15T10:28:49Z</time></trkpt>
    <trkpt lat="50.4435460" lon="5.9973757"><ele>274.2</ele><time>2025-06-15T10:28:50Z</time></trkpt>
    <trkpt lat="50.4435139" lon="5.9972226"><ele>273.5</ele><time>2025-06-15T10:28:52Z</time></trkpt>
    <trkpt lat="50.4434742" lon="5.9970756"><ele>273.8</ele><time>2025-06-15T10:28:53Z</time></trkpt>
    <trkpt lat="50.4434381" lon="5.9969512"><ele>273.8</ele><time>2025-06-15T10:28:54Z</time></trkpt>
    <trkpt lat="50.4434195" lon="5.9968113"><ele>273.7</ele><time>2025-06-15T10:28:56Z</time></trkpt>
    <trkpt lat="50.4433705" lon="5.9966992"><ele>273.8</ele><time>2025-06-15T10:28:57Z</time></trkpt>
    <trkpt lat="50.4433719" lon="5.9965752"><ele>273.7</ele><time>2025-06-15T10:28:59Z</time></trkpt>
    <trkpt lat="50.4433441" lon="5.9964205"><ele>273.7</ele><time>2025-06-15T10:29:00Z</time></trkpt>
    <trkpt lat="50.4433390" lon="5.9962908"><ele>274.0</ele><time>2025-06-15T10:29:02Z</time></trkpt>
    <trkpt lat="50.4433011" lon="5.9961677"><ele>274.1</ele><time>2025-06-15T10:29:03Z</time></trkpt>
    <trkpt lat="50.4432711" lon="5.9960237"><ele>273.5</ele><time>2025-06-15T10:29:04Z</time></trkpt>
    <trkpt lat="50.4432253" lon="5.9958725"><ele>273.7</ele><time>2025-06-15T10:29:06Z</time></trkpt>
    <trkpt lat="50.4432130" lon="5.9957144"><ele>272.9</ele><time>2025-06-15T10:29:07Z</time></trkpt>
    <trkpt lat="50.4431889" lon="5.9956079"><ele>273.2</ele><time>2025-06-15T10:29:09Z</time></trkpt>
    <trkpt lat="50.4431703" lon="5.9954484"><ele>273.8</ele><time>2025-06-15T10:29:10Z</time></trkpt>
    <trkpt lat="50.4431420" lon="5.9953562"><ele>272.4</ele><time>2025-06-15T10:29:12Z</time></trkpt>
    <trkpt lat="50.4431386" lon="5.9952139"><ele>273.8</ele><time>2025-06-15T10:29:13Z</time></trkpt>
    <trkpt lat="50.4430888" lon="5.9950728"><ele>273.7</ele><time>2025-06-15T10:29:14Z</time></trkpt>
    <trkpt lat="50.4430643" lon="5.9949684"><ele>273.3</ele><time>2025-06-15T10:29:16Z</time></trkpt>
    <trkpt lat="50.4430265" lon="5.9948065"><ele>272.9</ele><time>2025-06-15T10:29:17Z</time></trkpt>
    <trkpt lat="50.4429954" lon="5.9946717"><ele>273.2</ele><time>2025-06-15T10:29:19Z</time></trkpt>
    <trkpt lat="50.4429808" lon="5.9945307"><ele>272.3</ele><time>2025-06-15T10:29:20Z</time></trkpt>
    <trkpt lat="50.4429784" lon="5.9944214"><ele>273.8</ele><time>2025-06-15T10:29:22Z</time></trkpt>
    <trkpt lat="50.4429262" lon="5.9942610"><ele>272.9</ele><time>2025-06-15T10:29:23Z</time></trkpt>
    <trkpt lat="50.4429178" lon="5.9940588"><ele>273.3</ele><time>2025-06-15T10:29:24Z</time></trkpt>
    <trkpt lat="50.4428742" lon="5.9939867"><ele>272.9</ele><time>2025-06-15T10:29:26Z</time></trkpt>
    <trkpt lat="50.4428277" lon="5.9938538"><ele>272.5</ele><time>2025-06-15T10:29:27Z</time></trkpt>
    <trkpt lat="50.4428240" lon="5.9937089"><ele>272.5</ele><time>2025-06-15T10:29:29Z</time></trkpt>
    <trkpt lat="50.4428260" lon="5.9935907"><ele>271.8</ele><time>2025-06-15T10:29:30Z</time></trkpt>
    <trkpt lat="50.4427586" lon="5.9934619"><ele>271.1</ele><time>2025-06-15T10:29:32Z</time></trkpt>
    <trkpt lat="50.4427621" lon="5.9933225"><ele>272.6</ele><time>2025-06-15T10:29:33Z</time></trkpt>
    <trkpt lat="50.4427450" lon="5.9931850"><ele>272.1</ele><time>2025-06-15T10:29:34Z</time></trkpt>
    <trkpt lat="50.4426892" lon="5.9930435"><ele>271.8</ele><time>2025-06-15T10:29:36Z</time></trkpt>
    <trkpt lat="50.4426827" lon="5.9929454"><ele>272.2</ele><time>2025-06-15T10:29:37Z</time></trkpt>
    <trkpt lat="50.4426399" lon="5.9927568"><ele>271.9</ele><time>2025-06-15T10:29:39Z</time></trkpt>
    <trkpt lat="50.4426044" lon="5.9926142"><ele>271.7</ele><time>2025-06-15T10:29:40Z</time></trkpt>
    <trkpt lat="50.4425851" lon="5.9925443"><ele>272.0</ele><time>2025-06-15T10:29:42Z</time></trkpt>
    <trkpt lat="50.4425617" lon="5.9924015"><ele>272.2</ele><time>2025-06-15T10:29:43Z</time></trkpt>
    <trkpt lat="50.4425346" lon="5.9922276"><ele>271.9</ele><time>2025-06-15T10:29:44Z</time></trkpt>
    <trkpt lat="50.4424900" lon="5.9921010"><ele>271.9</ele><time>2025-06-15T10:29:46Z</time></trkpt>
    <trkpt lat="50.4424811" lon="5.9919729"><ele>272.5</ele><time>2025-06-15T10:29:47Z</time></trkpt>
    <trkpt lat="50.4424443" lon="5.9918333"><ele>271.6</ele><time>2025-06-15T10:29:49Z</time></trkpt>
    <trkpt lat="50.4424476" lon="5.9917319"><ele>270.9</ele><time>2025-06-15T10:29:50Z</time></trkpt>
    <trkpt lat="50.4423914" lon="5.9915265"><ele>271.7</ele><time>2025-06-15T10:29:52Z</time></trkpt>
    <trkpt lat="50.4423593" lon="5.9914364"><ele>271.9</ele><time>2025-06-15T10:29:53Z</time></trkpt>
    <trkpt lat="50.4423550" lon="5.9913027"><ele>271.7</ele><time>2025-06-15T10:29:54Z</time></trkpt>
    <trkpt lat="50.4423153" lon="5.9911842"><ele>271.4</ele><time>2025-06-15T10:29:56Z</time></trkpt>
    <trkpt lat="50.4422812" lon="5.9910355"><ele>270.4</ele><time>2025-06-15T10:29:57Z</time></trkpt>
    <trkpt lat="50.4422724" lon="5.9909339"><ele>270.7</ele><time>2025-06-15T10:29:59Z</time></trkpt>
    <trkpt lat="50.4422434" lon="5.9907703"><ele>270.9</ele><time>2025-06-15T10:30:00Z</time></trkpt>
    <trkpt lat="50.4422298" lon="5.9906458"><ele>270.7</ele><time>2025-06-15T10:30:02Z</time></trkpt>
    <trkpt lat="50.4421836" lon="5.9904891"><ele>271.5</ele><time>2025-06-15T10:30:03Z</time></trkpt>
    <trkpt lat="50.4421643" lon="5.9904069"><ele>270.8</ele><time>2025-06-15T10:30:04Z</time></trkpt>
    <trkpt lat="50.4421342" lon="5.9902638"><ele>270.7</ele><time>2025-06-15T10:30:06Z</time></trkpt>
    <trkpt lat="50.4421036" lon="5.9901033"><ele>270.2</ele><time>2025-06-15T10:30:07Z</time></trkpt>
    <trkpt lat="50.4420657" lon="5.9899443"><ele>269.9</ele><time>2025-06-15T10:30:09Z</time></trkpt>
    <trkpt lat="50.4420581" lon="5.9898527"><ele>270.2</ele><time>2025-06-15T10:30:10Z</time></trkpt>
    <trkpt lat="50.4420061" lon="5.9896758"><ele>270.7</ele><time>2025-06-15T10:30:12Z</time></trkpt>
    <trkpt lat="50.4419841" lon="5.9895777"><ele>270.6</ele><time>2025-06-15T10:30:13Z</time></trkpt>
    <trkpt lat="50.4419839" lon="5.9894090"><ele>270.2</ele><time>2025-06-15T10:30:14Z</time></trkpt>
    <trkpt lat="50.4419420" lon="5.9892624"><ele>269.9</ele><time>2025-06-15T10:30:16Z</time></trkpt>
    <trkpt lat="50.4419360" lon="5.9891310"><ele>269.9</ele><time>2025-06-15T10:30:17Z</time></trkpt>
    <trkpt lat="50.4418997" lon="5.9890336"><ele>270.9</ele><time>2025-06-15T10:30:19Z</time></trkpt>
    <trkpt lat="50.4418543" lon="5.9889050"><ele>269.4</ele><time>2025-06-15T10:30:20Z</time></trkpt>
    <trkpt lat="50.4418349" lon="5.9887683"><ele>270.6</ele><time>2025-06-15T10:30:22Z</time></trkpt>
    <trkpt lat="50.4418190" lon="5.9885479"><ele>270.3</ele><time>2025-06-15T10:30:23Z</time></trkpt>
    <trkpt lat="50.4417787" lon="5.9885079"><ele>270.1</ele><time>2025-06-15T10:30:24Z</time></trkpt>
    <trkpt lat="50.4417639" lon="5.9883661"><ele>269.2</ele><time>2025-06-15T10:30:26Z</time></trkpt>
    <trkpt lat="50.4417273" lon="5.9882203"><ele>270.1</ele><time>2025-06-15T10:30:27Z</time></trkpt>
    <trkpt lat="50.4417037" lon="5.9880873"><ele>269.8</ele><time>2025-06-15T10:30:29Z</time></trkpt>
    <trkpt lat="50.4416809" lon="5.9879540"><ele>270.0</ele><time>2025-06-15T10:30:30Z</time></trkpt>
    <trkpt lat="50.4416700" lon="5.9878102"><ele>270.0</ele><time>2025-06-15T10:30:32Z</time></trkpt>
    <trkpt lat="50.4416392" lon="5.9876636"><ele>269.5</ele><time>2025-06-15T10:30:33Z</time></trkpt>
    <trkpt lat="50.4415991" lon="5.9875556"><ele>269.5</ele><time>2025-06-15T10:30:34Z</time></trkpt>
    <trkpt lat="50.4415558" lon="5.9873799"><ele>269.3</ele><time>2025-06-15T10:30:36Z</time></trkpt>
    <trkpt lat="50.4415406" lon="5.9872957"><ele>269.5</ele><time>2025-06-15T10:30:37Z</time></trkpt>
    <trkpt lat="50.4415099" lon="5.9871162"><ele>269.3</ele><time>2025-06-15T10:30:39Z</time></trkpt>
    <trkpt lat="50.4414762" lon="5.9870027"><ele>268.8</ele><time>2025-06-15T10:30:40Z</time></trkpt>
    <trkpt lat="50.4414570" lon="5.9868696"><ele>269.4</ele><time>2025-06-15T10:30:42Z</time></trkpt>
    <trkpt lat="50.4414439" lon="5.9867415"><ele>269.3</ele><time>2025-06-15T10:30:43Z</time></trkpt>
    <trkpt lat="50.4414166" lon="5.9866055"><ele>269.0</ele><time>2025-06-15T10:30:44Z</time></trkpt>
    <trkpt lat="50.4413751" lon="5.9864680"><ele>269.6</ele><time>2025-06-15T10:30:46Z</time></trkpt>
    <trkpt lat="50.4413685" lon="5.9863264"><ele>269.1</ele><time>2025-06-15T10:30:47Z</time></trkpt>
    <trkpt lat="50.4413401" lon="5.9862150"><ele>269.5</ele><time>2025-06-15T10:30:49Z</time></trkpt>
    <trkpt lat="50.4412958" lon="5.9860777"><ele>268.3</ele><time>2025-06-15T10:30:50Z</time></trkpt>
    <trkpt lat="50.4412715" lon="5.9859548"><ele>268.8</ele><time>2025-06-15T10:30:52Z</time></trkpt>
    <trkpt lat="50.4412553" lon="5.9857704"><ele>268.6</ele><time>2025-06-15T10:30:53Z</time></trkpt>
    <trkpt lat="50.4412085" lon="5.9856461"><ele>267.6</ele><time>2025-06-15T10:30:54Z</time></trkpt>
    <trkpt lat="50.4412003" lon="5.9854933"><ele>268.4</ele><time>2025-06-15T10:30:56Z</time></trkpt>
    <trkpt lat="50.4411840" lon="5.9853886"><ele>268.3</ele><time>2025-06-15T10:30:57Z</time></trkpt>
    <trkpt lat="50.4411502" lon="5.9852143"><ele>269.5</ele><time>2025-06-15T10:30:59Z</time></trkpt>
    <trkpt lat="50.4411243" lon="5.9851381"><ele>267.4</ele><time>2025-06-15T10:31:00Z</time></trkpt>
    <trkpt lat="50.4410831" lon="5.9850231"><ele>267.2</ele><time>2025-06-15T10:31:02Z</time></trkpt>
    <trkpt lat="50.4410793" lon="5.9848570"><ele>269.0</ele><time>2025-06-15T10:31:03Z</time></trkpt>
    <trkpt lat="50.4410408" lon="5.9847313"><ele>268.0</ele><time>2025-06-15T10:31:04Z</time></trkpt>
    <trkpt lat="50.4409935" lon="5.9845829"><ele>268.0</ele><time>2025-06-15T10:31:06Z</time></trkpt>
    <trkpt lat="50.4409647" lon="5.9844872"><ele>267.6</ele><time>2025-06-15T10:31:07Z</time></trkpt>
    <trkpt lat="50.4409567" lon="5.9843319"><ele>267.3</ele><time>2025-06-15T10:31:09Z</time></trkpt>
    <trkpt lat="50.4409179" lon="5.9841668"><ele>267.4</ele><time>2025-06-15T10:31:10Z</time></trkpt>
    <trkpt lat="50.4409074" lon="5.9840417"><ele>267.5</ele><time>2025-06-15T10:31:12Z</time></trkpt>
    <trkpt lat="50.4408823" lon="5.9839238"><ele>268.1</ele><time>2025-06-15T10:31:13Z</time></trkpt>
    <trkpt lat="50.4408535" lon="5.9837277"><ele>267.0</ele><time>2025-06-15T10:31:14Z</time></trkpt>
    <trkpt lat="50.4408071" lon="5.9836373"><ele>267.1</ele><time>2025-06-15T10:31:16Z</time></trkpt>
    <trkpt lat="50.4408131" lon="5.9834900"><ele>267.5</ele><time>2025-06-15T10:31:17Z</time></trkpt>
    <trkpt lat="50.4407600" lon="5.9833895"><ele>266.7</ele><time>2025-06-15T10:31:19Z</time></trkpt>
    <trkpt lat="50.4407490" lon="5.9832643"><ele>267.2</ele><time>2025-06-15T10:31:20Z</time></trkpt>
    <trkpt lat="50.4407285" lon="5.9831016"><ele>266.5</ele><time>2025-06-15T10:31:22Z</time></trkpt>
    <trkpt lat="50.4407120" lon="5.9829761"><ele>266.9</ele><time>2025-06-15T10:31:23Z</time></trkpt>
    <trkpt lat="50.4406771" lon="5.9827925"><ele>266.6</ele><time>2025-06-15T10:31:24Z</time></trkpt>
    <trkpt lat="50.4406300" lon="5.9827250"><ele>266.2</ele><time>2025-06-15T10:31:26Z</time></trkpt>
    <trkpt lat="50.4406225" lon="5.9825586"><ele>266.8</ele><time>2025-06-15T10:31:27Z</time></trkpt>
    <trkpt lat="50.4405938" lon="5.9823480"><ele>266.8</ele><time>2025-06-15T10:31:29Z</time></trkpt>
    <trkpt lat="50.4405585" lon="5.9823014"><ele>266.5</ele><time>2025-06-15T10:31:30Z</time></trkpt>
    <trkpt lat="50.4405263" lon="5.9821804"><ele>266.8</ele><time>2025-06-15T10:31:32Z</time></trkpt>
    <trkpt lat="50.4404995" lon="5.9820418"><ele>266.5</ele><time>2025-06-15T10:31:33Z</time></trkpt>
    <trkpt lat="50.4404734" lon="5.9818965"><ele>266.6</ele><time>2025-06-15T10:31:34Z</time></trkpt>
    <trkpt lat="50.4404385" lon="5.9817945"><ele>265.9</ele><time>2025-06-15T10:31:36Z</time></trkpt>
    <trkpt lat="50.4404283" lon="5.9816167"><ele>266.4</ele><time>2025-06-15T10:31:37Z</time></trkpt>
    <trkpt lat="50.4404069" lon="5.9814646"><ele>266.9</ele><time>2025-06-15T10:31:39Z</time></trkpt>
    <trkpt lat="50.4403713" lon="5.9813561"><ele>265.8</ele><time>2025-06-15T10:31:40Z</time></trkpt>
    <trkpt lat="50.4403491" lon="5.9812027"><ele>265.8</ele><time>2025-06-15T10:31:42Z</time></trkpt>
    <trkpt lat="50.4403543" lon="5.9810878"><ele>266.9</ele><time>2025-06-15T10:31:43Z</time></trkpt>
    <trkpt lat="50.4403192" lon="5.9809450"><ele>265.1</ele><time>2025-06-15T10:31:44Z</time></trkpt>
    <trkpt lat="50.4402810" lon="5.9808067"><ele>266.1</ele><time>2025-06-15T10:31:46Z</time></trkpt>
    <trkpt lat="50.4402493" lon="5.9806849"><ele>265.6</ele><time>2025-06-15T10:31:47Z</time></trkpt>
    <trkpt lat="50.4401963" lon="5.9805539"><ele>265.8</ele><time>2025-06-15T10:31:49Z</time></trkpt>
    <trkpt lat="50.4401771" lon="5.9804207"><ele>265.2</ele><time>2025-06-15T10:31:50Z</time></trkpt>
    <trkpt lat="50.4401400" lon="5.9802174"><ele>264.9</ele><time>2025-06-15T10:31:52Z</time></trkpt>
    <trkpt lat="50.4401392" lon="5.9801534"><ele>266.1</ele><time>2025-06-15T10:31:53Z</time></trkpt>
    <trkpt lat="50.4401115" lon="5.9799728"><ele>265.3</ele><time>2025-06-15T10:31:54Z</time></trkpt>
    <trkpt lat="50.4400827" lon="5.9798755"><ele>265.3</ele><time>2025-06-15T10:31:56Z</time></trkpt>
    <trkpt lat="50.4400612" lon="5.9797211"><ele>264.8</ele><time>2025-06-15T10:31:57Z</time></trkpt>
    <trkpt lat="50.4400440" lon="5.9795926"><ele>265.2</ele><time>2025-06-15T10:31:59Z</time></trkpt>
    <trkpt lat="50.4400134" lon="5.9794656"><ele>265.2</ele><time>2025-06-15T10:32:00Z</time></trkpt>
    <trkpt lat="50.4399727" lon="5.9793417"><ele>264.3</ele><time>2025-06-15T10:32:02Z</time></trkpt>
    <trkpt lat="50.4399290" lon="5.9791878"><ele>265.0</ele><time>2025-06-15T10:32:03Z</time></trkpt>
    <trkpt lat="50.4399363" lon="5.9790150"><ele>265.1</ele><time>2025-06-15T10:32:04Z</time></trkpt>
    <trkpt lat="50.4399033" lon="5.9789008"><ele>263.2</ele><time>2025-06-15T10:32:06Z</time></trkpt>
    <trkpt lat="50.4398787" lon="5.9788004"><ele>264.8</ele><time>2025-06-15T10:32:07Z</time></trkpt>
    <trkpt lat="50.4398512" lon="5.9787171"><ele>265.2</ele><time>2025-06-15T10:32:09Z</time></trkpt>
    <trkpt lat="50.4398050" lon="5.9785407"><ele>264.7</ele><time>2025-06-15T10:32:10Z</time></trkpt>
    <trkpt lat="50.4397984" lon="5.9784032"><ele>264.5</ele><time>2025-06-15T10:32:12Z</time></trkpt>
    <trkpt lat="50.4397498" lon="5.9782531"><ele>264.2</ele><time>2025-06-15T10:32:13Z</time></trkpt>
    <trkpt lat="50.4397566" lon="5.9781200"><ele>264.2</ele><time>2025-06-15T10:32:14Z</time></trkpt>
    <trkpt lat="50.4397190" lon="5.9779945"><ele>264.0</ele><time>2025-06-15T10:32:16Z</time></trkpt>
    <trkpt lat="50.4396831" lon="5.9778248"><ele>263.7</ele><time>2025-06-15T10:32:17Z</time></trkpt>
    <trkpt lat="50.4396753" lon="5.9777256"><ele>264.0</ele><time>2025-06-15T10:32:19Z</time></trkpt>
    <trkpt lat="50.4396151" lon="5.9776162"><ele>263.9</ele><time>2025-06-15T10:32:20Z</time></trkpt>
    <trkpt lat="50.4396168" lon="5.9774414"><ele>264.3</ele><time>2025-06-15T10:32:22Z</time></trkpt>
    <trkpt lat="50.4395736" lon="5.9773452"><ele>263.7</ele><time>2025-06-15T10:32:23Z</time></trkpt>
    <trkpt lat="50.4395488" lon="5.9771576"><ele>264.2</ele><time>2025-06-15T10:32:24Z</time></trkpt>
    <trkpt lat="50.4395224" lon="5.9770580"><ele>263.4</ele><time>2025-06-15T10:32:26Z</time></trkpt>
    <trkpt lat="50.4394896" lon="5.9768964"><ele>263.7</ele><time>2025-06-15T10:32:27Z</time></trkpt>
    <trkpt lat="50.4394675" lon="5.9767655"><ele>263.6</ele><time>2025-06-15T10:32:29Z</time></trkpt>
    <trkpt lat="50.4394411" lon="5.9766655"><ele>263.7</ele><time>2025-06-15T10:32:30Z</time></trkpt>
    <trkpt lat="50.4394358" lon="5.9765203"><ele>263.4</ele><time>2025-06-15T10:32:32Z</time></trkpt>
    <trkpt lat="50.4393940" lon="5.9763513"><ele>263.4</ele><time>2025-06-15T10:32:33Z</time></trkpt>
    <trkpt lat="50.4393500" lon="5.9762329"><ele>262.3</ele><time>2025-06-15T10:32:34Z</time></trkpt>
    <trkpt lat="50.4393382" lon="5.9760894"><ele>262.3</ele><time>2025-06-15T10:32:36Z</time></trkpt>
    <trkpt lat="50.4392831" lon="5.9759732"><ele>263.5</ele><time>2025-06-15T10:32:37Z</time></trkpt>
    <trkpt lat="50.4392897" lon="5.9758435"><ele>262.9</ele><time>2025-06-15T10:32:39Z</time></trkpt>
    <trkpt lat="50.4392562" lon="5.9756985"><ele>262.3</ele><time>2025-06-15T10:32:40Z</time></trkpt>
    <trkpt lat="50.4392236" lon="5.9755655"><ele>262.6</ele><time>2025-06-15T10:32:42Z</time></trkpt>
    <trkpt lat="50.4391893" lon="5.9754373"><ele>262.6</ele><time>2025-06-15T10:32:43Z</time></trkpt>
    <trkpt lat="50.4391796" lon="5.9753024"><ele>262.7</ele><time>2025-06-15T10:32:44Z</time></trkpt>
    <trkpt lat="50.4391599" lon="5.9751472"><ele>262.5</ele><time>2025-06-15T10:32:46Z</time></trkpt>
    <trkpt lat="50.4391522" lon="5.9750276"><ele>262.6</ele><time>2025-06-15T10:32:47Z</time></trkpt>
    <trkpt lat="50.4390767" lon="5.9748841"><ele>261.8</ele><time>2025-06-15T10:32:49Z</time></trkpt>
    <trkpt lat="50.4390838" lon="5.9747670"><ele>262.5</ele><time>2025-06-15T10:32:50Z</time></trkpt>
    <trkpt lat="50.4390575" lon="5.9746296"><ele>262.2</ele><time>2025-06-15T10:32:52Z</time></trkpt>
    <trkpt lat="50.4390012" lon="5.9744721"><ele>262.3</ele><time>2025-06-15T10:32:53Z</time></trkpt>
    <trkpt lat="50.4389733" lon="5.9743879"><ele>261.9</ele><time>2025-06-15T10:32:54Z</time></trkpt>
    <trkpt lat="50.4389791" lon="5.9742068"><ele>262.2</ele><time>2025-06-15T10:32:56Z</time></trkpt>
    <trkpt lat="50.4389565" lon="5.9741195"><ele>262.7</ele><time>2025-06-15T10:32:57Z</time></trkpt>
    <trkpt lat="50.4389112" lon="5.9739612"><ele>261.8</ele><time>2025-06-15T10:32:59Z</time></trkpt>
    <trkpt lat="50.4389001" lon="5.9738139"><ele>262.1</ele><time>2025-06-15T10:33:00Z</time></trkpt>
    <trkpt lat="50.4388597" lon="5.9736730"><ele>261.2</ele><time>2025-06-15T10:33:02Z</time></trkpt>
    <trkpt lat="50.4388185" lon="5.9735254"><ele>261.7</ele><time>2025-06-15T10:33:03Z</time></trkpt>
    <trkpt lat="50.4388074" lon="5.9734023"><ele>260.7</ele><time>2025-06-15T10:33:04Z</time></trkpt>
    <trkpt lat="50.4387885" lon="5.9732677"><ele>262.0</ele><time>2025-06-15T10:33:06Z</time></trkpt>
    <trkpt lat="50.4387588" lon="5.9731360"><ele>261.1</ele><time>2025-06-15T10:33:07Z</time></trkpt>
    <trkpt lat="50.4387336" lon="5.9730384"><ele>261.1</ele><time>2025-06-15T10:33:09Z</time></trkpt>
    <trkpt lat="50.4386828" lon="5.9728780"><ele>261.0</ele><time>2025-06-15T10:33:10Z</time></trkpt>
    <trkpt lat="50.4386593" lon="5.9727563"><ele>261.4</ele><time>2025-06-15T10:33:12Z</time></trkpt>
    <trkpt lat="50.4386490" lon="5.9726354"><ele>259.8</ele><time>2025-06-15T10:33:13Z</time></trkpt>
    <trkpt lat="50.4386193" lon="5.9724741"><ele>260.7</ele><time>2025-06-15T10:33:14Z</time></trkpt>
    <trkpt lat="50.4385934" lon="5.9723401"><ele>261.3</ele><time>2025-06-15T10:33:16Z</time></trkpt>
    <trkpt lat="50.4385828" lon="5.9721730"><ele>260.3</ele><time>2025-06-15T10:33:17Z</time></trkpt>
    <trkpt lat="50.4385663" lon="5.9720773"><ele>260.8</ele><time>2025-06-15T10:33:19Z</time></trkpt>
    <trkpt lat="50.4384983" lon="5.9719525"><ele>261.1</ele><time>2025-06-15T10:33:20Z</time></trkpt>
    <trkpt lat="50.4384812" lon="5.9718171"><ele>260.4</ele><time>2025-06-15T10:33:22Z</time></trkpt>
    <trkpt lat="50.4384760" lon="5.9716678"><ele>260.6</ele><time>2025-06-15T10:33:23Z</time></trkpt>
    <trkpt lat="50.4384525" lon="5.9715367"><ele>260.1</ele><time>2025-06-15T10:33:24Z</time></trkpt>
    <trkpt lat="50.4383943" lon="5.9714226"><ele>259.5</ele><time>2025-06-15T10:33:26Z</time></trkpt>
    <trkpt lat="50.4383760" lon="5.9712516"><ele>260.0</ele><time>2025-06-15T10:33:27Z</time></trkpt>
    <trkpt lat="50.4383393" lon="5.9710943"><ele>260.1</ele><time>2025-06-15T10:33:29Z</time></trkpt>
    <trkpt lat="50.4383261" lon="5.9709358"><ele>259.8</ele><time>2025-06-15T10:33:30Z</time></trkpt>
    <trkpt lat="50.4382947" lon="5.9708746"><ele>259.2</ele><time>2025-06-15T10:33:32Z</time></trkpt>
    <trkpt lat="50.4382718" lon="5.9707293"><ele>259.3</ele><time>2025-06-15T10:33:33Z</time></trkpt>
    <trkpt lat="50.4382334" lon="5.9705637"><ele>259.2</ele><time>2025-06-15T10:33:34Z</time></trkpt>
    <trkpt lat="50.4382085" lon="5.9704496"><ele>259.5</ele><time>2025-06-15T10:33:36Z</time></trkpt>
    <trkpt lat="50.4382052" lon="5.9703078"><ele>259.4</ele><time>2025-06-15T10:33:37Z</time></trkpt>
    <trkpt lat="50.4381758" lon="5.9702003"><ele>259.5</ele><time>2025-06-15T10:33:39Z</time></trkpt>
    <trkpt lat="50.4381343" lon="5.9700316"><ele>259.9</ele><time>2025-06-15T10:33:40Z</time></trkpt>
    <trkpt lat="50.4380987" lon="5.9698924"><ele>259.9</ele><time>2025-06-15T10:33:42Z</time></trkpt>
    <trkpt lat="50.4380816" lon="5.9697990"><ele>259.0</ele><time>2025-06-15T10:33:43Z</time></trkpt>
    <trkpt lat="50.4380689" lon="5.9696166"><ele>259.7</ele><time>2025-06-15T10:33:44Z</time></trkpt>
    <trkpt lat="50.4380237" lon="5.9695011"><ele>259.4</ele><time>2025-06-15T10:33:46Z</time></trkpt>
    <trkpt lat="50.4380182" lon="5.9693665"><ele>259.7</ele><time>2025-06-15T10:33:47Z</time></trkpt>
    <trkpt lat="50.4379999" lon="5.9692648"><ele>258.4</ele><time>2025-06-15T10:33:49Z</time></trkpt>
    <trkpt lat="50.4379738" lon="5.9691116"><ele>258.7</ele><time>2025-06-15T10:33:50Z</time></trkpt>
    <trkpt lat="50.4379343" lon="5.9689752"><ele>258.9</ele><time>2025-06-15T10:33:52Z</time></trkpt>
    <trkpt lat="50.4379105" lon="5.9688943"><ele>258.8</ele><time>2025-06-15T10:33:53Z</time></trkpt>
    <trkpt lat="50.4378662" lon="5.9687344"><ele>259.1</ele><time>2025-06-15T10:33:54Z</time></trkpt>
    <trkpt lat="50.4378451" lon="5.9686013"><ele>258.3</ele><time>2025-06-15T10:33:56Z</time></trkpt>
    <trkpt lat="50.4378236" lon="5.9684356"><ele>258.5</ele><time>2025-06-15T10:33:57Z</time></trkpt>
    <trkpt lat="50.4378215" lon="5.9682938"><ele>258.1</ele><time>2025-06-15T10:33:59Z</time></trkpt>
    <trkpt lat="50.4377675" lon="5.9681932"><ele>258.5</ele><time>2025-06-15T10:34:00Z</time></trkpt>
    <trkpt lat="50.4377432" lon="5.9680263"><ele>257.7</ele><time>2025-06-15T10:34:02Z</time></trkpt>
    <trkpt lat="50.4377123" lon="5.9678873"><ele>257.4</ele><time>2025-06-15T10:34:03Z</time></trkpt>
    <trkpt lat="50.4376886" lon="5.9677546"><ele>258.4</ele><time>2025-06-15T10:34:04Z</time></trkpt>
    <trkpt lat="50.4376679" lon="5.9676658"><ele>257.9</ele><time>2025-06-15T10:34:06Z</time></trkpt>
    <trkpt lat="50.4376226" lon="5.9674967"><ele>257.2</ele><time>2025-06-15T10:34:07Z</time></trkpt>
    <trkpt lat="50.4376123" lon="5.9673985"><ele>257.9</ele><time>2025-06-15T10:34:09Z</time></trkpt>
    <trkpt lat="50.4375855" lon="5.9672319"><ele>257.6</ele><time>2025-06-15T10:34:10Z</time></trkpt>
    <trkpt lat="50.4375683" lon="5.9671035"><ele>258.0</ele><time>2025-06-15T10:34:12Z</time></trkpt>
    <trkpt lat="50.4375195" lon="5.9669939"><ele>257.2</ele><time>2025-06-15T10:34:13Z</time></trkpt>
    <trkpt lat="50.4374893" lon="5.9668199"><ele>258.2</ele><time>2025-06-15T10:34:14Z</time></trkpt>
    <trkpt lat="50.4374857" lon="5.9666978"><ele>257.6</ele><time>2025-06-15T10:34:16Z</time></trkpt>
    <trkpt lat="50.4374440" lon="5.9665596"><ele>256.8</ele><time>2025-06-15T10:34:17Z</time></trkpt>
    <trkpt lat="50.4374322" lon="5.9663840"><ele>257.1</ele><time>2025-06-15T10:34:19Z</time></trkpt>
    <trkpt lat="50.4373852" lon="5.9663029"><ele>257.3</ele><time>2025-06-15T10:34:20Z</time></trkpt>
    <trkpt lat="50.4373720" lon="5.9661343"><ele>257.0</ele><time>2025-06-15T10:34:22Z</time></trkpt>
    <trkpt lat="50.4373311" lon="5.9660278"><ele>257.3</ele><time>2025-06-15T10:34:23Z</time></trkpt>
    <trkpt lat="50.4373102" lon="5.9658730"><ele>257.4</ele><time>2025-06-15T10:34:24Z</time></trkpt>
    <trkpt lat="50.4372905" lon="5.9657742"><ele>256.7</ele><time>2025-06-15T10:34:26Z</time></trkpt>
    <trkpt lat="50.4372492" lon="5.9656483"><ele>257.1</ele><time>2025-06-15T10:34:27Z</time></trkpt>
    <trkpt lat="50.4372417" lon="5.9654989"><ele>256.7</ele><time>2025-06-15T10:34:29Z</time></trkpt>
    <trkpt lat="50.4371969" lon="5.9653408"><ele>257.1</ele><time>2025-06-15T10:34:30Z</time></trkpt>
    <trkpt lat="50.4372104" lon="5.9652003"><ele>256.4</ele><time>2025-06-15T10:34:32Z</time></trkpt>
    <trkpt lat="50.4371498" lon="5.9651026"><ele>256.7</ele><time>2025-06-15T10:34:33Z</time></trkpt>
    <trkpt lat="50.4371227" lon="5.9649354"><ele>257.4</ele><time>2025-06-15T10:34:34Z</time></trkpt>
    <trkpt lat="50.4370955" lon="5.9648132"><ele>256.1</ele><time>2025-06-15T10:34:36Z</time></trkpt>
    <trkpt lat="50.4370654" lon="5.9646813"><ele>256.0</ele><time>2025-06-15T10:34:37Z</time></trkpt>
    <trkpt lat="50.4370515" lon="5.9645189"><ele>256.5</ele><time>2025-06-15T10:34:39Z</time></trkpt>
    <trkpt lat="50.4370434" lon="5.9644440"><ele>256.5</ele><time>2025-06-15T10:34:40Z</time></trkpt>
    <trkpt lat="50.4370163" lon="5.9642892"><ele>255.9</ele><time>2025-06-15T10:34:42Z</time></trkpt>
    <trkpt lat="50.4369431" lon="5.9641607"><ele>255.7</ele><time>2025-06-15T10:34:43Z</time></trkpt>
    <trkpt lat="50.4369713" lon="5.9639926"><ele>255.7</ele><time>2025-06-15T10:34:44Z</time></trkpt>
    <trkpt lat="50.4369228" lon="5.9638831"><ele>256.6</ele><time>2025-06-15T10:34:46Z</time></trkpt>
    <trkpt lat="50.4368634" lon="5.9637197"><ele>255.6</ele><time>2025-06-15T10:34:47Z</time></trkpt>
    <trkpt lat="50.4368628" lon="5.9636267"><ele>255.8</ele><time>2025-06-15T10:34:49Z</time></trkpt>
    <trkpt lat="50.4368360" lon="5.9634662"><ele>255.4</ele><time>2025-06-15T10:34:50Z</time></trkpt>
    <trkpt lat="50.4368177" lon="5.9633216"><ele>255.6</ele><time>2025-06-15T10:34:52Z</time></trkpt>
    <trkpt lat="50.4367798" lon="5.9631965"><ele>255.0</ele><time>2025-06-15T10:34:53Z</time></trkpt>
    <trkpt lat="50.4367520" lon="5.9630385"><ele>255.4</ele><time>2025-06-15T10:34:54Z</time></trkpt>
    <trkpt lat="50.4367188" lon="5.9629307"><ele>255.5</ele><time>2025-06-15T10:34:56Z</time></trkpt>
    <trkpt lat="50.4367036" lon="5.9627944"><ele>255.0</ele><time>2025-06-15T10:34:57Z</time></trkpt>
    <trkpt lat="50.4366744" lon="5.9626720"><ele>254.9</ele><time>2025-06-15T10:34:59Z</time></trkpt>
    <trkpt lat="50.4366729" lon="5.9625440"><ele>255.1</ele><time>2025-06-15T10:35:00Z</time></trkpt>
    <trkpt lat="50.4366251" lon="5.9624021"><ele>254.8</ele><time>2025-06-15T10:35:02Z</time></trkpt>
    <trkpt lat="50.4365942" lon="5.9622394"><ele>254.9</ele><time>2025-06-15T10:35:03Z</time></trkpt>
    <trkpt lat="50.4365787" lon="5.9621521"><ele>254.6</ele><time>2025-06-15T10:35:04Z</time></trkpt>
    <trkpt lat="50.4365246" lon="5.9619799"><ele>254.8</ele><time>2025-06-15T10:35:06Z</time></trkpt>
    <trkpt lat="50.4364965" lon="5.9618651"><ele>254.7</ele><time>2025-06-15T10:35:07Z</time></trkpt>
    <trkpt lat="50.4364803" lon="5.9617285"><ele>254.2</ele><time>2025-06-15T10:35:09Z</time></trkpt>
    <trkpt lat="50.4364614" lon="5.9615719"><ele>254.7</ele><time>2025-06-15T10:35:10Z</time></trkpt>
    <trkpt lat="50.4364233" lon="5.9614499"><ele>254.7</ele><time>2025-06-15T10:35:12Z</time></trkpt>
    <trkpt lat="50.4363732" lon="5.9613116"><ele>253.8</ele><time>2025-06-15T10:35:13Z</time></trkpt>
    <trkpt lat="50.4363757" lon="5.9611774"><ele>254.1</ele><time>2025-06-15T10:35:14Z</time></trkpt>
    <trkpt lat="50.4363714" lon="5.9610460"><ele>253.4</ele><time>2025-06-15T10:35:16Z</time></trkpt>
    <trkpt lat="50.4363124" lon="5.9609326"><ele>253.8</ele><time>2025-06-15T10:35:17Z</time></trkpt>
    <trkpt lat="50.4362895" lon="5.9607757"><ele>253.9</ele><time>2025-06-15T10:35:19Z</time></trkpt>
    <trkpt lat="50.4362556" lon="5.9606256"><ele>254.0</ele><time>2025-06-15T10:35:20Z</time></trkpt>
    <trkpt lat="50.4362593" lon="5.9604845"><ele>254.1</ele><time>2025-06-15T10:35:22Z</time></trkpt>
    <trkpt lat="50.4362117" lon="5.9603945"><ele>254.4</ele><time>2025-06-15T10:35:23Z</time></trkpt>
    <trkpt lat="50.4362053" lon="5.9602600"><ele>254.0</ele><time>2025-06-15T10:35:24Z</time></trkpt>
    <trkpt lat="50.4361828" lon="5.9601232"><ele>253.0</ele><time>2025-06-15T10:35:26Z</time></trkpt>
    <trkpt lat="50.4361188" lon="5.9599767"><ele>253.1</ele><time>2025-06-15T10:35:27Z</time></trkpt>
    <trkpt lat="50.4361068" lon="5.9598467"><ele>254.2</ele><time>2025-06-15T10:35:29Z</time></trkpt>
    <trkpt lat="50.4360665" lon="5.9597238"><ele>253.5</ele><time>2025-06-15T10:35:30Z</time></trkpt>
    <trkpt lat="50.4360767" lon="5.9595451"><ele>252.5</ele><time>2025-06-15T10:35:32Z</time></trkpt>
    <trkpt lat="50.4360219" lon="5.9594081"><ele>253.6</ele><time>2025-06-15T10:35:33Z</time></trkpt>
    <trkpt lat="50.4360203" lon="5.9592887"><ele>253.8</ele><time>2025-06-15T10:35:34Z</time></trkpt>
    <trkpt lat="50.4359902" lon="5.9591712"><ele>252.5</ele><time>2025-06-15T10:35:36Z</time></trkpt>
    <trkpt lat="50.4359417" lon="5.9590270"><ele>252.8</ele><time>2025-06-15T10:35:37Z</time></trkpt>
    <trkpt lat="50.4359222" lon="5.9589401"><ele>252.9</ele><time>2025-06-15T10:35:39Z</time></trkpt>
    <trkpt lat="50.4359126" lon="5.9587633"><ele>253.0</ele><time>2025-06-15T10:35:40Z</time></trkpt>
    <trkpt lat="50.4358812" lon="5.9586578"><ele>252.6</ele><time>2025-06-15T10:35:42Z</time></trkpt>
    <trkpt lat="50.4358515" lon="5.9584819"><ele>253.1</ele><time>2025-06-15T10:35:43Z</time></trkpt>
    <trkpt lat="50.4357998" lon="5.9583644"><ele>252.8</ele><time>2025-06-15T10:35:44Z</time></trkpt>
    <trkpt lat="50.4357803" lon="5.9582156"><ele>252.0</ele><time>2025-06-15T10:35:46Z</time></trkpt>
    <trkpt lat="50.4357604" lon="5.9580821"><ele>252.2</ele><time>2025-06-15T10:35:47Z</time></trkpt>
    <trkpt lat="50.4357265" lon="5.9579499"><ele>252.3</ele><time>2025-06-15T10:35:49Z</time></trkpt>
    <trkpt lat="50.4357145" lon="5.9578366"><ele>252.7</ele><time>2025-06-15T10:35:50Z</time></trkpt>
    <trkpt lat="50.4356965" lon="5.9576993"><ele>252.6</ele><time>2025-06-15T10:35:52Z</time></trkpt>
    <trkpt lat="50.4356674" lon="5.9575343"><ele>252.2</ele><time>2025-06-15T10:35:53Z</time></trkpt>
    <trkpt lat="50.4356492" lon="5.9574412"><ele>251.9</ele><time>2025-06-15T10:35:54Z</time></trkpt>
    <trkpt lat="50.4355901" lon="5.9572748"><ele>252.4</ele><time>2025-06-15T10:35:56Z</time></trkpt>
    <trkpt lat="50.4355762" lon="5.9571028"><ele>252.1</ele><time>2025-06-15T10:35:57Z</time></trkpt>
    <trkpt lat="50.4355459" lon="5.9570179"><ele>252.2</ele><time>2025-06-15T10:35:59Z</time></trkpt>
    <trkpt lat="50.4355287" lon="5.9568707"><ele>252.0</ele><time>2025-06-15T10:36:00Z</time></trkpt>
    <trkpt lat="50.4354727" lon="5.9567208"><ele>250.8</ele><time>2025-06-15T10:36:02Z</time></trkpt>
    <trkpt lat="50.4354800" lon="5.9566333"><ele>251.4</ele><time>2025-06-15T10:36:03Z</time></trkpt>
    <trkpt lat="50.4354444" lon="5.9564917"><ele>250.8</ele><time>2025-06-15T10:36:04Z</time></trkpt>
    <trkpt lat="50.4354307" lon="5.9562938"><ele>251.8</ele><time>2025-06-15T10:36:06Z</time></trkpt>
    <trkpt lat="50.4353998" lon="5.9562040"><ele>250.7</ele><time>2025-06-15T10:36:07Z</time></trkpt>
    <trkpt lat="50.4353550" lon="5.9560737"><ele>251.1</ele><time>2025-06-15T10:36:09Z</time></trkpt>
    <trkpt lat="50.4353294" lon="5.9559321"><ele>251.5</ele><time>2025-06-15T10:36:10Z</time></trkpt>
    <trkpt lat="50.4353102" lon="5.9558192"><ele>251.9</ele><time>2025-06-15T10:36:12Z</time></trkpt>
    <trkpt lat="50.4352922" lon="5.9556428"><ele>250.8</ele><time>2025-06-15T10:36:13Z</time></trkpt>
    <trkpt lat="50.4352678" lon="5.9555640"><ele>250.6</ele><time>2025-06-15T10:36:14Z</time></trkpt>
    <trkpt lat="50.4352412" lon="5.9553777"><ele>250.4</ele><time>2025-06-15T10:36:16Z</time></trkpt>
    <trkpt lat="50.4351934" lon="5.9553349"><ele>250.4</ele><time>2025-06-15T10:36:17Z</time></trkpt>
    <trkpt lat="50.4351747" lon="5.9551466"><ele>250.9</ele><time>2025-06-15T10:36:19Z</time></trkpt>
    <trkpt lat="50.4351516" lon="5.9550109"><ele>250.5</ele><time>2025-06-15T10:36:20Z</time></trkpt>
    <trkpt lat="50.4351133" lon="5.9548495"><ele>251.4</ele><time>2025-06-15T10:36:22Z</time></trkpt>
    <trkpt lat="50.4350912" lon="5.9546976"><ele>251.2</ele><time>2025-06-15T10:36:23Z</time></trkpt>
    <trkpt lat="50.4350757" lon="5.9545951"><ele>250.2</ele><time>2025-06-15T10:36:24Z</time></trkpt>
    <trkpt lat="50.4350618" lon="5.9544485"><ele>249.5</ele><time>2025-06-15T10:36:26Z</time></trkpt>
    <trkpt lat="50.4350244" lon="5.9543570"><ele>250.4</ele><time>2025-06-15T10:36:27Z</time></trkpt>
    <trkpt lat="50.4350341" lon="5.9541701"><ele>249.9</ele><time>2025-06-15T10:36:29Z</time></trkpt>
    <trkpt lat="50.4349714" lon="5.9540352"><ele>249.7</ele><time>2025-06-15T10:36:30Z</time></trkpt>
    <trkpt lat="50.4349522" lon="5.9539127"><ele>250.4</ele><time>2025-06-15T10:36:32Z</time></trkpt>
    <trkpt lat="50.4349319" lon="5.9537699"><ele>250.3</ele><time>2025-06-15T10:36:33Z</time></trkpt>
    <trkpt lat="50.4348930" lon="5.9536860"><ele>249.9</ele><time>2025-06-15T10:36:34Z</time></trkpt>
    <trkpt lat="50.4348751" lon="5.9535132"><ele>250.0</ele><time>2025-06-15T10:36:36Z</time></trkpt>
    <trkpt lat="50.4348183" lon="5.9533865"><ele>249.7</ele><time>2025-06-15T10:36:37Z</time></trkpt>
    <trkpt lat="50.4348165" lon="5.9532509"><ele>249.0</ele><time>2025-06-15T10:36:39Z</time></trkpt>
    <trkpt lat="50.4347645" lon="5.9530962"><ele>250.1</ele><time>2025-06-15T10:36:40Z</time></trkpt>
    <trkpt lat="50.4347565" lon="5.9530201"><ele>249.3</ele><time>2025-06-15T10:36:42Z</time></trkpt>
    <trkpt lat="50.4346966" lon="5.9528499"><ele>250.4</ele><time>2025-06-15T10:36:43Z</time></trkpt>
    <trkpt lat="50.4346881" lon="5.9527268"><ele>250.0</ele><time>2025-06-15T10:36:44Z</time></trkpt>
    <trkpt lat="50.4346846" lon="5.9525616"><ele>250.2</ele><time>2025-06-15T10:36:46Z</time></trkpt>
    <trkpt lat="50.4346314" lon="5.9524699"><ele>249.7</ele><time>2025-06-15T10:36:47Z</time></trkpt>
    <trkpt lat="50.4346261" lon="5.9522933"><ele>248.8</ele><time>2025-06-15T10:36:49Z</time></trkpt>
    <trkpt lat="50.4345909" lon="5.9521686"><ele>249.3</ele><time>2025-06-15T10:36:50Z</time></trkpt>
    <trkpt lat="50.4345766" lon="5.9520142"><ele>249.3</ele><time>2025-06-15T10:36:52Z</time></trkpt>
    <trkpt lat="50.4345652" lon="5.9518752"><ele>249.2</ele><time>2025-06-15T10:36:53Z</time></trkpt>
    <trkpt lat="50.4344922" lon="5.9517636"><ele>249.0</ele><time>2025-06-15T10:36:54Z</time></trkpt>
    <trkpt lat="50.4344822" lon="5.9516304"><ele>249.4</ele><time>2025-06-15T10:36:56Z</time></trkpt>
    <trkpt lat="50.4344759" lon="5.9515082"><ele>248.9</ele><time>2025-06-15T10:36:57Z</time></trkpt>
    <trkpt lat="50.4344463" lon="5.9513802"><ele>249.4</ele><time>2025-06-15T10:36:59Z</time></trkpt>
    <trkpt lat="50.4344021" lon="5.9512163"><ele>248.3</ele><time>2025-06-15T10:37:00Z</time></trkpt>
    <trkpt lat="50.4343868" lon="5.9511037"><ele>248.4</ele><time>2025-06-15T10:37:02Z</time></trkpt>
    <trkpt lat="50.4343431" lon="5.9509623"><ele>248.4</ele><time>2025-06-15T10:37:03Z</time></trkpt>
    <trkpt lat="50.4343263" lon="5.9508010"><ele>248.8</ele><time>2025-06-15T10:37:04Z</time></trkpt>
    <trkpt lat="50.4343078" lon="5.9507033"><ele>248.4</ele><time>2025-06-15T10:37:06Z</time></trkpt>
    <trkpt lat="50.4342814" lon="5.9505685"><ele>248.0</ele><time>2025-06-15T10:37:07Z</time></trkpt>
    <trkpt lat="50.4342430" lon="5.9504031"><ele>247.6</ele><time>2025-06-15T10:37:09Z</time></trkpt>
    <trkpt lat="50.4342162" lon="5.9503182"><ele>248.8</ele><time>2025-06-15T10:37:10Z</time></trkpt>
    <trkpt lat="50.4341989" lon="5.9501315"><ele>248.8</ele><time>2025-06-15T10:37:12Z</time></trkpt>
    <trkpt lat="50.4341665" lon="5.9500037"><ele>248.5</ele><time>2025-06-15T10:37:13Z</time></trkpt>
    <trkpt lat="50.4341517" lon="5.9498977"><ele>248.3</ele><time>2025-06-15T10:37:14Z</time></trkpt>
    <trkpt lat="50.4341123" lon="5.9498054"><ele>248.8</ele><time>2025-06-15T10:37:16Z</time></trkpt>
    <trkpt lat="50.4340897" lon="5.9496287"><ele>248.5</ele><time>2025-06-15T10:37:17Z</time></trkpt>
    <trkpt lat="50.4340760" lon="5.9494666"><ele>248.8</ele><time>2025-06-15T10:37:19Z</time></trkpt>
    <trkpt lat="50.4340627" lon="5.9493779"><ele>248.0</ele><time>2025-06-15T10:37:20Z</time></trkpt>
    <trkpt lat="50.4340056" lon="5.9492058"><ele>247.8</ele><time>2025-06-15T10:37:22Z</time></trkpt>
    <trkpt lat="50.4339790" lon="5.9490501"><ele>247.1</ele><time>2025-06-15T10:37:23Z</time></trkpt>
    <trkpt lat="50.4339594" lon="5.9489229"><ele>247.8</ele><time>2025-06-15T10:37:24Z</time></trkpt>
    <trkpt lat="50.4339328" lon="5.9488326"><ele>247.2</ele><time>2025-06-15T10:37:26Z</time></trkpt>
    <trkpt lat="50.4339175" lon="5.9486998"><ele>247.6</ele><time>2025-06-15T10:37:27Z</time></trkpt>
    <trkpt lat="50.4338654" lon="5.9485471"><ele>247.1</ele><time>2025-06-15T10:37:29Z</time></trkpt>
    <trkpt lat="50.4338316" lon="5.9484085"><ele>247.9</ele><time>2025-06-15T10:37:30Z</time></trkpt>
    <trkpt lat="50.4338321" lon="5.9482797"><ele>247.1</ele><time>2025-06-15T10:37:32Z</time></trkpt>
    <trkpt lat="50.4337757" lon="5.9481115"><ele>247.4</ele><time>2025-06-15T10:37:33Z</time></trkpt>
    <trkpt lat="50.4337649" lon="5.9480128"><ele>247.3</ele><time>2025-06-15T10:37:34Z</time></trkpt>
    <trkpt lat="50.4337257" lon="5.9478364"><ele>247.0</ele><time>2025-06-15T10:37:36Z</time></trkpt>
    <trkpt lat="50.4337315" lon="5.9477403"><ele>246.6</ele><time>2025-06-15T10:37:37Z</time></trkpt>
    <trkpt lat="50.4336941" lon="5.9475828"><ele>247.1</ele><time>2025-06-15T10:37:39Z</time></trkpt>
    <trkpt lat="50.4336446" lon="5.9474445"><ele>247.1</ele><time>2025-06-15T10:37:40Z</time></trkpt>
    <trkpt lat="50.4336506" lon="5.9472793"><ele>247.8</ele><time>2025-06-15T10:37:42Z</time></trkpt>
    <trkpt lat="50.4336285" lon="5.9471939"><ele>246.9</ele><time>2025-06-15T10:37:43Z</time></trkpt>
    <trkpt lat="50.4336037" lon="5.9470696"><ele>247.1</ele><time>2025-06-15T10:37:44Z</time></trkpt>
    <trkpt lat="50.4335582" lon="5.9469651"><ele>246.5</ele><time>2025-06-15T10:37:46Z</time></trkpt>
    <trkpt lat="50.4335437" lon="5.9467909"><ele>246.8</ele><time>2025-06-15T10:37:47Z</time></trkpt>
    <trkpt lat="50.4335228" lon="5.9466346"><ele>246.8</ele><time>2025-06-15T10:37:49Z</time></trkpt>
    <trkpt lat="50.4334730" lon="5.9465250"><ele>246.7</ele><time>2025-06-15T10:37:50Z</time></trkpt>
    <trkpt lat="50.4334536" lon="5.9463667"><ele>246.3</ele><time>2025-06-15T10:37:52Z</time></trkpt>
    <trkpt lat="50.4334463" lon="5.9462496"><ele>246.6</ele><time>2025-06-15T10:37:53Z</time></trkpt>
    <trkpt lat="50.4333747" lon="5.9460951"><ele>246.4</ele><time>2025-06-15T10:37:54Z</time></trkpt>
    <trkpt lat="50.4333834" lon="5.9459867"><ele>246.3</ele><time>2025-06-15T10:37:56Z</time></trkpt>
    <trkpt lat="50.4333727" lon="5.9458589"><ele>246.8</ele><time>2025-06-15T10:37:57Z</time></trkpt>
    <trkpt lat="50.4333364" lon="5.9457191"><ele>246.8</ele><time>2025-06-15T10:37:59Z</time></trkpt>
    <trkpt lat="50.4332928" lon="5.9455845"><ele>245.4</ele><time>2025-06-15T10:38:00Z</time></trkpt>
    <trkpt lat="50.4332646" lon="5.9454273"><ele>246.4</ele><time>2025-06-15T10:38:02Z</time></trkpt>
    <trkpt lat="50.4332728" lon="5.9453401"><ele>245.3</ele><time>2025-06-15T10:38:03Z</time></trkpt>
    <trkpt lat="50.4332134" lon="5.9451903"><ele>246.4</ele><time>2025-06-15T10:38:04Z</time></trkpt>
    <trkpt lat="50.4331762" lon="5.9450476"><ele>246.1</ele><time>2025-06-15T10:38:06Z</time></trkpt>
    <trkpt lat="50.4331411" lon="5.9448957"><ele>245.1</ele><time>2025-06-15T10:38:07Z</time></trkpt>
    <trkpt lat="50.4331555" lon="5.9447786"><ele>246.5</ele><time>2025-06-15T10:38:09Z</time></trkpt>
    <trkpt lat="50.4331184" lon="5.9446210"><ele>246.1</ele><time>2025-06-15T10:38:10Z</time></trkpt>
    <trkpt lat="50.4330740" lon="5.9444801"><ele>245.6</ele><time>2025-06-15T10:38:12Z</time></trkpt>
    <trkpt lat="50.4330432" lon="5.9444200"><ele>245.3</ele><time>2025-06-15T10:38:13Z</time></trkpt>
    <trkpt lat="50.4329942" lon="5.9442491"><ele>246.7</ele><time>2025-06-15T10:38:14Z</time></trkpt>
    <trkpt lat="50.4329817" lon="5.9440886"><ele>245.1</ele><time>2025-06-15T10:38:16Z</time></trkpt>
    <trkpt lat="50.4329607" lon="5.9439558"><ele>245.6</ele><time>2025-06-15T10:38:17Z</time></trkpt>
    <trkpt lat="50.4329621" lon="5.9438597"><ele>246.0</ele><time>2025-06-15T10:38:19Z</time></trkpt>
    <trkpt lat="50.4329368" lon="5.9436695"><ele>245.7</ele><time>2025-06-15T10:38:20Z</time></trkpt>
    <trkpt lat="50.4329038" lon="5.9435487"><ele>246.1</ele><time>2025-06-15T10:38:22Z</time></trkpt>
    <trkpt lat="50.4328586" lon="5.9434600"><ele>245.5</ele><time>2025-06-15T10:38:23Z</time></trkpt>
    <trkpt lat="50.4328607" lon="5.9433279"><ele>246.4</ele><time>2025-06-15T10:38:24Z</time></trkpt>
    <trkpt lat="50.4328119" lon="5.9431678"><ele>245.2</ele><time>2025-06-15T10:38:26Z</time></trkpt>
    <trkpt lat="50.4328091" lon="5.9430203"><ele>245.4</ele><time>2025-06-15T10:38:27Z</time></trkpt>
    <trkpt lat="50.4327761" lon="5.9429345"><ele>245.6</ele><time>2025-06-15T10:38:29Z</time></trkpt>
    <trkpt lat="50.4327126" lon="5.9427527"><ele>244.7</ele><time>2025-06-15T10:38:30Z</time></trkpt>
    <trkpt lat="50.4327149" lon="5.9426233"><ele>245.4</ele><time>2025-06-15T10:38:32Z</time></trkpt>
    <trkpt lat="50.4326910" lon="5.9424992"><ele>245.4</ele><time>2025-06-15T10:38:33Z</time></trkpt>
    <trkpt lat="50.4326424" lon="5.9423585"><ele>245.0</ele><time>2025-06-15T10:38:34Z</time></trkpt>
    <trkpt lat="50.4326129" lon="5.9422060"><ele>244.6</ele><time>2025-06-15T10:38:36Z</time></trkpt>
    <trkpt lat="50.4326009" lon="5.9420475"><ele>245.0</ele><time>2025-06-15T10:38:37Z</time></trkpt>
    <trkpt lat="50.4325680" lon="5.9419724"><ele>244.8</ele><time>2025-06-15T10:38:39Z</time></trkpt>
    <trkpt lat="50.4325315" lon="5.9418090"><ele>244.2</ele><time>2025-06-15T10:38:40Z</time></trkpt>
    <trkpt lat="50.4325374" lon="5.9416689"><ele>244.9</ele><time>2025-06-15T10:38:42Z</time></trkpt>
    <trkpt lat="50.4324727" lon="5.9415526"><ele>244.7</ele><time>2025-06-15T10:38:43Z</time></trkpt>
    <trkpt lat="50.4324570" lon="5.9413978"><ele>244.6</ele><time>2025-06-15T10:38:44Z</time></trkpt>
    <trkpt lat="50.4324512" lon="5.9412811"><ele>243.9</ele><time>2025-06-15T10:38:46Z</time></trkpt>
    <trkpt lat="50.4324228" lon="5.9411248"><ele>244.0</ele><time>2025-06-15T10:38:47Z</time></trkpt>
    <trkpt lat="50.4324087" lon="5.9410024"><ele>244.2</ele><time>2025-06-15T10:38:49Z</time></trkpt>
    <trkpt lat="50.4323804" lon="5.9408554"><ele>244.3</ele><time>2025-06-15T10:38:50Z</time></trkpt>
    <trkpt lat="50.4323153" lon="5.9407434"><ele>244.9</ele><time>2025-06-15T10:38:52Z</time></trkpt>
    <trkpt lat="50.4322977" lon="5.9406361"><ele>244.6</ele><time>2025-06-15T10:38:53Z</time></trkpt>
    <trkpt lat="50.4322853" lon="5.9404811"><ele>244.4</ele><time>2025-06-15T10:38:54Z</time></trkpt>
    <trkpt lat="50.4322577" lon="5.9403318"><ele>244.1</ele><time>2025-06-15T10:38:56Z</time></trkpt>
    <trkpt lat="50.4322351" lon="5.9401658"><ele>244.8</ele><time>2025-06-15T10:38:57Z</time></trkpt>
    <trkpt lat="50.4321796" lon="5.9400774"><ele>243.9</ele><time>2025-06-15T10:38:59Z</time></trkpt>
    <trkpt lat="50.4321847" lon="5.9399328"><ele>243.9</ele><time>2025-06-15T10:39:00Z</time></trkpt>
    <trkpt lat="50.4321419" lon="5.9398000"><ele>244.3</ele><time>2025-06-15T10:39:02Z</time></trkpt>
    <trkpt lat="50.4321399" lon="5.9396795"><ele>244.2</ele><time>2025-06-15T10:39:03Z</time></trkpt>
    <trkpt lat="50.4321133" lon="5.9395310"><ele>243.7</ele><time>2025-06-15T10:39:04Z</time></trkpt>
    <trkpt lat="50.4320829" lon="5.9394162"><ele>244.5</ele><time>2025-06-15T10:39:06Z</time></trkpt>
    <trkpt lat="50.4320211" lon="5.9392527"><ele>243.5</ele><time>2025-06-15T10:39:07Z</time></trkpt>
    <trkpt lat="50.4320303" lon="5.9390992"><ele>244.5</ele><time>2025-06-15T10:39:09Z</time></trkpt>
    <trkpt lat="50.4320051" lon="5.9389945"><ele>243.6</ele><time>2025-06-15T10:39:10Z</time></trkpt>
    <trkpt lat="50.4319552" lon="5.9388532"><ele>242.7</ele><time>2025-06-15T10:39:12Z</time></trkpt>
    <trkpt lat="50.4319467" lon="5.9387418"><ele>243.5</ele><time>2025-06-15T10:39:13Z</time></trkpt>
    <trkpt lat="50.4319088" lon="5.9385980"><ele>243.6</ele><time>2025-06-15T10:39:14Z</time></trkpt>
    <trkpt lat="50.4318688" lon="5.9384553"><ele>243.0</ele><time>2025-06-15T10:39:16Z</time></trkpt>
    <trkpt lat="50.4318264" lon="5.9382974"><ele>243.5</ele><time>2025-06-15T10:39:17Z</time></trkpt>
    <trkpt lat="50.4318211" lon="5.9382176"><ele>243.3</ele><time>2025-06-15T10:39:19Z</time></trkpt>
    <trkpt lat="50.4317974" lon="5.9380654"><ele>243.3</ele><time>2025-06-15T10:39:20Z</time></trkpt>
    <trkpt lat="50.4317725" lon="5.9379055"><ele>243.1</ele><time>2025-06-15T10:39:22Z</time></trkpt>
    <trkpt lat="50.4317443" lon="5.9378028"><ele>244.0</ele><time>2025-06-15T10:39:23Z</time></trkpt>
    <trkpt lat="50.4317426" lon="5.9376320"><ele>243.4</ele><time>2025-06-15T10:39:24Z</time></trkpt>
    <trkpt lat="50.4317083" lon="5.9374993"><ele>243.0</ele><time>2025-06-15T10:39:26Z</time></trkpt>
    <trkpt lat="50.4316567" lon="5.9373764"><ele>242.7</ele><time>2025-06-15T10:39:27Z</time></trkpt>
    <trkpt lat="50.4316543" lon="5.9372338"><ele>242.5</ele><time>2025-06-15T10:39:29Z</time></trkpt>
    <trkpt lat="50.4316225" lon="5.9371456"><ele>243.3</ele><time>2025-06-15T10:39:30Z</time></trkpt>
    <trkpt lat="50.4315826" lon="5.9370103"><ele>241.9</ele><time>2025-06-15T10:39:32Z</time></trkpt>
    <trkpt lat="50.4315412" lon="5.9368834"><ele>243.0</ele><time>2025-06-15T10:39:33Z</time></trkpt>
    <trkpt lat="50.4315502" lon="5.9366861"><ele>243.2</ele><time>2025-06-15T10:39:34Z</time></trkpt>
    <trkpt lat="50.4315115" lon="5.9365703"><ele>242.4</ele><time>2025-06-15T10:39:36Z</time></trkpt>
    <trkpt lat="50.4314781" lon="5.9364092"><ele>242.7</ele><time>2025-06-15T10:39:37Z</time></trkpt>
    <trkpt lat="50.4314691" lon="5.9362943"><ele>242.6</ele><time>2025-06-15T10:39:39Z</time></trkpt>
    <trkpt lat="50.4314233" lon="5.9361765"><ele>242.4</ele><time>2025-06-15T10:39:40Z</time></trkpt>
    <trkpt lat="50.4313885" lon="5.9360661"><ele>242.6</ele><time>2025-06-15T10:39:42Z</time></trkpt>
    <trkpt lat="50.4313709" lon="5.9359001"><ele>242.7</ele><time>2025-06-15T10:39:43Z</time></trkpt>
    <trkpt lat="50.4313575" lon="5.9357410"><ele>242.8</ele><time>2025-06-15T10:39:44Z</time></trkpt>
    <trkpt lat="50.4313232" lon="5.9356306"><ele>242.3</ele><time>2025-06-15T10:39:46Z</time></trkpt>
    <trkpt lat="50.4312876" lon="5.9355091"><ele>242.6</ele><time>2025-06-15T10:39:47Z</time></trkpt>
    <trkpt lat="50.4312731" lon="5.9353328"><ele>242.0</ele><time>2025-06-15T10:39:49Z</time></trkpt>
    <trkpt lat="50.4312408" lon="5.9352191"><ele>241.8</ele><time>2025-06-15T10:39:50Z</time></trkpt>
    <trkpt lat="50.4312265" lon="5.9350808"><ele>242.0</ele><time>2025-06-15T10:39:52Z</time></trkpt>
    <trkpt lat="50.4312004" lon="5.9349221"><ele>242.8</ele><time>2025-06-15T10:39:53Z</time></trkpt>
    <trkpt lat="50.4311751" lon="5.9348005"><ele>241.5</ele><time>2025-06-15T10:39:54Z</time></trkpt>
    <trkpt lat="50.4311410" lon="5.9346794"><ele>242.2</ele><time>2025-06-15T10:39:56Z</time></trkpt>
    <trkpt lat="50.4311199" lon="5.9345629"><ele>242.1</ele><time>2025-06-15T10:39:57Z</time></trkpt>
    <trkpt lat="50.4310791" lon="5.9344494"><ele>242.6</ele><time>2025-06-15T10:39:59Z</time></trkpt>
    <trkpt lat="50.4310845" lon="5.9342965"><ele>242.2</ele><time>2025-06-15T10:40:00Z</time></trkpt>
    <trkpt lat="50.4310292" lon="5.9341560"><ele>242.6</ele><time>2025-06-15T10:40:02Z</time></trkpt>
    <trkpt lat="50.4310073" lon="5.9340106"><ele>242.2</ele><time>2025-06-15T10:40:03Z</time></trkpt>
    <trkpt lat="50.4309643" lon="5.9338687"><ele>243.1</ele><time>2025-06-15T10:40:04Z</time></trkpt>
    <trkpt lat="50.4309558" lon="5.9337880"><ele>241.5</ele><time>2025-06-15T10:40:06Z</time></trkpt>
    <trkpt lat="50.4309122" lon="5.9336207"><ele>242.3</ele><time>2025-06-15T10:40:07Z</time></trkpt>
    <trkpt lat="50.4308802" lon="5.9334848"><ele>241.8</ele><time>2025-06-15T10:40:09Z</time></trkpt>
    <trkpt lat="50.4308557" lon="5.9333270"><ele>242.6</ele><time>2025-06-15T10:40:10Z</time></trkpt>
    <trkpt lat="50.4308242" lon="5.9332240"><ele>242.1</ele><time>2025-06-15T10:40:12Z</time></trkpt>
    <trkpt lat="50.4308123" lon="5.9330604"><ele>241.7</ele><time>2025-06-15T10:40:13Z</time></trkpt>
    <trkpt lat="50.4307907" lon="5.9329156"><ele>242.6</ele><time>2025-06-15T10:40:14Z</time></trkpt>
    <trkpt lat="50.4307662" lon="5.9327933"><ele>241.9</ele><time>2025-06-15T10:40:16Z</time></trkpt>
    <trkpt lat="50.4307243" lon="5.9326655"><ele>242.1</ele><time>2025-06-15T10:40:17Z</time></trkpt>
    <trkpt lat="50.4307310" lon="5.9325436"><ele>241.4</ele><time>2025-06-15T10:40:19Z</time></trkpt>
    <trkpt lat="50.4306804" lon="5.9323716"><ele>242.0</ele><time>2025-06-15T10:40:20Z</time></trkpt>
    <trkpt lat="50.4306518" lon="5.9322677"><ele>242.1</ele><time>2025-06-15T10:40:22Z</time></trkpt>
    <trkpt lat="50.4306119" lon="5.9321547"><ele>241.6</ele><time>2025-06-15T10:40:23Z</time></trkpt>
    <trkpt lat="50.4306081" lon="5.9320193"><ele>242.2</ele><time>2025-06-15T10:40:24Z</time></trkpt>
    <trkpt lat="50.4305861" lon="5.9318311"><ele>241.4</ele><time>2025-06-15T10:40:26Z</time></trkpt>
    <trkpt lat="50.4305703" lon="5.9317196"><ele>242.0</ele><time>2025-06-15T10:40:27Z</time></trkpt>
    <trkpt lat="50.4305167" lon="5.9316237"><ele>241.4</ele><time>2025-06-15T10:40:29Z</time></trkpt>
    <trkpt lat="50.4305077" lon="5.9314673"><ele>241.2</ele><time>2025-06-15T10:40:30Z</time></trkpt>
    <trkpt lat="50.4304381" lon="5.9313279"><ele>241.3</ele><time>2025-06-15T10:40:32Z</time></trkpt>
    <trkpt lat="50.4304599" lon="5.9312006"><ele>242.5</ele><time>2025-06-15T10:40:33Z</time></trkpt>
    <trkpt lat="50.4304216" lon="5.9310626"><ele>241.6</ele><time>2025-06-15T10:40:34Z</time></trkpt>
    <trkpt lat="50.4303797" lon="5.9309412"><ele>242.0</ele><time>2025-06-15T10:40:36Z</time></trkpt>
    <trkpt lat="50.4303504" lon="5.9308077"><ele>242.0</ele><time>2025-06-15T10:40:37Z</time></trkpt>
    <trkpt lat="50.4303306" lon="5.9306786"><ele>241.3</ele><time>2025-06-15T10:40:39Z</time></trkpt>
    <trkpt lat="50.4303153" lon="5.9306052"><ele>241.1</ele><time>2025-06-15T10:40:40Z</time></trkpt>
  </trkseg></trk>
</gpx>
