{"type":"FeatureCollection","features":[{"type":"Feature","properties":{"highway":"tertiary","smoothness":"good","surface":"asphalt","width":5},"geometry":{"type":"LineString","coordinates":[[5.93,50.43],[5.9300244,50.430009],[5.9300488,50.430018],[5.9300731,50.430027],[5.9300975,50.430036],[5.9301219,50.4300449],[5.9301463,50.4300539],[5.9301706,50.4300629],[5.930195,50.4300719],[5.9302194,50.4300809],[5.9302438,50.4300899],[5.9302681,50.4300989],[5.9302925,50.4301079],[5.9303169,50.4301169],[5.9303413,50.4301259],[5.9303656,50.4301348],[5.93039,50.4301438],[5.9304144,50.4301528],[5.9304388,50.4301618],[5.9304632,50.4301708],[5.9304875,50.4301798],[5.9305119,50.4301888],[5.9305363,50.4301978],[5.9305607,50.4302068],[5.930585,50.4302158],[5.9306094,50.4302247],[5.9306338,50.4302337],[5.9306582,50.4302427],[5.9306825,50.4302517],[5.9307069,50.4302607],[5.9307313,50.4302697],[5.9307557,50.4302787],[5.9307801,50.4302877],[5.9308044,50.4302967],[5.9308288,50.4303056],[5.9308532,50.4303146],[5.9308776,50.4303236],[5.9309019,50.4303326],[5.9309263,50.4303416],[5.9309507,50.4303506],[5.9309751,50.4303596],[5.9309994,50.4303686],[5.9310238,50.4303776],[5.9310482,50.4303866],[5.9310726,50.4303955],[5.9310969,50.4304045],[5.9311213,50.4304135],[5.9311457,50.4304225],[5.9311701,50.4304315],[5.9311945,50.4304405],[5.9312188,50.4304495],[5.9312432,50.4304585],[5.9312676,50.4304675],[5.931292,50.4304765],[5.9313163,50.4304854],[5.9313407,50.4304944],[5.9313651,50.4305034],[5.9313895,50.4305124],[5.9314138,50.4305214],[5.9314382,50.4305304],[5.9314626,50.4305394],[5.931487,50.4305484],[5.9315114,50.4305574],[5.9315357,50.4305663],[5.9315601,50.4305753],[5.9315845,50.4305843],[5.9316089,50.4305933],[5.9316332,50.4306023],[5.9316576,50.4306113],[5.931682,50.4306203],[5.9317064,50.4306293],[5.9317308,50.4306383],[5.9317551,50.4306473],[5.9317795,50.4306562],[5.9318039,50.4306652],[5.9318283,50.4306742],[5.9318526,50.4306832],[5.931877,50.4306922],[5.9319014,50.4307012],[5.9319258,50.4307102],[5.9319501,50.4307192],[5.9319745,50.4307282],[5.9319989,50.4307371],[5.9320233,50.4307461],[5.9320477,50.4307551],[5.932072,50.4307641],[5.9320964,50.4307731],[5.9321208,50.4307821],[5.9321452,50.4307911],[5.9321695,50.4308001],[5.9321939,50.4308091],[5.9322183,50.430818],[5.9322427,50.430827],[5.9322671,50.430836],[5.9322914,50.430845],[5.9323158,50.430854],[5.9323402,50.430863],[5.9323646,50.430872],[5.9323889,50.430881],[5.9324133,50.43089],[5.9324377,50.430899],[5.9324621,50.4309079],[5.9324864,50.4309169],[5.9325108,50.4309259],[5.9325352,50.4309349],[5.9325596,50.4309439],[5.932584,50.4309529],[5.9326083,50.4309619],[5.9326327,50.4309709],[5.9326571,50.4309799],[5.9326815,50.4309888],[5.9327058,50.4309978],[5.9327302,50.4310068],[5.9327546,50.4310158],[5.932779,50.4310248],[5.9328034,50.4310338],[5.9328277,50.4310428],[5.9328521,50.4310518],[5.9328765,50.4310608],[5.9329009,50.4310697],[5.9329252,50.4310787],[5.9329496,50.4310877],[5.932974,50.4310967],[5.9329984,50.4311057],[5.9330228,50.4311147],[5.9330471,50.4311237],[5.9330715,50.4311327],[5.9330959,50.4311417],[5.9331203,50.4311507],[5.9331446,50.4311596],[5.933169,50.4311686],[5.9331934,50.4311776],[5.9332178,50.4311866],[5.9332422,50.4311956],[5.9332665,50.4312046],[5.9332909,50.4312136],[5.9333153,50.4312226],[5.9333397,50.4312316],[5.933364,50.4312405],[5.9333884,50.4312495],[5.9334128,50.4312585],[5.9334372,50.4312675],[5.9334615,50.4312765],[5.9334859,50.4312855],[5.9335103,50.4312945],[5.9335347,50.4313035],[5.9335591,50.4313125],[5.9335834,50.4313214],[5.9336078,50.4313304],[5.9336322,50.4313394],[5.9336566,50.4313484],[5.9336809,50.4313574],[5.9337053,50.4313664],[5.9337297,50.4313754],[5.9337541,50.4313844],[5.9337785,50.4313934],[5.9338028,50.4314023],[5.9338272,50.4314113],[5.9338516,50.4314203],[5.933876,50.4314293],[5.9339004,50.4314383],[5.9339247,50.4314473],[5.9339491,50.4314563],[5.9339735,50.4314653],[5.9339979,50.4314743],[5.9340222,50.4314832],[5.9340466,50.4314922],[5.934071,50.4315012],[5.9340954,50.4315102],[5.9341198,50.4315192],[5.9341441,50.4315282],[5.9341685,50.4315372],[5.9341929,50.4315462],[5.9342173,50.4315552],[5.9342416,50.4315641],[5.934266,50.4315731],[5.9342904,50.4315821],[5.9343148,50.4315911],[5.9343392,50.4316001],[5.9343635,50.4316091],[5.9343879,50.4316181],[5.9344123,50.4316271],[5.9344367,50.4316361],[5.934461,50.431645],[5.9344854,50.431654],[5.9345098,50.431663],[5.9345342,50.431672],[5.9345586,50.431681],[5.9345829,50.43169],[5.9346073,50.431699],[5.9346317,50.431708],[5.9346561,50.431717],[5.9346804,50.4317259],[5.9347048,50.4317349],[5.9347292,50.4317439],[5.9347536,50.4317529],[5.934778,50.4317619],[5.9348023,50.4317709],[5.9348267,50.4317799],[5.9348511,50.4317889],[5.9348755,50.4317979],[5.9348999,50.4318068],[5.9349242,50.4318158],[5.9349486,50.4318248],[5.934973,50.4318338],[5.9349974,50.4318428],[5.9350217,50.4318518],[5.9350461,50.4318608],[5.9350705,50.4318698],[5.9350949,50.4318788],[5.9351193,50.4318877],[5.9351436,50.4318967],[5.935168,50.4319057],[5.9351924,50.4319147],[5.9352168,50.4319237],[5.9352412,50.4319327],[5.9352655,50.4319417],[5.9352899,50.4319507],[5.9353143,50.4319597],[5.9353387,50.4319686],[5.935363,50.4319776],[5.9353874,50.4319866],[5.9354118,50.4319956],[5.9354362,50.4320046],[5.9354606,50.4320136],[5.9354849,50.4320226],[5.9355093,50.4320316],[5.9355337,50.4320405],[5.9355581,50.4320495],[5.9355825,50.4320585],[5.9356068,50.4320675],[5.9356312,50.4320765],[5.9356556,50.4320855],[5.93568,50.4320945],[5.9357043,50.4321035],[5.9357287,50.4321125],[5.9357531,50.4321214],[5.9357775,50.4321304],[5.9358019,50.4321394],[5.9358262,50.4321484],[5.9358506,50.4321574],[5.935875,50.4321664],[5.9358994,50.4321754],[5.9359238,50.4321844],[5.9359481,50.4321934],[5.9359725,50.4322023],[5.9359969,50.4322113],[5.9360213,50.4322203],[5.9360456,50.4322293],[5.93607,50.4322383],[5.9360944,50.4322473],[5.9361188,50.4322563],[5.9361432,50.4322653],[5.9361675,50.4322743],[5.9361919,50.4322832],[5.9362163,50.4322922],[5.9362407,50.4323012],[5.9362651,50.4323102],[5.9362894,50.4323192],[5.9363138,50.4323282],[5.9363382,50.4323372],[5.9363626,50.4323462],[5.9363869,50.4323551],[5.9364113,50.4323641],[5.9364357,50.4323731],[5.9364601,50.4323821],[5.9364845,50.4323911],[5.9365088,50.4324001],[5.9365332,50.4324091],[5.9365576,50.4324181],[5.936582,50.4324271],[5.9366064,50.432436],[5.9366307,50.432445],[5.9366551,50.432454],[5.9366795,50.432463],[5.9367039,50.432472],[5.9367283,50.432481],[5.9367526,50.43249],[5.936777,50.432499],[5.9368014,50.432508],[5.9368258,50.4325169],[5.9368501,50.4325259],[5.9368745,50.4325349],[5.9368989,50.4325439],[5.9369233,50.4325529],[5.9369477,50.4325619],[5.936972,50.4325709],[5.9369964,50.4325799],[5.9370208,50.4325888],[5.9370452,50.4325978],[5.9370696,50.4326068],[5.9370939,50.4326158],[5.9371183,50.4326248],[5.9371427,50.4326338],[5.9371671,50.4326428],[5.9371915,50.4326518],[5.9372158,50.4326608],[5.9372402,50.4326697],[5.9372646,50.4326787],[5.937289,50.4326877],[5.9373134,50.4326967],[5.9373377,50.4327057],[5.9373621,50.4327147],[5.9373865,50.4327237],[5.9374109,50.4327327],[5.9374352,50.4327416],[5.9374596,50.4327506],[5.937484,50.4327596],[5.9375084,50.4327686],[5.9375328,50.4327776],[5.9375571,50.4327866],[5.9375815,50.4327956],[5.9376059,50.4328046],[5.9376303,50.4328136],[5.9376547,50.4328225],[5.937679,50.4328315],[5.9377034,50.4328405],[5.9377278,50.4328495],[5.9377522,50.4328585],[5.9377766,50.4328675],[5.9378009,50.4328765],[5.9378253,50.4328855],[5.9378497,50.4328944],[5.9378741,50.4329034],[5.9378985,50.4329124],[5.9379228,50.4329214],[5.9379472,50.4329304],[5.9379716,50.4329394],[5.937996,50.4329484],[5.9380204,50.4329574],[5.9380447,50.4329664],[5.9380691,50.4329753],[5.9380935,50.4329843],[5.9381179,50.4329933],[5.9381423,50.4330023],[5.9381666,50.4330113],[5.938191,50.4330203],[5.9382154,50.4330293],[5.9382398,50.4330383],[5.9382641,50.4330472],[5.9382885,50.4330562],[5.9383129,50.4330652],[5.9383373,50.4330742],[5.9383617,50.4330832],[5.938386,50.4330922],[5.9384104,50.4331012],[5.9384348,50.4331102],[5.9384592,50.4331191],[5.9384836,50.4331281],[5.9385079,50.4331371],[5.9385323,50.4331461],[5.9385567,50.4331551],[5.9385811,50.4331641],[5.9386055,50.4331731],[5.9386298,50.4331821],[5.9386542,50.4331911],[5.9386786,50.4332],[5.938703,50.433209],[5.9387274,50.433218],[5.9387517,50.433227],[5.9387761,50.433236],[5.9388005,50.433245],[5.9388249,50.433254],[5.9388493,50.433263],[5.9388736,50.4332719],[5.938898,50.4332809],[5.9389224,50.4332899],[5.9389468,50.4332989],[5.9389712,50.4333079],[5.9389955,50.4333169],[5.9390199,50.4333259],[5.9390443,50.4333349],[5.9390687,50.4333438],[5.9390931,50.4333528],[5.9391174,50.4333618],[5.9391418,50.4333708],[5.9391662,50.4333798],[5.9391906,50.4333888],[5.939215,50.4333978],[5.9392393,50.4334068],[5.9392637,50.4334157],[5.9392881,50.4334247],[5.9393125,50.4334337],[5.9393369,50.4334427],[5.9393612,50.4334517],[5.9393856,50.4334607],[5.93941,50.4334697],[5.9394344,50.4334787],[5.9394588,50.4334877],[5.9394831,50.4334966],[5.9395075,50.4335056],[5.9395319,50.4335146],[5.9395563,50.4335236],[5.9395807,50.4335326],[5.939605,50.4335416],[5.9396294,50.4335506],[5.9396538,50.4335596],[5.9396782,50.4335685],[5.9397026,50.4335775],[5.9397269,50.4335865],[5.9397513,50.4335955],[5.9397757,50.4336045],[5.9398001,50.4336135],[5.9398245,50.4336225],[5.9398488,50.4336315],[5.9398732,50.4336404],[5.9398976,50.4336494],[5.939922,50.4336584],[5.9399464,50.4336674],[5.9399707,50.4336764],[5.9399951,50.4336854],[5.9400195,50.4336944],[5.9400439,50.4337034],[5.9400683,50.4337123],[5.9400926,50.4337213],[5.940117,50.4337303],[5.9401414,50.4337393],[5.9401658,50.4337483],[5.9401902,50.4337573],[5.9402145,50.4337663],[5.9402389,50.4337753],[5.9402633,50.4337842],[5.9402877,50.4337932],[5.9403121,50.4338022],[5.9403364,50.4338112],[5.9403608,50.4338202],[5.9403852,50.4338292],[5.9404096,50.4338382],[5.940434,50.4338472],[5.9404583,50.4338561],[5.9404827,50.4338651],[5.9405071,50.4338741],[5.9405315,50.4338831],[5.9405559,50.4338921],[5.9405803,50.4339011],[5.9406046,50.4339101],[5.940629,50.4339191],[5.9406534,50.433928],[5.9406778,50.433937],[5.9407022,50.433946],[5.9407265,50.433955],[5.9407509,50.433964],[5.9407753,50.433973],[5.9407997,50.433982],[5.9408241,50.433991],[5.9408484,50.4339999],[5.9408728,50.4340089],[5.9408972,50.4340179],[5.9409216,50.4340269],[5.940946,50.4340359],[5.9409703,50.4340449],[5.9409947,50.4340539],[5.9410191,50.4340629],[5.9410435,50.4340718],[5.9410679,50.4340808],[5.9410922,50.4340898],[5.9411166,50.4340988],[5.941141,50.4341078],[5.9411654,50.4341168],[5.9411898,50.4341258],[5.9412141,50.4341348],[5.9412385,50.4341437],[5.9412629,50.4341527],[5.9412873,50.4341617],[5.9413117,50.4341707],[5.941336,50.4341797],[5.9413604,50.4341887],[5.9413848,50.4341977],[5.9414092,50.4342067],[5.9414336,50.4342156],[5.941458,50.4342246],[5.9414823,50.4342336],[5.9415067,50.4342426],[5.9415311,50.4342516],[5.9415555,50.4342606],[5.9415799,50.4342696],[5.9416042,50.4342786],[5.9416286,50.4342875],[5.941653,50.4342965],[5.9416774,50.4343055],[5.9417018,50.4343145],[5.9417261,50.4343235],[5.9417505,50.4343325],[5.9417749,50.4343415],[5.9417993,50.4343505],[5.9418237,50.4343594],[5.941848,50.4343684],[5.9418724,50.4343774],[5.9418968,50.4343864],[5.9419212,50.4343954],[5.9419456,50.4344044],[5.94197,50.4344134],[5.9419943,50.4344224],[5.9420187,50.4344313],[5.9420431,50.4344403],[5.9420675,50.4344493],[5.9420919,50.4344583],[5.9421162,50.4344673],[5.9421406,50.4344763],[5.942165,50.4344853],[5.9421894,50.4344943],[5.9422138,50.4345032],[5.9422381,50.4345122],[5.9422625,50.4345212],[5.9422869,50.4345302],[5.9423113,50.4345392],[5.9423357,50.4345482],[5.94236,50.4345572],[5.9423844,50.4345662],[5.9424088,50.4345751],[5.9424332,50.4345841],[5.9424576,50.4345931],[5.942482,50.4346021],[5.9425063,50.4346111],[5.9425307,50.4346201],[5.9425551,50.4346291],[5.9425795,50.434638],[5.9426039,50.434647],[5.9426282,50.434656],[5.9426526,50.434665],[5.942677,50.434674],[5.9427014,50.434683],[5.9427258,50.434692],[5.9427501,50.434701],[5.9427745,50.4347099],[5.9427989,50.4347189],[5.9428233,50.4347279],[5.9428477,50.4347369],[5.9428721,50.4347459],[5.9428964,50.4347549],[5.9429208,50.4347639],[5.9429452,50.4347729],[5.9429696,50.4347818],[5.942994,50.4347908],[5.9430183,50.4347998],[5.9430427,50.4348088],[5.9430671,50.4348178],[5.9430915,50.4348268],[5.9431159,50.4348358],[5.9431402,50.4348448],[5.9431646,50.4348537],[5.943189,50.4348627],[5.9432134,50.4348717],[5.9432378,50.4348807],[5.9432622,50.4348897],[5.9432865,50.4348987],[5.9433109,50.4349077],[5.9433353,50.4349166],[5.9433597,50.4349256],[5.9433841,50.4349346],[5.9434084,50.4349436],[5.9434328,50.4349526],[5.9434572,50.4349616],[5.9434816,50.4349706],[5.943506,50.4349796],[5.9435304,50.4349885],[5.9435547,50.4349975],[5.9435791,50.4350065],[5.9436035,50.4350155],[5.9436279,50.4350245],[5.9436523,50.4350335],[5.9436766,50.4350425],[5.943701,50.4350515],[5.9437254,50.4350604],[5.9437498,50.4350694],[5.9437742,50.4350784],[5.9437986,50.4350874],[5.9438229,50.4350964],[5.9438473,50.4351054],[5.9438717,50.4351144],[5.9438961,50.4351233],[5.9439205,50.4351323],[5.9439448,50.4351413],[5.9439692,50.4351503],[5.9439936,50.4351593],[5.944018,50.4351683],[5.9440424,50.4351773],[5.9440668,50.4351863],[5.9440911,50.4351952],[5.9441155,50.4352042],[5.9441399,50.4352132],[5.9441643,50.4352222],[5.9441887,50.4352312],[5.944213,50.4352402],[5.9442374,50.4352492],[5.9442618,50.4352581],[5.9442862,50.4352671],[5.9443106,50.4352761],[5.944335,50.4352851],[5.9443593,50.4352941],[5.9443837,50.4353031],[5.9444081,50.4353121],[5.9444325,50.4353211],[5.9444569,50.43533],[5.9444812,50.435339],[5.9445056,50.435348],[5.94453,50.435357],[5.9445544,50.435366],[5.9445788,50.435375],[5.9446032,50.435384],[5.9446275,50.435393],[5.9446519,50.4354019],[5.9446763,50.4354109],[5.9447007,50.4354199],[5.9447251,50.4354289],[5.9447494,50.4354379],[5.9447738,50.4354469],[5.9447982,50.4354559],[5.9448226,50.4354648],[5.944847,50.4354738],[5.9448714,50.4354828],[5.9448957,50.4354918],[5.9449201,50.4355008],[5.9449445,50.4355098],[5.9449689,50.4355188],[5.9449933,50.4355278],[5.9450176,50.4355367],[5.945042,50.4355457],[5.9450664,50.4355547],[5.9450908,50.4355637],[5.9451152,50.4355727],[5.9451396,50.4355817],[5.9451639,50.4355907],[5.9451883,50.4355996],[5.9452127,50.4356086],[5.9452371,50.4356176],[5.9452615,50.4356266],[5.9452859,50.4356356],[5.9453102,50.4356446],[5.9453346,50.4356536],[5.945359,50.4356625],[5.9453834,50.4356715],[5.9454078,50.4356805],[5.9454321,50.4356895],[5.9454565,50.4356985],[5.9454809,50.4357075],[5.9455053,50.4357165],[5.9455297,50.4357255],[5.9455541,50.4357344],[5.9455784,50.4357434],[5.9456028,50.4357524],[5.9456272,50.4357614],[5.9456516,50.4357704],[5.945676,50.4357794],[5.9457004,50.4357884],[5.9457247,50.4357973],[5.9457491,50.4358063],[5.9457735,50.4358153],[5.9457979,50.4358243],[5.9458223,50.4358333],[5.9458466,50.4358423],[5.945871,50.4358513],[5.9458954,50.4358603],[5.9459198,50.4358692],[5.9459442,50.4358782],[5.9459686,50.4358872],[5.9459929,50.4358962],[5.9460173,50.4359052],[5.9460417,50.4359142],[5.9460661,50.4359232],[5.9460905,50.4359321],[5.9461149,50.4359411],[5.9461392,50.4359501],[5.9461636,50.4359591],[5.946188,50.4359681],[5.9462124,50.4359771],[5.9462368,50.4359861],[5.9462611,50.435995],[5.9462855,50.436004],[5.9463099,50.436013],[5.9463343,50.436022],[5.9463587,50.436031],[5.9463831,50.43604],[5.9464074,50.436049],[5.9464318,50.436058],[5.9464562,50.4360669],[5.9464806,50.4360759],[5.946505,50.4360849],[5.9465294,50.4360939],[5.9465537,50.4361029],[5.9465781,50.4361119],[5.9466025,50.4361209],[5.9466269,50.4361298],[5.9466513,50.4361388],[5.9466757,50.4361478],[5.9467,50.4361568],[5.9467244,50.4361658],[5.9467488,50.4361748],[5.9467732,50.4361838],[5.9467976,50.4361927],[5.946822,50.4362017],[5.9468463,50.4362107],[5.9468707,50.4362197],[5.9468951,50.4362287],[5.9469195,50.4362377],[5.9469439,50.4362467],[5.9469682,50.4362557],[5.9469926,50.4362646],[5.947017,50.4362736],[5.9470414,50.4362826],[5.9470658,50.4362916],[5.9470902,50.4363006],[5.9471145,50.4363096],[5.9471389,50.4363186],[5.9471633,50.4363275],[5.9471877,50.4363365],[5.9472121,50.4363455],[5.9472365,50.4363545],[5.9472608,50.4363635],[5.9472852,50.4363725],[5.9473096,50.4363815],[5.947334,50.4363904],[5.9473584,50.4363994],[5.9473828,50.4364084],[5.9474071,50.4364174],[5.9474315,50.4364264],[5.9474559,50.4364354],[5.9474803,50.4364444],[5.9475047,50.4364533],[5.9475291,50.4364623],[5.9475534,50.4364713],[5.9475778,50.4364803],[5.9476022,50.4364893],[5.9476266,50.4364983],[5.947651,50.4365073],[5.9476754,50.4365162],[5.9476997,50.4365252],[5.9477241,50.4365342],[5.9477485,50.4365432],[5.9477729,50.4365522],[5.9477973,50.4365612],[5.9478217,50.4365702],[5.947846,50.4365792],[5.9478704,50.4365881],[5.9478948,50.4365971],[5.9479192,50.4366061],[5.9479436,50.4366151],[5.947968,50.4366241],[5.9479923,50.4366331],[5.9480167,50.4366421],[5.9480411,50.436651],[5.9480655,50.43666],[5.9480899,50.436669],[5.9481143,50.436678],[5.9481386,50.436687],[5.948163,50.436696],[5.9481874,50.436705],[5.9482118,50.4367139],[5.9482362,50.4367229],[5.9482606,50.4367319],[5.9482849,50.4367409],[5.9483093,50.4367499],[5.9483337,50.4367589],[5.9483581,50.4367679],[5.9483825,50.4367768],[5.9484069,50.4367858],[5.9484312,50.4367948],[5.9484556,50.4368038],[5.94848,50.4368128],[5.9485044,50.4368218],[5.9485288,50.4368308],[5.9485532,50.4368397],[5.9485775,50.4368487],[5.9486019,50.4368577],[5.9486263,50.4368667],[5.9486507,50.4368757],[5.9486751,50.4368847],[5.9486995,50.4368937],[5.9487238,50.4369026],[5.9487482,50.4369116],[5.9487726,50.4369206],[5.948797,50.4369296],[5.9488214,50.4369386],[5.9488458,50.4369476],[5.9488701,50.4369566],[5.9488945,50.4369655],[5.9489189,50.4369745],[5.9489433,50.4369835],[5.9489677,50.4369925],[5.9489921,50.4370015],[5.9490164,50.4370105],[5.9490408,50.4370195],[5.9490652,50.4370284],[5.9490896,50.4370374],[5.949114,50.4370464],[5.9491384,50.4370554],[5.9491627,50.4370644],[5.9491871,50.4370734],[5.9492115,50.4370824],[5.9492359,50.4370913],[5.9492603,50.4371003],[5.9492847,50.4371093],[5.949309,50.4371183],[5.9493334,50.4371273],[5.9493578,50.4371363],[5.9493822,50.4371453],[5.9494066,50.4371542],[5.949431,50.4371632],[5.9494553,50.4371722],[5.9494797,50.4371812],[5.9495041,50.4371902],[5.9495285,50.4371992],[5.9495529,50.4372082],[5.9495773,50.4372171],[5.9496017,50.4372261],[5.949626,50.4372351],[5.9496504,50.4372441],[5.9496748,50.4372531],[5.9496992,50.4372621],[5.9497236,50.4372711],[5.949748,50.43728],[5.9497723,50.437289],[5.9497967,50.437298],[5.9498211,50.437307],[5.9498455,50.437316],[5.9498699,50.437325],[5.9498943,50.437334],[5.9499186,50.4373429],[5.949943,50.4373519],[5.9499674,50.4373609],[5.9499918,50.4373699],[5.9500162,50.4373789],[5.9500406,50.4373879],[5.9500649,50.4373969],[5.9500893,50.4374058],[5.9501137,50.4374148],[5.9501381,50.4374238],[5.9501625,50.4374328],[5.9501869,50.4374418],[5.9502113,50.4374508],[5.9502356,50.4374598],[5.95026,50.4374687],[5.9502844,50.4374777],[5.9503088,50.4374867],[5.9503332,50.4374957],[5.9503576,50.4375047],[5.9503819,50.4375137],[5.9504063,50.4375227],[5.9504307,50.4375316],[5.9504551,50.4375406],[5.9504795,50.4375496],[5.9505039,50.4375586],[5.9505282,50.4375676],[5.9505526,50.4375766],[5.950577,50.4375856],[5.9506014,50.4375945],[5.9506258,50.4376035],[5.9506502,50.4376125],[5.9506746,50.4376215],[5.9506989,50.4376305],[5.9507233,50.4376395],[5.9507477,50.4376485],[5.9507721,50.4376574],[5.9507965,50.4376664],[5.9508209,50.4376754],[5.9508452,50.4376844],[5.9508696,50.4376934],[5.950894,50.4377024],[5.9509184,50.4377114],[5.9509428,50.4377203],[5.9509672,50.4377293],[5.9509915,50.4377383],[5.9510159,50.4377473],[5.9510403,50.4377563],[5.9510647,50.4377653],[5.9510891,50.4377742],[5.9511135,50.4377832],[5.9511379,50.4377922],[5.9511622,50.4378012],[5.9511866,50.4378102],[5.951211,50.4378192],[5.9512354,50.4378282],[5.9512598,50.4378371],[5.9512842,50.4378461],[5.9513085,50.4378551],[5.9513329,50.4378641],[5.9513573,50.4378731],[5.9513817,50.4378821],[5.9514061,50.4378911],[5.9514305,50.4379],[5.9514549,50.437909],[5.9514792,50.437918],[5.9515036,50.437927],[5.951528,50.437936],[5.9515524,50.437945],[5.9515768,50.437954],[5.9516012,50.4379629],[5.9516255,50.4379719],[5.9516499,50.4379809],[5.9516743,50.4379899],[5.9516987,50.4379989],[5.9517231,50.4380079],[5.9517475,50.4380169],[5.9517719,50.4380258],[5.9517962,50.4380348],[5.9518206,50.4380438],[5.951845,50.4380528],[5.9518694,50.4380618],[5.9518938,50.4380708],[5.9519182,50.4380797],[5.9519425,50.4380887],[5.9519669,50.4380977],[5.9519913,50.4381067],[5.9520157,50.4381157],[5.9520401,50.4381247],[5.9520645,50.4381337],[5.9520889,50.4381426],[5.9521132,50.4381516],[5.9521376,50.4381606],[5.952162,50.4381696],[5.9521864,50.4381786],[5.9522108,50.4381876],[5.9522352,50.4381966],[5.9522596,50.4382055],[5.9522839,50.4382145],[5.9523083,50.4382235],[5.9523327,50.4382325],[5.9523571,50.4382415],[5.9523815,50.4382505],[5.9524059,50.4382595],[5.9524302,50.4382684],[5.9524546,50.4382774],[5.952479,50.4382864],[5.9525034,50.4382954],[5.9525278,50.4383044],[5.9525522,50.4383134],[5.9525766,50.4383223],[5.9526009,50.4383313],[5.9526253,50.4383403],[5.9526497,50.4383493],[5.9526741,50.4383583],[5.9526985,50.4383673],[5.9527229,50.4383763],[5.9527472,50.4383852],[5.9527716,50.4383942],[5.952796,50.4384032],[5.9528204,50.4384122],[5.9528448,50.4384212],[5.9528692,50.4384302],[5.9528936,50.4384392],[5.9529179,50.4384481],[5.9529423,50.4384571],[5.9529667,50.4384661],[5.9529911,50.4384751],[5.9530155,50.4384841],[5.9530399,50.4384931],[5.9530643,50.438502],[5.9530886,50.438511],[5.953113,50.43852],[5.9531374,50.438529],[5.9531618,50.438538],[5.9531862,50.438547],[5.9532106,50.438556],[5.953235,50.4385649],[5.9532593,50.4385739],[5.9532837,50.4385829],[5.9533081,50.4385919],[5.9533325,50.4386009],[5.9533569,50.4386099],[5.9533813,50.4386189],[5.9534056,50.4386278],[5.95343,50.4386368],[5.9534544,50.4386458],[5.9534788,50.4386548],[5.9535032,50.4386638],[5.9535276,50.4386728],[5.953552,50.4386817],[5.9535763,50.4386907],[5.9536007,50.4386997],[5.9536251,50.4387087],[5.9536495,50.4387177],[5.9536739,50.4387267],[5.9536983,50.4387357],[5.9537227,50.4387446],[5.953747,50.4387536],[5.9537714,50.4387626],[5.9537958,50.4387716],[5.9538202,50.4387806],[5.9538446,50.4387896],[5.953869,50.4387985],[5.9538934,50.4388075],[5.9539177,50.4388165],[5.9539421,50.4388255],[5.9539665,50.4388345],[5.9539909,50.4388435],[5.9540153,50.4388525],[5.9540397,50.4388614],[5.9540641,50.4388704],[5.9540884,50.4388794],[5.9541128,50.4388884],[5.9541372,50.4388974],[5.9541616,50.4389064],[5.954186,50.4389153],[5.9542104,50.4389243],[5.9542348,50.4389333],[5.9542591,50.4389423],[5.9542835,50.4389513],[5.9543079,50.4389603],[5.9543323,50.4389693],[5.9543567,50.4389782],[5.9543811,50.4389872],[5.9544055,50.4389962],[5.9544298,50.4390052],[5.9544542,50.4390142],[5.9544786,50.4390232],[5.954503,50.4390321],[5.9545274,50.4390411],[5.9545518,50.4390501],[5.9545762,50.4390591],[5.9546005,50.4390681],[5.9546249,50.4390771],[5.9546493,50.4390861],[5.9546737,50.439095],[5.9546981,50.439104],[5.9547225,50.439113],[5.9547469,50.439122],[5.9547712,50.439131],[5.9547956,50.43914],[5.95482,50.4391489],[5.9548444,50.4391579],[5.9548688,50.4391669],[5.9548932,50.4391759],[5.9549176,50.4391849],[5.9549419,50.4391939],[5.9549663,50.4392029],[5.9549907,50.4392118],[5.9550151,50.4392208],[5.9550395,50.4392298],[5.9550639,50.4392388],[5.9550883,50.4392478],[5.9551126,50.4392568],[5.955137,50.4392657],[5.9551614,50.4392747],[5.9551858,50.4392837],[5.9552102,50.4392927],[5.9552346,50.4393017],[5.955259,50.4393107],[5.9552833,50.4393197],[5.9553077,50.4393286],[5.9553321,50.4393376],[5.9553565,50.4393466],[5.9553809,50.4393556],[5.9554053,50.4393646],[5.9554297,50.4393736],[5.955454,50.4393825],[5.9554784,50.4393915],[5.9555028,50.4394005],[5.9555272,50.4394095],[5.9555516,50.4394185],[5.955576,50.4394275],[5.9556004,50.4394365],[5.9556248,50.4394454],[5.9556491,50.4394544],[5.9556735,50.4394634],[5.9556979,50.4394724],[5.9557223,50.4394814],[5.9557467,50.4394904],[5.9557711,50.4394993],[5.9557955,50.4395083],[5.9558198,50.4395173],[5.9558442,50.4395263],[5.9558686,50.4395353],[5.955893,50.4395443],[5.9559174,50.4395532],[5.9559418,50.4395622],[5.9559662,50.4395712],[5.9559905,50.4395802],[5.9560149,50.4395892],[5.9560393,50.4395982],[5.9560637,50.4396072],[5.9560881,50.4396161],[5.9561125,50.4396251],[5.9561369,50.4396341],[5.9561612,50.4396431],[5.9561856,50.4396521],[5.95621,50.4396611],[5.9562344,50.43967],[5.9562588,50.439679],[5.9562832,50.439688],[5.9563076,50.439697],[5.956332,50.439706],[5.9563563,50.439715],[5.9563807,50.439724],[5.9564051,50.4397329],[5.9564295,50.4397419],[5.9564539,50.4397509],[5.9564783,50.4397599],[5.9565027,50.4397689],[5.956527,50.4397779],[5.9565514,50.4397868],[5.9565758,50.4397958],[5.9566002,50.4398048],[5.9566246,50.4398138],[5.956649,50.4398228],[5.9566734,50.4398318],[5.9566978,50.4398407],[5.9567221,50.4398497],[5.9567465,50.4398587],[5.9567709,50.4398677],[5.9567953,50.4398767],[5.9568197,50.4398857],[5.9568441,50.4398947],[5.9568685,50.4399036],[5.9568928,50.4399126],[5.9569172,50.4399216],[5.9569416,50.4399306],[5.956966,50.4399396],[5.9569904,50.4399486],[5.9570148,50.4399575],[5.9570392,50.4399665],[5.9570636,50.4399755],[5.9570879,50.4399845],[5.9571123,50.4399935],[5.9571367,50.4400025],[5.9571611,50.4400114],[5.9571855,50.4400204],[5.9572099,50.4400294],[5.9572343,50.4400384],[5.9572586,50.4400474],[5.957283,50.4400564],[5.9573074,50.4400653],[5.9573318,50.4400743],[5.9573562,50.4400833],[5.9573806,50.4400923],[5.957405,50.4401013],[5.9574294,50.4401103],[5.9574537,50.4401193],[5.9574781,50.4401282],[5.9575025,50.4401372],[5.9575269,50.4401462],[5.9575513,50.4401552],[5.9575757,50.4401642],[5.9576001,50.4401732],[5.9576244,50.4401821],[5.9576488,50.4401911],[5.9576732,50.4402001],[5.9576976,50.4402091],[5.957722,50.4402181],[5.9577464,50.4402271],[5.9577708,50.440236],[5.9577952,50.440245],[5.9578195,50.440254],[5.9578439,50.440263],[5.9578683,50.440272],[5.9578927,50.440281],[5.9579171,50.4402899],[5.9579415,50.4402989],[5.9579659,50.4403079],[5.9579903,50.4403169],[5.9580146,50.4403259],[5.958039,50.4403349],[5.9580634,50.4403439],[5.9580878,50.4403528],[5.9581122,50.4403618],[5.9581366,50.4403708],[5.958161,50.4403798],[5.9581853,50.4403888],[5.9582097,50.4403978],[5.9582341,50.4404067],[5.9582585,50.4404157],[5.9582829,50.4404247],[5.9583073,50.4404337],[5.9583317,50.4404427],[5.9583561,50.4404517],[5.9583804,50.4404606],[5.9584048,50.4404696],[5.9584292,50.4404786],[5.9584536,50.4404876],[5.958478,50.4404966],[5.9585024,50.4405056],[5.9585268,50.4405145],[5.9585512,50.4405235],[5.9585755,50.4405325],[5.9585999,50.4405415],[5.9586243,50.4405505],[5.9586487,50.4405595],[5.9586731,50.4405684],[5.9586975,50.4405774],[5.9587219,50.4405864],[5.9587463,50.4405954],[5.9587706,50.4406044],[5.958795,50.4406134],[5.9588194,50.4406223],[5.9588438,50.4406313],[5.9588682,50.4406403],[5.9588926,50.4406493],[5.958917,50.4406583],[5.9589414,50.4406673],[5.9589657,50.4406763],[5.9589901,50.4406852],[5.9590145,50.4406942],[5.9590389,50.4407032],[5.9590633,50.4407122],[5.9590877,50.4407212],[5.9591121,50.4407302],[5.9591365,50.4407391],[5.9591608,50.4407481],[5.9591852,50.4407571],[5.9592096,50.4407661],[5.959234,50.4407751],[5.9592584,50.4407841],[5.9592828,50.440793],[5.9593072,50.440802],[5.9593316,50.440811],[5.9593559,50.44082],[5.9593803,50.440829],[5.9594047,50.440838],[5.9594291,50.4408469],[5.9594535,50.4408559],[5.9594779,50.4408649],[5.9595023,50.4408739],[5.9595267,50.4408829],[5.959551,50.4408919],[5.9595754,50.4409008],[5.9595998,50.4409098],[5.9596242,50.4409188],[5.9596486,50.4409278],[5.959673,50.4409368],[5.9596974,50.4409458],[5.9597218,50.4409547],[5.9597461,50.4409637],[5.9597705,50.4409727],[5.9597949,50.4409817],[5.9598193,50.4409907],[5.9598437,50.4409997],[5.9598681,50.4410086],[5.9598925,50.4410176],[5.9599169,50.4410266],[5.9599412,50.4410356],[5.9599656,50.4410446],[5.95999,50.4410536],[5.9600144,50.4410625],[5.9600388,50.4410715],[5.9600632,50.4410805],[5.9600876,50.4410895],[5.960112,50.4410985],[5.9601363,50.4411075],[5.9601607,50.4411164],[5.9601851,50.4411254],[5.9602095,50.4411344],[5.9602339,50.4411434],[5.9602583,50.4411524],[5.9602827,50.4411614],[5.9603071,50.4411703],[5.9603315,50.4411793],[5.9603558,50.4411883],[5.9603802,50.4411973],[5.9604046,50.4412063],[5.960429,50.4412153],[5.9604534,50.4412242],[5.9604778,50.4412332],[5.9605022,50.4412422],[5.9605266,50.4412512],[5.9605509,50.4412602],[5.9605753,50.4412692],[5.9605997,50.4412781],[5.9606241,50.4412871],[5.9606485,50.4412961],[5.9606729,50.4413051],[5.9606973,50.4413141],[5.9607217,50.4413231],[5.960746,50.441332],[5.9607704,50.441341],[5.9607948,50.44135],[5.9608192,50.441359],[5.9608436,50.441368],[5.960868,50.441377],[5.9608924,50.4413859],[5.9609168,50.4413949],[5.9609412,50.4414039],[5.9609655,50.4414129],[5.9609899,50.4414219],[5.9610143,50.4414309],[5.9610387,50.4414398],[5.9610631,50.4414488],[5.9610875,50.4414578],[5.9611119,50.4414668],[5.9611363,50.4414758],[5.9611606,50.4414848],[5.961185,50.4414937],[5.9612094,50.4415027],[5.9612338,50.4415117],[5.9612582,50.4415207],[5.9612826,50.4415297],[5.961307,50.4415387],[5.9613314,50.4415476],[5.9613558,50.4415566],[5.9613801,50.4415656],[5.9614045,50.4415746],[5.9614289,50.4415836],[5.9614533,50.4415926],[5.9614777,50.4416015],[5.9615021,50.4416105],[5.9615265,50.4416195],[5.9615509,50.4416285],[5.9615752,50.4416375],[5.9615996,50.4416465],[5.961624,50.4416554],[5.9616484,50.4416644],[5.9616728,50.4416734],[5.9616972,50.4416824],[5.9617216,50.4416914],[5.961746,50.4417004],[5.9617704,50.4417093],[5.9617947,50.4417183],[5.9618191,50.4417273],[5.9618435,50.4417363],[5.9618679,50.4417453],[5.9618923,50.4417543],[5.9619167,50.4417632],[5.9619411,50.4417722],[5.9619655,50.4417812],[5.9619899,50.4417902],[5.9620142,50.4417992],[5.9620386,50.4418082],[5.962063,50.4418171],[5.9620874,50.4418261],[5.9621118,50.4418351],[5.9621362,50.4418441],[5.9621606,50.4418531],[5.962185,50.4418621],[5.9622094,50.441871],[5.9622337,50.44188],[5.9622581,50.441889],[5.9622825,50.441898],[5.9623069,50.441907],[5.9623313,50.441916],[5.9623557,50.4419249],[5.9623801,50.4419339],[5.9624045,50.4419429],[5.9624288,50.4419519],[5.9624532,50.4419609],[5.9624776,50.4419699],[5.962502,50.4419788],[5.9625264,50.4419878],[5.9625508,50.4419968],[5.9625752,50.4420058],[5.9625996,50.4420148],[5.962624,50.4420237],[5.9626483,50.4420327],[5.9626727,50.4420417],[5.9626971,50.4420507],[5.9627215,50.4420597],[5.9627459,50.4420687],[5.9627703,50.4420776],[5.9627947,50.4420866],[5.9628191,50.4420956],[5.9628435,50.4421046],[5.9628678,50.4421136],[5.9628922,50.4421226],[5.9629166,50.4421315],[5.962941,50.4421405],[5.9629654,50.4421495],[5.9629898,50.4421585],[5.9630142,50.4421675],[5.9630386,50.4421765],[5.963063,50.4421854],[5.9630873,50.4421944],[5.9631117,50.4422034],[5.9631361,50.4422124],[5.9631605,50.4422214],[5.9631849,50.4422304],[5.9632093,50.4422393],[5.9632337,50.4422483],[5.9632581,50.4422573],[5.9632825,50.4422663],[5.9633068,50.4422753],[5.9633312,50.4422843],[5.9633556,50.4422932],[5.96338,50.4423022],[5.9634044,50.4423112],[5.9634288,50.4423202],[5.9634532,50.4423292],[5.9634776,50.4423381],[5.963502,50.4423471],[5.9635264,50.4423561],[5.9635507,50.4423651],[5.9635751,50.4423741],[5.9635995,50.4423831],[5.9636239,50.442392],[5.9636483,50.442401],[5.9636727,50.44241],[5.9636971,50.442419],[5.9637215,50.442428],[5.9637459,50.442437],[5.9637702,50.4424459],[5.9637946,50.4424549],[5.963819,50.4424639],[5.9638434,50.4424729],[5.9638678,50.4424819],[5.9638922,50.4424909],[5.9639166,50.4424998],[5.963941,50.4425088],[5.9639654,50.4425178],[5.9639897,50.4425268],[5.9640141,50.4425358],[5.9640385,50.4425448],[5.9640629,50.4425537],[5.9640873,50.4425627],[5.9641117,50.4425717],[5.9641361,50.4425807],[5.9641605,50.4425897],[5.9641849,50.4425986],[5.9642093,50.4426076],[5.9642336,50.4426166],[5.964258,50.4426256],[5.9642824,50.4426346],[5.9643068,50.4426436],[5.9643312,50.4426525],[5.9643556,50.4426615],[5.96438,50.4426705],[5.9644044,50.4426795],[5.9644288,50.4426885],[5.9644531,50.4426975],[5.9644775,50.4427064],[5.9645019,50.4427154],[5.9645263,50.4427244],[5.9645507,50.4427334],[5.9645751,50.4427424],[5.9645995,50.4427514],[5.9646239,50.4427603],[5.9646483,50.4427693],[5.9646727,50.4427783],[5.964697,50.4427873],[5.9647214,50.4427963],[5.9647458,50.4428052],[5.9647702,50.4428142],[5.9647946,50.4428232],[5.964819,50.4428322],[5.9648434,50.4428412],[5.9648678,50.4428502],[5.9648922,50.4428591],[5.9649165,50.4428681],[5.9649409,50.4428771],[5.9649653,50.4428861],[5.9649897,50.4428951],[5.9650141,50.4429041],[5.9650385,50.442913],[5.9650629,50.442922],[5.9650873,50.442931],[5.9651117,50.44294],[5.9651361,50.442949],[5.9651604,50.4429579],[5.9651848,50.4429669],[5.9652092,50.4429759],[5.9652336,50.4429849],[5.965258,50.4429939],[5.9652824,50.4430029],[5.9653068,50.4430118],[5.9653312,50.4430208],[5.9653556,50.4430298],[5.96538,50.4430388],[5.9654043,50.4430478],[5.9654287,50.4430568],[5.9654531,50.4430657],[5.9654775,50.4430747],[5.9655019,50.4430837],[5.9655263,50.4430927],[5.9655507,50.4431017],[5.9655751,50.4431106],[5.9655995,50.4431196],[5.9656239,50.4431286],[5.9656482,50.4431376],[5.9656726,50.4431466],[5.965697,50.4431556],[5.9657214,50.4431645],[5.9657458,50.4431735],[5.9657702,50.4431825],[5.9657946,50.4431915],[5.965819,50.4432005],[5.9658434,50.4432095],[5.9658678,50.4432184],[5.9658921,50.4432274],[5.9659165,50.4432364],[5.9659409,50.4432454],[5.9659653,50.4432544],[5.9659897,50.4432633],[5.9660141,50.4432723],[5.9660385,50.4432813],[5.9660629,50.4432903],[5.9660873,50.4432993],[5.9661117,50.4433083],[5.966136,50.4433172],[5.9661604,50.4433262],[5.9661848,50.4433352],[5.9662092,50.4433442],[5.9662336,50.4433532],[5.966258,50.4433621],[5.9662824,50.4433711],[5.9663068,50.4433801],[5.9663312,50.4433891],[5.9663556,50.4433981],[5.9663799,50.4434071],[5.9664043,50.443416],[5.9664287,50.443425],[5.9664531,50.443434],[5.9664775,50.443443],[5.9665019,50.443452],[5.9665263,50.443461],[5.9665507,50.4434699],[5.9665751,50.4434789],[5.9665995,50.4434879],[5.9666238,50.4434969],[5.9666482,50.4435059],[5.9666726,50.4435148],[5.966697,50.4435238],[5.9667214,50.4435328],[5.9667458,50.4435418],[5.9667702,50.4435508],[5.9667946,50.4435598],[5.966819,50.4435687],[5.9668434,50.4435777],[5.9668678,50.4435867],[5.9668921,50.4435957],[5.9669165,50.4436047],[5.9669409,50.4436136],[5.9669653,50.4436226],[5.9669897,50.4436316],[5.9670141,50.4436406],[5.9670385,50.4436496],[5.9670629,50.4436586],[5.9670873,50.4436675],[5.9671117,50.4436765],[5.967136,50.4436855],[5.9671604,50.4436945],[5.9671848,50.4437035],[5.9672092,50.4437125],[5.9672336,50.4437214],[5.967258,50.4437304],[5.9672824,50.4437394],[5.9673068,50.4437484],[5.9673312,50.4437574],[5.9673556,50.4437663],[5.96738,50.4437753],[5.9674043,50.4437843],[5.9674287,50.4437933],[5.9674531,50.4438023],[5.9674775,50.4438113],[5.9675019,50.4438202],[5.9675263,50.4438292],[5.9675507,50.4438382],[5.9675751,50.4438472],[5.9675995,50.4438562],[5.9676239,50.4438651],[5.9676482,50.4438741],[5.9676726,50.4438831],[5.967697,50.4438921],[5.9677214,50.4439011],[5.9677458,50.4439101],[5.9677702,50.443919],[5.9677946,50.443928],[5.967819,50.443937],[5.9678434,50.443946],[5.9678678,50.443955],[5.9678922,50.4439639],[5.9679165,50.4439729],[5.9679409,50.4439819],[5.9679653,50.4439909],[5.9679897,50.4439999],[5.9680141,50.4440089],[5.9680385,50.4440178],[5.9680629,50.4440268],[5.9680873,50.4440358],[5.9681117,50.4440448],[5.9681361,50.4440538],[5.9681605,50.4440627],[5.9681848,50.4440717],[5.9682092,50.4440807],[5.9682336,50.4440897],[5.968258,50.4440987],[5.9682824,50.4441077],[5.9683068,50.4441166],[5.9683312,50.4441256],[5.9683556,50.4441346],[5.96838,50.4441436],[5.9684044,50.4441526],[5.9684288,50.4441615],[5.9684531,50.4441705],[5.9684775,50.4441795],[5.9685019,50.4441885],[5.9685263,50.4441975],[5.9685507,50.4442065],[5.9685751,50.4442154],[5.9685995,50.4442244],[5.9686239,50.4442334],[5.9686483,50.4442424],[5.9686727,50.4442514],[5.9686971,50.4442603],[5.9687214,50.4442693],[5.9687458,50.4442783],[5.9687702,50.4442873],[5.9687946,50.4442963],[5.968819,50.4443052],[5.9688434,50.4443142],[5.9688678,50.4443232],[5.9688922,50.4443322],[5.9689166,50.4443412],[5.968941,50.4443502],[5.9689654,50.4443591],[5.9689898,50.4443681],[5.9690141,50.4443771],[5.9690385,50.4443861],[5.9690629,50.4443951],[5.9690873,50.444404],[5.9691117,50.444413],[5.9691361,50.444422],[5.9691605,50.444431],[5.9691849,50.44444],[5.9692093,50.444449],[5.9692337,50.4444579],[5.9692581,50.4444669],[5.9692824,50.4444759],[5.9693068,50.4444849],[5.9693312,50.4444939],[5.9693556,50.4445028],[5.96938,50.4445118],[5.9694044,50.4445208],[5.9694288,50.4445298],[5.9694532,50.4445388],[5.9694776,50.4445478],[5.969502,50.4445567],[5.9695264,50.4445657],[5.9695508,50.4445747],[5.9695751,50.4445837],[5.9695995,50.4445927],[5.9696239,50.4446016],[5.9696483,50.4446106],[5.9696727,50.4446196],[5.9696971,50.4446286],[5.9697215,50.4446376],[5.9697459,50.4446465],[5.9697703,50.4446555],[5.9697947,50.4446645],[5.9698191,50.4446735],[5.9698434,50.4446825],[5.9698678,50.4446915],[5.9698922,50.4447004],[5.9699166,50.4447094],[5.969941,50.4447184],[5.9699654,50.4447274],[5.9699898,50.4447364],[5.9700142,50.4447453],[5.9700386,50.4447543],[5.970063,50.4447633],[5.9700874,50.4447723],[5.9701118,50.4447813],[5.9701361,50.4447902],[5.9701605,50.4447992],[5.9701849,50.4448082],[5.9702093,50.4448172],[5.9702337,50.4448262],[5.9702581,50.4448352],[5.9702825,50.4448441],[5.9703069,50.4448531],[5.9703313,50.4448621],[5.9703557,50.4448711],[5.9703801,50.4448801],[5.9704045,50.444889],[5.9704288,50.444898],[5.9704532,50.444907],[5.9704776,50.444916],[5.970502,50.444925],[5.9705264,50.444934],[5.9705508,50.4449429],[5.9705752,50.4449519],[5.9705996,50.4449609],[5.970624,50.4449699],[5.9706484,50.4449789],[5.9706728,50.4449878],[5.9706972,50.4449968],[5.9707216,50.4450058],[5.9707459,50.4450148],[5.9707703,50.4450238],[5.9707947,50.4450327],[5.9708191,50.4450417],[5.9708435,50.4450507],[5.9708679,50.4450597],[5.9708923,50.4450687],[5.9709167,50.4450776],[5.9709411,50.4450866],[5.9709655,50.4450956],[5.9709899,50.4451046],[5.9710143,50.4451136],[5.9710386,50.4451226],[5.971063,50.4451315],[5.9710874,50.4451405],[5.9711118,50.4451495],[5.9711362,50.4451585],[5.9711606,50.4451675],[5.971185,50.4451764],[5.9712094,50.4451854],[5.9712338,50.4451944],[5.9712582,50.4452034],[5.9712826,50.4452124],[5.971307,50.4452213],[5.9713314,50.4452303],[5.9713557,50.4452393],[5.9713801,50.4452483],[5.9714045,50.4452573],[5.9714289,50.4452663],[5.9714533,50.4452752],[5.9714777,50.4452842],[5.9715021,50.4452932],[5.9715265,50.4453022],[5.9715509,50.4453112],[5.9715753,50.4453201],[5.9715997,50.4453291],[5.9716241,50.4453381],[5.9716484,50.4453471],[5.9716728,50.4453561],[5.9716972,50.445365],[5.9717216,50.445374],[5.971746,50.445383],[5.9717704,50.445392],[5.9717948,50.445401],[5.9718192,50.44541],[5.9718436,50.4454189],[5.971868,50.4454279],[5.9718924,50.4454369],[5.9719168,50.4454459],[5.9719412,50.4454549],[5.9719655,50.4454638],[5.9719899,50.4454728],[5.9720143,50.4454818],[5.9720387,50.4454908],[5.9720631,50.4454998],[5.9720875,50.4455087],[5.9721119,50.4455177],[5.9721363,50.4455267],[5.9721607,50.4455357],[5.9721851,50.4455447],[5.9722095,50.4455536],[5.9722339,50.4455626],[5.9722583,50.4455716],[5.9722826,50.4455806],[5.972307,50.4455896],[5.9723314,50.4455986],[5.9723558,50.4456075],[5.9723802,50.4456165],[5.9724046,50.4456255],[5.972429,50.4456345],[5.9724534,50.4456435],[5.9724778,50.4456524],[5.9725022,50.4456614],[5.9725266,50.4456704],[5.972551,50.4456794],[5.9725754,50.4456884],[5.9725998,50.4456973],[5.9726241,50.4457063],[5.9726485,50.4457153],[5.9726729,50.4457243],[5.9726973,50.4457333],[5.9727217,50.4457422],[5.9727461,50.4457512],[5.9727705,50.4457602],[5.9727949,50.4457692],[5.9728193,50.4457782],[5.9728437,50.4457871],[5.9728681,50.4457961],[5.9728925,50.4458051],[5.9729169,50.4458141],[5.9729412,50.4458231],[5.9729656,50.4458321],[5.97299,50.445841],[5.9730144,50.44585],[5.9730388,50.445859],[5.9730632,50.445868],[5.9730876,50.445877],[5.973112,50.4458859],[5.9731364,50.4458949],[5.9731608,50.4459039],[5.9731852,50.4459129],[5.9732096,50.4459219],[5.973234,50.4459308],[5.9732584,50.4459398],[5.9732827,50.4459488],[5.9733071,50.4459578],[5.9733315,50.4459668],[5.9733559,50.4459757],[5.9733803,50.4459847],[5.9734047,50.4459937],[5.9734291,50.4460027],[5.9734535,50.4460117],[5.9734779,50.4460206],[5.9735023,50.4460296],[5.9735267,50.4460386],[5.9735511,50.4460476],[5.9735755,50.4460566],[5.9735999,50.4460655],[5.9736242,50.4460745],[5.9736486,50.4460835],[5.973673,50.4460925],[5.9736974,50.4461015],[5.9737218,50.4461105],[5.9737462,50.4461194],[5.9737706,50.4461284],[5.973795,50.4461374],[5.9738194,50.4461464],[5.9738438,50.4461554],[5.9738682,50.4461643],[5.9738926,50.4461733],[5.973917,50.4461823],[5.9739414,50.4461913],[5.9739658,50.4462003],[5.9739901,50.4462092],[5.9740145,50.4462182],[5.9740389,50.4462272],[5.9740633,50.4462362],[5.9740877,50.4462452],[5.9741121,50.4462541],[5.9741365,50.4462631],[5.9741609,50.4462721],[5.9741853,50.4462811],[5.9742097,50.4462901],[5.9742341,50.446299],[5.9742585,50.446308],[5.9742829,50.446317],[5.9743073,50.446326],[5.9743316,50.446335],[5.974356,50.4463439],[5.9743804,50.4463529],[5.9744048,50.4463619],[5.9744292,50.4463709],[5.9744536,50.4463799],[5.974478,50.4463888],[5.9745024,50.4463978],[5.9745268,50.4464068],[5.9745512,50.4464158],[5.9745756,50.4464248],[5.9746,50.4464338],[5.9746244,50.4464427],[5.9746488,50.4464517],[5.9746732,50.4464607],[5.9746975,50.4464697],[5.9747219,50.4464787],[5.9747463,50.4464876],[5.9747707,50.4464966],[5.9747951,50.4465056],[5.9748195,50.4465146],[5.9748439,50.4465236],[5.9748683,50.4465325],[5.9748927,50.4465415],[5.9749171,50.4465505],[5.9749415,50.4465595],[5.9749659,50.4465685],[5.9749903,50.4465774],[5.9750147,50.4465864],[5.9750391,50.4465954],[5.9750635,50.4466044],[5.9750878,50.4466134],[5.9751122,50.4466223],[5.9751366,50.4466313],[5.975161,50.4466403],[5.9751854,50.4466493],[5.9752098,50.4466583],[5.9752342,50.4466672],[5.9752586,50.4466762],[5.975283,50.4466852],[5.9753074,50.4466942],[5.9753318,50.4467032],[5.9753562,50.4467121],[5.9753806,50.4467211],[5.975405,50.4467301],[5.9754294,50.4467391],[5.9754537,50.4467481],[5.9754781,50.446757],[5.9755025,50.446766],[5.9755269,50.446775],[5.9755513,50.446784],[5.9755757,50.446793],[5.9756001,50.4468019],[5.9756245,50.4468109],[5.9756489,50.4468199],[5.9756733,50.4468289],[5.9756977,50.4468379],[5.9757221,50.4468468],[5.9757465,50.4468558],[5.9757709,50.4468648],[5.9757953,50.4468738],[5.9758197,50.4468828],[5.975844,50.4468917],[5.9758684,50.4469007],[5.9758928,50.4469097],[5.9759172,50.4469187],[5.9759416,50.4469277],[5.975966,50.4469366],[5.9759904,50.4469456],[5.9760148,50.4469546],[5.9760392,50.4469636],[5.9760636,50.4469726],[5.976088,50.4469815],[5.9761124,50.4469905],[5.9761368,50.4469995],[5.9761612,50.4470085],[5.9761856,50.4470175],[5.97621,50.4470264],[5.9762343,50.4470354],[5.9762587,50.4470444],[5.9762831,50.4470534],[5.9763075,50.4470624],[5.9763319,50.4470713],[5.9763563,50.4470803],[5.9763807,50.4470893],[5.9764051,50.4470983],[5.9764295,50.4471073],[5.9764539,50.4471162],[5.9764783,50.4471252],[5.9765027,50.4471342],[5.9765271,50.4471432],[5.9765515,50.4471522],[5.9765759,50.4471611],[5.9766003,50.4471701],[5.9766247,50.4471791],[5.976649,50.4471881],[5.9766734,50.4471971],[5.9766978,50.447206],[5.9767222,50.447215],[5.9767466,50.447224],[5.976771,50.447233],[5.9767954,50.447242],[5.9768198,50.4472509],[5.9768442,50.4472599],[5.9768686,50.4472689],[5.976893,50.4472779],[5.9769174,50.4472869],[5.9769418,50.4472958],[5.9769662,50.4473048],[5.9769906,50.4473138],[5.977015,50.4473228],[5.9770394,50.4473318],[5.9770637,50.4473407],[5.9770881,50.4473497],[5.9771125,50.4473587],[5.9771369,50.4473677],[5.9771613,50.4473767],[5.9771857,50.4473856],[5.9772101,50.4473946],[5.9772345,50.4474036],[5.9772589,50.4474126],[5.9772833,50.4474216],[5.9773077,50.4474305],[5.9773321,50.4474395],[5.9773565,50.4474485],[5.9773809,50.4474575],[5.9774053,50.4474665],[5.9774297,50.4474754],[5.9774541,50.4474844],[5.9774785,50.4474934],[5.9775028,50.4475024],[5.9775272,50.4475114],[5.9775516,50.4475203],[5.977576,50.4475293],[5.9776004,50.4475383],[5.9776248,50.4475473],[5.9776492,50.4475563],[5.9776736,50.4475652],[5.977698,50.4475742],[5.9777224,50.4475832],[5.9777468,50.4475922],[5.9777712,50.4476012],[5.9777956,50.4476101],[5.97782,50.4476191],[5.9778444,50.4476281],[5.9778688,50.4476371],[5.9778932,50.4476461],[5.9779176,50.447655],[5.9779419,50.447664],[5.9779663,50.447673],[5.9779907,50.447682],[5.9780151,50.447691],[5.9780395,50.4476999],[5.9780639,50.4477089],[5.9780883,50.4477179],[5.9781127,50.4477269],[5.9781371,50.4477359],[5.9781615,50.4477448],[5.9781859,50.4477538],[5.9782103,50.4477628],[5.9782347,50.4477718],[5.9782591,50.4477808],[5.9782835,50.4477897],[5.9783079,50.4477987],[5.9783323,50.4478077],[5.9783567,50.4478167],[5.9783811,50.4478257],[5.9784054,50.4478346],[5.9784298,50.4478436],[5.9784542,50.4478526],[5.9784786,50.4478616],[5.978503,50.4478706],[5.9785274,50.4478795],[5.9785518,50.4478885],[5.9785762,50.4478975],[5.9786006,50.4479065],[5.978625,50.4479154],[5.9786494,50.4479244],[5.9786738,50.4479334],[5.9786982,50.4479424],[5.9787226,50.4479514],[5.978747,50.4479603],[5.9787714,50.4479693],[5.9787958,50.4479783],[5.9788202,50.4479873],[5.9788446,50.4479963],[5.978869,50.4480052],[5.9788933,50.4480142],[5.9789177,50.4480232],[5.9789421,50.4480322],[5.9789665,50.4480412],[5.9789909,50.4480501],[5.9790153,50.4480591],[5.9790397,50.4480681],[5.9790641,50.4480771],[5.9790885,50.4480861],[5.9791129,50.448095],[5.9791373,50.448104],[5.9791617,50.448113],[5.9791861,50.448122],[5.9792105,50.448131],[5.9792349,50.4481399],[5.9792593,50.4481489],[5.9792837,50.4481579],[5.9793081,50.4481669],[5.9793325,50.4481759],[5.9793569,50.4481848],[5.9793812,50.4481938],[5.9794056,50.4482028],[5.97943,50.4482118],[5.9794544,50.4482208],[5.9794788,50.4482297],[5.9795032,50.4482387],[5.9795276,50.4482477],[5.979552,50.4482567],[5.9795764,50.4482656],[5.9796008,50.4482746],[5.9796252,50.4482836],[5.9796496,50.4482926],[5.979674,50.4483016],[5.9796984,50.4483105],[5.9797228,50.4483195],[5.9797472,50.4483285],[5.9797716,50.4483375],[5.979796,50.4483465],[5.9798204,50.4483554],[5.9798448,50.4483644],[5.9798692,50.4483734],[5.9798935,50.4483824],[5.9799179,50.4483914],[5.9799423,50.4484003],[5.9799667,50.4484093],[5.9799911,50.4484183],[5.9800155,50.4484273],[5.9800399,50.4484363],[5.9800643,50.4484452],[5.9800887,50.4484542],[5.9801131,50.4484632],[5.9801375,50.4484722],[5.9801619,50.4484812],[5.9801863,50.4484901],[5.9802107,50.4484991],[5.9802351,50.4485081],[5.9802595,50.4485171],[5.9802839,50.448526],[5.9803083,50.448535],[5.9803327,50.448544],[5.9803571,50.448553],[5.9803815,50.448562],[5.9804059,50.4485709],[5.9804302,50.4485799],[5.9804546,50.4485889],[5.980479,50.4485979],[5.9805034,50.4486069],[5.9805278,50.4486158],[5.9805522,50.4486248],[5.9805766,50.4486338],[5.980601,50.4486428],[5.9806254,50.4486518],[5.9806498,50.4486607],[5.9806742,50.4486697],[5.9806986,50.4486787],[5.980723,50.4486877],[5.9807474,50.4486967],[5.9807718,50.4487056],[5.9807962,50.4487146],[5.9808206,50.4487236],[5.980845,50.4487326],[5.9808694,50.4487415],[5.9808938,50.4487505],[5.9809182,50.4487595],[5.9809426,50.4487685],[5.980967,50.4487775],[5.9809913,50.4487864],[5.9810157,50.4487954],[5.9810401,50.4488044],[5.9810645,50.4488134],[5.9810889,50.4488224],[5.9811133,50.4488313],[5.9811377,50.4488403],[5.9811621,50.4488493],[5.9811865,50.4488583],[5.9812109,50.4488673],[5.9812353,50.4488762],[5.9812597,50.4488852],[5.9812841,50.4488942],[5.9813085,50.4489032],[5.9813329,50.4489121],[5.9813573,50.4489211],[5.9813817,50.4489301],[5.9814061,50.4489391],[5.9814305,50.4489481],[5.9814549,50.448957],[5.9814793,50.448966],[5.9815037,50.448975],[5.9815281,50.448984],[5.9815525,50.448993],[5.9815768,50.4490019],[5.9816012,50.4490109],[5.9816256,50.4490199],[5.98165,50.4490289],[5.9816744,50.4490379],[5.9816988,50.4490468],[5.9817232,50.4490558],[5.9817476,50.4490648],[5.981772,50.4490738],[5.9817964,50.4490827],[5.9818208,50.4490917],[5.9818452,50.4491007],[5.9818696,50.4491097],[5.981894,50.4491187],[5.9819184,50.4491276],[5.9819428,50.4491366],[5.9819672,50.4491456],[5.9819916,50.4491546],[5.982016,50.4491636],[5.9820404,50.4491725],[5.9820648,50.4491815],[5.9820892,50.4491905],[5.9821136,50.4491995],[5.982138,50.4492085],[5.9821624,50.4492174],[5.9821867,50.4492264],[5.9822111,50.4492354],[5.9822355,50.4492444],[5.9822599,50.4492533],[5.9822843,50.4492623],[5.9823087,50.4492713],[5.9823331,50.4492803],[5.9823575,50.4492893],[5.9823819,50.4492982],[5.9824063,50.4493072],[5.9824307,50.4493162],[5.9824551,50.4493252],[5.9824795,50.4493342],[5.9825039,50.4493431],[5.9825283,50.4493521],[5.9825527,50.4493611],[5.9825771,50.4493701],[5.9826015,50.4493791],[5.9826259,50.449388],[5.9826503,50.449397],[5.9826747,50.449406],[5.9826991,50.449415],[5.9827235,50.4494239],[5.9827479,50.4494329],[5.9827723,50.4494419],[5.9827967,50.4494509],[5.9828211,50.4494599],[5.9828455,50.4494688],[5.9828698,50.4494778],[5.9828942,50.4494868],[5.9829186,50.4494958],[5.982943,50.4495048],[5.9829674,50.4495137],[5.9829918,50.4495227],[5.9830162,50.4495317],[5.9830406,50.4495407],[5.983065,50.4495496],[5.9830894,50.4495586],[5.9831138,50.4495676],[5.9831382,50.4495766],[5.9831626,50.4495856],[5.983187,50.4495945],[5.9832114,50.4496035],[5.9832358,50.4496125],[5.9832602,50.4496215],[5.9832846,50.4496305],[5.983309,50.4496394],[5.9833334,50.4496484],[5.9833578,50.4496574],[5.9833822,50.4496664],[5.9834066,50.4496753],[5.983431,50.4496843],[5.9834554,50.4496933],[5.9834798,50.4497023],[5.9835042,50.4497113],[5.9835286,50.4497202],[5.983553,50.4497292],[5.9835773,50.4497382],[5.9836017,50.4497472],[5.9836261,50.4497562],[5.9836505,50.4497651],[5.9836749,50.4497741],[5.9836993,50.4497831],[5.9837237,50.4497921],[5.9837481,50.449801],[5.9837725,50.44981],[5.9837969,50.449819],[5.9838213,50.449828],[5.9838457,50.449837],[5.9838701,50.4498459],[5.9838945,50.4498549],[5.9839189,50.4498639],[5.9839433,50.4498729],[5.9839677,50.4498819],[5.9839921,50.4498908],[5.9840165,50.4498998],[5.9840409,50.4499088],[5.9840653,50.4499178],[5.9840897,50.4499267],[5.9841141,50.4499357],[5.9841385,50.4499447],[5.9841629,50.4499537],[5.9841873,50.4499627],[5.9842117,50.4499716],[5.9842361,50.4499806],[5.9842605,50.4499896],[5.9842849,50.4499986],[5.9843093,50.4500075],[5.9843337,50.4500165],[5.984358,50.4500255],[5.9843824,50.4500345],[5.9844068,50.4500435],[5.9844312,50.4500524],[5.9844556,50.4500614],[5.98448,50.4500704],[5.9845044,50.4500794],[5.9845288,50.4500884],[5.9845532,50.4500973],[5.9845776,50.4501063],[5.984602,50.4501153],[5.9846264,50.4501243],[5.9846508,50.4501332],[5.9846752,50.4501422],[5.9846996,50.4501512],[5.984724,50.4501602],[5.9847484,50.4501692],[5.9847728,50.4501781],[5.9847972,50.4501871],[5.9848216,50.4501961],[5.984846,50.4502051],[5.9848704,50.4502141],[5.984895,50.450223],[5.9849197,50.4502319],[5.9849445,50.4502407],[5.9849694,50.4502494],[5.9849943,50.4502581],[5.9850193,50.4502666],[5.9850443,50.4502751],[5.9850694,50.4502835],[5.9850946,50.4502918],[5.9851198,50.4503001],[5.9851452,50.4503082],[5.9851705,50.4503163],[5.985196,50.4503243],[5.9852215,50.4503322],[5.985247,50.45034],[5.9852727,50.4503478],[5.9852984,50.4503555],[5.9853241,50.450363],[5.9853499,50.4503705],[5.9853758,50.450378],[5.9854017,50.4503853],[5.9854277,50.4503925],[5.9854537,50.4503997],[5.9854798,50.4504068],[5.985506,50.4504138],[5.9855322,50.4504207],[5.9855584,50.4504275],[5.9855847,50.4504343],[5.9856111,50.450441],[5.9856375,50.4504475],[5.985664,50.450454],[5.9856905,50.4504604],[5.9857171,50.4504668],[5.9857437,50.450473],[5.9857704,50.4504791],[5.9857971,50.4504852],[5.9858238,50.4504912],[5.9858507,50.4504971],[5.9858775,50.4505029],[5.9859044,50.4505086],[5.9859314,50.4505142],[5.9859583,50.4505198],[5.9859854,50.4505252],[5.9860125,50.4505306],[5.9860396,50.4505359],[5.9860667,50.4505411],[5.9860939,50.4505462],[5.9861212,50.4505512],[5.9861485,50.4505562],[5.9861758,50.450561],[5.9862031,50.4505658],[5.9862305,50.4505704],[5.986258,50.450575],[5.9862854,50.4505795],[5.9863129,50.4505839],[5.9863405,50.4505883],[5.986368,50.4505925],[5.9863956,50.4505966],[5.9864233,50.4506007],[5.9864509,50.4506046],[5.9864786,50.4506085],[5.9865064,50.4506123],[5.9865341,50.450616],[5.9865619,50.4506196],[5.9865897,50.4506231],[5.9866176,50.4506266],[5.9866454,50.4506299],[5.9866733,50.4506331],[5.9867012,50.4506363],[5.9867292,50.4506394],[5.9867572,50.4506424],[5.9867851,50.4506453],[5.9868132,50.4506481],[5.9868412,50.4506508],[5.9868693,50.4506534],[5.9868973,50.4506559],[5.9869254,50.4506584],[5.9869535,50.4506607],[5.9869817,50.450663],[5.9870098,50.4506651],[5.987038,50.4506672],[5.9870662,50.4506692],[5.9870944,50.4506711],[5.9871226,50.4506729],[5.9871508,50.4506746],[5.9871791,50.4506762],[5.9872073,50.4506778],[5.9872356,50.4506792],[5.9872638,50.4506806],[5.9872921,50.4506818],[5.9873204,50.450683],[5.9873487,50.4506841],[5.987377,50.4506851],[5.9874054,50.450686],[5.9874337,50.4506868],[5.987462,50.4506875],[5.9874904,50.4506881],[5.9875187,50.4506886],[5.987547,50.4506891],[5.9875754,50.4506894],[5.9876037,50.4506897],[5.9876321,50.4506899],[5.9876605,50.4506899],[5.9876888,50.4506899],[5.987717,50.4506899],[5.9877451,50.4506899],[5.9877733,50.4506899],[5.9878014,50.4506899],[5.9878296,50.4506898],[5.9878578,50.4506898],[5.9878859,50.4506898],[5.9879141,50.4506898],[5.9879422,50.4506898],[5.9879704,50.4506898],[5.9879986,50.4506898],[5.9880267,50.4506898],[5.9880549,50.4506897],[5.988083,50.4506897],[5.9881112,50.4506897],[5.9881394,50.4506897],[5.9881675,50.4506897],[5.9881957,50.4506897],[5.9882238,50.4506897],[5.988252,50.4506896],[5.9882802,50.4506896],[5.9883083,50.4506896],[5.9883365,50.4506896],[5.9883646,50.4506896],[5.9883928,50.4506896],[5.988421,50.4506896],[5.9884491,50.4506895],[5.9884773,50.4506895],[5.9885054,50.4506895],[5.9885336,50.4506895],[5.9885618,50.4506895],[5.9885899,50.4506895],[5.9886181,50.4506895],[5.9886462,50.4506894],[5.9886744,50.4506894],[5.9887026,50.4506894],[5.9887307,50.4506894],[5.9887589,50.4506894],[5.988787,50.4506894],[5.9888152,50.4506894],[5.9888434,50.4506893],[5.9888715,50.4506893],[5.9888997,50.4506893],[5.9889278,50.4506893],[5.988956,50.4506893],[5.9889842,50.4506893],[5.9890123,50.4506893],[5.9890405,50.4506892],[5.9890686,50.4506892],[5.9890968,50.4506892],[5.989125,50.4506892],[5.9891531,50.4506892],[5.9891813,50.4506892],[5.9892094,50.4506892],[5.9892376,50.4506891],[5.9892658,50.4506891],[5.9892939,50.4506891],[5.9893221,50.4506891],[5.9893502,50.4506891],[5.9893784,50.4506891],[5.9894066,50.4506891],[5.9894347,50.450689],[5.9894629,50.450689],[5.989491,50.450689],[5.9895192,50.450689],[5.9895474,50.450689],[5.9895755,50.450689],[5.9896037,50.450689],[5.9896318,50.4506889],[5.98966,50.4506889],[5.9896882,50.4506889],[5.9897163,50.4506889],[5.9897445,50.4506889],[5.9897726,50.4506889],[5.9898008,50.4506889],[5.989829,50.4506888],[5.9898571,50.4506888],[5.9898853,50.4506888],[5.9899134,50.4506888],[5.9899416,50.4506888],[5.9899698,50.4506888],[5.9899979,50.4506888],[5.9900261,50.4506887],[5.9900542,50.4506887],[5.9900824,50.4506887],[5.9901105,50.4506887],[5.9901387,50.4506887],[5.9901669,50.4506887],[5.990195,50.4506887],[5.9902232,50.4506886],[5.9902513,50.4506886],[5.9902795,50.4506886],[5.9903077,50.4506886],[5.9903358,50.4506886],[5.990364,50.4506886],[5.9903921,50.4506885],[5.9904203,50.4506885],[5.9904485,50.4506885],[5.9904766,50.4506885],[5.9905048,50.4506885],[5.9905329,50.4506885],[5.9905611,50.4506885],[5.9905893,50.4506884],[5.9906174,50.4506884],[5.9906456,50.4506884],[5.9906737,50.4506884],[5.9907019,50.4506884],[5.9907301,50.4506884],[5.9907582,50.4506884],[5.9907864,50.4506883],[5.9908145,50.4506883],[5.9908427,50.4506883],[5.9908709,50.4506883],[5.990899,50.4506883],[5.9909272,50.4506883],[5.9909553,50.4506883],[5.9909835,50.4506882],[5.9910117,50.4506882],[5.9910398,50.4506882],[5.991068,50.4506882],[5.9910961,50.4506882],[5.9911243,50.4506882],[5.9911525,50.4506882],[5.9911806,50.4506881],[5.9912088,50.4506881],[5.9912369,50.4506881],[5.9912651,50.4506881],[5.9912933,50.4506881],[5.9913214,50.4506881],[5.9913496,50.450688],[5.9913777,50.450688],[5.9914059,50.450688],[5.9914341,50.450688],[5.9914622,50.450688],[5.9914904,50.450688],[5.9915185,50.450688],[5.9915467,50.4506879],[5.9915749,50.4506879],[5.991603,50.4506879],[5.9916312,50.4506879],[5.9916593,50.4506879],[5.9916875,50.4506879],[5.9917157,50.4506879],[5.9917438,50.4506878],[5.991772,50.4506878],[5.9918001,50.4506878],[5.9918283,50.4506878],[5.9918565,50.4506878],[5.9918846,50.4506878],[5.9919128,50.4506877],[5.9919409,50.4506877],[5.9919691,50.4506877],[5.9919973,50.4506877],[5.9920254,50.4506877],[5.9920536,50.4506877],[5.9920817,50.4506877],[5.9921099,50.4506876],[5.9921381,50.4506876],[5.9921662,50.4506876],[5.9921944,50.4506876],[5.9922225,50.4506876],[5.9922507,50.4506876],[5.9922789,50.4506876],[5.992307,50.4506875],[5.9923352,50.4506875],[5.9923633,50.4506875],[5.9923915,50.4506875],[5.9924197,50.4506875],[5.9924478,50.4506875],[5.992476,50.4506874],[5.9925041,50.4506874],[5.9925323,50.4506874],[5.9925604,50.4506874],[5.9925886,50.4506874],[5.9926168,50.4506874],[5.9926449,50.4506874],[5.9926731,50.4506873],[5.9927012,50.4506873],[5.9927294,50.4506873],[5.9927576,50.4506873],[5.9927857,50.4506873],[5.9928139,50.4506873],[5.992842,50.4506873],[5.9928702,50.4506872],[5.9928984,50.4506872],[5.9929265,50.4506872],[5.9929547,50.4506872],[5.9929828,50.4506872],[5.993011,50.4506872],[5.9930392,50.4506871],[5.9930673,50.4506871],[5.9930955,50.4506871],[5.9931236,50.4506871],[5.9931518,50.4506871],[5.99318,50.4506871],[5.9932081,50.4506871],[5.9932363,50.450687],[5.9932644,50.450687],[5.9932926,50.450687],[5.9933208,50.450687],[5.9933489,50.450687],[5.9933771,50.450687],[5.9934052,50.4506869],[5.9934334,50.4506869],[5.9934616,50.4506869],[5.9934897,50.4506869],[5.9935179,50.4506869],[5.993546,50.4506869],[5.9935742,50.4506869],[5.9936024,50.4506868],[5.9936305,50.4506868],[5.9936587,50.4506868],[5.9936868,50.4506868],[5.993715,50.4506868],[5.9937432,50.4506868],[5.9937713,50.4506867],[5.9937995,50.4506867],[5.9938276,50.4506867],[5.9938558,50.4506867],[5.993884,50.4506867],[5.9939121,50.4506867],[5.9939403,50.4506867],[5.9939684,50.4506866],[5.9939966,50.4506866],[5.9940248,50.4506866],[5.9940529,50.4506866],[5.9940811,50.4506866],[5.9941092,50.4506866],[5.9941374,50.4506865],[5.9941656,50.4506865],[5.9941937,50.4506865],[5.9942219,50.4506865],[5.99425,50.4506865],[5.9942782,50.4506865],[5.9943064,50.4506865],[5.9943345,50.4506864],[5.9943627,50.4506864],[5.9943908,50.4506864],[5.994419,50.4506864],[5.9944472,50.4506864],[5.9944753,50.4506864],[5.9945035,50.4506863],[5.9945316,50.4506863],[5.9945598,50.4506863],[5.994588,50.4506863],[5.9946161,50.4506863],[5.9946443,50.4506863],[5.9946724,50.4506862],[5.9947006,50.4506862],[5.9947288,50.4506862],[5.9947569,50.4506862],[5.9947851,50.4506862],[5.9948132,50.4506862],[5.9948414,50.4506862],[5.9948695,50.4506861],[5.9948977,50.4506861],[5.9949259,50.4506861],[5.994954,50.4506861],[5.9949822,50.4506861],[5.9950103,50.4506861],[5.9950385,50.450686],[5.9950667,50.450686],[5.9950948,50.450686],[5.995123,50.450686],[5.9951511,50.450686],[5.9951793,50.450686],[5.9952075,50.450686],[5.9952356,50.4506859],[5.9952638,50.4506859],[5.9952919,50.4506859],[5.9953201,50.4506859],[5.9953483,50.4506859],[5.9953764,50.4506859],[5.9954046,50.4506858],[5.9954327,50.4506858],[5.9954609,50.4506858],[5.9954891,50.4506858],[5.9955172,50.4506858],[5.9955454,50.4506858],[5.9955735,50.4506857],[5.9956017,50.4506857],[5.9956299,50.4506857],[5.995658,50.4506857],[5.9956862,50.4506857],[5.9957143,50.4506857],[5.9957425,50.4506856],[5.9957707,50.4506856],[5.9957988,50.4506856],[5.995827,50.4506856],[5.9958551,50.4506856],[5.9958833,50.4506856],[5.9959115,50.4506856],[5.9959396,50.4506855],[5.9959678,50.4506855],[5.9959959,50.4506855],[5.9960241,50.4506855],[5.9960523,50.4506855],[5.9960804,50.4506855],[5.9961086,50.4506854],[5.9961367,50.4506854],[5.9961649,50.4506854],[5.9961931,50.4506854],[5.9962212,50.4506854],[5.9962494,50.4506854],[5.9962775,50.4506853],[5.9963057,50.4506853],[5.9963339,50.4506853],[5.996362,50.4506853],[5.9963902,50.4506853],[5.9964183,50.4506853],[5.9964465,50.4506852],[5.9964747,50.4506852],[5.9965028,50.4506852],[5.996531,50.4506852],[5.9965591,50.4506852],[5.9965873,50.4506852],[5.9966155,50.4506852],[5.9966436,50.4506851],[5.9966718,50.4506851],[5.9966999,50.4506851],[5.9967281,50.4506851],[5.9967563,50.4506851],[5.9967844,50.4506851],[5.9968126,50.450685],[5.9968407,50.450685],[5.9968689,50.450685],[5.9968971,50.450685],[5.9969252,50.450685],[5.9969534,50.450685],[5.9969815,50.4506849],[5.9970097,50.4506849],[5.9970379,50.4506849],[5.997066,50.4506849],[5.9970942,50.4506849],[5.9971223,50.4506849],[5.9971505,50.4506848],[5.9971786,50.4506848],[5.9972068,50.4506848],[5.997235,50.4506848],[5.9972631,50.4506848],[5.9972913,50.4506848],[5.9973194,50.4506847],[5.9973476,50.4506847],[5.9973758,50.4506847],[5.9974039,50.4506847],[5.9974321,50.4506847],[5.9974602,50.4506847],[5.9974884,50.4506846],[5.9975166,50.4506846],[5.9975447,50.4506846],[5.9975729,50.4506846],[5.997601,50.4506846],[5.9976292,50.4506846],[5.9976574,50.4506846],[5.9976855,50.4506845],[5.9977137,50.4506845],[5.9977418,50.4506845],[5.99777,50.4506845],[5.9977982,50.4506845],[5.9978263,50.4506845],[5.9978545,50.4506844],[5.9978826,50.4506844],[5.9979108,50.4506844],[5.997939,50.4506844],[5.9979671,50.4506844],[5.9979953,50.4506844],[5.9980234,50.4506843],[5.9980516,50.4506843],[5.9980798,50.4506843],[5.9981079,50.4506843],[5.9981361,50.4506843],[5.9981642,50.4506843],[5.9981924,50.4506842],[5.9982206,50.4506842],[5.9982487,50.4506842],[5.9982769,50.4506842],[5.998305,50.4506842],[5.9983332,50.4506842],[5.9983614,50.4506841],[5.9983895,50.4506841],[5.9984177,50.4506841],[5.9984458,50.4506841],[5.998474,50.4506841],[5.9985022,50.4506841],[5.9985303,50.450684],[5.9985585,50.450684],[5.9985866,50.450684],[5.9986148,50.450684],[5.998643,50.450684],[5.9986711,50.450684],[5.9986993,50.4506839],[5.9987274,50.4506839],[5.9987556,50.4506839],[5.9987838,50.4506839],[5.9988119,50.4506839],[5.9988401,50.4506839],[5.9988682,50.4506838],[5.9988964,50.4506838],[5.9989246,50.4506838],[5.9989527,50.4506838],[5.9989809,50.4506838],[5.999009,50.4506838],[5.9990372,50.4506837],[5.9990654,50.4506837],[5.9990935,50.4506837],[5.9991217,50.4506837],[5.9991498,50.4506837],[5.999178,50.4506837],[5.9992062,50.4506836],[5.9992343,50.4506836],[5.9992625,50.4506836],[5.9992906,50.4506836],[5.9993188,50.4506836],[5.999347,50.4506836],[5.9993751,50.4506835],[5.9994033,50.4506835],[5.9994314,50.4506835],[5.9994596,50.4506835],[5.9994877,50.4506835],[5.9995159,50.4506835],[5.9995441,50.4506834],[5.9995722,50.4506834],[5.9996004,50.4506834],[5.9996285,50.4506834],[5.9996567,50.4506834],[5.9996849,50.4506834],[5.999713,50.4506833],[5.9997412,50.4506833],[5.9997693,50.4506833],[5.9997975,50.4506833],[5.9998257,50.4506833],[5.9998538,50.4506833],[5.999882,50.4506832],[5.9999101,50.4506832],[5.9999383,50.4506832],[5.9999665,50.4506832],[5.9999946,50.4506832],[6.0000228,50.4506832],[6.0000509,50.4506831],[6.0000791,50.4506831],[6.0001073,50.4506831],[6.0001354,50.4506831],[6.0001636,50.4506831],[6.0001917,50.4506831],[6.0002199,50.450683],[6.0002481,50.450683],[6.0002762,50.450683],[6.0003044,50.450683],[6.0003325,50.450683],[6.0003607,50.4506829],[6.0003889,50.4506829],[6.000417,50.4506829],[6.0004452,50.4506829],[6.0004733,50.4506829],[6.0005015,50.4506829],[6.0005297,50.4506828],[6.0005578,50.4506828],[6.000586,50.4506828],[6.0006141,50.4506828],[6.0006423,50.4506828],[6.0006705,50.4506828],[6.0006986,50.4506827],[6.0007268,50.4506827],[6.0007549,50.4506827],[6.0007831,50.4506827],[6.0008113,50.4506827],[6.0008394,50.4506827],[6.0008676,50.4506826],[6.0008957,50.4506826],[6.0009239,50.4506826],[6.0009521,50.4506826],[6.0009802,50.4506826],[6.0010084,50.4506826],[6.0010365,50.4506825],[6.0010647,50.4506825],[6.0010929,50.4506825],[6.001121,50.4506825],[6.0011492,50.4506825],[6.0011773,50.4506825],[6.0012055,50.4506824],[6.0012337,50.4506824],[6.0012618,50.4506824],[6.00129,50.4506824],[6.0013181,50.4506824],[6.0013463,50.4506823],[6.0013745,50.4506823],[6.0014026,50.4506823],[6.0014308,50.4506823],[6.0014589,50.4506823],[6.0014871,50.4506823],[6.0015153,50.4506822],[6.0015434,50.4506822],[6.0015716,50.4506822],[6.0015997,50.4506822],[6.0016279,50.4506822],[6.0016561,50.4506822],[6.0016842,50.4506821],[6.0017124,50.4506821],[6.0017405,50.4506821],[6.0017687,50.4506821],[6.0017968,50.4506821],[6.001825,50.4506821],[6.0018532,50.450682],[6.0018813,50.450682],[6.0019095,50.450682],[6.0019376,50.450682],[6.0019658,50.450682],[6.001994,50.4506819],[6.0020221,50.4506819],[6.0020503,50.4506819],[6.0020784,50.4506819],[6.0021066,50.4506819],[6.0021348,50.4506819],[6.0021629,50.4506818],[6.0021911,50.4506818],[6.0022192,50.4506818],[6.0022474,50.4506818],[6.0022756,50.4506818],[6.0023037,50.4506818],[6.0023319,50.4506817],[6.00236,50.4506817],[6.0023882,50.4506817],[6.0024164,50.4506817],[6.0024445,50.4506817],[6.0024727,50.4506817],[6.0025008,50.4506816],[6.002529,50.4506816],[6.0025572,50.4506816],[6.0025853,50.4506816],[6.0026135,50.4506816],[6.0026416,50.4506815],[6.0026698,50.4506815],[6.002698,50.4506815],[6.0027261,50.4506815],[6.0027543,50.4506815],[6.0027824,50.4506815],[6.0028106,50.4506814],[6.0028388,50.4506814],[6.0028669,50.4506814],[6.0028951,50.4506814],[6.0029232,50.4506814],[6.0029514,50.4506814],[6.0029796,50.4506813],[6.0030077,50.4506813],[6.0030359,50.4506813],[6.003064,50.4506813],[6.0030922,50.4506813],[6.0031204,50.4506812],[6.0031485,50.4506812],[6.0031767,50.4506812],[6.0032048,50.4506812],[6.003233,50.4506812],[6.0032612,50.4506812],[6.0032893,50.4506811],[6.0033175,50.4506811],[6.0033456,50.4506811],[6.0033738,50.4506811],[6.003402,50.4506811],[6.0034301,50.4506811],[6.0034583,50.450681],[6.0034864,50.450681],[6.0035146,50.450681],[6.0035428,50.450681],[6.0035709,50.450681],[6.0035991,50.4506809],[6.0036272,50.4506809],[6.0036554,50.4506809],[6.0036836,50.4506809],[6.0037117,50.4506809],[6.0037399,50.4506809],[6.003768,50.4506808],[6.0037962,50.4506808],[6.0038244,50.4506808],[6.0038525,50.4506808],[6.0038807,50.4506808],[6.0039088,50.4506807],[6.003937,50.4506807],[6.0039651,50.4506807],[6.0039933,50.4506807],[6.0040215,50.4506807],[6.0040496,50.4506807],[6.0040778,50.4506806],[6.0041059,50.4506806],[6.0041341,50.4506806],[6.0041623,50.4506806],[6.0041904,50.4506806],[6.0042186,50.4506806],[6.0042467,50.4506805],[6.0042749,50.4506805],[6.0043031,50.4506805],[6.0043312,50.4506805],[6.0043594,50.4506805],[6.0043875,50.4506804],[6.0044157,50.4506804],[6.0044439,50.4506804],[6.004472,50.4506804],[6.0045002,50.4506804],[6.0045283,50.4506804],[6.0045565,50.4506803],[6.0045847,50.4506803],[6.0046128,50.4506803],[6.004641,50.4506803],[6.0046691,50.4506803],[6.0046973,50.4506802],[6.0047255,50.4506802],[6.0047536,50.4506802],[6.0047818,50.4506802],[6.0048099,50.4506802],[6.0048381,50.4506802],[6.0048663,50.4506801],[6.0048944,50.4506801],[6.0049226,50.4506801],[6.0049507,50.4506801],[6.0049789,50.4506801],[6.0050071,50.45068],[6.0050352,50.45068],[6.0050634,50.45068],[6.0050915,50.45068],[6.0051197,50.45068],[6.0051479,50.45068],[6.005176,50.4506799],[6.0052042,50.4506799],[6.0052323,50.4506799],[6.0052605,50.4506799],[6.0052887,50.4506799],[6.0053168,50.4506798],[6.005345,50.4506798],[6.0053731,50.4506798],[6.0054013,50.4506798],[6.0054295,50.4506798],[6.0054576,50.4506798],[6.0054858,50.4506797],[6.0055139,50.4506797],[6.0055421,50.4506797],[6.0055703,50.4506797],[6.0055984,50.4506797],[6.0056266,50.4506796],[6.0056547,50.4506796],[6.0056829,50.4506796],[6.0057111,50.4506796],[6.0057392,50.4506796],[6.0057674,50.4506796],[6.0057955,50.4506795],[6.0058237,50.4506795],[6.0058519,50.4506795],[6.00588,50.4506795],[6.0059082,50.4506795],[6.0059363,50.4506794],[6.0059645,50.4506794],[6.0059927,50.4506794],[6.0060208,50.4506794],[6.006049,50.4506794],[6.0060771,50.4506794],[6.0061053,50.4506793],[6.0061335,50.4506793],[6.0061616,50.4506793],[6.0061898,50.4506793],[6.0062179,50.4506793],[6.0062461,50.4506792],[6.0062742,50.4506792],[6.0063024,50.4506792],[6.0063306,50.4506792],[6.0063587,50.4506792],[6.0063869,50.4506791],[6.006415,50.4506791],[6.0064432,50.4506791],[6.0064714,50.4506791],[6.0064995,50.4506791],[6.0065277,50.4506791],[6.0065558,50.450679],[6.006584,50.450679],[6.0066122,50.450679],[6.0066403,50.450679],[6.0066685,50.450679],[6.0066966,50.4506789],[6.0067248,50.4506789],[6.006753,50.4506789],[6.0067811,50.4506789],[6.0068093,50.4506789],[6.0068374,50.4506789],[6.0068656,50.4506788],[6.0068938,50.4506788],[6.0069219,50.4506788],[6.0069501,50.4506788],[6.0069782,50.4506788],[6.0070064,50.4506787],[6.0070346,50.4506787],[6.0070627,50.4506787],[6.0070909,50.4506787],[6.007119,50.4506787],[6.0071472,50.4506786],[6.0071754,50.4506786],[6.0072035,50.4506786],[6.0072317,50.4506786],[6.0072598,50.4506786],[6.007288,50.4506786],[6.0073162,50.4506785],[6.0073443,50.4506785],[6.0073725,50.4506785],[6.0074006,50.4506785],[6.0074288,50.4506785],[6.007457,50.4506784],[6.0074851,50.4506784],[6.0075133,50.4506784],[6.0075414,50.4506784],[6.0075696,50.4506784],[6.0075978,50.4506783],[6.0076259,50.4506783],[6.0076541,50.4506783],[6.0076822,50.4506783],[6.0077104,50.4506783],[6.0077386,50.4506783],[6.0077667,50.4506782],[6.0077949,50.4506782],[6.007823,50.4506782],[6.0078512,50.4506782],[6.0078794,50.4506782],[6.0079075,50.4506781],[6.0079357,50.4506781],[6.0079638,50.4506781],[6.007992,50.4506781],[6.0080202,50.4506781],[6.0080483,50.450678],[6.0080765,50.450678],[6.0081046,50.450678],[6.0081328,50.450678],[6.008161,50.450678],[6.0081891,50.450678],[6.0082173,50.4506779],[6.0082454,50.4506779],[6.0082736,50.4506779],[6.0083018,50.4506779],[6.0083299,50.4506779],[6.0083581,50.4506778],[6.0083862,50.4506778],[6.0084144,50.4506778],[6.0084425,50.4506778],[6.0084707,50.4506778],[6.0084989,50.4506777],[6.008527,50.4506777],[6.0085552,50.4506777],[6.0085833,50.4506777],[6.0086115,50.4506777],[6.0086397,50.4506776],[6.0086678,50.4506776],[6.008696,50.4506776],[6.0087241,50.4506776],[6.0087523,50.4506776],[6.0087805,50.4506776],[6.0088086,50.4506775],[6.0088368,50.4506775],[6.0088649,50.4506775],[6.0088931,50.4506775],[6.0089213,50.4506775],[6.0089494,50.4506774],[6.0089776,50.4506774],[6.0090057,50.4506774],[6.0090339,50.4506774],[6.0090621,50.4506774],[6.0090902,50.4506773],[6.0091184,50.4506773],[6.0091465,50.4506773],[6.0091747,50.4506773],[6.0092029,50.4506773],[6.009231,50.4506772],[6.0092592,50.4506772],[6.0092873,50.4506772],[6.0093155,50.4506772],[6.0093437,50.4506772],[6.0093718,50.4506772],[6.0094,50.4506771],[6.0094281,50.4506771],[6.0094563,50.4506771],[6.0094845,50.4506771],[6.0095126,50.4506771],[6.0095408,50.450677],[6.0095689,50.450677],[6.0095971,50.450677],[6.0096253,50.450677],[6.0096534,50.450677],[6.0096816,50.4506769],[6.0097097,50.4506769],[6.0097379,50.4506769],[6.0097661,50.4506769],[6.0097942,50.4506769],[6.0098224,50.4506768],[6.0098505,50.4506768],[6.0098787,50.4506768],[6.0099069,50.4506768],[6.009935,50.4506768],[6.0099632,50.4506767],[6.0099913,50.4506767],[6.0100195,50.4506767],[6.0100477,50.4506767],[6.0100758,50.4506767],[6.010104,50.4506767],[6.0101321,50.4506766],[6.0101603,50.4506766],[6.0101885,50.4506766],[6.0102166,50.4506766],[6.0102448,50.4506766],[6.0102729,50.4506765],[6.0103011,50.4506765],[6.0103293,50.4506765],[6.0103574,50.4506765],[6.0103856,50.4506765],[6.0104137,50.4506764],[6.0104419,50.4506764],[6.0104701,50.4506764],[6.0104982,50.4506764],[6.0105264,50.4506764],[6.0105545,50.4506763],[6.0105827,50.4506763],[6.0106108,50.4506763],[6.010639,50.4506763],[6.0106672,50.4506763],[6.0106953,50.4506762],[6.0107235,50.4506762],[6.0107516,50.4506762],[6.0107798,50.4506762],[6.010808,50.4506762],[6.0108361,50.4506761],[6.0108643,50.4506761],[6.0108924,50.4506761],[6.0109206,50.4506761],[6.0109488,50.4506761],[6.0109769,50.450676],[6.0110051,50.450676],[6.0110332,50.450676],[6.0110614,50.450676],[6.0110896,50.450676],[6.0111177,50.4506759],[6.0111459,50.4506759],[6.011174,50.4506759],[6.0112022,50.4506759],[6.0112304,50.4506759],[6.0112585,50.4506758],[6.0112867,50.4506758],[6.0113148,50.4506758],[6.011343,50.4506758],[6.0113712,50.4506758],[6.0113993,50.4506758],[6.0114275,50.4506757],[6.0114556,50.4506757],[6.0114838,50.4506757],[6.011512,50.4506757],[6.0115401,50.4506757],[6.0115683,50.4506756],[6.0115964,50.4506756],[6.0116246,50.4506756],[6.0116528,50.4506756],[6.0116809,50.4506756],[6.0117091,50.4506755],[6.0117372,50.4506755],[6.0117654,50.4506755],[6.0117936,50.4506755],[6.0118217,50.4506755],[6.0118499,50.4506754],[6.011878,50.4506754],[6.0119062,50.4506754],[6.0119344,50.4506754],[6.0119625,50.4506754],[6.0119907,50.4506753],[6.0120188,50.4506753],[6.012047,50.4506753],[6.0120752,50.4506753],[6.0121033,50.4506753],[6.0121315,50.4506752],[6.0121596,50.4506752],[6.0121878,50.4506752],[6.012216,50.4506752],[6.0122441,50.4506752],[6.0122723,50.4506751],[6.0123004,50.4506751],[6.0123286,50.4506751],[6.0123568,50.4506751],[6.0123849,50.4506751],[6.0124131,50.450675],[6.0124412,50.450675],[6.0124694,50.450675],[6.0124976,50.450675],[6.0125257,50.450675],[6.0125539,50.4506749],[6.012582,50.4506749],[6.0126102,50.4506749],[6.0126384,50.4506749],[6.0126665,50.4506749],[6.0126947,50.4506748],[6.0127228,50.4506748],[6.012751,50.4506748],[6.0127791,50.4506748],[6.0128073,50.4506748],[6.0128355,50.4506747],[6.0128636,50.4506747],[6.0128918,50.4506747],[6.0129199,50.4506747],[6.0129481,50.4506747],[6.0129763,50.4506746],[6.0130044,50.4506746],[6.0130326,50.4506746],[6.0130607,50.4506746],[6.0130889,50.4506746],[6.0131171,50.4506745],[6.0131452,50.4506745],[6.0131734,50.4506745],[6.0132015,50.4506745],[6.0132297,50.4506745],[6.0132579,50.4506744],[6.013286,50.4506744],[6.0133142,50.4506744],[6.0133423,50.4506744],[6.0133705,50.4506744],[6.0133987,50.4506743],[6.0134268,50.4506743],[6.013455,50.4506743],[6.0134831,50.4506743],[6.0135113,50.4506743],[6.0135395,50.4506742],[6.0135676,50.4506742],[6.0135958,50.4506742],[6.0136239,50.4506742],[6.0136521,50.4506742],[6.0136803,50.4506741],[6.0137084,50.4506741],[6.0137366,50.4506741],[6.0137647,50.4506741],[6.0137929,50.4506741],[6.0138211,50.450674],[6.0138492,50.450674],[6.0138774,50.450674],[6.0139055,50.450674],[6.0139337,50.450674],[6.0139619,50.4506739],[6.01399,50.4506739],[6.0140182,50.4506739],[6.0140463,50.4506739],[6.0140745,50.4506738],[6.0141027,50.4506738],[6.0141308,50.4506738],[6.014159,50.4506738],[6.0141871,50.4506738],[6.0142153,50.4506737],[6.0142435,50.4506737],[6.0142716,50.4506737],[6.0142998,50.4506737],[6.0143279,50.4506737],[6.0143561,50.4506736],[6.0143843,50.4506736],[6.0144124,50.4506736],[6.0144406,50.4506736],[6.0144687,50.4506736],[6.0144969,50.4506735],[6.0145251,50.4506735],[6.0145532,50.4506735],[6.0145814,50.4506735],[6.0146095,50.4506735],[6.0146377,50.4506734],[6.0146659,50.4506734],[6.014694,50.4506734],[6.0147222,50.4506734],[6.0147503,50.4506734],[6.0147785,50.4506733],[6.0148067,50.4506733],[6.0148348,50.4506733],[6.014863,50.4506733],[6.0148911,50.4506733],[6.0149193,50.4506732],[6.0149474,50.4506732],[6.0149756,50.4506732],[6.0150038,50.4506732],[6.0150319,50.4506732],[6.0150601,50.4506731],[6.0150882,50.4506731],[6.0151164,50.4506731],[6.0151446,50.4506731],[6.0151727,50.4506731],[6.0152009,50.450673],[6.015229,50.450673],[6.0152572,50.450673],[6.0152854,50.450673],[6.0153135,50.4506729],[6.0153417,50.4506729],[6.0153698,50.4506729],[6.015398,50.4506729],[6.0154262,50.4506729],[6.0154543,50.4506728],[6.0154825,50.4506728],[6.0155106,50.4506728],[6.0155388,50.4506728],[6.015567,50.4506728],[6.0155951,50.4506727],[6.0156233,50.4506727],[6.0156514,50.4506727],[6.0156796,50.4506727],[6.0157078,50.4506727],[6.0157359,50.4506726],[6.0157641,50.4506726],[6.0157922,50.4506726],[6.0158204,50.4506726],[6.0158486,50.4506726],[6.0158767,50.4506725],[6.0159049,50.4506725],[6.015933,50.4506725],[6.0159612,50.4506725],[6.0159894,50.4506725],[6.0160175,50.4506724],[6.0160457,50.4506724],[6.0160738,50.4506724],[6.016102,50.4506724],[6.0161302,50.4506723],[6.0161583,50.4506723],[6.0161865,50.4506723],[6.0162146,50.4506723],[6.0162428,50.4506723],[6.016271,50.4506722],[6.0162991,50.4506722],[6.0163273,50.4506722],[6.0163554,50.4506722],[6.0163836,50.4506722],[6.0164118,50.4506721],[6.0164399,50.4506721],[6.0164681,50.4506721],[6.0164962,50.4506721],[6.0165244,50.4506721],[6.0165526,50.450672],[6.0165807,50.450672],[6.0166089,50.450672],[6.016637,50.450672],[6.0166652,50.4506719],[6.0166934,50.4506719],[6.0167215,50.4506719],[6.0167497,50.4506719],[6.0167778,50.4506719],[6.016806,50.4506718],[6.0168342,50.4506718],[6.0168623,50.4506718],[6.0168905,50.4506718],[6.0169186,50.4506718],[6.0169468,50.4506717],[6.016975,50.4506717],[6.0170031,50.4506717],[6.0170313,50.4506717],[6.0170594,50.4506717],[6.0170876,50.4506716],[6.0171157,50.4506716],[6.0171439,50.4506716],[6.0171721,50.4506716],[6.0172002,50.4506715],[6.0172284,50.4506715],[6.0172565,50.4506715],[6.0172847,50.4506715],[6.0173129,50.4506715],[6.017341,50.4506714],[6.0173692,50.4506714],[6.0173973,50.4506714],[6.0174255,50.4506714],[6.0174537,50.4506714],[6.0174818,50.4506713],[6.01751,50.4506713],[6.0175381,50.4506713],[6.0175663,50.4506713],[6.0175945,50.4506713],[6.0176226,50.4506712],[6.0176508,50.4506712],[6.0176789,50.4506712],[6.0177071,50.4506712],[6.0177353,50.4506711],[6.0177634,50.4506711],[6.0177916,50.4506711],[6.0178197,50.4506711],[6.0178479,50.4506711],[6.0178761,50.450671],[6.0179042,50.450671],[6.0179324,50.450671],[6.0179605,50.450671],[6.0179887,50.450671],[6.0180169,50.4506709],[6.018045,50.4506709],[6.0180732,50.4506709],[6.0181013,50.4506709],[6.0181295,50.4506708],[6.0181577,50.4506708],[6.0181858,50.4506708],[6.018214,50.4506708],[6.0182421,50.4506708],[6.0182703,50.4506707],[6.0182985,50.4506707],[6.0183266,50.4506707],[6.0183548,50.4506707],[6.0183829,50.4506707],[6.0184111,50.4506706],[6.0184393,50.4506706],[6.0184674,50.4506706],[6.0184956,50.4506706],[6.0185237,50.4506706],[6.0185519,50.4506705],[6.0185801,50.4506705],[6.0186082,50.4506705],[6.0186364,50.4506705],[6.0186645,50.4506704],[6.0186927,50.4506704],[6.0187209,50.4506704],[6.018749,50.4506704],[6.0187772,50.4506704],[6.0188053,50.4506703],[6.0188335,50.4506703],[6.0188617,50.4506703],[6.0188898,50.4506703],[6.018918,50.4506702],[6.0189461,50.4506702],[6.0189743,50.4506702],[6.0190025,50.4506702],[6.0190306,50.4506702],[6.0190588,50.4506701],[6.0190869,50.4506701],[6.0191151,50.4506701],[6.0191433,50.4506701],[6.0191714,50.4506701],[6.0191996,50.45067],[6.0192277,50.45067],[6.0192559,50.45067],[6.019284,50.45067],[6.0193122,50.4506699],[6.0193404,50.4506699],[6.0193685,50.4506699],[6.0193967,50.4506699],[6.0194248,50.4506699],[6.019453,50.4506698],[6.0194812,50.4506698],[6.0195093,50.4506698],[6.0195375,50.4506698],[6.0195656,50.4506698],[6.0195938,50.4506697],[6.019622,50.4506697],[6.0196501,50.4506697],[6.0196783,50.4506697],[6.0197064,50.4506696],[6.0197346,50.4506696],[6.0197628,50.4506696],[6.0197909,50.4506696],[6.0198191,50.4506696],[6.0198472,50.4506695],[6.0198754,50.4506695],[6.0199036,50.4506695],[6.0199317,50.4506695],[6.0199599,50.4506694],[6.019988,50.4506694],[6.0200162,50.4506694],[6.0200444,50.4506694],[6.0200725,50.4506694],[6.0201007,50.4506693],[6.0201288,50.4506693],[6.020157,50.4506693],[6.0201852,50.4506693],[6.0202133,50.4506693],[6.0202415,50.4506692],[6.0202696,50.4506692],[6.0202978,50.4506692],[6.020326,50.4506692],[6.0203541,50.4506691],[6.0203823,50.4506691],[6.0204104,50.4506691],[6.0204386,50.4506691],[6.0204668,50.4506691],[6.0204949,50.450669],[6.0205231,50.450669],[6.0205512,50.450669],[6.0205794,50.450669],[6.0206076,50.4506689],[6.0206357,50.4506689],[6.0206639,50.4506689],[6.020692,50.4506689],[6.0207202,50.4506689],[6.0207484,50.4506688],[6.0207765,50.4506688],[6.0208047,50.4506688],[6.0208328,50.4506688],[6.020861,50.4506687],[6.0208892,50.4506687],[6.0209173,50.4506687],[6.0209455,50.4506687],[6.0209736,50.4506687],[6.0210018,50.4506686],[6.02103,50.4506686],[6.0210581,50.4506686],[6.0210863,50.4506686],[6.0211144,50.4506686],[6.0211426,50.4506685],[6.0211708,50.4506685],[6.0211989,50.4506685],[6.0212271,50.4506685],[6.0212552,50.4506684],[6.0212834,50.4506684],[6.0213115,50.4506684],[6.0213397,50.4506684],[6.0213679,50.4506684],[6.021396,50.4506683],[6.0214242,50.4506683],[6.0214523,50.4506683],[6.0214805,50.4506683],[6.0215087,50.4506682],[6.0215368,50.4506682],[6.021565,50.4506682],[6.0215931,50.4506682],[6.0216213,50.4506682],[6.0216495,50.4506681],[6.0216776,50.4506681],[6.0217058,50.4506681],[6.0217339,50.4506681],[6.0217621,50.450668],[6.0217903,50.450668],[6.0218184,50.450668],[6.0218466,50.450668],[6.0218747,50.450668],[6.0219029,50.4506679],[6.0219311,50.4506679],[6.0219592,50.4506679],[6.0219874,50.4506679],[6.0220155,50.4506678],[6.0220437,50.4506678],[6.0220719,50.4506678],[6.0221,50.4506678],[6.0221282,50.4506678],[6.0221563,50.4506677],[6.0221845,50.4506677],[6.0222127,50.4506677],[6.0222408,50.4506677],[6.022269,50.4506676],[6.0222971,50.4506676],[6.0223253,50.4506676],[6.0223535,50.4506676],[6.0223816,50.4506676],[6.0224098,50.4506675],[6.0224379,50.4506675],[6.0224661,50.4506675],[6.0224943,50.4506675],[6.0225224,50.4506674],[6.0225506,50.4506674],[6.0225787,50.4506674],[6.0226069,50.4506674],[6.0226351,50.4506674],[6.0226632,50.4506673],[6.0226914,50.4506673],[6.0227195,50.4506673],[6.0227477,50.4506673],[6.0227759,50.4506672],[6.022804,50.4506672],[6.0228322,50.4506672],[6.0228603,50.4506672],[6.0228885,50.4506671],[6.0229167,50.4506671],[6.0229448,50.4506671],[6.022973,50.4506671],[6.0230011,50.4506671],[6.0230293,50.450667],[6.0230575,50.450667],[6.0230856,50.450667],[6.0231138,50.450667],[6.0231419,50.4506669],[6.0231701,50.4506669],[6.0231983,50.4506669],[6.0232264,50.4506669],[6.0232546,50.4506669],[6.0232827,50.4506668],[6.0233109,50.4506668],[6.023339,50.4506668],[6.0233672,50.4506668],[6.0233954,50.4506667],[6.0234235,50.4506667],[6.0234517,50.4506667],[6.0234798,50.4506667],[6.023508,50.4506667],[6.0235362,50.4506666],[6.0235643,50.4506666],[6.0235925,50.4506666],[6.0236206,50.4506666],[6.0236488,50.4506665],[6.023677,50.4506665],[6.0237051,50.4506665],[6.0237333,50.4506665],[6.0237614,50.4506664],[6.0237896,50.4506664],[6.0238178,50.4506664],[6.0238459,50.4506664],[6.0238741,50.4506664],[6.0239022,50.4506663],[6.0239304,50.4506663],[6.0239586,50.4506663],[6.0239867,50.4506663],[6.0240149,50.4506662],[6.024043,50.4506662],[6.0240712,50.4506662],[6.0240994,50.4506662],[6.0241275,50.4506662],[6.0241557,50.4506661],[6.0241838,50.4506661],[6.024212,50.4506661],[6.0242402,50.4506661],[6.0242683,50.450666],[6.0242965,50.450666],[6.0243246,50.450666],[6.0243528,50.450666],[6.024381,50.4506659],[6.0244091,50.4506659],[6.0244373,50.4506659],[6.0244654,50.4506659],[6.0244936,50.4506659],[6.0245218,50.4506658],[6.0245499,50.4506658],[6.0245781,50.4506658],[6.0246062,50.4506658],[6.0246344,50.4506657],[6.0246626,50.4506657],[6.0246907,50.4506657],[6.0247189,50.4506657],[6.024747,50.4506657],[6.0247752,50.4506656],[6.0248034,50.4506656],[6.0248315,50.4506656],[6.0248597,50.4506656],[6.0248878,50.4506655],[6.024916,50.4506655],[6.0249442,50.4506655],[6.0249723,50.4506655],[6.0250005,50.4506654],[6.0250286,50.4506654],[6.0250568,50.4506654],[6.025085,50.4506654],[6.0251131,50.4506654],[6.0251413,50.4506653],[6.0251694,50.4506653],[6.0251976,50.4506653],[6.0252258,50.4506653],[6.0252539,50.4506652],[6.0252821,50.4506652],[6.0253102,50.4506652],[6.0253384,50.4506652],[6.0253666,50.4506651],[6.0253947,50.4506651],[6.0254229,50.4506651],[6.025451,50.4506651],[6.0254792,50.4506651],[6.0255073,50.450665],[6.0255355,50.450665],[6.0255637,50.450665],[6.0255918,50.450665],[6.02562,50.4506649],[6.0256481,50.4506649],[6.0256763,50.4506649],[6.0257045,50.4506649],[6.0257326,50.4506648],[6.0257608,50.4506648],[6.0257889,50.4506648],[6.0258171,50.4506648],[6.0258453,50.4506648],[6.0258734,50.4506647],[6.0259016,50.4506647],[6.0259297,50.4506647],[6.0259579,50.4506647],[6.0259861,50.4506646],[6.0260142,50.4506646],[6.0260424,50.4506646],[6.0260705,50.4506646],[6.0260987,50.4506645],[6.0261269,50.4506645],[6.026155,50.4506645],[6.0261832,50.4506645],[6.0262113,50.4506644],[6.0262395,50.4506644],[6.0262677,50.4506644],[6.0262958,50.4506644],[6.026324,50.4506644],[6.0263521,50.4506643],[6.0263803,50.4506643],[6.0264085,50.4506643],[6.0264366,50.4506643],[6.0264648,50.4506642],[6.0264929,50.4506642],[6.0265211,50.4506642],[6.0265493,50.4506642],[6.0265774,50.4506641],[6.0266056,50.4506641],[6.0266337,50.4506641],[6.0266619,50.4506641],[6.0266901,50.4506641],[6.0267182,50.450664],[6.0267464,50.450664],[6.0267745,50.450664],[6.0268027,50.450664],[6.0268309,50.4506639],[6.026859,50.4506639],[6.0268872,50.4506639],[6.0269153,50.4506639],[6.0269435,50.4506638],[6.0269717,50.4506638],[6.0269998,50.4506638],[6.027028,50.4506638],[6.0270561,50.4506637],[6.0270843,50.4506637],[6.0271125,50.4506637],[6.0271406,50.4506637],[6.0271688,50.4506637],[6.0271969,50.4506636],[6.0272251,50.4506636],[6.0272533,50.4506636],[6.0272814,50.4506636],[6.0273096,50.4506635],[6.0273377,50.4506635],[6.0273659,50.4506635],[6.0273941,50.4506635],[6.0274222,50.4506634],[6.0274504,50.4506634],[6.0274785,50.4506634],[6.0275067,50.4506634],[6.0275348,50.4506633],[6.027563,50.4506633],[6.0275912,50.4506633],[6.0276193,50.4506633],[6.0276475,50.4506633],[6.0276756,50.4506632],[6.0277038,50.4506632],[6.027732,50.4506632],[6.0277601,50.4506632],[6.0277883,50.4506631],[6.0278164,50.4506631],[6.0278446,50.4506631],[6.0278728,50.4506631],[6.0279009,50.450663],[6.0279291,50.450663],[6.0279572,50.450663],[6.0279854,50.450663],[6.0280136,50.4506629],[6.0280417,50.4506629],[6.0280699,50.4506629],[6.028098,50.4506629],[6.0281262,50.4506628],[6.0281544,50.4506628],[6.0281825,50.4506628],[6.0282107,50.4506628],[6.0282388,50.4506628],[6.028267,50.4506627],[6.0282952,50.4506627],[6.0283233,50.4506627],[6.0283515,50.4506627],[6.0283796,50.4506626],[6.0284078,50.4506626],[6.028436,50.4506626],[6.0284641,50.4506626],[6.0284923,50.4506625],[6.0285204,50.4506625],[6.0285486,50.4506625],[6.0285768,50.4506625],[6.0286049,50.4506624],[6.0286331,50.4506624],[6.0286612,50.4506624],[6.0286894,50.4506624],[6.0287176,50.4506623],[6.0287457,50.4506623],[6.0287739,50.4506623],[6.028802,50.4506623],[6.0288302,50.4506623],[6.0288584,50.4506622],[6.0288865,50.4506622],[6.0289147,50.4506622],[6.0289428,50.4506622],[6.028971,50.4506621],[6.0289992,50.4506621],[6.0290273,50.4506621],[6.0290555,50.4506621],[6.0290836,50.450662],[6.0291118,50.450662],[6.02914,50.450662],[6.0291681,50.450662],[6.0291963,50.4506619],[6.0292244,50.4506619],[6.0292526,50.4506619],[6.0292808,50.4506619],[6.0293089,50.4506618],[6.0293371,50.4506618],[6.0293652,50.4506618],[6.0293934,50.4506618],[6.0294216,50.4506618],[6.0294497,50.4506617],[6.0294779,50.4506617],[6.029506,50.4506617],[6.0295342,50.4506617],[6.0295623,50.4506616],[6.0295905,50.4506616],[6.0296187,50.4506616],[6.0296468,50.4506616],[6.029675,50.4506615],[6.0297031,50.4506615],[6.0297313,50.4506615],[6.0297595,50.4506615],[6.0297876,50.4506614],[6.0298158,50.4506614],[6.0298439,50.4506614],[6.0298721,50.4506614],[6.0299003,50.4506613],[6.0299284,50.4506613],[6.0299566,50.4506613],[6.0299847,50.4506613],[6.0300129,50.4506612],[6.0300411,50.4506612],[6.0300692,50.4506612],[6.0300974,50.4506612],[6.0301255,50.4506611],[6.0301537,50.4506611],[6.0301819,50.4506611],[6.03021,50.4506611],[6.0302382,50.4506611],[6.0302663,50.450661],[6.0302945,50.450661],[6.0303227,50.450661],[6.0303508,50.450661],[6.030379,50.4506609],[6.0304071,50.4506609],[6.0304353,50.4506609],[6.0304635,50.4506609],[6.0304916,50.4506608],[6.0305198,50.4506608],[6.0305479,50.4506608],[6.0305761,50.4506608],[6.0306043,50.4506607],[6.0306324,50.4506607],[6.0306606,50.4506607],[6.0306887,50.4506607],[6.0307169,50.4506606],[6.0307451,50.4506606],[6.0307732,50.4506606],[6.0308014,50.4506606],[6.0308295,50.4506605],[6.0308577,50.4506605],[6.0308859,50.4506605],[6.030914,50.4506605],[6.0309422,50.4506604],[6.0309703,50.4506604],[6.0309985,50.4506604],[6.0310267,50.4506604],[6.0310548,50.4506603],[6.031083,50.4506603],[6.0311111,50.4506603],[6.0311393,50.4506603],[6.0311675,50.4506602],[6.0311956,50.4506602],[6.0312238,50.4506602],[6.0312519,50.4506602],[6.0312801,50.4506601],[6.0313083,50.4506601],[6.0313364,50.4506601],[6.0313646,50.4506601],[6.0313927,50.45066],[6.0314209,50.45066],[6.031449,50.45066],[6.0314772,50.45066],[6.0315054,50.45066],[6.0315335,50.4506599],[6.0315617,50.4506599],[6.0315898,50.4506599],[6.031618,50.4506599],[6.0316462,50.4506598],[6.0316743,50.4506598],[6.0317025,50.4506598],[6.0317306,50.4506598],[6.0317588,50.4506597],[6.031787,50.4506597],[6.0318151,50.4506597],[6.0318433,50.4506597],[6.0318714,50.4506596],[6.0318996,50.4506596],[6.0319278,50.4506596],[6.0319559,50.4506596],[6.0319841,50.4506595],[6.0320122,50.4506595],[6.0320404,50.4506595],[6.0320686,50.4506595],[6.0320967,50.4506594],[6.0321249,50.4506594],[6.032153,50.4506594],[6.0321812,50.4506594],[6.0322094,50.4506593],[6.0322375,50.4506593],[6.0322657,50.4506593],[6.0322938,50.4506593],[6.032322,50.4506592],[6.0323502,50.4506592],[6.0323783,50.4506592],[6.0324065,50.4506592],[6.0324346,50.4506591],[6.0324628,50.4506591],[6.032491,50.4506591],[6.0325191,50.4506591],[6.0325473,50.450659],[6.0325754,50.450659],[6.0326036,50.450659],[6.0326318,50.450659],[6.0326599,50.4506589],[6.0326881,50.4506589],[6.0327162,50.4506589],[6.0327444,50.4506589],[6.0327726,50.4506588],[6.0328007,50.4506588],[6.0328289,50.4506588],[6.032857,50.4506588],[6.0328852,50.4506587],[6.0329134,50.4506587],[6.0329415,50.4506587],[6.0329697,50.4506587],[6.0329978,50.4506586],[6.033026,50.4506586],[6.0330542,50.4506586],[6.0330823,50.4506586],[6.0331105,50.4506585],[6.0331386,50.4506585],[6.0331668,50.4506585],[6.033195,50.4506585],[6.0332231,50.4506584],[6.0332513,50.4506584],[6.0332794,50.4506584],[6.0333076,50.4506584],[6.0333358,50.4506583],[6.0333639,50.4506583],[6.0333921,50.4506583],[6.0334202,50.4506583],[6.0334484,50.4506582],[6.0334765,50.4506582],[6.0335047,50.4506582],[6.0335329,50.4506582],[6.033561,50.4506581],[6.0335892,50.4506581],[6.0336173,50.4506581],[6.0336455,50.4506581],[6.0336737,50.450658],[6.0337018,50.450658],[6.03373,50.450658],[6.0337581,50.450658],[6.0337863,50.4506579],[6.0338145,50.4506579],[6.0338426,50.4506579],[6.0338708,50.4506579],[6.0338989,50.4506578],[6.0339271,50.4506578],[6.0339553,50.4506578],[6.0339834,50.4506578],[6.0340116,50.4506577],[6.0340397,50.4506577],[6.0340679,50.4506577],[6.0340961,50.4506577],[6.0341242,50.4506576],[6.0341524,50.4506576],[6.0341805,50.4506576],[6.0342087,50.4506576],[6.0342369,50.4506575],[6.034265,50.4506575],[6.0342932,50.4506575],[6.0343213,50.4506575],[6.0343495,50.4506574],[6.0343777,50.4506574],[6.0344058,50.4506574],[6.034434,50.4506574],[6.0344621,50.4506573],[6.0344903,50.4506573],[6.0345185,50.4506573],[6.0345466,50.4506573],[6.0345748,50.4506572],[6.0346029,50.4506572],[6.0346311,50.4506572],[6.0346593,50.4506572],[6.0346874,50.4506571],[6.0347156,50.4506571],[6.0347437,50.4506571],[6.0347719,50.4506571],[6.0348001,50.450657],[6.0348282,50.450657],[6.0348564,50.450657],[6.0348845,50.450657],[6.0349127,50.4506569],[6.0349409,50.4506569],[6.034969,50.4506569],[6.0349972,50.4506569],[6.0350253,50.4506568],[6.0350535,50.4506568],[6.0350817,50.4506568],[6.0351098,50.4506568],[6.035138,50.4506567],[6.0351661,50.4506567],[6.0351943,50.4506567],[6.0352225,50.4506567],[6.0352506,50.4506566],[6.0352788,50.4506566],[6.0353069,50.4506566],[6.0353351,50.4506565],[6.0353632,50.4506565],[6.0353914,50.4506565],[6.0354196,50.4506565],[6.0354477,50.4506564],[6.0354759,50.4506564],[6.035504,50.4506564],[6.0355322,50.4506564],[6.0355604,50.4506563],[6.0355885,50.4506563],[6.0356167,50.4506563],[6.0356448,50.4506563],[6.035673,50.4506562],[6.0357012,50.4506562],[6.0357293,50.4506562],[6.0357575,50.4506562],[6.0357856,50.4506561],[6.0358138,50.4506561],[6.035842,50.4506561],[6.0358701,50.4506561],[6.0358983,50.450656],[6.0359264,50.450656],[6.0359546,50.450656],[6.0359828,50.450656],[6.0360109,50.4506559],[6.0360391,50.4506559],[6.0360672,50.4506559],[6.0360954,50.4506559],[6.0361236,50.4506558],[6.0361517,50.4506558],[6.0361799,50.4506558],[6.036208,50.4506558],[6.0362362,50.4506557],[6.0362644,50.4506557],[6.0362925,50.4506557],[6.0363207,50.4506557],[6.0363488,50.4506556],[6.036377,50.4506556],[6.0364052,50.4506556],[6.0364333,50.4506555],[6.0364615,50.4506555],[6.0364896,50.4506555],[6.0365178,50.4506555],[6.036546,50.4506554],[6.0365741,50.4506554],[6.0366023,50.4506554],[6.0366304,50.4506554],[6.0366586,50.4506553],[6.0366868,50.4506553],[6.0367149,50.4506553],[6.0367431,50.4506553],[6.0367712,50.4506552],[6.0367994,50.4506552],[6.0368276,50.4506552],[6.0368557,50.4506552],[6.0368839,50.4506551],[6.036912,50.4506551],[6.0369402,50.4506551],[6.0369684,50.4506551],[6.0369965,50.450655],[6.0370247,50.450655],[6.0370528,50.450655],[6.037081,50.450655],[6.0371092,50.4506549],[6.0371373,50.4506549],[6.0371655,50.4506549],[6.0371936,50.4506549],[6.0372218,50.4506548],[6.03725,50.4506548],[6.0372781,50.4506548],[6.0373063,50.4506547],[6.0373344,50.4506547],[6.0373626,50.4506547],[6.0373907,50.4506547],[6.0374189,50.4506546],[6.0374471,50.4506546],[6.0374752,50.4506546],[6.0375034,50.4506546],[6.0375315,50.4506545],[6.0375597,50.4506545],[6.0375879,50.4506545],[6.037616,50.4506545],[6.0376442,50.4506544],[6.0376723,50.4506544],[6.0377005,50.4506544],[6.0377287,50.4506544],[6.0377568,50.4506543],[6.037785,50.4506543],[6.0378131,50.4506543],[6.0378413,50.4506543],[6.0378695,50.4506542],[6.0378976,50.4506542],[6.0379258,50.4506542],[6.0379539,50.4506541],[6.0379821,50.4506541],[6.0380103,50.4506541],[6.0380384,50.4506541],[6.0380666,50.450654],[6.0380947,50.450654],[6.0381229,50.450654],[6.0381511,50.450654],[6.0381792,50.4506539],[6.0382074,50.4506539],[6.0382355,50.4506539],[6.0382637,50.4506539],[6.0382919,50.4506538],[6.03832,50.4506538],[6.0383482,50.4506538],[6.0383763,50.4506538],[6.0384045,50.4506537],[6.0384327,50.4506537],[6.0384608,50.4506537],[6.038489,50.4506537],[6.0385171,50.4506536],[6.0385453,50.4506536],[6.0385735,50.4506536],[6.0386016,50.4506535],[6.0386298,50.4506535],[6.0386579,50.4506535],[6.0386861,50.4506535],[6.0387143,50.4506534],[6.0387424,50.4506534],[6.0387706,50.4506534],[6.0387987,50.4506534],[6.0388269,50.4506533],[6.0388551,50.4506533],[6.0388832,50.4506533],[6.0389114,50.4506533],[6.0389395,50.4506532],[6.0389677,50.4506532],[6.0389959,50.4506532],[6.039024,50.4506532],[6.0390522,50.4506531],[6.0390803,50.4506531],[6.0391085,50.4506531],[6.0391367,50.450653],[6.0391648,50.450653],[6.039193,50.450653],[6.0392211,50.450653],[6.0392493,50.4506529],[6.0392774,50.4506529],[6.0393056,50.4506529],[6.0393338,50.4506529],[6.0393619,50.4506528],[6.0393901,50.4506528],[6.0394182,50.4506528],[6.0394464,50.4506528],[6.0394746,50.4506527],[6.0395027,50.4506527],[6.0395309,50.4506527],[6.039559,50.4506526],[6.0395872,50.4506526],[6.0396154,50.4506526],[6.0396435,50.4506526],[6.0396717,50.4506525],[6.0396998,50.4506525],[6.039728,50.4506525],[6.0397562,50.4506525],[6.0397843,50.4506524],[6.0398125,50.4506524],[6.0398406,50.4506524],[6.0398688,50.4506524],[6.039897,50.4506523],[6.0399251,50.4506523],[6.0399533,50.4506523],[6.0399814,50.4506523],[6.0400096,50.4506522],[6.0400378,50.4506522],[6.0400659,50.4506522],[6.0400941,50.4506521],[6.0401222,50.4506521],[6.0401504,50.4506521],[6.0401786,50.4506521],[6.0402067,50.450652],[6.0402349,50.450652],[6.040263,50.450652],[6.0402912,50.450652],[6.0403194,50.4506519],[6.0403475,50.4506519],[6.0403757,50.4506519],[6.0404038,50.4506519],[6.040432,50.4506518],[6.0404602,50.4506518],[6.0404883,50.4506518],[6.0405165,50.4506517],[6.0405446,50.4506517],[6.0405728,50.4506517],[6.040601,50.4506517],[6.0406291,50.4506516],[6.0406573,50.4506516],[6.0406854,50.4506516],[6.0407136,50.4506516],[6.0407418,50.4506515],[6.0407699,50.4506515],[6.0407981,50.4506515],[6.0408262,50.4506514],[6.0408544,50.4506514],[6.0408826,50.4506514],[6.0409107,50.4506514],[6.0409389,50.4506513],[6.040967,50.4506513],[6.0409952,50.4506513],[6.0410234,50.4506513],[6.0410515,50.4506512],[6.0410797,50.4506512],[6.0411078,50.4506512],[6.041136,50.4506512],[6.0411641,50.4506511],[6.0411923,50.4506511],[6.0412205,50.4506511],[6.0412486,50.450651],[6.0412768,50.450651],[6.0413049,50.450651],[6.0413331,50.450651],[6.0413613,50.4506509],[6.0413894,50.4506509],[6.0414176,50.4506509],[6.0414457,50.4506509],[6.0414739,50.4506508],[6.0415021,50.4506508],[6.0415302,50.4506508],[6.0415584,50.4506507],[6.0415865,50.4506507],[6.0416147,50.4506507],[6.0416429,50.4506507],[6.041671,50.4506506],[6.0416992,50.4506506],[6.0417273,50.4506506],[6.0417555,50.4506506],[6.0417837,50.4506505],[6.0418118,50.4506505],[6.04184,50.4506505],[6.0418681,50.4506505],[6.0418963,50.4506504],[6.0419245,50.4506504],[6.0419526,50.4506504],[6.0419808,50.4506503],[6.0420089,50.4506503],[6.0420371,50.4506503],[6.0420653,50.4506503],[6.0420934,50.4506502],[6.0421216,50.4506502],[6.0421497,50.4506502],[6.0421779,50.4506502],[6.0422061,50.4506501],[6.0422342,50.4506501],[6.0422624,50.4506501],[6.0422905,50.45065],[6.0423187,50.45065],[6.0423469,50.45065],[6.042375,50.45065],[6.0424032,50.4506499],[6.0424313,50.4506499],[6.0424595,50.4506499],[6.0424877,50.4506499],[6.0425158,50.4506498],[6.042544,50.4506498],[6.0425721,50.4506498],[6.0426003,50.4506497],[6.0426285,50.4506497],[6.0426566,50.4506497],[6.0426848,50.4506497],[6.0427129,50.4506496],[6.0427411,50.4506496],[6.0427693,50.4506496],[6.0427974,50.4506496],[6.0428256,50.4506495],[6.0428537,50.4506495],[6.0428819,50.4506495],[6.0429101,50.4506494],[6.0429382,50.4506494],[6.0429664,50.4506494],[6.0429945,50.4506494],[6.0430227,50.4506493],[6.0430508,50.4506493],[6.043079,50.4506493],[6.0431072,50.4506493],[6.0431353,50.4506492],[6.0431635,50.4506492],[6.0431916,50.4506492],[6.0432198,50.4506491],[6.043248,50.4506491],[6.0432761,50.4506491],[6.0433043,50.4506491],[6.0433324,50.450649],[6.0433606,50.450649],[6.0433888,50.450649],[6.0434169,50.450649],[6.0434451,50.4506489],[6.0434732,50.4506489],[6.0435014,50.4506489],[6.0435296,50.4506488],[6.0435577,50.4506488],[6.0435859,50.4506488],[6.043614,50.4506488],[6.0436422,50.4506487],[6.0436704,50.4506487],[6.0436985,50.4506487],[6.0437267,50.4506487],[6.0437548,50.4506486],[6.043783,50.4506486],[6.0438112,50.4506486],[6.0438393,50.4506485],[6.0438675,50.4506485],[6.0438956,50.4506485],[6.0439238,50.4506485],[6.043952,50.4506484],[6.0439801,50.4506484],[6.0440083,50.4506484],[6.0440364,50.4506483],[6.0440646,50.4506483],[6.0440928,50.4506483],[6.0441209,50.4506483],[6.0441491,50.4506482],[6.0441772,50.4506482],[6.0442054,50.4506482],[6.0442336,50.4506482],[6.0442617,50.4506481],[6.0442899,50.4506481],[6.044318,50.4506481],[6.0443462,50.450648],[6.0443744,50.450648],[6.0444025,50.450648],[6.0444307,50.450648],[6.0444588,50.4506479],[6.044487,50.4506479],[6.0445152,50.4506479],[6.0445433,50.4506478],[6.0445715,50.4506478],[6.0445996,50.4506478],[6.0446278,50.4506478],[6.044656,50.4506477],[6.0446841,50.4506477],[6.0447123,50.4506477],[6.0447404,50.4506477],[6.0447686,50.4506476],[6.0447968,50.4506476],[6.0448249,50.4506476],[6.0448531,50.4506475],[6.0448812,50.4506475],[6.0449094,50.4506475],[6.0449375,50.4506475],[6.0449657,50.4506474],[6.0449939,50.4506474],[6.045022,50.4506474],[6.0450502,50.4506473],[6.0450783,50.4506473],[6.0451065,50.4506473],[6.0451347,50.4506473],[6.0451628,50.4506472],[6.045191,50.4506472],[6.0452191,50.4506472],[6.0452473,50.4506472],[6.0452755,50.4506471],[6.0453036,50.4506471],[6.0453318,50.4506471],[6.0453599,50.450647],[6.0453881,50.450647],[6.0454163,50.450647],[6.0454444,50.450647],[6.0454726,50.4506469],[6.0455007,50.4506469],[6.0455289,50.4506469],[6.0455571,50.4506468],[6.0455852,50.4506468],[6.0456134,50.4506468],[6.0456415,50.4506468],[6.0456697,50.4506467],[6.0456979,50.4506467],[6.045726,50.4506467],[6.0457542,50.4506467],[6.0457823,50.4506466],[6.0458105,50.4506466],[6.0458387,50.4506466],[6.0458668,50.4506465],[6.045895,50.4506465],[6.0459231,50.4506465],[6.0459513,50.4506465],[6.0459795,50.4506464],[6.0460076,50.4506464],[6.0460358,50.4506464],[6.0460639,50.4506463],[6.0460921,50.4506463],[6.0461203,50.4506463],[6.0461484,50.4506463],[6.0461766,50.4506462],[6.0462047,50.4506462],[6.0462329,50.4506462],[6.0462611,50.4506461],[6.0462892,50.4506461],[6.0463174,50.4506461],[6.0463455,50.4506461],[6.0463737,50.450646],[6.0464019,50.450646],[6.04643,50.450646],[6.0464582,50.4506459],[6.0464863,50.4506459],[6.0465145,50.4506459],[6.0465427,50.4506459],[6.0465708,50.4506458],[6.046599,50.4506458],[6.0466271,50.4506458],[6.0466553,50.4506458],[6.0466835,50.4506457],[6.0467116,50.4506457],[6.0467398,50.4506457],[6.0467679,50.4506456],[6.0467961,50.4506456],[6.0468242,50.4506456],[6.0468524,50.4506456],[6.0468806,50.4506455],[6.0469087,50.4506455],[6.0469369,50.4506455],[6.046965,50.4506454],[6.0469932,50.4506454],[6.0470214,50.4506454],[6.0470495,50.4506454],[6.0470777,50.4506453],[6.0471058,50.4506453],[6.047134,50.4506453],[6.0471622,50.4506452],[6.0471903,50.4506452],[6.0472185,50.4506452],[6.0472466,50.4506452],[6.0472748,50.4506451],[6.047303,50.4506451],[6.0473311,50.4506451],[6.0473593,50.450645],[6.0473874,50.450645],[6.0474156,50.450645],[6.0474438,50.450645],[6.0474719,50.4506449],[6.0475001,50.4506449],[6.0475282,50.4506449],[6.0475564,50.4506448],[6.0475846,50.4506448],[6.0476127,50.4506448],[6.0476409,50.4506448],[6.047669,50.4506447],[6.0476972,50.4506447],[6.0477254,50.4506447],[6.0477535,50.4506446],[6.0477817,50.4506446],[6.0478098,50.4506446],[6.047838,50.4506446],[6.0478662,50.4506445],[6.0478943,50.4506445],[6.0479225,50.4506445],[6.0479506,50.4506444],[6.0479788,50.4506444],[6.048007,50.4506444],[6.0480351,50.4506444],[6.0480633,50.4506443],[6.0480914,50.4506443],[6.0481196,50.4506443],[6.0481478,50.4506442],[6.0481759,50.4506442],[6.0482041,50.4506442],[6.0482322,50.4506442],[6.0482604,50.4506441],[6.0482886,50.4506441],[6.0483167,50.4506441],[6.0483449,50.450644],[6.048373,50.450644],[6.0484012,50.450644],[6.0484294,50.450644],[6.0484575,50.4506439],[6.0484857,50.4506439],[6.0485138,50.4506439],[6.048542,50.4506438],[6.0485701,50.4506438],[6.0485983,50.4506438],[6.0486265,50.4506438],[6.0486546,50.4506437],[6.0486828,50.4506437],[6.0487109,50.4506437],[6.0487391,50.4506436],[6.0487673,50.4506436],[6.0487954,50.4506436],[6.0488236,50.4506436],[6.0488517,50.4506435],[6.0488799,50.4506435],[6.0489081,50.4506435],[6.0489362,50.4506434],[6.0489644,50.4506434],[6.0489925,50.4506434],[6.0490207,50.4506434],[6.0490489,50.4506433],[6.049077,50.4506433],[6.0491052,50.4506433],[6.0491333,50.4506432],[6.0491615,50.4506432],[6.0491897,50.4506432],[6.0492178,50.4506432],[6.049246,50.4506431],[6.0492741,50.4506431],[6.0493023,50.4506431],[6.0493305,50.450643],[6.0493586,50.450643],[6.0493868,50.450643],[6.0494149,50.450643],[6.0494431,50.4506429],[6.0494713,50.4506429],[6.0494994,50.4506429],[6.0495276,50.4506428],[6.0495557,50.4506428],[6.0495839,50.4506428],[6.0496121,50.4506428],[6.0496402,50.4506427],[6.0496684,50.4506427],[6.0496965,50.4506427],[6.0497247,50.4506426],[6.0497529,50.4506426],[6.049781,50.4506426],[6.0498092,50.4506425],[6.0498373,50.4506425],[6.0498655,50.4506425],[6.0498937,50.4506425],[6.0499218,50.4506424],[6.04995,50.4506424],[6.0499781,50.4506424],[6.0500063,50.4506423],[6.0500345,50.4506423],[6.0500626,50.4506423],[6.0500908,50.4506423],[6.0501189,50.4506422],[6.0501471,50.4506422],[6.0501753,50.4506422],[6.0502034,50.4506421],[6.0502316,50.4506421],[6.0502597,50.4506421],[6.0502879,50.4506421],[6.0503161,50.450642],[6.0503442,50.450642],[6.0503724,50.450642],[6.0504005,50.4506419],[6.0504287,50.4506419],[6.0504568,50.4506419],[6.050485,50.4506419],[6.0505132,50.4506418],[6.0505413,50.4506418],[6.0505695,50.4506418],[6.0505976,50.4506417],[6.0506258,50.4506417],[6.050654,50.4506417],[6.0506821,50.4506416],[6.0507103,50.4506416],[6.0507384,50.4506416],[6.0507666,50.4506416],[6.0507948,50.4506415],[6.0508229,50.4506415],[6.0508511,50.4506415],[6.0508792,50.4506414],[6.0509074,50.4506414],[6.0509356,50.4506414],[6.0509637,50.4506414],[6.0509919,50.4506413],[6.05102,50.4506413],[6.0510482,50.4506413],[6.0510764,50.4506412],[6.0511045,50.4506412],[6.0511327,50.4506412],[6.0511608,50.4506411],[6.051189,50.4506411],[6.0512172,50.4506411],[6.0512453,50.4506411],[6.0512735,50.450641],[6.0513016,50.450641],[6.0513298,50.450641],[6.051358,50.4506409],[6.0513861,50.4506409],[6.0514143,50.4506409],[6.0514424,50.4506409],[6.0514706,50.4506408],[6.0514988,50.4506408],[6.0515269,50.4506408],[6.0515551,50.4506407],[6.0515832,50.4506407],[6.0516114,50.4506407],[6.0516396,50.4506406],[6.0516677,50.4506406],[6.0516959,50.4506406],[6.051724,50.4506406],[6.0517522,50.4506405],[6.0517804,50.4506405],[6.0518085,50.4506405],[6.0518367,50.4506404],[6.0518648,50.4506404],[6.051893,50.4506404],[6.0519212,50.4506404],[6.0519493,50.4506403],[6.0519775,50.4506403],[6.0520056,50.4506403],[6.0520338,50.4506402],[6.052062,50.4506402],[6.0520901,50.4506402],[6.0521183,50.4506401],[6.0521464,50.4506401],[6.0521746,50.4506401],[6.0522027,50.4506401],[6.0522309,50.45064],[6.0522591,50.45064],[6.0522872,50.45064],[6.0523154,50.4506399],[6.0523435,50.4506399],[6.0523717,50.4506399],[6.0523999,50.4506399],[6.052428,50.4506398],[6.0524562,50.4506398],[6.0524843,50.4506398],[6.0525125,50.4506397],[6.0525407,50.4506397],[6.0525688,50.4506397],[6.052597,50.4506396],[6.0526251,50.4506396],[6.0526533,50.4506396],[6.0526815,50.4506396],[6.0527096,50.4506395],[6.0527378,50.4506395],[6.0527659,50.4506395],[6.0527941,50.4506394],[6.0528223,50.4506394],[6.0528504,50.4506394],[6.0528786,50.4506393],[6.0529067,50.4506393],[6.0529349,50.4506393],[6.0529631,50.4506393],[6.0529912,50.4506392],[6.0530194,50.4506392],[6.0530475,50.4506392],[6.0530757,50.4506391],[6.0531039,50.4506391],[6.053132,50.4506391],[6.0531602,50.450639],[6.0531883,50.450639],[6.0532165,50.450639],[6.0532447,50.450639],[6.0532728,50.4506389],[6.053301,50.4506389],[6.0533291,50.4506389],[6.0533573,50.4506388],[6.0533855,50.4506388],[6.0534136,50.4506388],[6.0534418,50.4506388],[6.0534699,50.4506387],[6.0534981,50.4506387],[6.0535263,50.4506387],[6.0535544,50.4506386],[6.0535826,50.4506386],[6.0536107,50.4506386],[6.0536389,50.4506385],[6.0536671,50.4506385],[6.0536952,50.4506385],[6.0537234,50.4506385],[6.0537515,50.4506384],[6.0537797,50.4506384],[6.0538079,50.4506384],[6.053836,50.4506383],[6.0538642,50.4506383],[6.0538923,50.4506383],[6.0539205,50.4506382],[6.0539486,50.4506382],[6.0539768,50.4506382],[6.054005,50.4506382],[6.0540331,50.4506381],[6.0540613,50.4506381],[6.0540894,50.4506381],[6.0541176,50.450638],[6.0541458,50.450638],[6.0541739,50.450638],[6.0542021,50.4506379],[6.0542302,50.4506379],[6.0542584,50.4506379],[6.0542866,50.4506379],[6.0543147,50.4506378],[6.0543429,50.4506378],[6.054371,50.4506378],[6.0543992,50.4506377],[6.0544274,50.4506377],[6.0544555,50.4506377],[6.0544837,50.4506376],[6.0545118,50.4506376],[6.05454,50.4506376],[6.0545682,50.4506376],[6.0545963,50.4506375],[6.0546245,50.4506375],[6.0546526,50.4506375],[6.0546808,50.4506374],[6.054709,50.4506374],[6.0547371,50.4506374],[6.0547653,50.4506373],[6.0547934,50.4506373],[6.0548216,50.4506373],[6.0548498,50.4506372],[6.0548779,50.4506372],[6.0549061,50.4506372],[6.0549342,50.4506372],[6.0549624,50.4506371],[6.0549906,50.4506371],[6.0550187,50.4506371],[6.0550469,50.450637],[6.055075,50.450637],[6.0551032,50.450637],[6.0551314,50.4506369],[6.0551595,50.4506369],[6.0551877,50.4506369],[6.0552158,50.4506369],[6.055244,50.4506368],[6.0552722,50.4506368],[6.0553003,50.4506368],[6.0553285,50.4506367],[6.0553566,50.4506367],[6.0553848,50.4506367],[6.055413,50.4506366],[6.0554411,50.4506366],[6.0554693,50.4506366],[6.0554974,50.4506366],[6.0555256,50.4506365],[6.0555538,50.4506365],[6.0555819,50.4506365],[6.0556101,50.4506364],[6.0556382,50.4506364],[6.0556664,50.4506364],[6.0556945,50.4506363],[6.0557227,50.4506363],[6.0557509,50.4506363],[6.055779,50.4506362],[6.0558072,50.4506362],[6.0558353,50.4506362],[6.0558635,50.4506362],[6.0558917,50.4506361],[6.0559198,50.4506361],[6.055948,50.4506361],[6.0559761,50.450636],[6.0560043,50.450636],[6.0560325,50.450636],[6.0560606,50.4506359],[6.0560888,50.4506359],[6.0561169,50.4506359],[6.0561451,50.4506359],[6.0561733,50.4506358],[6.0562014,50.4506358],[6.0562296,50.4506358],[6.0562577,50.4506357],[6.0562859,50.4506357],[6.0563141,50.4506357],[6.0563422,50.4506356],[6.0563704,50.4506356],[6.0563985,50.4506356],[6.0564267,50.4506355],[6.0564549,50.4506355],[6.056483,50.4506355],[6.0565112,50.4506355],[6.0565393,50.4506354],[6.0565675,50.4506354],[6.0565957,50.4506354],[6.0566238,50.4506353],[6.056652,50.4506353],[6.0566801,50.4506353],[6.0567083,50.4506352],[6.0567365,50.4506352],[6.0567646,50.4506352],[6.0567928,50.4506351],[6.0568209,50.4506351],[6.0568491,50.4506351],[6.0568773,50.4506351],[6.0569054,50.450635],[6.0569336,50.450635],[6.0569617,50.450635],[6.0569899,50.4506349],[6.0570181,50.4506349],[6.0570462,50.4506349],[6.0570744,50.4506348],[6.0571025,50.4506348],[6.0571307,50.4506348],[6.0571589,50.4506347],[6.057187,50.4506347],[6.0572152,50.4506347],[6.0572433,50.4506347],[6.0572715,50.4506346],[6.0572997,50.4506346],[6.0573278,50.4506346],[6.057356,50.4506345],[6.0573841,50.4506345],[6.0574123,50.4506345],[6.0574404,50.4506344],[6.0574686,50.4506344],[6.0574968,50.4506344],[6.0575249,50.4506343],[6.0575531,50.4506343],[6.0575812,50.4506343],[6.0576094,50.4506343],[6.0576376,50.4506342],[6.0576657,50.4506342],[6.0576939,50.4506342],[6.057722,50.4506341],[6.0577502,50.4506341],[6.0577784,50.4506341],[6.0578065,50.450634],[6.0578347,50.450634],[6.0578628,50.450634],[6.057891,50.4506339],[6.0579192,50.4506339],[6.0579473,50.4506339],[6.0579755,50.4506339],[6.0580036,50.4506338],[6.0580318,50.4506338],[6.05806,50.4506338],[6.0580881,50.4506337]]}},{"type":"Feature","properties":{"highway":"unclassified","smoothness":"intermediate","surface":"asphalt","width":4},"geometry":{"type":"LineString","coordinates":[[6.0580881,50.4506337],[6.0581165,50.4506338],[6.0581448,50.450634],[6.0581732,50.4506344],[6.0582015,50.4506348],[6.0582299,50.4506354],[6.0582582,50.4506361],[6.0582865,50.4506369],[6.0583148,50.4506379],[6.0583431,50.4506389],[6.0583714,50.4506401],[6.0583997,50.4506414],[6.058428,50.4506428],[6.0584562,50.4506444],[6.0584845,50.450646],[6.0585127,50.4506478],[6.0585409,50.4506497],[6.0585691,50.4506518],[6.0585972,50.4506539],[6.0586253,50.4506562],[6.0586535,50.4506586],[6.0586815,50.4506611],[6.0587096,50.4506637],[6.0587376,50.4506665],[6.0587656,50.4506694],[6.0587936,50.4506724],[6.0588215,50.4506755],[6.0588494,50.4506787],[6.0588773,50.450682],[6.0589051,50.4506855],[6.0589329,50.4506891],[6.0589606,50.4506928],[6.0589884,50.4506966],[6.059016,50.4507006],[6.0590437,50.4507047],[6.0590712,50.4507088],[6.0590988,50.4507131],[6.0591263,50.4507176],[6.0591537,50.4507221],[6.0591811,50.4507268],[6.0592085,50.4507315],[6.0592358,50.4507364],[6.059263,50.4507414],[6.0592902,50.4507466],[6.0593174,50.4507518],[6.0593445,50.4507571],[6.0593715,50.4507626],[6.0593985,50.4507682],[6.0594254,50.4507739],[6.0594522,50.4507797],[6.059479,50.4507857],[6.0595057,50.4507917],[6.0595324,50.4507979],[6.059559,50.4508041],[6.0595855,50.4508105],[6.059612,50.450817],[6.0596384,50.4508237],[6.0596647,50.4508304],[6.0596909,50.4508372],[6.0597171,50.4508442],[6.0597432,50.4508513],[6.0597693,50.4508584],[6.0597952,50.4508657],[6.0598211,50.4508731],[6.0598469,50.4508806],[6.0598726,50.4508883],[6.0598982,50.450896],[6.0599238,50.4509038],[6.0599493,50.4509118],[6.0599747,50.4509198],[6.06,50.450928],[6.0600252,50.4509363],[6.0600503,50.4509447],[6.0600754,50.4509532],[6.0601003,50.4509618],[6.0601252,50.4509705],[6.0601499,50.4509793],[6.0601746,50.4509882],[6.0601992,50.4509972],[6.0602237,50.4510064],[6.0602481,50.4510156],[6.0602724,50.4510249],[6.0602966,50.4510344],[6.0603206,50.4510439],[6.0603446,50.4510536],[6.0603685,50.4510633],[6.0603923,50.4510732],[6.060416,50.4510831],[6.0604396,50.4510932],[6.060463,50.4511033],[6.0604864,50.4511136],[6.0605097,50.451124],[6.0605328,50.4511344],[6.0605558,50.451145],[6.0605788,50.4511556],[6.0606016,50.4511664],[6.0606243,50.4511772],[6.0606469,50.4511882],[6.0606693,50.4511992],[6.0606917,50.4512104],[6.0607139,50.4512216],[6.060736,50.4512329],[6.060758,50.4512444],[6.0607799,50.4512559],[6.0608017,50.4512675],[6.0608233,50.451279],[6.0608449,50.4512906],[6.0608665,50.4513021],[6.0608881,50.4513136],[6.0609097,50.4513252],[6.0609313,50.4513367],[6.0609529,50.4513482],[6.0609745,50.4513598],[6.0609961,50.4513713],[6.0610177,50.4513828],[6.0610393,50.4513943],[6.0610609,50.4514059],[6.0610825,50.4514174],[6.0611041,50.4514289],[6.0611257,50.4514405],[6.0611473,50.451452],[6.0611689,50.4514635],[6.0611905,50.4514751],[6.0612121,50.4514866],[6.0612337,50.4514981],[6.0612553,50.4515097],[6.0612769,50.4515212],[6.0612985,50.4515327],[6.0613201,50.4515443],[6.0613418,50.4515558],[6.0613634,50.4515673],[6.061385,50.4515789],[6.0614066,50.4515904],[6.0614282,50.4516019],[6.0614498,50.4516135],[6.0614714,50.451625],[6.061493,50.4516365],[6.0615146,50.4516481],[6.0615362,50.4516596],[6.0615578,50.4516711],[6.0615794,50.4516827],[6.061601,50.4516942],[6.0616226,50.4517057],[6.0616442,50.4517173],[6.0616658,50.4517288],[6.0616874,50.4517403],[6.061709,50.4517519],[6.0617306,50.4517634],[6.0617522,50.4517749],[6.0617738,50.4517865],[6.0617954,50.451798],[6.061817,50.4518095],[6.0618386,50.4518211],[6.0618602,50.4518326],[6.0618819,50.4518441],[6.0619035,50.4518557],[6.0619251,50.4518672],[6.0619467,50.4518787],[6.0619683,50.4518903],[6.0619899,50.4519018],[6.0620115,50.4519133],[6.0620331,50.4519248],[6.0620547,50.4519364],[6.0620763,50.4519479],[6.0620979,50.4519594],[6.0621195,50.451971],[6.0621411,50.4519825],[6.0621627,50.451994],[6.0621843,50.4520056],[6.0622059,50.4520171],[6.0622275,50.4520286],[6.0622491,50.4520402],[6.0622707,50.4520517],[6.0622923,50.4520632],[6.0623139,50.4520748],[6.0623355,50.4520863],[6.0623571,50.4520978],[6.0623788,50.4521094],[6.0624004,50.4521209],[6.062422,50.4521324],[6.0624436,50.452144],[6.0624652,50.4521555],[6.0624868,50.452167],[6.0625084,50.4521786],[6.06253,50.4521901],[6.0625516,50.4522016],[6.0625732,50.4522132],[6.0625948,50.4522247],[6.0626164,50.4522362],[6.062638,50.4522478],[6.0626596,50.4522593],[6.0626812,50.4522708],[6.0627028,50.4522824],[6.0627244,50.4522939],[6.062746,50.4523054],[6.0627676,50.452317],[6.0627892,50.4523285],[6.0628108,50.45234],[6.0628324,50.4523515],[6.0628541,50.4523631],[6.0628757,50.4523746],[6.0628973,50.4523861],[6.0629189,50.4523977],[6.0629405,50.4524092],[6.0629621,50.4524207],[6.0629837,50.4524323],[6.0630053,50.4524438],[6.0630269,50.4524553],[6.0630485,50.4524669],[6.0630701,50.4524784],[6.0630917,50.4524899],[6.0631133,50.4525015],[6.0631349,50.452513],[6.0631565,50.4525245],[6.0631781,50.4525361],[6.0631997,50.4525476],[6.0632213,50.4525591],[6.0632429,50.4525707],[6.0632645,50.4525822],[6.0632862,50.4525937],[6.0633078,50.4526053],[6.0633294,50.4526168],[6.063351,50.4526283],[6.0633726,50.4526399],[6.0633942,50.4526514],[6.0634158,50.4526629],[6.0634374,50.4526745],[6.063459,50.452686],[6.0634806,50.4526975],[6.0635022,50.452709],[6.0635238,50.4527206],[6.0635454,50.4527321],[6.063567,50.4527436],[6.0635886,50.4527552],[6.0636102,50.4527667],[6.0636318,50.4527782],[6.0636534,50.4527898],[6.063675,50.4528013],[6.0636966,50.4528128],[6.0637183,50.4528244],[6.0637399,50.4528359],[6.0637615,50.4528474],[6.0637831,50.452859],[6.0638047,50.4528705],[6.0638263,50.452882],[6.0638479,50.4528936],[6.0638695,50.4529051],[6.0638911,50.4529166],[6.0639127,50.4529282],[6.0639343,50.4529397],[6.0639559,50.4529512],[6.0639775,50.4529628],[6.0639991,50.4529743],[6.0640207,50.4529858],[6.0640423,50.4529974],[6.0640639,50.4530089],[6.0640855,50.4530204],[6.0641071,50.4530319],[6.0641288,50.4530435],[6.0641504,50.453055],[6.064172,50.4530665],[6.0641936,50.4530781],[6.0642152,50.4530896],[6.0642368,50.4531011],[6.0642584,50.4531127],[6.06428,50.4531242],[6.0643016,50.4531357],[6.0643232,50.4531473],[6.0643448,50.4531588],[6.0643664,50.4531703],[6.064388,50.4531819],[6.0644096,50.4531934],[6.0644312,50.4532049],[6.0644528,50.4532165],[6.0644744,50.453228],[6.064496,50.4532395],[6.0645176,50.4532511],[6.0645393,50.4532626],[6.0645609,50.4532741],[6.0645825,50.4532857],[6.0646041,50.4532972],[6.0646257,50.4533087],[6.0646473,50.4533203],[6.0646689,50.4533318],[6.0646905,50.4533433],[6.0647121,50.4533548],[6.0647337,50.4533664],[6.0647553,50.4533779],[6.0647769,50.4533894],[6.0647985,50.453401],[6.0648201,50.4534125],[6.0648417,50.453424],[6.0648633,50.4534356],[6.0648849,50.4534471],[6.0649065,50.4534586],[6.0649282,50.4534702],[6.0649498,50.4534817],[6.0649714,50.4534932],[6.064993,50.4535048],[6.0650146,50.4535163],[6.0650362,50.4535278],[6.0650578,50.4535394],[6.0650794,50.4535509],[6.065101,50.4535624],[6.0651226,50.453574],[6.0651442,50.4535855],[6.0651658,50.453597],[6.0651874,50.4536086],[6.065209,50.4536201],[6.0652306,50.4536316],[6.0652522,50.4536431],[6.0652738,50.4536547],[6.0652955,50.4536662],[6.0653171,50.4536777],[6.0653387,50.4536893],[6.0653603,50.4537008],[6.0653819,50.4537123],[6.0654035,50.4537239],[6.0654251,50.4537354],[6.0654467,50.4537469],[6.0654683,50.4537585],[6.0654899,50.45377],[6.0655115,50.4537815],[6.0655331,50.4537931],[6.0655547,50.4538046],[6.0655763,50.4538161],[6.0655979,50.4538277],[6.0656195,50.4538392],[6.0656411,50.4538507],[6.0656628,50.4538623],[6.0656844,50.4538738],[6.065706,50.4538853],[6.0657276,50.4538968],[6.0657492,50.4539084],[6.0657708,50.4539199],[6.0657924,50.4539314],[6.065814,50.453943],[6.0658356,50.4539545],[6.0658572,50.453966],[6.0658788,50.4539776],[6.0659004,50.4539891],[6.065922,50.4540006],[6.0659436,50.4540122],[6.0659652,50.4540237],[6.0659868,50.4540352],[6.0660085,50.4540468],[6.0660301,50.4540583],[6.0660517,50.4540698],[6.0660733,50.4540814],[6.0660949,50.4540929],[6.0661165,50.4541044],[6.0661381,50.454116],[6.0661597,50.4541275],[6.0661813,50.454139],[6.0662029,50.4541505],[6.0662245,50.4541621],[6.0662461,50.4541736],[6.0662677,50.4541851],[6.0662893,50.4541967],[6.0663109,50.4542082],[6.0663325,50.4542197],[6.0663542,50.4542313],[6.0663758,50.4542428],[6.0663974,50.4542543],[6.066419,50.4542659],[6.0664406,50.4542774],[6.0664622,50.4542889],[6.0664838,50.4543005],[6.0665054,50.454312],[6.066527,50.4543235],[6.0665486,50.4543351],[6.0665702,50.4543466],[6.0665918,50.4543581],[6.0666134,50.4543696],[6.066635,50.4543812],[6.0666566,50.4543927],[6.0666783,50.4544042],[6.0666999,50.4544158],[6.0667215,50.4544273],[6.0667431,50.4544388],[6.0667647,50.4544504],[6.0667863,50.4544619],[6.0668079,50.4544734],[6.0668295,50.454485],[6.0668511,50.4544965],[6.0668727,50.454508],[6.0668943,50.4545196],[6.0669159,50.4545311],[6.0669375,50.4545426],[6.0669591,50.4545542],[6.0669807,50.4545657],[6.0670024,50.4545772],[6.067024,50.4545887],[6.0670456,50.4546003],[6.0670672,50.4546118],[6.0670888,50.4546233],[6.0671104,50.4546349],[6.067132,50.4546464],[6.0671536,50.4546579],[6.0671752,50.4546695],[6.0671968,50.454681],[6.0672184,50.4546925],[6.06724,50.4547041],[6.0672616,50.4547156],[6.0672832,50.4547271],[6.0673048,50.4547387],[6.0673265,50.4547502],[6.0673481,50.4547617],[6.0673697,50.4547733],[6.0673913,50.4547848],[6.0674129,50.4547963],[6.0674345,50.4548078],[6.0674561,50.4548194],[6.0674777,50.4548309],[6.0674993,50.4548424],[6.0675209,50.454854],[6.0675425,50.4548655],[6.0675641,50.454877],[6.0675857,50.4548886],[6.0676073,50.4549001],[6.067629,50.4549116],[6.0676506,50.4549232],[6.0676722,50.4549347],[6.0676938,50.4549462],[6.0677154,50.4549578],[6.067737,50.4549693],[6.0677586,50.4549808],[6.0677802,50.4549924],[6.0678018,50.4550039],[6.0678234,50.4550154],[6.067845,50.4550269],[6.0678666,50.4550385],[6.0678882,50.45505],[6.0679098,50.4550615],[6.0679315,50.4550731],[6.0679531,50.4550846],[6.0679747,50.4550961],[6.0679963,50.4551077],[6.0680179,50.4551192],[6.0680395,50.4551307],[6.0680611,50.4551423],[6.0680827,50.4551538],[6.0681043,50.4551653],[6.0681259,50.4551769],[6.0681475,50.4551884],[6.0681691,50.4551999],[6.0681907,50.4552114],[6.0682123,50.455223],[6.068234,50.4552345],[6.0682556,50.455246],[6.0682772,50.4552576],[6.0682988,50.4552691],[6.0683204,50.4552806],[6.068342,50.4552922],[6.0683636,50.4553037],[6.0683852,50.4553152],[6.0684068,50.4553268],[6.0684284,50.4553383],[6.06845,50.4553498],[6.0684716,50.4553614],[6.0684932,50.4553729],[6.0685148,50.4553844],[6.0685365,50.4553959],[6.0685581,50.4554075],[6.0685797,50.455419],[6.0686013,50.4554305],[6.0686229,50.4554421],[6.0686445,50.4554536],[6.0686661,50.4554651],[6.0686877,50.4554767],[6.0687093,50.4554882],[6.0687309,50.4554997],[6.0687525,50.4555113],[6.0687741,50.4555228],[6.0687957,50.4555343],[6.0688174,50.4555459],[6.068839,50.4555574],[6.0688606,50.4555689],[6.0688822,50.4555804],[6.0689038,50.455592],[6.0689254,50.4556035],[6.068947,50.455615],[6.0689686,50.4556266],[6.0689902,50.4556381],[6.0690118,50.4556496],[6.0690334,50.4556612],[6.069055,50.4556727],[6.0690766,50.4556842],[6.0690983,50.4556958],[6.0691199,50.4557073],[6.0691415,50.4557188],[6.0691631,50.4557304],[6.0691847,50.4557419],[6.0692063,50.4557534],[6.0692279,50.4557649],[6.0692495,50.4557765],[6.0692711,50.455788],[6.0692927,50.4557995],[6.0693143,50.4558111],[6.0693359,50.4558226],[6.0693575,50.4558341],[6.0693792,50.4558457],[6.0694008,50.4558572],[6.0694224,50.4558687],[6.069444,50.4558803],[6.0694656,50.4558918],[6.0694872,50.4559033],[6.0695088,50.4559149],[6.0695304,50.4559264],[6.069552,50.4559379],[6.0695736,50.4559494],[6.0695952,50.455961],[6.0696168,50.4559725],[6.0696385,50.455984],[6.0696601,50.4559956],[6.0696817,50.4560071],[6.0697033,50.4560186],[6.0697249,50.4560302],[6.0697465,50.4560417],[6.0697681,50.4560532],[6.0697897,50.4560648],[6.0698113,50.4560763],[6.0698329,50.4560878],[6.0698545,50.4560993],[6.0698761,50.4561109],[6.0698977,50.4561224],[6.0699194,50.4561339],[6.069941,50.4561455],[6.0699626,50.456157],[6.0699842,50.4561685],[6.0700058,50.4561801],[6.0700274,50.4561916],[6.070049,50.4562031],[6.0700706,50.4562147],[6.0700922,50.4562262],[6.0701138,50.4562377],[6.0701354,50.4562493],[6.070157,50.4562608],[6.0701787,50.4562723],[6.0702003,50.4562838],[6.0702219,50.4562954],[6.0702435,50.4563069],[6.0702651,50.4563184],[6.0702867,50.45633],[6.0703083,50.4563415],[6.0703299,50.456353],[6.0703515,50.4563646],[6.0703731,50.4563761],[6.0703947,50.4563876],[6.0704163,50.4563992],[6.070438,50.4564107],[6.0704596,50.4564222],[6.0704812,50.4564337],[6.0705028,50.4564453],[6.0705244,50.4564568],[6.070546,50.4564683],[6.0705676,50.4564799],[6.0705892,50.4564914],[6.0706108,50.4565029],[6.0706324,50.4565145],[6.070654,50.456526],[6.0706756,50.4565375],[6.0706973,50.4565491],[6.0707189,50.4565606],[6.0707405,50.4565721],[6.0707621,50.4565836],[6.0707837,50.4565952],[6.0708053,50.4566067],[6.0708269,50.4566182],[6.0708485,50.4566298],[6.0708701,50.4566413],[6.0708917,50.4566528],[6.0709133,50.4566644],[6.0709349,50.4566759],[6.0709566,50.4566874],[6.0709782,50.456699],[6.0709998,50.4567105],[6.0710214,50.456722],[6.071043,50.4567335],[6.0710646,50.4567451],[6.0710862,50.4567566],[6.0711078,50.4567681],[6.0711294,50.4567797],[6.071151,50.4567912],[6.0711726,50.4568027],[6.0711943,50.4568143],[6.0712159,50.4568258],[6.0712375,50.4568373],[6.0712591,50.4568489],[6.0712807,50.4568604],[6.0713023,50.4568719],[6.0713239,50.4568834],[6.0713455,50.456895],[6.0713671,50.4569065],[6.0713887,50.456918],[6.0714103,50.4569296],[6.071432,50.4569411],[6.0714536,50.4569526],[6.0714752,50.4569642],[6.0714968,50.4569757],[6.0715184,50.4569872],[6.07154,50.4569988],[6.0715616,50.4570103],[6.0715832,50.4570218],[6.0716048,50.4570333],[6.0716264,50.4570449],[6.071648,50.4570564],[6.0716696,50.4570679],[6.0716913,50.4570795],[6.0717129,50.457091],[6.0717345,50.4571025],[6.0717561,50.4571141],[6.0717777,50.4571256],[6.0717993,50.4571371],[6.0718209,50.4571487],[6.0718425,50.4571602],[6.0718641,50.4571717],[6.0718857,50.4571832],[6.0719073,50.4571948],[6.071929,50.4572063],[6.0719506,50.4572178],[6.0719722,50.4572294],[6.0719938,50.4572409],[6.0720154,50.4572524],[6.072037,50.457264],[6.0720586,50.4572755],[6.0720802,50.457287],[6.0721018,50.4572986],[6.0721234,50.4573101],[6.072145,50.4573216],[6.0721667,50.4573331],[6.0721883,50.4573447],[6.0722099,50.4573562],[6.0722315,50.4573677],[6.0722531,50.4573793],[6.0722747,50.4573908],[6.0722963,50.4574023],[6.0723179,50.4574139],[6.0723395,50.4574254],[6.0723611,50.4574369],[6.0723828,50.4574485],[6.0724044,50.45746],[6.072426,50.4574715],[6.0724476,50.457483],[6.0724692,50.4574946],[6.0724908,50.4575061],[6.0725124,50.4575176],[6.072534,50.4575292],[6.0725556,50.4575407],[6.0725772,50.4575522],[6.0725988,50.4575638],[6.0726205,50.4575753],[6.0726421,50.4575868],[6.0726637,50.4575983],[6.0726853,50.4576099],[6.0727069,50.4576214],[6.0727285,50.4576329],[6.0727501,50.4576445],[6.0727717,50.457656],[6.0727933,50.4576675],[6.0728149,50.4576791],[6.0728366,50.4576906],[6.0728582,50.4577021],[6.0728798,50.4577137],[6.0729014,50.4577252],[6.072923,50.4577367],[6.0729446,50.4577482],[6.0729662,50.4577598],[6.0729878,50.4577713],[6.0730094,50.4577828],[6.073031,50.4577944],[6.0730526,50.4578059],[6.0730743,50.4578174],[6.0730959,50.457829],[6.0731175,50.4578405],[6.0731391,50.457852],[6.0731607,50.4578635],[6.0731823,50.4578751],[6.0732039,50.4578866],[6.0732255,50.4578981],[6.0732471,50.4579097],[6.0732687,50.4579212],[6.0732904,50.4579327],[6.073312,50.4579443],[6.0733336,50.4579558],[6.0733552,50.4579673],[6.0733768,50.4579789],[6.0733984,50.4579904],[6.07342,50.4580019],[6.0734416,50.4580134],[6.0734632,50.458025],[6.0734848,50.4580365],[6.0735065,50.458048],[6.0735281,50.4580596],[6.0735497,50.4580711],[6.0735713,50.4580826],[6.0735929,50.4580942],[6.0736145,50.4581057],[6.0736361,50.4581172],[6.0736577,50.4581287],[6.0736793,50.4581403],[6.0737009,50.4581518],[6.0737226,50.4581633],[6.0737442,50.4581749],[6.0737658,50.4581864],[6.0737874,50.4581979],[6.073809,50.4582095],[6.0738306,50.458221],[6.0738522,50.4582325],[6.0738738,50.4582441],[6.0738954,50.4582556],[6.073917,50.4582671],[6.0739387,50.4582786],[6.0739603,50.4582902],[6.0739819,50.4583017],[6.0740035,50.4583132],[6.0740251,50.4583248],[6.0740467,50.4583363],[6.0740683,50.4583478],[6.0740899,50.4583594],[6.0741115,50.4583709],[6.0741331,50.4583824],[6.0741548,50.4583939],[6.0741764,50.4584055],[6.074198,50.458417],[6.0742196,50.4584285],[6.0742412,50.4584401],[6.0742628,50.4584516],[6.0742844,50.4584631],[6.074306,50.4584747],[6.0743276,50.4584862],[6.0743492,50.4584977],[6.0743709,50.4585092],[6.0743925,50.4585208],[6.0744141,50.4585323],[6.0744357,50.4585438],[6.0744573,50.4585554],[6.0744789,50.4585669],[6.0745005,50.4585784],[6.0745221,50.45859],[6.0745437,50.4586015],[6.0745653,50.458613],[6.074587,50.4586245],[6.0746086,50.4586361],[6.0746302,50.4586476],[6.0746518,50.4586591],[6.0746734,50.4586707],[6.074695,50.4586822],[6.0747166,50.4586937],[6.0747382,50.4587053],[6.0747598,50.4587168],[6.0747815,50.4587283],[6.0748031,50.4587398],[6.0748247,50.4587514],[6.0748463,50.4587629],[6.0748679,50.4587744],[6.0748895,50.458786],[6.0749111,50.4587975],[6.0749327,50.458809],[6.0749543,50.4588206],[6.0749759,50.4588321],[6.0749976,50.4588436],[6.0750192,50.4588552],[6.0750408,50.4588667],[6.0750624,50.4588782],[6.075084,50.4588897],[6.0751056,50.4589013],[6.0751272,50.4589128],[6.0751488,50.4589243],[6.0751704,50.4589359],[6.0751921,50.4589474],[6.0752137,50.4589589],[6.0752353,50.4589705],[6.0752569,50.458982],[6.0752785,50.4589935],[6.0753001,50.459005],[6.0753217,50.4590166],[6.0753433,50.4590281],[6.0753649,50.4590396],[6.0753866,50.4590512],[6.0754082,50.4590627],[6.0754298,50.4590742],[6.0754514,50.4590858],[6.075473,50.4590973],[6.0754946,50.4591088],[6.0755162,50.4591203],[6.0755378,50.4591319],[6.0755594,50.4591434],[6.075581,50.4591549],[6.0756027,50.4591665],[6.0756243,50.459178],[6.0756459,50.4591895],[6.0756675,50.4592011],[6.0756891,50.4592126],[6.0757107,50.4592241],[6.0757323,50.4592356],[6.0757539,50.4592472],[6.0757755,50.4592587],[6.0757972,50.4592702],[6.0758188,50.4592818],[6.0758404,50.4592933],[6.075862,50.4593048],[6.0758836,50.4593164],[6.0759052,50.4593279],[6.0759268,50.4593394],[6.0759484,50.4593509],[6.07597,50.4593625],[6.0759917,50.459374],[6.0760133,50.4593855],[6.0760349,50.4593971],[6.0760565,50.4594086],[6.0760781,50.4594201],[6.0760997,50.4594316],[6.0761213,50.4594432],[6.0761429,50.4594547],[6.0761645,50.4594662],[6.0761862,50.4594778],[6.0762078,50.4594893],[6.0762294,50.4595008],[6.076251,50.4595124],[6.0762726,50.4595239],[6.0762942,50.4595354],[6.0763158,50.4595469],[6.0763374,50.4595585],[6.076359,50.45957],[6.0763807,50.4595815],[6.0764023,50.4595931],[6.0764239,50.4596046],[6.0764455,50.4596161],[6.0764671,50.4596277],[6.0764887,50.4596392],[6.0765103,50.4596507],[6.0765319,50.4596622],[6.0765536,50.4596738],[6.0765752,50.4596853],[6.0765968,50.4596968],[6.0766184,50.4597084],[6.07664,50.4597199],[6.0766616,50.4597314],[6.0766832,50.459743],[6.0767048,50.4597545],[6.0767264,50.459766],[6.0767481,50.4597775],[6.0767697,50.4597891],[6.0767913,50.4598006],[6.0768129,50.4598121],[6.0768345,50.4598237],[6.0768561,50.4598352],[6.0768777,50.4598467],[6.0768993,50.4598583],[6.0769209,50.4598698],[6.0769426,50.4598813],[6.0769642,50.4598928],[6.0769858,50.4599044],[6.0770074,50.4599159],[6.0770293,50.4599274],[6.0770515,50.4599387],[6.0770738,50.4599499],[6.0770962,50.4599609],[6.0771189,50.4599718],[6.0771417,50.4599826],[6.0771647,50.4599932],[6.0771878,50.4600036],[6.0772112,50.4600139],[6.0772346,50.4600241],[6.0772583,50.4600341],[6.0772821,50.4600439],[6.077306,50.4600536],[6.0773301,50.4600632],[6.0773544,50.4600726],[6.0773788,50.4600818],[6.0774033,50.4600909],[6.077428,50.4600998],[6.0774528,50.4601085],[6.0774778,50.4601171],[6.0775029,50.4601256],[6.0775281,50.4601338],[6.0775535,50.460142],[6.0775789,50.4601499],[6.0776045,50.4601577],[6.0776303,50.4601653],[6.0776561,50.4601728],[6.0776821,50.46018],[6.0777081,50.4601872],[6.0777343,50.4601941],[6.0777606,50.4602009],[6.077787,50.4602075],[6.0778135,50.4602139],[6.0778401,50.4602202],[6.0778668,50.4602263],[6.0778936,50.4602323],[6.0779205,50.460238],[6.0779475,50.4602436],[6.0779746,50.460249],[6.0780017,50.4602542],[6.0780289,50.4602593],[6.0780563,50.4602642],[6.0780836,50.4602689],[6.0781111,50.4602734],[6.0781386,50.4602778],[6.0781662,50.460282],[6.0781939,50.460286],[6.0782216,50.4602898],[6.0782494,50.4602934],[6.0782772,50.4602969],[6.0783051,50.4603002],[6.078333,50.4603033],[6.078361,50.4603062],[6.0783891,50.460309],[6.0784171,50.4603115],[6.0784452,50.4603139],[6.0784734,50.4603161],[6.0785016,50.4603182],[6.0785298,50.46032],[6.078558,50.4603217],[6.0785863,50.4603231],[6.0786146,50.4603244],[6.0786429,50.4603256],[6.0786712,50.4603265],[6.0786995,50.4603273],[6.0787279,50.4603278],[6.0787562,50.4603282],[6.0787846,50.4603284],[6.078813,50.4603284],[6.0788413,50.4603283],[6.0788697,50.4603279],[6.078898,50.4603274],[6.0789264,50.4603267],[6.0789547,50.4603258],[6.078983,50.4603248],[6.0790113,50.4603235],[6.0790396,50.4603221],[6.0790678,50.4603205],[6.079096,50.4603187],[6.0791242,50.4603167],[6.0791524,50.4603145],[6.0791805,50.4603122],[6.0792086,50.4603097],[6.0792366,50.460307],[6.0792646,50.4603041],[6.0792926,50.460301],[6.0793205,50.4602978],[6.0793483,50.4602944],[6.0793761,50.4602908],[6.0794039,50.460287],[6.0794315,50.4602831],[6.0794592,50.4602789],[6.0794867,50.4602746],[6.0795142,50.4602701],[6.0795416,50.4602655],[6.0795689,50.4602606],[6.0795962,50.4602556],[6.0796233,50.4602504],[6.0796504,50.4602451],[6.0796774,50.4602395],[6.0797043,50.4602338],[6.0797312,50.4602279],[6.0797579,50.4602219],[6.0797845,50.4602157],[6.079811,50.4602095],[6.0798374,50.4602033],[6.0798639,50.4601971],[6.0798903,50.4601909],[6.0799168,50.4601847],[6.0799432,50.4601786],[6.0799696,50.4601724],[6.0799961,50.4601662],[6.0800225,50.46016],[6.080049,50.4601538],[6.0800754,50.4601476],[6.0801019,50.4601415],[6.0801283,50.4601353],[6.0801548,50.4601291],[6.0801812,50.4601229],[6.0802077,50.4601167],[6.0802341,50.4601105],[6.0802606,50.4601044],[6.080287,50.4600982],[6.0803135,50.460092],[6.0803399,50.4600858],[6.0803664,50.4600796],[6.0803928,50.4600734],[6.0804192,50.4600672],[6.0804457,50.4600611],[6.0804721,50.4600549],[6.0804986,50.4600487],[6.080525,50.4600425],[6.0805515,50.4600363],[6.0805779,50.4600301],[6.0806044,50.460024],[6.0806308,50.4600178],[6.0806573,50.4600116],[6.0806837,50.4600054],[6.0807102,50.4599992],[6.0807366,50.459993],[6.0807631,50.4599869],[6.0807895,50.4599807],[6.080816,50.4599745],[6.0808424,50.4599683],[6.0808689,50.4599621],[6.0808953,50.4599559],[6.0809217,50.4599498],[6.0809482,50.4599436],[6.0809746,50.4599374],[6.0810011,50.4599312],[6.0810275,50.459925],[6.081054,50.4599188],[6.0810804,50.4599127],[6.0811069,50.4599065],[6.0811333,50.4599003],[6.0811598,50.4598941],[6.0811862,50.4598879],[6.0812127,50.4598817],[6.0812391,50.4598756],[6.0812656,50.4598694],[6.081292,50.4598632],[6.0813184,50.459857],[6.0813449,50.4598508],[6.0813713,50.4598446],[6.0813978,50.4598385],[6.0814242,50.4598323],[6.0814507,50.4598261],[6.0814771,50.4598199],[6.0815036,50.4598137],[6.08153,50.4598075],[6.0815565,50.4598014],[6.0815829,50.4597952],[6.0816094,50.459789],[6.0816358,50.4597828],[6.0816623,50.4597766],[6.0816887,50.4597704],[6.0817152,50.4597642],[6.0817416,50.4597581],[6.081768,50.4597519],[6.0817945,50.4597457],[6.0818209,50.4597395],[6.0818474,50.4597333],[6.0818738,50.4597271],[6.0819003,50.459721],[6.0819267,50.4597148],[6.0819532,50.4597086],[6.0819796,50.4597024],[6.0820061,50.4596962],[6.0820325,50.45969],[6.082059,50.4596839],[6.0820854,50.4596777],[6.0821119,50.4596715],[6.0821383,50.4596653],[6.0821647,50.4596591],[6.0821912,50.4596529],[6.0822176,50.4596468],[6.0822441,50.4596406],[6.0822705,50.4596344],[6.082297,50.4596282],[6.0823234,50.459622],[6.0823499,50.4596158],[6.0823763,50.4596097],[6.0824028,50.4596035],[6.0824292,50.4595973],[6.0824557,50.4595911],[6.0824821,50.4595849],[6.0825086,50.4595787],[6.082535,50.4595725],[6.0825614,50.4595664],[6.0825879,50.4595602],[6.0826143,50.459554],[6.0826408,50.4595478],[6.0826672,50.4595416],[6.0826937,50.4595354],[6.0827201,50.4595293],[6.0827466,50.4595231],[6.082773,50.4595169],[6.0827995,50.4595107],[6.0828259,50.4595045],[6.0828524,50.4594983],[6.0828788,50.4594922],[6.0829053,50.459486],[6.0829317,50.4594798],[6.0829581,50.4594736],[6.0829846,50.4594674],[6.083011,50.4594612],[6.0830375,50.4594551],[6.0830639,50.4594489],[6.0830904,50.4594427],[6.0831168,50.4594365],[6.0831433,50.4594303],[6.0831697,50.4594241],[6.0831962,50.4594179],[6.0832226,50.4594118],[6.0832491,50.4594056],[6.0832755,50.4593994],[6.0833019,50.4593932],[6.0833284,50.459387],[6.0833548,50.4593808],[6.0833813,50.4593747],[6.0834077,50.4593685],[6.0834342,50.4593623],[6.0834606,50.4593561],[6.0834871,50.4593499],[6.0835135,50.4593437],[6.08354,50.4593376],[6.0835664,50.4593314],[6.0835929,50.4593252],[6.0836193,50.459319],[6.0836458,50.4593128],[6.0836722,50.4593066],[6.0836986,50.4593004],[6.0837251,50.4592943],[6.0837515,50.4592881],[6.083778,50.4592819],[6.0838044,50.4592757],[6.0838309,50.4592695],[6.0838573,50.4592633],[6.0838838,50.4592572],[6.0839102,50.459251],[6.0839367,50.4592448],[6.0839631,50.4592386],[6.0839896,50.4592324],[6.084016,50.4592262],[6.0840424,50.45922],[6.0840689,50.4592139],[6.0840953,50.4592077],[6.0841218,50.4592015],[6.0841482,50.4591953],[6.0841747,50.4591891],[6.0842011,50.4591829],[6.0842276,50.4591768],[6.084254,50.4591706],[6.0842805,50.4591644],[6.0843069,50.4591582],[6.0843334,50.459152],[6.0843598,50.4591458],[6.0843862,50.4591397],[6.0844127,50.4591335],[6.0844391,50.4591273],[6.0844656,50.4591211],[6.084492,50.4591149],[6.0845185,50.4591087],[6.0845449,50.4591025],[6.0845714,50.4590964],[6.0845978,50.4590902],[6.0846243,50.459084],[6.0846507,50.4590778],[6.0846772,50.4590716],[6.0847036,50.4590654],[6.08473,50.4590593],[6.0847565,50.4590531],[6.0847829,50.4590469],[6.0848094,50.4590407],[6.0848358,50.4590345],[6.0848623,50.4590283],[6.0848887,50.4590221],[6.0849152,50.459016],[6.0849416,50.4590098],[6.0849681,50.4590036],[6.0849945,50.4589974],[6.085021,50.4589912],[6.0850474,50.458985],[6.0850738,50.4589789],[6.0851003,50.4589727],[6.0851267,50.4589665],[6.0851532,50.4589603],[6.0851796,50.4589541],[6.0852061,50.4589479],[6.0852325,50.4589417],[6.085259,50.4589356],[6.0852854,50.4589294],[6.0853119,50.4589232],[6.0853383,50.458917],[6.0853647,50.4589108],[6.0853912,50.4589046],[6.0854176,50.4588985],[6.0854441,50.4588923],[6.0854705,50.4588861],[6.085497,50.4588799],[6.0855234,50.4588737],[6.0855499,50.4588675],[6.0855763,50.4588613],[6.0856028,50.4588552],[6.0856292,50.458849],[6.0856557,50.4588428],[6.0856821,50.4588366],[6.0857085,50.4588304],[6.085735,50.4588242],[6.0857614,50.4588181],[6.0857879,50.4588119],[6.0858143,50.4588057],[6.0858408,50.4587995],[6.0858672,50.4587933],[6.0858937,50.4587871],[6.0859201,50.4587809],[6.0859466,50.4587748],[6.085973,50.4587686],[6.0859994,50.4587624],[6.0860259,50.4587562],[6.0860523,50.45875],[6.0860788,50.4587438],[6.0861052,50.4587377],[6.0861317,50.4587315],[6.0861581,50.4587253],[6.0861846,50.4587191],[6.086211,50.4587129],[6.0862375,50.4587067],[6.0862639,50.4587005],[6.0862904,50.4586944],[6.0863168,50.4586882],[6.0863432,50.458682],[6.0863697,50.4586758],[6.0863961,50.4586696],[6.0864226,50.4586634],[6.086449,50.4586572],[6.0864755,50.4586511],[6.0865019,50.4586449],[6.0865284,50.4586387],[6.0865548,50.4586325],[6.0865813,50.4586263],[6.0866077,50.4586201],[6.0866341,50.458614],[6.0866606,50.4586078],[6.086687,50.4586016],[6.0867135,50.4585954],[6.0867399,50.4585892],[6.0867664,50.458583],[6.0867928,50.4585768],[6.0868193,50.4585707],[6.0868457,50.4585645],[6.0868722,50.4585583],[6.0868986,50.4585521],[6.086925,50.4585459],[6.0869515,50.4585397],[6.0869779,50.4585335],[6.0870044,50.4585274],[6.0870308,50.4585212],[6.0870573,50.458515],[6.0870837,50.4585088],[6.0871102,50.4585026],[6.0871366,50.4584964],[6.0871631,50.4584903],[6.0871895,50.4584841],[6.0872159,50.4584779],[6.0872424,50.4584717],[6.0872688,50.4584655],[6.0872953,50.4584593],[6.0873217,50.4584531],[6.0873482,50.458447],[6.0873746,50.4584408],[6.0874011,50.4584346],[6.0874275,50.4584284],[6.087454,50.4584222],[6.0874804,50.458416],[6.0875068,50.4584098],[6.0875333,50.4584037],[6.0875597,50.4583975],[6.0875862,50.4583913],[6.0876126,50.4583851],[6.0876391,50.4583789],[6.0876655,50.4583727],[6.087692,50.4583666],[6.0877184,50.4583604],[6.0877449,50.4583542],[6.0877713,50.458348],[6.0877977,50.4583418],[6.0878242,50.4583356],[6.0878506,50.4583294],[6.0878771,50.4583233],[6.0879035,50.4583171],[6.08793,50.4583109],[6.0879564,50.4583047],[6.0879829,50.4582985],[6.0880093,50.4582923],[6.0880357,50.4582861],[6.0880622,50.45828],[6.0880886,50.4582738],[6.0881151,50.4582676],[6.0881415,50.4582614],[6.088168,50.4582552],[6.0881944,50.458249],[6.0882209,50.4582428],[6.0882473,50.4582367],[6.0882738,50.4582305],[6.0883002,50.4582243],[6.0883266,50.4582181],[6.0883531,50.4582119],[6.0883795,50.4582057],[6.088406,50.4581995],[6.0884324,50.4581934],[6.0884589,50.4581872],[6.0884853,50.458181],[6.0885118,50.4581748],[6.0885382,50.4581686],[6.0885647,50.4581624],[6.0885911,50.4581563],[6.0886175,50.4581501],[6.088644,50.4581439],[6.0886704,50.4581377],[6.0886969,50.4581315],[6.0887233,50.4581253],[6.0887498,50.4581191],[6.0887762,50.458113],[6.0888027,50.4581068],[6.0888291,50.4581006],[6.0888555,50.4580944],[6.088882,50.4580882],[6.0889084,50.458082],[6.0889349,50.4580758],[6.0889613,50.4580697],[6.0889878,50.4580635],[6.0890142,50.4580573],[6.0890407,50.4580511],[6.0890671,50.4580449],[6.0890936,50.4580387],[6.08912,50.4580325],[6.0891464,50.4580264],[6.0891729,50.4580202],[6.0891993,50.458014],[6.0892258,50.4580078],[6.0892522,50.4580016],[6.0892787,50.4579954],[6.0893051,50.4579892],[6.0893316,50.4579831],[6.089358,50.4579769],[6.0893844,50.4579707],[6.0894109,50.4579645],[6.0894373,50.4579583],[6.0894638,50.4579521],[6.0894902,50.4579459],[6.0895167,50.4579398],[6.0895431,50.4579336],[6.0895696,50.4579274],[6.089596,50.4579212],[6.0896224,50.457915],[6.0896489,50.4579088],[6.0896753,50.4579026],[6.0897018,50.4578965],[6.0897282,50.4578903],[6.0897547,50.4578841],[6.0897811,50.4578779],[6.0898076,50.4578717],[6.089834,50.4578655],[6.0898604,50.4578593],[6.0898869,50.4578532],[6.0899133,50.457847],[6.0899398,50.4578408],[6.0899662,50.4578346],[6.0899927,50.4578284],[6.0900191,50.4578222],[6.0900456,50.457816],[6.090072,50.4578099],[6.0900985,50.4578037],[6.0901249,50.4577975],[6.0901513,50.4577913],[6.0901778,50.4577851],[6.0902042,50.4577789],[6.0902307,50.4577727],[6.0902571,50.4577666],[6.0902836,50.4577604],[6.09031,50.4577542],[6.0903365,50.457748],[6.0903629,50.4577418],[6.0903893,50.4577356],[6.0904158,50.4577294],[6.0904422,50.4577233],[6.0904687,50.4577171],[6.0904951,50.4577109],[6.0905216,50.4577047],[6.090548,50.4576985],[6.0905745,50.4576923],[6.0906009,50.4576861],[6.0906273,50.45768],[6.0906538,50.4576738],[6.0906802,50.4576676],[6.0907067,50.4576614],[6.0907331,50.4576552],[6.0907596,50.457649],[6.090786,50.4576428],[6.0908125,50.4576367],[6.0908389,50.4576305],[6.0908653,50.4576243],[6.0908918,50.4576181],[6.0909182,50.4576119],[6.0909447,50.4576057],[6.0909711,50.4575995],[6.0909976,50.4575934],[6.091024,50.4575872],[6.0910505,50.457581],[6.0910769,50.4575748],[6.0911033,50.4575686],[6.0911298,50.4575624],[6.0911562,50.4575562],[6.0911827,50.4575501],[6.0912091,50.4575439],[6.0912356,50.4575377],[6.091262,50.4575315],[6.0912885,50.4575253],[6.0913149,50.4575191],[6.0913413,50.4575129],[6.0913678,50.4575068],[6.0913942,50.4575006],[6.0914207,50.4574944],[6.0914471,50.4574882],[6.0914736,50.457482],[6.0915,50.4574758],[6.0915265,50.4574696],[6.0915529,50.4574635],[6.0915793,50.4574573],[6.0916058,50.4574511],[6.0916322,50.4574449],[6.0916587,50.4574387],[6.0916851,50.4574325],[6.0917116,50.4574263],[6.091738,50.4574201],[6.0917645,50.457414],[6.0917909,50.4574078],[6.0918173,50.4574016],[6.0918438,50.4573954],[6.0918702,50.4573892],[6.0918967,50.457383],[6.0919231,50.4573768],[6.0919496,50.4573707],[6.091976,50.4573645],[6.0920024,50.4573583],[6.0920289,50.4573521],[6.0920553,50.4573459],[6.0920818,50.4573397],[6.0921082,50.4573335],[6.0921347,50.4573274],[6.0921611,50.4573212],[6.0921876,50.457315],[6.092214,50.4573088],[6.0922404,50.4573026],[6.0922669,50.4572964],[6.0922933,50.4572902],[6.0923198,50.4572841],[6.0923462,50.4572779],[6.0923727,50.4572717],[6.0923991,50.4572655],[6.0924256,50.4572593],[6.092452,50.4572531],[6.0924784,50.4572469],[6.0925049,50.4572407],[6.0925313,50.4572346],[6.0925578,50.4572284],[6.0925842,50.4572222],[6.0926107,50.457216],[6.0926371,50.4572098],[6.0926635,50.4572036],[6.09269,50.4571974],[6.0927164,50.4571913],[6.0927429,50.4571851],[6.0927693,50.4571789],[6.0927958,50.4571727],[6.0928222,50.4571665],[6.0928487,50.4571603],[6.0928751,50.4571541],[6.0929015,50.457148],[6.092928,50.4571418],[6.0929544,50.4571356],[6.0929809,50.4571294],[6.0930073,50.4571232],[6.0930338,50.457117],[6.0930602,50.4571108],[6.0930867,50.4571046],[6.0931131,50.4570985],[6.0931395,50.4570923],[6.093166,50.4570861],[6.0931924,50.4570799],[6.0932189,50.4570737],[6.0932453,50.4570675],[6.0932718,50.4570613],[6.0932982,50.4570552],[6.0933246,50.457049],[6.0933511,50.4570428],[6.0933775,50.4570366],[6.093404,50.4570304],[6.0934304,50.4570242],[6.0934569,50.457018],[6.0934833,50.4570119],[6.0935098,50.4570057],[6.0935362,50.4569995],[6.0935626,50.4569933],[6.0935891,50.4569871],[6.0936155,50.4569809],[6.093642,50.4569747],[6.0936684,50.4569685],[6.0936949,50.4569624],[6.0937213,50.4569562],[6.0937477,50.45695],[6.0937742,50.4569438],[6.0938006,50.4569376],[6.0938271,50.4569314],[6.0938535,50.4569252],[6.09388,50.4569191],[6.0939064,50.4569129],[6.0939329,50.4569067],[6.0939593,50.4569005],[6.0939857,50.4568943],[6.0940122,50.4568881],[6.0940386,50.4568819],[6.0940651,50.4568757],[6.0940915,50.4568696],[6.094118,50.4568634],[6.0941444,50.4568572],[6.0941708,50.456851],[6.0941973,50.4568448],[6.0942237,50.4568386],[6.0942502,50.4568324],[6.0942766,50.4568263],[6.0943031,50.4568201],[6.0943295,50.4568139],[6.0943559,50.4568077],[6.0943824,50.4568015],[6.0944088,50.4567953],[6.0944353,50.4567891],[6.0944617,50.4567829],[6.0944882,50.4567768],[6.0945146,50.4567706],[6.0945411,50.4567644],[6.0945675,50.4567582],[6.0945939,50.456752],[6.0946204,50.4567458],[6.0946468,50.4567396],[6.0946733,50.4567335],[6.0946997,50.4567273],[6.0947262,50.4567211],[6.0947526,50.4567149],[6.094779,50.4567087],[6.0948055,50.4567025],[6.0948319,50.4566963],[6.0948584,50.4566901],[6.0948848,50.456684],[6.0949113,50.4566778],[6.0949377,50.4566716],[6.0949641,50.4566654],[6.0949906,50.4566592],[6.095017,50.456653],[6.0950435,50.4566468],[6.0950699,50.4566407],[6.0950964,50.4566345],[6.0951228,50.4566283],[6.0951493,50.4566221],[6.0951757,50.4566159],[6.0952021,50.4566097],[6.0952286,50.4566035],[6.095255,50.4565973],[6.0952815,50.4565912],[6.0953079,50.456585],[6.0953344,50.4565788],[6.0953608,50.4565726],[6.0953872,50.4565664],[6.0954137,50.4565602],[6.0954401,50.456554],[6.0954666,50.4565478],[6.095493,50.4565417],[6.0955195,50.4565355],[6.0955459,50.4565293],[6.0955723,50.4565231],[6.0955988,50.4565169],[6.0956252,50.4565107],[6.0956517,50.4565045],[6.0956781,50.4564984],[6.0957046,50.4564922],[6.095731,50.456486],[6.0957574,50.4564798],[6.0957839,50.4564736],[6.0958103,50.4564674],[6.0958368,50.4564612],[6.0958632,50.456455],[6.0958897,50.4564489],[6.0959161,50.4564427],[6.0959425,50.4564365],[6.095969,50.4564303],[6.0959954,50.4564241],[6.0960219,50.4564179],[6.0960483,50.4564117],[6.0960748,50.4564055],[6.0961012,50.4563994],[6.0961277,50.4563932],[6.0961541,50.456387],[6.0961805,50.4563808],[6.096207,50.4563746],[6.0962334,50.4563684],[6.0962599,50.4563622],[6.0962863,50.4563561],[6.0963128,50.4563499],[6.0963392,50.4563437],[6.0963656,50.4563375],[6.0963921,50.4563313],[6.0964185,50.4563251],[6.096445,50.4563189],[6.0964714,50.4563127],[6.0964979,50.4563066],[6.0965243,50.4563004],[6.0965507,50.4562942],[6.0965772,50.456288],[6.0966036,50.4562818],[6.0966301,50.4562756],[6.0966565,50.4562694],[6.096683,50.4562632],[6.0967094,50.4562571],[6.0967358,50.4562509],[6.0967623,50.4562447],[6.0967887,50.4562385],[6.0968152,50.4562323],[6.0968416,50.4562261],[6.0968681,50.4562199],[6.0968945,50.4562137],[6.0969209,50.4562076],[6.0969474,50.4562014],[6.0969738,50.4561952],[6.0970003,50.456189],[6.0970267,50.4561828],[6.0970532,50.4561766],[6.0970796,50.4561704],[6.097106,50.4561642],[6.0971325,50.4561581],[6.0971589,50.4561519],[6.0971854,50.4561457],[6.0972118,50.4561395],[6.0972383,50.4561333],[6.0972647,50.4561271],[6.0972911,50.4561209],[6.0973176,50.4561147],[6.097344,50.4561086],[6.0973705,50.4561024],[6.0973969,50.4560962],[6.0974234,50.45609],[6.0974498,50.4560838],[6.0974762,50.4560776],[6.0975027,50.4560714],[6.0975291,50.4560652],[6.0975556,50.4560591],[6.097582,50.4560529],[6.0976085,50.4560467],[6.0976349,50.4560405],[6.0976613,50.4560343],[6.0976878,50.4560281],[6.0977142,50.4560219],[6.0977407,50.4560157],[6.0977671,50.4560096],[6.0977936,50.4560034],[6.09782,50.4559972],[6.0978464,50.455991],[6.0978729,50.4559848],[6.0978993,50.4559786],[6.0979258,50.4559724],[6.0979522,50.4559662],[6.0979786,50.4559601],[6.0980051,50.4559539],[6.0980315,50.4559477],[6.098058,50.4559415],[6.0980844,50.4559353],[6.0981109,50.4559291],[6.0981373,50.4559229],[6.0981637,50.4559167],[6.0981902,50.4559106],[6.0982166,50.4559044],[6.0982431,50.4558982],[6.0982695,50.455892],[6.098296,50.4558858],[6.0983224,50.4558796],[6.0983488,50.4558734],[6.0983753,50.4558672],[6.0984017,50.4558611],[6.0984282,50.4558549],[6.0984546,50.4558487],[6.0984811,50.4558425],[6.0985075,50.4558363],[6.0985339,50.4558301],[6.0985604,50.4558239],[6.0985868,50.4558177],[6.0986133,50.4558116],[6.0986397,50.4558054],[6.0986662,50.4557992],[6.0986926,50.455793],[6.098719,50.4557868],[6.0987455,50.4557806],[6.0987719,50.4557744],[6.0987984,50.4557682],[6.0988248,50.4557621],[6.0988513,50.4557559],[6.0988777,50.4557497],[6.0989041,50.4557435],[6.0989306,50.4557373],[6.098957,50.4557311],[6.0989835,50.4557249],[6.0990099,50.4557187],[6.0990363,50.4557126],[6.0990628,50.4557064],[6.0990892,50.4557002],[6.0991157,50.455694],[6.0991421,50.4556878],[6.0991686,50.4556816],[6.099195,50.4556754],[6.0992214,50.4556692],[6.0992479,50.4556631],[6.0992743,50.4556569],[6.0993008,50.4556507],[6.0993272,50.4556445],[6.0993537,50.4556383],[6.0993801,50.4556321],[6.0994065,50.4556259],[6.099433,50.4556197],[6.0994594,50.4556136],[6.0994859,50.4556074],[6.0995123,50.4556012],[6.0995387,50.455595],[6.0995652,50.4555888],[6.0995916,50.4555826],[6.0996181,50.4555764],[6.0996445,50.4555702],[6.099671,50.455564],[6.0996974,50.4555579],[6.0997238,50.4555517],[6.0997503,50.4555455],[6.0997767,50.4555393],[6.0998032,50.4555331],[6.0998296,50.4555269],[6.0998561,50.4555207],[6.0998825,50.4555145],[6.0999089,50.4555084],[6.0999354,50.4555022],[6.0999618,50.455496],[6.0999883,50.4554898],[6.1000147,50.4554836],[6.1000411,50.4554774],[6.1000676,50.4554712],[6.100094,50.455465],[6.1001205,50.4554589],[6.1001469,50.4554527],[6.1001734,50.4554465],[6.1001998,50.4554403],[6.1002262,50.4554341],[6.1002527,50.4554279],[6.1002791,50.4554217],[6.1003056,50.4554155],[6.100332,50.4554093],[6.1003585,50.4554032],[6.1003849,50.455397],[6.1004113,50.4553908],[6.1004378,50.4553846],[6.1004642,50.4553784],[6.1004907,50.4553722],[6.1005171,50.455366],[6.1005435,50.4553598],[6.10057,50.4553537],[6.1005964,50.4553475],[6.1006229,50.4553413],[6.1006493,50.4553351],[6.1006758,50.4553289],[6.1007022,50.4553227],[6.1007286,50.4553165],[6.1007551,50.4553103],[6.1007815,50.4553042],[6.100808,50.455298],[6.1008344,50.4552918],[6.1008608,50.4552856],[6.1008873,50.4552794],[6.1009137,50.4552732],[6.1009402,50.455267],[6.1009666,50.4552608],[6.1009931,50.4552546],[6.1010195,50.4552485],[6.1010459,50.4552423],[6.1010724,50.4552361],[6.1010988,50.4552299],[6.1011253,50.4552237],[6.1011517,50.4552175],[6.1011782,50.4552113],[6.1012046,50.4552051],[6.101231,50.455199],[6.1012575,50.4551928],[6.1012839,50.4551866],[6.1013104,50.4551804],[6.1013368,50.4551742],[6.1013632,50.455168],[6.1013897,50.4551618],[6.1014161,50.4551556],[6.1014426,50.4551494],[6.101469,50.4551433],[6.1014955,50.4551371],[6.1015219,50.4551309],[6.1015483,50.4551247],[6.1015748,50.4551185],[6.1016012,50.4551123],[6.1016277,50.4551061],[6.1016541,50.4550999],[6.1016805,50.4550937],[6.101707,50.4550876],[6.1017334,50.4550814],[6.1017599,50.4550752],[6.1017863,50.455069],[6.1018128,50.4550628],[6.1018392,50.4550566],[6.1018656,50.4550504],[6.1018921,50.4550442],[6.1019185,50.4550381],[6.101945,50.4550319],[6.1019714,50.4550257],[6.1019978,50.4550195],[6.1020243,50.4550133],[6.1020507,50.4550071],[6.1020772,50.4550009],[6.1021036,50.4549947],[6.10213,50.4549885],[6.1021565,50.4549824],[6.1021829,50.4549762],[6.1022094,50.45497],[6.1022358,50.4549638],[6.1022623,50.4549576],[6.1022887,50.4549514],[6.1023151,50.4549452],[6.1023416,50.454939],[6.102368,50.4549329],[6.1023945,50.4549267],[6.1024209,50.4549205],[6.1024473,50.4549143],[6.1024738,50.4549081],[6.1025002,50.4549019],[6.1025267,50.4548957],[6.1025531,50.4548895],[6.1025796,50.4548833],[6.102606,50.4548772],[6.1026324,50.454871],[6.1026589,50.4548648],[6.1026853,50.4548586],[6.1027118,50.4548524],[6.1027382,50.4548462],[6.1027646,50.45484],[6.1027911,50.4548338],[6.1028175,50.4548276],[6.102844,50.4548215],[6.1028704,50.4548153],[6.1028969,50.4548091],[6.1029233,50.4548029],[6.1029497,50.4547967],[6.1029762,50.4547905],[6.1030026,50.4547843],[6.1030291,50.4547781],[6.1030555,50.4547719],[6.1030819,50.4547658],[6.1031084,50.4547596],[6.1031348,50.4547534],[6.1031613,50.4547472],[6.1031877,50.454741],[6.1032141,50.4547348],[6.1032406,50.4547286],[6.103267,50.4547224],[6.1032935,50.4547162],[6.1033199,50.4547101],[6.1033464,50.4547039],[6.1033728,50.4546977],[6.1033992,50.4546915],[6.1034257,50.4546853],[6.1034521,50.4546791],[6.1034786,50.4546729],[6.103505,50.4546667],[6.1035314,50.4546606],[6.1035579,50.4546544],[6.1035843,50.4546482],[6.1036108,50.454642],[6.1036372,50.4546358],[6.1036636,50.4546296],[6.1036901,50.4546234],[6.1037165,50.4546172],[6.103743,50.454611],[6.1037694,50.4546049],[6.1037959,50.4545987],[6.1038223,50.4545925],[6.1038487,50.4545863],[6.1038752,50.4545801],[6.1039016,50.4545739],[6.1039281,50.4545677],[6.1039545,50.4545615],[6.1039809,50.4545553],[6.1040074,50.4545492],[6.1040338,50.454543],[6.1040603,50.4545368],[6.1040867,50.4545306],[6.1041131,50.4545244],[6.1041396,50.4545182],[6.104166,50.454512],[6.1041925,50.4545058],[6.1042189,50.4544996],[6.1042453,50.4544935],[6.1042718,50.4544873],[6.1042982,50.4544811],[6.1043247,50.4544749],[6.1043511,50.4544687],[6.1043776,50.4544625],[6.104404,50.4544563],[6.1044304,50.4544501],[6.1044569,50.4544439],[6.1044833,50.4544378],[6.1045098,50.4544316],[6.1045362,50.4544254],[6.1045626,50.4544192],[6.1045891,50.454413],[6.1046155,50.4544068],[6.104642,50.4544006],[6.1046684,50.4543944],[6.1046948,50.4543882],[6.1047213,50.454382],[6.1047477,50.4543759],[6.1047742,50.4543697],[6.1048006,50.4543635],[6.104827,50.4543573],[6.1048535,50.4543511],[6.1048799,50.4543449],[6.1049064,50.4543387],[6.1049328,50.4543325],[6.1049593,50.4543263],[6.1049857,50.4543202],[6.1050121,50.454314],[6.1050386,50.4543078],[6.105065,50.4543016],[6.1050915,50.4542954],[6.1051179,50.4542892],[6.1051443,50.454283],[6.1051708,50.4542768],[6.1051972,50.4542706],[6.1052237,50.4542645],[6.1052501,50.4542583],[6.1052765,50.4542521],[6.105303,50.4542459],[6.1053294,50.4542397],[6.1053559,50.4542335],[6.1053823,50.4542273],[6.1054087,50.4542211],[6.1054352,50.4542149],[6.1054616,50.4542088],[6.1054881,50.4542026],[6.1055145,50.4541964],[6.1055409,50.4541902],[6.1055674,50.454184],[6.1055938,50.4541778],[6.1056203,50.4541716],[6.1056467,50.4541654],[6.1056731,50.4541592],[6.1056996,50.454153],[6.105726,50.4541469],[6.1057525,50.4541407],[6.1057789,50.4541345],[6.1058054,50.4541283],[6.1058318,50.4541221],[6.1058582,50.4541159],[6.1058847,50.4541097],[6.1059111,50.4541035],[6.1059376,50.4540973],[6.105964,50.4540912],[6.1059904,50.454085],[6.1060169,50.4540788],[6.1060433,50.4540726],[6.1060698,50.4540664],[6.1060962,50.4540602],[6.1061226,50.454054],[6.1061491,50.4540478],[6.1061755,50.4540416],[6.106202,50.4540355],[6.1062284,50.4540293],[6.1062549,50.4540232],[6.1062815,50.4540173],[6.1063082,50.4540115],[6.106335,50.4540058],[6.1063618,50.4540003],[6.1063887,50.453995],[6.1064157,50.4539897],[6.1064427,50.4539846],[6.1064698,50.4539797],[6.1064969,50.4539748],[6.1065242,50.4539701],[6.1065514,50.4539656],[6.1065788,50.4539612],[6.1066061,50.4539569],[6.1066336,50.4539528],[6.106661,50.4539488],[6.1066886,50.453945],[6.1067162,50.4539413],[6.1067438,50.4539377],[6.1067715,50.4539343],[6.1067992,50.453931],[6.1068269,50.4539279],[6.1068547,50.4539249],[6.1068825,50.453922],[6.1069104,50.4539193],[6.1069383,50.4539167],[6.1069662,50.4539143],[6.1069942,50.453912],[6.1070222,50.4539099],[6.1070502,50.4539079],[6.1070782,50.453906],[6.1071062,50.4539043],[6.1071343,50.4539028],[6.1071624,50.4539013],[6.1071905,50.4539],[6.1072187,50.4538989],[6.1072468,50.4538979],[6.1072749,50.4538971],[6.1073031,50.4538964],[6.1073313,50.4538958],[6.1073595,50.4538954],[6.1073876,50.4538951],[6.1074158,50.453895],[6.107444,50.453895],[6.1074722,50.4538952],[6.1075004,50.4538955],[6.1075285,50.4538959],[6.1075567,50.4538965],[6.1075849,50.4538972],[6.107613,50.4538981],[6.1076412,50.4538991],[6.1076693,50.4539003],[6.1076974,50.4539016],[6.1077255,50.4539031],[6.1077535,50.4539047],[6.1077816,50.4539064],[6.1078096,50.4539083],[6.1078376,50.4539103],[6.1078656,50.4539125],[6.1078936,50.4539148],[6.1079215,50.4539172],[6.1079494,50.4539198],[6.1079772,50.4539226],[6.108005,50.4539255],[6.1080328,50.4539285],[6.1080606,50.4539317],[6.1080883,50.453935],[6.1081159,50.4539384],[6.1081435,50.453942],[6.1081711,50.4539457],[6.1081986,50.4539496],[6.1082261,50.4539536],[6.1082535,50.4539578],[6.1082809,50.4539621],[6.1083082,50.4539665],[6.1083355,50.4539711],[6.1083627,50.4539758],[6.1083898,50.4539807],[6.1084169,50.4539856],[6.1084439,50.4539908],[6.1084708,50.453996],[6.1084977,50.4540014],[6.1085245,50.454007],[6.1085513,50.4540127],[6.108578,50.4540185],[6.1086046,50.4540244],[6.1086311,50.4540305],[6.1086575,50.4540367],[6.1086839,50.4540431],[6.1087102,50.4540496],[6.1087364,50.4540562],[6.1087625,50.454063],[6.1087885,50.4540699],[6.1088145,50.4540769],[6.1088403,50.454084],[6.1088661,50.4540913],[6.1088918,50.4540988],[6.1089174,50.4541063],[6.1089428,50.454114],[6.1089682,50.4541218],[6.1089935,50.4541297],[6.1090187,50.4541378],[6.1090438,50.454146],[6.1090688,50.4541543],[6.1090937,50.4541628],[6.1091184,50.4541714],[6.1091431,50.4541801],[6.1091676,50.4541889],[6.1091921,50.4541979],[6.1092165,50.4542068],[6.1092409,50.4542158],[6.1092653,50.4542247],[6.1092898,50.4542337],[6.1093142,50.4542426],[6.1093386,50.4542516],[6.109363,50.4542605],[6.1093875,50.4542695],[6.1094119,50.4542784],[6.1094363,50.4542874],[6.1094607,50.4542963],[6.1094852,50.4543053],[6.1095096,50.4543143],[6.109534,50.4543232],[6.1095584,50.4543322],[6.1095828,50.4543411],[6.1096073,50.4543501],[6.1096317,50.454359],[6.1096561,50.454368],[6.1096805,50.4543769],[6.109705,50.4543859],[6.1097294,50.4543948],[6.1097538,50.4544038],[6.1097782,50.4544127],[6.1098027,50.4544217],[6.1098271,50.4544306],[6.1098515,50.4544396],[6.1098759,50.4544485],[6.1099003,50.4544575],[6.1099248,50.4544664],[6.1099492,50.4544754],[6.1099736,50.4544843],[6.109998,50.4544933],[6.1100225,50.4545022],[6.1100469,50.4545112],[6.1100713,50.4545201],[6.1100957,50.4545291],[6.1101202,50.4545381],[6.1101446,50.454547],[6.110169,50.454556],[6.1101934,50.4545649],[6.1102178,50.4545739],[6.1102423,50.4545828],[6.1102667,50.4545918],[6.1102911,50.4546007],[6.1103155,50.4546097],[6.11034,50.4546186],[6.1103644,50.4546276],[6.1103888,50.4546365],[6.1104132,50.4546455],[6.1104377,50.4546544],[6.1104621,50.4546634],[6.1104865,50.4546723],[6.1105109,50.4546813],[6.1105353,50.4546902],[6.1105598,50.4546992],[6.1105842,50.4547081],[6.1106086,50.4547171],[6.110633,50.454726],[6.1106575,50.454735],[6.1106819,50.4547439],[6.1107063,50.4547529],[6.1107307,50.4547619],[6.1107552,50.4547708],[6.1107796,50.4547798],[6.110804,50.4547887],[6.1108284,50.4547977],[6.1108528,50.4548066],[6.1108773,50.4548156],[6.1109017,50.4548245],[6.1109261,50.4548335],[6.1109505,50.4548424],[6.110975,50.4548514],[6.1109994,50.4548603],[6.1110238,50.4548693],[6.1110482,50.4548782],[6.1110727,50.4548872],[6.1110971,50.4548961],[6.1111215,50.4549051],[6.1111459,50.454914],[6.1111704,50.454923],[6.1111948,50.4549319],[6.1112192,50.4549409],[6.1112436,50.4549498],[6.111268,50.4549588],[6.1112925,50.4549677],[6.1113169,50.4549767],[6.1113413,50.4549856],[6.1113657,50.4549946],[6.1113902,50.4550035],[6.1114146,50.4550125],[6.111439,50.4550215],[6.1114634,50.4550304],[6.1114879,50.4550394],[6.1115123,50.4550483],[6.1115367,50.4550573],[6.1115611,50.4550662],[6.1115856,50.4550752],[6.11161,50.4550841],[6.1116344,50.4550931],[6.1116588,50.455102],[6.1116832,50.455111],[6.1117077,50.4551199],[6.1117321,50.4551289],[6.1117565,50.4551378],[6.1117809,50.4551468],[6.1118054,50.4551557],[6.1118298,50.4551647],[6.1118542,50.4551736],[6.1118786,50.4551826],[6.1119031,50.4551915],[6.1119275,50.4552005],[6.1119519,50.4552094],[6.1119763,50.4552184],[6.1120008,50.4552273],[6.1120252,50.4552363],[6.1120496,50.4552452],[6.112074,50.4552542],[6.1120985,50.4552631],[6.1121229,50.4552721],[6.1121473,50.455281],[6.1121717,50.45529],[6.1121961,50.455299],[6.1122206,50.4553079],[6.112245,50.4553169],[6.1122694,50.4553258],[6.1122938,50.4553348],[6.1123183,50.4553437],[6.1123427,50.4553527],[6.1123671,50.4553616],[6.1123915,50.4553706],[6.112416,50.4553795],[6.1124404,50.4553885],[6.1124648,50.4553974],[6.1124892,50.4554064],[6.1125137,50.4554153],[6.1125381,50.4554243],[6.1125625,50.4554332],[6.1125869,50.4554422],[6.1126114,50.4554511],[6.1126358,50.4554601],[6.1126602,50.455469],[6.1126846,50.455478],[6.112709,50.4554869],[6.1127335,50.4554959],[6.1127579,50.4555048],[6.1127823,50.4555138],[6.1128067,50.4555227],[6.1128312,50.4555317],[6.1128556,50.4555406],[6.11288,50.4555496],[6.1129044,50.4555585],[6.1129289,50.4555675],[6.1129533,50.4555764],[6.1129777,50.4555854],[6.1130021,50.4555943],[6.1130266,50.4556033],[6.113051,50.4556123],[6.1130754,50.4556212],[6.1130998,50.4556302],[6.1131243,50.4556391],[6.1131487,50.4556481],[6.1131731,50.455657],[6.1131975,50.455666],[6.113222,50.4556749],[6.1132464,50.4556839],[6.1132708,50.4556928],[6.1132952,50.4557018],[6.1133197,50.4557107],[6.1133441,50.4557197],[6.1133685,50.4557286],[6.1133929,50.4557376],[6.1134174,50.4557465],[6.1134418,50.4557555],[6.1134662,50.4557644],[6.1134906,50.4557734],[6.113515,50.4557823],[6.1135395,50.4557913],[6.1135639,50.4558002],[6.1135883,50.4558092],[6.1136127,50.4558181],[6.1136372,50.4558271],[6.1136616,50.455836],[6.113686,50.455845],[6.1137104,50.4558539],[6.1137349,50.4558629],[6.1137593,50.4558718],[6.1137837,50.4558808],[6.1138081,50.4558897],[6.1138326,50.4558987],[6.113857,50.4559076],[6.1138814,50.4559166],[6.1139058,50.4559255],[6.1139303,50.4559345],[6.1139547,50.4559434],[6.1139791,50.4559524],[6.1140035,50.4559613],[6.114028,50.4559703],[6.1140524,50.4559793],[6.1140768,50.4559882],[6.1141012,50.4559972],[6.1141257,50.4560061],[6.1141501,50.4560151],[6.1141745,50.456024],[6.1141989,50.456033],[6.1142234,50.4560419],[6.1142478,50.4560509],[6.1142722,50.4560598],[6.1142966,50.4560688],[6.1143211,50.4560777],[6.1143455,50.4560867],[6.1143699,50.4560956],[6.1143943,50.4561046],[6.1144188,50.4561135],[6.1144432,50.4561225],[6.1144676,50.4561314],[6.114492,50.4561404],[6.1145165,50.4561493],[6.1145409,50.4561583],[6.1145653,50.4561672],[6.1145897,50.4561762],[6.1146142,50.4561851],[6.1146386,50.4561941],[6.114663,50.456203],[6.1146874,50.456212],[6.1147119,50.4562209],[6.1147363,50.4562299],[6.1147607,50.4562388],[6.1147851,50.4562478],[6.1148096,50.4562567],[6.114834,50.4562657],[6.1148584,50.4562746],[6.1148828,50.4562836],[6.1149073,50.4562925],[6.1149317,50.4563015],[6.1149561,50.4563104],[6.1149805,50.4563194],[6.115005,50.4563283],[6.1150294,50.4563373],[6.1150538,50.4563462],[6.1150782,50.4563552],[6.1151027,50.4563641],[6.1151271,50.4563731],[6.1151515,50.456382],[6.1151759,50.456391],[6.1152004,50.4563999],[6.1152248,50.4564089],[6.1152492,50.4564179],[6.1152736,50.4564268],[6.1152981,50.4564358],[6.1153225,50.4564447],[6.1153469,50.4564537],[6.1153713,50.4564626],[6.1153958,50.4564716],[6.1154202,50.4564805],[6.1154446,50.4564895],[6.115469,50.4564984],[6.1154935,50.4565074],[6.1155179,50.4565163],[6.1155423,50.4565253],[6.1155667,50.4565342],[6.1155912,50.4565432],[6.1156156,50.4565521],[6.11564,50.4565611],[6.1156644,50.45657],[6.1156889,50.456579],[6.1157133,50.4565879],[6.1157377,50.4565969],[6.1157621,50.4566058],[6.1157866,50.4566148],[6.115811,50.4566237],[6.1158354,50.4566327],[6.1158598,50.4566416],[6.1158843,50.4566506],[6.1159087,50.4566595],[6.1159331,50.4566685],[6.1159575,50.4566774],[6.115982,50.4566864],[6.1160064,50.4566953],[6.1160308,50.4567043],[6.1160552,50.4567132],[6.1160797,50.4567222],[6.1161041,50.4567311],[6.1161285,50.4567401],[6.1161529,50.456749],[6.1161774,50.456758],[6.1162018,50.4567669],[6.1162262,50.4567759],[6.1162506,50.4567848],[6.1162751,50.4567938],[6.1162995,50.4568027],[6.1163239,50.4568117],[6.1163483,50.4568206],[6.1163728,50.4568296],[6.1163972,50.4568385],[6.1164216,50.4568475],[6.116446,50.4568564],[6.1164705,50.4568654],[6.1164949,50.4568743],[6.1165193,50.4568833],[6.1165437,50.4568922],[6.1165682,50.4569012],[6.1165926,50.4569101],[6.116617,50.4569191],[6.1166414,50.456928],[6.1166659,50.456937],[6.1166903,50.4569459],[6.1167147,50.4569549],[6.1167391,50.4569638],[6.1167636,50.4569728],[6.116788,50.4569817],[6.1168124,50.4569907],[6.1168368,50.4569996],[6.1168613,50.4570086],[6.1168857,50.4570175],[6.1169101,50.4570265],[6.1169345,50.4570354],[6.116959,50.4570444],[6.1169834,50.4570534],[6.1170078,50.4570623],[6.1170323,50.4570713],[6.1170567,50.4570802],[6.1170811,50.4570892],[6.1171055,50.4570981],[6.11713,50.4571071],[6.1171544,50.457116],[6.1171788,50.457125],[6.1172032,50.4571339],[6.1172277,50.4571429],[6.1172521,50.4571518],[6.1172765,50.4571608],[6.1173009,50.4571697],[6.1173254,50.4571787],[6.1173498,50.4571876],[6.1173742,50.4571966],[6.1173986,50.4572055],[6.1174231,50.4572145],[6.1174475,50.4572234],[6.1174719,50.4572324],[6.1174963,50.4572413],[6.1175208,50.4572503],[6.1175452,50.4572592],[6.1175696,50.4572682],[6.117594,50.4572771],[6.1176185,50.4572861],[6.1176429,50.457295],[6.1176673,50.457304],[6.1176917,50.4573129],[6.1177162,50.4573219],[6.1177406,50.4573308],[6.117765,50.4573398],[6.1177895,50.4573487],[6.1178139,50.4573577],[6.1178383,50.4573666],[6.1178627,50.4573756],[6.1178872,50.4573845],[6.1179116,50.4573935],[6.117936,50.4574024],[6.1179604,50.4574114],[6.1179849,50.4574203],[6.1180093,50.4574293],[6.1180337,50.4574382],[6.1180581,50.4574472],[6.1180826,50.4574561],[6.118107,50.4574651],[6.1181314,50.457474],[6.1181558,50.457483],[6.1181803,50.4574919],[6.1182047,50.4575009],[6.1182291,50.4575098],[6.1182535,50.4575188],[6.118278,50.4575277],[6.1183024,50.4575367],[6.1183268,50.4575456],[6.1183513,50.4575546],[6.1183757,50.4575635],[6.1184001,50.4575725],[6.1184245,50.4575814],[6.118449,50.4575904],[6.1184734,50.4575993],[6.1184978,50.4576083],[6.1185222,50.4576172],[6.1185467,50.4576262],[6.1185711,50.4576351],[6.1185955,50.4576441],[6.1186199,50.457653],[6.1186444,50.457662],[6.1186688,50.4576709],[6.1186932,50.4576799],[6.1187176,50.4576888],[6.1187421,50.4576978],[6.1187665,50.4577067],[6.1187909,50.4577157],[6.1188153,50.4577246],[6.1188398,50.4577336],[6.1188642,50.4577425],[6.1188886,50.4577515],[6.1189131,50.4577604],[6.1189375,50.4577694],[6.1189619,50.4577783],[6.1189863,50.4577873],[6.1190108,50.4577962],[6.1190352,50.4578052],[6.1190596,50.4578141],[6.119084,50.4578231],[6.1191085,50.457832],[6.1191329,50.457841],[6.1191573,50.4578499],[6.1191817,50.4578589],[6.1192062,50.4578678],[6.1192306,50.4578768],[6.119255,50.4578857],[6.1192795,50.4578947],[6.1193039,50.4579036],[6.1193283,50.4579126],[6.1193527,50.4579215],[6.1193772,50.4579305],[6.1194016,50.4579394],[6.119426,50.4579484],[6.1194504,50.4579573],[6.1194749,50.4579663],[6.1194993,50.4579752],[6.1195237,50.4579842],[6.1195481,50.4579931],[6.1195726,50.4580021],[6.119597,50.458011],[6.1196214,50.45802],[6.1196459,50.4580289],[6.1196703,50.4580379],[6.1196947,50.4580468],[6.1197191,50.4580558],[6.1197436,50.4580647],[6.119768,50.4580737],[6.1197924,50.4580826],[6.1198168,50.4580916],[6.1198413,50.4581005],[6.1198657,50.4581095],[6.1198901,50.4581184],[6.1199145,50.4581274],[6.119939,50.4581363],[6.1199634,50.4581453],[6.1199878,50.4581542],[6.1200123,50.4581632],[6.1200367,50.4581721],[6.1200611,50.4581811],[6.1200855,50.45819],[6.12011,50.458199],[6.1201344,50.4582079],[6.1201588,50.4582169],[6.1201832,50.4582258],[6.1202077,50.4582348],[6.1202321,50.4582437],[6.1202565,50.4582527],[6.1202809,50.4582616],[6.1203054,50.4582706],[6.1203298,50.4582795],[6.1203542,50.4582885],[6.1203787,50.4582974],[6.1204031,50.4583064],[6.1204275,50.4583153],[6.1204519,50.4583243],[6.1204764,50.4583332],[6.1205008,50.4583422],[6.1205252,50.4583511],[6.1205496,50.4583601],[6.1205741,50.458369],[6.1205985,50.458378],[6.1206229,50.4583869],[6.1206474,50.4583959],[6.1206718,50.4584048],[6.1206962,50.4584138],[6.1207206,50.4584227],[6.1207451,50.4584317],[6.1207695,50.4584406],[6.1207939,50.4584496],[6.1208183,50.4584585],[6.1208428,50.4584675],[6.1208672,50.4584764],[6.1208916,50.4584854],[6.1209161,50.4584943],[6.1209405,50.4585033],[6.1209649,50.4585122],[6.1209893,50.4585212],[6.1210138,50.4585301],[6.1210382,50.4585391],[6.1210626,50.458548],[6.121087,50.458557],[6.1211115,50.4585659],[6.1211359,50.4585749],[6.1211603,50.4585838],[6.1211847,50.4585928],[6.1212092,50.4586017],[6.1212336,50.4586107],[6.121258,50.4586196],[6.1212825,50.4586286],[6.1213069,50.4586375],[6.1213313,50.4586465],[6.1213557,50.4586554],[6.1213802,50.4586644],[6.1214046,50.4586733],[6.121429,50.4586823],[6.1214534,50.4586912],[6.1214779,50.4587002],[6.1215023,50.4587091],[6.1215267,50.4587181],[6.1215512,50.458727],[6.1215756,50.458736],[6.1216,50.4587449],[6.1216244,50.4587539],[6.1216489,50.4587628],[6.1216733,50.4587718],[6.1216977,50.4587807],[6.1217222,50.4587897],[6.1217466,50.4587986],[6.121771,50.4588076],[6.1217954,50.4588165],[6.1218199,50.4588255],[6.1218443,50.4588344],[6.1218687,50.4588433],[6.1218931,50.4588523],[6.1219176,50.4588612],[6.121942,50.4588702],[6.1219664,50.4588791],[6.1219909,50.4588881],[6.1220153,50.458897],[6.1220397,50.458906],[6.1220641,50.4589149],[6.1220886,50.4589239],[6.122113,50.4589328],[6.1221374,50.4589418],[6.1221618,50.4589507],[6.1221863,50.4589597],[6.1222107,50.4589686],[6.1222351,50.4589776],[6.1222596,50.4589865],[6.122284,50.4589955],[6.1223084,50.4590044],[6.1223328,50.4590134],[6.1223573,50.4590223],[6.1223817,50.4590313],[6.1224061,50.4590402],[6.1224306,50.4590492],[6.122455,50.4590581],[6.1224794,50.4590671],[6.1225038,50.459076],[6.1225283,50.459085],[6.1225527,50.4590939],[6.1225771,50.4591029],[6.1226015,50.4591118],[6.122626,50.4591208],[6.1226504,50.4591297],[6.1226748,50.4591387],[6.1226993,50.4591476],[6.1227237,50.4591566],[6.1227481,50.4591655],[6.1227725,50.4591745],[6.122797,50.4591834],[6.1228214,50.4591924],[6.1228458,50.4592013],[6.1228703,50.4592103],[6.1228947,50.4592192],[6.1229191,50.4592282],[6.1229435,50.4592371],[6.122968,50.4592461],[6.1229924,50.459255],[6.1230168,50.459264],[6.1230412,50.4592729],[6.1230657,50.4592819],[6.1230901,50.4592908],[6.1231145,50.4592998],[6.123139,50.4593087],[6.1231634,50.4593177],[6.1231878,50.4593266],[6.1232122,50.4593356],[6.1232367,50.4593445],[6.1232611,50.4593535],[6.1232855,50.4593624],[6.12331,50.4593714],[6.1233344,50.4593803],[6.1233588,50.4593893],[6.1233832,50.4593982],[6.1234077,50.4594072],[6.1234321,50.4594161],[6.1234565,50.4594251],[6.123481,50.459434],[6.1235054,50.459443],[6.1235298,50.4594519],[6.1235542,50.4594609],[6.1235787,50.4594698],[6.1236031,50.4594787],[6.1236275,50.4594877],[6.1236519,50.4594966],[6.1236764,50.4595056],[6.1237008,50.4595145],[6.1237252,50.4595235],[6.1237497,50.4595324],[6.1237741,50.4595414],[6.1237985,50.4595503],[6.1238229,50.4595593],[6.1238474,50.4595682],[6.1238718,50.4595772],[6.1238962,50.4595861],[6.1239207,50.4595951],[6.1239451,50.459604],[6.1239695,50.459613],[6.1239939,50.4596219],[6.1240184,50.4596309],[6.1240428,50.4596398],[6.1240672,50.4596488],[6.1240917,50.4596577],[6.1241161,50.4596667],[6.1241405,50.4596756],[6.1241649,50.4596846],[6.1241894,50.4596935],[6.1242138,50.4597025],[6.1242382,50.4597114],[6.1242627,50.4597204],[6.1242871,50.4597293],[6.1243115,50.4597383],[6.1243359,50.4597472],[6.1243604,50.4597562],[6.1243848,50.4597651],[6.1244092,50.4597741],[6.1244337,50.459783],[6.1244581,50.459792],[6.1244825,50.4598009],[6.1245069,50.4598099],[6.1245314,50.4598188],[6.1245558,50.4598278],[6.1245802,50.4598367],[6.1246047,50.4598457],[6.1246291,50.4598546],[6.1246535,50.4598636],[6.1246779,50.4598725],[6.1247024,50.4598815],[6.1247268,50.4598904],[6.1247512,50.4598994],[6.1247757,50.4599083],[6.1248001,50.4599173],[6.1248245,50.4599262],[6.1248489,50.4599351],[6.1248734,50.4599441],[6.1248978,50.459953],[6.1249222,50.459962],[6.1249467,50.4599709],[6.1249711,50.4599799],[6.1249955,50.4599888],[6.1250199,50.4599978],[6.1250444,50.4600067],[6.1250688,50.4600157],[6.1250932,50.4600246],[6.1251177,50.4600336],[6.1251421,50.4600425],[6.1251665,50.4600515],[6.1251909,50.4600604],[6.1252154,50.4600694],[6.1252398,50.4600783],[6.1252642,50.4600873],[6.1252887,50.4600962],[6.1253131,50.4601052],[6.1253375,50.4601141],[6.1253619,50.4601231],[6.1253864,50.460132],[6.1254108,50.460141],[6.1254352,50.4601499],[6.1254597,50.4601589],[6.1254841,50.4601678],[6.1255085,50.4601768],[6.1255329,50.4601857],[6.1255574,50.4601947],[6.1255818,50.4602036],[6.1256062,50.4602126],[6.1256307,50.4602215],[6.1256551,50.4602305],[6.1256795,50.4602394],[6.1257039,50.4602484],[6.1257284,50.4602573],[6.1257528,50.4602663],[6.1257772,50.4602752],[6.1258017,50.4602841],[6.1258261,50.4602931],[6.1258505,50.460302],[6.125875,50.460311],[6.1258994,50.4603199],[6.1259238,50.4603289],[6.1259482,50.4603378],[6.1259727,50.4603468],[6.1259971,50.4603557],[6.1260215,50.4603647],[6.126046,50.4603736],[6.1260704,50.4603826],[6.1260948,50.4603915],[6.1261192,50.4604005],[6.1261437,50.4604094],[6.1261681,50.4604184],[6.1261925,50.4604273],[6.126217,50.4604363],[6.1262414,50.4604452],[6.1262658,50.4604542],[6.1262902,50.4604631],[6.1263147,50.4604721],[6.1263391,50.460481],[6.1263635,50.46049],[6.126388,50.4604989],[6.1264124,50.4605079],[6.1264368,50.4605168],[6.1264612,50.4605258],[6.1264857,50.4605347],[6.1265101,50.4605437],[6.1265345,50.4605526],[6.126559,50.4605616],[6.1265834,50.4605705],[6.1266078,50.4605795],[6.1266323,50.4605884],[6.1266567,50.4605973],[6.1266811,50.4606063],[6.1267055,50.4606152],[6.12673,50.4606242],[6.1267544,50.4606331],[6.1267788,50.4606421],[6.1268033,50.460651],[6.1268277,50.46066],[6.1268521,50.4606689],[6.1268765,50.4606779],[6.126901,50.4606868],[6.1269254,50.4606958],[6.1269498,50.4607047],[6.1269743,50.4607137],[6.1269987,50.4607226],[6.1270231,50.4607316],[6.1270476,50.4607405],[6.127072,50.4607495],[6.1270964,50.4607584],[6.1271208,50.4607674],[6.1271453,50.4607763],[6.1271697,50.4607853],[6.1271941,50.4607942],[6.1272186,50.4608032],[6.127243,50.4608121],[6.1272674,50.4608211],[6.1272918,50.46083],[6.1273163,50.460839],[6.1273407,50.4608479],[6.1273651,50.4608569],[6.1273896,50.4608658],[6.127414,50.4608747],[6.1274384,50.4608837],[6.1274629,50.4608926],[6.1274873,50.4609016],[6.1275117,50.4609105],[6.1275361,50.4609195],[6.1275606,50.4609284],[6.127585,50.4609374],[6.1276094,50.4609463],[6.1276339,50.4609553],[6.1276583,50.4609642],[6.1276827,50.4609732],[6.1277072,50.4609821],[6.1277316,50.4609911],[6.127756,50.461],[6.1277804,50.461009],[6.1278049,50.4610179],[6.1278293,50.4610269],[6.1278537,50.4610358],[6.1278782,50.4610448],[6.1279026,50.4610537],[6.127927,50.4610627],[6.1279515,50.4610716],[6.1279759,50.4610806],[6.1280003,50.4610895],[6.1280247,50.4610985],[6.1280492,50.4611074],[6.1280736,50.4611164],[6.128098,50.4611253],[6.1281225,50.4611342],[6.1281469,50.4611432],[6.1281713,50.4611521],[6.1281957,50.4611611],[6.1282202,50.46117],[6.1282446,50.461179],[6.128269,50.4611879],[6.1282935,50.4611969],[6.1283179,50.4612058],[6.1283423,50.4612148],[6.1283668,50.4612237],[6.1283912,50.4612327],[6.1284156,50.4612416],[6.12844,50.4612506],[6.1284645,50.4612595],[6.1284889,50.4612685],[6.1285133,50.4612774],[6.1285378,50.4612864],[6.1285622,50.4612953],[6.1285866,50.4613043],[6.1286111,50.4613132],[6.1286355,50.4613222],[6.1286599,50.4613311],[6.1286843,50.4613401],[6.1287088,50.461349],[6.1287332,50.461358],[6.1287576,50.4613669],[6.1287821,50.4613758],[6.1288065,50.4613848],[6.1288309,50.4613937],[6.1288554,50.4614027],[6.1288798,50.4614116],[6.1289042,50.4614206],[6.1289286,50.4614295],[6.1289531,50.4614385],[6.1289775,50.4614474],[6.1290019,50.4614564],[6.1290264,50.4614653],[6.1290508,50.4614743],[6.1290752,50.4614832],[6.1290997,50.4614922],[6.1291241,50.4615011],[6.1291485,50.4615101],[6.129173,50.461519],[6.1291974,50.461528],[6.1292218,50.4615369],[6.1292462,50.4615459],[6.1292707,50.4615548],[6.1292951,50.4615638],[6.1293195,50.4615727],[6.129344,50.4615816],[6.1293684,50.4615906],[6.1293928,50.4615995],[6.1294173,50.4616085],[6.1294417,50.4616174],[6.1294661,50.4616264],[6.1294905,50.4616353],[6.129515,50.4616443],[6.1295394,50.4616532],[6.1295638,50.4616622],[6.1295883,50.4616711],[6.1296127,50.4616801],[6.1296371,50.461689],[6.1296616,50.461698],[6.129686,50.4617069],[6.1297104,50.4617159],[6.1297348,50.4617248],[6.1297593,50.4617338],[6.1297837,50.4617427],[6.1298081,50.4617517],[6.1298326,50.4617606],[6.129857,50.4617696],[6.1298814,50.4617785],[6.1299059,50.4617874],[6.1299303,50.4617964],[6.1299547,50.4618053],[6.1299792,50.4618143],[6.1300036,50.4618232],[6.130028,50.4618322],[6.1300524,50.4618411],[6.1300769,50.4618501],[6.1301013,50.461859],[6.1301257,50.461868],[6.1301502,50.4618769],[6.1301746,50.4618859],[6.130199,50.4618948],[6.1302235,50.4619038],[6.1302479,50.4619127],[6.1302723,50.4619217],[6.1302968,50.4619306],[6.1303212,50.4619396],[6.1303456,50.4619485],[6.13037,50.4619575],[6.1303945,50.4619664],[6.1304189,50.4619754],[6.1304433,50.4619843],[6.1304678,50.4619932],[6.1304922,50.4620022],[6.1305166,50.4620111],[6.1305411,50.4620201],[6.1305655,50.462029],[6.1305899,50.462038],[6.1306144,50.4620469],[6.1306388,50.4620559],[6.1306632,50.4620648],[6.1306876,50.4620738],[6.1307121,50.4620827],[6.1307365,50.4620917],[6.1307609,50.4621006],[6.1307854,50.4621096],[6.1308098,50.4621185],[6.1308342,50.4621275],[6.1308587,50.4621364],[6.1308831,50.4621454],[6.1309075,50.4621543],[6.130932,50.4621633],[6.1309564,50.4621722],[6.1309808,50.4621811],[6.1310052,50.4621901],[6.1310297,50.462199],[6.1310541,50.462208],[6.1310785,50.4622169],[6.131103,50.4622259],[6.1311274,50.4622348],[6.1311518,50.4622438],[6.1311763,50.4622527],[6.1312007,50.4622617],[6.1312251,50.4622706],[6.1312496,50.4622796],[6.131274,50.4622885],[6.1312984,50.4622975],[6.1313228,50.4623064],[6.1313473,50.4623154],[6.1313717,50.4623243],[6.1313961,50.4623333],[6.1314206,50.4623422],[6.131445,50.4623512],[6.1314694,50.4623601],[6.1314939,50.462369],[6.1315183,50.462378],[6.1315427,50.4623869],[6.1315672,50.4623959],[6.1315916,50.4624048],[6.131616,50.4624138],[6.1316405,50.4624227],[6.1316649,50.4624317],[6.1316893,50.4624406],[6.1317137,50.4624496],[6.1317382,50.4624585],[6.1317626,50.4624675],[6.131787,50.4624764],[6.1318115,50.4624854],[6.1318359,50.4624943],[6.1318603,50.4625033],[6.1318848,50.4625122],[6.1319092,50.4625212],[6.1319336,50.4625301],[6.1319581,50.462539],[6.1319825,50.462548],[6.1320069,50.4625569],[6.1320314,50.4625659],[6.1320558,50.4625748],[6.1320802,50.4625838],[6.1321046,50.4625927],[6.1321291,50.4626017],[6.1321535,50.4626106],[6.1321779,50.4626196],[6.1322024,50.4626285],[6.1322268,50.4626375],[6.1322512,50.4626464],[6.1322757,50.4626554],[6.1323001,50.4626643],[6.1323245,50.4626733],[6.132349,50.4626822],[6.1323734,50.4626912],[6.1323978,50.4627001],[6.1324223,50.462709],[6.1324467,50.462718],[6.1324711,50.4627269],[6.1324956,50.4627359],[6.13252,50.4627448],[6.1325444,50.4627538],[6.1325688,50.4627627],[6.1325933,50.4627717],[6.1326177,50.4627806],[6.1326421,50.4627896],[6.1326666,50.4627985],[6.132691,50.4628075],[6.1327154,50.4628164],[6.1327399,50.4628254],[6.1327643,50.4628343],[6.1327887,50.4628433],[6.1328132,50.4628522],[6.1328376,50.4628611],[6.132862,50.4628701],[6.1328865,50.462879],[6.1329109,50.462888],[6.1329353,50.4628969],[6.1329598,50.4629059],[6.1329842,50.4629148],[6.1330086,50.4629238],[6.133033,50.4629327],[6.1330575,50.4629417],[6.1330819,50.4629506],[6.1331063,50.4629596],[6.1331308,50.4629685],[6.1331552,50.4629775],[6.1331796,50.4629864],[6.1332041,50.4629954],[6.1332285,50.4630043],[6.1332529,50.4630132],[6.1332774,50.4630222],[6.1333018,50.4630311],[6.1333262,50.4630401],[6.1333507,50.463049],[6.1333751,50.463058],[6.1333995,50.4630669],[6.133424,50.4630759],[6.1334484,50.4630848],[6.1334728,50.4630938],[6.1334973,50.4631027],[6.1335217,50.4631117],[6.1335461,50.4631206],[6.1335705,50.4631296],[6.133595,50.4631385],[6.1336194,50.4631475],[6.1336438,50.4631564],[6.1336683,50.4631653],[6.1336927,50.4631743],[6.1337171,50.4631832],[6.1337416,50.4631922],[6.133766,50.4632011],[6.1337904,50.4632101],[6.1338149,50.463219],[6.1338393,50.463228],[6.1338637,50.4632369],[6.1338882,50.4632459],[6.1339126,50.4632548],[6.133937,50.4632638],[6.1339615,50.4632727],[6.1339859,50.4632817],[6.1340103,50.4632906],[6.1340348,50.4632996],[6.1340592,50.4633085],[6.1340836,50.4633174],[6.1341081,50.4633264],[6.1341325,50.4633353],[6.1341569,50.4633443],[6.1341813,50.4633532],[6.1342058,50.4633622],[6.1342302,50.4633711],[6.1342546,50.4633801],[6.1342791,50.463389],[6.1343035,50.463398],[6.1343279,50.4634069],[6.1343524,50.4634159],[6.1343768,50.4634248],[6.1344012,50.4634338],[6.1344257,50.4634427],[6.1344501,50.4634516],[6.1344745,50.4634606],[6.134499,50.4634695],[6.1345234,50.4634785],[6.1345478,50.4634874],[6.1345723,50.4634964],[6.1345967,50.4635053],[6.1346211,50.4635143],[6.1346456,50.4635232],[6.13467,50.4635322],[6.1346944,50.4635411],[6.1347189,50.4635501],[6.1347433,50.463559],[6.1347677,50.463568],[6.1347922,50.4635769],[6.1348166,50.4635859],[6.134841,50.4635948],[6.1348655,50.4636037],[6.1348899,50.4636127],[6.1349143,50.4636216],[6.1349387,50.4636306],[6.1349632,50.4636395],[6.1349876,50.4636485],[6.135012,50.4636574],[6.1350365,50.4636664],[6.1350609,50.4636753],[6.1350853,50.4636843],[6.1351098,50.4636932],[6.1351342,50.4637022],[6.1351586,50.4637111],[6.1351831,50.4637201],[6.1352075,50.463729],[6.1352319,50.4637379],[6.1352564,50.4637469],[6.1352808,50.4637558],[6.1353052,50.4637648],[6.1353297,50.4637737],[6.1353541,50.4637827],[6.1353785,50.4637916],[6.135403,50.4638006],[6.1354274,50.4638095],[6.1354518,50.4638185],[6.1354763,50.4638274],[6.1355007,50.4638364],[6.1355251,50.4638453],[6.1355496,50.4638543],[6.135574,50.4638632],[6.1355984,50.4638721],[6.1356229,50.4638811],[6.1356473,50.46389],[6.1356717,50.463899],[6.1356962,50.4639079],[6.1357206,50.4639169],[6.135745,50.4639258],[6.1357695,50.4639348],[6.1357939,50.4639437],[6.1358183,50.4639527],[6.1358428,50.4639616],[6.1358672,50.4639706],[6.1358916,50.4639795],[6.1359161,50.4639884],[6.1359405,50.4639974],[6.1359649,50.4640063],[6.1359894,50.4640153],[6.1360138,50.4640242],[6.1360382,50.4640332],[6.1360627,50.4640421]]}},{"type":"Feature","properties":{"highway":"track","surface":"fine_gravel","width":3},"geometry":{"type":"LineString","coordinates":[[6.1360627,50.4640421],[6.1360871,50.4640511],[6.1361115,50.46406],[6.1361359,50.464069],[6.1361604,50.4640779],[6.1361848,50.4640869],[6.1362092,50.4640958],[6.1362337,50.4641048],[6.1362581,50.4641137],[6.1362825,50.4641226],[6.136307,50.4641316],[6.1363314,50.4641405],[6.1363558,50.4641495],[6.1363803,50.4641584],[6.1364047,50.4641674],[6.1364291,50.4641763],[6.1364536,50.4641853],[6.136478,50.4641942],[6.1365024,50.4642032],[6.1365269,50.4642121],[6.1365513,50.4642211],[6.1365757,50.46423],[6.1366002,50.4642389],[6.1366246,50.4642479],[6.136649,50.4642568],[6.1366735,50.4642658],[6.1366979,50.4642747],[6.1367223,50.4642837],[6.1367468,50.4642926],[6.1367712,50.4643016],[6.1367956,50.4643105],[6.1368201,50.4643195],[6.1368445,50.4643284],[6.1368689,50.4643374],[6.1368934,50.4643463],[6.1369178,50.4643553],[6.1369422,50.4643642],[6.1369667,50.4643731],[6.1369911,50.4643821],[6.1370155,50.464391],[6.13704,50.4644],[6.1370644,50.4644089],[6.1370888,50.4644179],[6.1371133,50.4644268],[6.1371377,50.4644358],[6.1371621,50.4644447],[6.1371866,50.4644537],[6.137211,50.4644626],[6.1372354,50.4644716],[6.1372599,50.4644805],[6.1372843,50.4644894],[6.1373087,50.4644984],[6.1373332,50.4645073],[6.1373576,50.4645163],[6.137382,50.4645252],[6.1374065,50.4645342],[6.1374309,50.4645431],[6.1374553,50.4645521],[6.1374798,50.464561],[6.1375042,50.46457],[6.1375286,50.4645789],[6.1375531,50.4645879],[6.1375775,50.4645968],[6.1376019,50.4646057],[6.1376264,50.4646147],[6.1376508,50.4646236],[6.1376752,50.4646326],[6.1376997,50.4646415],[6.1377241,50.4646505],[6.1377485,50.4646594],[6.137773,50.4646684],[6.1377974,50.4646773],[6.1378218,50.4646863],[6.1378463,50.4646952],[6.1378707,50.4647042],[6.1378951,50.4647131],[6.1379196,50.464722],[6.137944,50.464731],[6.1379684,50.4647399],[6.1379929,50.4647489],[6.1380173,50.4647578],[6.1380417,50.4647668],[6.1380662,50.4647757],[6.1380906,50.4647847],[6.138115,50.4647936],[6.1381395,50.4648026],[6.1381639,50.4648115],[6.1381883,50.4648205],[6.1382128,50.4648294],[6.1382372,50.4648383],[6.1382616,50.4648473],[6.1382861,50.4648562],[6.1383105,50.4648652],[6.1383349,50.4648741],[6.1383594,50.4648831],[6.1383838,50.464892],[6.1384082,50.464901],[6.1384327,50.4649099],[6.1384571,50.4649189],[6.1384815,50.4649278],[6.138506,50.4649368],[6.1385304,50.4649457],[6.1385548,50.4649546],[6.1385793,50.4649636],[6.1386037,50.4649725],[6.1386282,50.4649815],[6.1386526,50.4649904],[6.138677,50.4649994],[6.1387015,50.4650083],[6.1387259,50.4650173],[6.1387503,50.4650262],[6.1387748,50.4650352],[6.1387992,50.4650441],[6.1388236,50.465053],[6.1388481,50.465062],[6.1388725,50.4650709],[6.1388969,50.4650799],[6.1389214,50.4650888],[6.1389458,50.4650978],[6.1389702,50.4651067],[6.1389947,50.4651157],[6.1390191,50.4651246],[6.1390435,50.4651336],[6.139068,50.4651425],[6.1390924,50.4651515],[6.1391168,50.4651604],[6.1391413,50.4651693],[6.1391657,50.4651783],[6.1391901,50.4651872],[6.1392146,50.4651962],[6.139239,50.4652051],[6.1392634,50.4652141],[6.1392879,50.465223],[6.1393123,50.465232],[6.1393367,50.4652409],[6.1393612,50.4652499],[6.1393856,50.4652588],[6.13941,50.4652677],[6.1394345,50.4652767],[6.1394589,50.4652856],[6.1394833,50.4652946],[6.1395078,50.4653035],[6.1395322,50.4653125],[6.1395566,50.4653214],[6.1395811,50.4653304],[6.1396055,50.4653393],[6.1396299,50.4653483],[6.1396544,50.4653572],[6.1396788,50.4653662],[6.1397032,50.4653751],[6.1397277,50.465384],[6.1397521,50.465393],[6.1397766,50.4654019],[6.139801,50.4654109],[6.1398254,50.4654198],[6.1398499,50.4654288],[6.1398743,50.4654377],[6.1398987,50.4654467],[6.1399232,50.4654556],[6.1399476,50.4654646],[6.139972,50.4654735],[6.1399965,50.4654824],[6.1400209,50.4654914],[6.1400453,50.4655003],[6.1400698,50.4655093],[6.1400942,50.4655182],[6.1401186,50.4655272],[6.1401431,50.4655361],[6.1401675,50.4655451],[6.1401919,50.465554],[6.1402164,50.465563],[6.1402408,50.4655719],[6.1402652,50.4655808],[6.1402897,50.4655898],[6.1403141,50.4655987],[6.1403385,50.4656077],[6.140363,50.4656166],[6.1403874,50.4656256],[6.1404118,50.4656345],[6.1404363,50.4656435],[6.1404607,50.4656524],[6.1404851,50.4656614],[6.1405096,50.4656703],[6.140534,50.4656792],[6.1405585,50.4656882],[6.1405829,50.4656971],[6.1406073,50.4657061],[6.1406318,50.465715],[6.1406562,50.465724],[6.1406806,50.4657329],[6.1407051,50.4657419],[6.1407295,50.4657508],[6.1407539,50.4657598],[6.1407784,50.4657687],[6.1408028,50.4657777],[6.1408272,50.4657866],[6.1408517,50.4657955],[6.1408761,50.4658045],[6.1409005,50.4658134],[6.140925,50.4658224],[6.1409494,50.4658313],[6.1409738,50.4658403],[6.1409983,50.4658492],[6.1410227,50.4658582],[6.1410471,50.4658671],[6.1410716,50.4658761],[6.141096,50.465885],[6.1411204,50.4658939],[6.1411449,50.4659029],[6.1411693,50.4659118],[6.1411938,50.4659208],[6.1412182,50.4659297],[6.1412426,50.4659387],[6.1412671,50.4659476],[6.1412915,50.4659566],[6.1413159,50.4659655],[6.1413404,50.4659744],[6.1413648,50.4659834],[6.1413892,50.4659923],[6.1414137,50.4660013],[6.1414381,50.4660102],[6.1414625,50.4660192],[6.141487,50.4660281],[6.1415114,50.4660371],[6.1415358,50.466046],[6.1415603,50.466055],[6.1415847,50.4660639],[6.1416091,50.4660728],[6.1416336,50.4660818],[6.141658,50.4660907],[6.1416825,50.4660997],[6.1417069,50.4661086],[6.1417313,50.4661176],[6.1417558,50.4661265],[6.1417802,50.4661355],[6.1418046,50.4661444],[6.1418291,50.4661534],[6.1418535,50.4661623],[6.1418779,50.4661712],[6.1419024,50.4661802],[6.1419268,50.4661891],[6.1419512,50.4661981],[6.1419757,50.466207],[6.1420001,50.466216],[6.1420245,50.4662249],[6.142049,50.4662339],[6.1420734,50.4662428],[6.1420978,50.4662518],[6.1421223,50.4662607],[6.1421467,50.4662696],[6.1421712,50.4662786],[6.1421956,50.4662875],[6.14222,50.4662965],[6.1422445,50.4663054],[6.1422689,50.4663144],[6.1422933,50.4663233],[6.1423178,50.4663323],[6.1423422,50.4663412],[6.1423666,50.4663502],[6.1423911,50.4663591],[6.1424155,50.466368],[6.1424399,50.466377],[6.1424644,50.4663859],[6.1424888,50.4663949],[6.1425132,50.4664038],[6.1425377,50.4664128],[6.1425621,50.4664217],[6.1425866,50.4664307],[6.142611,50.4664396],[6.1426354,50.4664485],[6.1426599,50.4664575],[6.1426843,50.4664664],[6.1427087,50.4664754],[6.1427332,50.4664843],[6.1427576,50.4664933],[6.142782,50.4665022],[6.1428065,50.4665112],[6.1428309,50.4665201],[6.1428553,50.4665291],[6.1428798,50.466538],[6.1429042,50.4665469],[6.1429286,50.4665559],[6.1429531,50.4665648],[6.1429775,50.4665738],[6.143002,50.4665827],[6.1430264,50.4665917],[6.1430508,50.4666006],[6.1430753,50.4666096],[6.1430997,50.4666185],[6.1431241,50.4666274],[6.1431486,50.4666364],[6.143173,50.4666453],[6.1431974,50.4666543],[6.1432219,50.4666632],[6.1432463,50.4666722],[6.1432707,50.4666811],[6.1432952,50.4666901],[6.1433196,50.466699],[6.1433441,50.466708],[6.1433685,50.4667169],[6.1433929,50.4667258],[6.1434174,50.4667348],[6.1434418,50.4667437],[6.1434662,50.4667527],[6.1434907,50.4667616],[6.1435151,50.4667706],[6.1435395,50.4667795],[6.143564,50.4667885],[6.1435884,50.4667974],[6.1436128,50.4668063],[6.1436373,50.4668153],[6.1436617,50.4668242],[6.1436861,50.4668332],[6.1437106,50.4668421],[6.143735,50.4668511],[6.1437595,50.46686],[6.1437839,50.466869],[6.1438083,50.4668779],[6.1438328,50.4668869],[6.1438572,50.4668958],[6.1438816,50.4669047],[6.1439061,50.4669137],[6.1439305,50.4669226],[6.1439549,50.4669316],[6.1439794,50.4669405],[6.1440038,50.4669495],[6.1440283,50.4669584],[6.1440527,50.4669674],[6.1440771,50.4669763],[6.1441016,50.4669852],[6.144126,50.4669942],[6.1441504,50.4670031],[6.1441749,50.4670121],[6.1441993,50.467021],[6.1442237,50.46703],[6.1442482,50.4670389],[6.1442726,50.4670479],[6.144297,50.4670568],[6.1443215,50.4670657],[6.1443459,50.4670747],[6.1443704,50.4670836],[6.1443948,50.4670926],[6.1444192,50.4671015],[6.1444437,50.4671105],[6.1444681,50.4671194],[6.1444925,50.4671284],[6.144517,50.4671373],[6.1445414,50.4671462],[6.1445658,50.4671552],[6.1445903,50.4671641],[6.1446147,50.4671731],[6.1446392,50.467182],[6.1446636,50.467191],[6.144688,50.4671999],[6.1447125,50.4672089],[6.1447369,50.4672178],[6.1447613,50.4672268],[6.1447858,50.4672357],[6.1448102,50.4672446],[6.1448346,50.4672536],[6.1448591,50.4672625],[6.1448835,50.4672715],[6.1449079,50.4672804],[6.1449324,50.4672894],[6.1449568,50.4672983],[6.1449813,50.4673073],[6.1450057,50.4673162],[6.1450301,50.4673251],[6.1450546,50.4673341],[6.145079,50.467343],[6.1451034,50.467352],[6.1451279,50.4673609],[6.1451523,50.4673699],[6.1451767,50.4673788],[6.1452012,50.4673878],[6.1452256,50.4673967],[6.1452501,50.4674056],[6.1452745,50.4674146],[6.1452989,50.4674235],[6.1453234,50.4674325],[6.1453478,50.4674414],[6.1453722,50.4674504],[6.1453967,50.4674593],[6.1454211,50.4674683],[6.1454455,50.4674772],[6.14547,50.4674861],[6.1454944,50.4674951],[6.1455189,50.467504],[6.1455433,50.467513],[6.1455677,50.4675219],[6.1455922,50.4675309],[6.1456166,50.4675398],[6.145641,50.4675488],[6.1456655,50.4675577],[6.1456899,50.4675666],[6.1457143,50.4675756],[6.1457388,50.4675845],[6.1457632,50.4675935],[6.1457877,50.4676024],[6.1458121,50.4676114],[6.1458365,50.4676203],[6.145861,50.4676293],[6.1458854,50.4676382],[6.1459098,50.4676471],[6.1459343,50.4676561],[6.1459587,50.467665],[6.1459831,50.467674],[6.1460076,50.4676829],[6.146032,50.4676919],[6.1460565,50.4677008],[6.1460809,50.4677098],[6.1461053,50.4677187],[6.1461298,50.4677276],[6.1461542,50.4677366],[6.1461786,50.4677455],[6.1462031,50.4677545],[6.1462275,50.4677634],[6.146252,50.4677724],[6.1462764,50.4677813],[6.1463008,50.4677903],[6.1463253,50.4677992],[6.1463497,50.4678081],[6.1463741,50.4678171],[6.1463986,50.467826],[6.146423,50.467835],[6.1464474,50.4678439],[6.1464719,50.4678529],[6.1464963,50.4678618],[6.1465208,50.4678708],[6.1465452,50.4678797],[6.1465696,50.4678886],[6.1465941,50.4678976],[6.1466185,50.4679065],[6.1466429,50.4679155],[6.1466674,50.4679244],[6.1466918,50.4679334],[6.1467163,50.4679423],[6.1467407,50.4679513],[6.1467651,50.4679602],[6.1467896,50.4679691],[6.146814,50.4679781],[6.1468384,50.467987],[6.1468629,50.467996],[6.1468873,50.4680049],[6.1469117,50.4680139],[6.1469362,50.4680228],[6.1469606,50.4680317],[6.1469851,50.4680407],[6.1470095,50.4680496],[6.1470339,50.4680586],[6.1470584,50.4680675],[6.1470828,50.4680765],[6.1471072,50.4680854],[6.1471317,50.4680944],[6.1471561,50.4681033],[6.1471806,50.4681122],[6.147205,50.4681212],[6.1472294,50.4681301],[6.1472539,50.4681391],[6.1472783,50.468148],[6.1473027,50.468157],[6.1473272,50.4681659],[6.1473516,50.4681749],[6.147376,50.4681838],[6.1474005,50.4681927],[6.1474249,50.4682017],[6.1474494,50.4682106],[6.1474738,50.4682196],[6.1474982,50.4682285],[6.1475227,50.4682375],[6.1475471,50.4682464],[6.1475715,50.4682554],[6.147596,50.4682643],[6.1476204,50.4682732],[6.1476449,50.4682822],[6.1476693,50.4682911],[6.1476937,50.4683001],[6.1477182,50.468309],[6.1477426,50.468318],[6.147767,50.4683269],[6.1477915,50.4683358],[6.1478159,50.4683448],[6.1478404,50.4683537],[6.1478648,50.4683627],[6.1478892,50.4683716],[6.1479137,50.4683806],[6.1479381,50.4683895],[6.1479625,50.4683985],[6.147987,50.4684074],[6.1480114,50.4684163],[6.1480359,50.4684253],[6.1480603,50.4684342],[6.1480847,50.4684432],[6.1481092,50.4684521],[6.1481336,50.4684611],[6.148158,50.46847],[6.1481825,50.468479],[6.1482069,50.4684879],[6.1482314,50.4684968],[6.1482558,50.4685058],[6.1482802,50.4685147],[6.1483047,50.4685237],[6.1483291,50.4685326],[6.1483535,50.4685416],[6.148378,50.4685505],[6.1484024,50.4685594],[6.1484269,50.4685684],[6.1484513,50.4685773],[6.1484757,50.4685863],[6.1485002,50.4685952],[6.1485246,50.4686042],[6.148549,50.4686131],[6.1485735,50.4686221],[6.1485979,50.468631],[6.1486224,50.4686399],[6.1486468,50.4686489],[6.1486712,50.4686578],[6.1486957,50.4686668],[6.1487201,50.4686757],[6.1487445,50.4686847],[6.148769,50.4686936],[6.1487934,50.4687025],[6.1488179,50.4687115],[6.1488423,50.4687204],[6.1488667,50.4687294],[6.1488912,50.4687383],[6.1489156,50.4687473],[6.14894,50.4687562],[6.1489645,50.4687652],[6.1489889,50.4687741],[6.1490134,50.468783],[6.1490378,50.468792],[6.1490622,50.4688009],[6.1490867,50.4688099],[6.1491111,50.4688188],[6.1491355,50.4688278],[6.14916,50.4688367],[6.1491844,50.4688456],[6.1492089,50.4688546],[6.1492333,50.4688635],[6.1492577,50.4688725],[6.1492822,50.4688814],[6.1493066,50.4688904],[6.149331,50.4688993],[6.1493555,50.4689083],[6.1493799,50.4689172],[6.1494044,50.4689261],[6.1494288,50.4689351],[6.1494532,50.468944],[6.1494777,50.468953],[6.1495021,50.4689619],[6.1495266,50.4689709],[6.149551,50.4689798],[6.1495754,50.4689887],[6.1495999,50.4689977],[6.1496243,50.4690066],[6.1496487,50.4690156],[6.1496732,50.4690245],[6.1496976,50.4690335],[6.1497221,50.4690424],[6.1497465,50.4690514],[6.1497709,50.4690603],[6.1497954,50.4690692],[6.1498198,50.4690782],[6.1498442,50.4690871],[6.1498687,50.4690961],[6.1498931,50.469105],[6.1499176,50.469114],[6.149942,50.4691229],[6.1499664,50.4691318],[6.1499909,50.4691408],[6.1500153,50.4691497],[6.1500398,50.4691587],[6.1500642,50.4691676],[6.1500886,50.4691766],[6.1501131,50.4691855],[6.1501375,50.4691945],[6.1501619,50.4692034],[6.1501864,50.4692123],[6.1502108,50.4692213],[6.1502353,50.4692302],[6.1502597,50.4692392],[6.1502841,50.4692481],[6.1503086,50.4692571],[6.150333,50.469266],[6.1503574,50.4692749],[6.1503819,50.4692839],[6.1504063,50.4692928],[6.1504308,50.4693018],[6.1504552,50.4693107],[6.1504796,50.4693197],[6.1505041,50.4693286],[6.1505285,50.4693375],[6.150553,50.4693465],[6.1505774,50.4693554],[6.1506018,50.4693644],[6.1506263,50.4693733],[6.1506507,50.4693823],[6.1506751,50.4693912],[6.1506996,50.4694001],[6.150724,50.4694091],[6.1507485,50.469418],[6.1507729,50.469427],[6.1507973,50.4694359],[6.1508218,50.4694449],[6.1508462,50.4694538],[6.1508707,50.4694628],[6.1508951,50.4694717],[6.1509195,50.4694806],[6.150944,50.4694896],[6.1509684,50.4694985],[6.1509928,50.4695075],[6.1510173,50.4695164],[6.1510417,50.4695254],[6.1510662,50.4695343],[6.1510906,50.4695432],[6.151115,50.4695522],[6.1511395,50.4695611],[6.1511639,50.4695701],[6.1511884,50.469579],[6.1512128,50.469588],[6.1512372,50.4695969],[6.1512617,50.4696058],[6.1512861,50.4696148],[6.1513105,50.4696237],[6.151335,50.4696327],[6.1513594,50.4696416],[6.1513839,50.4696506],[6.1514083,50.4696595],[6.1514327,50.4696684],[6.1514572,50.4696774],[6.1514816,50.4696863],[6.1515061,50.4696953],[6.1515305,50.4697042],[6.1515549,50.4697132],[6.1515794,50.4697221],[6.1516038,50.4697311],[6.1516282,50.46974],[6.1516527,50.4697489],[6.1516771,50.4697579],[6.1517016,50.4697668],[6.151726,50.4697758],[6.1517504,50.4697847],[6.1517749,50.4697937],[6.1517993,50.4698026],[6.1518238,50.4698115],[6.1518482,50.4698205],[6.1518726,50.4698294],[6.1518971,50.4698384],[6.1519215,50.4698473],[6.151946,50.4698563],[6.1519704,50.4698652],[6.1519948,50.4698741],[6.1520193,50.4698831],[6.1520437,50.469892],[6.1520681,50.469901],[6.1520926,50.4699099],[6.152117,50.4699189],[6.1521415,50.4699278],[6.1521659,50.4699367],[6.1521903,50.4699457],[6.1522148,50.4699546],[6.1522392,50.4699636],[6.1522637,50.4699725],[6.1522881,50.4699815],[6.1523125,50.4699904],[6.152337,50.4699993],[6.1523614,50.4700083],[6.1523859,50.4700172],[6.1524103,50.4700262],[6.1524347,50.4700351],[6.1524592,50.4700441],[6.1524836,50.470053],[6.152508,50.4700619],[6.1525325,50.4700709],[6.1525569,50.4700798],[6.1525814,50.4700888],[6.1526058,50.4700977],[6.1526302,50.4701067],[6.1526547,50.4701156],[6.1526791,50.4701245],[6.1527036,50.4701335],[6.152728,50.4701424],[6.1527524,50.4701514],[6.1527769,50.4701603],[6.1528013,50.4701693],[6.1528258,50.4701782],[6.1528502,50.4701871],[6.1528746,50.4701961],[6.1528991,50.470205],[6.1529235,50.470214],[6.152948,50.4702229],[6.1529724,50.4702319],[6.1529968,50.4702408],[6.1530213,50.4702497],[6.1530457,50.4702587],[6.1530701,50.4702676],[6.1530946,50.4702766],[6.153119,50.4702855],[6.1531435,50.4702945],[6.1531679,50.4703034],[6.1531923,50.4703123],[6.1532168,50.4703213],[6.1532412,50.4703302],[6.1532657,50.4703392],[6.1532901,50.4703481],[6.1533145,50.4703571],[6.153339,50.470366],[6.1533634,50.4703749],[6.1533879,50.4703839],[6.1534123,50.4703928],[6.1534367,50.4704018],[6.1534612,50.4704107],[6.1534856,50.4704197],[6.1535101,50.4704286],[6.1535345,50.4704375],[6.1535589,50.4704465],[6.1535834,50.4704554],[6.1536078,50.4704644],[6.1536323,50.4704733],[6.1536567,50.4704823],[6.1536811,50.4704912],[6.1537056,50.4705001],[6.15373,50.4705091],[6.1537545,50.470518],[6.1537789,50.470527],[6.1538033,50.4705359],[6.1538278,50.4705449],[6.1538522,50.4705538],[6.1538766,50.4705627],[6.1539011,50.4705717],[6.1539255,50.4705806],[6.15395,50.4705896],[6.1539744,50.4705985],[6.1539988,50.4706075],[6.1540233,50.4706164],[6.1540477,50.4706253],[6.1540722,50.4706343],[6.1540966,50.4706432],[6.154121,50.4706522],[6.1541455,50.4706611],[6.1541699,50.4706701],[6.1541944,50.470679],[6.1542188,50.4706879],[6.1542432,50.4706969],[6.1542677,50.4707058],[6.1542921,50.4707148],[6.1543166,50.4707237],[6.154341,50.4707327],[6.1543654,50.4707416],[6.1543899,50.4707505],[6.1544143,50.4707595],[6.1544388,50.4707684],[6.1544632,50.4707774],[6.1544876,50.4707863],[6.1545121,50.4707953],[6.1545365,50.4708042],[6.154561,50.4708131],[6.1545854,50.4708221],[6.1546098,50.470831],[6.1546343,50.47084],[6.1546587,50.4708489],[6.1546832,50.4708579],[6.1547076,50.4708668],[6.154732,50.4708757],[6.1547565,50.4708847],[6.1547809,50.4708936],[6.1548054,50.4709026],[6.1548298,50.4709115],[6.1548542,50.4709205],[6.1548787,50.4709294],[6.1549031,50.4709383],[6.1549276,50.4709473],[6.154952,50.4709562],[6.1549764,50.4709652],[6.1550009,50.4709741],[6.1550253,50.4709831],[6.1550498,50.470992],[6.1550742,50.4710009],[6.1550986,50.4710099],[6.1551231,50.4710188],[6.1551475,50.4710278],[6.155172,50.4710367],[6.1551964,50.4710456],[6.1552208,50.4710546],[6.1552453,50.4710635],[6.1552697,50.4710725],[6.1552942,50.4710814],[6.1553186,50.4710904],[6.155343,50.4710993],[6.1553675,50.4711082],[6.1553919,50.4711172],[6.1554164,50.4711261],[6.1554408,50.4711351],[6.1554652,50.471144],[6.1554897,50.471153],[6.1555141,50.4711619],[6.1555386,50.4711708],[6.155563,50.4711798],[6.1555874,50.4711887],[6.1556119,50.4711977],[6.1556363,50.4712066],[6.1556608,50.4712156],[6.1556852,50.4712245],[6.1557096,50.4712334],[6.1557341,50.4712424],[6.1557585,50.4712513],[6.155783,50.4712603],[6.1558074,50.4712692],[6.1558318,50.4712782],[6.1558563,50.4712871],[6.1558807,50.471296],[6.1559052,50.471305],[6.1559296,50.4713139],[6.155954,50.4713229],[6.1559785,50.4713318],[6.1560029,50.4713407],[6.1560274,50.4713497],[6.1560518,50.4713586],[6.1560762,50.4713676],[6.1561007,50.4713765],[6.1561251,50.4713855],[6.1561496,50.4713944],[6.156174,50.4714033],[6.1561984,50.4714123],[6.1562229,50.4714212],[6.1562473,50.4714302],[6.1562718,50.4714391],[6.1562962,50.4714481],[6.1563207,50.471457],[6.1563451,50.4714659],[6.1563695,50.4714749],[6.156394,50.4714838],[6.1564184,50.4714928],[6.1564429,50.4715017],[6.1564673,50.4715106],[6.1564917,50.4715196],[6.1565162,50.4715285],[6.1565406,50.4715375],[6.1565651,50.4715464],[6.1565895,50.4715554],[6.1566139,50.4715643],[6.1566384,50.4715732],[6.1566628,50.4715822],[6.1566873,50.4715911],[6.1567117,50.4716001],[6.1567361,50.471609],[6.1567606,50.471618],[6.156785,50.4716269],[6.1568095,50.4716358],[6.1568339,50.4716448],[6.1568583,50.4716537],[6.1568828,50.4716627],[6.1569072,50.4716716],[6.1569317,50.4716805],[6.1569561,50.4716895],[6.1569805,50.4716984],[6.157005,50.4717074],[6.1570294,50.4717163],[6.1570539,50.4717253],[6.1570783,50.4717342],[6.1571028,50.4717431],[6.1571272,50.4717521],[6.1571516,50.471761],[6.1571761,50.47177],[6.1572005,50.4717789],[6.157225,50.4717879],[6.1572494,50.4717968],[6.1572738,50.4718057],[6.1572983,50.4718147],[6.1573227,50.4718236],[6.1573472,50.4718326],[6.1573716,50.4718415],[6.157396,50.4718504],[6.1574205,50.4718594],[6.1574449,50.4718683],[6.1574694,50.4718773],[6.1574938,50.4718862],[6.1575182,50.4718952],[6.1575427,50.4719041],[6.1575671,50.471913],[6.1575916,50.471922],[6.157616,50.4719309],[6.1576405,50.4719399],[6.1576649,50.4719488],[6.1576893,50.4719578],[6.1577138,50.4719667],[6.1577382,50.4719756],[6.1577627,50.4719846],[6.1577871,50.4719935],[6.1578115,50.4720025],[6.157836,50.4720114],[6.1578604,50.4720203],[6.1578849,50.4720293],[6.1579093,50.4720382],[6.1579337,50.4720472],[6.1579582,50.4720561],[6.1579826,50.4720651],[6.1580071,50.472074],[6.1580315,50.4720829],[6.158056,50.4720919],[6.1580804,50.4721008],[6.1581048,50.4721098],[6.1581293,50.4721187],[6.1581537,50.4721276],[6.1581782,50.4721366],[6.1582026,50.4721455],[6.158227,50.4721545],[6.1582515,50.4721634],[6.1582759,50.4721724],[6.1583004,50.4721813],[6.1583248,50.4721902],[6.1583492,50.4721992],[6.1583737,50.4722081],[6.1583981,50.4722171],[6.1584226,50.472226],[6.158447,50.4722349],[6.1584715,50.4722439],[6.1584959,50.4722528],[6.1585203,50.4722618],[6.1585448,50.4722707],[6.1585692,50.4722797],[6.1585937,50.4722886],[6.1586181,50.4722975],[6.1586425,50.4723065],[6.158667,50.4723154],[6.1586914,50.4723244],[6.1587159,50.4723333],[6.1587403,50.4723422],[6.1587647,50.4723512],[6.1587892,50.4723601],[6.1588136,50.4723691],[6.1588381,50.472378],[6.1588625,50.472387],[6.158887,50.4723959],[6.1589114,50.4724048],[6.1589358,50.4724138],[6.1589603,50.4724227],[6.1589847,50.4724317],[6.1590092,50.4724406],[6.1590336,50.4724495],[6.159058,50.4724585],[6.1590825,50.4724674],[6.1591069,50.4724764],[6.1591314,50.4724853],[6.1591558,50.4724943],[6.1591803,50.4725032],[6.1592047,50.4725121],[6.1592291,50.4725211],[6.1592536,50.47253],[6.159278,50.472539],[6.1593025,50.4725479],[6.1593269,50.4725568],[6.1593513,50.4725658],[6.1593758,50.4725747],[6.1594002,50.4725837],[6.1594247,50.4725926],[6.1594491,50.4726016],[6.1594736,50.4726105],[6.159498,50.4726194],[6.1595224,50.4726284],[6.1595469,50.4726373],[6.1595713,50.4726463],[6.1595958,50.4726552],[6.1596202,50.4726641],[6.1596446,50.4726731],[6.1596691,50.472682],[6.1596935,50.472691],[6.159718,50.4726999],[6.1597424,50.4727089],[6.1597669,50.4727178],[6.1597913,50.4727267],[6.1598157,50.4727357],[6.1598402,50.4727446],[6.1598646,50.4727536],[6.1598891,50.4727625],[6.1599135,50.4727714],[6.1599379,50.4727804],[6.1599624,50.4727893],[6.1599868,50.4727983],[6.1600113,50.4728072],[6.1600357,50.4728162],[6.1600602,50.4728251],[6.1600846,50.472834],[6.160109,50.472843],[6.1601335,50.4728519],[6.1601579,50.4728609],[6.1601824,50.4728698],[6.1602068,50.4728787],[6.1602312,50.4728877],[6.1602557,50.4728966],[6.1602801,50.4729056],[6.1603046,50.4729145],[6.160329,50.4729234],[6.1603535,50.4729324],[6.1603779,50.4729413],[6.1604023,50.4729503],[6.1604268,50.4729592],[6.1604512,50.4729682],[6.1604757,50.4729771],[6.1605001,50.472986],[6.1605246,50.472995],[6.160549,50.4730039],[6.1605734,50.4730129],[6.1605979,50.4730218],[6.1606223,50.4730307],[6.1606468,50.4730397],[6.1606712,50.4730486],[6.1606956,50.4730576],[6.1607201,50.4730665],[6.1607445,50.4730755],[6.160769,50.4730844],[6.1607934,50.4730933],[6.1608179,50.4731023],[6.1608423,50.4731112],[6.1608667,50.4731202],[6.1608912,50.4731291],[6.1609156,50.473138],[6.1609401,50.473147],[6.1609645,50.4731559],[6.160989,50.4731649],[6.1610134,50.4731738],[6.1610378,50.4731827],[6.1610623,50.4731917],[6.1610867,50.4732006],[6.1611112,50.4732096],[6.1611356,50.4732185],[6.16116,50.4732275],[6.1611845,50.4732364],[6.1612089,50.4732453],[6.1612334,50.4732543],[6.1612578,50.4732632],[6.1612823,50.4732722],[6.1613067,50.4732811],[6.1613311,50.47329],[6.1613556,50.473299],[6.16138,50.4733079],[6.1614045,50.4733169],[6.1614289,50.4733258],[6.1614534,50.4733347],[6.1614778,50.4733437],[6.1615022,50.4733526],[6.1615267,50.4733616],[6.1615511,50.4733705],[6.1615756,50.4733795],[6.1616,50.4733884],[6.1616245,50.4733973],[6.1616489,50.4734063],[6.1616733,50.4734152],[6.1616978,50.4734242],[6.1617222,50.4734331],[6.1617467,50.473442],[6.1617711,50.473451],[6.1617956,50.4734599],[6.16182,50.4734689],[6.1618444,50.4734778],[6.1618689,50.4734867],[6.1618933,50.4734957],[6.1619178,50.4735046],[6.1619422,50.4735136],[6.1619667,50.4735225],[6.1619911,50.4735315],[6.1620155,50.4735404],[6.16204,50.4735493],[6.1620644,50.4735583],[6.1620889,50.4735672],[6.1621133,50.4735762],[6.1621377,50.4735851],[6.1621622,50.473594],[6.1621866,50.473603],[6.1622111,50.4736119],[6.1622355,50.4736209],[6.16226,50.4736298],[6.1622844,50.4736387],[6.1623088,50.4736477],[6.1623333,50.4736566],[6.1623577,50.4736656],[6.1623822,50.4736745],[6.1624066,50.4736834],[6.1624311,50.4736924],[6.1624555,50.4737013],[6.1624799,50.4737103],[6.1625044,50.4737192],[6.1625288,50.4737282],[6.1625533,50.4737371],[6.1625777,50.473746],[6.1626022,50.473755],[6.1626266,50.4737639],[6.162651,50.4737729],[6.1626755,50.4737818],[6.1626999,50.4737907],[6.1627244,50.4737997],[6.1627488,50.4738086],[6.1627733,50.4738176],[6.1627977,50.4738265],[6.1628221,50.4738354],[6.1628466,50.4738444],[6.162871,50.4738533],[6.1628955,50.4738623],[6.1629199,50.4738712],[6.1629444,50.4738801],[6.1629688,50.4738891],[6.1629932,50.473898],[6.1630177,50.473907],[6.1630421,50.4739159],[6.1630666,50.4739248],[6.163091,50.4739338],[6.1631155,50.4739427],[6.1631399,50.4739517],[6.1631644,50.4739606],[6.1631888,50.4739696],[6.1632132,50.4739785],[6.1632377,50.4739874],[6.1632621,50.4739964],[6.1632866,50.4740053],[6.163311,50.4740143],[6.1633355,50.4740232],[6.1633599,50.4740321],[6.1633843,50.4740411],[6.1634088,50.47405],[6.1634332,50.474059],[6.1634577,50.4740679],[6.1634821,50.4740768],[6.1635066,50.4740858],[6.163531,50.4740947],[6.1635554,50.4741037],[6.1635799,50.4741126],[6.1636043,50.4741215],[6.1636288,50.4741305],[6.1636532,50.4741394],[6.1636777,50.4741484],[6.1637021,50.4741573],[6.1637265,50.4741662],[6.163751,50.4741752],[6.1637754,50.4741841],[6.1637999,50.4741931],[6.1638243,50.474202],[6.1638488,50.474211],[6.1638732,50.4742199],[6.1638976,50.4742288],[6.1639221,50.4742378],[6.1639465,50.4742467],[6.163971,50.4742557],[6.1639954,50.4742646],[6.1640199,50.4742735],[6.1640443,50.4742825],[6.1640687,50.4742914],[6.1640932,50.4743004],[6.1641176,50.4743093],[6.1641421,50.4743182],[6.1641665,50.4743272],[6.164191,50.4743361],[6.1642154,50.4743451],[6.1642399,50.474354],[6.1642643,50.4743629],[6.1642887,50.4743719],[6.1643132,50.4743808],[6.1643376,50.4743898],[6.1643621,50.4743987],[6.1643865,50.4744076],[6.164411,50.4744166],[6.1644354,50.4744255],[6.1644598,50.4744345],[6.1644843,50.4744434],[6.1645087,50.4744523],[6.1645332,50.4744613],[6.1645576,50.4744702],[6.1645821,50.4744792],[6.1646065,50.4744881],[6.164631,50.474497],[6.1646554,50.474506],[6.1646798,50.4745149],[6.1647043,50.4745239],[6.1647287,50.4745328],[6.1647532,50.4745418],[6.1647776,50.4745507],[6.1648021,50.4745596],[6.1648265,50.4745686],[6.1648509,50.4745775],[6.1648754,50.4745865],[6.1648998,50.4745954],[6.1649243,50.4746043],[6.1649487,50.4746133],[6.1649732,50.4746222],[6.1649976,50.4746312],[6.165022,50.4746401],[6.1650465,50.474649],[6.1650709,50.474658],[6.1650954,50.4746669],[6.1651198,50.4746759],[6.1651443,50.4746848],[6.1651687,50.4746937],[6.1651932,50.4747027],[6.1652176,50.4747116],[6.165242,50.4747206],[6.1652665,50.4747295],[6.1652909,50.4747384],[6.1653154,50.4747474],[6.1653398,50.4747563],[6.1653643,50.4747653],[6.1653887,50.4747742],[6.1654132,50.4747831],[6.1654376,50.4747921],[6.165462,50.474801],[6.1654865,50.47481],[6.1655109,50.4748189],[6.1655354,50.4748278],[6.1655598,50.4748368],[6.1655843,50.4748457],[6.1656087,50.4748547],[6.1656331,50.4748636],[6.1656576,50.4748725],[6.165682,50.4748815],[6.1657065,50.4748904],[6.1657309,50.4748994],[6.1657554,50.4749083],[6.1657798,50.4749172],[6.1658043,50.4749262],[6.1658287,50.4749351],[6.1658531,50.4749441],[6.1658776,50.474953],[6.165902,50.4749619],[6.1659265,50.4749709],[6.1659509,50.4749798],[6.1659754,50.4749888],[6.1659998,50.4749977],[6.1660243,50.4750066],[6.1660487,50.4750156],[6.1660731,50.4750245],[6.1660976,50.4750335],[6.166122,50.4750424],[6.1661465,50.4750513],[6.1661709,50.4750603],[6.1661954,50.4750692],[6.1662198,50.4750782],[6.1662442,50.4750871],[6.1662687,50.475096],[6.1662931,50.475105],[6.1663176,50.4751139],[6.166342,50.4751229],[6.1663665,50.4751318],[6.1663909,50.4751407],[6.1664154,50.4751497],[6.1664398,50.4751586],[6.1664642,50.4751676],[6.1664887,50.4751765],[6.1665131,50.4751854],[6.1665376,50.4751944],[6.166562,50.4752033],[6.1665865,50.4752123],[6.1666109,50.4752212]]}},{"type":"Feature","properties":{"highway":"unclassified","smoothness":"intermediate","surface":"asphalt","width":4},"geometry":{"type":"LineString","coordinates":[[6.1666109,50.4752212],[6.1666359,50.4752297],[6.1666613,50.4752376],[6.1666872,50.4752449],[6.1667134,50.4752517],[6.1667399,50.475258],[6.1667668,50.4752636],[6.1667939,50.4752687],[6.1668213,50.4752733],[6.1668489,50.4752772],[6.1668767,50.4752805],[6.1669047,50.4752833],[6.1669328,50.4752854],[6.166961,50.4752869],[6.1669892,50.4752879],[6.1670175,50.4752882],[6.1670458,50.4752879],[6.1670741,50.475287],[6.1671023,50.4752856],[6.1671304,50.4752835],[6.1671584,50.4752808],[6.1671862,50.4752775],[6.1672138,50.4752737],[6.1672412,50.4752692],[6.1672684,50.4752642],[6.1672953,50.4752585],[6.1673219,50.4752524],[6.1673481,50.4752456],[6.167374,50.4752383],[6.1673994,50.4752304],[6.1674245,50.475222],[6.1674491,50.4752131],[6.1674732,50.4752037],[6.1674968,50.4751937],[6.1675198,50.4751832],[6.1675424,50.4751723],[6.1675643,50.4751609],[6.1675856,50.475149],[6.1676062,50.4751367],[6.1676263,50.4751239],[6.1676456,50.4751107],[6.1676642,50.4750972],[6.1676821,50.4750832],[6.1676993,50.4750688],[6.1677157,50.4750541],[6.1677313,50.4750391],[6.1677461,50.4750237],[6.1677601,50.475008],[6.1677733,50.474992],[6.1677857,50.4749758],[6.1677971,50.4749593],[6.1678077,50.4749425],[6.1678175,50.4749256],[6.1678263,50.4749084],[6.1678342,50.4748911],[6.1678412,50.4748736],[6.1678473,50.474856],[6.1678524,50.4748382],[6.1678567,50.4748204],[6.1678599,50.4748024],[6.1678623,50.4747844],[6.1678637,50.4747664],[6.1678641,50.4747484],[6.1678636,50.4747303],[6.1678622,50.4747123],[6.1678598,50.4746943],[6.1678565,50.4746764],[6.1678522,50.4746585],[6.167847,50.4746408],[6.1678409,50.4746231],[6.1678338,50.4746057],[6.1678259,50.4745883],[6.167817,50.4745712],[6.1678072,50.4745542],[6.1677975,50.4745374],[6.1677878,50.4745205],[6.1677781,50.4745036],[6.1677684,50.4744867],[6.1677586,50.4744699],[6.1677489,50.474453],[6.1677392,50.4744361],[6.1677295,50.4744192],[6.1677198,50.4744024],[6.16771,50.4743855],[6.1677003,50.4743686],[6.1676906,50.4743517],[6.1676809,50.4743349],[6.1676712,50.474318],[6.1676614,50.4743011],[6.1676517,50.4742842],[6.167642,50.4742674],[6.1676323,50.4742505],[6.1676225,50.4742336],[6.1676128,50.4742167],[6.1676031,50.4741999],[6.1675934,50.474183],[6.1675837,50.4741661],[6.1675739,50.4741492],[6.1675642,50.4741324],[6.1675545,50.4741155],[6.1675448,50.4740986],[6.1675351,50.4740817],[6.1675253,50.4740649],[6.1675156,50.474048],[6.1675059,50.4740311],[6.1674962,50.4740142],[6.1674865,50.4739974],[6.1674767,50.4739805],[6.167467,50.4739636],[6.1674573,50.4739467],[6.1674476,50.4739298],[6.1674379,50.473913],[6.1674281,50.4738961],[6.1674184,50.4738792],[6.1674087,50.4738623],[6.167399,50.4738455],[6.1673893,50.4738286],[6.1673795,50.4738117],[6.1673698,50.4737948],[6.1673601,50.473778],[6.1673504,50.4737611],[6.1673407,50.4737442],[6.1673309,50.4737273],[6.1673212,50.4737105],[6.1673115,50.4736936],[6.1673018,50.4736767],[6.1672921,50.4736598],[6.1672823,50.473643],[6.1672726,50.4736261],[6.1672629,50.4736092],[6.1672532,50.4735923],[6.1672434,50.4735755],[6.1672337,50.4735586],[6.167224,50.4735417],[6.1672143,50.4735248],[6.1672046,50.473508],[6.1671948,50.4734911],[6.1671851,50.4734742],[6.1671754,50.4734573],[6.1671657,50.4734405],[6.167156,50.4734236],[6.1671462,50.4734067],[6.1671365,50.4733898],[6.1671268,50.473373],[6.1671171,50.4733561],[6.1671074,50.4733392],[6.1670976,50.4733223],[6.1670879,50.4733055],[6.1670782,50.4732886],[6.1670685,50.4732717],[6.1670588,50.4732548],[6.167049,50.473238],[6.1670393,50.4732211],[6.1670296,50.4732042],[6.1670199,50.4731873],[6.1670102,50.4731705],[6.1670004,50.4731536],[6.1669907,50.4731367],[6.166981,50.4731198],[6.1669713,50.473103],[6.1669616,50.4730861],[6.1669518,50.4730692],[6.1669421,50.4730523],[6.1669324,50.4730355],[6.1669227,50.4730186],[6.166913,50.4730017],[6.1669032,50.4729848],[6.1668935,50.472968],[6.1668838,50.4729511],[6.1668741,50.4729342],[6.1668644,50.4729173],[6.1668546,50.4729005],[6.1668449,50.4728836],[6.1668352,50.4728667],[6.1668255,50.4728498],[6.1668158,50.472833],[6.166806,50.4728161],[6.1667963,50.4727992],[6.1667866,50.4727823],[6.1667769,50.4727654],[6.1667672,50.4727486],[6.1667574,50.4727317],[6.1667477,50.4727148],[6.166738,50.4726979],[6.1667283,50.4726811],[6.1667186,50.4726642],[6.1667088,50.4726473],[6.1666991,50.4726304],[6.1666894,50.4726136],[6.1666797,50.4725967],[6.16667,50.4725798],[6.1666602,50.4725629],[6.1666505,50.4725461],[6.1666408,50.4725292],[6.1666311,50.4725123],[6.1666214,50.4724954],[6.1666116,50.4724786],[6.1666019,50.4724617],[6.1665922,50.4724448],[6.1665825,50.4724279],[6.1665728,50.4724111],[6.166563,50.4723942],[6.1665533,50.4723773],[6.1665436,50.4723604],[6.1665339,50.4723436],[6.1665242,50.4723267],[6.1665144,50.4723098],[6.1665047,50.4722929],[6.166495,50.4722761],[6.1664853,50.4722592],[6.1664756,50.4722423],[6.1664658,50.4722254],[6.1664561,50.4722086],[6.1664464,50.4721917],[6.1664367,50.4721748],[6.166427,50.4721579],[6.1664172,50.4721411],[6.1664075,50.4721242],[6.1663978,50.4721073],[6.1663881,50.4720904],[6.1663784,50.4720736],[6.1663686,50.4720567],[6.1663589,50.4720398],[6.1663492,50.4720229],[6.1663395,50.4720061],[6.1663298,50.4719892],[6.16632,50.4719723],[6.1663103,50.4719554],[6.1663006,50.4719386],[6.1662909,50.4719217],[6.1662812,50.4719048],[6.1662715,50.4718879],[6.1662617,50.4718711],[6.166252,50.4718542],[6.1662423,50.4718373],[6.1662326,50.4718204],[6.1662229,50.4718035],[6.1662131,50.4717867],[6.1662034,50.4717698],[6.1661937,50.4717529],[6.166184,50.471736],[6.1661743,50.4717192],[6.1661645,50.4717023],[6.1661548,50.4716854],[6.1661451,50.4716685],[6.1661354,50.4716517],[6.1661257,50.4716348],[6.1661159,50.4716179],[6.1661062,50.471601],[6.1660965,50.4715842],[6.1660868,50.4715673],[6.1660771,50.4715504],[6.1660673,50.4715335],[6.1660576,50.4715167],[6.1660479,50.4714998],[6.1660382,50.4714829],[6.1660285,50.471466],[6.1660187,50.4714492],[6.166009,50.4714323],[6.1659993,50.4714154],[6.1659896,50.4713985],[6.1659799,50.4713817],[6.1659701,50.4713648],[6.1659604,50.4713479],[6.1659507,50.471331],[6.165941,50.4713142],[6.1659313,50.4712973],[6.1659215,50.4712804],[6.1659118,50.4712635],[6.1659021,50.4712467],[6.1658924,50.4712298],[6.1658827,50.4712129],[6.165873,50.471196],[6.1658632,50.4711792],[6.1658535,50.4711623],[6.1658438,50.4711454],[6.1658341,50.4711285],[6.1658244,50.4711117],[6.1658146,50.4710948],[6.1658049,50.4710779],[6.1657952,50.471061],[6.1657855,50.4710442],[6.1657758,50.4710273],[6.165766,50.4710104],[6.1657563,50.4709935],[6.1657466,50.4709767],[6.1657369,50.4709598],[6.1657272,50.4709429],[6.1657174,50.470926],[6.1657077,50.4709091],[6.165698,50.4708923],[6.1656883,50.4708754],[6.1656786,50.4708585],[6.1656688,50.4708416],[6.1656591,50.4708248],[6.1656494,50.4708079],[6.1656397,50.470791],[6.16563,50.4707741],[6.1656203,50.4707573],[6.1656105,50.4707404],[6.1656008,50.4707235],[6.1655911,50.4707066],[6.1655814,50.4706898],[6.1655717,50.4706729],[6.1655619,50.470656],[6.1655522,50.4706391],[6.1655425,50.4706223],[6.1655328,50.4706054],[6.1655231,50.4705885],[6.1655133,50.4705716],[6.1655036,50.4705548],[6.1654939,50.4705379],[6.1654842,50.470521],[6.1654745,50.4705041],[6.1654647,50.4704873],[6.165455,50.4704704],[6.1654453,50.4704535],[6.1654356,50.4704366],[6.1654259,50.4704198],[6.1654161,50.4704029],[6.1654064,50.470386],[6.1653967,50.4703691],[6.165387,50.4703523],[6.1653773,50.4703354],[6.1653636,50.4703193],[6.1653464,50.4703046],[6.165326,50.4702917],[6.165303,50.4702809],[6.1652777,50.4702722],[6.1652507,50.470266],[6.1652226,50.4702624],[6.165194,50.4702614],[6.1651654,50.470263],[6.1651375,50.4702673],[6.1651109,50.4702741],[6.1650861,50.4702833],[6.1650637,50.4702947],[6.165044,50.4703081],[6.1650277,50.4703231],[6.1650149,50.4703395],[6.1650059,50.4703569],[6.165001,50.4703749],[6.1650003,50.4703932],[6.1650037,50.4704114],[6.1650112,50.470429],[6.1650186,50.4704464],[6.165026,50.4704638],[6.1650334,50.4704811],[6.1650407,50.4704985],[6.1650481,50.4705158],[6.1650555,50.4705332],[6.1650629,50.4705505],[6.1650702,50.4705679],[6.1650776,50.4705852],[6.165085,50.4706026],[6.1650924,50.4706199],[6.1650998,50.4706373],[6.1651071,50.4706546],[6.1651145,50.470672],[6.1651219,50.4706893],[6.1651293,50.4707067],[6.1651366,50.470724],[6.165144,50.4707414],[6.1651514,50.4707587],[6.1651588,50.4707761],[6.1651662,50.4707934],[6.1651735,50.4708108],[6.1651809,50.4708281],[6.1651883,50.4708455],[6.1651957,50.4708628],[6.165203,50.4708802],[6.1652104,50.4708976],[6.1652178,50.4709149],[6.1652252,50.4709323],[6.1652326,50.4709496],[6.1652399,50.470967],[6.1652473,50.4709843],[6.1652547,50.4710017],[6.1652621,50.471019],[6.1652694,50.4710364],[6.1652768,50.4710537],[6.1652842,50.4710711],[6.1652916,50.4710884],[6.1652989,50.4711058],[6.1653063,50.4711231],[6.1653137,50.4711405],[6.1653211,50.4711578],[6.1653285,50.4711752],[6.1653358,50.4711925],[6.1653432,50.4712099],[6.1653506,50.4712272],[6.165358,50.4712446],[6.1653653,50.4712619],[6.1653727,50.4712793],[6.1653801,50.4712966],[6.1653875,50.471314],[6.1653949,50.4713313],[6.1654022,50.4713487],[6.1654096,50.4713661],[6.165417,50.4713834],[6.1654244,50.4714008],[6.1654317,50.4714181],[6.1654391,50.4714355],[6.1654465,50.4714528],[6.1654539,50.4714702],[6.1654613,50.4714875],[6.1654686,50.4715049],[6.165476,50.4715222],[6.1654834,50.4715396],[6.1654908,50.4715569],[6.1654981,50.4715743],[6.1655055,50.4715916],[6.1655129,50.471609],[6.1655203,50.4716263],[6.1655277,50.4716437],[6.165535,50.471661],[6.1655424,50.4716784],[6.1655498,50.4716957],[6.1655572,50.4717131],[6.1655645,50.4717304],[6.1655719,50.4717478],[6.1655793,50.4717651],[6.1655867,50.4717825],[6.1655941,50.4717999],[6.1656014,50.4718172],[6.1656088,50.4718346],[6.1656162,50.4718519],[6.1656236,50.4718693],[6.1656309,50.4718866],[6.1656383,50.471904],[6.1656457,50.4719213],[6.1656531,50.4719387],[6.1656605,50.471956],[6.1656678,50.4719734],[6.1656752,50.4719907],[6.1656826,50.4720081],[6.16569,50.4720254],[6.1656973,50.4720428],[6.1657047,50.4720601],[6.1657121,50.4720775],[6.1657195,50.4720948],[6.1657269,50.4721122],[6.1657342,50.4721295],[6.1657416,50.4721469],[6.165749,50.4721642],[6.1657564,50.4721816],[6.1657637,50.4721989],[6.1657711,50.4722163],[6.1657785,50.4722336],[6.1657859,50.472251],[6.1657933,50.4722684],[6.1658006,50.4722857],[6.165808,50.4723031],[6.1658154,50.4723204],[6.1658228,50.4723378],[6.1658301,50.4723551],[6.1658375,50.4723725],[6.1658449,50.4723898],[6.1658523,50.4724072],[6.1658597,50.4724245],[6.165867,50.4724419],[6.1658744,50.4724592],[6.1658818,50.4724766],[6.1658892,50.4724939],[6.1658965,50.4725113],[6.1659039,50.4725286],[6.1659113,50.472546],[6.1659187,50.4725633],[6.1659261,50.4725807],[6.1659334,50.472598],[6.1659408,50.4726154],[6.1659482,50.4726327],[6.1659556,50.4726501],[6.165963,50.4726674],[6.1659703,50.4726848],[6.1659777,50.4727021],[6.1659851,50.4727195],[6.1659925,50.4727369],[6.1659998,50.4727542],[6.1660072,50.4727716],[6.1660146,50.4727889],[6.166022,50.4728063],[6.1660294,50.4728236],[6.1660367,50.472841],[6.1660441,50.4728583],[6.1660515,50.4728757],[6.1660589,50.472893],[6.1660662,50.4729104],[6.1660736,50.4729277],[6.166081,50.4729451],[6.1660884,50.4729624],[6.1660958,50.4729798],[6.1661031,50.4729971],[6.1661105,50.4730145],[6.1661179,50.4730318],[6.1661253,50.4730492],[6.1661326,50.4730665],[6.16614,50.4730839],[6.1661474,50.4731012],[6.1661548,50.4731186],[6.1661622,50.4731359],[6.1661695,50.4731533],[6.1661769,50.4731706],[6.1661843,50.473188],[6.1661917,50.4732054],[6.1661991,50.4732227],[6.1662064,50.4732401],[6.1662138,50.4732574],[6.1662212,50.4732748],[6.1662286,50.4732921],[6.1662359,50.4733095],[6.1662433,50.4733268],[6.1662507,50.4733442],[6.1662581,50.4733615],[6.1662655,50.4733789],[6.1662728,50.4733962],[6.1662802,50.4734136],[6.1662876,50.4734309],[6.166295,50.4734483],[6.1663023,50.4734656],[6.1663058,50.4734838],[6.166305,50.4735021],[6.1663001,50.4735201],[6.1662912,50.4735375],[6.1662784,50.4735539],[6.166262,50.4735689],[6.1662424,50.4735823],[6.16622,50.4735937],[6.1661952,50.4736029],[6.1661686,50.4736097],[6.1661407,50.473614],[6.1661121,50.4736156],[6.1660835,50.4736146],[6.1660553,50.473611],[6.1660284,50.4736048],[6.1660031,50.4735962],[6.16598,50.4735853],[6.1659597,50.4735724],[6.1659425,50.4735577],[6.1659288,50.4735416],[6.1659189,50.4735245],[6.1659092,50.4735076],[6.1658994,50.4734907],[6.1658897,50.4734738],[6.16588,50.473457],[6.1658703,50.4734401],[6.1658606,50.4734232],[6.1658508,50.4734063],[6.1658411,50.4733894],[6.1658314,50.4733726],[6.1658217,50.4733557],[6.165812,50.4733388],[6.1658022,50.4733219],[6.1657925,50.4733051],[6.1657828,50.4732882],[6.1657731,50.4732713],[6.1657634,50.4732544],[6.1657536,50.4732376],[6.1657439,50.4732207],[6.1657342,50.4732038],[6.1657245,50.4731869],[6.1657148,50.4731701],[6.165705,50.4731532],[6.1656953,50.4731363],[6.1656856,50.4731194],[6.1656759,50.4731026],[6.1656662,50.4730857],[6.1656564,50.4730688],[6.1656467,50.4730519],[6.165637,50.4730351],[6.1656273,50.4730182],[6.1656176,50.4730013],[6.1656078,50.4729844],[6.1655981,50.4729676],[6.1655884,50.4729507],[6.1655787,50.4729338],[6.165569,50.4729169],[6.1655592,50.4729001],[6.1655495,50.4728832],[6.1655398,50.4728663],[6.1655301,50.4728494],[6.1655204,50.4728326],[6.1655106,50.4728157],[6.1655009,50.4727988],[6.1654912,50.4727819],[6.1654815,50.4727651],[6.1654718,50.4727482],[6.165462,50.4727313],[6.1654523,50.4727144],[6.1654426,50.4726976],[6.1654329,50.4726807],[6.1654232,50.4726638],[6.1654134,50.4726469],[6.1654037,50.4726301],[6.165394,50.4726132],[6.1653843,50.4725963],[6.1653746,50.4725794],[6.1653649,50.4725626],[6.1653551,50.4725457],[6.1653454,50.4725288],[6.1653357,50.4725119],[6.165326,50.472495],[6.1653163,50.4724782],[6.1653065,50.4724613],[6.1652968,50.4724444],[6.1652871,50.4724275],[6.1652774,50.4724107],[6.1652677,50.4723938],[6.1652579,50.4723769],[6.1652482,50.47236],[6.1652385,50.4723432],[6.1652288,50.4723263],[6.1652191,50.4723094],[6.1652093,50.4722925],[6.1651996,50.4722757],[6.1651899,50.4722588],[6.1651802,50.4722419],[6.1651705,50.472225],[6.1651607,50.4722082],[6.165151,50.4721913],[6.1651413,50.4721744],[6.1651316,50.4721575],[6.1651219,50.4721407],[6.1651121,50.4721238],[6.1651024,50.4721069],[6.1650927,50.47209],[6.165083,50.4720732],[6.1650733,50.4720563],[6.1650636,50.4720394],[6.1650538,50.4720225],[6.1650441,50.4720057],[6.1650344,50.4719888],[6.1650247,50.4719719],[6.165015,50.471955],[6.1650052,50.4719382],[6.1649955,50.4719213],[6.1649858,50.4719044],[6.1649761,50.4718875],[6.1649664,50.4718707],[6.1649566,50.4718538],[6.1649469,50.4718369],[6.1649372,50.47182],[6.1649275,50.4718032],[6.1649178,50.4717863],[6.164908,50.4717694],[6.1648983,50.4717525],[6.1648886,50.4717356],[6.1648789,50.4717188],[6.1648692,50.4717019],[6.1648594,50.471685],[6.1648497,50.4716681],[6.16484,50.4716513],[6.1648303,50.4716344],[6.1648206,50.4716175],[6.1648109,50.4716006],[6.1648011,50.4715838],[6.1647914,50.4715669],[6.1647817,50.47155],[6.164772,50.4715331],[6.1647623,50.4715163],[6.1647525,50.4714994],[6.1647428,50.4714825],[6.1647331,50.4714656],[6.1647234,50.4714488],[6.1647137,50.4714319],[6.1647039,50.471415],[6.1646942,50.4713981],[6.1646845,50.4713813],[6.1646748,50.4713644],[6.1646651,50.4713475],[6.1646553,50.4713306],[6.1646456,50.4713138],[6.1646359,50.4712969],[6.1646262,50.47128],[6.1646165,50.4712631],[6.1646068,50.4712463],[6.164597,50.4712294],[6.1645873,50.4712125],[6.1645776,50.4711956],[6.1645679,50.4711788],[6.1645582,50.4711619],[6.1645484,50.471145],[6.1645387,50.4711281],[6.164529,50.4711113],[6.1645193,50.4710944],[6.1645096,50.4710775],[6.1644998,50.4710606],[6.1644901,50.4710437],[6.1644804,50.4710269],[6.1644707,50.47101],[6.164461,50.4709931],[6.1644513,50.4709762],[6.1644415,50.4709594],[6.1644318,50.4709425],[6.1644221,50.4709256],[6.1644124,50.4709087],[6.1644027,50.4708919],[6.1643929,50.470875],[6.1643832,50.4708581],[6.1643735,50.4708412],[6.1643638,50.4708244],[6.1643541,50.4708075],[6.1643443,50.4707906],[6.1643346,50.4707737],[6.1643249,50.4707569],[6.1643152,50.47074],[6.1643055,50.4707231],[6.1642958,50.4707062],[6.164286,50.4706894],[6.1642763,50.4706725],[6.1642666,50.4706556],[6.1642569,50.4706387],[6.1642472,50.4706219],[6.1642374,50.470605],[6.1642277,50.4705881],[6.164218,50.4705712],[6.1642043,50.4705551],[6.1641871,50.4705405],[6.1641668,50.4705276],[6.1641437,50.4705167],[6.1641184,50.4705081],[6.1640914,50.4705019],[6.1640633,50.4704982],[6.1640347,50.4704972],[6.1640061,50.4704989],[6.1639782,50.4705031],[6.1639516,50.47051],[6.1639268,50.4705192],[6.1639044,50.4705306],[6.1638848,50.4705439],[6.1638684,50.4705589],[6.1638556,50.4705753],[6.1638467,50.4705927],[6.1638418,50.4706108],[6.163841,50.4706291],[6.1638444,50.4706472],[6.163852,50.4706649],[6.1638593,50.4706822],[6.1638667,50.4706996],[6.1638741,50.470717],[6.1638815,50.4707343],[6.1638888,50.4707517],[6.1638962,50.470769],[6.1639036,50.4707864],[6.163911,50.4708037],[6.1639183,50.4708211],[6.1639257,50.4708384],[6.1639331,50.4708558],[6.1639405,50.4708731],[6.1639479,50.4708905],[6.1639552,50.4709078],[6.1639626,50.4709252],[6.16397,50.4709425],[6.1639774,50.4709599],[6.1639847,50.4709772],[6.1639921,50.4709946],[6.1639995,50.4710119],[6.1640069,50.4710293],[6.1640142,50.4710466],[6.1640216,50.471064],[6.164029,50.4710813],[6.1640364,50.4710987],[6.1640438,50.471116],[6.1640511,50.4711334],[6.1640585,50.4711508],[6.1640659,50.4711681],[6.1640733,50.4711855],[6.1640806,50.4712028],[6.164088,50.4712202],[6.1640954,50.4712375],[6.1641028,50.4712549],[6.1641102,50.4712722],[6.1641175,50.4712896],[6.1641249,50.4713069],[6.1641323,50.4713243],[6.1641397,50.4713416],[6.164147,50.471359],[6.1641544,50.4713763],[6.1641618,50.4713937],[6.1641692,50.471411],[6.1641765,50.4714284],[6.1641839,50.4714457],[6.1641913,50.4714631],[6.1641987,50.4714804],[6.1642061,50.4714978],[6.1642134,50.4715151],[6.1642208,50.4715325],[6.1642282,50.4715498],[6.1642356,50.4715672],[6.1642429,50.4715846],[6.1642503,50.4716019],[6.1642577,50.4716193],[6.1642651,50.4716366],[6.1642724,50.471654],[6.1642798,50.4716713],[6.1642872,50.4716887],[6.1642946,50.471706],[6.164302,50.4717234],[6.1643093,50.4717407],[6.1643167,50.4717581],[6.1643241,50.4717754],[6.1643315,50.4717928],[6.1643388,50.4718101],[6.1643462,50.4718275],[6.1643536,50.4718448],[6.164361,50.4718622],[6.1643684,50.4718795],[6.1643757,50.4718969],[6.1643831,50.4719142],[6.1643905,50.4719316],[6.1643979,50.4719489],[6.1644052,50.4719663],[6.1644126,50.4719836],[6.16442,50.472001],[6.1644274,50.4720184],[6.1644348,50.4720357],[6.1644421,50.4720531],[6.1644495,50.4720704],[6.1644569,50.4720878],[6.1644643,50.4721051],[6.1644716,50.4721225],[6.164479,50.4721398],[6.1644864,50.4721572],[6.1644938,50.4721745],[6.1645011,50.4721919],[6.1645085,50.4722092],[6.1645159,50.4722266],[6.1645233,50.4722439],[6.1645307,50.4722613],[6.164538,50.4722786],[6.1645454,50.472296],[6.1645528,50.4723133],[6.1645602,50.4723307],[6.1645675,50.472348],[6.1645749,50.4723654],[6.1645823,50.4723827],[6.1645897,50.4724001],[6.1645971,50.4724174],[6.1646044,50.4724348],[6.1646118,50.4724522],[6.1646192,50.4724695],[6.1646266,50.4724869],[6.1646339,50.4725042],[6.1646413,50.4725216],[6.1646487,50.4725389],[6.1646561,50.4725563],[6.1646635,50.4725736],[6.1646708,50.472591],[6.1646782,50.4726083],[6.1646856,50.4726257],[6.164693,50.472643],[6.1647003,50.4726604],[6.1647077,50.4726777],[6.1647151,50.4726951],[6.1647225,50.4727124],[6.1647299,50.4727298],[6.1647372,50.4727471],[6.1647446,50.4727645],[6.164752,50.4727818],[6.1647594,50.4727992],[6.1647667,50.4728165],[6.1647741,50.4728339],[6.1647815,50.4728512],[6.1647889,50.4728686],[6.1647962,50.4728859],[6.1648036,50.4729033],[6.164811,50.4729207],[6.1648184,50.472938],[6.1648258,50.4729554],[6.1648331,50.4729727],[6.1648405,50.4729901],[6.1648479,50.4730074],[6.1648553,50.4730248],[6.1648626,50.4730421],[6.16487,50.4730595],[6.1648774,50.4730768],[6.1648848,50.4730942],[6.1648922,50.4731115],[6.1648995,50.4731289],[6.1649069,50.4731462],[6.1649143,50.4731636],[6.1649217,50.4731809],[6.164929,50.4731983],[6.1649364,50.4732156],[6.1649438,50.473233],[6.1649512,50.4732503],[6.1649586,50.4732677],[6.1649659,50.473285],[6.1649733,50.4733024],[6.1649807,50.4733197],[6.1649881,50.4733371],[6.1649954,50.4733545],[6.1650028,50.4733718],[6.1650102,50.4733892],[6.1650176,50.4734065],[6.165025,50.4734239],[6.1650323,50.4734412],[6.1650397,50.4734586],[6.1650471,50.4734759],[6.1650545,50.4734933],[6.1650618,50.4735106],[6.1650692,50.473528],[6.1650766,50.4735453],[6.165084,50.4735627],[6.1650914,50.47358],[6.1650987,50.4735974],[6.1651061,50.4736147],[6.1651135,50.4736321],[6.1651209,50.4736494],[6.1651282,50.4736668],[6.1651356,50.4736841],[6.165143,50.4737015],[6.1651464,50.4737197],[6.1651457,50.473738],[6.1651408,50.473756],[6.1651319,50.4737734],[6.1651191,50.4737898],[6.1651027,50.4738048],[6.1650831,50.4738182],[6.1650606,50.4738296],[6.1650358,50.4738388],[6.1650092,50.4738456],[6.1649813,50.4738499],[6.1649527,50.4738515],[6.1649241,50.4738505],[6.164896,50.4738469],[6.164869,50.4738406],[6.1648437,50.473832],[6.1648207,50.4738211],[6.1648003,50.4738082],[6.1647831,50.4737936],[6.1647694,50.4737775],[6.1647595,50.4737603],[6.1647498,50.4737434],[6.1647401,50.4737266],[6.1647304,50.4737097],[6.1647206,50.4736928],[6.1647109,50.4736759],[6.1647012,50.4736591],[6.1646915,50.4736422],[6.1646818,50.4736253],[6.1646721,50.4736084],[6.1646623,50.4735916],[6.1646526,50.4735747],[6.1646429,50.4735578],[6.1646332,50.4735409],[6.1646235,50.4735241],[6.1646137,50.4735072],[6.164604,50.4734903],[6.1645943,50.4734734],[6.1645846,50.4734565],[6.1645749,50.4734397],[6.1645651,50.4734228],[6.1645554,50.4734059],[6.1645457,50.473389],[6.164536,50.4733722],[6.1645263,50.4733553],[6.1645165,50.4733384],[6.1645068,50.4733215],[6.1644971,50.4733047],[6.1644874,50.4732878],[6.1644777,50.4732709],[6.1644679,50.473254],[6.1644582,50.4732372],[6.1644485,50.4732203],[6.1644388,50.4732034],[6.1644291,50.4731865],[6.1644193,50.4731697],[6.1644096,50.4731528],[6.1643999,50.4731359],[6.1643902,50.473119],[6.1643805,50.4731022],[6.1643708,50.4730853],[6.164361,50.4730684],[6.1643513,50.4730515],[6.1643416,50.4730347],[6.1643319,50.4730178],[6.1643222,50.4730009],[6.1643124,50.472984],[6.1643027,50.4729672],[6.164293,50.4729503],[6.1642833,50.4729334],[6.1642736,50.4729165],[6.1642638,50.4728997],[6.1642541,50.4728828],[6.1642444,50.4728659],[6.1642347,50.472849],[6.164225,50.4728322],[6.1642152,50.4728153],[6.1642055,50.4727984],[6.1641958,50.4727815],[6.1641861,50.4727646],[6.1641764,50.4727478],[6.1641667,50.4727309],[6.1641569,50.472714],[6.1641472,50.4726971],[6.1641375,50.4726803],[6.1641278,50.4726634],[6.1641181,50.4726465],[6.1641083,50.4726296],[6.1640986,50.4726128],[6.1640889,50.4725959],[6.1640792,50.472579],[6.1640695,50.4725621],[6.1640597,50.4725453],[6.16405,50.4725284],[6.1640403,50.4725115],[6.1640306,50.4724946],[6.1640209,50.4724778],[6.1640111,50.4724609],[6.1640014,50.472444],[6.1639917,50.4724271],[6.163982,50.4724103],[6.1639723,50.4723934],[6.1639626,50.4723765],[6.1639528,50.4723596],[6.1639431,50.4723428],[6.1639334,50.4723259],[6.1639237,50.472309],[6.163914,50.4722921],[6.1639042,50.4722753],[6.1638945,50.4722584],[6.1638848,50.4722415],[6.1638751,50.4722246],[6.1638654,50.4722078],[6.1638556,50.4721909],[6.1638459,50.472174],[6.1638362,50.4721571],[6.1638265,50.4721403],[6.1638168,50.4721234],[6.1638071,50.4721065],[6.1637973,50.4720896],[6.1637876,50.4720727],[6.1637779,50.4720559],[6.1637682,50.472039],[6.1637585,50.4720221],[6.1637487,50.4720052],[6.163739,50.4719884],[6.1637293,50.4719715],[6.1637196,50.4719546],[6.1637099,50.4719377],[6.1637001,50.4719209],[6.1636904,50.471904],[6.1636807,50.4718871],[6.163671,50.4718702],[6.1636613,50.4718534],[6.1636516,50.4718365],[6.1636418,50.4718196],[6.1636321,50.4718027],[6.1636224,50.4717859],[6.1636127,50.471769],[6.163603,50.4717521],[6.1635932,50.4717352],[6.1635835,50.4717184],[6.1635738,50.4717015],[6.1635641,50.4716846],[6.1635544,50.4716677],[6.1635446,50.4716509],[6.1635349,50.471634],[6.1635252,50.4716171],[6.1635155,50.4716002],[6.1635058,50.4715834],[6.1634961,50.4715665],[6.1634863,50.4715496],[6.1634766,50.4715327],[6.1634669,50.4715159],[6.1634572,50.471499],[6.1634475,50.4714821],[6.1634377,50.4714652],[6.163428,50.4714483],[6.1634183,50.4714315],[6.1634086,50.4714146],[6.1633989,50.4713977],[6.1633891,50.4713808],[6.1633794,50.471364],[6.1633697,50.4713471],[6.16336,50.4713302],[6.1633503,50.4713133],[6.1633406,50.4712965],[6.1633308,50.4712796],[6.1633211,50.4712627],[6.1633114,50.4712458],[6.1633017,50.471229],[6.163292,50.4712121],[6.1632822,50.4711952],[6.1632725,50.4711783],[6.1632628,50.4711615],[6.1632531,50.4711446],[6.1632434,50.4711277],[6.1632337,50.4711108],[6.1632239,50.471094],[6.1632142,50.4710771],[6.1632045,50.4710602],[6.1631948,50.4710433],[6.1631851,50.4710265],[6.1631753,50.4710096],[6.1631656,50.4709927],[6.1631559,50.4709758],[6.1631462,50.470959],[6.1631365,50.4709421],[6.1631268,50.4709252],[6.163117,50.4709083],[6.1631073,50.4708915],[6.1630976,50.4708746],[6.1630879,50.4708577],[6.1630782,50.4708408],[6.1630684,50.4708239],[6.1630587,50.4708071],[6.163045,50.470791],[6.1630278,50.4707763],[6.1630075,50.4707634],[6.1629844,50.4707526],[6.1629591,50.4707439],[6.1629322,50.4707377],[6.162904,50.4707341],[6.1628754,50.4707331],[6.1628468,50.4707347],[6.162819,50.470739],[6.1627923,50.4707458],[6.1627675,50.470755],[6.1627451,50.4707664],[6.1627255,50.4707798],[6.1627091,50.4707948],[6.1626963,50.4708112],[6.1626874,50.4708286],[6.1626825,50.4708466],[6.1626817,50.4708649],[6.1626852,50.4708831],[6.1626927,50.4709007],[6.1627,50.4709181],[6.1627074,50.4709354],[6.1627148,50.4709528],[6.1627222,50.4709701],[6.1627296,50.4709875],[6.1627369,50.4710048],[6.1627443,50.4710222],[6.1627517,50.4710395],[6.1627591,50.4710569],[6.1627664,50.4710743],[6.1627738,50.4710916],[6.1627812,50.471109],[6.1627886,50.4711263],[6.1627959,50.4711437],[6.1628033,50.471161],[6.1628107,50.4711784],[6.1628181,50.4711957],[6.1628254,50.4712131],[6.1628328,50.4712304],[6.1628402,50.4712478],[6.1628476,50.4712651],[6.162855,50.4712825],[6.1628623,50.4712998],[6.1628697,50.4713172],[6.1628771,50.4713345],[6.1628845,50.4713519],[6.1628918,50.4713692],[6.1628992,50.4713866],[6.1629066,50.4714039],[6.162914,50.4714213],[6.1629213,50.4714386],[6.1629287,50.471456],[6.1629361,50.4714734],[6.1629435,50.4714907],[6.1629509,50.4715081],[6.1629582,50.4715254],[6.1629656,50.4715428],[6.162973,50.4715601],[6.1629804,50.4715775],[6.1629877,50.4715948],[6.1629951,50.4716122],[6.1630025,50.4716295],[6.1630099,50.4716469],[6.1630172,50.4716642],[6.1630246,50.4716816],[6.163032,50.4716989],[6.1630394,50.4717163],[6.1630468,50.4717336],[6.1630541,50.471751],[6.1630615,50.4717683],[6.1630689,50.4717857],[6.1630763,50.471803],[6.1630836,50.4718204],[6.163091,50.4718377],[6.1630984,50.4718551],[6.1631058,50.4718724],[6.1631131,50.4718898],[6.1631205,50.4719072],[6.1631279,50.4719245],[6.1631353,50.4719419],[6.1631427,50.4719592],[6.16315,50.4719766],[6.1631574,50.4719939],[6.1631648,50.4720113],[6.1631722,50.4720286],[6.1631795,50.472046],[6.1631869,50.4720633],[6.1631943,50.4720807],[6.1632017,50.472098],[6.163209,50.4721154],[6.1632164,50.4721327],[6.1632238,50.4721501],[6.1632312,50.4721674],[6.1632386,50.4721848],[6.1632459,50.4722021],[6.1632533,50.4722195],[6.1632607,50.4722368],[6.1632681,50.4722542],[6.1632754,50.4722715],[6.1632828,50.4722889],[6.1632902,50.4723062],[6.1632976,50.4723236],[6.1633049,50.472341],[6.1633123,50.4723583],[6.1633197,50.4723757],[6.1633271,50.472393],[6.1633345,50.4724104],[6.1633418,50.4724277],[6.1633492,50.4724451],[6.1633566,50.4724624],[6.163364,50.4724798],[6.1633713,50.4724971],[6.1633787,50.4725145],[6.1633861,50.4725318],[6.1633935,50.4725492],[6.1634008,50.4725665],[6.1634082,50.4725839],[6.1634156,50.4726012],[6.163423,50.4726186],[6.1634304,50.4726359],[6.1634377,50.4726533],[6.1634451,50.4726706],[6.1634525,50.472688],[6.1634599,50.4727053],[6.1634672,50.4727227],[6.1634746,50.4727401],[6.163482,50.4727574],[6.1634894,50.4727748],[6.1634967,50.4727921],[6.1635041,50.4728095],[6.1635115,50.4728268],[6.1635189,50.4728442],[6.1635263,50.4728615],[6.1635336,50.4728789],[6.163541,50.4728962],[6.1635484,50.4729136],[6.1635558,50.4729309],[6.1635631,50.4729483],[6.1635705,50.4729656],[6.1635779,50.472983],[6.1635853,50.4730003],[6.1635927,50.4730177],[6.1636,50.473035],[6.1636074,50.4730524],[6.1636148,50.4730697],[6.1636222,50.4730871],[6.1636295,50.4731044],[6.1636369,50.4731218],[6.1636443,50.4731391],[6.1636517,50.4731565],[6.163659,50.4731739],[6.1636664,50.4731912],[6.1636738,50.4732086],[6.1636812,50.4732259],[6.1636886,50.4732433],[6.1636959,50.4732606],[6.1637033,50.473278],[6.1637107,50.4732953],[6.1637181,50.4733127],[6.1637254,50.47333],[6.1637328,50.4733474],[6.1637402,50.4733647],[6.1637476,50.4733821],[6.163755,50.4733994],[6.1637623,50.4734168],[6.1637697,50.4734341],[6.1637771,50.4734515],[6.1637845,50.4734688],[6.1637918,50.4734862],[6.1637992,50.4735035],[6.1638066,50.4735209],[6.163814,50.4735382],[6.1638213,50.4735556],[6.1638287,50.4735729],[6.1638361,50.4735903],[6.1638435,50.4736077],[6.1638509,50.473625],[6.1638582,50.4736424],[6.1638656,50.4736597],[6.163873,50.4736771],[6.1638804,50.4736944],[6.1638877,50.4737118],[6.1638951,50.4737291],[6.1639025,50.4737465],[6.1639099,50.4737638],[6.1639173,50.4737812],[6.1639246,50.4737985],[6.163932,50.4738159],[6.1639394,50.4738332],[6.1639468,50.4738506],[6.1639541,50.4738679],[6.1639615,50.4738853],[6.1639689,50.4739026],[6.1639763,50.47392],[6.1639837,50.4739373],[6.1639933,50.4739544],[6.164005,50.4739709],[6.1640187,50.4739867],[6.1640345,50.4740018],[6.164052,50.474016],[6.1640713,50.4740292],[6.1640922,50.4740415],[6.1641146,50.4740526],[6.1641383,50.4740625],[6.1641632,50.4740712],[6.1641891,50.4740786],[6.1642159,50.4740846],[6.1642433,50.4740892],[6.1642706,50.4740938],[6.1642978,50.4740984],[6.164325,50.474103],[6.1643523,50.4741076],[6.1643795,50.4741122],[6.1644067,50.4741168],[6.164434,50.4741214],[6.1644612,50.474126],[6.1644884,50.4741306],[6.1645157,50.4741352],[6.1645429,50.4741398],[6.1645702,50.4741444],[6.1645974,50.474149],[6.1646246,50.4741536],[6.1646519,50.4741582],[6.1646791,50.4741628],[6.1647063,50.4741674],[6.1647336,50.474172],[6.1647608,50.4741766],[6.1647881,50.4741812],[6.1648153,50.4741858],[6.1648425,50.4741904],[6.1648698,50.474195],[6.164897,50.4741996],[6.1649242,50.4742042],[6.1649515,50.4742088],[6.1649787,50.4742134],[6.1650059,50.474218],[6.1650332,50.4742226],[6.1650604,50.4742272],[6.1650877,50.4742318],[6.1651149,50.4742364],[6.1651421,50.474241],[6.1651694,50.4742456],[6.1651966,50.4742502],[6.1652238,50.4742548],[6.1652511,50.4742594],[6.1652783,50.474264],[6.1653055,50.4742686],[6.1653328,50.4742732],[6.16536,50.4742778],[6.1653873,50.4742824],[6.1654145,50.474287],[6.1654417,50.4742916],[6.165469,50.4742962],[6.1654962,50.4743008],[6.1655234,50.4743054],[6.1655507,50.47431],[6.1655779,50.4743146],[6.1656051,50.4743192],[6.1656324,50.4743238],[6.1656596,50.4743284],[6.1656869,50.474333],[6.1657141,50.4743376],[6.1657413,50.4743422],[6.1657686,50.4743468],[6.1657958,50.4743514],[6.165823,50.474356],[6.1658503,50.4743606],[6.1658775,50.4743652],[6.1659048,50.4743698],[6.165932,50.4743744],[6.1659592,50.4743789],[6.1659865,50.4743835],[6.1660137,50.4743881],[6.1660409,50.4743927],[6.1660682,50.4743973],[6.1660954,50.4744019],[6.1661226,50.4744065],[6.1661499,50.4744111],[6.1661771,50.4744157],[6.1662044,50.4744203],[6.1662316,50.4744249],[6.1662588,50.4744295],[6.1662861,50.4744341],[6.1663133,50.4744387],[6.1663405,50.4744433],[6.1663678,50.4744479],[6.166395,50.4744525],[6.1664223,50.4744571],[6.1664495,50.4744617],[6.1664767,50.4744663],[6.166504,50.4744709],[6.1665312,50.4744755],[6.1665584,50.4744801],[6.1665857,50.4744847],[6.1666129,50.4744893],[6.1666401,50.4744939],[6.1666674,50.4744985],[6.1666946,50.4745031],[6.1667219,50.4745077],[6.1667491,50.4745123],[6.1667763,50.4745169],[6.1668036,50.4745215],[6.1668308,50.4745261],[6.166858,50.4745307],[6.1668853,50.4745353],[6.1669125,50.4745399],[6.1669398,50.4745445],[6.166967,50.4745491],[6.1669942,50.4745537],[6.1670215,50.4745583],[6.1670487,50.4745629],[6.1670759,50.4745675],[6.1671032,50.4745721],[6.1671304,50.4745767],[6.1671577,50.4745813],[6.1671849,50.4745859],[6.1672121,50.4745905],[6.1672394,50.4745951],[6.1672666,50.4745997],[6.1672938,50.4746043],[6.1673211,50.4746089],[6.1673483,50.4746134],[6.1673755,50.474618],[6.1674028,50.4746226],[6.16743,50.4746272],[6.1674573,50.4746318],[6.1674845,50.4746364],[6.1675117,50.474641],[6.167539,50.4746456],[6.1675662,50.4746502],[6.1675934,50.4746548],[6.1676207,50.4746594],[6.1676479,50.474664],[6.1676752,50.4746686],[6.1677024,50.4746732],[6.1677296,50.4746778],[6.1677569,50.4746824],[6.1677841,50.474687],[6.1678113,50.4746916],[6.1678386,50.4746962],[6.1678658,50.4747008],[6.1678931,50.4747054],[6.1679203,50.47471],[6.1679475,50.4747146],[6.1679748,50.4747192],[6.168002,50.4747238],[6.1680292,50.4747284],[6.1680565,50.474733],[6.1680837,50.4747376],[6.1681109,50.4747422],[6.1681382,50.4747468],[6.1681654,50.4747514],[6.1681927,50.474756],[6.1682199,50.4747606],[6.1682471,50.4747652],[6.1682744,50.4747698],[6.1683016,50.4747744],[6.1683288,50.474779],[6.1683561,50.4747836],[6.1683833,50.4747882],[6.1684106,50.4747928],[6.1684378,50.4747974],[6.168465,50.474802],[6.1684923,50.4748066],[6.1685195,50.4748112],[6.1685467,50.4748158],[6.168574,50.4748203],[6.1686012,50.4748249],[6.1686285,50.4748295],[6.1686557,50.4748341],[6.1686829,50.4748387],[6.1687102,50.4748433],[6.1687374,50.4748479],[6.1687646,50.4748525],[6.1687919,50.4748571],[6.1688191,50.4748617],[6.1688464,50.4748663],[6.1688736,50.4748709],[6.1689008,50.4748755],[6.1689281,50.4748801],[6.1689553,50.4748847],[6.1689825,50.4748893],[6.1690098,50.4748939],[6.169037,50.4748985],[6.1690643,50.4749031],[6.1690915,50.4749077],[6.1691187,50.4749123],[6.169146,50.4749169],[6.1691732,50.4749215],[6.1692004,50.4749261],[6.1692277,50.4749307],[6.1692549,50.4749353],[6.1692822,50.4749399],[6.1693094,50.4749445],[6.1693366,50.4749491],[6.1693639,50.4749537],[6.1693911,50.4749583],[6.1694183,50.4749629],[6.1694456,50.4749675],[6.1694728,50.4749721],[6.1695001,50.4749767],[6.1695273,50.4749813],[6.1695545,50.4749859],[6.1695818,50.4749905],[6.169609,50.4749951],[6.1696362,50.4749996],[6.1696635,50.4750042],[6.1696907,50.4750088],[6.169718,50.4750134],[6.1697452,50.475018],[6.1697724,50.4750226],[6.1697997,50.4750272],[6.1698269,50.4750318],[6.1698541,50.4750364],[6.1698814,50.475041],[6.1699086,50.4750456],[6.1699359,50.4750502],[6.1699631,50.4750548],[6.1699903,50.4750594],[6.1700176,50.475064],[6.1700448,50.4750686],[6.170072,50.4750732],[6.1700993,50.4750778],[6.1701265,50.4750824],[6.1701538,50.475087],[6.170181,50.4750916],[6.1702082,50.4750962],[6.1702355,50.4751008],[6.1702627,50.4751054],[6.1702899,50.47511],[6.1703172,50.4751146],[6.1703444,50.4751192],[6.1703717,50.4751238],[6.1703989,50.4751284],[6.1704261,50.475133],[6.1704534,50.4751376],[6.1704806,50.4751422],[6.1705078,50.4751468],[6.1705351,50.4751514],[6.1705623,50.475156],[6.1705896,50.4751606],[6.1706168,50.4751651],[6.170644,50.4751697],[6.1706713,50.4751743],[6.1706985,50.4751789],[6.1707257,50.4751835],[6.170753,50.4751881],[6.1707802,50.4751927],[6.1708075,50.4751973],[6.1708347,50.4752019],[6.1708619,50.4752065],[6.1708892,50.4752111],[6.1709164,50.4752157],[6.1709436,50.4752203],[6.1709709,50.4752249],[6.1709981,50.4752295],[6.1710254,50.4752341],[6.1710526,50.4752387],[6.1710798,50.4752433],[6.1711071,50.4752479],[6.1711343,50.4752525],[6.1711615,50.4752571],[6.1711888,50.4752617],[6.171216,50.4752663],[6.1712433,50.4752709],[6.1712705,50.4752755],[6.1712977,50.4752801],[6.171325,50.4752847],[6.1713522,50.4752893],[6.1713795,50.4752939],[6.1714067,50.4752985],[6.1714339,50.4753031],[6.1714612,50.4753077],[6.1714884,50.4753123],[6.1715156,50.4753169],[6.1715429,50.4753214],[6.1715701,50.475326],[6.1715974,50.4753306],[6.1716246,50.4753352],[6.1716518,50.4753398],[6.1716791,50.4753444],[6.1717063,50.475349],[6.1717335,50.4753536],[6.1717608,50.4753582],[6.171788,50.4753628],[6.1718153,50.4753674],[6.1718425,50.475372],[6.1718697,50.4753766],[6.171897,50.4753812],[6.1719242,50.4753858],[6.1719514,50.4753904],[6.1719787,50.475395],[6.1720059,50.4753996],[6.1720332,50.4754042],[6.1720604,50.4754088],[6.1720876,50.4754134],[6.1721149,50.475418],[6.1721421,50.4754226],[6.1721693,50.4754272],[6.1721966,50.4754318],[6.1722238,50.4754364],[6.1722511,50.475441],[6.1722783,50.4754456],[6.1723055,50.4754502],[6.1723328,50.4754548],[6.17236,50.4754594],[6.1723873,50.4754639],[6.1724145,50.4754685],[6.1724417,50.4754731],[6.172469,50.4754777],[6.1724962,50.4754823],[6.1725234,50.4754869],[6.1725507,50.4754915],[6.1725779,50.4754961],[6.1726052,50.4755007],[6.1726324,50.4755053],[6.1726596,50.4755099],[6.1726869,50.4755145],[6.1727141,50.4755191],[6.1727413,50.4755237],[6.1727686,50.4755283],[6.1727958,50.4755329],[6.1728231,50.4755375],[6.1728503,50.4755421],[6.1728775,50.4755467],[6.1729048,50.4755513],[6.172932,50.4755559],[6.1729593,50.4755605],[6.1729865,50.4755651],[6.1730137,50.4755697],[6.173041,50.4755743],[6.1730682,50.4755789],[6.1730954,50.4755835],[6.1731227,50.4755881],[6.1731499,50.4755927],[6.1731772,50.4755973],[6.1732044,50.4756018],[6.1732316,50.4756064],[6.1732589,50.475611],[6.1732861,50.4756156],[6.1733133,50.4756202],[6.1733406,50.4756248],[6.1733678,50.4756294],[6.1733951,50.475634],[6.1734223,50.4756386],[6.1734495,50.4756432],[6.1734768,50.4756478],[6.173504,50.4756524],[6.1735313,50.475657],[6.1735585,50.4756616],[6.1735857,50.4756662],[6.173613,50.4756708],[6.1736402,50.4756754],[6.1736674,50.47568],[6.1736947,50.4756846],[6.1737219,50.4756892],[6.1737492,50.4756938],[6.1737764,50.4756984],[6.1738036,50.475703],[6.1738309,50.4757076],[6.1738581,50.4757122],[6.1738854,50.4757168],[6.1739126,50.4757214],[6.1739398,50.475726],[6.1739671,50.4757305],[6.1739943,50.4757351],[6.1740215,50.4757397],[6.1740488,50.4757443],[6.174076,50.4757489],[6.1741033,50.4757535],[6.1741305,50.4757581],[6.1741577,50.4757627],[6.174185,50.4757673],[6.1742122,50.4757719],[6.1742395,50.4757765],[6.1742667,50.4757811],[6.1742939,50.4757857],[6.1743212,50.4757903],[6.1743484,50.4757949],[6.1743756,50.4757995],[6.1744029,50.4758041],[6.1744301,50.4758087],[6.1744574,50.4758133],[6.1744846,50.4758179],[6.1745118,50.4758225],[6.1745391,50.4758271],[6.1745663,50.4758317],[6.1745936,50.4758363],[6.1746208,50.4758409],[6.174648,50.4758455],[6.1746753,50.4758501],[6.1747025,50.4758546],[6.1747297,50.4758592],[6.174757,50.4758638],[6.1747842,50.4758684],[6.1748115,50.475873],[6.1748387,50.4758776],[6.1748659,50.4758822],[6.1748932,50.4758868],[6.1749204,50.4758914],[6.1749477,50.475896],[6.1749749,50.4759006],[6.1750021,50.4759052],[6.1750294,50.4759098],[6.1750566,50.4759144],[6.1750838,50.475919],[6.1751111,50.4759236],[6.1751383,50.4759282],[6.1751656,50.4759328],[6.1751928,50.4759374],[6.17522,50.475942],[6.1752473,50.4759466],[6.1752745,50.4759512],[6.1753018,50.4759558],[6.175329,50.4759604],[6.1753562,50.475965],[6.1753835,50.4759695],[6.1754107,50.4759741],[6.1754379,50.4759787],[6.1754652,50.4759833],[6.1754924,50.4759879],[6.1755197,50.4759925],[6.1755469,50.4759971],[6.1755741,50.4760017],[6.1756014,50.4760063],[6.1756286,50.4760109],[6.1756559,50.4760155],[6.1756831,50.4760201],[6.1757103,50.4760247],[6.1757376,50.4760293],[6.1757648,50.4760339],[6.175792,50.4760385],[6.1758193,50.4760431],[6.1758465,50.4760477],[6.1758738,50.4760523],[6.175901,50.4760569],[6.1759282,50.4760615],[6.1759555,50.4760661],[6.1759827,50.4760707],[6.17601,50.4760753],[6.1760372,50.4760799],[6.1760644,50.4760844],[6.1760917,50.476089],[6.1761189,50.4760936],[6.1761462,50.4760982],[6.1761734,50.4761028],[6.1762006,50.4761074],[6.1762279,50.476112],[6.1762551,50.4761166],[6.1762823,50.4761212],[6.1763096,50.4761258],[6.1763368,50.4761304],[6.1763641,50.476135],[6.1763913,50.4761396],[6.1764185,50.4761442],[6.1764458,50.4761488],[6.176473,50.4761534],[6.1765003,50.476158],[6.1765275,50.4761626],[6.1765547,50.4761672],[6.176582,50.4761718],[6.1766092,50.4761764],[6.1766364,50.476181],[6.1766637,50.4761856],[6.1766909,50.4761901],[6.1767182,50.4761947],[6.1767454,50.4761993],[6.1767726,50.4762039],[6.1767999,50.4762085],[6.1768271,50.4762131],[6.1768544,50.4762177],[6.1768816,50.4762223],[6.1769088,50.4762269],[6.1769361,50.4762315],[6.1769633,50.4762361],[6.1769906,50.4762407],[6.1770178,50.4762453],[6.177045,50.4762499],[6.1770723,50.4762545],[6.1770995,50.4762591],[6.1771267,50.4762637],[6.177154,50.4762683],[6.1771812,50.4762729],[6.1772085,50.4762775],[6.1772357,50.4762821],[6.1772629,50.4762867],[6.1772902,50.4762913],[6.1773174,50.4762958],[6.1773447,50.4763004],[6.1773719,50.476305],[6.1773991,50.4763096],[6.1774264,50.4763142],[6.1774536,50.4763188],[6.1774809,50.4763234],[6.1775081,50.476328],[6.1775353,50.4763326],[6.1775626,50.4763372],[6.1775898,50.4763418],[6.1776171,50.4763464],[6.1776443,50.476351],[6.1776715,50.4763556],[6.1776988,50.4763602],[6.177726,50.4763648],[6.1777532,50.4763694],[6.1777805,50.476374],[6.1778077,50.4763786],[6.177835,50.4763832],[6.1778622,50.4763878],[6.1778894,50.4763924],[6.1779167,50.4763969],[6.1779439,50.4764015],[6.1779712,50.4764061],[6.1779984,50.4764107],[6.1780256,50.4764153],[6.1780529,50.4764199],[6.1780801,50.4764245],[6.1781074,50.4764291],[6.1781346,50.4764337],[6.1781618,50.4764383],[6.1781891,50.4764429],[6.1782163,50.4764475],[6.1782436,50.4764521],[6.1782708,50.4764567],[6.178298,50.4764613],[6.1783253,50.4764659],[6.1783525,50.4764705],[6.1783797,50.4764751],[6.178407,50.4764797],[6.1784342,50.4764843],[6.1784615,50.4764889],[6.1784887,50.4764935],[6.1785159,50.476498],[6.1785432,50.4765026],[6.1785704,50.4765072],[6.1785977,50.4765118],[6.1786249,50.4765164],[6.1786521,50.476521],[6.1786794,50.4765256],[6.1787066,50.4765302],[6.1787339,50.4765348],[6.1787611,50.4765394],[6.1787883,50.476544],[6.1788156,50.4765486],[6.1788428,50.4765532],[6.1788701,50.4765578],[6.1788973,50.4765624],[6.1789245,50.476567],[6.1789518,50.4765716],[6.178979,50.4765762],[6.1790062,50.4765808],[6.1790335,50.4765854],[6.1790607,50.47659],[6.179088,50.4765945],[6.1791152,50.4765991],[6.1791424,50.4766037],[6.1791697,50.4766083],[6.1791969,50.4766129],[6.1792242,50.4766175],[6.1792514,50.4766221],[6.1792786,50.4766267],[6.1793059,50.4766313],[6.1793331,50.4766359],[6.1793604,50.4766405],[6.1793876,50.4766451],[6.1794148,50.4766497],[6.1794421,50.4766543],[6.1794693,50.4766589],[6.1794966,50.4766635],[6.1795238,50.4766681],[6.179551,50.4766727],[6.1795783,50.4766773],[6.1796055,50.4766819],[6.1796328,50.4766864],[6.17966,50.476691],[6.1796872,50.4766956],[6.1797145,50.4767002],[6.1797417,50.4767048],[6.179769,50.4767094],[6.1797962,50.476714],[6.1798234,50.4767186],[6.1798507,50.4767232],[6.1798779,50.4767278],[6.1799051,50.4767324],[6.1799324,50.476737],[6.1799596,50.4767416],[6.1799869,50.4767462],[6.1800141,50.4767508],[6.1800413,50.4767554],[6.1800686,50.47676],[6.1800958,50.4767646],[6.1801231,50.4767692],[6.1801503,50.4767738],[6.1801775,50.4767783],[6.1802048,50.4767829],[6.180232,50.4767875],[6.1802593,50.4767921],[6.1802865,50.4767967],[6.1803137,50.4768013],[6.180341,50.4768059],[6.1803682,50.4768105],[6.1803955,50.4768151],[6.1804227,50.4768197],[6.1804499,50.4768243],[6.1804772,50.4768289],[6.1805044,50.4768335],[6.1805317,50.4768381],[6.1805589,50.4768427],[6.1805861,50.4768473],[6.1806134,50.4768519],[6.1806406,50.4768565],[6.1806679,50.4768611],[6.1806951,50.4768656],[6.1807223,50.4768702],[6.1807496,50.4768748],[6.1807768,50.4768794],[6.1808041,50.476884],[6.1808313,50.4768886],[6.1808585,50.4768932],[6.1808858,50.4768978],[6.180913,50.4769024],[6.1809403,50.476907],[6.1809675,50.4769116],[6.1809947,50.4769162],[6.181022,50.4769208],[6.1810492,50.4769254],[6.1810765,50.47693],[6.1811037,50.4769346],[6.1811309,50.4769392],[6.1811582,50.4769438],[6.1811854,50.4769484],[6.1812126,50.4769529],[6.1812399,50.4769575],[6.1812671,50.4769621],[6.1812944,50.4769667],[6.1813216,50.4769713],[6.1813488,50.4769759],[6.1813761,50.4769805],[6.1814033,50.4769851],[6.1814306,50.4769897],[6.1814578,50.4769943],[6.181485,50.4769989],[6.1815123,50.4770035],[6.1815395,50.4770081],[6.1815668,50.4770127],[6.181594,50.4770173],[6.1816212,50.4770219],[6.1816485,50.4770265],[6.1816757,50.4770311],[6.181703,50.4770356],[6.1817302,50.4770402],[6.1817574,50.4770448],[6.1817847,50.4770494],[6.1818119,50.477054],[6.1818392,50.4770586],[6.1818664,50.4770632],[6.1818936,50.4770678],[6.1819209,50.4770724],[6.1819481,50.477077],[6.1819754,50.4770816],[6.1820026,50.4770862],[6.1820298,50.4770908],[6.1820571,50.4770954],[6.1820843,50.4771],[6.1821116,50.4771046],[6.1821388,50.4771092],[6.182166,50.4771138],[6.1821933,50.4771184],[6.1822205,50.4771229],[6.1822478,50.4771275],[6.182275,50.4771321],[6.1823022,50.4771367],[6.1823295,50.4771413],[6.1823567,50.4771459],[6.182384,50.4771505],[6.1824112,50.4771551],[6.1824384,50.4771597],[6.1824657,50.4771643],[6.1824929,50.4771689],[6.1825202,50.4771735],[6.1825474,50.4771781],[6.1825746,50.4771827],[6.1826019,50.4771873],[6.1826291,50.4771919],[6.1826564,50.4771965],[6.1826836,50.477201],[6.1827108,50.4772056],[6.1827381,50.4772102],[6.1827653,50.4772148],[6.1827926,50.4772194],[6.1828198,50.477224],[6.182847,50.4772286],[6.1828743,50.4772332],[6.1829015,50.4772378],[6.1829288,50.4772424],[6.182956,50.477247],[6.1829832,50.4772516],[6.1830105,50.4772562],[6.1830377,50.4772608],[6.183065,50.4772654],[6.1830922,50.47727],[6.1831194,50.4772746],[6.1831467,50.4772792],[6.1831739,50.4772837],[6.1832012,50.4772883],[6.1832284,50.4772929],[6.1832556,50.4772975],[6.1832829,50.4773021],[6.1833101,50.4773067],[6.1833374,50.4773113],[6.1833646,50.4773159],[6.1833918,50.4773205],[6.1834191,50.4773251],[6.1834463,50.4773297],[6.1834736,50.4773343],[6.1835008,50.4773389],[6.183528,50.4773435],[6.1835553,50.4773481],[6.1835825,50.4773527],[6.1836098,50.4773573],[6.183637,50.4773618],[6.1836642,50.4773664],[6.1836915,50.477371],[6.1837187,50.4773756],[6.183746,50.4773802],[6.1837732,50.4773848],[6.1838004,50.4773894],[6.1838277,50.477394],[6.1838549,50.4773986],[6.1838822,50.4774032],[6.1839094,50.4774078],[6.1839366,50.4774124],[6.1839639,50.477417],[6.1839911,50.4774216],[6.1840184,50.4774262],[6.1840456,50.4774308],[6.1840728,50.4774353],[6.1841001,50.4774399],[6.1841273,50.4774445],[6.1841546,50.4774491],[6.1841818,50.4774537],[6.1842091,50.4774583],[6.1842363,50.4774629],[6.1842635,50.4774675],[6.1842908,50.4774721],[6.184318,50.4774767],[6.1843453,50.4774813],[6.1843725,50.4774859],[6.1843997,50.4774905],[6.184427,50.4774951],[6.1844542,50.4774997],[6.1844815,50.4775043],[6.1845087,50.4775089],[6.1845359,50.4775134],[6.1845632,50.477518],[6.1845904,50.4775226],[6.1846177,50.4775272],[6.1846449,50.4775318],[6.1846721,50.4775364]]}},{"type":"Feature","properties":{"highway":"tertiary","smoothness":"good","surface":"asphalt","width":5},"geometry":{"type":"LineString","coordinates":[[6.1846721,50.4775364],[6.1846996,50.4775407],[6.1847272,50.4775448],[6.1847549,50.4775485],[6.1847827,50.4775519],[6.1848106,50.4775551],[6.1848385,50.4775579],[6.1848665,50.4775605],[6.1848946,50.4775627],[6.1849228,50.4775646],[6.184951,50.4775663],[6.1849792,50.4775676],[6.1850074,50.4775687],[6.1850357,50.4775694],[6.185064,50.4775698],[6.1850923,50.4775699],[6.1851206,50.4775698],[6.1851489,50.4775693],[6.1851772,50.4775685],[6.1852055,50.4775674],[6.1852337,50.4775661],[6.1852619,50.4775644],[6.18529,50.4775624],[6.1853181,50.4775601],[6.1853461,50.4775575],[6.185374,50.4775547],[6.1854019,50.4775515],[6.1854297,50.477548],[6.1854573,50.4775442],[6.1854849,50.4775402],[6.1855124,50.4775358],[6.1855397,50.4775311],[6.185567,50.4775262],[6.185594,50.477521],[6.185621,50.4775154],[6.1856478,50.4775096],[6.1856744,50.4775035],[6.1857009,50.4774971],[6.1857272,50.4774905],[6.1857534,50.4774835],[6.1857793,50.4774763],[6.185805,50.4774688],[6.1858306,50.477461],[6.1858559,50.477453],[6.1858811,50.4774447],[6.185906,50.4774361],[6.1859306,50.4774273],[6.1859551,50.4774181],[6.1859793,50.4774088],[6.1860032,50.4773992],[6.1860269,50.4773893],[6.1860504,50.4773791],[6.1860735,50.4773688],[6.1860964,50.4773581],[6.186119,50.4773473],[6.1861413,50.4773362],[6.1861634,50.4773248],[6.1861851,50.4773132],[6.1862065,50.4773014],[6.1862276,50.4772894],[6.1862484,50.4772771],[6.1862688,50.4772646],[6.186289,50.4772519],[6.1863088,50.477239],[6.1863282,50.4772259],[6.1863473,50.4772126],[6.1863661,50.477199],[6.1863845,50.4771853],[6.1864025,50.4771714],[6.1864201,50.4771573],[6.1864374,50.477143],[6.1864543,50.4771285],[6.1864709,50.4771138],[6.186487,50.477099],[6.1865028,50.477084],[6.1865181,50.4770688],[6.1865331,50.4770535],[6.1865476,50.477038],[6.1865618,50.4770223],[6.1865755,50.4770066],[6.1865888,50.4769906],[6.1866017,50.4769745],[6.1866142,50.4769583],[6.1866262,50.476942],[6.1866378,50.4769255],[6.186649,50.4769089],[6.1866598,50.4768922],[6.1866701,50.4768754],[6.1866799,50.4768584],[6.1866893,50.4768414],[6.1866983,50.4768243],[6.1867068,50.4768071],[6.1867149,50.4767897],[6.1867225,50.4767723],[6.1867296,50.4767549],[6.1867363,50.4767373],[6.1867425,50.4767197],[6.1867483,50.476702],[6.1867536,50.4766843],[6.1867584,50.4766665],[6.1867628,50.4766486],[6.1867667,50.4766307],[6.1867701,50.4766128],[6.1867731,50.4765948],[6.1867756,50.4765769],[6.1867776,50.4765588],[6.1867791,50.4765408],[6.1867802,50.4765228],[6.1867808,50.4765047],[6.1867809,50.4764866],[6.1867805,50.4764686],[6.1867797,50.4764505],[6.1867784,50.4764325],[6.1867766,50.4764145],[6.1867744,50.4763965],[6.1867716,50.4763785],[6.1867684,50.4763605],[6.1867648,50.4763426],[6.1867607,50.4763247],[6.1867561,50.4763069],[6.186751,50.4762892],[6.1867455,50.4762714],[6.1867395,50.4762538],[6.186733,50.4762362],[6.1867261,50.4762187],[6.1867187,50.4762013],[6.1867109,50.4761839],[6.1867026,50.4761666],[6.1866938,50.4761495],[6.1866846,50.4761324],[6.186675,50.4761154],[6.1866649,50.4760985],[6.1866544,50.4760817],[6.1866434,50.4760651],[6.186632,50.4760486],[6.1866202,50.4760321],[6.186608,50.4760159],[6.1865953,50.4759997],[6.1865822,50.4759837],[6.1865686,50.4759678],[6.1865547,50.4759521],[6.1865404,50.4759366],[6.1865256,50.4759211],[6.1865104,50.4759059],[6.1864949,50.4758908],[6.1864789,50.4758759],[6.1864626,50.4758611],[6.1864459,50.4758466],[6.1864288,50.4758322],[6.1864113,50.475818],[6.1863935,50.4758039],[6.1863752,50.4757901],[6.1863567,50.4757765],[6.1863377,50.4757631],[6.1863185,50.4757498],[6.1862988,50.4757368],[6.1862789,50.475724],[6.1862586,50.4757114],[6.186238,50.4756991],[6.186217,50.4756869],[6.1861958,50.475675],[6.1861742,50.4756633],[6.1861523,50.4756518],[6.1861302,50.4756406],[6.1861077,50.4756296],[6.1860849,50.4756189],[6.1860619,50.4756084],[6.1860386,50.4755981],[6.1860151,50.4755881],[6.1859912,50.4755783],[6.1859672,50.4755688],[6.1859428,50.4755596],[6.1859183,50.4755506],[6.1858938,50.4755417],[6.1858694,50.4755328],[6.1858449,50.4755238],[6.1858205,50.4755149],[6.185796,50.4755059],[6.1857716,50.475497],[6.1857471,50.4754881],[6.1857227,50.4754791],[6.1856982,50.4754702],[6.1856738,50.4754613],[6.1856493,50.4754523],[6.1856249,50.4754434],[6.1856005,50.4754345],[6.185576,50.4754255],[6.1855516,50.4754166],[6.1855271,50.4754076],[6.1855027,50.4753987],[6.1854782,50.4753898],[6.1854538,50.4753808],[6.1854293,50.4753719],[6.1854049,50.475363],[6.1853804,50.475354],[6.185356,50.4753451],[6.1853315,50.4753362],[6.1853071,50.4753272],[6.1852826,50.4753183],[6.1852582,50.4753094],[6.1852337,50.4753004],[6.1852093,50.4752915],[6.1851848,50.4752825],[6.1851604,50.4752736],[6.1851359,50.4752647],[6.1851115,50.4752557],[6.185087,50.4752468],[6.1850626,50.4752379],[6.1850381,50.4752289],[6.1850137,50.47522],[6.1849893,50.4752111],[6.1849648,50.4752021],[6.1849404,50.4751932],[6.1849159,50.4751842],[6.1848915,50.4751753],[6.184867,50.4751664],[6.1848426,50.4751574],[6.1848181,50.4751485],[6.1847937,50.4751396],[6.1847692,50.4751306],[6.1847448,50.4751217],[6.1847203,50.4751128],[6.1846959,50.4751038],[6.1846714,50.4750949],[6.184647,50.4750859],[6.1846225,50.475077],[6.1845981,50.4750681],[6.1845736,50.4750591],[6.1845492,50.4750502],[6.1845247,50.4750413],[6.1845003,50.4750323],[6.1844759,50.4750234],[6.1844514,50.4750145],[6.184427,50.4750055],[6.1844025,50.4749966],[6.1843781,50.4749876],[6.1843536,50.4749787],[6.1843292,50.4749698],[6.1843047,50.4749608],[6.1842803,50.4749519],[6.1842558,50.474943],[6.1842314,50.474934],[6.1842069,50.4749251],[6.1841825,50.4749162],[6.184158,50.4749072],[6.1841336,50.4748983],[6.1841091,50.4748893],[6.1840847,50.4748804],[6.1840602,50.4748715],[6.1840358,50.4748625],[6.1840113,50.4748536],[6.1839869,50.4748447],[6.1839625,50.4748357],[6.183938,50.4748268],[6.1839136,50.4748179],[6.1838891,50.4748089],[6.1838647,50.4748],[6.1838402,50.474791],[6.1838158,50.4747821],[6.1837913,50.4747732],[6.1837669,50.4747642],[6.1837424,50.4747553],[6.183718,50.4747464],[6.1836935,50.4747374],[6.1836691,50.4747285],[6.1836446,50.4747196],[6.1836202,50.4747106],[6.1835957,50.4747017],[6.1835713,50.4746927],[6.1835468,50.4746838],[6.1835224,50.4746749],[6.183498,50.4746659],[6.1834735,50.474657],[6.1834491,50.4746481],[6.1834246,50.4746391],[6.1834002,50.4746302],[6.1833757,50.4746213],[6.1833513,50.4746123],[6.1833268,50.4746034],[6.1833024,50.4745944],[6.1832779,50.4745855],[6.1832535,50.4745766],[6.183229,50.4745676],[6.1832046,50.4745587],[6.1831801,50.4745498],[6.1831557,50.4745408],[6.1831312,50.4745319],[6.1831068,50.474523],[6.1830824,50.474514],[6.1830579,50.4745051],[6.1830335,50.4744961],[6.183009,50.4744872],[6.1829846,50.4744783],[6.1829601,50.4744693],[6.1829357,50.4744604],[6.1829112,50.4744515],[6.1828868,50.4744425],[6.1828623,50.4744336],[6.1828379,50.4744247],[6.1828134,50.4744157],[6.182789,50.4744068],[6.1827645,50.4743978],[6.1827401,50.4743889],[6.1827156,50.47438],[6.1826912,50.474371],[6.1826668,50.4743621],[6.1826423,50.4743532],[6.1826179,50.4743442],[6.1825934,50.4743353],[6.182569,50.4743263],[6.1825445,50.4743174],[6.1825201,50.4743085],[6.1824956,50.4742995],[6.1824712,50.4742906],[6.1824467,50.4742817],[6.1824223,50.4742727],[6.1823978,50.4742638],[6.1823734,50.4742549],[6.1823489,50.4742459],[6.1823245,50.474237],[6.1823001,50.474228],[6.1822756,50.4742191],[6.1822512,50.4742102],[6.1822267,50.4742012],[6.1822023,50.4741923],[6.1821778,50.4741834],[6.1821534,50.4741744],[6.1821289,50.4741655],[6.1821045,50.4741565],[6.18208,50.4741476],[6.1820556,50.4741387],[6.1820311,50.4741297],[6.1820067,50.4741208],[6.1819822,50.4741119],[6.1819578,50.4741029],[6.1819333,50.474094],[6.1819089,50.4740851],[6.1818845,50.4740761],[6.18186,50.4740672],[6.1818356,50.4740582],[6.1818111,50.4740493],[6.1817867,50.4740404],[6.1817622,50.4740314],[6.1817378,50.4740225],[6.1817133,50.4740136],[6.1816889,50.4740046],[6.1816644,50.4739957],[6.18164,50.4739867],[6.1816155,50.4739778],[6.1815911,50.4739689],[6.1815667,50.4739599],[6.1815422,50.473951],[6.1815178,50.4739421],[6.1814933,50.4739331],[6.1814689,50.4739242],[6.1814444,50.4739153],[6.18142,50.4739063],[6.1813955,50.4738974],[6.1813711,50.4738884],[6.1813466,50.4738795],[6.1813222,50.4738706],[6.1812977,50.4738616],[6.1812733,50.4738527],[6.1812488,50.4738438],[6.1812244,50.4738348],[6.1812,50.4738259],[6.1811755,50.4738169],[6.1811511,50.473808],[6.1811266,50.4737991],[6.1811022,50.4737901],[6.1810777,50.4737812],[6.1810533,50.4737723],[6.1810288,50.4737633],[6.1810044,50.4737544],[6.1809799,50.4737455],[6.1809555,50.4737365],[6.180931,50.4737276],[6.1809066,50.4737186],[6.1808822,50.4737097],[6.1808577,50.4737008],[6.1808333,50.4736918],[6.1808088,50.4736829],[6.1807844,50.473674],[6.1807599,50.473665],[6.1807355,50.4736561],[6.180711,50.4736471],[6.1806866,50.4736382],[6.1806621,50.4736293],[6.1806377,50.4736203],[6.1806132,50.4736114],[6.1805888,50.4736025],[6.1805644,50.4735935],[6.1805399,50.4735846],[6.1805155,50.4735756],[6.180491,50.4735667],[6.1804666,50.4735578],[6.1804421,50.4735488],[6.1804177,50.4735399],[6.1803932,50.473531],[6.1803688,50.473522],[6.1803443,50.4735131],[6.1803199,50.4735042],[6.1802954,50.4734952],[6.180271,50.4734863],[6.1802466,50.4734773],[6.1802221,50.4734684],[6.1801977,50.4734595],[6.1801732,50.4734505],[6.1801488,50.4734416],[6.1801243,50.4734327],[6.1800999,50.4734237],[6.1800754,50.4734148],[6.180051,50.4734058],[6.1800265,50.4733969],[6.1800021,50.473388],[6.1799776,50.473379],[6.1799532,50.4733701],[6.1799288,50.4733612],[6.1799043,50.4733522],[6.1798799,50.4733433],[6.1798554,50.4733343],[6.179831,50.4733254],[6.1798065,50.4733165],[6.1797821,50.4733075],[6.1797576,50.4732986],[6.1797332,50.4732897],[6.1797087,50.4732807],[6.1796843,50.4732718],[6.1796598,50.4732628],[6.1796354,50.4732539],[6.179611,50.473245],[6.1795865,50.473236],[6.1795621,50.4732271],[6.1795376,50.4732182],[6.1795132,50.4732092],[6.1794887,50.4732003],[6.1794643,50.4731913],[6.1794398,50.4731824],[6.1794154,50.4731735],[6.1793909,50.4731645],[6.1793665,50.4731556],[6.1793421,50.4731467],[6.1793176,50.4731377],[6.1792932,50.4731288],[6.1792687,50.4731198],[6.1792443,50.4731109],[6.1792198,50.473102],[6.1791954,50.473093],[6.1791709,50.4730841],[6.1791465,50.4730752],[6.179122,50.4730662],[6.1790976,50.4730573],[6.1790732,50.4730483],[6.1790487,50.4730394],[6.1790243,50.4730305],[6.1789998,50.4730215],[6.1789754,50.4730126],[6.1789509,50.4730037],[6.1789265,50.4729947],[6.178902,50.4729858],[6.1788776,50.4729768],[6.1788531,50.4729679],[6.1788287,50.472959],[6.1788043,50.47295],[6.1787798,50.4729411],[6.1787554,50.4729322],[6.1787309,50.4729232],[6.1787065,50.4729143],[6.178682,50.4729053],[6.1786576,50.4728964],[6.1786331,50.4728875],[6.1786087,50.4728785],[6.1785842,50.4728696],[6.1785598,50.4728607],[6.1785354,50.4728517],[6.1785109,50.4728428],[6.1784865,50.4728338],[6.178462,50.4728249],[6.1784376,50.472816],[6.1784131,50.472807],[6.1783887,50.4727981],[6.1783642,50.4727892],[6.1783398,50.4727802],[6.1783153,50.4727713],[6.1782909,50.4727623],[6.1782665,50.4727534],[6.178242,50.4727445],[6.1782176,50.4727355],[6.1781931,50.4727266],[6.1781687,50.4727177],[6.1781442,50.4727087],[6.1781198,50.4726998],[6.1780953,50.4726908],[6.1780709,50.4726819],[6.1780464,50.472673],[6.178022,50.472664],[6.1779976,50.4726551],[6.1779731,50.4726462],[6.1779487,50.4726372],[6.1779242,50.4726283],[6.1778998,50.4726193],[6.1778753,50.4726104],[6.1778509,50.4726015],[6.1778264,50.4725925],[6.177802,50.4725836],[6.1777775,50.4725747],[6.1777531,50.4725657],[6.1777287,50.4725568],[6.1777042,50.4725478],[6.1776798,50.4725389],[6.1776553,50.47253],[6.1776309,50.472521],[6.1776064,50.4725121],[6.177582,50.4725032],[6.1775575,50.4724942],[6.1775331,50.4724853],[6.1775087,50.4724763],[6.1774842,50.4724674],[6.1774598,50.4724585],[6.1774353,50.4724495],[6.1774109,50.4724406],[6.1773864,50.4724317],[6.177362,50.4724227],[6.1773375,50.4724138],[6.1773131,50.4724048],[6.1772886,50.4723959],[6.1772642,50.472387],[6.1772398,50.472378],[6.1772153,50.4723691],[6.1771909,50.4723602],[6.1771664,50.4723512],[6.177142,50.4723423],[6.1771175,50.4723333],[6.1770931,50.4723244],[6.1770686,50.4723155],[6.1770442,50.4723065],[6.1770198,50.4722976],[6.1769953,50.4722886],[6.1769709,50.4722797],[6.1769464,50.4722708],[6.176922,50.4722618],[6.1768975,50.4722529],[6.1768731,50.472244],[6.1768486,50.472235],[6.1768242,50.4722261],[6.1767998,50.4722171],[6.1767753,50.4722082],[6.1767509,50.4721993],[6.1767264,50.4721903],[6.176702,50.4721814],[6.1766775,50.4721725],[6.1766531,50.4721635],[6.1766286,50.4721546],[6.1766042,50.4721456],[6.1765798,50.4721367],[6.1765553,50.4721278],[6.1765309,50.4721188],[6.1765064,50.4721099],[6.176482,50.472101],[6.1764575,50.472092],[6.1764331,50.4720831],[6.1764086,50.4720741],[6.1763842,50.4720652],[6.1763597,50.4720563],[6.1763353,50.4720473],[6.1763109,50.4720384],[6.1762864,50.4720294],[6.176262,50.4720205],[6.1762375,50.4720116],[6.1762131,50.4720026],[6.1761886,50.4719937],[6.1761642,50.4719848],[6.1761397,50.4719758],[6.1761153,50.4719669],[6.1760909,50.4719579],[6.1760664,50.471949],[6.176042,50.4719401],[6.1760175,50.4719311],[6.1759931,50.4719222],[6.1759686,50.4719133],[6.1759442,50.4719043],[6.1759197,50.4718954],[6.1758953,50.4718864],[6.1758709,50.4718775],[6.1758464,50.4718686],[6.175822,50.4718596],[6.1757975,50.4718507],[6.1757731,50.4718417],[6.1757486,50.4718328],[6.1757242,50.4718239],[6.1756997,50.4718149],[6.1756753,50.471806],[6.1756509,50.4717971],[6.1756264,50.4717881],[6.175602,50.4717792],[6.1755775,50.4717702],[6.1755531,50.4717613],[6.1755286,50.4717524],[6.1755042,50.4717434],[6.1754798,50.4717345],[6.1754553,50.4717256],[6.1754309,50.4717166],[6.1754064,50.4717077],[6.175382,50.4716987],[6.1753575,50.4716898],[6.1753331,50.4716809],[6.1753086,50.4716719],[6.1752842,50.471663],[6.1752598,50.471654],[6.1752353,50.4716451],[6.1752109,50.4716362],[6.1751864,50.4716272],[6.175162,50.4716183],[6.1751375,50.4716094],[6.1751131,50.4716004],[6.1750886,50.4715915],[6.1750642,50.4715825],[6.1750398,50.4715736],[6.1750153,50.4715647],[6.1749909,50.4715557],[6.1749664,50.4715468],[6.174942,50.4715378],[6.1749175,50.4715289],[6.1748931,50.47152],[6.1748686,50.471511],[6.1748442,50.4715021],[6.1748198,50.4714932],[6.1747953,50.4714842],[6.1747709,50.4714753],[6.1747464,50.4714663],[6.174722,50.4714574],[6.1746975,50.4714485],[6.1746731,50.4714395],[6.1746487,50.4714306],[6.1746242,50.4714217],[6.1745998,50.4714127],[6.1745753,50.4714038],[6.1745509,50.4713948],[6.1745264,50.4713859],[6.174502,50.471377],[6.1744775,50.471368],[6.1744531,50.4713591],[6.1744287,50.4713501],[6.1744042,50.4713412],[6.1743798,50.4713323],[6.1743553,50.4713233],[6.1743309,50.4713144],[6.1743064,50.4713055],[6.174282,50.4712965],[6.1742576,50.4712876],[6.1742331,50.4712786],[6.1742087,50.4712697],[6.1741842,50.4712608],[6.1741598,50.4712518],[6.1741353,50.4712429],[6.1741109,50.4712339],[6.1740864,50.471225],[6.174062,50.4712161],[6.1740376,50.4712071],[6.1740131,50.4711982],[6.1739887,50.4711893],[6.1739642,50.4711803],[6.1739398,50.4711714],[6.1739153,50.4711624],[6.1738909,50.4711535],[6.1738665,50.4711446],[6.173842,50.4711356],[6.1738176,50.4711267],[6.1737931,50.4711177],[6.1737687,50.4711088],[6.1737442,50.4710999],[6.1737198,50.4710909],[6.1736953,50.471082],[6.1736709,50.4710731],[6.1736465,50.4710641],[6.173622,50.4710552],[6.1735976,50.4710462],[6.1735731,50.4710373],[6.1735487,50.4710284],[6.1735242,50.4710194],[6.1734998,50.4710105],[6.1734754,50.4710015],[6.1734509,50.4709926],[6.1734265,50.4709837],[6.173402,50.4709747],[6.1733776,50.4709658],[6.1733531,50.4709568],[6.1733287,50.4709479],[6.1733043,50.470939],[6.1732798,50.47093],[6.1732554,50.4709211],[6.1732309,50.4709122],[6.1732065,50.4709032],[6.173182,50.4708943],[6.1731576,50.4708853],[6.1731331,50.4708764],[6.1731087,50.4708675],[6.1730843,50.4708585],[6.1730598,50.4708496],[6.1730354,50.4708406],[6.1730109,50.4708317],[6.1729865,50.4708228],[6.172962,50.4708138],[6.1729376,50.4708049],[6.1729132,50.470796],[6.1728887,50.470787],[6.1728643,50.4707781],[6.1728398,50.4707691],[6.1728154,50.4707602],[6.1727909,50.4707513],[6.1727665,50.4707423],[6.1727421,50.4707334],[6.1727176,50.4707244],[6.1726932,50.4707155],[6.1726687,50.4707066],[6.1726443,50.4706976],[6.1726198,50.4706887],[6.1725954,50.4706797],[6.172571,50.4706708],[6.1725465,50.4706619],[6.1725221,50.4706529],[6.1724976,50.470644],[6.1724732,50.4706351],[6.1724487,50.4706261],[6.1724243,50.4706172],[6.1723999,50.4706082],[6.1723754,50.4705993],[6.172351,50.4705904],[6.1723265,50.4705814],[6.1723021,50.4705725],[6.1722776,50.4705635],[6.1722532,50.4705546],[6.1722287,50.4705457],[6.1722043,50.4705367],[6.1721799,50.4705278],[6.1721554,50.4705188],[6.172131,50.4705099],[6.1721065,50.470501],[6.1720821,50.470492],[6.1720576,50.4704831],[6.1720332,50.4704742],[6.1720088,50.4704652],[6.1719843,50.4704563],[6.1719599,50.4704473],[6.1719354,50.4704384],[6.171911,50.4704295],[6.1718865,50.4704205],[6.1718621,50.4704116],[6.1718377,50.4704026],[6.1718132,50.4703937],[6.1717888,50.4703848],[6.1717643,50.4703758],[6.1717399,50.4703669],[6.1717154,50.4703579],[6.171691,50.470349],[6.1716666,50.4703401],[6.1716421,50.4703311],[6.1716177,50.4703222],[6.1715932,50.4703133],[6.1715688,50.4703043],[6.1715443,50.4702954],[6.1715199,50.4702864],[6.1714955,50.4702775],[6.171471,50.4702686],[6.1714466,50.4702596],[6.1714221,50.4702507],[6.1713977,50.4702417],[6.1713732,50.4702328],[6.1713488,50.4702239],[6.1713244,50.4702149],[6.1712999,50.470206],[6.1712755,50.470197],[6.171251,50.4701881],[6.1712266,50.4701792],[6.1712022,50.4701702],[6.1711777,50.4701613],[6.1711533,50.4701524],[6.1711288,50.4701434],[6.1711044,50.4701345],[6.1710799,50.4701255],[6.1710555,50.4701166],[6.1710311,50.4701077],[6.1710066,50.4700987],[6.1709822,50.4700898],[6.1709577,50.4700808],[6.1709333,50.4700719],[6.1709088,50.470063],[6.1708844,50.470054],[6.17086,50.4700451],[6.1708355,50.4700361],[6.1708111,50.4700272],[6.1707866,50.4700183],[6.1707622,50.4700093],[6.1707377,50.4700004],[6.1707133,50.4699914],[6.1706889,50.4699825],[6.1706644,50.4699736],[6.17064,50.4699646],[6.1706155,50.4699557],[6.1705911,50.4699468],[6.1705666,50.4699378],[6.1705422,50.4699289],[6.1705178,50.4699199],[6.1704933,50.469911],[6.1704689,50.4699021],[6.1704444,50.4698931],[6.17042,50.4698842],[6.1703955,50.4698752],[6.1703711,50.4698663],[6.1703467,50.4698574],[6.1703222,50.4698484],[6.1702978,50.4698395],[6.1702733,50.4698305],[6.1702489,50.4698216],[6.1702245,50.4698127],[6.1702,50.4698037],[6.1701756,50.4697948],[6.1701511,50.4697858],[6.1701267,50.4697769],[6.1701022,50.469768],[6.1700778,50.469759],[6.1700534,50.4697501],[6.1700289,50.4697411],[6.1700045,50.4697322],[6.16998,50.4697233],[6.1699556,50.4697143],[6.1699311,50.4697054],[6.1699067,50.4696965],[6.1698823,50.4696875],[6.1698578,50.4696786],[6.1698334,50.4696696],[6.1698089,50.4696607],[6.1697845,50.4696518],[6.1697601,50.4696428],[6.1697356,50.4696339],[6.1697112,50.4696249],[6.1696867,50.469616],[6.1696623,50.4696071],[6.1696378,50.4695981],[6.1696134,50.4695892],[6.169589,50.4695802],[6.1695645,50.4695713],[6.1695401,50.4695624],[6.1695156,50.4695534],[6.1694912,50.4695445],[6.1694667,50.4695355],[6.1694423,50.4695266],[6.1694179,50.4695177],[6.1693934,50.4695087],[6.169369,50.4694998],[6.1693445,50.4694908],[6.1693201,50.4694819],[6.1692957,50.469473],[6.1692712,50.469464],[6.1692468,50.4694551],[6.1692223,50.4694461],[6.1691979,50.4694372],[6.1691734,50.4694283],[6.169149,50.4694193],[6.1691246,50.4694104],[6.1691001,50.4694014],[6.1690757,50.4693925],[6.1690512,50.4693836],[6.1690268,50.4693746],[6.1690024,50.4693657],[6.1689779,50.4693568],[6.1689535,50.4693478],[6.168929,50.4693389],[6.1689046,50.4693299],[6.1688801,50.469321],[6.1688557,50.4693121],[6.1688313,50.4693031],[6.1688068,50.4692942],[6.1687824,50.4692852],[6.1687579,50.4692763],[6.1687335,50.4692674],[6.1687091,50.4692584],[6.1686846,50.4692495],[6.1686602,50.4692405],[6.1686357,50.4692316],[6.1686113,50.4692227],[6.1685868,50.4692137],[6.1685624,50.4692048],[6.168538,50.4691958],[6.1685135,50.4691869],[6.1684891,50.469178],[6.1684646,50.469169],[6.1684402,50.4691601],[6.1684158,50.4691511],[6.1683913,50.4691422],[6.1683669,50.4691333],[6.1683424,50.4691243],[6.168318,50.4691154],[6.1682935,50.4691064],[6.1682691,50.4690975],[6.1682447,50.4690886],[6.1682202,50.4690796],[6.1681958,50.4690707],[6.1681713,50.4690617],[6.1681469,50.4690528],[6.1681225,50.4690439],[6.168098,50.4690349],[6.1680736,50.469026],[6.1680491,50.469017],[6.1680247,50.4690081],[6.1680002,50.4689992],[6.1679758,50.4689902],[6.1679514,50.4689813],[6.1679269,50.4689723],[6.1679025,50.4689634],[6.167878,50.4689545],[6.1678536,50.4689455],[6.1678292,50.4689366],[6.1678047,50.4689276],[6.1677803,50.4689187],[6.1677558,50.4689098],[6.1677314,50.4689008],[6.167707,50.4688919],[6.1676825,50.4688829],[6.1676581,50.468874],[6.1676336,50.4688651],[6.1676092,50.4688561],[6.1675847,50.4688472],[6.1675603,50.4688382],[6.1675359,50.4688293],[6.1675114,50.4688204],[6.167487,50.4688114],[6.1674625,50.4688025],[6.1674381,50.4687935],[6.1674137,50.4687846],[6.1673892,50.4687757],[6.1673648,50.4687667],[6.1673403,50.4687578],[6.1673159,50.4687488],[6.1672914,50.4687399],[6.167267,50.468731],[6.1672426,50.468722],[6.1672181,50.4687131],[6.1671937,50.4687041],[6.1671692,50.4686952],[6.1671448,50.4686863],[6.1671204,50.4686773],[6.1670959,50.4686684],[6.1670715,50.4686595],[6.167047,50.4686505],[6.1670226,50.4686416],[6.1669982,50.4686326],[6.1669737,50.4686237],[6.1669493,50.4686148],[6.1669248,50.4686058],[6.1669004,50.4685969],[6.166876,50.4685879],[6.1668515,50.468579],[6.1668271,50.4685701],[6.1668026,50.4685611],[6.1667782,50.4685522],[6.1667537,50.4685432],[6.1667293,50.4685343],[6.1667049,50.4685254],[6.1666804,50.4685164],[6.166656,50.4685075],[6.1666315,50.4684985],[6.1666071,50.4684896],[6.1665827,50.4684806],[6.1665582,50.4684717],[6.1665338,50.4684628],[6.1665093,50.4684538],[6.1664849,50.4684449],[6.1664605,50.4684359],[6.166436,50.468427],[6.1664116,50.4684181],[6.1663871,50.4684091],[6.1663627,50.4684002],[6.1663383,50.4683912],[6.1663138,50.4683823],[6.1662894,50.4683734],[6.1662649,50.4683644],[6.1662405,50.4683555],[6.166216,50.4683465],[6.1661916,50.4683376],[6.1661672,50.4683287],[6.1661427,50.4683197],[6.1661183,50.4683108],[6.1660938,50.4683018],[6.1660694,50.4682929],[6.166045,50.468284],[6.1660205,50.468275],[6.1659961,50.4682661],[6.1659716,50.4682571],[6.1659472,50.4682482],[6.1659228,50.4682393],[6.1658983,50.4682303],[6.1658739,50.4682214],[6.1658494,50.4682124],[6.165825,50.4682035],[6.1658006,50.4681946],[6.1657761,50.4681856],[6.1657517,50.4681767],[6.1657272,50.4681677],[6.1657028,50.4681588],[6.1656784,50.4681499],[6.1656539,50.4681409],[6.1656295,50.468132],[6.165605,50.468123],[6.1655806,50.4681141],[6.1655562,50.4681052],[6.1655317,50.4680962],[6.1655073,50.4680873],[6.1654828,50.4680783],[6.1654584,50.4680694],[6.1654339,50.4680605],[6.1654095,50.4680515],[6.1653851,50.4680426],[6.1653606,50.4680336],[6.1653362,50.4680247],[6.1653117,50.4680158],[6.1652873,50.4680068],[6.1652629,50.4679979],[6.1652384,50.4679889],[6.165214,50.46798],[6.1651895,50.4679711],[6.1651651,50.4679621],[6.1651407,50.4679532],[6.1651162,50.4679442],[6.1650918,50.4679353],[6.1650673,50.4679264],[6.1650429,50.4679174],[6.1650185,50.4679085],[6.164994,50.4678995],[6.1649696,50.4678906],[6.1649451,50.4678817],[6.1649207,50.4678727],[6.1648963,50.4678638],[6.1648718,50.4678548],[6.1648474,50.4678459],[6.1648229,50.467837],[6.1647985,50.467828],[6.1647741,50.4678191],[6.1647496,50.4678101],[6.1647252,50.4678012],[6.1647007,50.4677922],[6.1646763,50.4677833],[6.1646519,50.4677744],[6.1646274,50.4677654],[6.164603,50.4677565],[6.1645785,50.4677475],[6.1645541,50.4677386],[6.1645297,50.4677297],[6.1645052,50.4677207],[6.1644808,50.4677118],[6.1644563,50.4677028],[6.1644319,50.4676939],[6.1644075,50.467685],[6.164383,50.467676],[6.1643586,50.4676671],[6.1643341,50.4676581],[6.1643097,50.4676492],[6.1642853,50.4676403],[6.1642608,50.4676313],[6.1642364,50.4676224],[6.1642119,50.4676134],[6.1641875,50.4676045],[6.1641631,50.4675956],[6.1641386,50.4675866],[6.1641142,50.4675777],[6.1640897,50.4675687],[6.1640653,50.4675598],[6.1640409,50.4675509],[6.1640164,50.4675419],[6.163992,50.467533],[6.1639675,50.467524],[6.1639431,50.4675151],[6.1639187,50.4675062],[6.1638942,50.4674972],[6.1638698,50.4674883],[6.1638453,50.4674793],[6.1638209,50.4674704],[6.1637965,50.4674614],[6.163772,50.4674525],[6.1637476,50.4674436],[6.1637231,50.4674346],[6.1636987,50.4674257],[6.1636743,50.4674167],[6.1636498,50.4674078],[6.1636254,50.4673989],[6.1636009,50.4673899],[6.1635765,50.467381],[6.1635521,50.467372],[6.1635276,50.4673631],[6.1635032,50.4673542],[6.1634787,50.4673452],[6.1634543,50.4673363],[6.1634299,50.4673273],[6.1634054,50.4673184],[6.163381,50.4673095],[6.1633565,50.4673005],[6.1633321,50.4672916],[6.1633077,50.4672826],[6.1632832,50.4672737],[6.1632588,50.4672648],[6.1632343,50.4672558],[6.1632099,50.4672469],[6.1631855,50.4672379],[6.163161,50.467229],[6.1631366,50.46722],[6.1631121,50.4672111],[6.1630877,50.4672022],[6.1630633,50.4671932],[6.1630388,50.4671843],[6.1630144,50.4671753],[6.16299,50.4671664],[6.1629655,50.4671575],[6.1629411,50.4671485],[6.1629166,50.4671396],[6.1628922,50.4671306],[6.1628678,50.4671217],[6.1628433,50.4671128],[6.1628189,50.4671038],[6.1627944,50.4670949],[6.16277,50.4670859],[6.1627456,50.467077],[6.1627211,50.4670681],[6.1626967,50.4670591],[6.1626722,50.4670502],[6.1626478,50.4670412],[6.1626234,50.4670323],[6.1625989,50.4670234],[6.1625745,50.4670144],[6.16255,50.4670055],[6.1625256,50.4669965],[6.1625012,50.4669876],[6.1624767,50.4669786],[6.1624523,50.4669697],[6.1624278,50.4669608],[6.1624034,50.4669518],[6.162379,50.4669429],[6.1623545,50.4669339],[6.1623301,50.466925],[6.1623056,50.4669161],[6.1622812,50.4669071],[6.1622568,50.4668982],[6.1622323,50.4668892],[6.1622079,50.4668803],[6.1621835,50.4668714],[6.162159,50.4668624],[6.1621346,50.4668535],[6.1621101,50.4668445],[6.1620857,50.4668356],[6.1620613,50.4668266],[6.1620368,50.4668177],[6.1620124,50.4668088],[6.1619879,50.4667998],[6.1619635,50.4667909],[6.1619391,50.4667819],[6.1619146,50.466773],[6.1618902,50.4667641],[6.1618657,50.4667551],[6.1618413,50.4667462],[6.1618169,50.4667372],[6.1617924,50.4667283],[6.161768,50.4667194],[6.1617435,50.4667104],[6.1617191,50.4667015],[6.1616947,50.4666925],[6.1616702,50.4666836],[6.1616458,50.4666747],[6.1616214,50.4666657],[6.1615969,50.4666568],[6.1615725,50.4666478],[6.161548,50.4666389],[6.1615236,50.4666299],[6.1614992,50.466621],[6.1614747,50.4666121],[6.1614503,50.4666031],[6.1614258,50.4665942],[6.1614014,50.4665852],[6.161377,50.4665763],[6.1613525,50.4665674],[6.1613281,50.4665584],[6.1613036,50.4665495],[6.1612792,50.4665405],[6.1612548,50.4665316],[6.1612303,50.4665227],[6.1612059,50.4665137],[6.1611815,50.4665048],[6.161157,50.4664958],[6.1611326,50.4664869],[6.1611081,50.4664779],[6.1610837,50.466469],[6.1610593,50.4664601],[6.1610348,50.4664511],[6.1610104,50.4664422],[6.1609859,50.4664332],[6.1609615,50.4664243],[6.1609371,50.4664154],[6.1609126,50.4664064],[6.1608882,50.4663975],[6.1608637,50.4663885],[6.1608393,50.4663796],[6.1608149,50.4663707],[6.1607904,50.4663617],[6.160766,50.4663528],[6.1607416,50.4663438],[6.1607171,50.4663349],[6.1606927,50.4663259],[6.1606682,50.466317],[6.1606438,50.4663081],[6.1606194,50.4662991],[6.1605949,50.4662902],[6.1605705,50.4662812],[6.160546,50.4662723],[6.1605216,50.4662634],[6.1604972,50.4662544],[6.1604727,50.4662455],[6.1604483,50.4662365],[6.1604239,50.4662276],[6.1603994,50.4662186],[6.160375,50.4662097],[6.1603505,50.4662008],[6.1603261,50.4661918],[6.1603017,50.4661829],[6.1602772,50.4661739],[6.1602528,50.466165],[6.1602283,50.4661561],[6.1602039,50.4661471],[6.1601795,50.4661382],[6.160155,50.4661292],[6.1601306,50.4661203],[6.1601061,50.4661114],[6.1600817,50.4661024],[6.1600573,50.4660935],[6.1600328,50.4660845],[6.1600084,50.4660756],[6.159984,50.4660666],[6.1599595,50.4660577],[6.1599351,50.4660488],[6.1599106,50.4660398],[6.1598862,50.4660309],[6.1598618,50.4660219],[6.1598373,50.466013],[6.1598129,50.4660041],[6.1597885,50.4659951],[6.159764,50.4659862],[6.1597396,50.4659772],[6.1597151,50.4659683],[6.1596907,50.4659593],[6.1596663,50.4659504],[6.1596418,50.4659415],[6.1596174,50.4659325],[6.1595929,50.4659236],[6.1595685,50.4659146],[6.1595441,50.4659057],[6.1595196,50.4658968],[6.1594952,50.4658878],[6.1594708,50.4658789],[6.1594463,50.4658699],[6.1594219,50.465861],[6.1593974,50.465852],[6.159373,50.4658431],[6.1593486,50.4658342],[6.1593241,50.4658252],[6.1592997,50.4658163],[6.1592752,50.4658073],[6.1592508,50.4657984],[6.1592264,50.4657895],[6.1592019,50.4657805],[6.1591775,50.4657716],[6.1591531,50.4657626],[6.1591286,50.4657537],[6.1591042,50.4657447],[6.1590797,50.4657358],[6.1590553,50.4657269],[6.1590309,50.4657179],[6.1590064,50.465709],[6.158982,50.4657],[6.1589576,50.4656911],[6.1589331,50.4656822],[6.1589087,50.4656732],[6.1588842,50.4656643],[6.1588598,50.4656553],[6.1588354,50.4656464],[6.1588109,50.4656374],[6.1587865,50.4656285],[6.158762,50.4656196],[6.1587376,50.4656106],[6.1587132,50.4656017],[6.1586887,50.4655927],[6.1586643,50.4655838],[6.1586399,50.4655749],[6.1586154,50.4655659],[6.158591,50.465557],[6.1585665,50.465548],[6.1585421,50.4655391],[6.1585177,50.4655301],[6.1584932,50.4655212],[6.1584688,50.4655123],[6.1584444,50.4655033],[6.1584199,50.4654944],[6.1583955,50.4654854],[6.158371,50.4654765],[6.1583466,50.4654676],[6.1583222,50.4654586],[6.1582977,50.4654497],[6.1582733,50.4654407],[6.1582489,50.4654318],[6.1582244,50.4654228],[6.1582,50.4654139],[6.1581755,50.465405],[6.1581511,50.465396],[6.1581267,50.4653871],[6.1581022,50.4653781],[6.1580778,50.4653692],[6.1580534,50.4653603],[6.1580289,50.4653513],[6.1580045,50.4653424],[6.15798,50.4653334],[6.1579556,50.4653245],[6.1579312,50.4653155],[6.1579067,50.4653066],[6.1578823,50.4652977],[6.1578579,50.4652887],[6.1578334,50.4652798],[6.157809,50.4652708],[6.1577845,50.4652619],[6.1577601,50.465253],[6.1577357,50.465244],[6.1577112,50.4652351],[6.1576868,50.4652261],[6.1576624,50.4652172],[6.1576379,50.4652082],[6.1576135,50.4651993],[6.157589,50.4651904],[6.1575646,50.4651814],[6.1575402,50.4651725],[6.1575157,50.4651635],[6.1574913,50.4651546],[6.1574669,50.4651456],[6.1574424,50.4651367],[6.157418,50.4651278],[6.1573935,50.4651188],[6.1573691,50.4651099],[6.1573447,50.4651009],[6.1573202,50.465092],[6.1572958,50.4650831],[6.1572714,50.4650741],[6.1572469,50.4650652],[6.1572225,50.4650562],[6.157198,50.4650473],[6.1571736,50.4650383],[6.1571492,50.4650294],[6.1571247,50.4650205],[6.1571003,50.4650115],[6.1570759,50.4650026],[6.1570514,50.4649936],[6.157027,50.4649847],[6.1570025,50.4649757],[6.1569781,50.4649668],[6.1569537,50.4649579],[6.1569292,50.4649489],[6.1569048,50.46494],[6.1568804,50.464931],[6.1568559,50.4649221],[6.1568315,50.4649132],[6.156807,50.4649042],[6.1567826,50.4648953],[6.1567582,50.4648863],[6.1567337,50.4648774],[6.1567093,50.4648684],[6.1566849,50.4648595],[6.1566604,50.4648506],[6.156636,50.4648416],[6.1566115,50.4648327],[6.1565871,50.4648237],[6.1565627,50.4648148],[6.1565382,50.4648058],[6.1565138,50.4647969],[6.1564894,50.464788],[6.1564649,50.464779],[6.1564405,50.4647701],[6.156416,50.4647611],[6.1563916,50.4647522],[6.1563672,50.4647433],[6.1563427,50.4647343],[6.1563183,50.4647254],[6.1562939,50.4647164],[6.1562694,50.4647075],[6.156245,50.4646985],[6.1562206,50.4646896],[6.1561961,50.4646807],[6.1561717,50.4646717],[6.1561472,50.4646628],[6.1561228,50.4646538],[6.1560984,50.4646449],[6.1560739,50.4646359],[6.1560495,50.464627],[6.1560251,50.4646181],[6.1560006,50.4646091],[6.1559762,50.4646002],[6.1559517,50.4645912],[6.1559273,50.4645823],[6.1559029,50.4645733],[6.1558784,50.4645644],[6.155854,50.4645555],[6.1558296,50.4645465],[6.1558051,50.4645376],[6.1557807,50.4645286],[6.1557563,50.4645197],[6.1557318,50.4645108],[6.1557074,50.4645018],[6.1556829,50.4644929],[6.1556585,50.4644839],[6.1556341,50.464475],[6.1556096,50.464466],[6.1555852,50.4644571],[6.1555608,50.4644482],[6.1555363,50.4644392],[6.1555119,50.4644303],[6.1554874,50.4644213],[6.155463,50.4644124],[6.1554386,50.4644034],[6.1554141,50.4643945],[6.1553897,50.4643856],[6.1553653,50.4643766],[6.1553408,50.4643677],[6.1553164,50.4643587],[6.155292,50.4643498],[6.1552675,50.4643408],[6.1552431,50.4643319],[6.1552186,50.464323],[6.1551942,50.464314],[6.1551698,50.4643051],[6.1551453,50.4642961],[6.1551209,50.4642872],[6.1550965,50.4642783],[6.155072,50.4642693],[6.1550476,50.4642604],[6.1550232,50.4642514],[6.1549987,50.4642425],[6.1549743,50.4642335],[6.1549498,50.4642246],[6.1549254,50.4642157],[6.154901,50.4642067],[6.1548765,50.4641978],[6.1548521,50.4641888],[6.1548277,50.4641799],[6.1548032,50.4641709],[6.1547788,50.464162],[6.1547544,50.4641531],[6.1547299,50.4641441],[6.1547055,50.4641352],[6.154681,50.4641262],[6.1546566,50.4641173],[6.1546322,50.4641083],[6.1546077,50.4640994],[6.1545833,50.4640905],[6.1545589,50.4640815],[6.1545344,50.4640726],[6.15451,50.4640636],[6.1544856,50.4640547],[6.1544611,50.4640457],[6.1544367,50.4640368],[6.1544122,50.4640279],[6.1543878,50.4640189],[6.1543634,50.46401],[6.1543389,50.464001],[6.1543145,50.4639921],[6.1542901,50.4639831],[6.1542656,50.4639742],[6.1542412,50.4639653],[6.1542168,50.4639563],[6.1541923,50.4639474],[6.1541679,50.4639384],[6.1541434,50.4639295],[6.154119,50.4639205],[6.1540946,50.4639116],[6.1540701,50.4639027],[6.1540457,50.4638937],[6.1540213,50.4638848],[6.1539968,50.4638758],[6.1539724,50.4638669],[6.153948,50.4638579],[6.1539235,50.463849],[6.1538991,50.4638401],[6.1538746,50.4638311],[6.1538502,50.4638222],[6.1538258,50.4638132],[6.1538013,50.4638043],[6.1537769,50.4637953],[6.1537525,50.4637864],[6.153728,50.4637775],[6.1537036,50.4637685],[6.1536792,50.4637596],[6.1536547,50.4637506],[6.1536303,50.4637417],[6.1536058,50.4637327],[6.1535814,50.4637238],[6.153557,50.4637149],[6.1535325,50.4637059],[6.1535081,50.463697],[6.1534837,50.463688],[6.1534592,50.4636791],[6.1534348,50.4636701],[6.1534104,50.4636612],[6.1533859,50.4636523],[6.1533615,50.4636433],[6.1533371,50.4636344],[6.1533126,50.4636254],[6.1532882,50.4636165],[6.1532637,50.4636075],[6.1532393,50.4635986],[6.1532149,50.4635897],[6.1531904,50.4635807],[6.153166,50.4635718],[6.1531416,50.4635628],[6.1531171,50.4635539],[6.1530927,50.4635449],[6.1530683,50.463536],[6.1530438,50.4635271],[6.1530194,50.4635181],[6.152995,50.4635092],[6.1529705,50.4635002],[6.1529461,50.4634913],[6.1529216,50.4634823],[6.1528972,50.4634734],[6.1528728,50.4634645],[6.1528483,50.4634555],[6.1528239,50.4634466],[6.1527995,50.4634376],[6.152775,50.4634287],[6.1527506,50.4634197],[6.1527262,50.4634108],[6.1527017,50.4634019],[6.1526773,50.4633929],[6.1526529,50.463384],[6.1526284,50.463375],[6.152604,50.4633661],[6.1525795,50.4633571],[6.1525551,50.4633482],[6.1525307,50.4633393],[6.1525062,50.4633303],[6.1524818,50.4633214],[6.1524574,50.4633124],[6.1524329,50.4633035],[6.1524085,50.4632945],[6.1523841,50.4632856],[6.1523596,50.4632767],[6.1523352,50.4632677],[6.1523108,50.4632588],[6.1522863,50.4632498],[6.1522619,50.4632409],[6.1522374,50.4632319],[6.152213,50.463223],[6.1521886,50.4632141],[6.1521641,50.4632051],[6.1521397,50.4631962],[6.1521153,50.4631872],[6.1520908,50.4631783],[6.1520664,50.4631693],[6.152042,50.4631604],[6.1520175,50.4631515],[6.1519931,50.4631425],[6.1519687,50.4631336],[6.1519442,50.4631246],[6.1519198,50.4631157],[6.1518954,50.4631067],[6.1518709,50.4630978],[6.1518465,50.4630889],[6.151822,50.4630799],[6.1517976,50.463071],[6.1517732,50.463062],[6.1517487,50.4630531],[6.1517243,50.4630441],[6.1516999,50.4630352],[6.1516754,50.4630263],[6.151651,50.4630173],[6.1516266,50.4630084],[6.1516021,50.4629994],[6.1515777,50.4629905],[6.1515533,50.4629815],[6.1515288,50.4629726],[6.1515044,50.4629636],[6.15148,50.4629547],[6.1514555,50.4629458],[6.1514311,50.4629368],[6.1514066,50.4629279],[6.1513822,50.4629189],[6.1513578,50.46291],[6.1513333,50.462901],[6.1513089,50.4628921],[6.1512845,50.4628832],[6.15126,50.4628742],[6.1512356,50.4628653],[6.1512112,50.4628563],[6.1511867,50.4628474],[6.1511623,50.4628384],[6.1511379,50.4628295],[6.1511134,50.4628206],[6.151089,50.4628116],[6.1510646,50.4628027],[6.1510401,50.4627937],[6.1510157,50.4627848],[6.1509913,50.4627758],[6.1509668,50.4627669],[6.1509424,50.462758],[6.1509179,50.462749],[6.1508935,50.4627401],[6.1508691,50.4627311],[6.1508446,50.4627222],[6.1508202,50.4627132],[6.1507958,50.4627043],[6.1507713,50.4626953],[6.1507469,50.4626864],[6.1507225,50.4626775],[6.150698,50.4626685],[6.1506736,50.4626596],[6.1506492,50.4626506],[6.1506247,50.4626417],[6.1506003,50.4626327],[6.1505759,50.4626238],[6.1505514,50.4626149],[6.150527,50.4626059],[6.1505026,50.462597],[6.1504781,50.462588],[6.1504537,50.4625791],[6.1504292,50.4625701],[6.1504048,50.4625612],[6.1503804,50.4625523],[6.1503559,50.4625433],[6.1503315,50.4625344],[6.1503071,50.4625254],[6.1502826,50.4625165],[6.1502582,50.4625075],[6.1502338,50.4624986],[6.1502093,50.4624897],[6.1501849,50.4624807],[6.1501605,50.4624718],[6.150136,50.4624628],[6.1501116,50.4624539],[6.1500872,50.4624449],[6.1500627,50.462436],[6.1500383,50.462427],[6.1500139,50.4624181],[6.1499894,50.4624092],[6.149965,50.4624002],[6.1499406,50.4623913],[6.1499161,50.4623823],[6.1498917,50.4623734],[6.1498673,50.4623644],[6.1498428,50.4623555],[6.1498184,50.4623466],[6.1497939,50.4623376],[6.1497695,50.4623287],[6.1497451,50.4623197],[6.1497206,50.4623108],[6.1496962,50.4623018],[6.1496718,50.4622929],[6.1496473,50.4622839],[6.1496229,50.462275],[6.1495985,50.4622661],[6.149574,50.4622571],[6.1495496,50.4622482],[6.1495252,50.4622392],[6.1495007,50.4622303],[6.1494763,50.4622213],[6.1494519,50.4622124],[6.1494274,50.4622035],[6.149403,50.4621945],[6.1493786,50.4621856],[6.1493541,50.4621766],[6.1493297,50.4621677],[6.1493053,50.4621587],[6.1492808,50.4621498],[6.1492564,50.4621408],[6.149232,50.4621319],[6.1492075,50.462123],[6.1491831,50.462114],[6.1491587,50.4621051],[6.1491342,50.4620961],[6.1491098,50.4620872],[6.1490853,50.4620782],[6.1490609,50.4620693],[6.1490365,50.4620604],[6.149012,50.4620514],[6.1489876,50.4620425],[6.1489632,50.4620335],[6.1489387,50.4620246],[6.1489143,50.4620156],[6.1488899,50.4620067],[6.1488654,50.4619977],[6.148841,50.4619888],[6.1488166,50.4619799],[6.1487921,50.4619709],[6.1487677,50.461962],[6.1487433,50.461953],[6.1487188,50.4619441],[6.1486944,50.4619351],[6.14867,50.4619262],[6.1486455,50.4619173],[6.1486211,50.4619083],[6.1485967,50.4618994],[6.1485722,50.4618904],[6.1485478,50.4618815],[6.1485234,50.4618725],[6.1484989,50.4618636],[6.1484745,50.4618546],[6.1484501,50.4618457],[6.1484256,50.4618368],[6.1484012,50.4618278],[6.1483768,50.4618189],[6.1483523,50.4618099],[6.1483279,50.461801],[6.1483035,50.461792],[6.148279,50.4617831],[6.1482546,50.4617742],[6.1482302,50.4617652],[6.1482057,50.4617563],[6.1481813,50.4617473],[6.1481569,50.4617384],[6.1481324,50.4617294],[6.148108,50.4617205],[6.1480836,50.4617115],[6.1480591,50.4617026],[6.1480347,50.4616937],[6.1480102,50.4616847],[6.1479858,50.4616758],[6.1479614,50.4616668],[6.1479369,50.4616579],[6.1479125,50.4616489],[6.1478881,50.46164],[6.1478636,50.461631],[6.1478392,50.4616221],[6.1478148,50.4616132],[6.1477903,50.4616042],[6.1477659,50.4615953],[6.1477415,50.4615863],[6.147717,50.4615774],[6.1476926,50.4615684],[6.1476682,50.4615595],[6.1476437,50.4615506],[6.1476193,50.4615416],[6.1475949,50.4615327],[6.1475704,50.4615237],[6.147546,50.4615148],[6.1475216,50.4615058],[6.1474971,50.4614969],[6.1474727,50.4614879],[6.1474483,50.461479],[6.1474238,50.4614701],[6.1473994,50.4614611],[6.147375,50.4614522],[6.1473505,50.4614432],[6.1473261,50.4614343],[6.1473017,50.4614253],[6.1472772,50.4614164],[6.1472528,50.4614074],[6.1472284,50.4613985],[6.1472039,50.4613896],[6.1471795,50.4613806],[6.1471551,50.4613717],[6.1471306,50.4613627],[6.1471062,50.4613538],[6.1470818,50.4613448],[6.1470573,50.4613359],[6.1470329,50.4613269],[6.1470085,50.461318],[6.146984,50.4613091],[6.1469596,50.4613001],[6.1469352,50.4612912],[6.1469107,50.4612822],[6.1468863,50.4612733],[6.1468619,50.4612643],[6.1468374,50.4612554],[6.146813,50.4612465],[6.1467886,50.4612375],[6.1467641,50.4612286],[6.1467397,50.4612196],[6.1467153,50.4612107],[6.1466908,50.4612017],[6.1466664,50.4611928],[6.146642,50.4611838],[6.1466175,50.4611749],[6.1465931,50.461166],[6.1465687,50.461157],[6.1465442,50.4611481],[6.1465198,50.4611391],[6.1464954,50.4611302],[6.1464709,50.4611212],[6.1464465,50.4611123],[6.1464221,50.4611033],[6.1463976,50.4610944],[6.1463732,50.4610855],[6.1463488,50.4610765],[6.1463243,50.4610676],[6.1462999,50.4610586],[6.1462755,50.4610497],[6.146251,50.4610407],[6.1462266,50.4610318],[6.1462022,50.4610228],[6.1461777,50.4610139],[6.1461533,50.461005],[6.1461289,50.460996],[6.1461044,50.4609871],[6.14608,50.4609781],[6.1460556,50.4609692],[6.1460311,50.4609602],[6.1460067,50.4609513],[6.1459823,50.4609423],[6.1459578,50.4609334],[6.1459334,50.4609245],[6.145909,50.4609155],[6.1458845,50.4609066],[6.1458601,50.4608976],[6.1458357,50.4608887],[6.1458112,50.4608797],[6.1457868,50.4608708],[6.1457624,50.4608618],[6.1457379,50.4608529],[6.1457135,50.460844],[6.1456891,50.460835],[6.1456646,50.4608261],[6.1456402,50.4608171],[6.1456158,50.4608082],[6.1455913,50.4607992],[6.1455669,50.4607903],[6.1455425,50.4607813],[6.145518,50.4607724],[6.1454936,50.4607635],[6.1454692,50.4607545],[6.1454447,50.4607456],[6.1454203,50.4607366],[6.1453959,50.4607277],[6.1453714,50.4607187],[6.145347,50.4607098],[6.1453226,50.4607008],[6.1452981,50.4606919],[6.1452737,50.460683],[6.1452493,50.460674],[6.1452248,50.4606651],[6.1452004,50.4606561],[6.145176,50.4606472],[6.1451515,50.4606382],[6.1451271,50.4606293],[6.1451027,50.4606203],[6.1450782,50.4606114],[6.1450538,50.4606025],[6.1450294,50.4605935],[6.145005,50.4605846],[6.1449805,50.4605756],[6.1449561,50.4605667],[6.1449317,50.4605577],[6.1449072,50.4605488],[6.1448828,50.4605398],[6.1448584,50.4605309],[6.1448339,50.460522],[6.1448095,50.460513],[6.1447851,50.4605041],[6.1447606,50.4604951],[6.1447362,50.4604862],[6.1447118,50.4604772],[6.1446873,50.4604683],[6.1446629,50.4604593],[6.1446385,50.4604504],[6.144614,50.4604414],[6.1445896,50.4604325],[6.1445652,50.4604236],[6.1445407,50.4604146],[6.1445163,50.4604057],[6.1444919,50.4603967],[6.1444674,50.4603878],[6.144443,50.4603788],[6.1444186,50.4603699],[6.1443941,50.4603609],[6.1443697,50.460352],[6.1443453,50.4603431],[6.1443208,50.4603341],[6.1442964,50.4603252],[6.144272,50.4603162],[6.1442475,50.4603073],[6.1442231,50.4602983],[6.1441987,50.4602894],[6.1441742,50.4602804],[6.1441498,50.4602715],[6.1441254,50.4602626],[6.1441009,50.4602536],[6.1440765,50.4602447],[6.1440521,50.4602357],[6.1440276,50.4602268],[6.1440032,50.4602178],[6.1439788,50.4602089],[6.1439544,50.4601999],[6.1439299,50.460191],[6.1439055,50.4601821],[6.1438811,50.4601731],[6.1438566,50.4601642],[6.1438322,50.4601552],[6.1438078,50.4601463],[6.1437833,50.4601373],[6.1437589,50.4601284],[6.1437345,50.4601194],[6.14371,50.4601105],[6.1436856,50.4601015],[6.1436612,50.4600926],[6.1436367,50.4600837],[6.1436123,50.4600747],[6.1435879,50.4600658],[6.1435634,50.4600568],[6.143539,50.4600479],[6.1435146,50.4600389],[6.1434901,50.46003],[6.1434657,50.460021],[6.1434413,50.4600121],[6.1434168,50.4600032],[6.1433924,50.4599942],[6.143368,50.4599853],[6.1433435,50.4599763],[6.1433191,50.4599674],[6.1432947,50.4599584],[6.1432702,50.4599495],[6.1432458,50.4599405],[6.1432214,50.4599316],[6.143197,50.4599226],[6.1431725,50.4599137],[6.1431481,50.4599048],[6.1431237,50.4598958],[6.1430992,50.4598869],[6.1430748,50.4598779],[6.1430504,50.459869],[6.1430259,50.45986],[6.1430015,50.4598511],[6.1429771,50.4598421],[6.1429526,50.4598332],[6.1429282,50.4598243],[6.1429038,50.4598153],[6.1428793,50.4598064],[6.1428549,50.4597974],[6.1428305,50.4597885],[6.142806,50.4597795],[6.1427816,50.4597706],[6.1427572,50.4597616],[6.1427327,50.4597527],[6.1427083,50.4597437],[6.1426839,50.4597348],[6.1426594,50.4597259],[6.142635,50.4597169],[6.1426106,50.459708],[6.1425862,50.459699],[6.1425617,50.4596901],[6.1425373,50.4596811],[6.1425129,50.4596722],[6.1424884,50.4596632],[6.142464,50.4596543],[6.1424396,50.4596454],[6.1424151,50.4596364],[6.1423907,50.4596275],[6.1423663,50.4596185],[6.1423418,50.4596096],[6.1423174,50.4596006],[6.142293,50.4595917],[6.1422685,50.4595827],[6.1422441,50.4595738],[6.1422197,50.4595648],[6.1421952,50.4595559],[6.1421708,50.459547],[6.1421464,50.459538],[6.1421219,50.4595291],[6.1420975,50.4595201],[6.1420731,50.4595112],[6.1420487,50.4595022],[6.1420242,50.4594933],[6.1419998,50.4594843],[6.1419754,50.4594754],[6.1419509,50.4594664],[6.1419265,50.4594575],[6.1419021,50.4594486],[6.1418776,50.4594396],[6.1418532,50.4594307],[6.1418288,50.4594217],[6.1418043,50.4594128],[6.1417799,50.4594038],[6.1417555,50.4593949],[6.141731,50.4593859],[6.1417066,50.459377],[6.1416822,50.459368],[6.1416577,50.4593591],[6.1416333,50.4593502],[6.1416089,50.4593412],[6.1415845,50.4593323],[6.14156,50.4593233],[6.1415356,50.4593144],[6.1415112,50.4593054],[6.1414867,50.4592965],[6.1414623,50.4592875],[6.1414379,50.4592786],[6.1414134,50.4592696],[6.141389,50.4592607],[6.1413646,50.4592518],[6.1413401,50.4592428],[6.1413157,50.4592339],[6.1412913,50.4592249],[6.1412668,50.459216],[6.1412424,50.459207],[6.141218,50.4591981],[6.1411936,50.4591891],[6.1411691,50.4591802],[6.1411447,50.4591713],[6.1411203,50.4591623],[6.1410958,50.4591534],[6.1410714,50.4591444],[6.141047,50.4591355],[6.1410225,50.4591265],[6.1409981,50.4591176],[6.1409737,50.4591086],[6.1409492,50.4590997],[6.1409248,50.4590907],[6.1409004,50.4590818],[6.1408759,50.4590729],[6.1408515,50.4590639],[6.1408271,50.459055],[6.1408027,50.459046],[6.1407782,50.4590371],[6.1407538,50.4590281],[6.1407294,50.4590192],[6.1407049,50.4590102],[6.1406805,50.4590013],[6.1406561,50.4589923],[6.1406316,50.4589834],[6.1406072,50.4589744],[6.1405828,50.4589655],[6.1405583,50.4589566],[6.1405339,50.4589476],[6.1405095,50.4589387],[6.140485,50.4589297],[6.1404606,50.4589208],[6.1404362,50.4589118],[6.1404118,50.4589029],[6.1403873,50.4588939],[6.1403629,50.458885],[6.1403385,50.458876],[6.140314,50.4588671],[6.1402896,50.4588582],[6.1402652,50.4588492],[6.1402407,50.4588403],[6.1402163,50.4588313],[6.1401919,50.4588224],[6.1401674,50.4588134],[6.140143,50.4588045],[6.1401186,50.4587955],[6.1400942,50.4587866],[6.1400697,50.4587776],[6.1400453,50.4587687],[6.1400209,50.4587598],[6.1399964,50.4587508],[6.139972,50.4587419],[6.1399476,50.4587329],[6.1399231,50.458724],[6.1398987,50.458715],[6.1398743,50.4587061],[6.1398498,50.4586971],[6.1398254,50.4586882],[6.139801,50.4586792],[6.1397766,50.4586703],[6.1397521,50.4586614],[6.1397277,50.4586524],[6.1397033,50.4586435],[6.1396788,50.4586345],[6.1396544,50.4586256],[6.13963,50.4586166],[6.1396055,50.4586077],[6.1395811,50.4585987],[6.1395567,50.4585898],[6.1395322,50.4585808],[6.1395078,50.4585719],[6.1394834,50.4585629],[6.139459,50.458554],[6.1394345,50.4585451],[6.1394101,50.4585361],[6.1393857,50.4585272],[6.1393612,50.4585182],[6.1393368,50.4585093],[6.1393124,50.4585003],[6.1392879,50.4584914],[6.1392635,50.4584824],[6.1392391,50.4584735],[6.1392146,50.4584645],[6.1391902,50.4584556],[6.1391658,50.4584467],[6.1391414,50.4584377],[6.1391169,50.4584288],[6.1390925,50.4584198],[6.1390681,50.4584109],[6.1390436,50.4584019],[6.1390192,50.458393],[6.1389948,50.458384],[6.1389703,50.4583751],[6.1389459,50.4583661],[6.1389215,50.4583572],[6.138897,50.4583482],[6.1388726,50.4583393],[6.1388482,50.4583304],[6.1388238,50.4583214],[6.1387993,50.4583125],[6.1387749,50.4583035],[6.1387505,50.4582946],[6.138726,50.4582856],[6.1387016,50.4582767],[6.1386772,50.4582677],[6.1386527,50.4582588],[6.1386283,50.4582498],[6.1386039,50.4582409],[6.1385795,50.458232],[6.138555,50.458223],[6.1385306,50.4582141],[6.1385062,50.4582051],[6.1384817,50.4581962],[6.1384573,50.4581872],[6.1384329,50.4581783],[6.1384084,50.4581693],[6.138384,50.4581604],[6.1383596,50.4581514],[6.1383352,50.4581425],[6.1383107,50.4581335],[6.1382863,50.4581246],[6.1382619,50.4581157],[6.1382374,50.4581067],[6.138213,50.4580978],[6.1381886,50.4580888],[6.1381641,50.4580799],[6.1381397,50.4580709],[6.1381153,50.458062],[6.1380908,50.458053],[6.1380664,50.4580441],[6.138042,50.4580351],[6.1380176,50.4580262],[6.1379931,50.4580172],[6.1379687,50.4580083],[6.1379443,50.4579994],[6.1379198,50.4579904],[6.1378954,50.4579815],[6.137871,50.4579725],[6.1378465,50.4579636],[6.1378221,50.4579546],[6.1377977,50.4579457],[6.1377733,50.4579367],[6.1377488,50.4579278],[6.1377244,50.4579188],[6.1377,50.4579099],[6.1376755,50.4579009],[6.1376511,50.457892],[6.1376267,50.4578831],[6.1376022,50.4578741],[6.1375778,50.4578652],[6.1375534,50.4578562],[6.137529,50.4578473],[6.1375045,50.4578383],[6.1374801,50.4578294],[6.1374557,50.4578204],[6.1374312,50.4578115],[6.1374068,50.4578025],[6.1373824,50.4577936],[6.1373579,50.4577846],[6.1373335,50.4577757],[6.1373091,50.4577668],[6.1372847,50.4577578],[6.1372602,50.4577489],[6.1372358,50.4577399],[6.1372114,50.457731],[6.1371869,50.457722],[6.1371625,50.4577131],[6.1371381,50.4577041],[6.1371137,50.4576952],[6.1370892,50.4576862],[6.1370648,50.4576773],[6.1370404,50.4576683],[6.1370157,50.4576594],[6.1369909,50.4576506],[6.136966,50.457642],[6.136941,50.4576334],[6.136916,50.4576249],[6.1368908,50.4576165],[6.1368656,50.4576083],[6.1368403,50.4576001],[6.1368149,50.4575921],[6.1367894,50.4575841],[6.1367638,50.4575763],[6.1367382,50.4575686],[6.1367124,50.457561],[6.1366866,50.4575535],[6.1366607,50.4575461],[6.1366347,50.4575388],[6.1366087,50.4575317],[6.1365826,50.4575246],[6.1365564,50.4575177],[6.1365301,50.4575109],[6.1365038,50.4575042],[6.1364774,50.4574976],[6.1364509,50.4574911],[6.1364244,50.4574847],[6.1363977,50.4574784],[6.1363711,50.4574723],[6.1363443,50.4574663],[6.1363175,50.4574603],[6.1362907,50.4574545],[6.1362637,50.4574489],[6.1362368,50.4574433],[6.1362097,50.4574378],[6.1361826,50.4574325],[6.1361555,50.4574273],[6.1361283,50.4574222],[6.136101,50.4574172],[6.1360737,50.4574123],[6.1360463,50.4574076],[6.1360189,50.4574029],[6.1359914,50.4573984],[6.1359639,50.457394],[6.1359364,50.4573897],[6.1359088,50.4573855],[6.1358811,50.4573815],[6.1358535,50.4573776],[6.1358257,50.4573738],[6.135798,50.4573701],[6.1357702,50.4573665],[6.1357423,50.457363],[6.1357145,50.4573597],[6.1356866,50.4573565],[6.1356586,50.4573534],[6.1356306,50.4573504],[6.1356026,50.4573476],[6.1355746,50.4573448],[6.1355465,50.4573422],[6.1355185,50.4573397],[6.1354903,50.4573374],[6.1354622,50.4573351],[6.135434,50.457333],[6.1354059,50.457331],[6.1353777,50.4573291],[6.1353494,50.4573273],[6.1353212,50.4573256],[6.1352929,50.4573241],[6.1352647,50.4573227],[6.1352364,50.4573214],[6.1352081,50.4573203],[6.1351798,50.4573192],[6.1351514,50.4573183],[6.1351231,50.4573175],[6.1350948,50.4573168],[6.1350664,50.4573163],[6.1350381,50.4573158],[6.1350097,50.4573155],[6.1349814,50.4573153],[6.134953,50.4573152],[6.1349246,50.4573153],[6.1348963,50.4573155],[6.1348679,50.4573158],[6.1348396,50.4573162],[6.1348112,50.4573167],[6.1347829,50.4573174],[6.1347546,50.4573181],[6.1347262,50.457319],[6.1346979,50.4573201],[6.1346696,50.4573212],[6.1346413,50.4573225],[6.1346131,50.4573239],[6.1345848,50.4573254],[6.1345566,50.457327],[6.1345283,50.4573287],[6.1345001,50.4573306],[6.1344719,50.4573326],[6.1344438,50.4573347],[6.1344156,50.4573369],[6.1343875,50.4573393],[6.1343594,50.4573418],[6.1343314,50.4573444],[6.1343033,50.4573471],[6.1342753,50.4573499],[6.1342473,50.4573529],[6.1342194,50.4573559],[6.1341915,50.4573591],[6.1341637,50.4573623],[6.134136,50.4573655],[6.1341083,50.4573686],[6.1340806,50.4573718],[6.1340529,50.457375],[6.1340251,50.4573782],[6.1339974,50.4573813],[6.1339697,50.4573845],[6.133942,50.4573877],[6.1339142,50.4573908],[6.1338865,50.457394],[6.1338588,50.4573972],[6.1338311,50.4574003],[6.1338034,50.4574035],[6.1337756,50.4574067],[6.1337479,50.4574099],[6.1337202,50.457413],[6.1336925,50.4574162],[6.1336647,50.4574194],[6.133637,50.4574225],[6.1336093,50.4574257],[6.1335816,50.4574289],[6.1335539,50.4574321],[6.1335261,50.4574352],[6.1334984,50.4574384],[6.1334707,50.4574416],[6.133443,50.4574447],[6.1334152,50.4574479],[6.1333875,50.4574511],[6.1333598,50.4574542],[6.1333321,50.4574574],[6.1333044,50.4574606],[6.1332766,50.4574638],[6.1332489,50.4574669],[6.1332212,50.4574701],[6.1331935,50.4574733],[6.1331657,50.4574764],[6.133138,50.4574796],[6.1331103,50.4574828],[6.1330826,50.457486],[6.1330549,50.4574891],[6.1330271,50.4574923],[6.1329994,50.4574955],[6.1329717,50.4574986],[6.132944,50.4575018],[6.1329162,50.457505],[6.1328885,50.4575081],[6.1328608,50.4575113],[6.1328331,50.4575145],[6.1328054,50.4575177],[6.1327776,50.4575208],[6.1327499,50.457524],[6.1327222,50.4575272],[6.1326945,50.4575303],[6.1326667,50.4575335],[6.132639,50.4575367],[6.1326113,50.4575399],[6.1325836,50.457543],[6.1325558,50.4575462],[6.1325281,50.4575494],[6.1325004,50.4575525],[6.1324727,50.4575557],[6.132445,50.4575589],[6.1324172,50.457562],[6.1323895,50.4575652],[6.1323618,50.4575684],[6.1323341,50.4575716],[6.1323063,50.4575747],[6.1322786,50.4575779],[6.1322509,50.4575811],[6.1322232,50.4575842],[6.1321955,50.4575874],[6.1321677,50.4575906],[6.13214,50.4575937],[6.1321123,50.4575969],[6.1320846,50.4576001],[6.1320568,50.4576033],[6.1320291,50.4576064],[6.1320014,50.4576096],[6.1319737,50.4576128],[6.131946,50.4576159],[6.1319182,50.4576191],[6.1318905,50.4576223],[6.1318628,50.4576254],[6.1318351,50.4576286],[6.1318073,50.4576318],[6.1317796,50.457635],[6.1317519,50.4576381],[6.1317242,50.4576413],[6.1316965,50.4576445],[6.1316687,50.4576476],[6.131641,50.4576508],[6.1316133,50.457654],[6.1315856,50.4576572],[6.1315578,50.4576603],[6.1315301,50.4576635],[6.1315024,50.4576667],[6.1314747,50.4576698],[6.1314469,50.457673],[6.1314192,50.4576762],[6.1313915,50.4576793],[6.1313638,50.4576825],[6.1313361,50.4576857],[6.1313083,50.4576889],[6.1312806,50.457692],[6.1312529,50.4576952],[6.1312252,50.4576984],[6.1311974,50.4577015],[6.1311697,50.4577047],[6.131142,50.4577079],[6.1311143,50.457711],[6.1310866,50.4577142],[6.1310588,50.4577174],[6.1310311,50.4577206],[6.1310034,50.4577237],[6.1309757,50.4577269],[6.1309479,50.4577301],[6.1309202,50.4577332],[6.1308925,50.4577364],[6.1308648,50.4577396],[6.130837,50.4577427],[6.1308093,50.4577459],[6.1307816,50.4577491],[6.1307539,50.4577523],[6.1307262,50.4577554],[6.1306984,50.4577586],[6.1306707,50.4577618],[6.130643,50.4577649],[6.1306153,50.4577681],[6.1305875,50.4577713],[6.1305598,50.4577744],[6.1305321,50.4577776],[6.1305044,50.4577808],[6.1304767,50.457784],[6.1304489,50.4577871],[6.1304212,50.4577903],[6.1303935,50.4577935],[6.1303658,50.4577966],[6.130338,50.4577998],[6.1303103,50.457803],[6.1302826,50.4578061],[6.1302549,50.4578093],[6.1302271,50.4578125],[6.1301994,50.4578156],[6.1301717,50.4578188],[6.130144,50.457822],[6.1301163,50.4578252],[6.1300885,50.4578283],[6.1300608,50.4578315],[6.1300331,50.4578347],[6.1300054,50.4578378],[6.1299776,50.457841],[6.1299499,50.4578442],[6.1299222,50.4578473],[6.1298945,50.4578505],[6.1298668,50.4578537],[6.129839,50.4578569],[6.1298113,50.45786],[6.1297836,50.4578632],[6.1297559,50.4578664],[6.1297281,50.4578695],[6.1297004,50.4578727],[6.1296727,50.4578759],[6.129645,50.457879],[6.1296172,50.4578822],[6.1295895,50.4578854],[6.1295618,50.4578886],[6.1295341,50.4578917],[6.1295064,50.4578949],[6.1294786,50.4578981],[6.1294509,50.4579012],[6.1294232,50.4579044],[6.1293955,50.4579076],[6.1293677,50.4579107],[6.12934,50.4579139],[6.1293123,50.4579171],[6.1292846,50.4579202],[6.1292568,50.4579234],[6.1292291,50.4579266],[6.1292014,50.4579298],[6.1291737,50.4579329],[6.129146,50.4579361],[6.1291182,50.4579393],[6.1290905,50.4579424],[6.1290628,50.4579456],[6.1290351,50.4579488],[6.1290073,50.4579519],[6.1289796,50.4579551],[6.1289519,50.4579583],[6.1289242,50.4579615],[6.1288965,50.4579646],[6.1288687,50.4579678],[6.128841,50.457971],[6.1288133,50.4579741],[6.1287856,50.4579773],[6.1287578,50.4579805],[6.1287301,50.4579836],[6.1287024,50.4579868],[6.1286747,50.45799],[6.1286469,50.4579931],[6.1286192,50.4579963],[6.1285915,50.4579995],[6.1285638,50.4580027],[6.1285361,50.4580058],[6.1285083,50.458009],[6.1284806,50.4580122],[6.1284529,50.4580153],[6.1284252,50.4580185],[6.1283974,50.4580217],[6.1283697,50.4580248],[6.128342,50.458028],[6.1283143,50.4580312],[6.1282865,50.4580343],[6.1282588,50.4580375],[6.1282311,50.4580407],[6.1282034,50.4580439],[6.1281757,50.458047],[6.1281479,50.4580502],[6.1281202,50.4580534],[6.1280925,50.4580565],[6.1280648,50.4580597],[6.128037,50.4580629],[6.1280093,50.458066],[6.1279816,50.4580692],[6.1279539,50.4580724],[6.1279261,50.4580756],[6.1278984,50.4580787],[6.1278707,50.4580819],[6.127843,50.4580851],[6.1278153,50.4580882],[6.1277875,50.4580914],[6.1277598,50.4580946],[6.1277321,50.4580977],[6.1277044,50.4581009],[6.1276766,50.4581041],[6.1276489,50.4581072],[6.1276212,50.4581104],[6.1275935,50.4581136],[6.1275657,50.4581168],[6.127538,50.4581199],[6.1275103,50.4581231],[6.1274826,50.4581263],[6.1274549,50.4581294],[6.1274271,50.4581326],[6.1273994,50.4581358],[6.1273717,50.4581389],[6.127344,50.4581421],[6.1273162,50.4581453],[6.1272885,50.4581484],[6.1272608,50.4581516],[6.1272331,50.4581548],[6.1272053,50.4581579],[6.1271776,50.4581611],[6.1271499,50.4581643],[6.1271222,50.4581675],[6.1270944,50.4581706],[6.1270667,50.4581738],[6.127039,50.458177],[6.1270113,50.4581801],[6.1269836,50.4581833],[6.1269558,50.4581865],[6.1269281,50.4581896],[6.1269004,50.4581928],[6.1268727,50.458196],[6.1268449,50.4581991],[6.1268172,50.4582023],[6.1267895,50.4582055],[6.1267618,50.4582087],[6.126734,50.4582118],[6.1267063,50.458215],[6.1266786,50.4582182],[6.1266509,50.4582213],[6.1266232,50.4582245],[6.1265954,50.4582277],[6.1265677,50.4582308],[6.12654,50.458234],[6.1265123,50.4582372],[6.1264845,50.4582403],[6.1264568,50.4582435],[6.1264291,50.4582467],[6.1264014,50.4582498],[6.1263736,50.458253],[6.1263459,50.4582562],[6.1263182,50.4582594],[6.1262905,50.4582625],[6.1262628,50.4582657],[6.126235,50.4582689],[6.1262073,50.458272],[6.1261796,50.4582752],[6.1261519,50.4582784],[6.1261241,50.4582815],[6.1260964,50.4582847],[6.1260687,50.4582879],[6.126041,50.458291],[6.1260132,50.4582942],[6.1259855,50.4582974],[6.1259578,50.4583006],[6.1259301,50.4583037],[6.1259023,50.4583069],[6.1258746,50.4583101],[6.1258469,50.4583132],[6.1258192,50.4583164],[6.1257915,50.4583196],[6.1257637,50.4583227],[6.125736,50.4583259],[6.1257083,50.4583291],[6.1256806,50.4583322],[6.1256528,50.4583354],[6.1256251,50.4583386],[6.1255974,50.4583417],[6.1255697,50.4583449],[6.1255419,50.4583481],[6.1255142,50.4583513],[6.1254865,50.4583544],[6.1254588,50.4583576],[6.1254311,50.4583608],[6.1254033,50.4583639],[6.1253756,50.4583671],[6.1253479,50.4583703],[6.1253202,50.4583734],[6.1252924,50.4583766],[6.1252647,50.4583798],[6.125237,50.4583829],[6.1252093,50.4583861],[6.1251815,50.4583893],[6.1251538,50.4583924],[6.1251261,50.4583956],[6.1250984,50.4583988],[6.1250706,50.4584019],[6.1250429,50.4584051],[6.1250152,50.4584083],[6.1249875,50.4584115],[6.1249598,50.4584146],[6.124932,50.4584178],[6.1249043,50.458421],[6.1248766,50.4584241],[6.1248489,50.4584273],[6.1248211,50.4584305],[6.1247934,50.4584336],[6.1247657,50.4584368],[6.124738,50.45844],[6.1247102,50.4584431],[6.1246825,50.4584463],[6.1246548,50.4584495],[6.1246271,50.4584526],[6.1245993,50.4584558],[6.1245716,50.458459],[6.1245439,50.4584622],[6.1245162,50.4584653],[6.1244885,50.4584685],[6.1244607,50.4584717],[6.124433,50.4584748],[6.1244053,50.458478],[6.1243776,50.4584812],[6.1243498,50.4584843],[6.1243221,50.4584875],[6.1242944,50.4584907],[6.1242667,50.4584938],[6.1242389,50.458497],[6.1242112,50.4585002],[6.1241835,50.4585033],[6.1241558,50.4585065],[6.124128,50.4585097],[6.1241003,50.4585128],[6.1240726,50.458516],[6.1240449,50.4585192],[6.1240172,50.4585223],[6.1239894,50.4585255],[6.1239617,50.4585287],[6.123934,50.4585319],[6.1239063,50.458535],[6.1238785,50.4585382],[6.1238508,50.4585414],[6.1238231,50.4585445],[6.1237954,50.4585477],[6.1237676,50.4585509],[6.1237399,50.458554],[6.1237122,50.4585572],[6.1236845,50.4585604],[6.1236567,50.4585635],[6.123629,50.4585667],[6.1236013,50.4585699],[6.1235736,50.458573],[6.1235458,50.4585762],[6.1235181,50.4585794],[6.1234904,50.4585825],[6.1234627,50.4585857],[6.123435,50.4585889],[6.1234072,50.4585921],[6.1233795,50.4585952],[6.1233518,50.4585984],[6.1233241,50.4586016],[6.1232963,50.4586047],[6.1232686,50.4586079],[6.1232409,50.4586111],[6.1232132,50.4586142],[6.1231854,50.4586174],[6.1231577,50.4586206],[6.12313,50.4586237],[6.1231023,50.4586269],[6.1230745,50.4586301],[6.1230468,50.4586332],[6.1230191,50.4586364],[6.1229914,50.4586396],[6.1229637,50.4586427],[6.1229359,50.4586459],[6.1229082,50.4586491],[6.1228805,50.4586522],[6.1228528,50.4586554],[6.122825,50.4586586],[6.1227973,50.4586617],[6.1227696,50.4586649],[6.1227419,50.4586681],[6.1227141,50.4586713],[6.1226864,50.4586744],[6.1226587,50.4586776],[6.122631,50.4586808],[6.1226032,50.4586839],[6.1225755,50.4586871],[6.1225478,50.4586903],[6.1225201,50.4586934],[6.1224923,50.4586966],[6.1224646,50.4586998],[6.1224369,50.4587029],[6.1224092,50.4587061],[6.1223815,50.4587093],[6.1223537,50.4587124],[6.122326,50.4587156],[6.1222983,50.4587188],[6.1222706,50.4587219],[6.1222428,50.4587251],[6.1222151,50.4587283],[6.1221874,50.4587314],[6.1221597,50.4587346],[6.1221319,50.4587378],[6.1221042,50.4587409],[6.1220765,50.4587441],[6.1220488,50.4587473],[6.122021,50.4587505],[6.1219933,50.4587536],[6.1219656,50.4587568],[6.1219379,50.45876],[6.1219101,50.4587631],[6.1218824,50.4587663],[6.1218547,50.4587695],[6.121827,50.4587726],[6.1217992,50.4587758],[6.1217715,50.458779],[6.1217438,50.4587821],[6.1217161,50.4587853],[6.1216884,50.4587885],[6.1216606,50.4587916],[6.1216329,50.4587948],[6.1216052,50.458798],[6.1215775,50.4588011],[6.1215497,50.4588043],[6.121522,50.4588075],[6.1214943,50.4588106],[6.1214666,50.4588138],[6.1214388,50.458817],[6.1214111,50.4588201],[6.1213834,50.4588233],[6.1213557,50.4588265],[6.1213279,50.4588296],[6.1213002,50.4588328],[6.1212725,50.458836],[6.1212448,50.4588391],[6.121217,50.4588423],[6.1211893,50.4588455],[6.1211616,50.4588487],[6.1211339,50.4588518],[6.1211062,50.458855],[6.1210784,50.4588582],[6.1210507,50.4588613],[6.121023,50.4588645],[6.1209953,50.4588677],[6.1209675,50.4588708],[6.1209398,50.458874],[6.1209121,50.4588772],[6.1208844,50.4588803],[6.1208566,50.4588835],[6.1208289,50.4588867],[6.1208012,50.4588898],[6.1207735,50.458893],[6.1207457,50.4588962],[6.120718,50.4588993],[6.1206903,50.4589025],[6.1206626,50.4589057],[6.1206348,50.4589088],[6.1206071,50.458912],[6.1205794,50.4589152],[6.1205517,50.4589183],[6.1205239,50.4589215],[6.1204962,50.4589247],[6.1204685,50.4589278],[6.1204408,50.458931],[6.120413,50.4589342],[6.1203853,50.4589373],[6.1203576,50.4589405],[6.1203299,50.4589437],[6.1203022,50.4589468],[6.1202744,50.45895],[6.1202467,50.4589532],[6.120219,50.4589563],[6.1201913,50.4589595],[6.1201635,50.4589627],[6.1201358,50.4589659],[6.1201081,50.458969],[6.1200804,50.4589722],[6.1200526,50.4589754],[6.1200249,50.4589785],[6.1199972,50.4589817],[6.1199695,50.4589849],[6.1199417,50.458988],[6.119914,50.4589912],[6.1198863,50.4589944],[6.1198586,50.4589975],[6.1198308,50.4590007],[6.1198031,50.4590039],[6.1197754,50.459007],[6.1197477,50.4590102],[6.1197199,50.4590134],[6.1196922,50.4590165],[6.1196645,50.4590197],[6.1196368,50.4590229],[6.119609,50.459026],[6.1195813,50.4590292],[6.1195536,50.4590324],[6.1195259,50.4590355],[6.1194982,50.4590387],[6.1194704,50.4590419],[6.1194427,50.459045],[6.119415,50.4590482],[6.1193873,50.4590514],[6.1193595,50.4590545],[6.1193318,50.4590577],[6.1193041,50.4590609],[6.1192764,50.459064],[6.1192486,50.4590672],[6.1192209,50.4590704],[6.1191932,50.4590735],[6.1191655,50.4590767],[6.1191377,50.4590799],[6.11911,50.459083],[6.1190823,50.4590862],[6.1190546,50.4590894],[6.1190268,50.4590925],[6.1189991,50.4590957],[6.1189714,50.4590989],[6.1189437,50.459102],[6.1189159,50.4591052],[6.1188882,50.4591084],[6.1188605,50.4591115],[6.1188328,50.4591147],[6.118805,50.4591179],[6.1187773,50.459121],[6.1187496,50.4591242],[6.1187219,50.4591274],[6.1186941,50.4591305],[6.1186664,50.4591337],[6.1186387,50.4591369],[6.118611,50.45914],[6.1185833,50.4591432],[6.1185555,50.4591464],[6.1185278,50.4591495],[6.1185001,50.4591527],[6.1184724,50.4591559],[6.1184446,50.459159],[6.1184169,50.4591622],[6.1183892,50.4591654],[6.1183615,50.4591686],[6.1183337,50.4591717],[6.118306,50.4591749],[6.1182783,50.4591781],[6.1182506,50.4591812],[6.1182228,50.4591844],[6.1181951,50.4591876],[6.1181674,50.4591907],[6.1181397,50.4591939],[6.1181119,50.4591971],[6.1180842,50.4592002],[6.1180565,50.4592034],[6.1180288,50.4592066],[6.118001,50.4592097],[6.1179733,50.4592129],[6.1179456,50.4592161],[6.1179179,50.4592192],[6.1178901,50.4592224],[6.1178624,50.4592256],[6.1178347,50.4592287],[6.117807,50.4592319],[6.1177792,50.4592351],[6.1177515,50.4592382],[6.1177238,50.4592414],[6.1176961,50.4592446],[6.1176683,50.4592477],[6.1176406,50.4592509],[6.1176129,50.4592541],[6.1175852,50.4592572],[6.1175574,50.4592604],[6.1175297,50.4592636],[6.117502,50.4592667],[6.1174743,50.4592699],[6.1174465,50.4592731],[6.1174188,50.4592762],[6.1173911,50.4592794],[6.1173634,50.4592826],[6.1173357,50.4592857],[6.1173079,50.4592889],[6.1172802,50.4592921],[6.1172525,50.4592952],[6.1172248,50.4592984],[6.117197,50.4593016],[6.1171693,50.4593047],[6.1171416,50.4593079],[6.1171139,50.4593111],[6.1170861,50.4593142],[6.1170584,50.4593174],[6.1170307,50.4593206],[6.117003,50.4593237],[6.1169752,50.4593269],[6.1169475,50.4593301],[6.1169198,50.4593332],[6.1168921,50.4593364],[6.1168643,50.4593396],[6.1168366,50.4593427],[6.1168089,50.4593459],[6.1167812,50.4593491],[6.1167534,50.4593522],[6.1167257,50.4593554],[6.116698,50.4593586],[6.1166703,50.4593617],[6.1166425,50.4593649],[6.1166148,50.4593681],[6.1165871,50.4593712],[6.1165594,50.4593744],[6.1165316,50.4593776],[6.1165039,50.4593807],[6.1164762,50.4593839],[6.1164485,50.4593871],[6.1164207,50.4593902],[6.116393,50.4593934],[6.1163653,50.4593966],[6.1163376,50.4593997],[6.1163098,50.4594029],[6.1162821,50.4594061],[6.1162544,50.4594092],[6.1162267,50.4594124],[6.1161989,50.4594156],[6.1161712,50.4594187],[6.1161435,50.4594219],[6.1161158,50.4594251],[6.116088,50.4594282],[6.1160603,50.4594314],[6.1160326,50.4594346],[6.1160049,50.4594377],[6.1159771,50.4594409],[6.1159494,50.4594441],[6.1159217,50.4594472],[6.115894,50.4594504],[6.1158662,50.4594536],[6.1158385,50.4594567],[6.1158108,50.4594599],[6.1157831,50.4594631],[6.1157553,50.4594662],[6.1157276,50.4594694],[6.1156999,50.4594725],[6.1156722,50.4594757],[6.1156444,50.4594789],[6.1156167,50.459482],[6.115589,50.4594852],[6.1155613,50.4594884],[6.1155336,50.4594915],[6.1155058,50.4594947],[6.1154781,50.4594979],[6.1154504,50.459501],[6.1154227,50.4595042],[6.1153949,50.4595074],[6.1153672,50.4595105],[6.1153395,50.4595137],[6.1153118,50.4595169],[6.115284,50.45952],[6.1152563,50.4595232],[6.1152286,50.4595264],[6.1152009,50.4595295],[6.1151731,50.4595327],[6.1151454,50.4595359],[6.1151177,50.459539],[6.11509,50.4595422],[6.1150622,50.4595454],[6.1150345,50.4595485],[6.1150068,50.4595517],[6.1149791,50.4595549],[6.1149513,50.459558],[6.1149236,50.4595612],[6.1148959,50.4595644],[6.1148682,50.4595675],[6.1148404,50.4595707],[6.1148127,50.4595739],[6.114785,50.459577],[6.1147573,50.4595802],[6.1147295,50.4595834],[6.1147018,50.4595865],[6.1146741,50.4595897],[6.1146464,50.4595929],[6.1146186,50.459596],[6.1145909,50.4595992],[6.1145632,50.4596024],[6.1145355,50.4596055],[6.1145077,50.4596087],[6.11448,50.4596119],[6.1144523,50.459615],[6.1144246,50.4596182],[6.1143968,50.4596214],[6.1143691,50.4596245],[6.1143414,50.4596277],[6.1143137,50.4596309],[6.1142859,50.459634],[6.1142582,50.4596372],[6.1142305,50.4596404],[6.1142028,50.4596435],[6.114175,50.4596467],[6.1141473,50.4596499],[6.1141196,50.459653],[6.1140919,50.4596562],[6.1140641,50.4596594],[6.1140364,50.4596625],[6.1140087,50.4596657],[6.113981,50.4596689],[6.1139532,50.459672],[6.1139255,50.4596752],[6.1138978,50.4596783],[6.1138701,50.4596815],[6.1138423,50.4596847],[6.1138146,50.4596878],[6.1137869,50.459691],[6.1137592,50.4596942],[6.1137314,50.4596973],[6.1137037,50.4597005],[6.113676,50.4597037],[6.1136483,50.4597068],[6.1136205,50.45971],[6.1135928,50.4597132],[6.1135651,50.4597163],[6.1135374,50.4597195],[6.1135096,50.4597227],[6.1134819,50.4597258],[6.1134542,50.459729],[6.1134265,50.4597322],[6.1133987,50.4597353],[6.113371,50.4597385],[6.1133433,50.4597417],[6.1133156,50.4597448],[6.1132878,50.459748],[6.1132601,50.4597512],[6.1132324,50.4597543],[6.1132047,50.4597575],[6.1131769,50.4597607],[6.1131492,50.4597638],[6.1131215,50.459767],[6.1130938,50.4597702],[6.113066,50.4597733],[6.1130383,50.4597765],[6.1130106,50.4597797],[6.1129829,50.4597828],[6.1129551,50.459786],[6.1129274,50.4597892],[6.1128997,50.4597923],[6.112872,50.4597955],[6.1128442,50.4597986],[6.1128165,50.4598018],[6.1127888,50.459805],[6.1127611,50.4598081],[6.1127333,50.4598113],[6.1127056,50.4598145],[6.1126779,50.4598176],[6.1126502,50.4598208],[6.1126224,50.459824],[6.1125947,50.4598271],[6.112567,50.4598303],[6.1125393,50.4598335],[6.1125115,50.4598366],[6.1124838,50.4598398],[6.1124561,50.459843],[6.1124284,50.4598461],[6.1124006,50.4598493],[6.1123729,50.4598525],[6.1123452,50.4598556],[6.1123175,50.4598588],[6.1122897,50.459862],[6.112262,50.4598651],[6.1122343,50.4598683],[6.1122066,50.4598715],[6.1121788,50.4598746],[6.1121511,50.4598778],[6.1121234,50.459881],[6.1120957,50.4598841],[6.1120679,50.4598873],[6.1120402,50.4598904],[6.1120125,50.4598936],[6.1119848,50.4598968],[6.111957,50.4598999],[6.1119293,50.4599031],[6.1119016,50.4599063],[6.1118739,50.4599094],[6.1118461,50.4599126],[6.1118184,50.4599158],[6.1117907,50.4599189],[6.1117629,50.4599221],[6.1117352,50.4599253],[6.1117075,50.4599284],[6.1116798,50.4599316],[6.111652,50.4599348],[6.1116243,50.4599379],[6.1115966,50.4599411],[6.1115689,50.4599443],[6.1115411,50.4599474],[6.1115134,50.4599506],[6.1114857,50.4599538],[6.111458,50.4599569],[6.1114302,50.4599601],[6.1114025,50.4599633],[6.1113748,50.4599664],[6.1113471,50.4599696],[6.1113193,50.4599727],[6.1112916,50.4599759],[6.1112639,50.4599791],[6.1112362,50.4599822],[6.1112084,50.4599854],[6.1111807,50.4599886],[6.111153,50.4599917],[6.1111253,50.4599949],[6.1110975,50.4599981],[6.1110698,50.4600012],[6.1110421,50.4600044],[6.1110144,50.4600076],[6.1109866,50.4600107],[6.1109589,50.4600139],[6.1109312,50.4600171],[6.1109035,50.4600202],[6.1108757,50.4600234],[6.110848,50.4600266],[6.1108203,50.4600297],[6.1107926,50.4600329],[6.1107648,50.4600361],[6.1107371,50.4600392],[6.1107094,50.4600424],[6.1106817,50.4600455],[6.1106539,50.4600487],[6.1106262,50.4600519],[6.1105985,50.460055],[6.1105708,50.4600582],[6.110543,50.4600614],[6.1105153,50.4600645],[6.1104876,50.4600677],[6.1104599,50.4600709],[6.1104321,50.460074],[6.1104044,50.4600772],[6.1103767,50.4600804],[6.110349,50.4600835],[6.1103212,50.4600867],[6.1102935,50.4600899],[6.1102658,50.460093],[6.1102381,50.4600962],[6.1102103,50.4600994],[6.1101826,50.4601025],[6.1101549,50.4601057],[6.1101272,50.4601089],[6.1100994,50.460112],[6.1100717,50.4601152],[6.110044,50.4601183],[6.1100163,50.4601215],[6.1099885,50.4601247],[6.1099608,50.4601278],[6.1099331,50.460131],[6.1099053,50.4601342],[6.1098776,50.4601373],[6.1098499,50.4601405],[6.1098222,50.4601437],[6.1097944,50.4601468],[6.1097667,50.46015],[6.109739,50.4601532],[6.1097113,50.4601563],[6.1096835,50.4601595],[6.1096558,50.4601627],[6.1096281,50.4601658],[6.1096004,50.460169],[6.1095726,50.4601722],[6.1095449,50.4601753],[6.1095172,50.4601785],[6.1094895,50.4601816],[6.1094617,50.4601848],[6.109434,50.460188],[6.1094063,50.4601911],[6.1093786,50.4601943],[6.1093508,50.4601975],[6.1093231,50.4602006],[6.1092954,50.4602038],[6.1092677,50.460207],[6.1092399,50.4602101],[6.1092122,50.4602133],[6.1091845,50.4602165],[6.1091568,50.4602196],[6.109129,50.4602228],[6.1091013,50.460226],[6.1090736,50.4602291],[6.1090459,50.4602323],[6.1090181,50.4602354],[6.1089904,50.4602386],[6.1089627,50.4602418],[6.108935,50.4602449],[6.1089072,50.4602481],[6.1088795,50.4602513],[6.1088518,50.4602544],[6.1088241,50.4602576],[6.1087963,50.4602608],[6.1087686,50.4602639],[6.1087409,50.4602671],[6.1087131,50.4602703],[6.1086854,50.4602734],[6.1086577,50.4602766],[6.10863,50.4602798],[6.1086022,50.4602829],[6.1085745,50.4602861],[6.1085468,50.4602892],[6.1085191,50.4602924],[6.1084913,50.4602956],[6.1084636,50.4602987],[6.1084359,50.4603019],[6.1084082,50.4603051],[6.1083804,50.4603082],[6.1083527,50.4603114],[6.108325,50.4603146],[6.1082973,50.4603177],[6.1082695,50.4603209],[6.1082418,50.4603241],[6.1082141,50.4603272],[6.1081864,50.4603304],[6.1081586,50.4603336],[6.1081309,50.4603367],[6.1081032,50.4603399],[6.1080755,50.460343],[6.1080477,50.4603462],[6.10802,50.4603494],[6.1079923,50.4603525],[6.1079646,50.4603557],[6.1079368,50.4603589],[6.1079091,50.460362],[6.1078814,50.4603652],[6.1078537,50.4603684],[6.1078259,50.4603715],[6.1077982,50.4603747],[6.1077705,50.4603779],[6.1077427,50.460381],[6.107715,50.4603842],[6.1076873,50.4603873],[6.1076596,50.4603905],[6.1076318,50.4603937],[6.1076041,50.4603968],[6.1075764,50.4604],[6.1075487,50.4604032],[6.1075209,50.4604063],[6.1074932,50.4604095],[6.1074655,50.4604127],[6.1074378,50.4604158],[6.10741,50.460419],[6.1073823,50.4604222],[6.1073546,50.4604253],[6.1073269,50.4604285],[6.1072991,50.4604316],[6.1072714,50.4604348],[6.1072437,50.460438],[6.107216,50.4604411],[6.1071882,50.4604443],[6.1071605,50.4604475],[6.1071328,50.4604506],[6.1071051,50.4604538],[6.1070773,50.460457],[6.1070496,50.4604601],[6.1070219,50.4604633],[6.1069941,50.4604665],[6.1069664,50.4604696],[6.1069387,50.4604728],[6.106911,50.4604759],[6.1068832,50.4604791],[6.1068555,50.4604823],[6.1068278,50.4604854],[6.1068001,50.4604886],[6.1067723,50.4604918],[6.1067446,50.4604949],[6.1067169,50.4604981],[6.1066892,50.4605013],[6.1066614,50.4605044],[6.1066337,50.4605076],[6.106606,50.4605108],[6.1065783,50.4605139],[6.1065505,50.4605171],[6.1065228,50.4605202],[6.1064951,50.4605234],[6.1064674,50.4605266],[6.1064396,50.4605297],[6.1064119,50.4605329],[6.1063842,50.4605361],[6.1063565,50.4605392],[6.1063287,50.4605424],[6.106301,50.4605456],[6.1062733,50.4605487],[6.1062455,50.4605519],[6.1062178,50.4605551],[6.1061901,50.4605582],[6.1061624,50.4605614],[6.1061346,50.4605645],[6.1061069,50.4605677],[6.1060792,50.4605709],[6.1060515,50.460574],[6.1060237,50.4605772],[6.105996,50.4605804],[6.1059683,50.4605835],[6.1059406,50.4605867],[6.1059128,50.4605899],[6.1058851,50.460593],[6.1058574,50.4605962],[6.1058297,50.4605993],[6.1058019,50.4606025],[6.1057742,50.4606057],[6.1057465,50.4606088],[6.1057188,50.460612],[6.105691,50.4606152],[6.1056633,50.4606183],[6.1056356,50.4606215],[6.1056078,50.4606247],[6.1055801,50.4606278],[6.1055524,50.460631],[6.1055247,50.4606342],[6.1054969,50.4606373],[6.1054692,50.4606405],[6.1054415,50.4606436],[6.1054138,50.4606468],[6.105386,50.46065],[6.1053583,50.4606531],[6.1053306,50.4606563],[6.1053029,50.4606595],[6.1052751,50.4606626],[6.1052474,50.4606658],[6.1052197,50.460669],[6.105192,50.4606721],[6.1051642,50.4606753],[6.1051365,50.4606784],[6.1051088,50.4606816],[6.1050811,50.4606848],[6.1050533,50.4606879],[6.1050256,50.4606911],[6.1049979,50.4606943],[6.1049701,50.4606974],[6.1049424,50.4607006],[6.1049147,50.4607038],[6.104887,50.4607069],[6.1048592,50.4607101],[6.1048315,50.4607132],[6.1048038,50.4607164],[6.1047761,50.4607196],[6.1047483,50.4607227],[6.1047206,50.4607259],[6.1046929,50.4607291],[6.1046652,50.4607322],[6.1046374,50.4607354],[6.1046097,50.4607386],[6.104582,50.4607417],[6.1045543,50.4607449],[6.1045265,50.4607481],[6.1044988,50.4607512],[6.1044711,50.4607544],[6.1044434,50.4607575],[6.1044156,50.4607607],[6.1043879,50.4607639],[6.1043602,50.460767],[6.1043324,50.4607702],[6.1043047,50.4607734],[6.104277,50.4607765],[6.1042493,50.4607797],[6.1042215,50.4607829],[6.1041938,50.460786],[6.1041661,50.4607892],[6.1041384,50.4607923],[6.1041106,50.4607955],[6.1040829,50.4607987],[6.1040552,50.4608018],[6.1040275,50.460805],[6.1039997,50.4608082],[6.103972,50.4608113],[6.1039443,50.4608145],[6.1039166,50.4608176],[6.1038888,50.4608208],[6.1038611,50.460824],[6.1038334,50.4608271],[6.1038056,50.4608303],[6.1037779,50.4608335],[6.1037502,50.4608366],[6.1037225,50.4608398],[6.1036947,50.460843],[6.103667,50.4608461],[6.1036393,50.4608493],[6.1036116,50.4608524],[6.1035838,50.4608556],[6.1035561,50.4608588],[6.1035284,50.4608619],[6.1035007,50.4608651],[6.1034729,50.4608683],[6.1034452,50.4608714],[6.1034175,50.4608746],[6.1033898,50.4608778],[6.103362,50.4608809],[6.1033343,50.4608841],[6.1033066,50.4608872],[6.1032788,50.4608904],[6.1032511,50.4608936],[6.1032234,50.4608967],[6.1031957,50.4608999],[6.1031679,50.4609031],[6.1031402,50.4609062],[6.1031125,50.4609094],[6.1030848,50.4609126],[6.103057,50.4609157],[6.1030293,50.4609189],[6.1030016,50.460922],[6.1029739,50.4609252],[6.1029461,50.4609284],[6.1029184,50.4609315],[6.1028907,50.4609347],[6.1028629,50.4609379],[6.1028352,50.460941],[6.1028075,50.4609442],[6.1027798,50.4609473],[6.102752,50.4609505],[6.1027243,50.4609537],[6.1026966,50.4609568],[6.1026689,50.46096],[6.1026411,50.4609632],[6.1026134,50.4609663],[6.1025857,50.4609695],[6.102558,50.4609727],[6.1025302,50.4609758],[6.1025025,50.460979],[6.1024748,50.4609821],[6.1024471,50.4609853],[6.1024193,50.4609885],[6.1023916,50.4609916],[6.1023639,50.4609948],[6.1023361,50.460998],[6.1023084,50.4610011],[6.1022807,50.4610043],[6.102253,50.4610074],[6.1022252,50.4610106],[6.1021975,50.4610138],[6.1021698,50.4610169],[6.1021421,50.4610201],[6.1021143,50.4610233],[6.1020866,50.4610264],[6.1020589,50.4610296],[6.1020312,50.4610328],[6.1020034,50.4610359],[6.1019757,50.4610391],[6.101948,50.4610422],[6.1019202,50.4610454],[6.1018925,50.4610486],[6.1018648,50.4610517],[6.1018371,50.4610549],[6.1018093,50.4610581],[6.1017816,50.4610612],[6.1017539,50.4610644],[6.1017262,50.4610675],[6.1016984,50.4610707],[6.1016707,50.4610739],[6.101643,50.461077],[6.1016153,50.4610802],[6.1015875,50.4610834],[6.1015598,50.4610865],[6.1015321,50.4610897],[6.1015043,50.4610929],[6.1014766,50.461096],[6.1014489,50.4610992],[6.1014212,50.4611023],[6.1013934,50.4611055],[6.1013657,50.4611087],[6.101338,50.4611118],[6.1013103,50.461115],[6.1012825,50.4611182],[6.1012548,50.4611213],[6.1012271,50.4611245],[6.1011994,50.4611276],[6.1011716,50.4611308],[6.1011439,50.461134],[6.1011162,50.4611371],[6.1010884,50.4611403],[6.1010607,50.4611435],[6.101033,50.4611466],[6.1010053,50.4611498],[6.1009775,50.4611529],[6.1009498,50.4611561],[6.1009221,50.4611593],[6.1008944,50.4611624],[6.1008666,50.4611656],[6.1008389,50.4611688],[6.1008112,50.4611719],[6.1007835,50.4611751],[6.1007557,50.4611782],[6.100728,50.4611814],[6.1007003,50.4611846],[6.1006725,50.4611877],[6.1006448,50.4611909],[6.1006171,50.4611941],[6.1005894,50.4611972],[6.1005616,50.4612004],[6.1005339,50.4612036],[6.1005062,50.4612067],[6.1004785,50.4612099],[6.1004507,50.461213],[6.100423,50.4612162],[6.1003953,50.4612194],[6.1003676,50.4612225],[6.1003398,50.4612257],[6.1003121,50.4612289],[6.1002844,50.461232],[6.1002566,50.4612352],[6.1002289,50.4612383],[6.1002012,50.4612415],[6.1001735,50.4612447],[6.1001457,50.4612478],[6.100118,50.461251],[6.1000903,50.4612542],[6.1000626,50.4612573],[6.1000348,50.4612605],[6.1000071,50.4612636],[6.0999794,50.4612668],[6.0999517,50.46127],[6.0999239,50.4612731],[6.0998962,50.4612763],[6.0998685,50.4612795],[6.0998407,50.4612826],[6.099813,50.4612858],[6.0997853,50.4612889],[6.0997576,50.4612921],[6.0997298,50.4612953],[6.0997021,50.4612984],[6.0996744,50.4613016],[6.0996467,50.4613048],[6.0996189,50.4613079],[6.0995912,50.4613111],[6.0995635,50.4613142],[6.0995357,50.4613174],[6.099508,50.4613206],[6.0994803,50.4613237],[6.0994526,50.4613269],[6.0994248,50.4613301],[6.0993971,50.4613332],[6.0993694,50.4613364],[6.0993417,50.4613395],[6.0993139,50.4613427],[6.0992862,50.4613459],[6.0992585,50.461349],[6.0992308,50.4613522],[6.099203,50.4613554],[6.0991753,50.4613585],[6.0991476,50.4613617],[6.0991198,50.4613648],[6.0990921,50.461368],[6.0990644,50.4613712],[6.0990367,50.4613743],[6.0990089,50.4613775],[6.0989812,50.4613807],[6.0989535,50.4613838],[6.0989258,50.461387],[6.098898,50.4613901],[6.0988703,50.4613933],[6.0988426,50.4613965],[6.0988148,50.4613996],[6.0987871,50.4614028],[6.0987594,50.461406],[6.0987317,50.4614091],[6.0987039,50.4614123],[6.0986762,50.4614154],[6.0986485,50.4614186],[6.0986208,50.4614218],[6.098593,50.4614249],[6.0985653,50.4614281],[6.0985376,50.4614313],[6.0985098,50.4614344],[6.0984821,50.4614376],[6.0984544,50.4614407],[6.0984267,50.4614439],[6.0983989,50.4614471],[6.0983712,50.4614502],[6.0983435,50.4614534],[6.0983158,50.4614565],[6.098288,50.4614597],[6.0982603,50.4614629],[6.0982326,50.461466],[6.0982049,50.4614692],[6.0981771,50.4614724],[6.0981494,50.4614755],[6.0981217,50.4614787],[6.0980939,50.4614818],[6.0980662,50.461485],[6.0980385,50.4614882],[6.0980108,50.4614913],[6.097983,50.4614945],[6.0979553,50.4614977],[6.0979276,50.4615008],[6.0978999,50.461504],[6.0978721,50.4615071],[6.0978444,50.4615103],[6.0978167,50.4615135],[6.0977889,50.4615166],[6.0977612,50.4615198],[6.0977335,50.461523],[6.0977058,50.4615261],[6.097678,50.4615293],[6.0976503,50.4615324],[6.0976226,50.4615356],[6.0975949,50.4615388],[6.0975671,50.4615419],[6.0975394,50.4615451],[6.0975117,50.4615483],[6.0974839,50.4615514],[6.0974562,50.4615546],[6.0974285,50.4615577],[6.0974008,50.4615609],[6.097373,50.4615641],[6.0973453,50.4615672],[6.0973176,50.4615704],[6.0972899,50.4615735],[6.0972621,50.4615767],[6.0972344,50.4615799],[6.0972067,50.461583],[6.0971789,50.4615862],[6.0971512,50.4615894],[6.0971235,50.4615925],[6.0970958,50.4615957],[6.097068,50.4615988],[6.0970403,50.461602],[6.0970126,50.4616052],[6.0969849,50.4616083],[6.0969571,50.4616115],[6.0969294,50.4616147],[6.0969017,50.4616178],[6.0968739,50.461621],[6.0968462,50.4616241],[6.0968185,50.4616273],[6.0967908,50.4616305],[6.096763,50.4616336],[6.0967353,50.4616368],[6.0967076,50.4616399],[6.0966799,50.4616431],[6.0966521,50.4616463],[6.0966244,50.4616494],[6.0965967,50.4616526],[6.0965689,50.4616558],[6.0965412,50.4616589],[6.0965135,50.4616621],[6.0964858,50.4616652],[6.096458,50.4616684],[6.0964303,50.4616716],[6.0964026,50.4616747],[6.0963749,50.4616779],[6.0963471,50.461681],[6.0963194,50.4616842],[6.0962917,50.4616874],[6.0962639,50.4616905],[6.0962362,50.4616937],[6.0962085,50.4616969],[6.0961808,50.4617],[6.096153,50.4617032],[6.0961253,50.4617063],[6.0960976,50.4617095],[6.0960699,50.4617127],[6.0960421,50.4617158],[6.0960144,50.461719],[6.0959867,50.4617222],[6.0959589,50.4617253],[6.0959312,50.4617285],[6.0959035,50.4617316],[6.0958758,50.4617348],[6.095848,50.461738],[6.0958203,50.4617411],[6.0957926,50.4617443],[6.0957649,50.4617474],[6.0957371,50.4617506],[6.0957094,50.4617538],[6.0956817,50.4617569],[6.0956539,50.4617601],[6.0956262,50.4617633],[6.0955985,50.4617664],[6.0955708,50.4617696],[6.095543,50.4617727],[6.0955153,50.4617759],[6.0954876,50.4617791],[6.0954599,50.4617822],[6.0954321,50.4617854],[6.0954044,50.4617885],[6.0953767,50.4617917],[6.0953489,50.4617949],[6.0953212,50.461798],[6.0952935,50.4618012],[6.0952658,50.4618044],[6.095238,50.4618075],[6.0952103,50.4618107],[6.0951826,50.4618138],[6.0951549,50.461817],[6.0951271,50.4618202],[6.0950994,50.4618233],[6.0950717,50.4618265],[6.0950439,50.4618296],[6.0950162,50.4618328],[6.0949885,50.461836],[6.0949608,50.4618391],[6.094933,50.4618423],[6.0949053,50.4618455],[6.0948776,50.4618486],[6.0948498,50.4618518],[6.0948221,50.4618549],[6.0947944,50.4618581],[6.0947667,50.4618613],[6.0947389,50.4618644],[6.0947112,50.4618676],[6.0946835,50.4618707],[6.0946558,50.4618739],[6.094628,50.4618771],[6.0946003,50.4618802],[6.0945726,50.4618834],[6.0945448,50.4618865],[6.0945171,50.4618897],[6.0944894,50.4618929],[6.0944617,50.461896],[6.0944339,50.4618992],[6.0944062,50.4619024],[6.0943785,50.4619055],[6.0943508,50.4619087],[6.094323,50.4619118],[6.0942953,50.461915],[6.0942676,50.4619182],[6.0942398,50.4619213],[6.0942121,50.4619245],[6.0941844,50.4619276],[6.0941567,50.4619308],[6.0941289,50.461934],[6.0941012,50.4619371],[6.0940735,50.4619403],[6.0940457,50.4619435],[6.094018,50.4619466],[6.0939903,50.4619498],[6.0939626,50.4619529],[6.0939348,50.4619561],[6.0939071,50.4619593],[6.0938794,50.4619624],[6.0938517,50.4619656],[6.0938239,50.4619687],[6.0937962,50.4619719],[6.0937685,50.4619751],[6.0937407,50.4619782],[6.093713,50.4619814],[6.0936853,50.4619845],[6.0936576,50.4619877],[6.0936298,50.4619909],[6.0936021,50.461994],[6.0935744,50.4619972],[6.0935467,50.4620004],[6.0935189,50.4620035],[6.0934912,50.4620067],[6.0934635,50.4620098],[6.0934357,50.462013],[6.093408,50.4620162],[6.0933803,50.4620193],[6.0933526,50.4620225],[6.0933248,50.4620256],[6.0932971,50.4620288],[6.0932694,50.462032],[6.0932416,50.4620351],[6.0932139,50.4620383],[6.0931862,50.4620414],[6.0931585,50.4620446],[6.0931307,50.4620478],[6.093103,50.4620509],[6.0930753,50.4620541],[6.0930476,50.4620572],[6.0930198,50.4620604],[6.0929921,50.4620636],[6.0929644,50.4620667],[6.0929366,50.4620699],[6.0929089,50.4620731],[6.0928812,50.4620762],[6.0928535,50.4620794],[6.0928257,50.4620825],[6.092798,50.4620857],[6.0927703,50.4620889],[6.0927425,50.462092],[6.0927148,50.4620952],[6.0926871,50.4620983],[6.0926594,50.4621015],[6.0926316,50.4621047],[6.0926039,50.4621078],[6.0925758,50.4621108],[6.0925477,50.4621137],[6.0925195,50.4621163],[6.0924912,50.4621188],[6.092463,50.4621211],[6.0924346,50.4621232],[6.0924063,50.4621251],[6.0923779,50.4621269],[6.0923495,50.4621284],[6.0923211,50.4621298],[6.0922927,50.462131],[6.0922642,50.462132],[6.0922358,50.4621328],[6.0922073,50.4621334],[6.0921788,50.4621339],[6.0921503,50.4621342],[6.0921218,50.4621342],[6.0920933,50.4621341],[6.0920648,50.4621339],[6.0920363,50.4621334],[6.0920078,50.4621328],[6.0919794,50.4621319],[6.0919509,50.4621309],[6.0919225,50.4621297],[6.0918941,50.4621283],[6.0918657,50.4621267],[6.0918373,50.462125],[6.091809,50.4621231],[6.0917807,50.4621209],[6.0917524,50.4621186],[6.0917242,50.4621162],[6.091696,50.4621135],[6.0916678,50.4621106],[6.0916397,50.4621076],[6.0916117,50.4621044],[6.0915837,50.462101],[6.0915557,50.4620974],[6.0915279,50.4620937],[6.0915,50.4620898],[6.0914723,50.4620856],[6.0914446,50.4620813],[6.091417,50.4620769],[6.0913894,50.4620722],[6.0913619,50.4620674],[6.0913345,50.4620624],[6.0913072,50.4620572],[6.09128,50.4620519],[6.091253,50.4620466],[6.0912261,50.4620413],[6.0911992,50.462036],[6.0911723,50.4620307],[6.0911454,50.4620254],[6.0911184,50.4620201],[6.0910915,50.4620148],[6.0910646,50.4620095],[6.0910377,50.4620042],[6.0910107,50.4619989],[6.0909838,50.4619936],[6.0909569,50.4619883],[6.09093,50.461983],[6.0909031,50.4619778],[6.0908761,50.4619725],[6.0908492,50.4619672],[6.0908223,50.4619619],[6.0907954,50.4619566],[6.0907685,50.4619513],[6.0907415,50.461946],[6.0907146,50.4619407],[6.0906877,50.4619354],[6.0906608,50.4619301],[6.0906338,50.4619248],[6.0906069,50.4619195],[6.09058,50.4619142],[6.0905531,50.4619089],[6.0905262,50.4619036],[6.0904992,50.4618983],[6.0904723,50.461893],[6.0904454,50.4618878],[6.0904185,50.4618825],[6.0903915,50.4618772],[6.0903646,50.4618719],[6.0903377,50.4618666],[6.0903108,50.4618613],[6.0902839,50.461856],[6.0902569,50.4618507],[6.09023,50.4618454],[6.0902031,50.4618401],[6.0901762,50.4618348],[6.0901492,50.4618295],[6.0901223,50.4618242],[6.0900954,50.4618189],[6.0900685,50.4618136],[6.0900416,50.4618083],[6.0900146,50.461803],[6.0899877,50.4617978],[6.0899608,50.4617925],[6.0899339,50.4617872],[6.0899069,50.4617819],[6.08988,50.4617766],[6.0898531,50.4617713],[6.0898262,50.461766],[6.0897993,50.4617607],[6.0897723,50.4617554],[6.0897454,50.4617501],[6.0897185,50.4617448],[6.0896916,50.4617395],[6.0896647,50.4617342],[6.0896377,50.4617289],[6.0896108,50.4617236],[6.0895839,50.4617183],[6.089557,50.461713],[6.08953,50.4617077],[6.0895031,50.4617025],[6.0894762,50.4616972],[6.0894493,50.4616919],[6.0894224,50.4616866],[6.0893954,50.4616813],[6.0893685,50.461676],[6.0893416,50.4616707],[6.0893147,50.4616654],[6.0892877,50.4616601],[6.0892608,50.4616548],[6.0892339,50.4616495],[6.089207,50.4616442],[6.0891801,50.4616389],[6.0891531,50.4616336],[6.0891262,50.4616283],[6.0890993,50.461623],[6.0890724,50.4616177],[6.0890455,50.4616124],[6.0890185,50.4616072],[6.0889916,50.4616019],[6.0889647,50.4615966],[6.0889378,50.4615913],[6.0889108,50.461586],[6.0888839,50.4615807],[6.088857,50.4615754],[6.0888301,50.4615701],[6.0888032,50.4615648],[6.0887762,50.4615595],[6.0887493,50.4615542],[6.0887224,50.4615489],[6.0886955,50.4615436],[6.0886685,50.4615383],[6.0886416,50.461533],[6.0886147,50.4615277],[6.0885878,50.4615224],[6.0885609,50.4615171],[6.0885339,50.4615119],[6.088507,50.4615066],[6.0884801,50.4615013],[6.0884532,50.461496],[6.0884263,50.4614907],[6.0883993,50.4614854],[6.0883724,50.4614801],[6.0883455,50.4614748],[6.0883186,50.4614695],[6.0882916,50.4614642],[6.0882647,50.4614589],[6.0882378,50.4614536],[6.0882109,50.4614483],[6.088184,50.461443],[6.088157,50.4614377],[6.0881301,50.4614324],[6.0881032,50.4614271],[6.0880763,50.4614218],[6.0880494,50.4614165],[6.0880224,50.4614113],[6.0879955,50.461406],[6.0879686,50.4614007],[6.0879417,50.4613954],[6.0879147,50.4613901],[6.0878878,50.4613848],[6.0878609,50.4613795],[6.087834,50.4613742],[6.0878071,50.4613689],[6.0877801,50.4613636],[6.0877532,50.4613583],[6.0877263,50.461353],[6.0876994,50.4613477],[6.0876725,50.4613424],[6.0876455,50.4613371],[6.0876186,50.4613318],[6.0875917,50.4613265],[6.0875648,50.4613212],[6.0875378,50.4613159],[6.0875109,50.4613107],[6.087484,50.4613054],[6.0874571,50.4613001],[6.0874302,50.4612948],[6.0874032,50.4612895],[6.0873763,50.4612842],[6.0873494,50.4612789],[6.0873225,50.4612736],[6.0872956,50.4612683],[6.0872686,50.461263],[6.0872417,50.4612577],[6.0872148,50.4612524],[6.0871879,50.4612471],[6.087161,50.4612418],[6.087134,50.4612365],[6.0871071,50.4612312],[6.0870802,50.4612259],[6.0870533,50.4612206],[6.0870263,50.4612153],[6.0869994,50.46121],[6.0869725,50.4612048],[6.0869456,50.4611995],[6.0869187,50.4611942],[6.0868917,50.4611889],[6.0868648,50.4611836],[6.0868379,50.4611783],[6.086811,50.461173],[6.0867841,50.4611677],[6.0867571,50.4611624],[6.0867302,50.4611571],[6.0867033,50.4611518],[6.0866764,50.4611465],[6.0866494,50.4611412],[6.0866225,50.4611359],[6.0865956,50.4611306],[6.0865687,50.4611253],[6.0865418,50.46112],[6.0865148,50.4611147],[6.0864879,50.4611094],[6.086461,50.4611041],[6.0864341,50.4610989],[6.0864072,50.4610936],[6.0863802,50.4610883],[6.0863533,50.461083],[6.0863264,50.4610777],[6.0862995,50.4610724],[6.0862726,50.4610671],[6.0862456,50.4610618],[6.0862187,50.4610565],[6.0861918,50.4610512],[6.0861649,50.4610459],[6.0861379,50.4610406],[6.086111,50.4610353],[6.0860841,50.46103],[6.0860572,50.4610247],[6.0860303,50.4610194],[6.0860033,50.4610141],[6.0859764,50.4610088],[6.0859495,50.4610035],[6.0859226,50.4609982],[6.0858957,50.4609929],[6.0858687,50.4609877],[6.0858418,50.4609824],[6.0858149,50.4609771],[6.085788,50.4609718],[6.0857611,50.4609665],[6.0857341,50.4609612],[6.0857072,50.4609559],[6.0856803,50.4609506],[6.0856534,50.4609453],[6.0856264,50.46094],[6.0855995,50.4609347],[6.0855726,50.4609294],[6.0855457,50.4609241],[6.0855188,50.4609188],[6.0854918,50.4609135],[6.0854649,50.4609082],[6.085438,50.4609029],[6.0854111,50.4608976],[6.0853842,50.4608923],[6.0853572,50.460887],[6.0853303,50.4608817],[6.0853034,50.4608765],[6.0852765,50.4608712],[6.0852496,50.4608659],[6.0852226,50.4608606],[6.0851957,50.4608553],[6.0851688,50.46085],[6.0851419,50.4608447],[6.085115,50.4608394],[6.085088,50.4608341],[6.0850611,50.4608288],[6.0850342,50.4608235],[6.0850073,50.4608182],[6.0849803,50.4608129],[6.0849534,50.4608076],[6.0849265,50.4608023],[6.0848996,50.460797],[6.0848727,50.4607917],[6.0848457,50.4607864],[6.0848188,50.4607811],[6.0847919,50.4607758],[6.084765,50.4607705],[6.0847381,50.4607652],[6.0847111,50.46076],[6.0846842,50.4607547],[6.0846573,50.4607494],[6.0846304,50.4607441],[6.0846035,50.4607388],[6.0845765,50.4607335],[6.0845496,50.4607282],[6.0845227,50.4607229],[6.0844958,50.4607176],[6.0844689,50.4607123],[6.0844419,50.460707],[6.084415,50.4607017],[6.0843881,50.4606964],[6.0843612,50.4606911],[6.0843343,50.4606858],[6.0843073,50.4606805],[6.0842804,50.4606752],[6.0842535,50.4606699],[6.0842266,50.4606646],[6.0841996,50.4606593],[6.0841727,50.460654],[6.0841458,50.4606487],[6.0841189,50.4606434],[6.084092,50.4606382],[6.084065,50.4606329],[6.0840381,50.4606276],[6.0840112,50.4606223],[6.0839843,50.460617],[6.0839574,50.4606117],[6.0839304,50.4606064],[6.0839035,50.4606011],[6.0838766,50.4605958],[6.0838497,50.4605905],[6.0838228,50.4605852],[6.0837958,50.4605799],[6.0837689,50.4605746],[6.083742,50.4605693],[6.0837151,50.460564],[6.0836882,50.4605587],[6.0836612,50.4605534],[6.0836343,50.4605481],[6.0836074,50.4605428],[6.0835805,50.4605375],[6.0835536,50.4605322],[6.0835266,50.4605269],[6.0834997,50.4605216],[6.0834728,50.4605164],[6.0834459,50.4605111],[6.083419,50.4605058],[6.083392,50.4605005],[6.0833651,50.4604952],[6.0833382,50.4604899],[6.0833113,50.4604846],[6.0832844,50.4604793],[6.0832574,50.460474],[6.0832305,50.4604687],[6.0832036,50.4604634],[6.0831767,50.4604581],[6.0831498,50.4604528],[6.0831228,50.4604475],[6.0830959,50.4604422],[6.083069,50.4604369],[6.0830421,50.4604316],[6.0830151,50.4604263],[6.0829882,50.460421],[6.0829613,50.4604157],[6.0829344,50.4604104],[6.0829075,50.4604051],[6.0828805,50.4603998],[6.0828536,50.4603945],[6.0828267,50.4603893],[6.0827998,50.460384],[6.0827729,50.4603787],[6.0827459,50.4603734],[6.082719,50.4603681],[6.0826921,50.4603628],[6.0826652,50.4603575],[6.0826383,50.4603522],[6.0826113,50.4603469],[6.0825844,50.4603416],[6.0825575,50.4603363],[6.0825306,50.460331],[6.0825037,50.4603257],[6.0824767,50.4603204],[6.0824498,50.4603151],[6.0824229,50.4603098],[6.082396,50.4603045],[6.0823691,50.4602992],[6.0823421,50.4602939],[6.0823152,50.4602886],[6.0822883,50.4602833],[6.0822614,50.460278],[6.0822345,50.4602727],[6.0822075,50.4602674],[6.0821806,50.4602621],[6.0821537,50.4602568],[6.0821268,50.4602516],[6.0820999,50.4602463],[6.0820729,50.460241],[6.082046,50.4602357],[6.0820191,50.4602304],[6.0819922,50.4602251],[6.0819653,50.4602198],[6.0819383,50.4602145],[6.0819114,50.4602092],[6.0818845,50.4602039],[6.0818576,50.4601986],[6.0818307,50.4601933],[6.0818037,50.460188],[6.0817768,50.4601827],[6.0817499,50.4601774],[6.081723,50.4601721],[6.0816961,50.4601668],[6.0816691,50.4601615],[6.0816422,50.4601562],[6.0816153,50.4601509],[6.0815884,50.4601456],[6.0815615,50.4601403],[6.0815345,50.460135],[6.0815076,50.4601297],[6.0814807,50.4601244],[6.0814538,50.4601191],[6.0814269,50.4601139],[6.0813999,50.4601086],[6.081373,50.4601033],[6.0813461,50.460098],[6.0813192,50.4600927],[6.0812923,50.4600874],[6.0812653,50.4600821],[6.0812384,50.4600768],[6.0812115,50.4600715],[6.0811846,50.4600662],[6.0811577,50.4600609],[6.0811307,50.4600556],[6.0811038,50.4600503],[6.0810769,50.460045],[6.08105,50.4600397],[6.0810231,50.4600344],[6.0809961,50.4600291],[6.0809692,50.4600238],[6.0809423,50.4600185],[6.0809154,50.4600132],[6.0808885,50.4600079],[6.0808615,50.4600026],[6.0808346,50.4599973],[6.0808077,50.459992],[6.0807808,50.4599867],[6.0807539,50.4599814],[6.0807269,50.4599761],[6.0807,50.4599709],[6.0806731,50.4599656],[6.0806462,50.4599603],[6.0806193,50.459955],[6.0805923,50.4599497],[6.0805654,50.4599444],[6.0805385,50.4599391],[6.0805116,50.4599338],[6.0804847,50.4599285],[6.0804577,50.4599232],[6.0804308,50.4599179],[6.0804039,50.4599126],[6.080377,50.4599073],[6.0803501,50.459902],[6.0803231,50.4598967],[6.0802962,50.4598914],[6.0802693,50.4598861],[6.0802424,50.4598808],[6.0802155,50.4598755],[6.0801885,50.4598702],[6.0801616,50.4598649],[6.0801347,50.4598596],[6.0801078,50.4598543],[6.0800809,50.459849],[6.080054,50.4598437],[6.080027,50.4598384],[6.0800001,50.4598331],[6.0799732,50.4598278],[6.0799463,50.4598225],[6.0799194,50.4598173],[6.0798924,50.459812],[6.0798655,50.4598067],[6.0798386,50.4598014],[6.0798117,50.4597961],[6.0797848,50.4597908],[6.0797578,50.4597855],[6.0797309,50.4597802],[6.079704,50.4597749],[6.0796771,50.4597696],[6.0796502,50.4597643],[6.0796232,50.459759],[6.0795963,50.4597537],[6.0795694,50.4597484],[6.0795425,50.4597431],[6.0795156,50.4597378],[6.0794886,50.4597325],[6.0794617,50.4597272],[6.0794348,50.4597219],[6.0794079,50.4597166],[6.079381,50.4597113],[6.079354,50.459706],[6.0793271,50.4597007],[6.0793002,50.4596954],[6.0792733,50.4596901],[6.0792464,50.4596848],[6.0792194,50.4596795],[6.0791925,50.4596742],[6.0791656,50.4596689],[6.0791387,50.4596636],[6.0791118,50.4596584],[6.0790848,50.4596531],[6.0790579,50.4596478],[6.079031,50.4596425],[6.0790041,50.4596372],[6.0789772,50.4596319],[6.0789503,50.4596266],[6.0789233,50.4596213],[6.0788964,50.459616],[6.0788695,50.4596107],[6.0788426,50.4596054],[6.0788157,50.4596001],[6.0787887,50.4595948],[6.0787618,50.4595895],[6.0787349,50.4595842],[6.078708,50.4595789],[6.0786811,50.4595736],[6.0786541,50.4595683],[6.0786272,50.459563],[6.0786003,50.4595577],[6.0785734,50.4595524],[6.0785465,50.4595471],[6.0785195,50.4595418],[6.0784926,50.4595365],[6.0784657,50.4595312],[6.0784388,50.4595259],[6.0784119,50.4595206],[6.0783849,50.4595153],[6.078358,50.45951],[6.0783311,50.4595047],[6.0783042,50.4594994],[6.0782773,50.4594941],[6.0782503,50.4594888],[6.0782234,50.4594836],[6.0781965,50.4594783],[6.0781696,50.459473],[6.0781427,50.4594677],[6.0781158,50.4594624],[6.0780888,50.4594571],[6.0780619,50.4594518],[6.078035,50.4594465],[6.0780081,50.4594412],[6.0779812,50.4594359],[6.0779542,50.4594306],[6.0779273,50.4594253],[6.0779004,50.45942],[6.0778735,50.4594147],[6.0778466,50.4594094],[6.0778196,50.4594041],[6.0777927,50.4593988],[6.0777658,50.4593935],[6.0777389,50.4593882],[6.077712,50.4593829],[6.077685,50.4593776],[6.0776581,50.4593723],[6.0776312,50.459367],[6.0776043,50.4593617],[6.0775774,50.4593564],[6.0775504,50.4593511],[6.0775235,50.4593458],[6.0774966,50.4593405],[6.0774697,50.4593352],[6.0774428,50.4593299],[6.0774159,50.4593246],[6.0773889,50.4593193],[6.077362,50.459314],[6.0773351,50.4593087],[6.0773082,50.4593035],[6.0772813,50.4592982],[6.0772543,50.4592929],[6.0772274,50.4592876],[6.0772005,50.4592823],[6.0771736,50.459277],[6.0771467,50.4592717],[6.0771197,50.4592664],[6.0770928,50.4592611],[6.0770659,50.4592558],[6.077039,50.4592505],[6.0770121,50.4592452],[6.0769851,50.4592399],[6.0769582,50.4592346],[6.0769313,50.4592293],[6.0769044,50.459224],[6.0768775,50.4592187],[6.0768506,50.4592134],[6.0768236,50.4592081],[6.0767967,50.4592028],[6.0767698,50.4591975],[6.0767429,50.4591922],[6.076716,50.4591869],[6.076689,50.4591816],[6.0766621,50.4591763],[6.0766352,50.459171],[6.0766083,50.4591657],[6.0765814,50.4591604],[6.0765544,50.4591551],[6.0765275,50.4591498],[6.0765006,50.4591445],[6.0764737,50.4591392],[6.0764468,50.4591339],[6.0764199,50.4591286],[6.0763929,50.4591233],[6.076366,50.459118],[6.0763391,50.4591127],[6.0763122,50.4591074],[6.0762853,50.4591022],[6.0762583,50.4590969],[6.0762314,50.4590916],[6.0762045,50.4590863],[6.0761776,50.459081],[6.0761507,50.4590757],[6.0761237,50.4590704],[6.0760968,50.4590651],[6.0760699,50.4590598],[6.076043,50.4590545],[6.0760161,50.4590492],[6.0759892,50.4590439],[6.0759622,50.4590386],[6.0759353,50.4590333],[6.0759084,50.459028],[6.0758815,50.4590227],[6.0758546,50.4590174],[6.0758276,50.4590121],[6.0758007,50.4590068],[6.0757738,50.4590015],[6.0757469,50.4589962],[6.07572,50.4589909],[6.075693,50.4589856],[6.0756661,50.4589803],[6.0756392,50.458975],[6.0756123,50.4589697],[6.0755854,50.4589644],[6.0755585,50.4589591],[6.0755315,50.4589538],[6.0755046,50.4589485],[6.0754777,50.4589432],[6.0754508,50.4589379],[6.0754239,50.4589326],[6.0753969,50.4589273],[6.07537,50.458922],[6.0753431,50.4589167],[6.0753162,50.4589114],[6.0752893,50.4589061],[6.0752623,50.4589008],[6.0752354,50.4588955],[6.0752085,50.4588902],[6.0751816,50.458885],[6.0751547,50.4588797],[6.0751278,50.4588744],[6.0751008,50.4588691],[6.0750739,50.4588638],[6.075047,50.4588585],[6.0750201,50.4588532],[6.0749932,50.4588479],[6.0749662,50.4588426],[6.0749393,50.4588373],[6.0749124,50.458832],[6.0748855,50.4588267],[6.0748586,50.4588214],[6.0748317,50.4588161],[6.0748047,50.4588108],[6.0747778,50.4588055],[6.0747509,50.4588002],[6.074724,50.4587949],[6.0746971,50.4587896],[6.0746701,50.4587843],[6.0746432,50.458779],[6.0746163,50.4587737],[6.0745894,50.4587684],[6.0745625,50.4587631],[6.0745355,50.4587578],[6.0745086,50.4587525],[6.0744817,50.4587472],[6.0744548,50.4587419],[6.0744279,50.4587366],[6.074401,50.4587313],[6.074374,50.458726],[6.0743471,50.4587207],[6.0743202,50.4587154],[6.0742933,50.4587101],[6.0742664,50.4587048],[6.0742394,50.4586995],[6.0742125,50.4586942],[6.0741856,50.4586889],[6.0741587,50.4586836],[6.0741318,50.4586783],[6.0741049,50.458673],[6.0740779,50.4586677],[6.074051,50.4586624],[6.0740241,50.4586571],[6.0739972,50.4586518],[6.0739703,50.4586465],[6.0739433,50.4586412],[6.0739164,50.458636],[6.0738895,50.4586307],[6.0738626,50.4586254],[6.0738357,50.4586201],[6.0738088,50.4586148],[6.0737818,50.4586095],[6.0737549,50.4586042],[6.073728,50.4585989],[6.0737011,50.4585936],[6.0736742,50.4585883],[6.0736472,50.458583],[6.0736203,50.4585777],[6.0735934,50.4585724],[6.0735665,50.4585671],[6.0735396,50.4585618],[6.0735127,50.4585565],[6.0734857,50.4585512],[6.0734588,50.4585459],[6.0734319,50.4585406],[6.073405,50.4585353],[6.0733781,50.45853],[6.0733511,50.4585247],[6.0733242,50.4585194],[6.0732973,50.4585141],[6.0732704,50.4585088],[6.0732435,50.4585035],[6.0732166,50.4584982],[6.0731896,50.4584929],[6.0731627,50.4584876],[6.0731358,50.4584823],[6.0731089,50.458477],[6.073082,50.4584717],[6.073055,50.4584664],[6.0730281,50.4584611],[6.0730012,50.4584558],[6.0729743,50.4584505],[6.0729474,50.4584452],[6.0729205,50.4584399],[6.0728935,50.4584346],[6.0728666,50.4584293],[6.0728397,50.458424],[6.0728128,50.4584187],[6.0727859,50.4584134],[6.0727589,50.4584081],[6.072732,50.4584028],[6.0727051,50.4583975],[6.0726782,50.4583922],[6.0726513,50.4583869],[6.0726244,50.4583816],[6.0725974,50.4583763],[6.0725705,50.458371],[6.0725436,50.4583657],[6.0725167,50.4583604],[6.0724898,50.4583551],[6.0724628,50.4583499],[6.0724359,50.4583446],[6.072409,50.4583393],[6.0723821,50.458334],[6.0723552,50.4583287],[6.0723283,50.4583234],[6.0723013,50.4583181],[6.0722744,50.4583128],[6.0722475,50.4583075],[6.0722206,50.4583022],[6.0721937,50.4582969],[6.0721667,50.4582916],[6.0721398,50.4582863],[6.0721129,50.458281],[6.072086,50.4582757],[6.0720591,50.4582704],[6.0720322,50.4582651],[6.0720052,50.4582598],[6.0719783,50.4582545],[6.0719514,50.4582492],[6.0719245,50.4582439],[6.0718976,50.4582386],[6.0718707,50.4582333],[6.0718437,50.458228],[6.0718168,50.4582227],[6.0717899,50.4582174],[6.071763,50.4582121],[6.0717361,50.4582068],[6.0717091,50.4582015],[6.0716822,50.4581962],[6.0716553,50.4581909],[6.0716284,50.4581856],[6.0716015,50.4581803],[6.0715746,50.458175],[6.0715476,50.4581697],[6.0715207,50.4581644],[6.0714938,50.4581591],[6.0714669,50.4581538],[6.07144,50.4581485],[6.071413,50.4581432],[6.0713861,50.4581379],[6.0713592,50.4581326],[6.0713323,50.4581273],[6.0713054,50.458122],[6.0712785,50.4581167],[6.0712515,50.4581114],[6.0712246,50.4581061],[6.0711977,50.4581008],[6.0711708,50.4580955],[6.0711439,50.4580902],[6.071117,50.4580849],[6.07109,50.4580796],[6.0710631,50.4580743],[6.0710362,50.458069],[6.0710093,50.4580637],[6.0709824,50.4580584],[6.0709554,50.4580531],[6.0709285,50.4580478],[6.0709016,50.4580425],[6.0708747,50.4580372],[6.0708478,50.4580319],[6.0708209,50.4580266],[6.0707939,50.4580213],[6.070767,50.458016],[6.0707401,50.4580107],[6.0707132,50.4580054],[6.0706863,50.4580001],[6.0706594,50.4579948],[6.0706324,50.4579895],[6.0706055,50.4579842],[6.0705786,50.457979],[6.0705517,50.4579737],[6.0705248,50.4579684],[6.0704979,50.4579631],[6.0704709,50.4579578],[6.070444,50.4579525],[6.0704171,50.4579472],[6.0703902,50.4579419],[6.0703633,50.4579366],[6.0703363,50.4579313],[6.0703094,50.457926],[6.0702825,50.4579207],[6.0702556,50.4579154],[6.0702287,50.4579101],[6.0702018,50.4579048],[6.0701748,50.4578995],[6.0701479,50.4578942],[6.070121,50.4578889],[6.0700941,50.4578836],[6.0700672,50.4578783],[6.0700403,50.457873],[6.0700133,50.4578677],[6.0699864,50.4578624],[6.0699595,50.4578571],[6.0699326,50.4578518],[6.0699057,50.4578465],[6.0698787,50.4578412],[6.0698518,50.4578359],[6.0698249,50.4578306],[6.069798,50.4578253],[6.0697711,50.45782],[6.0697442,50.4578147],[6.0697172,50.4578094],[6.0696903,50.4578041],[6.0696634,50.4577988],[6.0696365,50.4577935],[6.0696096,50.4577882],[6.0695827,50.4577829],[6.0695557,50.4577776],[6.0695288,50.4577723],[6.0695019,50.457767],[6.069475,50.4577617],[6.0694481,50.4577564],[6.0694212,50.4577511],[6.0693942,50.4577458],[6.0693673,50.4577405],[6.0693404,50.4577352],[6.0693135,50.4577299],[6.0692866,50.4577246],[6.0692597,50.4577193],[6.0692327,50.457714],[6.0692058,50.4577087],[6.0691789,50.4577034],[6.069152,50.4576981],[6.0691251,50.4576928],[6.0690981,50.4576875],[6.0690712,50.4576822],[6.0690443,50.4576769],[6.0690174,50.4576716],[6.0689905,50.4576663],[6.0689636,50.457661],[6.0689366,50.4576557],[6.0689097,50.4576504],[6.0688828,50.4576451],[6.0688559,50.4576398],[6.068829,50.4576345],[6.0688021,50.4576292],[6.0687751,50.4576239],[6.0687482,50.4576186],[6.0687213,50.4576133],[6.0686944,50.457608],[6.0686675,50.4576027],[6.0686406,50.4575974],[6.0686136,50.4575921],[6.0685867,50.4575868],[6.0685598,50.4575815],[6.0685329,50.4575762],[6.068506,50.4575709],[6.0684791,50.4575656],[6.0684521,50.4575603],[6.0684252,50.457555],[6.0683983,50.4575497],[6.0683714,50.4575444],[6.0683445,50.4575391],[6.0683176,50.4575338],[6.0682906,50.4575285],[6.0682637,50.4575232],[6.0682368,50.4575179],[6.0682099,50.4575126],[6.068183,50.4575073],[6.068156,50.457502],[6.0681291,50.4574967],[6.0681022,50.4574914],[6.0680753,50.4574861],[6.0680484,50.4574808],[6.0680215,50.4574755],[6.0679945,50.4574702],[6.0679676,50.4574649],[6.0679407,50.4574596],[6.0679138,50.4574543],[6.0678869,50.457449],[6.06786,50.4574437],[6.067833,50.4574384],[6.0678061,50.4574331],[6.0677792,50.4574278],[6.0677523,50.4574225],[6.0677254,50.4574172],[6.0676985,50.4574119],[6.0676715,50.4574066],[6.0676446,50.4574013],[6.0676177,50.457396],[6.0675908,50.4573907],[6.0675639,50.4573854],[6.067537,50.4573801],[6.06751,50.4573748],[6.0674831,50.4573695],[6.0674562,50.4573643],[6.0674293,50.457359],[6.0674024,50.4573537],[6.0673755,50.4573484],[6.0673485,50.4573431],[6.0673216,50.4573378],[6.0672947,50.4573325],[6.0672678,50.4573272],[6.0672409,50.4573219],[6.067214,50.4573166],[6.067187,50.4573113],[6.0671601,50.457306],[6.0671332,50.4573007],[6.0671063,50.4572954],[6.0670794,50.4572901],[6.0670525,50.4572848],[6.0670255,50.4572795],[6.0669986,50.4572742],[6.0669717,50.4572689],[6.0669448,50.4572636],[6.0669179,50.4572583],[6.066891,50.457253],[6.066864,50.4572477],[6.0668371,50.4572424],[6.0668102,50.4572371],[6.0667833,50.4572318],[6.0667564,50.4572265],[6.0667295,50.4572212],[6.0667025,50.4572159],[6.0666756,50.4572106],[6.0666487,50.4572053],[6.0666218,50.4572],[6.0665949,50.4571947],[6.066568,50.4571894],[6.066541,50.4571841],[6.0665141,50.4571788],[6.0664872,50.4571735],[6.0664603,50.4571682],[6.0664334,50.4571629],[6.0664065,50.4571576],[6.0663795,50.4571523],[6.0663526,50.457147],[6.0663257,50.4571417],[6.0662988,50.4571364],[6.0662719,50.4571311],[6.066245,50.4571258],[6.066218,50.4571205],[6.0661911,50.4571152],[6.0661642,50.4571099],[6.0661373,50.4571046],[6.0661104,50.4570993],[6.0660835,50.457094],[6.0660565,50.4570887],[6.0660296,50.4570834],[6.0660027,50.4570781],[6.0659758,50.4570728],[6.0659489,50.4570675],[6.065922,50.4570622],[6.065895,50.4570569],[6.0658681,50.4570516],[6.0658412,50.4570463],[6.0658143,50.457041],[6.0657874,50.4570357],[6.0657605,50.4570304],[6.0657335,50.4570251],[6.0657066,50.4570198],[6.0656797,50.4570145],[6.0656528,50.4570092],[6.0656259,50.4570039],[6.065599,50.4569986],[6.065572,50.4569933],[6.0655451,50.456988],[6.0655182,50.4569827],[6.0654913,50.4569774],[6.0654644,50.4569721],[6.0654375,50.4569668],[6.0654105,50.4569615],[6.0653836,50.4569562],[6.0653567,50.4569509],[6.0653298,50.4569456],[6.0653029,50.4569403],[6.065276,50.456935],[6.065249,50.4569297],[6.0652221,50.4569244],[6.0651952,50.4569191],[6.0651683,50.4569138],[6.0651414,50.4569085],[6.0651145,50.4569032],[6.0650875,50.4568979],[6.0650606,50.4568926],[6.0650337,50.4568873],[6.0650068,50.456882],[6.0649799,50.4568767],[6.064953,50.4568714],[6.0649261,50.4568661],[6.0648991,50.4568608],[6.0648722,50.4568555],[6.0648453,50.4568502],[6.0648184,50.4568449],[6.0647915,50.4568396],[6.0647646,50.4568343],[6.0647376,50.456829],[6.0647107,50.4568237],[6.0646838,50.4568184],[6.0646569,50.4568131],[6.06463,50.4568078],[6.0646031,50.4568025],[6.0645761,50.4567972],[6.0645492,50.4567919],[6.0645223,50.4567866],[6.0644954,50.4567813],[6.0644685,50.456776],[6.0644416,50.4567707],[6.0644146,50.4567654],[6.0643877,50.4567601],[6.0643608,50.4567548],[6.0643339,50.4567495],[6.064307,50.4567442],[6.0642801,50.4567389],[6.0642531,50.4567336],[6.0642262,50.4567283],[6.0641993,50.456723],[6.0641724,50.4567177],[6.0641455,50.4567124],[6.0641186,50.4567071],[6.0640916,50.4567018],[6.0640647,50.4566965],[6.0640378,50.4566912],[6.0640109,50.4566859],[6.063984,50.4566806],[6.0639571,50.4566753],[6.0639302,50.45667],[6.0639032,50.4566647],[6.0638763,50.4566594],[6.0638494,50.4566541],[6.0638225,50.4566488],[6.0637956,50.4566435],[6.0637687,50.4566382],[6.0637417,50.4566329],[6.0637148,50.4566276],[6.0636879,50.4566223],[6.063661,50.456617],[6.0636341,50.4566117],[6.0636072,50.4566064],[6.0635802,50.4566011],[6.0635533,50.4565958],[6.0635264,50.4565905],[6.0634995,50.4565852],[6.0634726,50.4565799],[6.0634457,50.4565746],[6.0634187,50.4565693],[6.0633918,50.456564],[6.0633649,50.4565587],[6.063338,50.4565534],[6.0633111,50.4565481],[6.0632842,50.4565428],[6.0632573,50.4565375],[6.0632303,50.4565322],[6.0632034,50.4565269],[6.0631765,50.4565216],[6.0631496,50.4565162],[6.0631227,50.4565109],[6.0630958,50.4565056],[6.0630688,50.4565003],[6.0630419,50.456495],[6.063015,50.4564897],[6.0629881,50.4564844],[6.0629612,50.4564791],[6.0629343,50.4564738],[6.0629073,50.4564685],[6.0628804,50.4564632],[6.0628535,50.4564579],[6.0628266,50.4564526],[6.0627997,50.4564473],[6.0627728,50.456442],[6.0627459,50.4564367],[6.0627189,50.4564314],[6.062692,50.4564261],[6.0626651,50.4564208],[6.0626382,50.4564155],[6.0626113,50.4564102],[6.0625844,50.4564049],[6.0625574,50.4563996],[6.0625305,50.4563943],[6.0625036,50.456389],[6.0624767,50.4563837],[6.0624498,50.4563784],[6.0624229,50.4563731],[6.0623959,50.4563678],[6.062369,50.4563625],[6.0623421,50.4563572],[6.0623152,50.4563519],[6.0622883,50.4563466],[6.0622614,50.4563413],[6.0622345,50.456336],[6.0622075,50.4563307],[6.0621806,50.4563254],[6.0621537,50.4563201],[6.0621268,50.4563148],[6.0620999,50.4563095],[6.062073,50.4563042],[6.062046,50.4562989],[6.0620191,50.4562936],[6.0619922,50.4562883],[6.0619653,50.456283],[6.0619384,50.4562777],[6.0619115,50.4562724],[6.0618845,50.4562671],[6.0618576,50.4562618],[6.0618307,50.4562565],[6.0618038,50.4562512],[6.0617769,50.4562459],[6.06175,50.4562406],[6.0617231,50.4562353],[6.0616961,50.45623],[6.0616692,50.4562247],[6.0616423,50.4562194],[6.0616154,50.4562141],[6.0615885,50.4562088],[6.0615616,50.4562035],[6.0615346,50.4561982],[6.0615077,50.4561929],[6.0614808,50.4561876],[6.0614539,50.4561823],[6.061427,50.456177],[6.0614001,50.4561717],[6.0613732,50.4561664],[6.0613462,50.4561611],[6.0613193,50.4561558],[6.0612924,50.4561505],[6.0612655,50.4561452],[6.0612386,50.4561399],[6.0612117,50.4561346],[6.0611847,50.4561293],[6.0611578,50.456124],[6.0611309,50.4561187],[6.061104,50.4561134],[6.0610771,50.4561081],[6.0610502,50.4561028],[6.0610233,50.4560975],[6.0609963,50.4560922],[6.0609694,50.4560869],[6.0609425,50.4560816],[6.0609156,50.4560763],[6.0608887,50.456071],[6.0608618,50.4560657],[6.0608348,50.4560604],[6.0608079,50.4560551],[6.060781,50.4560498],[6.0607541,50.4560445],[6.0607272,50.4560392],[6.0607003,50.4560339],[6.0606734,50.4560286],[6.0606464,50.4560233],[6.0606195,50.456018],[6.0605926,50.4560127],[6.0605657,50.4560074],[6.0605388,50.4560021],[6.0605119,50.4559968],[6.0604849,50.4559915],[6.060458,50.4559862],[6.0604311,50.4559809],[6.0604042,50.4559756],[6.0603773,50.4559703],[6.0603504,50.455965],[6.0603235,50.4559597],[6.0602965,50.4559544],[6.0602696,50.4559491],[6.0602427,50.4559438],[6.0602158,50.4559385],[6.0601889,50.4559332],[6.060162,50.4559279],[6.060135,50.4559226],[6.0601081,50.4559173],[6.0600812,50.455912],[6.0600543,50.4559067],[6.0600274,50.4559013],[6.0600005,50.455896],[6.0599736,50.4558907],[6.0599466,50.4558854],[6.0599197,50.4558801],[6.0598928,50.4558748],[6.0598659,50.4558695],[6.059839,50.4558642],[6.0598121,50.4558589],[6.0597851,50.4558536],[6.0597582,50.4558483],[6.0597313,50.455843],[6.0597044,50.4558377],[6.0596775,50.4558324],[6.0596506,50.4558271],[6.0596237,50.4558218],[6.0595967,50.4558165],[6.0595698,50.4558112],[6.0595429,50.4558059],[6.059516,50.4558006],[6.0594891,50.4557953],[6.0594622,50.45579],[6.0594353,50.4557847],[6.0594083,50.4557794],[6.0593814,50.4557741],[6.0593545,50.4557688],[6.0593276,50.4557635],[6.0593007,50.4557582],[6.0592738,50.4557529],[6.0592468,50.4557476],[6.0592199,50.4557423],[6.059193,50.455737],[6.0591661,50.4557317],[6.0591392,50.4557264],[6.0591123,50.4557211],[6.0590854,50.4557158],[6.0590584,50.4557105],[6.0590315,50.4557052],[6.0590046,50.4556999],[6.0589777,50.4556946],[6.0589508,50.4556893],[6.0589239,50.455684],[6.058897,50.4556787],[6.05887,50.4556734],[6.0588431,50.4556681],[6.0588162,50.4556628],[6.0587893,50.4556575],[6.0587624,50.4556522],[6.0587355,50.4556469],[6.0587085,50.4556416],[6.0586816,50.4556363],[6.0586547,50.455631],[6.0586278,50.4556257],[6.0586009,50.4556204],[6.058574,50.4556151],[6.0585471,50.4556098],[6.0585201,50.4556045],[6.0584932,50.4555992],[6.0584663,50.4555939],[6.0584394,50.4555886],[6.0584125,50.4555833],[6.0583856,50.455578],[6.0583587,50.4555727],[6.0583317,50.4555674],[6.0583048,50.4555621],[6.0582779,50.4555568],[6.058251,50.4555515],[6.0582241,50.4555462],[6.0581972,50.4555409],[6.0581703,50.4555356],[6.0581433,50.4555302],[6.0581164,50.4555249],[6.0580895,50.4555196],[6.0580626,50.4555143],[6.0580357,50.455509],[6.0580088,50.4555037],[6.0579818,50.4554984],[6.0579549,50.4554931],[6.057928,50.4554878],[6.0579011,50.4554825],[6.0578742,50.4554772],[6.0578473,50.4554719],[6.0578204,50.4554666],[6.0577934,50.4554613],[6.0577665,50.455456],[6.0577396,50.4554507],[6.0577127,50.4554454],[6.0576858,50.4554401],[6.0576589,50.4554348],[6.057632,50.4554295],[6.057605,50.4554242],[6.0575781,50.4554189],[6.0575512,50.4554136],[6.0575243,50.4554083],[6.0574974,50.455403],[6.0574705,50.4553977],[6.0574436,50.4553924],[6.0574166,50.4553871],[6.0573897,50.4553818],[6.0573628,50.4553765],[6.0573359,50.4553712],[6.057309,50.4553659],[6.0572821,50.4553606],[6.0572552,50.4553553],[6.0572282,50.45535],[6.0572013,50.4553447],[6.0571744,50.4553394],[6.0571475,50.4553341],[6.0571206,50.4553288],[6.0570937,50.4553235],[6.0570668,50.4553182],[6.0570398,50.4553129],[6.0570129,50.4553076],[6.056986,50.4553023],[6.0569591,50.455297],[6.0569322,50.4552917],[6.0569053,50.4552864],[6.0568783,50.4552811],[6.0568514,50.4552758],[6.0568245,50.4552705],[6.0567976,50.4552652],[6.0567707,50.4552599],[6.0567438,50.4552546],[6.0567169,50.4552493],[6.0566899,50.455244],[6.056663,50.4552386],[6.0566361,50.4552333],[6.0566092,50.455228],[6.0565823,50.4552227],[6.0565554,50.4552174],[6.0565285,50.4552121],[6.0565015,50.4552068],[6.0564746,50.4552015],[6.0564477,50.4551962],[6.0564208,50.4551909],[6.0563939,50.4551856],[6.056367,50.4551803],[6.0563401,50.455175],[6.0563131,50.4551697],[6.0562862,50.4551644],[6.0562593,50.4551591],[6.0562324,50.4551538],[6.0562055,50.4551485],[6.0561786,50.4551432],[6.0561517,50.4551379],[6.0561247,50.4551326],[6.0560978,50.4551273],[6.0560709,50.455122],[6.056044,50.4551167],[6.0560171,50.4551114],[6.0559902,50.4551061],[6.0559633,50.4551008],[6.0559363,50.4550955],[6.0559094,50.4550902],[6.0558825,50.4550849],[6.0558556,50.4550796],[6.0558287,50.4550743],[6.0558018,50.455069],[6.0557749,50.4550637],[6.0557479,50.4550584],[6.055721,50.4550531],[6.0556941,50.4550478],[6.0556672,50.4550425],[6.0556403,50.4550372],[6.0556134,50.4550319],[6.0555865,50.4550266],[6.0555595,50.4550213],[6.0555326,50.455016],[6.0555057,50.4550107],[6.0554788,50.4550054],[6.0554519,50.4550001],[6.055425,50.4549947],[6.0553981,50.4549894],[6.0553711,50.4549841],[6.0553442,50.4549788],[6.0553173,50.4549735],[6.0552904,50.4549682],[6.0552635,50.4549629],[6.0552366,50.4549576],[6.0552097,50.4549523],[6.0551827,50.454947],[6.0551558,50.4549417],[6.0551289,50.4549364],[6.055102,50.4549311],[6.0550751,50.4549258],[6.0550482,50.4549205],[6.0550213,50.4549152],[6.0549943,50.4549099],[6.0549674,50.4549046],[6.0549405,50.4548993],[6.0549136,50.454894],[6.0548867,50.4548887],[6.0548598,50.4548834],[6.0548329,50.4548781],[6.054806,50.4548728],[6.054779,50.4548675],[6.0547521,50.4548622],[6.0547252,50.4548569],[6.0546983,50.4548516],[6.0546714,50.4548463],[6.0546445,50.454841],[6.0546176,50.4548357],[6.0545906,50.4548304],[6.0545637,50.4548251],[6.0545368,50.4548198],[6.0545099,50.4548145],[6.054483,50.4548092],[6.0544561,50.4548039],[6.0544292,50.4547986],[6.0544022,50.4547933],[6.0543753,50.454788],[6.0543484,50.4547827],[6.0543215,50.4547774],[6.0542946,50.454772],[6.0542677,50.4547667],[6.0542408,50.4547614],[6.0542138,50.4547561],[6.0541869,50.4547508],[6.05416,50.4547455],[6.0541331,50.4547402],[6.0541062,50.4547349],[6.0540793,50.4547296],[6.0540524,50.4547243],[6.0540254,50.454719],[6.0539985,50.4547137],[6.0539716,50.4547084],[6.0539447,50.4547031],[6.0539178,50.4546978],[6.0538909,50.4546925],[6.053864,50.4546872],[6.0538371,50.4546819],[6.0538101,50.4546766],[6.0537832,50.4546713],[6.0537563,50.454666],[6.0537294,50.4546607],[6.0537025,50.4546554],[6.0536756,50.4546501],[6.0536487,50.4546448],[6.0536217,50.4546395],[6.0535948,50.4546342],[6.0535679,50.4546289],[6.053541,50.4546236],[6.0535141,50.4546183],[6.0534872,50.454613],[6.0534603,50.4546077],[6.0534333,50.4546024],[6.0534064,50.4545971],[6.0533795,50.4545918],[6.0533526,50.4545865],[6.0533257,50.4545812],[6.0532988,50.4545758],[6.0532719,50.4545705],[6.0532449,50.4545652],[6.053218,50.4545599],[6.0531911,50.4545546],[6.0531642,50.4545493],[6.0531373,50.454544],[6.0531104,50.4545387],[6.0530835,50.4545334],[6.0530566,50.4545281],[6.0530296,50.4545228],[6.0530027,50.4545175],[6.0529758,50.4545122],[6.0529489,50.4545069],[6.052922,50.4545016],[6.0528951,50.4544963],[6.0528682,50.454491],[6.0528412,50.4544857],[6.0528143,50.4544804],[6.0527874,50.4544751],[6.0527605,50.4544698],[6.0527336,50.4544645],[6.0527067,50.4544592],[6.0526798,50.4544539],[6.0526528,50.4544486],[6.0526259,50.4544433],[6.052599,50.454438],[6.0525721,50.4544327],[6.0525452,50.4544274],[6.0525183,50.4544221],[6.0524914,50.4544168],[6.0524645,50.4544115],[6.0524375,50.4544062],[6.0524106,50.4544009],[6.0523837,50.4543956],[6.0523568,50.4543902],[6.0523299,50.4543849],[6.052303,50.4543796],[6.0522761,50.4543743],[6.0522491,50.454369],[6.0522222,50.4543637],[6.0521953,50.4543584],[6.0521684,50.4543531],[6.0521415,50.4543478],[6.0521146,50.4543425],[6.0520877,50.4543372],[6.0520608,50.4543319],[6.0520338,50.4543266],[6.0520069,50.4543213],[6.05198,50.454316],[6.0519531,50.4543107],[6.0519262,50.4543054],[6.0518993,50.4543001],[6.0518724,50.4542948],[6.0518454,50.4542895],[6.0518185,50.4542842],[6.0517916,50.4542789],[6.0517647,50.4542736],[6.0517378,50.4542683],[6.0517109,50.454263],[6.051684,50.4542577],[6.0516571,50.4542524],[6.0516301,50.4542471],[6.0516032,50.4542418],[6.0515763,50.4542365],[6.0515494,50.4542312],[6.0515225,50.4542259],[6.0514956,50.4542205],[6.0514687,50.4542152],[6.0514417,50.4542099],[6.0514148,50.4542046],[6.0513879,50.4541993],[6.051361,50.454194],[6.0513341,50.4541887],[6.0513072,50.4541834],[6.0512803,50.4541781],[6.0512534,50.4541728],[6.0512264,50.4541675],[6.0511995,50.4541622],[6.0511726,50.4541569],[6.0511457,50.4541516],[6.0511188,50.4541463],[6.0510919,50.454141],[6.051065,50.4541357],[6.051038,50.4541304],[6.0510111,50.4541251],[6.0509842,50.4541198],[6.0509573,50.4541145],[6.0509304,50.4541092],[6.0509035,50.4541039],[6.0508766,50.4540986],[6.0508497,50.4540933],[6.0508227,50.454088],[6.0507958,50.4540827],[6.0507689,50.4540774],[6.050742,50.4540721],[6.0507151,50.4540668],[6.0506882,50.4540614],[6.0506613,50.4540561],[6.0506343,50.4540508],[6.0506074,50.4540455],[6.0505805,50.4540402],[6.0505536,50.4540349],[6.0505267,50.4540296],[6.0504998,50.4540243],[6.0504729,50.454019],[6.050446,50.4540137],[6.050419,50.4540084],[6.0503921,50.4540031],[6.0503652,50.4539978],[6.0503383,50.4539925],[6.0503114,50.4539872],[6.0502845,50.4539819],[6.0502576,50.4539766],[6.0502307,50.4539713],[6.0502037,50.453966],[6.0501768,50.4539607],[6.0501499,50.4539554],[6.050123,50.4539501],[6.0500961,50.4539448],[6.0500692,50.4539395],[6.0500423,50.4539342],[6.0500153,50.4539289],[6.0499884,50.4539236],[6.0499615,50.4539183],[6.0499346,50.453913],[6.0499077,50.4539076],[6.0498808,50.4539023],[6.0498539,50.453897],[6.049827,50.4538917],[6.0498,50.4538864],[6.0497731,50.4538811],[6.0497462,50.4538758],[6.0497193,50.4538705],[6.0496924,50.4538652],[6.0496655,50.4538599],[6.0496386,50.4538546],[6.0496117,50.4538493],[6.0495847,50.453844],[6.0495578,50.4538387],[6.0495309,50.4538334],[6.049504,50.4538281],[6.0494771,50.4538228],[6.0494502,50.4538175],[6.0494233,50.4538122],[6.0493964,50.4538069],[6.0493694,50.4538016],[6.0493425,50.4537963],[6.0493156,50.453791],[6.0492887,50.4537857],[6.0492618,50.4537804],[6.0492349,50.4537751],[6.049208,50.4537698],[6.0491811,50.4537645],[6.0491541,50.4537591],[6.0491272,50.4537538],[6.0491003,50.4537485],[6.0490734,50.4537432],[6.0490465,50.4537379],[6.0490196,50.4537326],[6.0489927,50.4537273],[6.0489657,50.453722],[6.0489388,50.4537167],[6.0489119,50.4537114],[6.048885,50.4537061],[6.0488581,50.4537008],[6.0488312,50.4536955],[6.0488043,50.4536902],[6.0487774,50.4536849],[6.0487504,50.4536796],[6.0487235,50.4536743],[6.0486966,50.453669],[6.0486697,50.4536637],[6.0486428,50.4536584],[6.0486159,50.4536531],[6.048589,50.4536478],[6.0485621,50.4536425],[6.0485351,50.4536372],[6.0485082,50.4536319],[6.0484813,50.4536266],[6.0484544,50.4536212],[6.0484275,50.4536159],[6.0484006,50.4536106],[6.0483737,50.4536053],[6.0483468,50.4536],[6.0483198,50.4535947],[6.0482929,50.4535894],[6.048266,50.4535841],[6.0482391,50.4535788],[6.0482122,50.4535735],[6.0481853,50.4535682],[6.0481584,50.4535629],[6.0481315,50.4535576],[6.0481045,50.4535523],[6.0480776,50.453547],[6.0480507,50.4535417],[6.0480238,50.4535364],[6.0479969,50.4535311],[6.04797,50.4535258],[6.0479431,50.4535205],[6.0479162,50.4535152],[6.0478892,50.4535099],[6.0478623,50.4535046],[6.0478354,50.4534993],[6.0478085,50.453494],[6.0477816,50.4534886],[6.0477547,50.4534833],[6.0477278,50.453478],[6.0477009,50.4534727],[6.0476739,50.4534674],[6.047647,50.4534621],[6.0476201,50.4534568],[6.0475932,50.4534515],[6.0475663,50.4534462],[6.0475394,50.4534409],[6.0475125,50.4534356],[6.0474856,50.4534303],[6.0474586,50.453425],[6.0474317,50.4534197],[6.0474048,50.4534144],[6.0473779,50.4534091],[6.047351,50.4534038],[6.0473241,50.4533985],[6.0472972,50.4533932],[6.0472703,50.4533879],[6.0472433,50.4533826],[6.0472164,50.4533773],[6.0471895,50.453372],[6.0471626,50.4533667],[6.0471357,50.4533613],[6.0471088,50.453356],[6.0470819,50.4533507],[6.047055,50.4533454],[6.047028,50.4533401],[6.0470011,50.4533348],[6.0469742,50.4533295],[6.0469473,50.4533242],[6.0469204,50.4533189],[6.0468935,50.4533136],[6.0468666,50.4533083],[6.0468397,50.453303],[6.0468128,50.4532977],[6.0467858,50.4532924],[6.0467589,50.4532871],[6.046732,50.4532818],[6.0467051,50.4532765],[6.0466782,50.4532712],[6.0466513,50.4532659],[6.0466244,50.4532606],[6.0465975,50.4532553],[6.0465705,50.45325],[6.0465436,50.4532447],[6.0465167,50.4532393],[6.0464898,50.453234],[6.0464629,50.4532287],[6.046436,50.4532234],[6.0464091,50.4532181],[6.0463822,50.4532128],[6.0463552,50.4532075],[6.0463283,50.4532022],[6.0463014,50.4531969],[6.0462745,50.4531916],[6.0462476,50.4531863],[6.0462207,50.453181],[6.0461938,50.4531757],[6.0461669,50.4531704],[6.0461399,50.4531651],[6.046113,50.4531598],[6.0460861,50.4531545],[6.0460592,50.4531492],[6.0460323,50.4531439],[6.0460054,50.4531386],[6.0459785,50.4531333],[6.0459516,50.453128],[6.0459246,50.4531227],[6.0458977,50.4531173],[6.0458708,50.453112],[6.0458439,50.4531067],[6.045817,50.4531014],[6.0457901,50.4530961],[6.0457632,50.4530908],[6.0457363,50.4530855],[6.0457094,50.4530802],[6.0456824,50.4530749],[6.0456555,50.4530696],[6.0456286,50.4530643],[6.0456017,50.453059],[6.0455748,50.4530537],[6.0455479,50.4530484],[6.045521,50.4530431],[6.0454941,50.4530378],[6.0454671,50.4530325],[6.0454402,50.4530272],[6.0454133,50.4530219],[6.0453864,50.4530166],[6.0453595,50.4530113],[6.0453326,50.453006],[6.0453057,50.4530006],[6.0452788,50.4529953],[6.0452519,50.45299],[6.0452249,50.4529847],[6.045198,50.4529794],[6.0451711,50.4529741],[6.0451442,50.4529688],[6.0451173,50.4529635],[6.0450904,50.4529582],[6.0450635,50.4529529],[6.0450366,50.4529476],[6.0450096,50.4529423],[6.0449827,50.452937],[6.0449558,50.4529317],[6.0449289,50.4529264],[6.044902,50.4529211],[6.0448751,50.4529158],[6.0448482,50.4529105],[6.0448213,50.4529052],[6.0447943,50.4528999],[6.0447674,50.4528946],[6.0447405,50.4528892],[6.0447136,50.4528839],[6.0446867,50.4528786],[6.0446598,50.4528733],[6.0446329,50.452868],[6.044606,50.4528627],[6.0445791,50.4528574],[6.0445521,50.4528521],[6.0445252,50.4528468],[6.0444983,50.4528415],[6.0444714,50.4528362],[6.0444445,50.4528309],[6.0444176,50.4528256],[6.0443907,50.4528203],[6.0443638,50.452815],[6.0443368,50.4528097],[6.0443099,50.4528044],[6.044283,50.4527991],[6.0442561,50.4527938],[6.0442292,50.4527885],[6.0442023,50.4527832],[6.0441754,50.4527778],[6.0441485,50.4527725],[6.0441216,50.4527672],[6.0440946,50.4527619],[6.0440677,50.4527566],[6.0440408,50.4527513],[6.0440139,50.452746],[6.043987,50.4527407],[6.0439601,50.4527354],[6.0439332,50.4527301],[6.0439063,50.4527248],[6.0438794,50.4527195],[6.0438524,50.4527142],[6.0438255,50.4527089],[6.0437986,50.4527036],[6.0437717,50.4526983],[6.0437448,50.452693],[6.0437179,50.4526877],[6.043691,50.4526824],[6.0436641,50.4526771],[6.0436371,50.4526717],[6.0436102,50.4526664],[6.0435833,50.4526611],[6.0435564,50.4526558],[6.0435295,50.4526505],[6.0435026,50.4526452],[6.0434757,50.4526399],[6.0434488,50.4526346],[6.0434219,50.4526293],[6.0433949,50.452624],[6.043368,50.4526187],[6.0433411,50.4526134],[6.0433142,50.4526081],[6.0432873,50.4526028],[6.0432604,50.4525975],[6.0432335,50.4525922],[6.0432066,50.4525869],[6.0431797,50.4525816],[6.0431527,50.4525763],[6.0431258,50.452571],[6.0430989,50.4525656],[6.043072,50.4525603],[6.0430451,50.452555],[6.0430182,50.4525497],[6.0429913,50.4525444],[6.0429644,50.4525391],[6.0429374,50.4525338],[6.0429105,50.4525285],[6.0428836,50.4525232],[6.0428567,50.4525179],[6.0428298,50.4525126],[6.0428029,50.4525073],[6.042776,50.452502],[6.0427491,50.4524967],[6.0427222,50.4524914],[6.0426952,50.4524861],[6.0426683,50.4524808],[6.0426414,50.4524755],[6.0426145,50.4524702],[6.0425876,50.4524648],[6.0425607,50.4524595],[6.0425338,50.4524542],[6.0425069,50.4524489],[6.04248,50.4524436],[6.042453,50.4524383],[6.0424261,50.452433],[6.0423992,50.4524277],[6.0423723,50.4524224],[6.0423454,50.4524171],[6.0423185,50.4524118],[6.0422916,50.4524065],[6.0422647,50.4524012],[6.0422378,50.4523959],[6.0422108,50.4523906],[6.0421839,50.4523853],[6.042157,50.45238],[6.0421301,50.4523747],[6.0421032,50.4523694],[6.0420763,50.452364],[6.0420494,50.4523587],[6.0420225,50.4523534],[6.0419956,50.4523481],[6.0419686,50.4523428],[6.0419417,50.4523375],[6.0419148,50.4523322],[6.0418879,50.4523269],[6.041861,50.4523216],[6.0418341,50.4523163],[6.0418072,50.452311],[6.0417803,50.4523057],[6.0417534,50.4523004],[6.0417264,50.4522951],[6.0416995,50.4522898],[6.0416726,50.4522845],[6.0416457,50.4522792],[6.0416188,50.4522739],[6.0415919,50.4522685],[6.041565,50.4522632],[6.0415381,50.4522579],[6.0415112,50.4522526],[6.0414842,50.4522473],[6.0414573,50.452242],[6.0414304,50.4522367],[6.0414035,50.4522314],[6.0413766,50.4522261],[6.0413497,50.4522208],[6.0413228,50.4522155],[6.0412959,50.4522102],[6.041269,50.4522049],[6.041242,50.4521996],[6.0412151,50.4521943],[6.0411882,50.452189],[6.0411613,50.4521837],[6.0411344,50.4521784],[6.0411075,50.452173],[6.0410806,50.4521677],[6.0410537,50.4521624],[6.0410268,50.4521571],[6.0409998,50.4521518],[6.0409729,50.4521465],[6.040946,50.4521412],[6.0409191,50.4521359],[6.0408922,50.4521306],[6.0408653,50.4521253],[6.0408384,50.45212],[6.0408115,50.4521147],[6.0407846,50.4521094],[6.0407576,50.4521041],[6.0407307,50.4520988],[6.0407038,50.4520935],[6.0406769,50.4520882],[6.04065,50.4520829],[6.0406231,50.4520775],[6.0405962,50.4520722],[6.0405693,50.4520669],[6.0405424,50.4520616],[6.0405154,50.4520563],[6.0404885,50.452051],[6.0404616,50.4520457],[6.0404347,50.4520404],[6.0404078,50.4520351],[6.0403809,50.4520298],[6.040354,50.4520245],[6.0403271,50.4520192],[6.0403002,50.4520139],[6.0402733,50.4520086],[6.0402463,50.4520033],[6.0402194,50.451998],[6.0401925,50.4519927],[6.0401656,50.4519873],[6.0401387,50.451982],[6.0401118,50.4519767],[6.0400849,50.4519714],[6.040058,50.4519661],[6.0400311,50.4519608],[6.0400041,50.4519555],[6.0399772,50.4519502],[6.0399503,50.4519449],[6.0399234,50.4519396],[6.0398965,50.4519343],[6.0398696,50.451929],[6.0398427,50.4519237],[6.0398158,50.4519184],[6.0397889,50.4519131],[6.0397619,50.4519078],[6.039735,50.4519025],[6.0397081,50.4518971],[6.0396812,50.4518918],[6.0396543,50.4518865],[6.0396274,50.4518812],[6.0396005,50.4518759],[6.0395736,50.4518706],[6.0395467,50.4518653],[6.0395198,50.45186],[6.0394928,50.4518547],[6.0394659,50.4518494],[6.039439,50.4518441],[6.0394121,50.4518388],[6.0393852,50.4518335],[6.0393583,50.4518282],[6.0393314,50.4518229],[6.0393045,50.4518176],[6.0392776,50.4518123],[6.0392506,50.4518069],[6.0392237,50.4518016],[6.0391968,50.4517963],[6.0391699,50.451791],[6.039143,50.4517857],[6.0391161,50.4517804],[6.0390892,50.4517751],[6.0390623,50.4517698],[6.0390354,50.4517645],[6.0390085,50.4517592],[6.0389815,50.4517539],[6.0389546,50.4517486],[6.0389277,50.4517433],[6.0389008,50.451738],[6.0388739,50.4517327],[6.038847,50.4517274],[6.0388201,50.451722],[6.0387932,50.4517167],[6.0387663,50.4517114],[6.0387393,50.4517061],[6.0387124,50.4517008],[6.0386855,50.4516955],[6.0386586,50.4516902],[6.0386317,50.4516849],[6.0386048,50.4516796],[6.0385779,50.4516743],[6.038551,50.451669],[6.0385241,50.4516637],[6.0384972,50.4516584],[6.0384702,50.4516531],[6.0384433,50.4516478],[6.0384164,50.4516425],[6.0383895,50.4516372],[6.0383626,50.4516318],[6.0383357,50.4516265],[6.0383088,50.4516212],[6.0382819,50.4516159],[6.038255,50.4516106],[6.0382281,50.4516053],[6.0382011,50.4516],[6.0381742,50.4515947],[6.0381473,50.4515894],[6.0381204,50.4515841],[6.0380935,50.4515788],[6.0380666,50.4515735],[6.0380397,50.4515682],[6.0380128,50.4515629],[6.0379859,50.4515576],[6.0379589,50.4515523],[6.037932,50.4515469],[6.0379051,50.4515416],[6.0378782,50.4515363],[6.0378513,50.451531],[6.0378244,50.4515257],[6.0377975,50.4515204],[6.0377706,50.4515151],[6.0377437,50.4515098],[6.0377168,50.4515045],[6.0376898,50.4514992],[6.0376629,50.4514939],[6.037636,50.4514886],[6.0376091,50.4514833],[6.0375822,50.451478],[6.0375553,50.4514727],[6.0375284,50.4514673],[6.0375015,50.451462],[6.0374746,50.4514567],[6.0374477,50.4514514],[6.0374207,50.4514461],[6.0373938,50.4514408],[6.0373669,50.4514355],[6.03734,50.4514302],[6.0373131,50.4514249],[6.0372862,50.4514196],[6.0372593,50.4514143],[6.0372324,50.451409],[6.0372055,50.4514037],[6.0371786,50.4513984],[6.0371516,50.4513931],[6.0371247,50.4513878],[6.0370978,50.4513824],[6.0370709,50.4513771],[6.037044,50.4513718],[6.0370171,50.4513665],[6.0369902,50.4513612],[6.0369633,50.4513559],[6.0369364,50.4513506],[6.0369095,50.4513453],[6.0368825,50.45134],[6.0368556,50.4513347],[6.0368287,50.4513294],[6.0368018,50.4513241],[6.0367749,50.4513188],[6.036748,50.4513135],[6.0367211,50.4513082],[6.0366942,50.4513028],[6.0366673,50.4512975],[6.0366404,50.4512922],[6.0366134,50.4512869],[6.0365865,50.4512816],[6.0365596,50.4512763],[6.0365327,50.451271],[6.0365058,50.4512657],[6.0364789,50.4512604],[6.036452,50.4512551],[6.0364251,50.4512498],[6.0363982,50.4512445],[6.0363713,50.4512392],[6.0363443,50.4512339],[6.0363174,50.4512286],[6.0362905,50.4512232],[6.0362636,50.4512179],[6.0362367,50.4512126],[6.0362098,50.4512073],[6.0361829,50.451202],[6.036156,50.4511967],[6.0361291,50.4511914],[6.0361022,50.4511861],[6.0360752,50.4511808],[6.0360483,50.4511755],[6.0360214,50.4511702],[6.0359945,50.4511649],[6.0359676,50.4511596],[6.0359407,50.4511543],[6.0359138,50.451149],[6.0358869,50.4511436],[6.03586,50.4511383],[6.0358331,50.451133],[6.0358061,50.4511277],[6.0357792,50.4511224],[6.0357523,50.4511171],[6.0357254,50.4511118],[6.0356985,50.4511065],[6.0356716,50.4511012],[6.0356447,50.4510959],[6.0356178,50.4510906],[6.0355909,50.4510853],[6.035564,50.45108],[6.035537,50.4510747],[6.0355101,50.4510693],[6.0354832,50.451064],[6.0354563,50.4510587],[6.0354294,50.4510534],[6.0354025,50.4510481],[6.0353756,50.4510428],[6.0353487,50.4510375],[6.0353218,50.4510322],[6.0352949,50.4510269],[6.035268,50.4510216],[6.035241,50.4510163],[6.0352141,50.451011],[6.0351872,50.4510057],[6.0351603,50.4510004],[6.0351334,50.4509951],[6.0351065,50.4509897],[6.0350796,50.4509844],[6.0350527,50.4509791],[6.0350258,50.4509738],[6.0349989,50.4509685],[6.0349719,50.4509632],[6.034945,50.4509579],[6.0349181,50.4509526],[6.0348912,50.4509473],[6.0348643,50.450942],[6.0348374,50.4509367],[6.0348105,50.4509314],[6.0347836,50.4509261],[6.0347567,50.4509208],[6.0347298,50.4509154],[6.0347028,50.4509101],[6.0346759,50.4509048],[6.034649,50.4508995],[6.0346221,50.4508942],[6.0345952,50.4508889],[6.0345683,50.4508836],[6.0345414,50.4508783],[6.0345145,50.450873],[6.0344876,50.4508677],[6.0344607,50.4508624],[6.0344338,50.4508571],[6.0344068,50.4508518],[6.0343799,50.4508465],[6.034353,50.4508411],[6.0343261,50.4508358],[6.0342992,50.4508305],[6.0342723,50.4508252],[6.0342454,50.4508199],[6.0342185,50.4508146],[6.0341916,50.4508093],[6.0341647,50.450804],[6.0341378,50.4507987],[6.0341108,50.4507934],[6.0340839,50.4507881],[6.034057,50.4507828],[6.0340301,50.4507775],[6.0340032,50.4507722],[6.0339763,50.4507668],[6.0339494,50.4507615],[6.0339225,50.4507562],[6.0338956,50.4507509],[6.0338687,50.4507456],[6.0338417,50.4507403],[6.0338148,50.450735],[6.0337879,50.4507297],[6.033761,50.4507244],[6.0337341,50.4507191],[6.0337072,50.4507138],[6.0336803,50.4507085],[6.0336534,50.4507032],[6.0336265,50.4506978],[6.0335996,50.4506925],[6.0335727,50.4506872],[6.0335457,50.4506819],[6.0335188,50.4506766],[6.0334919,50.4506713],[6.033465,50.450666],[6.0334381,50.4506607],[6.0334112,50.4506554],[6.0333843,50.4506501],[6.0333574,50.4506448],[6.0333305,50.4506395],[6.0333036,50.4506342],[6.0332767,50.4506289],[6.0332497,50.4506235],[6.0332228,50.4506182],[6.0331959,50.4506129],[6.033169,50.4506076],[6.0331421,50.4506023],[6.0331152,50.450597],[6.0330883,50.4505917],[6.0330614,50.4505864],[6.0330345,50.4505811],[6.0330076,50.4505758],[6.0329807,50.4505705],[6.0329537,50.4505652],[6.0329268,50.4505599],[6.0328999,50.4505545],[6.032873,50.4505492],[6.0328461,50.4505439],[6.0328192,50.4505386],[6.0327923,50.4505333],[6.0327654,50.450528],[6.0327385,50.4505227],[6.0327116,50.4505174],[6.0326847,50.4505121],[6.0326577,50.4505068],[6.0326308,50.4505015],[6.0326039,50.4504962],[6.032577,50.4504909],[6.0325501,50.4504856],[6.0325232,50.4504802],[6.0324963,50.4504749],[6.0324694,50.4504696],[6.0324425,50.4504643],[6.0324156,50.450459],[6.0323887,50.4504537],[6.0323617,50.4504484],[6.0323348,50.4504431],[6.0323079,50.4504378],[6.032281,50.4504325],[6.0322541,50.4504272],[6.0322272,50.4504219],[6.0322003,50.4504166],[6.0321734,50.4504112],[6.0321465,50.4504059],[6.0321196,50.4504006],[6.0320927,50.4503953],[6.0320657,50.45039],[6.0320388,50.4503847],[6.0320119,50.4503794],[6.031985,50.4503741],[6.0319581,50.4503688],[6.0319312,50.4503635],[6.0319043,50.4503582],[6.0318774,50.4503529],[6.0318505,50.4503476],[6.0318236,50.4503422],[6.0317967,50.4503369],[6.0317697,50.4503316],[6.0317428,50.4503263],[6.0317159,50.450321],[6.031689,50.4503157],[6.0316621,50.4503104],[6.0316352,50.4503051],[6.0316083,50.4502998],[6.0315814,50.4502945],[6.0315545,50.4502892],[6.0315276,50.4502839],[6.0315007,50.4502786],[6.0314737,50.4502732],[6.0314468,50.4502679],[6.0314199,50.4502626],[6.031393,50.4502573],[6.0313661,50.450252],[6.0313392,50.4502467],[6.0313123,50.4502414],[6.0312854,50.4502361],[6.0312585,50.4502308],[6.0312316,50.4502255],[6.0312047,50.4502202],[6.0311778,50.4502149],[6.0311508,50.4502095],[6.0311239,50.4502042],[6.031097,50.4501989],[6.0310701,50.4501936],[6.0310432,50.4501883],[6.0310163,50.450183],[6.0309894,50.4501777],[6.0309625,50.4501724],[6.0309356,50.4501671],[6.0309087,50.4501618],[6.0308818,50.4501565],[6.0308548,50.4501512],[6.0308279,50.4501459],[6.030801,50.4501405],[6.0307741,50.4501352],[6.0307472,50.4501299],[6.0307203,50.4501246],[6.0306934,50.4501193],[6.0306665,50.450114],[6.0306396,50.4501087],[6.0306127,50.4501034],[6.0305858,50.4500981],[6.0305589,50.4500928],[6.0305319,50.4500875],[6.030505,50.4500822],[6.0304781,50.4500768],[6.0304512,50.4500715],[6.0304243,50.4500662],[6.0303974,50.4500609],[6.0303705,50.4500556],[6.0303436,50.4500503],[6.0303167,50.450045],[6.0302898,50.4500397],[6.0302629,50.4500344],[6.0302359,50.4500291],[6.030209,50.4500238],[6.0301821,50.4500185],[6.0301552,50.4500132],[6.0301283,50.4500078],[6.0301014,50.4500025],[6.0300745,50.4499972],[6.0300476,50.4499919],[6.0300207,50.4499866],[6.0299938,50.4499813],[6.0299669,50.449976],[6.02994,50.4499707],[6.029913,50.4499654],[6.0298861,50.4499601],[6.0298592,50.4499548],[6.0298323,50.4499495],[6.0298054,50.4499441],[6.0297785,50.4499388],[6.0297516,50.4499335],[6.0297247,50.4499282],[6.0296978,50.4499229],[6.0296709,50.4499176],[6.029644,50.4499123],[6.0296171,50.449907],[6.0295901,50.4499017],[6.0295632,50.4498964],[6.0295363,50.4498911],[6.0295094,50.4498858],[6.0294825,50.4498804],[6.0294556,50.4498751],[6.0294287,50.4498698],[6.0294018,50.4498645],[6.0293749,50.4498592],[6.029348,50.4498539],[6.0293211,50.4498486],[6.0292942,50.4498433],[6.0292672,50.449838],[6.0292403,50.4498327],[6.0292134,50.4498274],[6.0291865,50.4498221],[6.0291596,50.4498167],[6.0291327,50.4498114],[6.0291058,50.4498061],[6.0290789,50.4498008],[6.029052,50.4497955],[6.0290251,50.4497902],[6.0289982,50.4497849],[6.0289713,50.4497796],[6.0289443,50.4497743],[6.0289174,50.449769],[6.0288905,50.4497637],[6.0288636,50.4497584],[6.0288367,50.449753],[6.0288098,50.4497477],[6.0287829,50.4497424],[6.028756,50.4497371],[6.0287291,50.4497318],[6.0287022,50.4497265],[6.0286753,50.4497212],[6.0286484,50.4497159],[6.0286214,50.4497106],[6.0285945,50.4497053],[6.0285676,50.4497],[6.0285407,50.4496947],[6.0285138,50.4496893],[6.0284869,50.449684],[6.02846,50.4496787],[6.0284331,50.4496734],[6.0284062,50.4496681],[6.0283793,50.4496628],[6.0283524,50.4496575],[6.0283255,50.4496522],[6.0282985,50.4496469],[6.0282716,50.4496416],[6.0282447,50.4496363],[6.0282178,50.4496309],[6.0281909,50.4496256],[6.028164,50.4496203],[6.0281371,50.449615],[6.0281102,50.4496097],[6.0280833,50.4496044],[6.0280564,50.4495991],[6.0280295,50.4495938],[6.0280026,50.4495885],[6.0279757,50.4495832],[6.0279487,50.4495779],[6.0279218,50.4495726],[6.0278949,50.4495672],[6.027868,50.4495619],[6.0278411,50.4495566],[6.0278142,50.4495513],[6.0277873,50.449546],[6.0277604,50.4495407],[6.0277335,50.4495354],[6.0277066,50.4495301],[6.0276797,50.4495248],[6.0276528,50.4495195],[6.0276258,50.4495142],[6.0275989,50.4495088],[6.027572,50.4495035],[6.0275451,50.4494982],[6.0275182,50.4494929],[6.0274913,50.4494876],[6.0274644,50.4494823],[6.0274375,50.449477],[6.0274106,50.4494717],[6.0273837,50.4494664],[6.0273568,50.4494611],[6.0273299,50.4494558],[6.027303,50.4494505],[6.027276,50.4494451],[6.0272491,50.4494398],[6.0272222,50.4494345],[6.0271953,50.4494292],[6.0271684,50.4494239],[6.0271415,50.4494186],[6.0271146,50.4494133],[6.0270877,50.449408],[6.0270608,50.4494027],[6.0270339,50.4493974],[6.027007,50.4493921],[6.0269801,50.4493867],[6.0269532,50.4493814],[6.0269262,50.4493761],[6.0268993,50.4493708],[6.0268724,50.4493655],[6.0268455,50.4493602],[6.0268186,50.4493549],[6.0267917,50.4493496],[6.0267648,50.4493443],[6.0267379,50.449339],[6.026711,50.4493337],[6.0266841,50.4493283],[6.0266572,50.449323],[6.0266303,50.4493177],[6.0266034,50.4493124],[6.0265764,50.4493071],[6.0265495,50.4493018],[6.0265226,50.4492965],[6.0264957,50.4492912],[6.0264688,50.4492859],[6.0264419,50.4492806],[6.026415,50.4492753],[6.0263881,50.44927],[6.0263612,50.4492646],[6.0263343,50.4492593],[6.0263074,50.449254],[6.0262805,50.4492487],[6.0262536,50.4492434],[6.0262266,50.4492381],[6.0261997,50.4492328],[6.0261728,50.4492275],[6.0261459,50.4492222],[6.026119,50.4492169],[6.0260921,50.4492116],[6.0260652,50.4492062],[6.0260383,50.4492009],[6.0260114,50.4491956],[6.0259845,50.4491903],[6.0259576,50.449185],[6.0259307,50.4491797],[6.0259038,50.4491744],[6.0258768,50.4491691],[6.0258499,50.4491638],[6.025823,50.4491585],[6.0257961,50.4491532],[6.0257692,50.4491478],[6.0257423,50.4491425],[6.0257154,50.4491372],[6.0256885,50.4491319],[6.0256616,50.4491266],[6.0256347,50.4491213],[6.0256078,50.449116],[6.0255809,50.4491107],[6.025554,50.4491054],[6.025527,50.4491001],[6.0255001,50.4490947],[6.0254732,50.4490894],[6.0254463,50.4490841],[6.0254194,50.4490788],[6.0253925,50.4490735],[6.0253656,50.4490682],[6.0253387,50.4490629],[6.0253118,50.4490576],[6.0252849,50.4490523],[6.025258,50.449047],[6.0252311,50.4490417],[6.0252042,50.4490363],[6.0251772,50.449031],[6.0251503,50.4490257],[6.0251234,50.4490204],[6.0250965,50.4490151],[6.0250696,50.4490098],[6.0250427,50.4490045],[6.0250158,50.4489992],[6.0249889,50.4489939],[6.024962,50.4489886],[6.0249351,50.4489833],[6.0249082,50.4489779],[6.0248813,50.4489726],[6.0248544,50.4489673],[6.0248275,50.448962],[6.0248005,50.4489567],[6.0247736,50.4489514],[6.0247467,50.4489461],[6.0247198,50.4489408],[6.0246929,50.4489355],[6.024666,50.4489302],[6.0246391,50.4489249],[6.0246122,50.4489195],[6.0245853,50.4489142],[6.0245584,50.4489089],[6.0245315,50.4489036],[6.0245046,50.4488983],[6.0244777,50.448893],[6.0244508,50.4488877],[6.0244238,50.4488824],[6.0243969,50.4488771],[6.02437,50.4488718],[6.0243431,50.4488664],[6.0243162,50.4488611],[6.0242893,50.4488558],[6.0242624,50.4488505],[6.0242355,50.4488452],[6.0242086,50.4488399],[6.0241817,50.4488346],[6.0241548,50.4488293],[6.0241279,50.448824],[6.024101,50.4488187],[6.0240741,50.4488134],[6.0240471,50.448808],[6.0240202,50.4488027],[6.0239933,50.4487974],[6.0239664,50.4487921],[6.0239395,50.4487868],[6.0239126,50.4487815],[6.0238857,50.4487762],[6.0238588,50.4487709],[6.0238319,50.4487656],[6.023805,50.4487603],[6.0237781,50.4487549],[6.0237512,50.4487496],[6.0237243,50.4487443],[6.0236974,50.448739],[6.0236704,50.4487337],[6.0236435,50.4487284],[6.0236166,50.4487231],[6.0235897,50.4487178],[6.0235628,50.4487125],[6.0235359,50.4487072],[6.023509,50.4487019],[6.0234821,50.4486965],[6.0234552,50.4486912],[6.0234283,50.4486859],[6.0234014,50.4486806],[6.0233745,50.4486753],[6.0233476,50.44867],[6.0233207,50.4486647],[6.0232937,50.4486594],[6.0232668,50.4486541],[6.0232399,50.4486488],[6.023213,50.4486434],[6.0231861,50.4486381],[6.0231592,50.4486328],[6.0231323,50.4486275],[6.0231054,50.4486222],[6.0230785,50.4486169],[6.0230516,50.4486116],[6.0230247,50.4486063],[6.0229978,50.448601],[6.0229709,50.4485957],[6.022944,50.4485903],[6.022917,50.448585],[6.0228901,50.4485797],[6.0228632,50.4485744],[6.0228363,50.4485691],[6.0228094,50.4485638],[6.0227825,50.4485585],[6.0227556,50.4485532],[6.0227287,50.4485479],[6.0227018,50.4485426],[6.0226749,50.4485372],[6.022648,50.4485319],[6.0226211,50.4485266],[6.0225942,50.4485213],[6.0225673,50.448516],[6.0225404,50.4485107],[6.0225134,50.4485054],[6.0224865,50.4485001],[6.0224596,50.4484948],[6.0224327,50.4484895],[6.0224058,50.4484841],[6.0223789,50.4484788],[6.022352,50.4484735],[6.0223251,50.4484682],[6.0222982,50.4484629],[6.0222713,50.4484576],[6.0222444,50.4484523],[6.0222175,50.448447],[6.0221906,50.4484417],[6.0221637,50.4484364],[6.0221368,50.448431],[6.0221098,50.4484257],[6.0220829,50.4484204],[6.022056,50.4484151],[6.0220291,50.4484098],[6.0220022,50.4484045],[6.0219753,50.4483992],[6.0219484,50.4483939],[6.0219215,50.4483886],[6.0218946,50.4483833],[6.0218677,50.4483779],[6.0218408,50.4483726],[6.0218139,50.4483673],[6.021787,50.448362],[6.0217601,50.4483567],[6.0217331,50.4483514],[6.0217062,50.4483461],[6.0216793,50.4483408],[6.0216524,50.4483355],[6.0216255,50.4483302],[6.0215986,50.4483248],[6.0215717,50.4483195],[6.0215448,50.4483142],[6.0215179,50.4483089],[6.021491,50.4483036],[6.0214641,50.4482983],[6.0214372,50.448293],[6.0214103,50.4482877],[6.0213834,50.4482824],[6.0213565,50.4482771],[6.0213296,50.4482717],[6.0213026,50.4482664],[6.0212757,50.4482611],[6.0212488,50.4482558],[6.0212219,50.4482505],[6.021195,50.4482452],[6.0211681,50.4482399],[6.0211412,50.4482346],[6.0211143,50.4482293],[6.0210874,50.448224],[6.0210605,50.4482186],[6.0210336,50.4482133],[6.0210067,50.448208],[6.0209798,50.4482027],[6.0209529,50.4481974],[6.020926,50.4481921],[6.020899,50.4481868],[6.0208721,50.4481815],[6.0208452,50.4481762],[6.0208183,50.4481709],[6.0207914,50.4481655],[6.0207645,50.4481602],[6.0207376,50.4481549],[6.0207107,50.4481496],[6.0206838,50.4481443],[6.0206569,50.448139],[6.02063,50.4481337],[6.0206031,50.4481284],[6.0205762,50.4481231],[6.0205493,50.4481177],[6.0205224,50.4481124],[6.0204955,50.4481071],[6.0204685,50.4481018],[6.0204416,50.4480965],[6.0204147,50.4480912],[6.0203878,50.4480859],[6.0203609,50.4480806],[6.020334,50.4480753],[6.0203071,50.44807],[6.0202802,50.4480646],[6.0202533,50.4480593],[6.0202264,50.448054],[6.0201995,50.4480487],[6.0201726,50.4480434],[6.0201457,50.4480381],[6.0201188,50.4480328],[6.0200919,50.4480275],[6.0200649,50.4480222],[6.020038,50.4480168],[6.0200111,50.4480115],[6.0199842,50.4480062],[6.0199573,50.4480009],[6.0199304,50.4479956],[6.0199035,50.4479903],[6.0198766,50.447985],[6.0198497,50.4479797],[6.0198228,50.4479744],[6.0197959,50.4479691],[6.019769,50.4479637],[6.0197421,50.4479584],[6.0197152,50.4479531],[6.0196883,50.4479478],[6.0196614,50.4479425],[6.0196345,50.4479372],[6.0196075,50.4479319],[6.0195806,50.4479266],[6.0195537,50.4479213],[6.0195268,50.4479159],[6.0194999,50.4479106],[6.019473,50.4479053],[6.0194461,50.4479],[6.0194192,50.4478947],[6.0193923,50.4478894],[6.0193654,50.4478841],[6.0193385,50.4478788],[6.0193116,50.4478735],[6.0192847,50.4478682],[6.0192578,50.4478628],[6.0192309,50.4478575],[6.019204,50.4478522],[6.019177,50.4478469],[6.0191501,50.4478416],[6.0191232,50.4478363],[6.0190963,50.447831],[6.0190694,50.4478257],[6.0190425,50.4478204],[6.0190156,50.447815],[6.0189887,50.4478097],[6.0189618,50.4478044],[6.0189349,50.4477991],[6.018908,50.4477938],[6.0188811,50.4477885],[6.0188542,50.4477832],[6.0188273,50.4477779],[6.0188004,50.4477726],[6.0187735,50.4477672],[6.0187465,50.4477619],[6.0187196,50.4477566],[6.0186927,50.4477513],[6.0186658,50.447746],[6.0186389,50.4477407],[6.018612,50.4477354],[6.0185851,50.4477301],[6.0185582,50.4477248],[6.0185313,50.4477195],[6.0185044,50.4477141],[6.0184775,50.4477088],[6.0184506,50.4477035],[6.0184237,50.4476982],[6.0183968,50.4476929],[6.0183699,50.4476876],[6.018343,50.4476823],[6.0183161,50.447677],[6.0182891,50.4476717],[6.0182622,50.4476663],[6.0182353,50.447661],[6.0182084,50.4476557],[6.0181815,50.4476504],[6.0181546,50.4476451],[6.0181277,50.4476398],[6.0181008,50.4476345],[6.0180739,50.4476292],[6.018047,50.4476239],[6.0180201,50.4476185],[6.0179932,50.4476132],[6.0179663,50.4476079],[6.0179394,50.4476026],[6.0179125,50.4475973],[6.0178856,50.447592],[6.0178587,50.4475867],[6.0178318,50.4475814],[6.0178048,50.4475761],[6.0177779,50.4475707],[6.017751,50.4475654],[6.0177241,50.4475601],[6.0176972,50.4475548],[6.0176703,50.4475495],[6.0176434,50.4475442],[6.0176165,50.4475389],[6.0175896,50.4475336],[6.0175627,50.4475283],[6.0175358,50.4475229],[6.0175089,50.4475176],[6.017482,50.4475123],[6.0174551,50.447507],[6.0174282,50.4475017],[6.0174013,50.4474964],[6.0173744,50.4474911],[6.0173474,50.4474858],[6.0173205,50.4474805],[6.0172936,50.4474751],[6.0172667,50.4474698],[6.0172398,50.4474645],[6.0172129,50.4474592],[6.017186,50.4474539],[6.0171591,50.4474486],[6.0171322,50.4474433],[6.0171053,50.447438],[6.0170784,50.4474327],[6.0170515,50.4474273],[6.0170246,50.447422],[6.0169977,50.4474167],[6.0169708,50.4474114],[6.0169439,50.4474061],[6.016917,50.4474008],[6.0168901,50.4473955],[6.0168631,50.4473902],[6.0168362,50.4473849],[6.0168093,50.4473795],[6.0167824,50.4473742],[6.0167555,50.4473689],[6.0167286,50.4473636],[6.0167017,50.4473583],[6.0166748,50.447353],[6.0166479,50.4473477],[6.016621,50.4473424],[6.0165941,50.4473371],[6.0165672,50.4473317],[6.0165403,50.4473264],[6.0165134,50.4473211],[6.0164865,50.4473158],[6.0164596,50.4473105],[6.0164327,50.4473052],[6.0164058,50.4472999],[6.0163788,50.4472946],[6.0163519,50.4472893],[6.016325,50.4472839],[6.0162981,50.4472786],[6.0162712,50.4472733],[6.0162443,50.447268],[6.0162174,50.4472627],[6.0161905,50.4472574],[6.0161636,50.4472521],[6.0161367,50.4472468],[6.0161098,50.4472415],[6.0160829,50.4472361],[6.016056,50.4472308],[6.0160291,50.4472255],[6.0160022,50.4472202],[6.0159753,50.4472149],[6.0159484,50.4472096],[6.0159215,50.4472043],[6.0158946,50.447199],[6.0158676,50.4471936],[6.0158407,50.4471883],[6.0158138,50.447183],[6.0157869,50.4471777],[6.01576,50.4471724],[6.0157331,50.4471671],[6.0157062,50.4471618],[6.0156793,50.4471565],[6.0156524,50.4471512],[6.0156255,50.4471458],[6.0155986,50.4471405],[6.0155717,50.4471352],[6.0155448,50.4471299],[6.0155179,50.4471246],[6.015491,50.4471193],[6.0154641,50.447114],[6.0154372,50.4471087],[6.0154103,50.4471034],[6.0153834,50.447098],[6.0153564,50.4470927],[6.0153295,50.4470874],[6.0153026,50.4470821],[6.0152757,50.4470768],[6.0152488,50.4470715],[6.0152219,50.4470662],[6.015195,50.4470609],[6.0151681,50.4470555],[6.0151412,50.4470502],[6.0151143,50.4470449],[6.0150874,50.4470396],[6.0150605,50.4470343],[6.0150336,50.447029],[6.0150067,50.4470237],[6.0149798,50.4470184],[6.0149529,50.4470131],[6.014926,50.4470077],[6.0148991,50.4470024],[6.0148722,50.4469971],[6.0148452,50.4469918],[6.0148183,50.4469865],[6.0147914,50.4469812],[6.0147645,50.4469759],[6.0147376,50.4469706],[6.0147107,50.4469653],[6.0146838,50.4469599],[6.0146569,50.4469546],[6.01463,50.4469493],[6.0146031,50.446944],[6.0145762,50.4469387],[6.0145493,50.4469334],[6.0145224,50.4469281],[6.0144955,50.4469228],[6.0144686,50.4469174],[6.0144417,50.4469121],[6.0144148,50.4469068],[6.0143879,50.4469015],[6.014361,50.4468962],[6.0143341,50.4468909],[6.0143071,50.4468856],[6.0142802,50.4468803],[6.0142533,50.446875],[6.0142264,50.4468696],[6.0141995,50.4468643],[6.0141726,50.446859],[6.0141457,50.4468537],[6.0141188,50.4468484],[6.0140919,50.4468431],[6.014065,50.4468378],[6.0140381,50.4468325],[6.0140112,50.4468271],[6.0139843,50.4468218],[6.0139574,50.4468165],[6.0139305,50.4468112],[6.0139036,50.4468059],[6.0138767,50.4468006],[6.0138498,50.4467953],[6.0138229,50.44679],[6.013796,50.4467846],[6.013769,50.4467793],[6.0137421,50.446774],[6.0137152,50.4467687],[6.0136883,50.4467634],[6.0136614,50.4467581],[6.0136345,50.4467528],[6.0136076,50.4467475],[6.0135807,50.4467422],[6.0135538,50.4467368],[6.0135269,50.4467315],[6.0135,50.4467262],[6.0134731,50.4467209],[6.0134462,50.4467156],[6.0134193,50.4467103],[6.0133924,50.446705],[6.0133655,50.4466997],[6.0133386,50.4466943],[6.0133117,50.446689],[6.0132848,50.4466837],[6.0132579,50.4466784],[6.013231,50.4466731],[6.013204,50.4466678],[6.0131771,50.4466625],[6.0131502,50.4466572],[6.0131233,50.4466518],[6.0130964,50.4466465],[6.0130695,50.4466412],[6.0130426,50.4466359],[6.0130157,50.4466306],[6.0129888,50.4466253],[6.0129619,50.44662],[6.012935,50.4466147],[6.0129081,50.4466094],[6.0128812,50.446604],[6.0128543,50.4465987],[6.0128274,50.4465934],[6.0128005,50.4465881],[6.0127736,50.4465828],[6.0127467,50.4465775],[6.0127198,50.4465722],[6.0126929,50.4465669],[6.012666,50.4465615],[6.012639,50.4465562],[6.0126121,50.4465509],[6.0125852,50.4465456],[6.0125583,50.4465403],[6.0125314,50.446535],[6.0125045,50.4465297],[6.0124776,50.4465244],[6.0124507,50.446519],[6.0124238,50.4465137],[6.0123969,50.4465084],[6.01237,50.4465031],[6.0123431,50.4464978],[6.0123162,50.4464925],[6.0122893,50.4464872],[6.0122624,50.4464819],[6.0122355,50.4464765],[6.0122086,50.4464712],[6.0121817,50.4464659],[6.0121548,50.4464606],[6.0121279,50.4464553],[6.012101,50.44645],[6.0120741,50.4464447],[6.0120471,50.4464394],[6.0120202,50.446434],[6.0119933,50.4464287],[6.0119664,50.4464234],[6.0119395,50.4464181],[6.0119126,50.4464128],[6.0118857,50.4464075],[6.0118588,50.4464022],[6.0118319,50.4463969],[6.011805,50.4463915],[6.0117781,50.4463862],[6.0117512,50.4463809],[6.0117243,50.4463756],[6.0116974,50.4463703],[6.0116705,50.446365],[6.0116436,50.4463597],[6.0116167,50.4463544],[6.0115898,50.4463491],[6.0115629,50.4463437],[6.011536,50.4463384],[6.0115091,50.4463331],[6.0114822,50.4463278],[6.0114553,50.4463225],[6.0114283,50.4463172],[6.0114014,50.4463119],[6.0113745,50.4463066],[6.0113476,50.4463012],[6.0113207,50.4462959],[6.0112938,50.4462906],[6.0112669,50.4462853],[6.01124,50.44628],[6.0112131,50.4462747],[6.0111862,50.4462694],[6.0111593,50.4462641],[6.0111324,50.4462587],[6.0111055,50.4462534],[6.0110786,50.4462481],[6.0110517,50.4462428],[6.0110248,50.4462375],[6.0109979,50.4462322],[6.010971,50.4462269],[6.0109441,50.4462216],[6.0109172,50.4462162],[6.0108903,50.4462109],[6.0108634,50.4462056],[6.0108365,50.4462003],[6.0108095,50.446195],[6.0107826,50.4461897],[6.0107557,50.4461844],[6.0107288,50.446179],[6.0107019,50.4461737],[6.010675,50.4461684],[6.0106481,50.4461631],[6.0106212,50.4461578],[6.0105943,50.4461525],[6.0105674,50.4461472],[6.0105405,50.4461419],[6.0105136,50.4461365],[6.0104867,50.4461312],[6.0104598,50.4461259],[6.0104329,50.4461206],[6.010406,50.4461153],[6.0103791,50.44611],[6.0103522,50.4461047],[6.0103253,50.4460994],[6.0102984,50.446094],[6.0102715,50.4460887],[6.0102446,50.4460834],[6.0102177,50.4460781],[6.0101908,50.4460728],[6.0101639,50.4460675],[6.0101369,50.4460622],[6.01011,50.4460569],[6.0100831,50.4460515],[6.0100562,50.4460462],[6.0100293,50.4460409],[6.0100024,50.4460356],[6.0099755,50.4460303],[6.0099486,50.446025],[6.0099217,50.4460197],[6.0098948,50.4460144],[6.0098679,50.446009],[6.009841,50.4460037],[6.0098141,50.4459984],[6.0097872,50.4459931],[6.0097603,50.4459878],[6.0097334,50.4459825],[6.0097065,50.4459772],[6.0096796,50.4459719],[6.0096527,50.4459665],[6.0096258,50.4459612],[6.0095989,50.4459559],[6.009572,50.4459506],[6.0095451,50.4459453],[6.0095182,50.44594],[6.0094913,50.4459347],[6.0094643,50.4459293],[6.0094374,50.445924],[6.0094105,50.4459187],[6.0093836,50.4459134],[6.0093567,50.4459081],[6.0093298,50.4459028],[6.0093029,50.4458975],[6.009276,50.4458922],[6.0092491,50.4458868],[6.0092222,50.4458815],[6.0091953,50.4458762],[6.0091684,50.4458709],[6.0091415,50.4458656],[6.0091146,50.4458603],[6.0090877,50.445855],[6.0090608,50.4458497],[6.0090339,50.4458443],[6.009007,50.445839],[6.0089801,50.4458337],[6.0089532,50.4458284],[6.0089263,50.4458231],[6.0088994,50.4458178],[6.0088725,50.4458125],[6.0088456,50.4458071],[6.0088187,50.4458018],[6.0087918,50.4457965],[6.0087648,50.4457912],[6.0087379,50.4457859],[6.008711,50.4457806],[6.0086841,50.4457753],[6.0086572,50.44577],[6.0086303,50.4457646],[6.0086034,50.4457593],[6.0085765,50.445754],[6.0085496,50.4457487],[6.0085227,50.4457434],[6.0084958,50.4457381],[6.0084689,50.4457328],[6.008442,50.4457275],[6.0084151,50.4457221],[6.0083882,50.4457168],[6.0083613,50.4457115],[6.0083344,50.4457062],[6.0083075,50.4457009],[6.0082806,50.4456956],[6.0082537,50.4456903],[6.0082268,50.4456849],[6.0081999,50.4456796],[6.008173,50.4456743],[6.0081461,50.445669],[6.0081192,50.4456637],[6.0080923,50.4456584],[6.0080654,50.4456531],[6.0080384,50.4456478],[6.0080115,50.4456424],[6.0079846,50.4456371],[6.0079577,50.4456318],[6.0079308,50.4456265],[6.0079039,50.4456212],[6.007877,50.4456159],[6.0078501,50.4456106],[6.0078232,50.4456052],[6.0077963,50.4455999],[6.0077694,50.4455946],[6.0077425,50.4455893],[6.0077156,50.445584],[6.0076887,50.4455787],[6.0076618,50.4455734],[6.0076349,50.4455681],[6.007608,50.4455627],[6.0075811,50.4455574],[6.0075542,50.4455521],[6.0075273,50.4455468],[6.0075004,50.4455415],[6.0074735,50.4455362],[6.0074466,50.4455309],[6.0074197,50.4455255],[6.0073928,50.4455202],[6.0073659,50.4455149],[6.007339,50.4455096],[6.0073121,50.4455043],[6.0072852,50.445499],[6.0072582,50.4454937],[6.0072313,50.4454884],[6.0072044,50.445483],[6.0071775,50.4454777],[6.0071506,50.4454724],[6.0071237,50.4454671],[6.0070968,50.4454618],[6.0070699,50.4454565],[6.007043,50.4454512],[6.0070161,50.4454458],[6.0069892,50.4454405],[6.0069623,50.4454352],[6.0069354,50.4454299],[6.0069085,50.4454246],[6.0068816,50.4454193],[6.0068547,50.445414],[6.0068278,50.4454087],[6.0068009,50.4454033],[6.006774,50.445398],[6.0067471,50.4453927],[6.0067202,50.4453874],[6.0066933,50.4453821],[6.0066664,50.4453768],[6.0066395,50.4453715],[6.0066126,50.4453661],[6.0065857,50.4453608],[6.0065588,50.4453555],[6.0065319,50.4453502],[6.006505,50.4453449],[6.0064781,50.4453396],[6.0064511,50.4453343],[6.0064242,50.4453289],[6.0063973,50.4453236],[6.0063704,50.4453183],[6.0063435,50.445313],[6.0063166,50.4453077],[6.0062897,50.4453024],[6.0062628,50.4452971],[6.0062359,50.4452918],[6.006209,50.4452864],[6.0061821,50.4452811],[6.0061552,50.4452758],[6.0061283,50.4452705],[6.0061014,50.4452652],[6.0060745,50.4452599],[6.0060476,50.4452546],[6.0060207,50.4452492],[6.0059938,50.4452439],[6.0059669,50.4452386],[6.00594,50.4452333],[6.0059131,50.445228],[6.0058862,50.4452227],[6.0058593,50.4452174],[6.0058324,50.445212],[6.0058055,50.4452067],[6.0057786,50.4452014],[6.0057517,50.4451961],[6.0057248,50.4451908],[6.0056979,50.4451855],[6.005671,50.4451802],[6.0056441,50.4451748],[6.0056172,50.4451695],[6.0055902,50.4451642],[6.0055633,50.4451589],[6.0055364,50.4451536],[6.0055095,50.4451483],[6.0054826,50.445143],[6.0054557,50.4451377],[6.0054288,50.4451323],[6.0054019,50.445127],[6.005375,50.4451217],[6.0053481,50.4451164],[6.0053212,50.4451111],[6.0052943,50.4451058],[6.0052674,50.4451005],[6.0052405,50.4450951],[6.0052136,50.4450898],[6.0051867,50.4450845],[6.0051598,50.4450792],[6.0051329,50.4450739],[6.005106,50.4450686],[6.0050791,50.4450633],[6.0050522,50.4450579],[6.0050253,50.4450526],[6.0049984,50.4450473],[6.0049715,50.445042],[6.0049446,50.4450367],[6.0049177,50.4450314],[6.0048908,50.4450261],[6.0048639,50.4450207],[6.004837,50.4450154],[6.0048101,50.4450101],[6.0047832,50.4450048],[6.0047563,50.4449995],[6.0047294,50.4449942],[6.0047025,50.4449889],[6.0046755,50.4449835],[6.0046486,50.4449782],[6.0046217,50.4449729],[6.0045948,50.4449676],[6.0045679,50.4449623],[6.004541,50.444957],[6.0045141,50.4449517],[6.0044872,50.4449463],[6.0044603,50.444941],[6.0044334,50.4449357],[6.0044065,50.4449304],[6.0043796,50.4449251],[6.0043527,50.4449198],[6.0043258,50.4449145],[6.0042989,50.4449092],[6.004272,50.4449038],[6.0042451,50.4448985],[6.0042182,50.4448932],[6.0041913,50.4448879],[6.0041644,50.4448826],[6.0041375,50.4448773],[6.0041106,50.444872],[6.0040837,50.4448666],[6.0040568,50.4448613],[6.0040299,50.444856],[6.004003,50.4448507],[6.0039761,50.4448454],[6.0039492,50.4448401],[6.0039223,50.4448348],[6.0038954,50.4448294],[6.0038685,50.4448241],[6.0038416,50.4448188],[6.0038147,50.4448135],[6.0037878,50.4448082],[6.0037609,50.4448029],[6.003734,50.4447976],[6.0037071,50.4447922],[6.0036801,50.4447869],[6.0036532,50.4447816],[6.0036263,50.4447763],[6.0035994,50.444771],[6.0035725,50.4447657],[6.0035456,50.4447604],[6.0035187,50.444755],[6.0034918,50.4447497],[6.0034649,50.4447444],[6.003438,50.4447391],[6.0034111,50.4447338],[6.0033842,50.4447285],[6.0033573,50.4447232],[6.0033304,50.4447178],[6.0033035,50.4447125],[6.0032766,50.4447072],[6.0032497,50.4447019],[6.0032228,50.4446966],[6.0031959,50.4446913],[6.003169,50.444686],[6.0031421,50.4446806],[6.0031152,50.4446753],[6.0030883,50.44467],[6.0030614,50.4446647],[6.0030345,50.4446594],[6.0030076,50.4446541],[6.0029807,50.4446488],[6.0029538,50.4446434],[6.0029269,50.4446381],[6.0029,50.4446328],[6.0028731,50.4446275],[6.0028462,50.4446222],[6.0028193,50.4446169],[6.0027924,50.4446115],[6.0027655,50.4446062],[6.0027386,50.4446009],[6.0027117,50.4445956],[6.0026848,50.4445903],[6.0026579,50.444585],[6.002631,50.4445797],[6.002604,50.4445743],[6.0025771,50.444569],[6.0025502,50.4445637],[6.0025233,50.4445584],[6.0024964,50.4445531],[6.0024695,50.4445478],[6.0024426,50.4445425],[6.0024157,50.4445371],[6.0023888,50.4445318],[6.0023619,50.4445265],[6.002335,50.4445212],[6.0023081,50.4445159],[6.0022812,50.4445106],[6.0022543,50.4445053],[6.0022274,50.4444999],[6.0022005,50.4444946],[6.0021736,50.4444893],[6.0021467,50.444484],[6.0021198,50.4444787],[6.0020929,50.4444734],[6.002066,50.4444681],[6.0020391,50.4444627],[6.0020122,50.4444574],[6.0019853,50.4444521],[6.0019584,50.4444468],[6.0019315,50.4444415],[6.0019046,50.4444362],[6.0018777,50.4444309],[6.0018508,50.4444255],[6.0018239,50.4444202],[6.001797,50.4444149],[6.0017701,50.4444096],[6.0017432,50.4444043],[6.0017163,50.444399],[6.0016894,50.4443937],[6.0016625,50.4443883],[6.0016356,50.444383],[6.0016087,50.4443777],[6.0015818,50.4443724],[6.0015549,50.4443671],[6.001528,50.4443618],[6.0015011,50.4443564],[6.0014742,50.4443511],[6.0014473,50.4443458],[6.0014204,50.4443405],[6.0013934,50.4443352],[6.0013665,50.4443299],[6.0013396,50.4443246],[6.0013127,50.4443192],[6.0012858,50.4443139],[6.0012589,50.4443086],[6.001232,50.4443033],[6.0012051,50.444298],[6.0011782,50.4442927],[6.0011513,50.4442874],[6.0011244,50.444282],[6.0010975,50.4442767],[6.0010706,50.4442714],[6.0010437,50.4442661],[6.0010168,50.4442608],[6.0009899,50.4442555],[6.000963,50.4442502],[6.0009361,50.4442448],[6.0009092,50.4442395],[6.0008823,50.4442342],[6.0008554,50.4442289],[6.0008285,50.4442236],[6.0008016,50.4442183],[6.0007747,50.4442129],[6.0007478,50.4442076],[6.0007209,50.4442023],[6.000694,50.444197],[6.0006671,50.4441917],[6.0006402,50.4441864],[6.0006133,50.4441811],[6.0005864,50.4441757],[6.0005595,50.4441704],[6.0005326,50.4441651],[6.0005057,50.4441598],[6.0004788,50.4441545],[6.0004519,50.4441492],[6.000425,50.4441439],[6.0003981,50.4441385],[6.0003712,50.4441332],[6.0003443,50.4441279],[6.0003174,50.4441226],[6.0002905,50.4441173],[6.0002636,50.444112],[6.0002367,50.4441066],[6.0002098,50.4441013],[6.0001829,50.444096],[6.000156,50.4440907],[6.0001291,50.4440854],[6.0001022,50.4440801],[6.0000753,50.4440748],[6.0000484,50.4440694],[6.0000215,50.4440641],[5.9999945,50.4440588],[5.9999676,50.4440535],[5.9999407,50.4440482],[5.9999138,50.4440429],[5.9998869,50.4440375],[5.99986,50.4440322],[5.9998331,50.4440269],[5.9998062,50.4440216],[5.9997793,50.4440163],[5.9997524,50.444011],[5.9997255,50.4440057],[5.9996986,50.4440003],[5.9996717,50.443995],[5.9996448,50.4439897],[5.9996179,50.4439844],[5.999591,50.4439791],[5.9995641,50.4439738],[5.9995372,50.4439685],[5.9995103,50.4439631],[5.9994834,50.4439578],[5.9994565,50.4439525],[5.9994296,50.4439472],[5.9994027,50.4439419],[5.9993758,50.4439366],[5.9993489,50.4439312],[5.999322,50.4439259],[5.9992951,50.4439206],[5.9992682,50.4439153],[5.9992413,50.44391],[5.9992144,50.4439047],[5.9991875,50.4438994],[5.9991606,50.443894],[5.9991337,50.4438887],[5.9991068,50.4438834],[5.9990799,50.4438781],[5.999053,50.4438728],[5.9990261,50.4438675],[5.9989992,50.4438621],[5.9989723,50.4438568],[5.9989454,50.4438515],[5.9989185,50.4438462],[5.9988916,50.4438409],[5.9988647,50.4438356],[5.9988378,50.4438303],[5.9988109,50.4438249],[5.998784,50.4438196],[5.9987571,50.4438143],[5.9987302,50.443809],[5.9987033,50.4438037],[5.9986764,50.4437984],[5.9986495,50.443793],[5.9986226,50.4437877],[5.9985957,50.4437824],[5.9985688,50.4437771],[5.9985419,50.4437718],[5.998515,50.4437665],[5.9984881,50.4437612],[5.9984612,50.4437558],[5.9984343,50.4437505],[5.9984074,50.4437452],[5.9983805,50.4437399],[5.9983536,50.4437346],[5.9983267,50.4437293],[5.9982997,50.4437239],[5.9982728,50.4437186],[5.9982459,50.4437133],[5.998219,50.443708],[5.9981921,50.4437027],[5.9981652,50.4436974],[5.9981383,50.4436921],[5.9981114,50.4436867],[5.9980845,50.4436814],[5.9980576,50.4436761],[5.9980307,50.4436708],[5.9980038,50.4436655],[5.9979769,50.4436602],[5.99795,50.4436548],[5.9979231,50.4436495],[5.9978962,50.4436442],[5.9978693,50.4436389],[5.9978424,50.4436336],[5.9978155,50.4436283],[5.9977886,50.4436229],[5.9977617,50.4436176],[5.9977348,50.4436123],[5.9977079,50.443607],[5.997681,50.4436017],[5.9976541,50.4435964],[5.9976272,50.4435911],[5.9976003,50.4435857],[5.9975734,50.4435804],[5.9975465,50.4435751],[5.9975196,50.4435698],[5.9974927,50.4435645],[5.9974658,50.4435592],[5.9974389,50.4435538],[5.997412,50.4435485],[5.9973851,50.4435432],[5.9973582,50.4435379],[5.9973313,50.4435326],[5.9973044,50.4435273],[5.9972775,50.443522],[5.9972506,50.4435166],[5.9972237,50.4435113],[5.9971968,50.443506],[5.9971699,50.4435007],[5.997143,50.4434954],[5.9971161,50.4434901],[5.9970892,50.4434847],[5.9970623,50.4434794],[5.9970354,50.4434741],[5.9970085,50.4434688],[5.9969816,50.4434635],[5.9969547,50.4434582],[5.9969278,50.4434528],[5.9969009,50.4434475],[5.996874,50.4434422],[5.9968471,50.4434369],[5.9968202,50.4434316],[5.9967933,50.4434263],[5.9967664,50.443421],[5.9967395,50.4434156],[5.9967126,50.4434103],[5.9966857,50.443405],[5.9966588,50.4433997],[5.9966319,50.4433944],[5.996605,50.4433891],[5.9965781,50.4433837],[5.9965512,50.4433784],[5.9965243,50.4433731],[5.9964974,50.4433678],[5.9964705,50.4433625],[5.9964436,50.4433572],[5.9964167,50.4433518],[5.9963898,50.4433465],[5.9963629,50.4433412],[5.996336,50.4433359],[5.9963091,50.4433306],[5.9962822,50.4433253],[5.9962553,50.4433199],[5.9962284,50.4433146],[5.9962015,50.4433093],[5.9961746,50.443304],[5.9961477,50.4432987],[5.9961208,50.4432934],[5.9960939,50.4432881],[5.996067,50.4432827],[5.9960401,50.4432774],[5.9960132,50.4432721],[5.9959863,50.4432668],[5.9959593,50.4432615],[5.9959324,50.4432562],[5.9959055,50.4432508],[5.9958786,50.4432455],[5.9958517,50.4432402],[5.9958248,50.4432349],[5.9957979,50.4432296],[5.995771,50.4432243],[5.9957441,50.4432189],[5.9957172,50.4432136],[5.9956903,50.4432083],[5.9956634,50.443203],[5.9956365,50.4431977],[5.9956096,50.4431924],[5.9955827,50.443187],[5.9955558,50.4431817],[5.9955289,50.4431764],[5.995502,50.4431711],[5.9954751,50.4431658],[5.9954482,50.4431605],[5.9954213,50.4431551],[5.9953944,50.4431498],[5.9953675,50.4431445],[5.9953406,50.4431392],[5.9953137,50.4431339],[5.9952868,50.4431286],[5.9952599,50.4431233],[5.995233,50.4431179],[5.9952061,50.4431126],[5.9951792,50.4431073],[5.9951523,50.443102],[5.9951254,50.4430967],[5.9950985,50.4430914],[5.9950716,50.443086],[5.9950447,50.4430807],[5.9950178,50.4430754],[5.9949909,50.4430701],[5.994964,50.4430648],[5.9949371,50.4430595],[5.9949102,50.4430541],[5.9948833,50.4430488],[5.9948564,50.4430435],[5.9948295,50.4430382],[5.9948026,50.4430329],[5.9947757,50.4430276],[5.9947488,50.4430222],[5.9947219,50.4430169],[5.994695,50.4430116],[5.9946681,50.4430063],[5.9946412,50.443001],[5.9946143,50.4429957],[5.9945874,50.4429903],[5.9945605,50.442985],[5.9945336,50.4429797],[5.9945067,50.4429744],[5.9944798,50.4429691],[5.9944529,50.4429638],[5.994426,50.4429584],[5.9943991,50.4429531],[5.9943722,50.4429478],[5.9943453,50.4429425],[5.9943184,50.4429372],[5.9942915,50.4429319],[5.9942646,50.4429265],[5.9942377,50.4429212],[5.9942108,50.4429159],[5.9941839,50.4429106],[5.994157,50.4429053],[5.9941301,50.4429],[5.9941032,50.4428946],[5.9940763,50.4428893],[5.9940494,50.442884],[5.9940225,50.4428787],[5.9939956,50.4428734],[5.9939687,50.4428681],[5.9939418,50.4428628],[5.9939149,50.4428574],[5.993888,50.4428521],[5.9938611,50.4428468],[5.9938342,50.4428415],[5.9938073,50.4428362],[5.9937804,50.4428309],[5.9937535,50.4428255],[5.9937266,50.4428202],[5.9936997,50.4428149],[5.9936728,50.4428096],[5.9936459,50.4428043],[5.993619,50.442799],[5.9935921,50.4427936],[5.9935652,50.4427883],[5.9935383,50.442783],[5.9935114,50.4427777],[5.9934845,50.4427724],[5.9934576,50.4427671],[5.9934307,50.4427617],[5.9934038,50.4427564],[5.9933769,50.4427511],[5.99335,50.4427458],[5.9933231,50.4427405],[5.9932962,50.4427352],[5.9932693,50.4427298],[5.9932424,50.4427245],[5.9932155,50.4427192],[5.9931886,50.4427139],[5.9931617,50.4427086],[5.9931348,50.4427033],[5.9931079,50.4426979],[5.993081,50.4426926],[5.9930541,50.4426873],[5.9930272,50.442682],[5.9930003,50.4426767],[5.9929734,50.4426714],[5.9929465,50.442666],[5.9929196,50.4426607],[5.9928927,50.4426554],[5.9928658,50.4426501],[5.9928389,50.4426448],[5.992812,50.4426395],[5.9927851,50.4426341],[5.9927582,50.4426288],[5.9927313,50.4426235],[5.9927044,50.4426182],[5.9926775,50.4426129],[5.9926506,50.4426075],[5.9926237,50.4426022],[5.9925968,50.4425969],[5.9925699,50.4425916],[5.992543,50.4425863],[5.9925161,50.442581],[5.9924892,50.4425756],[5.9924623,50.4425703],[5.9924354,50.442565],[5.9924085,50.4425597],[5.9923816,50.4425544],[5.9923547,50.4425491],[5.9923278,50.4425437],[5.9923009,50.4425384],[5.992274,50.4425331],[5.9922471,50.4425278],[5.9922202,50.4425225],[5.9921933,50.4425172],[5.9921664,50.4425118],[5.9921395,50.4425065],[5.9921126,50.4425012],[5.9920857,50.4424959],[5.9920588,50.4424906],[5.9920319,50.4424853],[5.992005,50.4424799],[5.9919781,50.4424746],[5.9919512,50.4424693],[5.9919243,50.442464],[5.9918974,50.4424587],[5.9918705,50.4424534],[5.9918436,50.442448],[5.9918167,50.4424427],[5.9917898,50.4424374],[5.9917629,50.4424321],[5.991736,50.4424268],[5.9917091,50.4424215],[5.9916822,50.4424161],[5.9916553,50.4424108],[5.9916284,50.4424055],[5.9916015,50.4424002],[5.9915746,50.4423949],[5.9915477,50.4423896],[5.9915208,50.4423842],[5.9914939,50.4423789],[5.991467,50.4423736],[5.9914401,50.4423683],[5.9914132,50.442363],[5.9913863,50.4423577],[5.9913594,50.4423523],[5.9913325,50.442347],[5.9913056,50.4423417],[5.9912787,50.4423364],[5.9912518,50.4423311],[5.9912249,50.4423257],[5.991198,50.4423204],[5.9911711,50.4423151],[5.9911442,50.4423098],[5.9911173,50.4423045],[5.9910904,50.4422992],[5.9910635,50.4422938],[5.9910366,50.4422885],[5.9910097,50.4422832],[5.9909828,50.4422779],[5.9909559,50.4422726],[5.990929,50.4422673],[5.9909021,50.4422619],[5.9908752,50.4422566],[5.9908483,50.4422513],[5.9908214,50.442246],[5.9907945,50.4422407],[5.9907676,50.4422354],[5.9907407,50.44223],[5.9907138,50.4422247],[5.9906869,50.4422194],[5.99066,50.4422141],[5.9906331,50.4422088],[5.9906062,50.4422035],[5.9905793,50.4421981],[5.9905524,50.4421928],[5.9905255,50.4421875],[5.9904986,50.4421822],[5.9904717,50.4421769],[5.9904448,50.4421715],[5.9904179,50.4421662],[5.990391,50.4421609],[5.9903641,50.4421556],[5.9903372,50.4421503],[5.9903103,50.442145],[5.9902834,50.4421396],[5.9902565,50.4421343],[5.9902296,50.442129],[5.9902027,50.4421237],[5.9901758,50.4421184],[5.9901489,50.4421131],[5.990122,50.4421077],[5.9900951,50.4421024],[5.9900682,50.4420971],[5.9900413,50.4420918],[5.9900144,50.4420865],[5.9899875,50.4420812],[5.9899606,50.4420758],[5.9899337,50.4420705],[5.9899068,50.4420652],[5.9898799,50.4420599],[5.989853,50.4420546],[5.9898261,50.4420492],[5.9897992,50.4420439],[5.9897723,50.4420386],[5.9897454,50.4420333],[5.9897185,50.442028],[5.9896916,50.4420227],[5.9896647,50.4420173],[5.9896378,50.442012],[5.9896109,50.4420067],[5.989584,50.4420014],[5.9895571,50.4419961],[5.9895302,50.4419908],[5.9895033,50.4419854],[5.9894764,50.4419801],[5.9894495,50.4419748],[5.9894226,50.4419695],[5.9893957,50.4419642],[5.9893688,50.4419589],[5.9893419,50.4419535],[5.989315,50.4419482],[5.9892881,50.4419429],[5.9892612,50.4419376],[5.9892343,50.4419323],[5.9892074,50.4419269],[5.9891805,50.4419216],[5.9891536,50.4419163],[5.9891267,50.441911],[5.9890998,50.4419057],[5.9890729,50.4419004],[5.989046,50.441895],[5.9890191,50.4418897],[5.9889922,50.4418844],[5.9889653,50.4418791],[5.9889384,50.4418738],[5.9889115,50.4418685],[5.9888846,50.4418631],[5.9888577,50.4418578],[5.9888308,50.4418525],[5.9888039,50.4418472],[5.988777,50.4418419],[5.9887501,50.4418365],[5.9887232,50.4418312],[5.9886963,50.4418259],[5.9886694,50.4418206],[5.9886425,50.4418153],[5.9886156,50.44181],[5.9885887,50.4418046],[5.9885618,50.4417993],[5.9885349,50.441794],[5.988508,50.4417887],[5.9884811,50.4417834],[5.9884542,50.441778],[5.9884273,50.4417727],[5.9884004,50.4417674],[5.9883735,50.4417621],[5.9883466,50.4417568],[5.9883197,50.4417515],[5.9882928,50.4417461],[5.9882659,50.4417408],[5.988239,50.4417355],[5.9882121,50.4417302],[5.9881852,50.4417249],[5.9881583,50.4417196],[5.9881315,50.4417142],[5.9881046,50.4417089],[5.9880777,50.4417036],[5.9880508,50.4416983],[5.9880239,50.441693],[5.987997,50.4416876],[5.9879701,50.4416823],[5.9879432,50.441677],[5.9879163,50.4416717],[5.9878894,50.4416664],[5.9878625,50.4416611],[5.9878356,50.4416557],[5.9878087,50.4416504],[5.9877818,50.4416451],[5.9877549,50.4416398],[5.987728,50.4416345],[5.9877011,50.4416291],[5.9876742,50.4416238],[5.9876473,50.4416185],[5.9876204,50.4416132],[5.9875935,50.4416079],[5.9875666,50.4416026],[5.9875397,50.4415972],[5.9875128,50.4415919],[5.9874859,50.4415866],[5.987459,50.4415813],[5.9874321,50.441576],[5.9874052,50.4415707],[5.9873783,50.4415653],[5.9873514,50.44156],[5.9873245,50.4415547],[5.9872976,50.4415494],[5.9872707,50.4415441],[5.9872438,50.4415387],[5.9872169,50.4415334],[5.98719,50.4415281],[5.9871631,50.4415228],[5.9871362,50.4415175],[5.9871093,50.4415122],[5.9870824,50.4415068],[5.9870555,50.4415015],[5.9870286,50.4414962],[5.9870017,50.4414909],[5.9869748,50.4414856],[5.9869479,50.4414802],[5.986921,50.4414749],[5.9868941,50.4414696],[5.9868672,50.4414643],[5.9868403,50.441459],[5.9868134,50.4414537],[5.9867865,50.4414483],[5.9867596,50.441443],[5.9867327,50.4414377],[5.9867058,50.4414324],[5.9866789,50.4414271],[5.986652,50.4414217],[5.9866251,50.4414164],[5.9865982,50.4414111],[5.9865713,50.4414058],[5.9865444,50.4414005],[5.9865175,50.4413952],[5.9864906,50.4413898],[5.9864637,50.4413845],[5.9864368,50.4413792],[5.9864099,50.4413739],[5.986383,50.4413686],[5.9863561,50.4413632],[5.9863292,50.4413579],[5.9863023,50.4413526],[5.9862754,50.4413473],[5.9862485,50.441342],[5.9862216,50.4413367],[5.9861947,50.4413313],[5.9861678,50.441326],[5.9861409,50.4413207],[5.986114,50.4413154],[5.9860871,50.4413101],[5.9860602,50.4413047],[5.9860333,50.4412994],[5.9860064,50.4412941],[5.9859795,50.4412888],[5.9859526,50.4412835],[5.9859257,50.4412781],[5.9858988,50.4412728],[5.9858719,50.4412675],[5.985845,50.4412622],[5.9858181,50.4412569],[5.9857912,50.4412516],[5.9857644,50.4412462],[5.9857375,50.4412409],[5.9857106,50.4412356],[5.9856837,50.4412303],[5.9856568,50.441225],[5.9856299,50.4412196],[5.985603,50.4412143],[5.9855761,50.441209],[5.9855492,50.4412037],[5.9855223,50.4411984],[5.9854954,50.4411931],[5.9854685,50.4411877],[5.9854416,50.4411824],[5.9854147,50.4411771],[5.9853878,50.4411718],[5.9853609,50.4411665],[5.985334,50.4411611],[5.9853071,50.4411558],[5.9852802,50.4411505],[5.9852533,50.4411452],[5.9852264,50.4411399],[5.9851995,50.4411346],[5.9851726,50.4411292],[5.9851457,50.4411239],[5.9851188,50.4411186],[5.9850919,50.4411133],[5.985065,50.441108],[5.9850381,50.4411026],[5.9850112,50.4410973],[5.9849843,50.441092],[5.9849574,50.4410867],[5.9849305,50.4410814],[5.9849036,50.441076],[5.9848767,50.4410707],[5.9848498,50.4410654],[5.9848229,50.4410601],[5.984796,50.4410548],[5.9847691,50.4410495],[5.9847422,50.4410441],[5.9847153,50.4410388],[5.9846884,50.4410335],[5.9846615,50.4410282],[5.9846346,50.4410229],[5.9846077,50.4410175],[5.9845808,50.4410122],[5.9845539,50.4410069],[5.984527,50.4410016],[5.9845001,50.4409963],[5.9844732,50.4409909],[5.9844463,50.4409856],[5.9844194,50.4409803],[5.9843925,50.440975],[5.9843656,50.4409697],[5.9843387,50.4409644],[5.9843118,50.440959],[5.9842849,50.4409537],[5.984258,50.4409484],[5.9842311,50.4409431],[5.9842042,50.4409378],[5.9841773,50.4409324],[5.9841504,50.4409271],[5.9841235,50.4409218],[5.9840966,50.4409165],[5.9840698,50.4409112],[5.9840429,50.4409058],[5.984016,50.4409005],[5.9839891,50.4408952],[5.9839622,50.4408899],[5.9839353,50.4408846],[5.9839084,50.4408793],[5.9838815,50.4408739],[5.9838546,50.4408686],[5.9838277,50.4408633],[5.9838008,50.440858],[5.9837739,50.4408527],[5.983747,50.4408473],[5.9837201,50.440842],[5.9836932,50.4408367],[5.9836663,50.4408314],[5.9836394,50.4408261],[5.9836125,50.4408207],[5.9835856,50.4408154],[5.9835587,50.4408101],[5.9835318,50.4408048],[5.9835049,50.4407995],[5.983478,50.4407942],[5.9834511,50.4407888],[5.9834242,50.4407835],[5.9833973,50.4407782],[5.9833704,50.4407729],[5.9833435,50.4407676],[5.9833166,50.4407622],[5.9832897,50.4407569],[5.9832628,50.4407516],[5.9832359,50.4407463],[5.983209,50.440741],[5.9831821,50.4407356],[5.9831552,50.4407303],[5.9831283,50.440725],[5.9831014,50.4407197],[5.9830745,50.4407144],[5.9830476,50.440709],[5.9830207,50.4407037],[5.9829938,50.4406984],[5.9829669,50.4406931],[5.98294,50.4406878],[5.9829131,50.4406825],[5.9828862,50.4406771],[5.9828593,50.4406718],[5.9828324,50.4406665],[5.9828055,50.4406612],[5.9827786,50.4406559],[5.9827517,50.4406505],[5.9827248,50.4406452],[5.982698,50.4406399],[5.9826711,50.4406346],[5.9826442,50.4406293],[5.9826173,50.4406239],[5.9825904,50.4406186],[5.9825635,50.4406133],[5.9825366,50.440608],[5.9825097,50.4406027],[5.9824828,50.4405973],[5.9824559,50.440592],[5.982429,50.4405867],[5.9824021,50.4405814],[5.9823752,50.4405761],[5.9823483,50.4405707],[5.9823214,50.4405654],[5.9822945,50.4405601],[5.9822676,50.4405548],[5.9822407,50.4405495],[5.9822138,50.4405442],[5.9821869,50.4405388],[5.98216,50.4405335],[5.9821331,50.4405282],[5.9821062,50.4405229],[5.9820793,50.4405176],[5.9820524,50.4405122],[5.9820255,50.4405069],[5.9819986,50.4405016],[5.9819717,50.4404963],[5.9819448,50.440491],[5.9819179,50.4404856],[5.981891,50.4404803],[5.9818641,50.440475],[5.9818372,50.4404697],[5.9818103,50.4404644],[5.9817834,50.440459],[5.9817565,50.4404537],[5.9817296,50.4404484],[5.9817027,50.4404431],[5.9816758,50.4404378],[5.9816489,50.4404324],[5.981622,50.4404271],[5.9815951,50.4404218],[5.9815682,50.4404165],[5.9815413,50.4404112],[5.9815144,50.4404059],[5.9814876,50.4404005],[5.9814607,50.4403952],[5.9814338,50.4403899],[5.9814069,50.4403846],[5.98138,50.4403793],[5.9813531,50.4403739],[5.9813262,50.4403686],[5.9812993,50.4403633],[5.9812724,50.440358],[5.9812455,50.4403527],[5.9812186,50.4403473],[5.9811917,50.440342],[5.9811648,50.4403367],[5.9811379,50.4403314],[5.981111,50.4403261],[5.9810841,50.4403207],[5.9810572,50.4403154],[5.9810303,50.4403101],[5.9810034,50.4403048],[5.9809765,50.4402995],[5.9809496,50.4402941],[5.9809227,50.4402888],[5.9808958,50.4402835],[5.9808689,50.4402782],[5.980842,50.4402729],[5.9808151,50.4402675],[5.9807882,50.4402622],[5.9807613,50.4402569],[5.9807344,50.4402516],[5.9807075,50.4402463],[5.9806806,50.4402409],[5.9806537,50.4402356],[5.9806268,50.4402303],[5.9805999,50.440225],[5.980573,50.4402197],[5.9805461,50.4402143],[5.9805192,50.440209],[5.9804923,50.4402037],[5.9804654,50.4401984],[5.9804385,50.4401931],[5.9804117,50.4401878],[5.9803848,50.4401824],[5.9803579,50.4401771],[5.980331,50.4401718],[5.9803041,50.4401665],[5.9802772,50.4401612],[5.9802503,50.4401558],[5.9802234,50.4401505],[5.9801965,50.4401452],[5.9801696,50.4401399],[5.9801427,50.4401346],[5.9801158,50.4401292],[5.9800889,50.4401239],[5.980062,50.4401186],[5.9800351,50.4401133],[5.9800082,50.440108],[5.9799813,50.4401026],[5.9799544,50.4400973],[5.9799275,50.440092],[5.9799006,50.4400867],[5.9798737,50.4400814],[5.9798468,50.440076],[5.9798199,50.4400707],[5.979793,50.4400654],[5.9797661,50.4400601],[5.9797392,50.4400548],[5.9797123,50.4400494],[5.9796854,50.4400441],[5.9796585,50.4400388],[5.9796316,50.4400335],[5.9796047,50.4400282],[5.9795778,50.4400228],[5.9795509,50.4400175],[5.979524,50.4400122],[5.9794971,50.4400069],[5.9794702,50.4400016],[5.9794433,50.4399962],[5.9794165,50.4399909],[5.9793896,50.4399856],[5.9793627,50.4399803],[5.9793358,50.439975],[5.9793089,50.4399696],[5.979282,50.4399643],[5.9792551,50.439959],[5.9792282,50.4399537],[5.9792013,50.4399484],[5.9791744,50.439943],[5.9791475,50.4399377],[5.9791206,50.4399324],[5.9790937,50.4399271],[5.9790668,50.4399218],[5.9790399,50.4399164],[5.979013,50.4399111],[5.9789861,50.4399058],[5.9789592,50.4399005],[5.9789323,50.4398952],[5.9789054,50.4398898],[5.9788785,50.4398845],[5.9788516,50.4398792],[5.9788247,50.4398739],[5.9787978,50.4398686],[5.9787709,50.4398632],[5.978744,50.4398579],[5.9787171,50.4398526],[5.9786902,50.4398473],[5.9786633,50.439842],[5.9786364,50.4398366],[5.9786095,50.4398313],[5.9785826,50.439826],[5.9785557,50.4398207],[5.9785288,50.4398154],[5.978502,50.43981],[5.9784751,50.4398047],[5.9784482,50.4397994],[5.9784213,50.4397941],[5.9783944,50.4397888],[5.9783675,50.4397834],[5.9783406,50.4397781],[5.9783137,50.4397728],[5.9782868,50.4397675],[5.9782599,50.4397622],[5.978233,50.4397568],[5.9782061,50.4397515],[5.9781792,50.4397462],[5.9781523,50.4397409],[5.9781254,50.4397356],[5.9780985,50.4397302],[5.9780716,50.4397249],[5.9780447,50.4397196],[5.9780178,50.4397143],[5.9779909,50.439709],[5.977964,50.4397036],[5.9779371,50.4396983],[5.9779102,50.439693],[5.9778833,50.4396877],[5.9778564,50.4396824],[5.9778295,50.439677],[5.9778026,50.4396717],[5.9777757,50.4396664],[5.9777488,50.4396611],[5.9777219,50.4396558],[5.977695,50.4396504],[5.9776681,50.4396451],[5.9776413,50.4396398],[5.9776144,50.4396345],[5.9775875,50.4396292],[5.9775606,50.4396238],[5.9775337,50.4396185],[5.9775068,50.4396132],[5.9774799,50.4396079],[5.977453,50.4396026],[5.9774261,50.4395972],[5.9773992,50.4395919],[5.9773723,50.4395866],[5.9773454,50.4395813],[5.9773185,50.4395759],[5.9772916,50.4395706],[5.9772647,50.4395653],[5.9772378,50.43956],[5.9772109,50.4395547],[5.977184,50.4395493],[5.9771571,50.439544],[5.9771302,50.4395387],[5.9771033,50.4395334],[5.9770764,50.4395281],[5.9770495,50.4395227],[5.9770226,50.4395174],[5.9769957,50.4395121],[5.9769688,50.4395068],[5.9769419,50.4395015],[5.976915,50.4394961],[5.9768881,50.4394908],[5.9768612,50.4394855],[5.9768344,50.4394802],[5.9768075,50.4394749],[5.9767806,50.4394695],[5.9767537,50.4394642],[5.9767268,50.4394589],[5.9766999,50.4394536],[5.976673,50.4394483],[5.9766461,50.4394429],[5.9766192,50.4394376],[5.9765923,50.4394323],[5.9765654,50.439427],[5.9765385,50.4394217],[5.9765116,50.4394163],[5.9764847,50.439411],[5.9764578,50.4394057],[5.9764309,50.4394004],[5.976404,50.4393951],[5.9763771,50.4393897],[5.9763502,50.4393844],[5.9763233,50.4393791],[5.9762964,50.4393738],[5.9762695,50.4393685],[5.9762426,50.4393631],[5.9762157,50.4393578],[5.9761888,50.4393525],[5.9761619,50.4393472],[5.976135,50.4393418],[5.9761081,50.4393365],[5.9760812,50.4393312],[5.9760544,50.4393259],[5.9760275,50.4393206],[5.9760006,50.4393152],[5.9759737,50.4393099],[5.9759468,50.4393046],[5.9759199,50.4392993],[5.975893,50.439294],[5.9758661,50.4392886],[5.9758392,50.4392833],[5.9758123,50.439278],[5.9757854,50.4392727],[5.9757585,50.4392674],[5.9757316,50.439262],[5.9757047,50.4392567],[5.9756778,50.4392514],[5.9756509,50.4392461],[5.975624,50.4392408],[5.9755971,50.4392354],[5.9755702,50.4392301],[5.9755433,50.4392248],[5.9755164,50.4392195],[5.9754895,50.4392141],[5.9754626,50.4392088],[5.9754357,50.4392035],[5.9754088,50.4391982],[5.9753819,50.4391929],[5.975355,50.4391875],[5.9753282,50.4391822],[5.9753013,50.4391769],[5.9752744,50.4391716],[5.9752475,50.4391663],[5.9752206,50.4391609],[5.9751937,50.4391556],[5.9751668,50.4391503],[5.9751399,50.439145],[5.975113,50.4391397],[5.9750861,50.4391343],[5.9750592,50.439129],[5.9750323,50.4391237],[5.9750054,50.4391184],[5.9749785,50.4391131],[5.9749516,50.4391077],[5.9749247,50.4391024],[5.9748978,50.4390971],[5.9748709,50.4390918],[5.974844,50.4390864],[5.9748171,50.4390811],[5.9747902,50.4390758],[5.9747633,50.4390705],[5.9747364,50.4390652],[5.9747095,50.4390598],[5.9746826,50.4390545],[5.9746557,50.4390492],[5.9746289,50.4390439],[5.974602,50.4390386],[5.9745751,50.4390332],[5.9745482,50.4390279],[5.9745213,50.4390226],[5.9744944,50.4390173],[5.9744675,50.439012],[5.9744406,50.4390066],[5.9744137,50.4390013],[5.9743868,50.438996],[5.9743599,50.4389907],[5.974333,50.4389853],[5.9743061,50.43898],[5.9742792,50.4389747],[5.9742523,50.4389694],[5.9742254,50.4389641],[5.9741985,50.4389587],[5.9741716,50.4389534],[5.9741447,50.4389481],[5.9741178,50.4389428],[5.9740909,50.4389375],[5.974064,50.4389321],[5.9740371,50.4389268],[5.9740102,50.4389215],[5.9739833,50.4389162],[5.9739564,50.4389109],[5.9739296,50.4389055],[5.9739027,50.4389002],[5.9738758,50.4388949],[5.9738489,50.4388896],[5.973822,50.4388842],[5.9737951,50.4388789],[5.9737682,50.4388736],[5.9737413,50.4388683],[5.9737144,50.438863],[5.9736875,50.4388576],[5.9736606,50.4388523],[5.9736337,50.438847],[5.9736068,50.4388417],[5.9735799,50.4388364],[5.973553,50.438831],[5.9735261,50.4388257],[5.9734992,50.4388204],[5.9734723,50.4388151],[5.9734454,50.4388098],[5.9734185,50.4388044],[5.9733916,50.4387991],[5.9733647,50.4387938],[5.9733378,50.4387885],[5.9733109,50.4387831],[5.9732841,50.4387778],[5.9732572,50.4387725],[5.9732303,50.4387672],[5.9732034,50.4387619],[5.9731765,50.4387565],[5.9731496,50.4387512],[5.9731227,50.4387459],[5.9730958,50.4387406],[5.9730689,50.4387353],[5.973042,50.4387299],[5.9730151,50.4387246],[5.9729882,50.4387193],[5.9729613,50.438714],[5.9729344,50.4387086],[5.9729075,50.4387033],[5.9728806,50.438698],[5.9728537,50.4386927],[5.9728268,50.4386874],[5.9727999,50.438682],[5.972773,50.4386767],[5.9727461,50.4386714],[5.9727192,50.4386661],[5.9726923,50.4386608],[5.9726655,50.4386554],[5.9726386,50.4386501],[5.9726117,50.4386448],[5.9725848,50.4386395],[5.9725579,50.4386341],[5.972531,50.4386288],[5.9725041,50.4386235],[5.9724772,50.4386182],[5.9724503,50.4386129],[5.9724234,50.4386075],[5.9723965,50.4386022],[5.9723696,50.4385969],[5.9723427,50.4385916],[5.9723158,50.4385863],[5.9722889,50.4385809],[5.972262,50.4385756],[5.9722351,50.4385703],[5.9722082,50.438565],[5.9721813,50.4385596],[5.9721544,50.4385543],[5.9721275,50.438549],[5.9721006,50.4385437],[5.9720737,50.4385384],[5.9720469,50.438533],[5.97202,50.4385277],[5.9719931,50.4385224],[5.9719662,50.4385171],[5.9719393,50.4385118],[5.9719124,50.4385064],[5.9718855,50.4385011],[5.9718586,50.4384958],[5.9718317,50.4384905],[5.9718048,50.4384851],[5.9717779,50.4384798],[5.971751,50.4384745],[5.9717241,50.4384692],[5.9716972,50.4384639],[5.9716703,50.4384585],[5.9716434,50.4384532],[5.9716165,50.4384479],[5.9715896,50.4384426],[5.9715627,50.4384372],[5.9715358,50.4384319],[5.9715089,50.4384266],[5.971482,50.4384213],[5.9714552,50.438416],[5.9714283,50.4384106],[5.9714014,50.4384053],[5.9713745,50.4384],[5.9713476,50.4383947],[5.9713207,50.4383894],[5.9712938,50.438384],[5.9712669,50.4383787],[5.97124,50.4383734],[5.9712131,50.4383681],[5.9711862,50.4383627],[5.9711593,50.4383574],[5.9711324,50.4383521],[5.9711055,50.4383468],[5.9710786,50.4383415],[5.9710517,50.4383361],[5.9710248,50.4383308],[5.9709979,50.4383255],[5.970971,50.4383202],[5.9709441,50.4383148],[5.9709172,50.4383095],[5.9708904,50.4383042],[5.9708635,50.4382989],[5.9708366,50.4382936],[5.9708097,50.4382882],[5.9707828,50.4382829],[5.9707559,50.4382776],[5.970729,50.4382723],[5.9707021,50.4382669],[5.9706752,50.4382616],[5.9706483,50.4382563],[5.9706214,50.438251],[5.9705945,50.4382457],[5.9705676,50.4382403],[5.9705407,50.438235],[5.9705138,50.4382297],[5.9704869,50.4382244],[5.97046,50.4382191],[5.9704331,50.4382137],[5.9704062,50.4382084],[5.9703793,50.4382031],[5.9703524,50.4381978],[5.9703256,50.4381924],[5.9702987,50.4381871],[5.9702718,50.4381818],[5.9702449,50.4381765],[5.970218,50.4381712],[5.9701911,50.4381658],[5.9701642,50.4381605],[5.9701373,50.4381552],[5.9701104,50.4381499],[5.9700835,50.4381445],[5.9700566,50.4381392],[5.9700297,50.4381339],[5.9700028,50.4381286],[5.9699759,50.4381233],[5.969949,50.4381179],[5.9699221,50.4381126],[5.9698952,50.4381073],[5.9698683,50.438102],[5.9698414,50.4380966],[5.9698145,50.4380913],[5.9697877,50.438086],[5.9697608,50.4380807],[5.9697339,50.4380754],[5.969707,50.43807],[5.9696801,50.4380647],[5.9696532,50.4380594],[5.9696263,50.4380541],[5.9695994,50.4380487],[5.9695725,50.4380434],[5.9695456,50.4380381],[5.9695187,50.4380328],[5.9694918,50.4380275],[5.9694649,50.4380221],[5.969438,50.4380168],[5.9694111,50.4380115],[5.9693842,50.4380062],[5.9693573,50.4380008],[5.9693304,50.4379955],[5.9693035,50.4379902],[5.9692766,50.4379849],[5.9692498,50.4379796],[5.9692229,50.4379742],[5.969196,50.4379689],[5.9691691,50.4379636],[5.9691422,50.4379583],[5.9691153,50.4379529],[5.9690884,50.4379476],[5.9690615,50.4379423],[5.9690346,50.437937],[5.9690077,50.4379317],[5.9689808,50.4379263],[5.9689539,50.437921],[5.968927,50.4379157],[5.9689001,50.4379104],[5.9688732,50.437905],[5.9688463,50.4378997],[5.9688194,50.4378944],[5.9687925,50.4378891],[5.9687656,50.4378838],[5.9687387,50.4378784],[5.9687119,50.4378731],[5.968685,50.4378678],[5.9686581,50.4378625],[5.9686312,50.4378571],[5.9686043,50.4378518],[5.9685774,50.4378465],[5.9685505,50.4378412],[5.9685236,50.4378359],[5.9684967,50.4378305],[5.9684698,50.4378252],[5.9684429,50.4378199],[5.968416,50.4378146],[5.9683891,50.4378092],[5.9683622,50.4378039],[5.9683353,50.4377986],[5.9683084,50.4377933],[5.9682815,50.437788],[5.9682546,50.4377826],[5.9682277,50.4377773],[5.9682009,50.437772],[5.968174,50.4377667],[5.9681471,50.4377613],[5.9681202,50.437756],[5.9680933,50.4377507],[5.9680664,50.4377454],[5.9680395,50.4377401],[5.9680126,50.4377347],[5.9679857,50.4377294],[5.9679588,50.4377241],[5.9679319,50.4377188],[5.967905,50.4377134],[5.9678781,50.4377081],[5.9678512,50.4377028],[5.9678243,50.4376975],[5.9677974,50.4376921],[5.9677705,50.4376868],[5.9677436,50.4376815],[5.9677168,50.4376762],[5.9676899,50.4376709],[5.967663,50.4376655],[5.9676361,50.4376602],[5.9676092,50.4376549],[5.9675823,50.4376496],[5.9675554,50.4376442],[5.9675285,50.4376389],[5.9675016,50.4376336],[5.9674747,50.4376283],[5.9674478,50.437623],[5.9674209,50.4376176],[5.967394,50.4376123],[5.9673671,50.437607],[5.9673402,50.4376017],[5.9673133,50.4375963],[5.9672864,50.437591],[5.9672595,50.4375857],[5.9672327,50.4375804],[5.9672058,50.437575],[5.9671789,50.4375697],[5.967152,50.4375644],[5.9671251,50.4375591],[5.9670982,50.4375538],[5.9670713,50.4375484],[5.9670444,50.4375431],[5.9670175,50.4375378],[5.9669906,50.4375325],[5.9669637,50.4375271],[5.9669368,50.4375218],[5.9669099,50.4375165],[5.966883,50.4375112],[5.9668561,50.4375059],[5.9668292,50.4375005],[5.9668023,50.4374952],[5.9667754,50.4374899],[5.9667486,50.4374846],[5.9667217,50.4374792],[5.9666948,50.4374739],[5.9666679,50.4374686],[5.966641,50.4374633],[5.9666141,50.4374579],[5.9665872,50.4374526],[5.9665603,50.4374473],[5.9665334,50.437442],[5.9665065,50.4374367],[5.9664796,50.4374313],[5.9664527,50.437426],[5.9664258,50.4374207],[5.9663989,50.4374154],[5.966372,50.43741],[5.9663451,50.4374047],[5.9663182,50.4373994],[5.9662913,50.4373941],[5.9662645,50.4373888],[5.9662376,50.4373834],[5.9662107,50.4373781],[5.9661838,50.4373728],[5.9661569,50.4373675],[5.96613,50.4373621],[5.9661031,50.4373568],[5.9660762,50.4373515],[5.9660493,50.4373462],[5.9660224,50.4373408],[5.9659955,50.4373355],[5.9659686,50.4373302],[5.9659417,50.4373249],[5.9659148,50.4373196],[5.9658879,50.4373142],[5.965861,50.4373089],[5.9658341,50.4373036],[5.9658073,50.4372983],[5.9657804,50.4372929],[5.9657535,50.4372876],[5.9657266,50.4372823],[5.9656997,50.437277],[5.9656728,50.4372716],[5.9656459,50.4372663],[5.965619,50.437261],[5.9655921,50.4372557],[5.9655652,50.4372504],[5.9655383,50.437245],[5.9655114,50.4372397],[5.9654845,50.4372344],[5.9654576,50.4372291],[5.9654307,50.4372237],[5.9654038,50.4372184],[5.9653769,50.4372131],[5.9653501,50.4372078],[5.9653232,50.4372024],[5.9652963,50.4371971],[5.9652694,50.4371918],[5.9652425,50.4371865],[5.9652156,50.4371812],[5.9651887,50.4371758],[5.9651618,50.4371705],[5.9651349,50.4371652],[5.965108,50.4371599],[5.9650811,50.4371545],[5.9650542,50.4371492],[5.9650273,50.4371439],[5.9650004,50.4371386],[5.9649735,50.4371332],[5.9649466,50.4371279],[5.9649198,50.4371226],[5.9648929,50.4371173],[5.964866,50.437112],[5.9648391,50.4371066],[5.9648122,50.4371013],[5.9647853,50.437096],[5.9647584,50.4370907],[5.9647315,50.4370853],[5.9647046,50.43708],[5.9646777,50.4370747],[5.9646508,50.4370694],[5.9646239,50.437064],[5.964597,50.4370587],[5.9645701,50.4370534],[5.9645432,50.4370481],[5.9645163,50.4370427],[5.9644894,50.4370374],[5.9644626,50.4370321],[5.9644357,50.4370268],[5.9644088,50.4370215],[5.9643819,50.4370161],[5.964355,50.4370108],[5.9643281,50.4370055],[5.9643012,50.4370002],[5.9642743,50.4369948],[5.9642474,50.4369895],[5.9642205,50.4369842],[5.9641936,50.4369789],[5.9641667,50.4369735],[5.9641398,50.4369682],[5.9641129,50.4369629],[5.964086,50.4369576],[5.9640591,50.4369523],[5.9640323,50.4369469],[5.9640054,50.4369416],[5.9639785,50.4369363],[5.9639516,50.436931],[5.9639247,50.4369256],[5.9638978,50.4369203],[5.9638709,50.436915],[5.963844,50.4369097],[5.9638171,50.4369043],[5.9637902,50.436899],[5.9637633,50.4368937],[5.9637364,50.4368884],[5.9637095,50.436883],[5.9636826,50.4368777],[5.9636557,50.4368724],[5.9636289,50.4368671],[5.963602,50.4368618],[5.9635751,50.4368564],[5.9635482,50.4368511],[5.9635213,50.4368458],[5.9634944,50.4368405],[5.9634675,50.4368351],[5.9634406,50.4368298],[5.9634137,50.4368245],[5.9633868,50.4368192],[5.9633599,50.4368138],[5.963333,50.4368085],[5.9633061,50.4368032],[5.9632792,50.4367979],[5.9632523,50.4367925],[5.9632254,50.4367872],[5.9631986,50.4367819],[5.9631717,50.4367766],[5.9631448,50.4367712],[5.9631179,50.4367659],[5.963091,50.4367606],[5.9630641,50.4367553],[5.9630372,50.43675],[5.9630103,50.4367446],[5.9629834,50.4367393],[5.9629565,50.436734],[5.9629296,50.4367287],[5.9629027,50.4367233],[5.9628758,50.436718],[5.9628489,50.4367127],[5.962822,50.4367074],[5.9627952,50.436702],[5.9627683,50.4366967],[5.9627414,50.4366914],[5.9627145,50.4366861],[5.9626876,50.4366807],[5.9626607,50.4366754],[5.9626338,50.4366701],[5.9626069,50.4366648],[5.96258,50.4366595],[5.9625531,50.4366541],[5.9625262,50.4366488],[5.9624993,50.4366435],[5.9624724,50.4366382],[5.9624455,50.4366328],[5.9624186,50.4366275],[5.9623917,50.4366222],[5.9623649,50.4366169],[5.962338,50.4366115],[5.9623111,50.4366062],[5.9622842,50.4366009],[5.9622573,50.4365956],[5.9622304,50.4365902],[5.9622035,50.4365849],[5.9621766,50.4365796],[5.9621497,50.4365743],[5.9621228,50.4365689],[5.9620959,50.4365636],[5.962069,50.4365583],[5.9620421,50.436553],[5.9620152,50.4365477],[5.9619884,50.4365423],[5.9619615,50.436537],[5.9619346,50.4365317],[5.9619077,50.4365264],[5.9618808,50.436521],[5.9618539,50.4365157],[5.961827,50.4365104],[5.9618001,50.4365051],[5.9617732,50.4364997],[5.9617463,50.4364944],[5.9617194,50.4364891],[5.9616925,50.4364838],[5.9616656,50.4364784],[5.9616387,50.4364731],[5.9616118,50.4364678],[5.961585,50.4364625],[5.9615581,50.4364571],[5.9615312,50.4364518],[5.9615043,50.4364465],[5.9614774,50.4364412],[5.9614505,50.4364358],[5.9614236,50.4364305],[5.9613967,50.4364252],[5.9613698,50.4364199],[5.9613429,50.4364146],[5.961316,50.4364092],[5.9612891,50.4364039],[5.9612622,50.4363986],[5.9612353,50.4363933],[5.9612084,50.4363879],[5.9611816,50.4363826],[5.9611547,50.4363773],[5.9611278,50.436372],[5.9611009,50.4363666],[5.961074,50.4363613],[5.9610471,50.436356],[5.9610202,50.4363507],[5.9609933,50.4363453],[5.9609664,50.43634],[5.9609395,50.4363347],[5.9609126,50.4363294],[5.9608857,50.436324],[5.9608588,50.4363187],[5.9608319,50.4363134],[5.9608051,50.4363081],[5.9607782,50.4363027],[5.9607513,50.4362974],[5.9607244,50.4362921],[5.9606975,50.4362868],[5.9606706,50.4362814],[5.9606437,50.4362761],[5.9606168,50.4362708],[5.9605899,50.4362655],[5.960563,50.4362602],[5.9605361,50.4362548],[5.9605092,50.4362495],[5.9604823,50.4362442],[5.9604554,50.4362389],[5.9604286,50.4362335],[5.9604017,50.4362282],[5.9603748,50.4362229],[5.9603479,50.4362176],[5.960321,50.4362122],[5.9602941,50.4362069],[5.9602672,50.4362016],[5.9602403,50.4361963],[5.9602134,50.4361909],[5.9601865,50.4361856],[5.9601596,50.4361803],[5.9601327,50.436175],[5.9601058,50.4361696],[5.9600789,50.4361643],[5.9600521,50.436159],[5.9600252,50.4361537],[5.9599983,50.4361483],[5.9599714,50.436143],[5.9599445,50.4361377],[5.9599176,50.4361324],[5.9598907,50.436127],[5.9598638,50.4361217],[5.9598369,50.4361164],[5.95981,50.4361111],[5.9597831,50.4361057],[5.9597562,50.4361004],[5.9597293,50.4360951],[5.9597024,50.4360898],[5.9596756,50.4360844],[5.9596487,50.4360791],[5.9596218,50.4360738],[5.9595949,50.4360685],[5.959568,50.4360631],[5.9595411,50.4360578],[5.9595142,50.4360525],[5.9594873,50.4360472],[5.9594604,50.4360419],[5.9594335,50.4360365],[5.9594066,50.4360312],[5.9593797,50.4360259],[5.9593528,50.4360206],[5.9593259,50.4360152],[5.9592991,50.4360099],[5.9592722,50.4360046],[5.9592453,50.4359993],[5.9592184,50.4359939],[5.9591915,50.4359886],[5.9591646,50.4359833],[5.9591377,50.435978],[5.9591108,50.4359726],[5.9590839,50.4359673],[5.959057,50.435962],[5.9590301,50.4359567],[5.9590032,50.4359513],[5.9589763,50.435946],[5.9589494,50.4359407],[5.9589226,50.4359354],[5.9588957,50.43593],[5.9588688,50.4359247],[5.9588419,50.4359194],[5.958815,50.4359141],[5.9587881,50.4359087],[5.9587612,50.4359034],[5.9587343,50.4358981],[5.9587074,50.4358928],[5.9586805,50.4358874],[5.9586536,50.4358821],[5.9586267,50.4358768],[5.9585998,50.4358715],[5.958573,50.4358661],[5.9585461,50.4358608],[5.9585192,50.4358555],[5.9584923,50.4358502],[5.9584654,50.4358448],[5.9584385,50.4358395],[5.9584116,50.4358342],[5.9583847,50.4358289],[5.9583578,50.4358235],[5.9583309,50.4358182],[5.958304,50.4358129],[5.9582771,50.4358076],[5.9582502,50.4358022],[5.9582234,50.4357969],[5.9581965,50.4357916],[5.9581696,50.4357863],[5.9581427,50.4357809],[5.9581158,50.4357756],[5.9580889,50.4357703],[5.958062,50.435765],[5.9580351,50.4357596],[5.9580082,50.4357543],[5.9579813,50.435749],[5.9579544,50.4357437],[5.9579275,50.4357383],[5.9579006,50.435733],[5.9578738,50.4357277],[5.9578469,50.4357224],[5.95782,50.435717],[5.9577931,50.4357117],[5.9577662,50.4357064],[5.9577393,50.4357011],[5.9577124,50.4356957],[5.9576855,50.4356904],[5.9576586,50.4356851],[5.9576317,50.4356798],[5.9576048,50.4356744],[5.9575779,50.4356691],[5.957551,50.4356638],[5.9575242,50.4356585],[5.9574973,50.4356531],[5.9574704,50.4356478],[5.9574435,50.4356425],[5.9574166,50.4356372],[5.9573897,50.4356318],[5.9573628,50.4356265],[5.9573359,50.4356212],[5.957309,50.4356159],[5.9572821,50.4356105],[5.9572552,50.4356052],[5.9572283,50.4355999],[5.9572014,50.4355946],[5.9571746,50.4355892],[5.9571477,50.4355839],[5.9571208,50.4355786],[5.9570939,50.4355733],[5.957067,50.4355679],[5.9570401,50.4355626],[5.9570132,50.4355573],[5.9569863,50.435552],[5.9569594,50.4355466],[5.9569325,50.4355413],[5.9569056,50.435536],[5.9568787,50.4355307],[5.9568518,50.4355253],[5.956825,50.43552],[5.9567981,50.4355147],[5.9567712,50.4355094],[5.9567443,50.435504],[5.9567174,50.4354987],[5.9566905,50.4354934],[5.9566636,50.4354881],[5.9566367,50.4354827],[5.9566098,50.4354774],[5.9565829,50.4354721],[5.956556,50.4354668],[5.9565291,50.4354614],[5.9565022,50.4354561],[5.9564754,50.4354508],[5.9564485,50.4354455],[5.9564216,50.4354401],[5.9563947,50.4354348],[5.9563678,50.4354295],[5.9563409,50.4354242],[5.956314,50.4354188],[5.9562871,50.4354135],[5.9562602,50.4354082],[5.9562333,50.4354029],[5.9562064,50.4353975],[5.9561795,50.4353922],[5.9561527,50.4353869],[5.9561258,50.4353816],[5.9560989,50.4353762],[5.956072,50.4353709],[5.9560451,50.4353656],[5.9560182,50.4353603],[5.9559913,50.4353549],[5.9559644,50.4353496],[5.9559375,50.4353443],[5.9559106,50.435339],[5.9558837,50.4353336],[5.9558568,50.4353283],[5.95583,50.435323],[5.9558031,50.4353177],[5.9557762,50.4353123],[5.9557493,50.435307],[5.9557224,50.4353017],[5.9556955,50.4352964],[5.9556686,50.435291],[5.9556417,50.4352857],[5.9556148,50.4352804],[5.9555879,50.4352751],[5.955561,50.4352697],[5.9555341,50.4352644],[5.9555072,50.4352591],[5.9554804,50.4352538],[5.9554535,50.4352484],[5.9554266,50.4352431],[5.9553997,50.4352378],[5.9553728,50.4352325],[5.9553459,50.4352271],[5.955319,50.4352218],[5.9552921,50.4352165],[5.9552652,50.4352112],[5.9552383,50.4352058],[5.9552114,50.4352005],[5.9551845,50.4351952],[5.9551577,50.4351899],[5.9551308,50.4351845],[5.9551039,50.4351792],[5.955077,50.4351739],[5.9550501,50.4351685],[5.9550232,50.4351632],[5.9549963,50.4351579],[5.9549694,50.4351526],[5.9549425,50.4351472],[5.9549156,50.4351419],[5.9548887,50.4351366],[5.9548618,50.4351313],[5.954835,50.4351259],[5.9548081,50.4351206],[5.9547812,50.4351153],[5.9547543,50.43511],[5.9547274,50.4351046],[5.9547005,50.4350993],[5.9546736,50.435094],[5.9546467,50.4350887],[5.9546198,50.4350833],[5.9545929,50.435078],[5.954566,50.4350727],[5.9545391,50.4350674],[5.9545123,50.435062],[5.9544854,50.4350567],[5.9544585,50.4350514],[5.9544316,50.4350461],[5.9544047,50.4350407],[5.9543778,50.4350354],[5.9543509,50.4350301],[5.954324,50.4350248],[5.9542971,50.4350194],[5.9542702,50.4350141],[5.9542433,50.4350088],[5.9542164,50.4350035],[5.9541896,50.4349981],[5.9541627,50.4349928],[5.9541358,50.4349875],[5.9541089,50.4349822],[5.954082,50.4349768],[5.9540551,50.4349715],[5.9540282,50.4349662],[5.9540013,50.4349608],[5.9539744,50.4349555],[5.9539475,50.4349502],[5.9539206,50.4349449],[5.9538938,50.4349395],[5.9538669,50.4349342],[5.95384,50.4349289],[5.9538131,50.4349236],[5.9537862,50.4349182],[5.9537593,50.4349129],[5.9537324,50.4349076],[5.9537055,50.4349023],[5.9536786,50.4348969],[5.9536517,50.4348916],[5.9536248,50.4348863],[5.9535979,50.434881],[5.9535711,50.4348756],[5.9535442,50.4348703],[5.9535173,50.434865],[5.9534904,50.4348597],[5.9534635,50.4348543],[5.9534366,50.434849],[5.9534097,50.4348437],[5.9533828,50.4348384],[5.9533559,50.434833],[5.953329,50.4348277],[5.9533021,50.4348224],[5.9532752,50.4348171],[5.9532484,50.4348117],[5.9532215,50.4348064],[5.9531946,50.4348011],[5.9531677,50.4347957],[5.9531408,50.4347904],[5.9531139,50.4347851],[5.953087,50.4347798],[5.9530601,50.4347744],[5.9530332,50.4347691],[5.9530063,50.4347638],[5.9529794,50.4347585],[5.9529526,50.4347531],[5.9529257,50.4347478],[5.9528988,50.4347425],[5.9528719,50.4347372],[5.952845,50.4347318],[5.9528181,50.4347265],[5.9527912,50.4347212],[5.9527643,50.4347159],[5.9527374,50.4347105],[5.9527105,50.4347052],[5.9526836,50.4346999],[5.9526568,50.4346946],[5.9526299,50.4346892],[5.952603,50.4346839],[5.9525761,50.4346786],[5.9525492,50.4346732],[5.9525223,50.4346679],[5.9524954,50.4346626],[5.9524685,50.4346573],[5.9524416,50.4346519],[5.9524147,50.4346466],[5.9523878,50.4346413],[5.9523609,50.434636],[5.9523341,50.4346306],[5.9523072,50.4346253],[5.9522803,50.43462],[5.9522534,50.4346147],[5.9522265,50.4346093],[5.9521996,50.434604],[5.9521727,50.4345987],[5.9521458,50.4345934],[5.9521189,50.434588],[5.952092,50.4345827],[5.9520651,50.4345774],[5.9520383,50.4345721],[5.9520114,50.4345667],[5.9519845,50.4345614],[5.9519576,50.4345561],[5.9519307,50.4345507],[5.9519038,50.4345454],[5.9518769,50.4345401],[5.95185,50.4345348],[5.9518231,50.4345294],[5.9517962,50.4345241],[5.9517693,50.4345188],[5.9517425,50.4345135],[5.9517156,50.4345081],[5.9516887,50.4345028],[5.9516618,50.4344975],[5.9516349,50.4344922],[5.951608,50.4344868],[5.9515811,50.4344815],[5.9515542,50.4344762],[5.9515273,50.4344709],[5.9515004,50.4344655],[5.9514735,50.4344602],[5.9514467,50.4344549],[5.9514198,50.4344495],[5.9513929,50.4344442],[5.951366,50.4344389],[5.9513391,50.4344336],[5.9513122,50.4344282],[5.9512853,50.4344229],[5.9512584,50.4344176],[5.9512315,50.4344123],[5.9512046,50.4344069],[5.9511777,50.4344016],[5.9511509,50.4343963],[5.951124,50.434391],[5.9510971,50.4343856],[5.9510702,50.4343803],[5.9510433,50.434375],[5.9510164,50.4343697],[5.9509895,50.4343643],[5.9509626,50.434359],[5.9509357,50.4343537],[5.9509088,50.4343483],[5.9508819,50.434343],[5.9508551,50.4343377],[5.9508282,50.4343324],[5.9508013,50.434327],[5.9507744,50.4343217],[5.9507475,50.4343164],[5.9507206,50.4343111],[5.9506937,50.4343057],[5.9506668,50.4343004],[5.9506399,50.4342951],[5.950613,50.4342898],[5.9505861,50.4342844],[5.9505593,50.4342791],[5.9505324,50.4342738],[5.9505055,50.4342684],[5.9504786,50.4342631],[5.9504517,50.4342578],[5.9504248,50.4342525],[5.9503979,50.4342471],[5.950371,50.4342418],[5.9503441,50.4342365],[5.9503172,50.4342312],[5.9502904,50.4342258],[5.9502635,50.4342205],[5.9502366,50.4342152],[5.9502097,50.4342099],[5.9501828,50.4342045],[5.9501559,50.4341992],[5.950129,50.4341939],[5.9501021,50.4341885],[5.9500752,50.4341832],[5.9500483,50.4341779],[5.9500214,50.4341726],[5.9499946,50.4341672],[5.9499677,50.4341619],[5.9499408,50.4341566],[5.9499139,50.4341513],[5.949887,50.4341459],[5.9498601,50.4341406],[5.9498332,50.4341353],[5.9498063,50.43413],[5.9497794,50.4341246],[5.9497525,50.4341193],[5.9497256,50.434114],[5.9496988,50.4341086],[5.9496719,50.4341033],[5.949645,50.434098],[5.9496181,50.4340927],[5.9495912,50.4340873],[5.9495643,50.434082],[5.9495374,50.4340767],[5.9495105,50.4340714],[5.9494836,50.434066],[5.9494567,50.4340607],[5.9494299,50.4340554],[5.949403,50.4340501],[5.9493761,50.4340447],[5.9493492,50.4340394],[5.9493223,50.4340341],[5.9492954,50.4340287],[5.9492685,50.4340234],[5.9492416,50.4340181],[5.9492147,50.4340128],[5.9491878,50.4340074],[5.9491609,50.4340021],[5.9491341,50.4339968],[5.9491072,50.4339915],[5.9490803,50.4339861],[5.9490534,50.4339808],[5.9490265,50.4339755],[5.9489996,50.4339701],[5.9489727,50.4339648],[5.9489458,50.4339595],[5.9489189,50.4339542],[5.948892,50.4339488],[5.9488652,50.4339435],[5.9488383,50.4339382],[5.9488114,50.4339329],[5.9487845,50.4339275],[5.9487576,50.4339222],[5.9487307,50.4339169],[5.9487038,50.4339116],[5.9486769,50.4339062],[5.94865,50.4339009],[5.9486231,50.4338956],[5.9485963,50.4338902],[5.9485694,50.4338849],[5.9485425,50.4338796],[5.9485156,50.4338743],[5.9484887,50.4338689],[5.9484618,50.4338636],[5.9484349,50.4338583],[5.948408,50.433853],[5.9483811,50.4338476],[5.9483542,50.4338423],[5.9483274,50.433837],[5.9483005,50.4338316],[5.9482736,50.4338263],[5.9482467,50.433821],[5.9482198,50.4338157],[5.9481929,50.4338103],[5.948166,50.433805],[5.9481391,50.4337997],[5.9481122,50.4337944],[5.9480853,50.433789],[5.9480584,50.4337837],[5.9480316,50.4337784],[5.9480047,50.433773],[5.9479778,50.4337677],[5.9479509,50.4337624],[5.947924,50.4337571],[5.9478971,50.4337517],[5.9478702,50.4337464],[5.9478433,50.4337411],[5.9478164,50.4337358],[5.9477895,50.4337304],[5.9477627,50.4337251],[5.9477358,50.4337198],[5.9477089,50.4337144],[5.947682,50.4337091],[5.9476551,50.4337038],[5.9476282,50.4336985],[5.9476013,50.4336931],[5.9475744,50.4336878],[5.9475475,50.4336825],[5.9475206,50.4336772],[5.9474938,50.4336718],[5.9474669,50.4336665],[5.94744,50.4336612],[5.9474131,50.4336558],[5.9473862,50.4336505],[5.9473593,50.4336452],[5.9473324,50.4336399],[5.9473055,50.4336345],[5.9472786,50.4336292],[5.9472517,50.4336239],[5.9472249,50.4336186],[5.947198,50.4336132],[5.9471711,50.4336079],[5.9471442,50.4336026],[5.9471173,50.4335972],[5.9470904,50.4335919],[5.9470635,50.4335866],[5.9470366,50.4335813],[5.9470097,50.4335759],[5.9469828,50.4335706],[5.946956,50.4335653],[5.9469291,50.43356],[5.9469022,50.4335546],[5.9468753,50.4335493],[5.9468484,50.433544],[5.9468215,50.4335386],[5.9467946,50.4335333],[5.9467677,50.433528],[5.9467408,50.4335227],[5.9467139,50.4335173],[5.9466871,50.433512],[5.9466602,50.4335067],[5.9466333,50.4335014],[5.9466064,50.433496],[5.9465795,50.4334907],[5.9465526,50.4334854],[5.9465257,50.43348],[5.9464988,50.4334747],[5.9464719,50.4334694],[5.9464451,50.4334641],[5.9464182,50.4334587],[5.9463913,50.4334534],[5.9463644,50.4334481],[5.9463375,50.4334428],[5.9463106,50.4334374],[5.9462837,50.4334321],[5.9462568,50.4334268],[5.9462299,50.4334214],[5.946203,50.4334161],[5.9461762,50.4334108],[5.9461493,50.4334055],[5.9461224,50.4334001],[5.9460955,50.4333948],[5.9460686,50.4333895],[5.9460417,50.4333842],[5.9460148,50.4333788],[5.9459879,50.4333735],[5.945961,50.4333682],[5.9459341,50.4333628],[5.9459073,50.4333575],[5.9458804,50.4333522],[5.9458535,50.4333469],[5.9458266,50.4333415],[5.9457997,50.4333362],[5.9457728,50.4333309],[5.9457459,50.4333255],[5.945719,50.4333202],[5.9456921,50.4333149],[5.9456652,50.4333096],[5.9456384,50.4333042],[5.9456115,50.4332989],[5.9455846,50.4332936],[5.9455577,50.4332883],[5.9455308,50.4332829],[5.9455039,50.4332776],[5.945477,50.4332723],[5.9454501,50.4332669],[5.9454232,50.4332616],[5.9453964,50.4332563],[5.9453695,50.433251],[5.9453426,50.4332456],[5.9453157,50.4332403],[5.9452888,50.433235],[5.9452619,50.4332296],[5.945235,50.4332243],[5.9452081,50.433219],[5.9451812,50.4332137],[5.9451543,50.4332083],[5.9451275,50.433203],[5.9451006,50.4331977],[5.9450737,50.4331924],[5.9450468,50.433187],[5.9450199,50.4331817],[5.944993,50.4331764],[5.9449661,50.433171],[5.9449392,50.4331657],[5.9449123,50.4331604],[5.9448855,50.4331551],[5.9448586,50.4331497],[5.9448317,50.4331444],[5.9448048,50.4331391],[5.9447779,50.4331337],[5.944751,50.4331284],[5.9447241,50.4331231],[5.9446972,50.4331178],[5.9446703,50.4331124],[5.9446434,50.4331071],[5.9446166,50.4331018],[5.9445897,50.4330965],[5.9445628,50.4330911],[5.9445359,50.4330858],[5.944509,50.4330805],[5.9444821,50.4330751],[5.9444552,50.4330698],[5.9444283,50.4330645],[5.9444014,50.4330592],[5.9443746,50.4330538],[5.9443477,50.4330485],[5.9443208,50.4330432],[5.9442939,50.4330378],[5.944267,50.4330325],[5.9442401,50.4330272],[5.9442132,50.4330219],[5.9441863,50.4330165],[5.9441594,50.4330112],[5.9441326,50.4330059],[5.9441057,50.4330005],[5.9440788,50.4329952],[5.9440519,50.4329899],[5.944025,50.4329846],[5.9439981,50.4329792],[5.9439712,50.4329739],[5.9439443,50.4329686],[5.9439174,50.4329632],[5.9438905,50.4329579],[5.9438637,50.4329526],[5.9438368,50.4329473],[5.9438099,50.4329419],[5.943783,50.4329366],[5.9437561,50.4329313],[5.9437292,50.432926],[5.9437023,50.4329206],[5.9436754,50.4329153],[5.9436485,50.43291],[5.9436217,50.4329046],[5.9435948,50.4328993],[5.9435679,50.432894],[5.943541,50.4328887],[5.9435141,50.4328833],[5.9434872,50.432878],[5.9434603,50.4328727],[5.9434334,50.4328673],[5.9434065,50.432862],[5.9433797,50.4328567],[5.9433528,50.4328514],[5.9433259,50.432846],[5.943299,50.4328407],[5.9432721,50.4328354],[5.9432452,50.43283],[5.9432183,50.4328247],[5.9431914,50.4328194],[5.9431645,50.4328141],[5.9431377,50.4328087],[5.9431108,50.4328034],[5.9430839,50.4327981],[5.943057,50.4327927],[5.9430301,50.4327874],[5.9430032,50.4327821],[5.9429763,50.4327768],[5.9429494,50.4327714],[5.9429225,50.4327661],[5.9428957,50.4327608],[5.9428688,50.4327554],[5.9428419,50.4327501],[5.942815,50.4327448],[5.9427881,50.4327395],[5.9427612,50.4327341],[5.9427343,50.4327288],[5.9427074,50.4327235],[5.9426805,50.4327182],[5.9426537,50.4327128],[5.9426268,50.4327075],[5.9425999,50.4327022],[5.942573,50.4326968],[5.9425461,50.4326915],[5.9425192,50.4326862],[5.9424923,50.4326809],[5.9424654,50.4326755],[5.9424385,50.4326702],[5.9424117,50.4326649],[5.9423848,50.4326595],[5.9423579,50.4326542],[5.942331,50.4326489],[5.9423041,50.4326436],[5.9422772,50.4326382],[5.9422503,50.4326329],[5.9422234,50.4326276],[5.9421965,50.4326222],[5.9421697,50.4326169],[5.9421428,50.4326116],[5.9421159,50.4326063],[5.942089,50.4326009],[5.9420621,50.4325956],[5.9420352,50.4325903],[5.9420083,50.4325849],[5.9419814,50.4325796],[5.9419545,50.4325743],[5.9419277,50.432569],[5.9419008,50.4325636],[5.9418739,50.4325583],[5.941847,50.432553],[5.9418201,50.4325476],[5.9417932,50.4325423],[5.9417663,50.432537],[5.9417394,50.4325317],[5.9417125,50.4325263],[5.9416857,50.432521],[5.9416588,50.4325157],[5.9416319,50.4325103],[5.941605,50.432505],[5.9415781,50.4324997],[5.9415512,50.4324944],[5.9415243,50.432489],[5.9414974,50.4324837],[5.9414705,50.4324784],[5.9414437,50.432473],[5.9414168,50.4324677],[5.9413899,50.4324624],[5.941363,50.4324571],[5.9413361,50.4324517],[5.9413092,50.4324464],[5.9412823,50.4324411],[5.9412554,50.4324357],[5.9412285,50.4324304],[5.9412017,50.4324251],[5.9411748,50.4324198],[5.9411479,50.4324144],[5.941121,50.4324091],[5.9410941,50.4324038],[5.9410672,50.4323984],[5.9410403,50.4323931],[5.9410134,50.4323878],[5.9409866,50.4323825],[5.9409597,50.4323771],[5.9409328,50.4323718],[5.9409059,50.4323665],[5.940879,50.4323611],[5.9408521,50.4323558],[5.9408252,50.4323505],[5.9407983,50.4323451],[5.9407714,50.4323398],[5.9407446,50.4323345],[5.9407177,50.4323292],[5.9406908,50.4323238],[5.9406639,50.4323185],[5.940637,50.4323132],[5.9406101,50.4323078],[5.9405832,50.4323025],[5.9405563,50.4322972],[5.9405294,50.4322919],[5.9405026,50.4322865],[5.9404757,50.4322812],[5.9404488,50.4322759],[5.9404219,50.4322705],[5.940395,50.4322652],[5.9403681,50.4322599],[5.9403412,50.4322546],[5.9403143,50.4322492],[5.9402875,50.4322439],[5.9402606,50.4322386],[5.9402337,50.4322332],[5.9402068,50.4322279],[5.9401799,50.4322226],[5.940153,50.4322173],[5.9401261,50.4322119],[5.9400992,50.4322066],[5.9400723,50.4322013],[5.9400455,50.4321959],[5.9400186,50.4321906],[5.9399917,50.4321853],[5.9399648,50.43218],[5.9399379,50.4321746],[5.939911,50.4321693],[5.9398841,50.432164],[5.9398572,50.4321586],[5.9398303,50.4321533],[5.9398035,50.432148],[5.9397766,50.4321426],[5.9397497,50.4321373],[5.9397228,50.432132],[5.9396959,50.4321267],[5.939669,50.4321213],[5.9396421,50.432116],[5.9396152,50.4321107],[5.9395884,50.4321053],[5.9395615,50.4321],[5.9395346,50.4320947],[5.9395077,50.4320894],[5.9394808,50.432084],[5.9394539,50.4320787],[5.939427,50.4320734],[5.9394001,50.432068],[5.9393732,50.4320627],[5.9393464,50.4320574],[5.9393195,50.4320521],[5.9392926,50.4320467],[5.9392657,50.4320414],[5.9392388,50.4320361],[5.9392119,50.4320307],[5.939185,50.4320254],[5.9391581,50.4320201],[5.9391313,50.4320147],[5.9391044,50.4320094],[5.9390775,50.4320041],[5.9390506,50.4319988],[5.9390237,50.4319934],[5.9389968,50.4319881],[5.9389699,50.4319828],[5.938943,50.4319774],[5.9389161,50.4319721],[5.9388893,50.4319668],[5.9388624,50.4319615],[5.9388355,50.4319561],[5.9388086,50.4319508],[5.9387817,50.4319455],[5.9387548,50.4319401],[5.9387279,50.4319348],[5.938701,50.4319295],[5.9386742,50.4319242],[5.9386473,50.4319188],[5.9386204,50.4319135],[5.9385935,50.4319082],[5.9385666,50.4319028],[5.9385397,50.4318975],[5.9385128,50.4318922],[5.9384859,50.4318868],[5.9384591,50.4318815],[5.9384322,50.4318762],[5.9384053,50.4318709],[5.9383784,50.4318655],[5.9383515,50.4318602],[5.9383246,50.4318549],[5.9382977,50.4318495],[5.9382708,50.4318442],[5.9382439,50.4318389],[5.9382171,50.4318336],[5.9381902,50.4318282],[5.9381633,50.4318229],[5.9381364,50.4318176],[5.9381095,50.4318122],[5.9380826,50.4318069],[5.9380557,50.4318016],[5.9380288,50.4317962],[5.938002,50.4317909],[5.9379751,50.4317856],[5.9379482,50.4317803],[5.9379213,50.4317749],[5.9378944,50.4317696],[5.9378675,50.4317643],[5.9378406,50.4317589],[5.9378137,50.4317536],[5.9377869,50.4317483],[5.93776,50.431743],[5.9377331,50.4317376],[5.9377062,50.4317323],[5.9376793,50.431727],[5.9376524,50.4317216],[5.9376255,50.4317163],[5.9375986,50.431711],[5.9375718,50.4317056],[5.9375449,50.4317003],[5.937518,50.431695],[5.9374911,50.4316897],[5.9374642,50.4316843],[5.9374373,50.431679],[5.9374104,50.4316737],[5.9373835,50.4316683],[5.9373567,50.431663],[5.9373298,50.4316577],[5.9373029,50.4316523],[5.937276,50.431647],[5.9372491,50.4316417],[5.9372222,50.4316364],[5.9371953,50.431631],[5.9371684,50.4316257],[5.9371415,50.4316204],[5.9371147,50.431615],[5.9370878,50.4316097],[5.9370609,50.4316044],[5.937034,50.4315991],[5.9370071,50.4315937],[5.9369802,50.4315884],[5.9369533,50.4315831],[5.9369264,50.4315777],[5.9368996,50.4315724],[5.9368727,50.4315671],[5.9368458,50.4315617],[5.9368189,50.4315564],[5.936792,50.4315511],[5.9367651,50.4315458],[5.9367382,50.4315404],[5.9367113,50.4315351],[5.9366845,50.4315298],[5.9366576,50.4315244],[5.9366307,50.4315191],[5.9366038,50.4315138],[5.9365769,50.4315084],[5.93655,50.4315031],[5.9365231,50.4314978],[5.9364962,50.4314925],[5.9364694,50.4314871],[5.9364425,50.4314818],[5.9364156,50.4314765],[5.9363887,50.4314711],[5.9363618,50.4314658],[5.9363349,50.4314605],[5.936308,50.4314551],[5.9362811,50.4314498],[5.9362543,50.4314445],[5.9362274,50.4314392],[5.9362005,50.4314338],[5.9361736,50.4314285],[5.9361467,50.4314232],[5.9361198,50.4314178],[5.9360929,50.4314125],[5.936066,50.4314072],[5.9360392,50.4314019],[5.9360123,50.4313965],[5.9359854,50.4313912],[5.9359585,50.4313859],[5.9359316,50.4313805],[5.9359047,50.4313752],[5.9358778,50.4313699],[5.9358509,50.4313645],[5.9358241,50.4313592],[5.9357972,50.4313539],[5.9357703,50.4313486],[5.9357434,50.4313432],[5.9357165,50.4313379],[5.9356896,50.4313326],[5.9356627,50.4313272],[5.9356358,50.4313219],[5.935609,50.4313166],[5.9355821,50.4313112],[5.9355552,50.4313059],[5.9355283,50.4313006],[5.9355014,50.4312953],[5.9354745,50.4312899],[5.9354476,50.4312846],[5.9354207,50.4312793],[5.9353939,50.4312739],[5.935367,50.4312686],[5.9353401,50.4312633],[5.9353132,50.4312579],[5.9352863,50.4312526],[5.9352594,50.4312473],[5.9352325,50.4312419],[5.9352057,50.4312366],[5.9351788,50.4312313],[5.9351519,50.431226],[5.935125,50.4312206],[5.9350981,50.4312153],[5.9350712,50.43121],[5.9350443,50.4312046],[5.9350174,50.4311993],[5.9349906,50.431194],[5.9349637,50.4311886],[5.9349368,50.4311833],[5.9349099,50.431178],[5.934883,50.4311727],[5.9348561,50.4311673],[5.9348292,50.431162],[5.9348023,50.4311567],[5.9347755,50.4311513],[5.9347486,50.431146],[5.9347217,50.4311407],[5.9346948,50.4311353],[5.9346679,50.43113],[5.934641,50.4311247],[5.9346141,50.4311194],[5.9345872,50.431114],[5.9345604,50.4311087],[5.9345335,50.4311034],[5.9345066,50.431098],[5.9344797,50.4310927],[5.9344528,50.4310874],[5.9344259,50.431082],[5.934399,50.4310767],[5.9343721,50.4310714],[5.9343453,50.4310661],[5.9343184,50.4310607],[5.9342915,50.4310554],[5.9342646,50.4310501],[5.9342377,50.4310447],[5.9342108,50.4310394],[5.9341839,50.4310341],[5.9341571,50.4310287],[5.9341302,50.4310234],[5.9341033,50.4310181],[5.9340764,50.4310127],[5.9340495,50.4310074],[5.9340226,50.4310021],[5.9339957,50.4309968],[5.9339688,50.4309914],[5.933942,50.4309861],[5.9339151,50.4309808],[5.9338882,50.4309754],[5.9338613,50.4309701],[5.9338344,50.4309648],[5.9338075,50.4309594],[5.9337806,50.4309541],[5.9337537,50.4309488],[5.9337269,50.4309435],[5.9337,50.4309381],[5.9336731,50.4309328],[5.9336462,50.4309275],[5.9336193,50.4309221],[5.9335924,50.4309168],[5.9335655,50.4309115],[5.9335387,50.4309061],[5.9335118,50.4309008],[5.9334849,50.4308955],[5.933458,50.4308901],[5.9334311,50.4308848],[5.9334042,50.4308795],[5.9333773,50.4308742],[5.9333504,50.4308688],[5.9333236,50.4308635],[5.9332967,50.4308582],[5.9332698,50.4308528],[5.9332429,50.4308475],[5.933216,50.4308422],[5.9331891,50.4308368],[5.9331622,50.4308315],[5.9331354,50.4308262],[5.9331085,50.4308209],[5.9330816,50.4308155],[5.9330547,50.4308102],[5.9330278,50.4308049],[5.9330009,50.4307995],[5.932974,50.4307942],[5.9329471,50.4307889],[5.9329203,50.4307835],[5.9328934,50.4307782],[5.9328665,50.4307729],[5.9328396,50.4307675],[5.9328127,50.4307622],[5.9327858,50.4307569],[5.9327589,50.4307516],[5.932732,50.4307462],[5.9327052,50.4307409],[5.9326783,50.4307356],[5.9326514,50.4307302],[5.9326245,50.4307249],[5.9325976,50.4307196],[5.9325707,50.4307142],[5.9325438,50.4307089],[5.932517,50.4307036],[5.9324901,50.4306982],[5.9324632,50.4306929],[5.9324363,50.4306876],[5.9324094,50.4306823],[5.9323825,50.4306769],[5.9323556,50.4306716],[5.9323287,50.4306663],[5.9323019,50.4306609],[5.932275,50.4306556],[5.9322481,50.4306503],[5.9322212,50.4306449],[5.9321943,50.4306396],[5.9321674,50.4306343],[5.9321405,50.4306289],[5.9321137,50.4306236],[5.9320868,50.4306183],[5.9320599,50.430613],[5.932033,50.4306076],[5.9320061,50.4306023],[5.9319792,50.430597],[5.9319523,50.4305916],[5.9319255,50.4305863],[5.9318986,50.430581],[5.9318717,50.4305756],[5.9318448,50.4305703],[5.9318179,50.430565],[5.931791,50.4305596],[5.9317641,50.4305543],[5.9317372,50.430549],[5.9317104,50.4305437],[5.9316835,50.4305383],[5.9316566,50.430533],[5.9316297,50.4305277],[5.9316028,50.4305223],[5.9315759,50.430517],[5.931549,50.4305117],[5.9315222,50.4305063],[5.9314953,50.430501],[5.9314684,50.4304957],[5.9314415,50.4304903],[5.9314146,50.430485],[5.9313877,50.4304797],[5.9313608,50.4304744],[5.9313339,50.430469],[5.9313071,50.4304637],[5.9312802,50.4304584],[5.9312533,50.430453],[5.9312264,50.4304477],[5.9311995,50.4304424],[5.9311726,50.430437],[5.9311457,50.4304317],[5.9311189,50.4304264],[5.931092,50.430421],[5.9310651,50.4304157],[5.9310382,50.4304104],[5.9310113,50.430405],[5.9309844,50.4303997],[5.9309575,50.4303944],[5.9309307,50.4303891],[5.9309038,50.4303837],[5.9308769,50.4303784],[5.93085,50.4303731],[5.9308231,50.4303677],[5.9307962,50.4303624],[5.9307693,50.4303571],[5.9307425,50.4303517],[5.9307156,50.4303464],[5.9306887,50.4303411],[5.9306618,50.4303357],[5.9306349,50.4303304],[5.930608,50.4303251],[5.9305811,50.4303197]]}},{"type":"Feature","properties":{"landuse":"forest","leaf_type":"needleleaved","height":24},"geometry":{"type":"Polygon","coordinates":[[[6.043991,50.4434566],[6.19575,50.443209],[6.1959827,50.4847029],[6.0440908,50.4849509],[6.043991,50.4434566]]]}},{"type":"Feature","properties":{"building":"house","height":9,"roof:shape":"gabled"},"geometry":{"type":"Polygon","coordinates":[[[5.9301056,50.4302538],[5.9300639,50.430168],[5.9301849,50.430144],[5.9302266,50.4302298],[5.9301056,50.4302538]]]}},{"type":"Feature","properties":{"building":"house","height":9,"roof:shape":"gabled"},"geometry":{"type":"Polygon","coordinates":[[[5.9303027,50.4300358],[5.9302609,50.42995],[5.9303819,50.429926],[5.9304236,50.4300118],[5.9303027,50.4300358]]]}},{"type":"Feature","properties":{"building":"house","height":9,"roof:shape":"gabled"},"geometry":{"type":"Polygon","coordinates":[[[5.9312026,50.4306583],[5.9311609,50.4305725],[5.9312818,50.4305485],[5.9313236,50.4306344],[5.9312026,50.4306583]]]}},{"type":"Feature","properties":{"building":"house","height":9,"roof:shape":"gabled"},"geometry":{"type":"Polygon","coordinates":[[[5.9313996,50.4304404],[5.9313579,50.4303545],[5.9314789,50.4303305],[5.9315206,50.4304164],[5.9313996,50.4304404]]]}},{"type":"Feature","properties":{"building":"house","height":9,"roof:shape":"gabled"},"geometry":{"type":"Polygon","coordinates":[[[5.9322996,50.4310629],[5.9322578,50.430977],[5.9323788,50.430953],[5.9324205,50.4310389],[5.9322996,50.4310629]]]}},{"type":"Feature","properties":{"building":"house","height":9,"roof:shape":"gabled"},"geometry":{"type":"Polygon","coordinates":[[[5.9324966,50.4308449],[5.9324549,50.430759],[5.9325758,50.430735],[5.9326176,50.4308209],[5.9324966,50.4308449]]]}},{"type":"Feature","properties":{"building":"house","height":9,"roof:shape":"gabled"},"geometry":{"type":"Polygon","coordinates":[[[5.9333966,50.4314674],[5.9333548,50.4313815],[5.9334758,50.4313575],[5.9335175,50.4314434],[5.9333966,50.4314674]]]}},{"type":"Feature","properties":{"building":"house","height":9,"roof:shape":"gabled"},"geometry":{"type":"Polygon","coordinates":[[[5.9335936,50.4312494],[5.9335518,50.4311635],[5.9336728,50.4311395],[5.9337145,50.4312254],[5.9335936,50.4312494]]]}},{"type":"Feature","properties":{"building":"house","height":9,"roof:shape":"gabled"},"geometry":{"type":"Polygon","coordinates":[[[5.9344936,50.4318719],[5.9344518,50.431786],[5.9345728,50.431762],[5.9346145,50.4318479],[5.9344936,50.4318719]]]}},{"type":"Feature","properties":{"building":"house","height":9,"roof:shape":"gabled"},"geometry":{"type":"Polygon","coordinates":[[[5.9346906,50.4316539],[5.9346488,50.431568],[5.9347698,50.431544],[5.9348116,50.4316299],[5.9346906,50.4316539]]]}},{"type":"Feature","properties":{"building":"house","height":9,"roof:shape":"gabled"},"geometry":{"type":"Polygon","coordinates":[[[5.9355906,50.4322764],[5.9355489,50.4321905],[5.9356698,50.4321665],[5.9357116,50.4322524],[5.9355906,50.4322764]]]}},{"type":"Feature","properties":{"building":"house","height":9,"roof:shape":"gabled"},"geometry":{"type":"Polygon","coordinates":[[[5.9357876,50.4320584],[5.9357459,50.4319725],[5.9358668,50.4319485],[5.9359086,50.4320344],[5.9357876,50.4320584]]]}},{"type":"Feature","properties":{"building":"house","height":9,"roof:shape":"gabled"},"geometry":{"type":"Polygon","coordinates":[[[5.9366876,50.4326809],[5.9366459,50.432595],[5.9367669,50.432571],[5.9368086,50.4326569],[5.9366876,50.4326809]]]}},{"type":"Feature","properties":{"building":"house","height":9,"roof:shape":"gabled"},"geometry":{"type":"Polygon","coordinates":[[[5.9368847,50.4324629],[5.9368429,50.432377],[5.9369639,50.432353],[5.9370056,50.4324389],[5.9368847,50.4324629]]]}},{"type":"Feature","properties":{"building":"house","height":9,"roof:shape":"gabled"},"geometry":{"type":"Polygon","coordinates":[[[5.9377847,50.4330853],[5.937743,50.4329995],[5.9378639,50.4329755],[5.9379057,50.4330613],[5.9377847,50.4330853]]]}},{"type":"Feature","properties":{"building":"house","height":9,"roof:shape":"gabled"},"geometry":{"type":"Polygon","coordinates":[[[5.9379817,50.4328673],[5.93794,50.4327815],[5.938061,50.4327575],[5.9381027,50.4328433],[5.9379817,50.4328673]]]}},{"type":"Feature","properties":{"building":"house","height":9,"roof:shape":"gabled"},"geometry":{"type":"Polygon","coordinates":[[[5.9388818,50.4334898],[5.9388401,50.4334039],[5.938961,50.4333799],[5.9390028,50.4334658],[5.9388818,50.4334898]]]}},{"type":"Feature","properties":{"building":"house","height":9,"roof:shape":"gabled"},"geometry":{"type":"Polygon","coordinates":[[[5.9390788,50.4332718],[5.9390371,50.4331859],[5.939158,50.4331619],[5.9391998,50.4332478],[5.9390788,50.4332718]]]}},{"type":"Feature","properties":{"building":"house","height":9,"roof:shape":"gabled"},"geometry":{"type":"Polygon","coordinates":[[[5.9399789,50.4338942],[5.9399372,50.4338084],[5.9400581,50.4337844],[5.9400999,50.4338703],[5.9399789,50.4338942]]]}},{"type":"Feature","properties":{"building":"house","height":9,"roof:shape":"gabled"},"geometry":{"type":"Polygon","coordinates":[[[5.9401759,50.4336762],[5.9401342,50.4335904],[5.9402551,50.4335664],[5.9402969,50.4336522],[5.9401759,50.4336762]]]}},{"type":"Feature","properties":{"building":"house","height":9,"roof:shape":"gabled"},"geometry":{"type":"Polygon","coordinates":[[[5.941076,50.4342987],[5.9410343,50.4342128],[5.9411553,50.4341888],[5.941197,50.4342747],[5.941076,50.4342987]]]}},{"type":"Feature","properties":{"building":"house","height":9,"roof:shape":"gabled"},"geometry":{"type":"Polygon","coordinates":[[[5.941273,50.4340807],[5.9412313,50.4339948],[5.9413523,50.4339708],[5.941394,50.4340567],[5.941273,50.4340807]]]}},{"type":"Feature","properties":{"building":"house","height":9,"roof:shape":"gabled"},"geometry":{"type":"Polygon","coordinates":[[[5.9421732,50.4347031],[5.9421314,50.4346173],[5.9422524,50.4345933],[5.9422942,50.4346791],[5.9421732,50.4347031]]]}},{"type":"Feature","properties":{"building":"house","height":9,"roof:shape":"gabled"},"geometry":{"type":"Polygon","coordinates":[[[5.9423702,50.4344851],[5.9423284,50.4343993],[5.9424494,50.4343753],[5.9424911,50.4344611],[5.9423702,50.4344851]]]}},{"type":"Feature","properties":{"building":"house","height":9,"roof:shape":"gabled"},"geometry":{"type":"Polygon","coordinates":[[[5.9432703,50.4351075],[5.9432286,50.4350217],[5.9433496,50.4349977],[5.9433913,50.4350835],[5.9432703,50.4351075]]]}},{"type":"Feature","properties":{"building":"house","height":9,"roof:shape":"gabled"},"geometry":{"type":"Polygon","coordinates":[[[5.9434673,50.4348895],[5.9434256,50.4348037],[5.9435466,50.4347797],[5.9435883,50.4348655],[5.9434673,50.4348895]]]}},{"type":"Feature","properties":{"building":"house","height":9,"roof:shape":"gabled"},"geometry":{"type":"Polygon","coordinates":[[[5.9443675,50.435512],[5.9443258,50.4354261],[5.9444467,50.4354021],[5.9444885,50.4354879],[5.9443675,50.435512]]]}},{"type":"Feature","properties":{"building":"house","height":9,"roof:shape":"gabled"},"geometry":{"type":"Polygon","coordinates":[[[5.9445645,50.4352939],[5.9445228,50.4352081],[5.9446437,50.4351841],[5.9446855,50.4352699],[5.9445645,50.4352939]]]}},{"type":"Feature","properties":{"building":"house","height":9,"roof:shape":"gabled"},"geometry":{"type":"Polygon","coordinates":[[[5.9454647,50.4359164],[5.945423,50.4358305],[5.9455439,50.4358065],[5.9455857,50.4358923],[5.9454647,50.4359164]]]}},{"type":"Feature","properties":{"building":"house","height":9,"roof:shape":"gabled"},"geometry":{"type":"Polygon","coordinates":[[[5.9456617,50.4356983],[5.9456199,50.4356125],[5.9457409,50.4355885],[5.9457827,50.4356743],[5.9456617,50.4356983]]]}},{"type":"Feature","properties":{"building":"house","height":9,"roof:shape":"gabled"},"geometry":{"type":"Polygon","coordinates":[[[5.9465619,50.4363207],[5.9465202,50.4362349],[5.9466412,50.4362109],[5.9466829,50.4362967],[5.9465619,50.4363207]]]}},{"type":"Feature","properties":{"building":"house","height":9,"roof:shape":"gabled"},"geometry":{"type":"Polygon","coordinates":[[[5.9467589,50.4361027],[5.9467172,50.4360169],[5.9468381,50.4359929],[5.9468799,50.4360787],[5.9467589,50.4361027]]]}},{"type":"Feature","properties":{"building":"house","height":9,"roof:shape":"gabled"},"geometry":{"type":"Polygon","coordinates":[[[5.9476592,50.4367251],[5.9476174,50.4366393],[5.9477384,50.4366153],[5.9477802,50.4367011],[5.9476592,50.4367251]]]}},{"type":"Feature","properties":{"building":"house","height":9,"roof:shape":"gabled"},"geometry":{"type":"Polygon","coordinates":[[[5.9478562,50.4365071],[5.9478144,50.4364212],[5.9479354,50.4363972],[5.9479771,50.4364831],[5.9478562,50.4365071]]]}},{"type":"Feature","properties":{"building":"house","height":9,"roof:shape":"gabled"},"geometry":{"type":"Polygon","coordinates":[[[5.9487564,50.4371295],[5.9487147,50.4370436],[5.9488356,50.4370196],[5.9488774,50.4371055],[5.9487564,50.4371295]]]}},{"type":"Feature","properties":{"building":"house","height":9,"roof:shape":"gabled"},"geometry":{"type":"Polygon","coordinates":[[[5.9489534,50.4369115],[5.9489116,50.4368256],[5.9490326,50.4368016],[5.9490744,50.4368875],[5.9489534,50.4369115]]]}},{"type":"Feature","properties":{"building":"house","height":9,"roof:shape":"gabled"},"geometry":{"type":"Polygon","coordinates":[[[5.9498537,50.4375338],[5.9498119,50.437448],[5.9499329,50.437424],[5.9499747,50.4375098],[5.9498537,50.4375338]]]}},{"type":"Feature","properties":{"building":"house","height":9,"roof:shape":"gabled"},"geometry":{"type":"Polygon","coordinates":[[[5.9500507,50.4373158],[5.9500089,50.43723],[5.9501299,50.437206],[5.9501717,50.4372918],[5.9500507,50.4373158]]]}},{"type":"Feature","properties":{"building":"house","height":9,"roof:shape":"gabled"},"geometry":{"type":"Polygon","coordinates":[[[5.950951,50.4379382],[5.9509092,50.4378523],[5.9510302,50.4378283],[5.951072,50.4379142],[5.950951,50.4379382]]]}},{"type":"Feature","properties":{"building":"house","height":9,"roof:shape":"gabled"},"geometry":{"type":"Polygon","coordinates":[[[5.951148,50.4377202],[5.9511062,50.4376343],[5.9512272,50.4376103],[5.9512689,50.4376962],[5.951148,50.4377202]]]}},{"type":"Feature","properties":{"landuse":"residential"},"geometry":{"type":"Polygon","coordinates":[[[5.9215567,50.4246058],[5.9581443,50.4246027],[5.9581555,50.4434813],[5.9215533,50.4434844],[5.9215567,50.4246058]]]}},{"type":"Feature","properties":{"landuse":"meadow"},"geometry":{"type":"Polygon","coordinates":[[[5.8878027,50.4030229],[6.2285787,50.4026474],[6.2292201,50.504434],[5.8877121,50.5048109],[5.8878027,50.4030229]]]}}]}