{"type":"FeatureCollection","features":[{"type":"Feature","properties":{"highway":"secondary","smoothness":"good","surface":"asphalt","width":6},"geometry":{"type":"LineString","coordinates":[[5.62,52.44],[5.62,52.440018],[5.62,52.4400359],[5.62,52.4400539],[5.62,52.4400719],[5.62,52.4400899],[5.62,52.4401078],[5.62,52.4401258],[5.62,52.4401438],[5.62,52.4401618],[5.62,52.4401797],[5.62,52.4401977],[5.62,52.4402157],[5.62,52.4402337],[5.62,52.4402516],[5.62,52.4402696],[5.62,52.4402876],[5.62,52.4403055],[5.62,52.4403235],[5.62,52.4403415],[5.62,52.4403595],[5.62,52.4403774],[5.62,52.4403954],[5.62,52.4404134],[5.62,52.4404314],[5.62,52.4404493],[5.62,52.4404673],[5.62,52.4404853],[5.62,52.4405033],[5.62,52.4405212],[5.62,52.4405392],[5.62,52.4405572],[5.62,52.4405751],[5.62,52.4405931],[5.62,52.4406111],[5.62,52.4406291],[5.62,52.440647],[5.62,52.440665],[5.62,52.440683],[5.62,52.440701],[5.62,52.4407189],[5.62,52.4407369],[5.62,52.4407549],[5.62,52.4407729],[5.62,52.4407908],[5.62,52.4408088],[5.62,52.4408268],[5.62,52.4408447],[5.62,52.4408627],[5.62,52.4408807],[5.62,52.4408987],[5.62,52.4409166],[5.62,52.4409346],[5.62,52.4409526],[5.62,52.4409706],[5.62,52.4409885],[5.62,52.4410065],[5.62,52.4410245],[5.62,52.4410425],[5.62,52.4410604],[5.62,52.4410784],[5.62,52.4410964],[5.62,52.4411143],[5.62,52.4411323],[5.62,52.4411503],[5.62,52.4411683],[5.62,52.4411862],[5.62,52.4412042],[5.62,52.4412222],[5.62,52.4412402],[5.62,52.4412581],[5.62,52.4412761],[5.62,52.4412941],[5.62,52.4413121],[5.62,52.44133],[5.62,52.441348],[5.62,52.441366],[5.62,52.4413839],[5.62,52.4414019],[5.62,52.4414199],[5.62,52.4414379],[5.62,52.4414558],[5.62,52.4414738],[5.62,52.4414918],[5.62,52.4415098],[5.62,52.4415277],[5.62,52.4415457],[5.62,52.4415637],[5.62,52.4415817],[5.62,52.4415996],[5.62,52.4416176],[5.62,52.4416356],[5.62,52.4416536],[5.62,52.4416715],[5.62,52.4416895],[5.62,52.4417075],[5.62,52.4417254],[5.62,52.4417434],[5.62,52.4417614],[5.62,52.4417794],[5.62,52.4417973],[5.62,52.4418153],[5.62,52.4418333],[5.62,52.4418513],[5.62,52.4418692],[5.62,52.4418872],[5.62,52.4419052],[5.62,52.4419232],[5.62,52.4419411],[5.62,52.4419591],[5.62,52.4419771],[5.62,52.441995],[5.62,52.442013],[5.62,52.442031],[5.62,52.442049],[5.62,52.4420669],[5.62,52.4420849],[5.62,52.4421029],[5.62,52.4421209],[5.62,52.4421388],[5.62,52.4421568],[5.62,52.4421748],[5.62,52.4421928],[5.62,52.4422107],[5.62,52.4422287],[5.62,52.4422467],[5.62,52.4422646],[5.62,52.4422826],[5.62,52.4423006],[5.62,52.4423186],[5.62,52.4423365],[5.62,52.4423545],[5.62,52.4423725],[5.62,52.4423905],[5.62,52.4424084],[5.62,52.4424264],[5.62,52.4424444],[5.62,52.4424624],[5.62,52.4424803],[5.62,52.4424983],[5.62,52.4425163],[5.62,52.4425342],[5.62,52.4425522],[5.62,52.4425702],[5.62,52.4425882],[5.62,52.4426061],[5.62,52.4426241],[5.62,52.4426421],[5.62,52.4426601],[5.62,52.442678],[5.62,52.442696],[5.62,52.442714],[5.62,52.442732],[5.62,52.4427499],[5.62,52.4427679],[5.62,52.4427859],[5.62,52.4428038],[5.62,52.4428218],[5.62,52.4428398],[5.62,52.4428578],[5.62,52.4428757],[5.62,52.4428937],[5.62,52.4429117],[5.62,52.4429297],[5.62,52.4429476],[5.62,52.4429656],[5.62,52.4429836],[5.62,52.4430016],[5.62,52.4430195],[5.62,52.4430375],[5.62,52.4430555],[5.62,52.4430734],[5.62,52.4430914],[5.62,52.4431094],[5.62,52.4431274],[5.62,52.4431453],[5.62,52.4431633],[5.62,52.4431813],[5.62,52.4431993],[5.62,52.4432172],[5.62,52.4432352],[5.62,52.4432532],[5.62,52.4432712],[5.62,52.4432891],[5.62,52.4433071],[5.62,52.4433251],[5.62,52.443343],[5.62,52.443361],[5.62,52.443379],[5.62,52.443397],[5.62,52.4434149],[5.62,52.4434329],[5.62,52.4434509],[5.62,52.4434689],[5.62,52.4434868],[5.62,52.4435048],[5.62,52.4435228],[5.62,52.4435408],[5.62,52.4435587],[5.62,52.4435767],[5.62,52.4435947],[5.62,52.4436126],[5.62,52.4436306],[5.62,52.4436486],[5.62,52.4436666],[5.62,52.4436845],[5.62,52.4437025],[5.62,52.4437205],[5.62,52.4437385],[5.62,52.4437564],[5.62,52.4437744],[5.62,52.4437924],[5.62,52.4438104],[5.62,52.4438283],[5.62,52.4438463],[5.62,52.4438643],[5.62,52.4438822],[5.62,52.4439002],[5.62,52.4439182],[5.62,52.4439362],[5.62,52.4439541],[5.62,52.4439721],[5.62,52.4439901],[5.62,52.4440081],[5.62,52.444026],[5.62,52.444044],[5.62,52.444062],[5.62,52.44408],[5.62,52.4440979],[5.62,52.4441159],[5.62,52.4441339],[5.62,52.4441518],[5.62,52.4441698],[5.62,52.4441878],[5.62,52.4442058],[5.62,52.4442237],[5.62,52.4442417],[5.62,52.4442597],[5.62,52.4442777],[5.62,52.4442956],[5.62,52.4443136],[5.62,52.4443316],[5.62,52.4443496],[5.62,52.4443675],[5.62,52.4443855],[5.62,52.4444035],[5.62,52.4444214],[5.62,52.4444394],[5.62,52.4444574],[5.62,52.4444754],[5.62,52.4444933],[5.62,52.4445113],[5.62,52.4445293],[5.62,52.4445473],[5.62,52.4445652],[5.62,52.4445832],[5.62,52.4446012],[5.62,52.4446192],[5.62,52.4446371],[5.62,52.4446551],[5.62,52.4446731],[5.62,52.444691],[5.62,52.444709],[5.62,52.444727],[5.62,52.444745],[5.62,52.4447629],[5.62,52.4447809],[5.62,52.4447989],[5.62,52.4448169],[5.62,52.4448348],[5.62,52.4448528],[5.62,52.4448708],[5.62,52.4448888],[5.62,52.4449067],[5.62,52.4449247],[5.62,52.4449427],[5.62,52.4449606],[5.62,52.4449786],[5.62,52.4449966],[5.62,52.4450146],[5.62,52.4450325],[5.62,52.4450505],[5.62,52.4450685],[5.62,52.4450865],[5.62,52.4451044],[5.62,52.4451224],[5.62,52.4451404],[5.62,52.4451584],[5.62,52.4451763],[5.62,52.4451943],[5.62,52.4452123],[5.62,52.4452303],[5.62,52.4452482],[5.62,52.4452662],[5.62,52.4452842],[5.62,52.4453021],[5.62,52.4453201],[5.62,52.4453381],[5.62,52.4453561],[5.62,52.445374],[5.62,52.445392],[5.62,52.44541],[5.62,52.445428],[5.62,52.4454459],[5.62,52.4454639],[5.62,52.4454819],[5.62,52.4454999],[5.62,52.4455178],[5.62,52.4455358],[5.62,52.4455538],[5.62,52.4455717],[5.62,52.4455897],[5.62,52.4456077],[5.62,52.4456257],[5.62,52.4456436],[5.62,52.4456616],[5.62,52.4456796],[5.62,52.4456976],[5.62,52.4457155],[5.62,52.4457335],[5.62,52.4457515],[5.62,52.4457695],[5.62,52.4457874],[5.62,52.4458054],[5.62,52.4458234],[5.62,52.4458413],[5.62,52.4458593],[5.62,52.4458773],[5.62,52.4458953],[5.62,52.4459132],[5.62,52.4459312],[5.62,52.4459492],[5.62,52.4459672],[5.62,52.4459851],[5.62,52.4460031],[5.62,52.4460211],[5.62,52.4460391],[5.62,52.446057],[5.62,52.446075],[5.62,52.446093],[5.62,52.4461109],[5.62,52.4461289],[5.62,52.4461469],[5.62,52.4461649],[5.62,52.4461828],[5.62,52.4462008],[5.62,52.4462188],[5.62,52.4462368],[5.62,52.4462547],[5.62,52.4462727],[5.62,52.4462907],[5.62,52.4463087],[5.62,52.4463266],[5.62,52.4463446],[5.62,52.4463626],[5.62,52.4463805],[5.62,52.4463985],[5.62,52.4464165],[5.62,52.4464345],[5.62,52.4464524],[5.62,52.4464704],[5.62,52.4464884],[5.62,52.4465064],[5.62,52.4465243],[5.62,52.4465423],[5.62,52.4465603],[5.62,52.4465783],[5.62,52.4465962],[5.62,52.4466142],[5.62,52.4466322],[5.62,52.4466501],[5.62,52.4466681],[5.62,52.4466861],[5.62,52.4467041],[5.62,52.446722],[5.62,52.44674],[5.62,52.446758],[5.62,52.446776],[5.62,52.4467939],[5.62,52.4468119],[5.62,52.4468299],[5.62,52.4468479],[5.62,52.4468658],[5.62,52.4468838],[5.62,52.4469018],[5.62,52.4469197],[5.62,52.4469377],[5.62,52.4469557],[5.62,52.4469737],[5.62,52.4469916],[5.62,52.4470096],[5.62,52.4470276],[5.62,52.4470456],[5.62,52.4470635],[5.62,52.4470815],[5.62,52.4470995],[5.62,52.4471175],[5.62,52.4471354],[5.62,52.4471534],[5.62,52.4471714],[5.62,52.4471893],[5.62,52.4472073],[5.62,52.4472253],[5.62,52.4472433],[5.62,52.4472612],[5.62,52.4472792],[5.62,52.4472972],[5.62,52.4473152],[5.62,52.4473331],[5.62,52.4473511],[5.62,52.4473691],[5.62,52.4473871],[5.62,52.447405],[5.62,52.447423],[5.62,52.447441],[5.62,52.4474589],[5.62,52.4474769],[5.62,52.4474949],[5.62,52.4475129],[5.62,52.4475308],[5.62,52.4475488],[5.62,52.4475668],[5.62,52.4475848],[5.62,52.4476027],[5.62,52.4476207],[5.62,52.4476387],[5.62,52.4476567],[5.62,52.4476746],[5.62,52.4476926],[5.62,52.4477106],[5.62,52.4477285],[5.62,52.4477465],[5.62,52.4477645],[5.62,52.4477825],[5.62,52.4478004],[5.62,52.4478184],[5.62,52.4478364],[5.62,52.4478544],[5.62,52.4478723],[5.62,52.4478903],[5.62,52.4479083],[5.62,52.4479263],[5.62,52.4479442],[5.62,52.4479622],[5.62,52.4479802],[5.62,52.4479981],[5.62,52.4480161],[5.62,52.4480341],[5.62,52.4480521],[5.62,52.44807],[5.62,52.448088],[5.62,52.448106],[5.62,52.448124],[5.62,52.4481419],[5.62,52.4481599],[5.62,52.4481779],[5.62,52.4481959],[5.62,52.4482138],[5.62,52.4482318],[5.62,52.4482498],[5.62,52.4482677],[5.62,52.4482857],[5.62,52.4483037],[5.62,52.4483217],[5.62,52.4483396],[5.62,52.4483576],[5.62,52.4483756],[5.62,52.4483936],[5.62,52.4484115],[5.62,52.4484295],[5.62,52.4484475],[5.62,52.4484655],[5.62,52.4484834],[5.62,52.4485014],[5.62,52.4485194],[5.62,52.4485373],[5.62,52.4485553],[5.62,52.4485733],[5.62,52.4485913],[5.62,52.4486092],[5.62,52.4486272],[5.62,52.4486452],[5.62,52.4486632],[5.62,52.4486811],[5.62,52.4486991],[5.62,52.4487171],[5.62,52.4487351],[5.62,52.448753],[5.62,52.448771],[5.62,52.448789],[5.62,52.4488069],[5.62,52.4488249],[5.62,52.4488429],[5.62,52.4488609],[5.62,52.4488788],[5.62,52.4488968],[5.62,52.4489148],[5.62,52.4489328],[5.62,52.4489507],[5.62,52.4489687],[5.62,52.4489867],[5.62,52.4490047],[5.62,52.4490226],[5.62,52.4490406],[5.62,52.4490586],[5.62,52.4490765],[5.62,52.4490945],[5.62,52.4491125],[5.62,52.4491305],[5.62,52.4491484],[5.62,52.4491664],[5.62,52.4491844],[5.62,52.4492024],[5.62,52.4492203],[5.62,52.4492383],[5.62,52.4492563],[5.62,52.4492743],[5.62,52.4492922],[5.62,52.4493102],[5.62,52.4493282],[5.62,52.4493461],[5.62,52.4493641],[5.62,52.4493821],[5.62,52.4494001],[5.62,52.449418],[5.62,52.449436],[5.62,52.449454],[5.62,52.449472],[5.62,52.4494899],[5.62,52.4495079],[5.62,52.4495259],[5.62,52.4495439],[5.62,52.4495618],[5.62,52.4495798],[5.62,52.4495978],[5.62,52.4496157],[5.62,52.4496337],[5.62,52.4496517],[5.62,52.4496697],[5.62,52.4496876],[5.62,52.4497056],[5.62,52.4497236],[5.62,52.4497416],[5.62,52.4497595],[5.62,52.4497775],[5.62,52.4497955],[5.62,52.4498135],[5.62,52.4498314],[5.62,52.4498494],[5.62,52.4498674],[5.62,52.4498853],[5.62,52.4499033],[5.62,52.4499213],[5.62,52.4499393],[5.62,52.4499572],[5.62,52.4499752],[5.62,52.4499932],[5.62,52.4500112],[5.62,52.4500291],[5.62,52.4500471],[5.62,52.4500651],[5.62,52.4500831],[5.62,52.450101],[5.62,52.450119],[5.62,52.450137],[5.62,52.4501549],[5.62,52.4501729],[5.62,52.4501909],[5.62,52.4502089],[5.62,52.4502268],[5.62,52.4502448],[5.62,52.4502628],[5.62,52.4502808],[5.62,52.4502987],[5.62,52.4503167],[5.62,52.4503347],[5.62,52.4503527],[5.62,52.4503706],[5.62,52.4503886],[5.62,52.4504066],[5.62,52.4504245],[5.62,52.4504425],[5.62,52.4504605],[5.62,52.4504785],[5.62,52.4504964],[5.62,52.4505144],[5.62,52.4505324],[5.62,52.4505504],[5.62,52.4505683],[5.62,52.4505863],[5.62,52.4506043],[5.62,52.4506223],[5.62,52.4506402],[5.62,52.4506582],[5.62,52.4506762],[5.62,52.4506941],[5.62,52.4507121],[5.62,52.4507301],[5.62,52.4507481],[5.62,52.450766],[5.62,52.450784],[5.62,52.450802],[5.62,52.45082],[5.62,52.4508379],[5.62,52.4508559],[5.62,52.4508739],[5.62,52.4508919],[5.62,52.4509098],[5.62,52.4509278],[5.62,52.4509458],[5.62,52.4509637],[5.62,52.4509817],[5.62,52.4509997],[5.62,52.4510177],[5.62,52.4510356],[5.62,52.4510536],[5.62,52.4510716],[5.62,52.4510896],[5.62,52.4511075],[5.62,52.4511255],[5.62,52.4511435],[5.62,52.4511615],[5.62,52.4511794],[5.62,52.4511974],[5.62,52.4512154],[5.62,52.4512333],[5.62,52.4512513],[5.62,52.4512693],[5.62,52.4512873],[5.62,52.4513052],[5.62,52.4513232],[5.62,52.4513412],[5.62,52.4513592],[5.62,52.4513771],[5.62,52.4513951],[5.62,52.4514131],[5.62,52.4514311],[5.62,52.451449],[5.62,52.451467],[5.62,52.451485],[5.62,52.4515029],[5.62,52.4515209],[5.62,52.4515389],[5.62,52.4515569],[5.62,52.4515748],[5.62,52.4515928],[5.62,52.4516108],[5.62,52.4516288],[5.62,52.4516467],[5.62,52.4516647],[5.62,52.4516827],[5.62,52.4517007],[5.62,52.4517186],[5.62,52.4517366],[5.62,52.4517546],[5.62,52.4517725],[5.62,52.4517905],[5.62,52.4518085],[5.62,52.4518265],[5.62,52.4518444],[5.62,52.4518624],[5.62,52.4518804],[5.62,52.4518984],[5.62,52.4519163],[5.62,52.4519343],[5.62,52.4519523],[5.62,52.4519703],[5.62,52.4519882],[5.62,52.4520062],[5.62,52.4520242],[5.62,52.4520421],[5.62,52.4520601],[5.62,52.4520781],[5.62,52.4520961],[5.62,52.452114],[5.62,52.452132],[5.62,52.45215],[5.62,52.452168],[5.62,52.4521859],[5.62,52.4522039],[5.62,52.4522219],[5.62,52.4522399],[5.62,52.4522578],[5.62,52.4522758],[5.62,52.4522938],[5.62,52.4523117],[5.62,52.4523297],[5.62,52.4523477],[5.62,52.4523657],[5.62,52.4523836],[5.62,52.4524016],[5.62,52.4524196],[5.62,52.4524376],[5.62,52.4524555],[5.62,52.4524735],[5.62,52.4524915],[5.62,52.4525095],[5.62,52.4525274],[5.62,52.4525454],[5.62,52.4525634],[5.62,52.4525814],[5.62,52.4525993],[5.62,52.4526173],[5.62,52.4526353],[5.62,52.4526532],[5.62,52.4526712],[5.62,52.4526892],[5.62,52.4527072],[5.62,52.4527251],[5.62,52.4527431],[5.62,52.4527611],[5.62,52.4527791],[5.62,52.452797],[5.62,52.452815],[5.62,52.452833],[5.62,52.452851],[5.62,52.4528689],[5.62,52.4528869],[5.62,52.4529049],[5.62,52.4529228],[5.62,52.4529408],[5.62,52.4529588],[5.62,52.4529768],[5.62,52.4529947],[5.62,52.4530127],[5.62,52.4530307],[5.62,52.4530487],[5.62,52.4530666],[5.62,52.4530846],[5.62,52.4531026],[5.62,52.4531206],[5.62,52.4531385],[5.62,52.4531565],[5.62,52.4531745],[5.62,52.4531924],[5.62,52.4532104],[5.62,52.4532284],[5.62,52.4532464],[5.62,52.4532643],[5.62,52.4532823],[5.62,52.4533003],[5.62,52.4533183],[5.62,52.4533362],[5.62,52.4533542],[5.62,52.4533722],[5.62,52.4533902],[5.62,52.4534081],[5.62,52.4534261],[5.62,52.4534441],[5.62,52.453462],[5.62,52.45348],[5.62,52.453498],[5.62,52.453516],[5.62,52.4535339],[5.62,52.4535519],[5.62,52.4535699],[5.62,52.4535879],[5.62,52.4536058],[5.62,52.4536238],[5.62,52.4536418],[5.62,52.4536598],[5.62,52.4536777],[5.62,52.4536957],[5.62,52.4537137],[5.62,52.4537316],[5.62,52.4537496],[5.62,52.4537676],[5.62,52.4537856],[5.62,52.4538035],[5.62,52.4538215],[5.62,52.4538395],[5.62,52.4538575],[5.62,52.4538754],[5.62,52.4538934],[5.62,52.4539114],[5.62,52.4539294],[5.62,52.4539473],[5.62,52.4539653],[5.62,52.4539833],[5.62,52.4540012],[5.62,52.4540192],[5.62,52.4540372],[5.62,52.4540552],[5.62,52.4540731],[5.62,52.4540911],[5.62,52.4541091],[5.62,52.4541271],[5.62,52.454145],[5.62,52.454163],[5.62,52.454181],[5.62,52.454199],[5.62,52.4542169],[5.62,52.4542349],[5.62,52.4542529],[5.62,52.4542708],[5.62,52.4542888],[5.62,52.4543068],[5.62,52.4543248],[5.62,52.4543427],[5.62,52.4543607],[5.62,52.4543787],[5.62,52.4543967],[5.62,52.4544146],[5.62,52.4544326],[5.62,52.4544506],[5.62,52.4544686],[5.62,52.4544865],[5.62,52.4545045],[5.62,52.4545225],[5.62,52.4545404],[5.62,52.4545584],[5.62,52.4545764],[5.62,52.4545944],[5.62,52.4546123],[5.62,52.4546303],[5.62,52.4546483],[5.62,52.4546663],[5.62,52.4546842],[5.62,52.4547022],[5.62,52.4547202],[5.62,52.4547382],[5.62,52.4547561],[5.62,52.4547741],[5.62,52.4547921],[5.62,52.45481],[5.62,52.454828],[5.62,52.454846],[5.62,52.454864],[5.62,52.4548819],[5.62,52.4548999],[5.62,52.4549179],[5.62,52.4549359],[5.62,52.4549538],[5.62,52.4549718],[5.62,52.4549898],[5.62,52.4550078],[5.62,52.4550257],[5.62,52.4550437],[5.62,52.4550617],[5.62,52.4550796],[5.62,52.4550976],[5.62,52.4551156],[5.62,52.4551336],[5.62,52.4551515],[5.62,52.4551695],[5.62,52.4551875],[5.62,52.4552055],[5.62,52.4552234],[5.62,52.4552414],[5.62,52.4552594],[5.62,52.4552774],[5.62,52.4552953],[5.62,52.4553133],[5.62,52.4553313],[5.62,52.4553492],[5.62,52.4553672],[5.62,52.4553852],[5.62,52.4554032],[5.62,52.4554211],[5.62,52.4554391],[5.62,52.4554571],[5.62,52.4554751],[5.62,52.455493],[5.62,52.455511],[5.62,52.455529],[5.62,52.455547],[5.62,52.4555649],[5.62,52.4555829],[5.62,52.4556009],[5.62,52.4556188],[5.62,52.4556368],[5.62,52.4556548],[5.62,52.4556728],[5.62,52.4556907],[5.62,52.4557087],[5.62,52.4557267],[5.62,52.4557447],[5.62,52.4557626],[5.62,52.4557806],[5.62,52.4557986],[5.62,52.4558165],[5.62,52.4558345],[5.62,52.4558525],[5.62,52.4558705],[5.62,52.4558884],[5.62,52.4559064],[5.62,52.4559244],[5.62,52.4559424],[5.62,52.4559603],[5.62,52.4559783],[5.62,52.4559963],[5.62,52.4560143],[5.62,52.4560322],[5.62,52.4560502],[5.62,52.4560682],[5.62,52.4560861],[5.62,52.4561041],[5.62,52.4561221],[5.62,52.4561401],[5.62,52.456158],[5.62,52.456176],[5.62,52.456194],[5.62,52.456212],[5.62,52.4562299],[5.62,52.4562479],[5.62,52.4562659],[5.62,52.4562839],[5.62,52.4563018],[5.62,52.4563198],[5.62,52.4563378],[5.62,52.4563557],[5.62,52.4563737],[5.62,52.4563917],[5.62,52.4564097],[5.62,52.4564276],[5.62,52.4564456],[5.62,52.4564636],[5.62,52.4564816],[5.62,52.4564995],[5.62,52.4565175],[5.62,52.4565355],[5.62,52.4565535],[5.62,52.4565714],[5.62,52.4565894],[5.62,52.4566074],[5.62,52.4566253],[5.62,52.4566433],[5.62,52.4566613],[5.62,52.4566793],[5.62,52.4566972],[5.62,52.4567152],[5.62,52.4567332],[5.62,52.4567512],[5.62,52.4567691],[5.62,52.4567871],[5.62,52.4568051],[5.62,52.4568231],[5.62,52.456841],[5.62,52.456859],[5.62,52.456877],[5.62,52.4568949],[5.62,52.4569129],[5.62,52.4569309],[5.62,52.4569489],[5.62,52.4569668],[5.62,52.4569848],[5.62,52.4570028],[5.62,52.4570208],[5.62,52.4570387],[5.62,52.4570567],[5.62,52.4570747],[5.62,52.4570927],[5.62,52.4571106],[5.62,52.4571286],[5.62,52.4571466],[5.62,52.4571645],[5.62,52.4571825],[5.62,52.4572005],[5.62,52.4572185],[5.62,52.4572364],[5.62,52.4572544],[5.62,52.4572724],[5.62,52.4572904],[5.62,52.4573083],[5.62,52.4573263],[5.62,52.4573443],[5.62,52.4573623],[5.62,52.4573802],[5.62,52.4573982],[5.62,52.4574162],[5.62,52.4574341],[5.62,52.4574521],[5.62,52.4574701],[5.62,52.4574881],[5.62,52.457506],[5.62,52.457524],[5.62,52.457542],[5.62,52.45756],[5.62,52.4575779],[5.62,52.4575959],[5.62,52.4576139],[5.62,52.4576319],[5.62,52.4576498],[5.62,52.4576678],[5.62,52.4576858],[5.62,52.4577037],[5.62,52.4577217],[5.62,52.4577397],[5.62,52.4577577],[5.62,52.4577756],[5.62,52.4577936],[5.62,52.4578116],[5.62,52.4578296],[5.62,52.4578475],[5.62,52.4578655],[5.62,52.4578835],[5.62,52.4579015],[5.62,52.4579194],[5.62,52.4579374],[5.62,52.4579554],[5.62,52.4579733],[5.62,52.4579913],[5.62,52.4580093],[5.62,52.4580273],[5.62,52.4580452],[5.62,52.4580632],[5.62,52.4580812],[5.62,52.4580992],[5.62,52.4581171],[5.62,52.4581351],[5.62,52.4581531],[5.62,52.4581711],[5.62,52.458189],[5.62,52.458207],[5.62,52.458225],[5.62,52.4582429],[5.62,52.4582609],[5.62,52.4582789],[5.62,52.4582969],[5.62,52.4583148],[5.62,52.4583328],[5.62,52.4583508],[5.62,52.4583688],[5.62,52.4583867],[5.62,52.4584047],[5.62,52.4584227],[5.62,52.4584407],[5.62,52.4584586],[5.62,52.4584766],[5.62,52.4584946],[5.62,52.4585125],[5.62,52.4585305],[5.62,52.4585485],[5.62,52.4585665],[5.62,52.4585844],[5.62,52.4586024],[5.62,52.4586204],[5.62,52.4586384],[5.62,52.4586563],[5.62,52.4586743],[5.62,52.4586923],[5.62,52.4587103],[5.62,52.4587282],[5.62,52.4587462],[5.62,52.4587642],[5.62,52.4587821],[5.62,52.4588001],[5.62,52.4588181],[5.62,52.4588361],[5.62,52.458854],[5.62,52.458872],[5.62,52.45889],[5.62,52.458908],[5.62,52.4589259],[5.62,52.4589439],[5.62,52.4589619],[5.62,52.4589799],[5.62,52.4589978],[5.62,52.4590158],[5.62,52.4590338],[5.62,52.4590517],[5.62,52.4590697],[5.62,52.4590877],[5.62,52.4591057],[5.62,52.4591236],[5.62,52.4591416],[5.62,52.4591596],[5.62,52.4591776],[5.62,52.4591955],[5.62,52.4592135],[5.62,52.4592315],[5.62,52.4592495],[5.62,52.4592674],[5.62,52.4592854],[5.62,52.4593034],[5.62,52.4593213],[5.62,52.4593393],[5.62,52.4593573],[5.62,52.4593753],[5.62,52.4593932],[5.62,52.4594112],[5.62,52.4594292],[5.62,52.4594472],[5.62,52.4594651],[5.62,52.4594831],[5.62,52.4595011],[5.62,52.4595191],[5.62,52.459537],[5.62,52.459555],[5.62,52.459573],[5.62,52.4595909],[5.62,52.4596089],[5.62,52.4596269],[5.62,52.4596449],[5.62,52.4596628],[5.62,52.4596808],[5.62,52.4596988],[5.62,52.4597168],[5.62,52.4597347],[5.62,52.4597527],[5.62,52.4597707],[5.62,52.4597887],[5.62,52.4598066],[5.62,52.4598246],[5.62,52.4598426],[5.62,52.4598605],[5.62,52.4598785],[5.62,52.4598965],[5.62,52.4599145],[5.62,52.4599324],[5.62,52.4599504],[5.62,52.4599684],[5.62,52.4599864],[5.62,52.4600043],[5.62,52.4600223],[5.62,52.4600403],[5.62,52.4600583],[5.62,52.4600762],[5.62,52.4600942],[5.62,52.4601122],[5.62,52.4601301],[5.62,52.4601481],[5.62,52.4601661],[5.62,52.4601841],[5.62,52.460202],[5.62,52.46022],[5.62,52.460238],[5.62,52.460256],[5.62,52.4602739],[5.62,52.4602919],[5.62,52.4603099],[5.62,52.4603279],[5.62,52.4603458],[5.62,52.4603638],[5.62,52.4603818],[5.62,52.4603997],[5.62,52.4604177],[5.62,52.4604357],[5.62,52.4604537],[5.62,52.4604716],[5.62,52.4604896],[5.62,52.4605076],[5.62,52.4605256],[5.62,52.4605435],[5.62,52.4605615],[5.62,52.4605795],[5.62,52.4605975],[5.62,52.4606154],[5.62,52.4606334],[5.62,52.4606514],[5.62,52.4606693],[5.62,52.4606873],[5.62,52.4607053],[5.62,52.4607233],[5.62,52.4607412],[5.62,52.4607592],[5.62,52.4607772],[5.62,52.4607952],[5.62,52.4608131],[5.62,52.4608311],[5.62,52.4608491],[5.62,52.4608671],[5.62,52.460885],[5.62,52.460903],[5.62,52.460921],[5.62,52.4609389],[5.62,52.4609569],[5.62,52.4609749],[5.62,52.4609929],[5.62,52.4610108],[5.62,52.4610288],[5.62,52.4610468],[5.62,52.4610648],[5.62,52.4610827],[5.62,52.4611007],[5.62,52.4611187],[5.62,52.4611367],[5.62,52.4611546],[5.62,52.4611726],[5.62,52.4611906],[5.62,52.4612085],[5.62,52.4612265],[5.62,52.4612445],[5.62,52.4612625],[5.62,52.4612804],[5.62,52.4612984],[5.62,52.4613164],[5.62,52.4613344],[5.62,52.4613523],[5.62,52.4613703],[5.62,52.4613883],[5.62,52.4614063],[5.62,52.4614242],[5.62,52.4614422],[5.62,52.4614602],[5.62,52.4614781],[5.62,52.4614961],[5.62,52.4615141],[5.62,52.4615321],[5.62,52.46155],[5.62,52.461568],[5.62,52.461586],[5.62,52.461604],[5.62,52.4616219],[5.62,52.4616399],[5.62,52.4616579],[5.62,52.4616759],[5.62,52.4616938],[5.62,52.4617118],[5.62,52.4617298],[5.62,52.4617477],[5.62,52.4617657],[5.62,52.4617837],[5.62,52.4618017],[5.62,52.4618196],[5.62,52.4618376],[5.62,52.4618556],[5.62,52.4618736],[5.62,52.4618915],[5.62,52.4619095],[5.62,52.4619275],[5.62,52.4619455],[5.62,52.4619634],[5.62,52.4619814],[5.62,52.4619994],[5.62,52.4620173],[5.62,52.4620353],[5.62,52.4620533],[5.62,52.4620713],[5.62,52.4620892],[5.62,52.4621072],[5.62,52.4621252],[5.62,52.4621432],[5.62,52.4621611],[5.62,52.4621791],[5.62,52.4621971],[5.62,52.4622151],[5.62,52.462233],[5.62,52.462251],[5.62,52.462269],[5.62,52.4622869],[5.62,52.4623049],[5.62,52.4623229],[5.62,52.4623409],[5.62,52.4623588],[5.62,52.4623768],[5.62,52.4623948],[5.62,52.4624128],[5.62,52.4624307],[5.62,52.4624487],[5.62,52.4624667],[5.62,52.4624847],[5.62,52.4625026],[5.62,52.4625206],[5.62,52.4625386],[5.62,52.4625565],[5.62,52.4625745],[5.62,52.4625925],[5.62,52.4626105],[5.62,52.4626284],[5.62,52.4626464],[5.62,52.4626644],[5.62,52.4626824],[5.62,52.4627003],[5.62,52.4627183],[5.62,52.4627363],[5.62,52.4627543],[5.62,52.4627722],[5.62,52.4627902],[5.62,52.4628082],[5.62,52.4628261],[5.62,52.4628441],[5.62,52.4628621],[5.62,52.4628801],[5.62,52.462898],[5.62,52.462916],[5.62,52.462934],[5.62,52.462952],[5.62,52.4629699],[5.62,52.4629879],[5.62,52.4630059],[5.62,52.4630239],[5.62,52.4630418],[5.62,52.4630598],[5.62,52.4630778],[5.62,52.4630957],[5.62,52.4631137],[5.62,52.4631317],[5.62,52.4631497],[5.62,52.4631676],[5.62,52.4631856],[5.62,52.4632036],[5.62,52.4632216],[5.62,52.4632395],[5.62,52.4632575],[5.62,52.4632755],[5.62,52.4632934],[5.62,52.4633114],[5.62,52.4633294],[5.62,52.4633474],[5.62,52.4633653],[5.62,52.4633833],[5.62,52.4634013],[5.62,52.4634193],[5.62,52.4634372],[5.62,52.4634552],[5.62,52.4634732],[5.62,52.4634912],[5.62,52.4635091],[5.62,52.4635271],[5.62,52.4635451],[5.62,52.463563],[5.62,52.463581],[5.62,52.463599],[5.62,52.463617],[5.62,52.4636349],[5.62,52.4636529],[5.62,52.4636709],[5.62,52.4636889],[5.62,52.4637068],[5.62,52.4637248],[5.62,52.4637428],[5.62,52.4637608],[5.62,52.4637787],[5.62,52.4637967],[5.62,52.4638147],[5.62,52.4638326],[5.62,52.4638506],[5.62,52.4638686],[5.62,52.4638866],[5.62,52.4639045],[5.62,52.4639225],[5.62,52.4639405],[5.62,52.4639585],[5.62,52.4639764],[5.62,52.4639944],[5.62,52.4640124],[5.62,52.4640304],[5.62,52.4640483],[5.62,52.4640663],[5.62,52.4640843],[5.62,52.4641022],[5.62,52.4641202],[5.62,52.4641382],[5.62,52.4641562],[5.62,52.4641741],[5.62,52.4641921],[5.62,52.4642101],[5.62,52.4642281],[5.62,52.464246],[5.62,52.464264],[5.62,52.464282],[5.62,52.4643],[5.62,52.4643179],[5.62,52.4643359],[5.62,52.4643539],[5.62,52.4643718],[5.62,52.4643898],[5.62,52.4644078],[5.62,52.4644258],[5.62,52.4644437],[5.62,52.4644617],[5.62,52.4644797],[5.62,52.4644977],[5.62,52.4645156],[5.62,52.4645336],[5.62,52.4645516],[5.62,52.4645696],[5.62,52.4645875],[5.62,52.4646055],[5.62,52.4646235],[5.62,52.4646414],[5.62,52.4646594],[5.62,52.4646774],[5.62,52.4646954],[5.62,52.4647133],[5.62,52.4647313],[5.62,52.4647493],[5.62,52.4647673],[5.62,52.4647852],[5.62,52.4648032],[5.62,52.4648212],[5.62,52.4648392],[5.62,52.4648571],[5.62,52.4648751],[5.62,52.4648931],[5.62,52.464911],[5.62,52.464929],[5.62,52.464947],[5.62,52.464965],[5.62,52.4649829],[5.62,52.4650009],[5.62,52.4650189],[5.62,52.4650369],[5.62,52.4650548],[5.62,52.4650728],[5.62,52.4650908],[5.62,52.4651088],[5.62,52.4651267],[5.62,52.4651447],[5.62,52.4651627],[5.62,52.4651806],[5.62,52.4651986],[5.62,52.4652166],[5.62,52.4652346],[5.62,52.4652525],[5.62,52.4652705],[5.62,52.4652885],[5.62,52.4653065],[5.62,52.4653244],[5.62,52.4653424],[5.62,52.4653604],[5.62,52.4653784],[5.62,52.4653963],[5.62,52.4654143],[5.62,52.4654323],[5.62,52.4654502],[5.62,52.4654682],[5.62,52.4654862],[5.62,52.4655042],[5.62,52.4655221],[5.62,52.4655401],[5.62,52.4655581],[5.62,52.4655761],[5.62,52.465594],[5.62,52.465612],[5.62,52.46563],[5.62,52.465648],[5.62,52.4656659],[5.62,52.4656839],[5.62,52.4657019],[5.62,52.4657198],[5.62,52.4657378],[5.62,52.4657558],[5.62,52.4657738],[5.62,52.4657917],[5.62,52.4658097],[5.62,52.4658277],[5.62,52.4658457],[5.62,52.4658636],[5.62,52.4658816],[5.62,52.4658996],[5.62,52.4659176],[5.62,52.4659355],[5.62,52.4659535],[5.62,52.4659715],[5.62,52.4659894],[5.62,52.4660074],[5.62,52.4660254],[5.62,52.4660434],[5.62,52.4660613],[5.62,52.4660793],[5.62,52.4660973],[5.62,52.4661153],[5.62,52.4661332],[5.62,52.4661512],[5.62,52.4661692],[5.62,52.4661872],[5.62,52.4662051],[5.62,52.4662231],[5.62,52.4662411],[5.62,52.466259],[5.62,52.466277],[5.62,52.466295],[5.62,52.466313],[5.62,52.4663309],[5.62,52.4663489],[5.62,52.4663669],[5.62,52.4663849],[5.62,52.4664028],[5.62,52.4664208],[5.62,52.4664388],[5.62,52.4664568],[5.62,52.4664747],[5.62,52.4664927],[5.62,52.4665107],[5.62,52.4665286],[5.62,52.4665466],[5.62,52.4665646],[5.62,52.4665826],[5.62,52.4666005],[5.62,52.4666185],[5.62,52.4666365],[5.62,52.4666545],[5.62,52.4666724],[5.62,52.4666904],[5.62,52.4667084],[5.62,52.4667263],[5.62,52.4667443],[5.62,52.4667623],[5.62,52.4667803],[5.62,52.4667982],[5.62,52.4668162],[5.62,52.4668342],[5.62,52.4668522],[5.62,52.4668701],[5.62,52.4668881],[5.62,52.4669061],[5.62,52.4669241],[5.62,52.466942],[5.62,52.46696],[5.62,52.466978],[5.62,52.4669959],[5.62,52.4670139],[5.62,52.4670319],[5.62,52.4670499],[5.62,52.4670678],[5.62,52.4670858],[5.62,52.4671038],[5.62,52.4671218],[5.62,52.4671397],[5.62,52.4671577],[5.62,52.4671757],[5.62,52.4671937],[5.62,52.4672116],[5.62,52.4672296],[5.62,52.4672476],[5.62,52.4672655],[5.62,52.4672835],[5.62,52.4673015],[5.62,52.4673195],[5.62,52.4673374],[5.62,52.4673554],[5.62,52.4673734],[5.62,52.4673914],[5.62,52.4674093],[5.62,52.4674273],[5.62,52.4674453],[5.62,52.4674633],[5.62,52.4674812],[5.62,52.4674992],[5.62,52.4675172],[5.62,52.4675351],[5.62,52.4675531],[5.62,52.4675711],[5.62,52.4675891],[5.62,52.467607],[5.62,52.467625],[5.62,52.467643],[5.62,52.467661],[5.62,52.4676789],[5.62,52.4676969],[5.62,52.4677149],[5.62,52.4677329],[5.62,52.4677508],[5.62,52.4677688],[5.62,52.4677868],[5.62,52.4678047],[5.62,52.4678227],[5.62,52.4678407],[5.62,52.4678587],[5.62,52.4678766],[5.62,52.4678946],[5.62,52.4679126],[5.62,52.4679306],[5.62,52.4679485],[5.62,52.4679665],[5.62,52.4679845],[5.62,52.4680025],[5.62,52.4680204],[5.62,52.4680384],[5.62,52.4680564],[5.62,52.4680743],[5.62,52.4680923],[5.62,52.4681103],[5.62,52.4681283],[5.62,52.4681462],[5.62,52.4681642],[5.62,52.4681822],[5.62,52.4682002],[5.62,52.4682181],[5.62,52.4682361],[5.62,52.4682541],[5.62,52.4682721],[5.62,52.46829],[5.62,52.468308],[5.62,52.468326],[5.62,52.4683439],[5.62,52.4683619],[5.62,52.4683799],[5.62,52.4683979],[5.62,52.4684158],[5.62,52.4684338],[5.62,52.4684518],[5.62,52.4684698],[5.62,52.4684877],[5.62,52.4685057],[5.62,52.4685237],[5.62,52.4685417],[5.62,52.4685596],[5.62,52.4685776],[5.62,52.4685956],[5.62,52.4686135],[5.62,52.4686315],[5.62,52.4686495],[5.62,52.4686675],[5.62,52.4686854],[5.62,52.4687034],[5.62,52.4687214],[5.62,52.4687394],[5.62,52.4687573],[5.62,52.4687753],[5.62,52.4687933],[5.62,52.4688113],[5.62,52.4688292],[5.62,52.4688472],[5.62,52.4688652],[5.62,52.4688831],[5.62,52.4689011],[5.62,52.4689191],[5.62,52.4689371],[5.62,52.468955],[5.62,52.468973],[5.62,52.468991],[5.62,52.469009],[5.62,52.4690269],[5.62,52.4690449],[5.62,52.4690629],[5.62,52.4690809],[5.62,52.4690988],[5.62,52.4691168],[5.62,52.4691348],[5.62,52.4691527],[5.62,52.4691707],[5.62,52.4691887],[5.62,52.4692067],[5.62,52.4692246],[5.62,52.4692426],[5.62,52.4692606],[5.62,52.4692786],[5.62,52.4692965],[5.62,52.4693145],[5.62,52.4693325],[5.62,52.4693505],[5.62,52.4693684],[5.62,52.4693864],[5.62,52.4694044],[5.62,52.4694223],[5.62,52.4694403],[5.62,52.4694583],[5.62,52.4694763],[5.62,52.4694942],[5.62,52.4695122],[5.62,52.4695302],[5.62,52.4695482],[5.62,52.4695661],[5.62,52.4695841],[5.62,52.4696021],[5.62,52.46962],[5.62,52.469638],[5.62,52.469656],[5.62,52.469674],[5.62,52.4696919],[5.62,52.4697099],[5.62,52.4697279],[5.62,52.4697459],[5.62,52.4697638],[5.62,52.4697818],[5.62,52.4697998],[5.62,52.4698178],[5.62,52.4698357],[5.62,52.4698537],[5.62,52.4698717],[5.62,52.4698896],[5.62,52.4699076],[5.62,52.4699256],[5.62,52.4699436],[5.62,52.4699615],[5.62,52.4699795],[5.62,52.4699975],[5.62,52.4700155],[5.62,52.4700334],[5.62,52.4700514],[5.62,52.4700694],[5.62,52.4700874],[5.62,52.4701053],[5.62,52.4701233],[5.62,52.4701413],[5.62,52.4701592],[5.62,52.4701772],[5.62,52.4701952],[5.62,52.4702132],[5.62,52.4702311],[5.62,52.4702491],[5.62,52.4702671],[5.62,52.4702851],[5.62,52.470303],[5.62,52.470321],[5.62,52.470339],[5.62,52.470357],[5.62,52.4703749],[5.62,52.4703929],[5.62,52.4704109],[5.62,52.4704288],[5.62,52.4704468],[5.62,52.4704648],[5.62,52.4704828],[5.62,52.4705007],[5.62,52.4705187],[5.62,52.4705367],[5.62,52.4705547],[5.62,52.4705726],[5.62,52.4705906],[5.62,52.4706086],[5.62,52.4706266],[5.62,52.4706445],[5.62,52.4706625],[5.62,52.4706805],[5.62,52.4706984],[5.62,52.4707164],[5.62,52.4707344],[5.62,52.4707524],[5.62,52.4707703],[5.62,52.4707883],[5.62,52.4708063],[5.62,52.4708243],[5.62,52.4708422],[5.62,52.4708602],[5.62,52.4708782],[5.62,52.4708962],[5.62,52.4709141],[5.62,52.4709321],[5.62,52.4709501],[5.62,52.470968],[5.62,52.470986],[5.62,52.471004],[5.62,52.471022],[5.62,52.4710399],[5.62,52.4710579],[5.62,52.4710759],[5.62,52.4710939],[5.62,52.4711118],[5.62,52.4711298],[5.62,52.4711478],[5.62,52.4711658],[5.62,52.4711837],[5.62,52.4712017],[5.62,52.4712197],[5.62,52.4712376],[5.62,52.4712556],[5.62,52.4712736],[5.62,52.4712916],[5.62,52.4713095],[5.62,52.4713275],[5.62,52.4713455],[5.62,52.4713635],[5.62,52.4713814],[5.62,52.4713994],[5.62,52.4714174],[5.62,52.4714354],[5.62,52.4714533],[5.62,52.4714713],[5.62,52.4714893],[5.62,52.4715072],[5.62,52.4715252],[5.62,52.4715432],[5.62,52.4715612],[5.62,52.4715791],[5.62,52.4715971],[5.62,52.4716151],[5.62,52.4716331],[5.62,52.471651],[5.62,52.471669],[5.62,52.471687],[5.62,52.471705],[5.62,52.4717229],[5.62,52.4717409],[5.62,52.4717589],[5.62,52.4717768],[5.62,52.4717948],[5.62,52.4718128],[5.62,52.4718308],[5.62,52.4718487],[5.62,52.4718667],[5.62,52.4718847],[5.62,52.4719027],[5.62,52.4719206],[5.62,52.4719386],[5.62,52.4719566],[5.62,52.4719745],[5.62,52.4719925],[5.62,52.4720105],[5.62,52.4720285],[5.62,52.4720464],[5.62,52.4720644],[5.62,52.4720824],[5.62,52.4721004],[5.62,52.4721183],[5.62,52.4721363],[5.62,52.4721543],[5.62,52.4721723],[5.62,52.4721902],[5.62,52.4722082],[5.62,52.4722262],[5.62,52.4722441],[5.62,52.4722621],[5.62,52.4722801],[5.62,52.4722981],[5.62,52.472316],[5.62,52.472334],[5.62,52.472352],[5.62,52.47237],[5.62,52.4723879],[5.62,52.4724059],[5.62,52.4724239],[5.62,52.4724419],[5.62,52.4724598],[5.62,52.4724778],[5.62,52.4724958],[5.62,52.4725137],[5.62,52.4725317],[5.62,52.4725497],[5.62,52.4725677],[5.62,52.4725856],[5.62,52.4726036],[5.62,52.4726216],[5.62,52.4726396],[5.62,52.4726575],[5.62,52.4726755],[5.62,52.4726935],[5.62,52.4727115],[5.62,52.4727294],[5.62,52.4727474],[5.62,52.4727654],[5.62,52.4727833],[5.62,52.4728013],[5.62,52.4728193],[5.62,52.4728373],[5.62,52.4728552],[5.62,52.4728732],[5.62,52.4728912],[5.62,52.4729092],[5.62,52.4729271],[5.62,52.4729451],[5.62,52.4729631],[5.62,52.4729811],[5.62,52.472999],[5.62,52.473017],[5.62,52.473035],[5.62,52.4730529],[5.62,52.4730709],[5.62,52.4730889],[5.62,52.4731069],[5.62,52.4731248],[5.62,52.4731428],[5.62,52.4731608],[5.62,52.4731788],[5.62,52.4731967],[5.62,52.4732147],[5.62,52.4732327],[5.62,52.4732507],[5.62,52.4732686],[5.62,52.4732866],[5.62,52.4733046],[5.62,52.4733225],[5.62,52.4733405],[5.62,52.4733585],[5.62,52.4733765],[5.62,52.4733944],[5.62,52.4734124],[5.62,52.4734304],[5.62,52.4734484],[5.62,52.4734663],[5.62,52.4734843],[5.62,52.4735023],[5.62,52.4735203],[5.62,52.4735382],[5.62,52.4735562],[5.62,52.4735742],[5.62,52.4735921],[5.62,52.4736101],[5.62,52.4736281],[5.62,52.4736461],[5.62,52.473664],[5.62,52.473682],[5.62,52.4737],[5.62,52.473718],[5.62,52.4737359],[5.62,52.4737539],[5.62,52.4737719],[5.62,52.4737899],[5.62,52.4738078],[5.62,52.4738258],[5.62,52.4738438],[5.62,52.4738617],[5.62,52.4738797],[5.62,52.4738977],[5.62,52.4739157],[5.62,52.4739336],[5.62,52.4739516],[5.62,52.4739696],[5.62,52.4739876],[5.62,52.4740055],[5.62,52.4740235],[5.62,52.4740415],[5.62,52.4740594],[5.62,52.4740774],[5.62,52.4740954],[5.62,52.4741134],[5.62,52.4741313],[5.62,52.4741493],[5.62,52.4741673],[5.62,52.4741853],[5.62,52.4742032],[5.62,52.4742212],[5.62,52.4742392],[5.62,52.4742572],[5.62,52.4742751],[5.62,52.4742931],[5.62,52.4743111],[5.62,52.474329],[5.62,52.474347],[5.62,52.474365],[5.62,52.474383],[5.62,52.4744009],[5.62,52.4744189],[5.62,52.4744369],[5.62,52.4744549],[5.62,52.4744728],[5.62,52.4744908],[5.62,52.4745088],[5.62,52.4745268],[5.62,52.4745447],[5.62,52.4745627],[5.62,52.4745807],[5.62,52.4745986],[5.62,52.4746166],[5.62,52.4746346],[5.62,52.4746526],[5.62,52.4746705],[5.62,52.4746885],[5.62,52.4747065],[5.62,52.4747245],[5.62,52.4747424],[5.62,52.4747604],[5.62,52.4747784],[5.62,52.4747964],[5.62,52.4748143],[5.62,52.4748323],[5.62,52.4748503],[5.62,52.4748682],[5.62,52.4748862],[5.62,52.4749042],[5.62,52.4749222],[5.62,52.4749401],[5.62,52.4749581],[5.62,52.4749761],[5.62,52.4749941],[5.62,52.475012],[5.62,52.47503],[5.62,52.475048],[5.62,52.475066],[5.62,52.4750839],[5.62,52.4751019],[5.62,52.4751199],[5.62,52.4751378],[5.62,52.4751558],[5.62,52.4751738],[5.62,52.4751918],[5.62,52.4752097],[5.62,52.4752277],[5.62,52.4752457],[5.62,52.4752637],[5.62,52.4752816],[5.62,52.4752996],[5.62,52.4753176],[5.62,52.4753356],[5.62,52.4753535],[5.62,52.4753715],[5.62,52.4753895],[5.62,52.4754074],[5.62,52.4754254],[5.62,52.4754434],[5.62,52.4754614],[5.62,52.4754793],[5.62,52.4754973],[5.62,52.4755153],[5.62,52.4755333],[5.62,52.4755512],[5.62,52.4755692],[5.62,52.4755872],[5.62,52.4756052],[5.62,52.4756231],[5.62,52.4756411],[5.62,52.4756591],[5.62,52.475677],[5.62,52.475695],[5.62,52.475713],[5.62,52.475731],[5.62,52.4757489],[5.62,52.4757669],[5.62,52.4757849],[5.62,52.4758029],[5.62,52.4758208],[5.62,52.4758388],[5.62,52.4758568],[5.62,52.4758747],[5.62,52.4758927],[5.62,52.4759107],[5.62,52.4759287],[5.62,52.4759466],[5.62,52.4759646],[5.62,52.4759826],[5.62,52.4760006],[5.62,52.4760185],[5.62,52.4760365],[5.62,52.4760545],[5.62,52.4760725],[5.62,52.4760904],[5.62,52.4761084],[5.62,52.4761264],[5.62,52.4761443],[5.62,52.4761623],[5.62,52.4761803],[5.62,52.4761983],[5.62,52.4762162],[5.62,52.4762342],[5.62,52.4762522],[5.62,52.4762702],[5.62,52.4762881],[5.62,52.4763061],[5.62,52.4763241],[5.62,52.4763421],[5.62,52.47636],[5.62,52.476378],[5.62,52.476396],[5.62,52.4764139],[5.62,52.4764319],[5.62,52.4764499],[5.62,52.4764679],[5.62,52.4764858],[5.62,52.4765038],[5.62,52.4765218],[5.62,52.4765398],[5.62,52.4765577],[5.62,52.4765757],[5.62,52.4765937],[5.62,52.4766117],[5.62,52.4766296],[5.62,52.4766476],[5.62,52.4766656],[5.62,52.4766835],[5.62,52.4767015],[5.62,52.4767195],[5.62,52.4767375],[5.62,52.4767554],[5.62,52.4767734],[5.62,52.4767914],[5.62,52.4768094],[5.62,52.4768273],[5.62,52.4768453],[5.62,52.4768633],[5.62,52.4768813],[5.62,52.4768992],[5.62,52.4769172],[5.62,52.4769352],[5.62,52.4769531],[5.62,52.4769711],[5.62,52.4769891],[5.62,52.4770071],[5.62,52.477025],[5.62,52.477043],[5.62,52.477061],[5.62,52.477079],[5.62,52.4770969],[5.62,52.4771149],[5.62,52.4771329],[5.62,52.4771509],[5.62,52.4771688],[5.62,52.4771868],[5.62,52.4772048],[5.62,52.4772227],[5.62,52.4772407],[5.62,52.4772587],[5.62,52.4772767],[5.62,52.4772946],[5.62,52.4773126],[5.62,52.4773306],[5.62,52.4773486],[5.62,52.4773665],[5.62,52.4773845],[5.62,52.4774025],[5.62,52.4774205],[5.62,52.4774384],[5.62,52.4774564],[5.62,52.4774744],[5.62,52.4774923],[5.62,52.4775103],[5.62,52.4775283],[5.62,52.4775463],[5.62,52.4775642],[5.62,52.4775822],[5.62,52.4776002],[5.62,52.4776182],[5.62,52.4776361],[5.62,52.4776541],[5.62,52.4776721],[5.62,52.47769],[5.62,52.477708],[5.62,52.477726],[5.62,52.477744],[5.62,52.4777619],[5.62,52.4777799],[5.62,52.4777979],[5.62,52.4778159],[5.62,52.4778338],[5.62,52.4778518],[5.62,52.4778698],[5.62,52.4778878],[5.62,52.4779057],[5.62,52.4779237],[5.62,52.4779417],[5.62,52.4779596],[5.62,52.4779776],[5.62,52.4779956],[5.62,52.4780136],[5.62,52.4780315],[5.62,52.4780495],[5.62,52.4780675],[5.62,52.4780855],[5.62,52.4781034],[5.62,52.4781214],[5.62,52.4781394],[5.62,52.4781574],[5.62,52.4781753],[5.62,52.4781933],[5.62,52.4782113],[5.62,52.4782292],[5.62,52.4782472],[5.62,52.4782652],[5.62,52.4782832],[5.62,52.4783011],[5.62,52.4783191],[5.62,52.4783371],[5.62,52.4783551],[5.62,52.478373],[5.62,52.478391],[5.62,52.478409],[5.62,52.478427],[5.62,52.4784449],[5.62,52.4784629],[5.62,52.4784809],[5.62,52.4784988],[5.62,52.4785168],[5.62,52.4785348],[5.62,52.4785528],[5.62,52.4785707],[5.62,52.4785887],[5.62,52.4786067],[5.62,52.4786247],[5.62,52.4786426],[5.62,52.4786606],[5.62,52.4786786],[5.62,52.4786966],[5.62,52.4787145],[5.62,52.4787325],[5.62,52.4787505],[5.62,52.4787684],[5.62,52.4787864],[5.62,52.4788044],[5.62,52.4788224],[5.62,52.4788403],[5.62,52.4788583],[5.62,52.4788763],[5.62,52.4788943],[5.62,52.4789122],[5.62,52.4789302],[5.62,52.4789482],[5.62,52.4789662],[5.62,52.4789841],[5.62,52.4790021],[5.62,52.4790201],[5.62,52.479038],[5.62,52.479056],[5.62,52.479074],[5.62,52.479092],[5.62,52.4791099],[5.62,52.4791279],[5.62,52.4791459],[5.62,52.4791639],[5.62,52.4791818],[5.62,52.4791998],[5.62,52.4792178],[5.62,52.4792357],[5.62,52.4792537],[5.62,52.4792717],[5.62,52.4792897],[5.62,52.4793076],[5.62,52.4793256],[5.62,52.4793436],[5.62,52.4793616],[5.62,52.4793795],[5.62,52.4793975],[5.62,52.4794155],[5.62,52.4794335],[5.62,52.4794514],[5.62,52.4794694],[5.62,52.4794874],[5.62,52.4795053],[5.62,52.4795233],[5.62,52.4795413],[5.62,52.4795593],[5.62,52.4795772],[5.62,52.4795952],[5.62,52.4796132],[5.62,52.4796312],[5.62,52.4796491],[5.62,52.4796671],[5.62,52.4796851],[5.62,52.4797031],[5.62,52.479721],[5.62,52.479739],[5.62,52.479757],[5.62,52.4797749],[5.62,52.4797929],[5.62,52.4798109],[5.62,52.4798289],[5.62,52.4798468],[5.62,52.4798648],[5.62,52.4798828],[5.62,52.4799008],[5.62,52.4799187],[5.62,52.4799367],[5.62,52.4799547],[5.62,52.4799727],[5.62,52.4799906],[5.62,52.4800086],[5.62,52.4800266],[5.62,52.4800445],[5.62,52.4800625],[5.62,52.4800805],[5.62,52.4800985],[5.62,52.4801164],[5.62,52.4801344],[5.62,52.4801524],[5.62,52.4801704],[5.62,52.4801883],[5.62,52.4802063],[5.62,52.4802243],[5.62,52.4802423],[5.62,52.4802602],[5.62,52.4802782],[5.62,52.4802962],[5.62,52.4803141],[5.62,52.4803321],[5.62,52.4803501],[5.62,52.4803681],[5.62,52.480386],[5.62,52.480404],[5.62,52.480422],[5.62,52.48044],[5.62,52.4804579],[5.62,52.4804759],[5.62,52.4804939],[5.62,52.4805119],[5.62,52.4805298],[5.62,52.4805478],[5.62,52.4805658],[5.62,52.4805837],[5.62,52.4806017],[5.62,52.4806197],[5.62,52.4806377],[5.62,52.4806556],[5.62,52.4806736],[5.62,52.4806916],[5.62,52.4807096],[5.62,52.4807275],[5.62,52.4807455],[5.62,52.4807635],[5.62,52.4807814],[5.62,52.4807994],[5.62,52.4808174],[5.62,52.4808354],[5.62,52.4808533],[5.62,52.4808713],[5.62,52.4808893],[5.62,52.4809073],[5.62,52.4809252],[5.62,52.4809432],[5.62,52.4809612],[5.62,52.4809792],[5.62,52.4809971],[5.62,52.4810151],[5.62,52.4810331],[5.62,52.481051],[5.62,52.481069],[5.62,52.481087],[5.62,52.481105],[5.62,52.4811229],[5.62,52.4811409],[5.62,52.4811589],[5.62,52.4811769],[5.62,52.4811948],[5.62,52.4812128],[5.62,52.4812308],[5.62,52.4812488],[5.62,52.4812667],[5.62,52.4812847],[5.62,52.4813027],[5.62,52.4813206],[5.62,52.4813386],[5.62,52.4813566],[5.62,52.4813746],[5.62,52.4813925],[5.62,52.4814105],[5.62,52.4814285],[5.62,52.4814465],[5.62,52.4814644],[5.62,52.4814824],[5.62,52.4815004],[5.62,52.4815184],[5.62,52.4815363],[5.62,52.4815543],[5.62,52.4815723],[5.62,52.4815902],[5.62,52.4816082],[5.62,52.4816262],[5.62,52.4816442],[5.62,52.4816621],[5.62,52.4816801],[5.62,52.4816981],[5.62,52.4817161],[5.62,52.481734],[5.62,52.481752],[5.62,52.48177],[5.62,52.481788],[5.62,52.4818059],[5.62,52.4818239],[5.62,52.4818419],[5.62,52.4818598],[5.62,52.4818778],[5.62,52.4818958],[5.62,52.4819138],[5.62,52.4819317],[5.62,52.4819497],[5.62,52.4819677],[5.62,52.4819857],[5.62,52.4820036],[5.62,52.4820216],[5.62,52.4820396],[5.62,52.4820576],[5.62,52.4820755],[5.62,52.4820935],[5.62,52.4821115],[5.62,52.4821294],[5.62,52.4821474],[5.62,52.4821654],[5.62,52.4821834],[5.62,52.4822013],[5.62,52.4822193],[5.62,52.4822373],[5.62,52.4822553],[5.62,52.4822732],[5.62,52.4822912],[5.62,52.4823092],[5.62,52.4823271],[5.62,52.4823451],[5.62,52.4823631],[5.62,52.4823811],[5.62,52.482399],[5.62,52.482417],[5.62,52.482435],[5.62,52.482453],[5.62,52.4824709],[5.62,52.4824889],[5.62,52.4825069],[5.62,52.4825249],[5.62,52.4825428],[5.62,52.4825608],[5.62,52.4825788],[5.62,52.4825967],[5.62,52.4826147],[5.62,52.4826327],[5.62,52.4826507],[5.62,52.4826686],[5.62,52.4826866],[5.62,52.4827046],[5.62,52.4827226],[5.62,52.4827405],[5.62,52.4827585],[5.62,52.4827765],[5.62,52.4827945],[5.62,52.4828124],[5.62,52.4828304],[5.62,52.4828484],[5.62,52.4828663],[5.62,52.4828843],[5.62,52.4829023],[5.62,52.4829203],[5.62,52.4829382],[5.62,52.4829562],[5.62,52.4829742],[5.62,52.4829922],[5.62,52.4830101],[5.62,52.4830281],[5.62,52.4830461],[5.62,52.4830641],[5.62,52.483082],[5.62,52.4831],[5.62,52.483118],[5.62,52.4831359],[5.62,52.4831539],[5.62,52.4831719],[5.62,52.4831899],[5.62,52.4832078],[5.62,52.4832258],[5.62,52.4832438],[5.62,52.4832618],[5.62,52.4832797],[5.62,52.4832977],[5.62,52.4833157],[5.62,52.4833337],[5.62,52.4833516],[5.62,52.4833696],[5.62,52.4833876],[5.62,52.4834055],[5.62,52.4834235],[5.62,52.4834415],[5.62,52.4834595],[5.62,52.4834774],[5.62,52.4834954],[5.62,52.4835134],[5.62,52.4835314],[5.62,52.4835493],[5.62,52.4835673],[5.62,52.4835853],[5.62,52.4836032],[5.62,52.4836212],[5.62,52.4836392],[5.62,52.4836572],[5.62,52.4836751],[5.62,52.4836931],[5.62,52.4837111],[5.62,52.4837291],[5.62,52.483747],[5.62,52.483765],[5.62,52.483783],[5.62,52.483801],[5.62,52.4838189],[5.62,52.4838369],[5.62,52.4838549],[5.62,52.4838728],[5.62,52.4838908],[5.62,52.4839088],[5.62,52.4839268],[5.62,52.4839447],[5.62,52.4839627],[5.62,52.4839807],[5.62,52.4839987],[5.62,52.4840166],[5.62,52.4840346],[5.62,52.4840526],[5.62,52.4840706],[5.62,52.4840885],[5.62,52.4841065],[5.62,52.4841245],[5.62,52.4841424],[5.62,52.4841604],[5.62,52.4841784],[5.62,52.4841964],[5.62,52.4842143],[5.62,52.4842323],[5.62,52.4842503],[5.62,52.4842683],[5.62,52.4842862],[5.62,52.4843042],[5.62,52.4843222],[5.62,52.4843402],[5.62,52.4843581],[5.62,52.4843761],[5.62,52.4843941],[5.62,52.484412],[5.62,52.48443],[5.62,52.484448],[5.62,52.484466],[5.62,52.4844839],[5.62,52.4845019],[5.62,52.4845199],[5.62,52.4845379],[5.62,52.4845558],[5.62,52.4845738],[5.62,52.4845918],[5.62,52.4846098],[5.62,52.4846277],[5.62,52.4846457],[5.62,52.4846637],[5.62,52.4846816],[5.62,52.4846996],[5.62,52.4847176],[5.62,52.4847356],[5.62,52.4847535],[5.62,52.4847715],[5.62,52.4847895],[5.62,52.4848075],[5.62,52.4848254],[5.62,52.4848434],[5.62,52.4848614],[5.62,52.4848793],[5.62,52.4848973],[5.62,52.4849153],[5.62,52.4849333],[5.62,52.4849512],[5.62,52.4849692],[5.62,52.4849872],[5.62,52.4850052],[5.62,52.4850231],[5.62,52.4850411],[5.62,52.4850591],[5.62,52.4850771],[5.62,52.485095],[5.62,52.485113],[5.62,52.485131],[5.62,52.4851489],[5.62,52.4851669],[5.62,52.4851849],[5.62,52.4852029],[5.62,52.4852208],[5.62,52.4852388],[5.62,52.4852568],[5.62,52.4852748],[5.62,52.4852927],[5.62,52.4853107],[5.62,52.4853287],[5.62,52.4853467],[5.62,52.4853646],[5.62,52.4853826],[5.62,52.4854006],[5.62,52.4854185],[5.62,52.4854365],[5.62,52.4854545],[5.62,52.4854725],[5.62,52.4854904],[5.62,52.4855084],[5.62,52.4855264],[5.62,52.4855444],[5.62,52.4855623],[5.62,52.4855803],[5.62,52.4855983],[5.62,52.4856163],[5.62,52.4856342],[5.62,52.4856522],[5.62,52.4856702],[5.62,52.4856881],[5.62,52.4857061],[5.62,52.4857241],[5.62,52.4857421],[5.62,52.48576],[5.62,52.485778],[5.62,52.485796],[5.62,52.485814],[5.62,52.4858319],[5.62,52.4858499],[5.62,52.4858679],[5.62,52.4858859],[5.62,52.4859038],[5.62,52.4859218],[5.62,52.4859398],[5.62,52.4859577],[5.62,52.4859757],[5.62,52.4859937],[5.62,52.4860117],[5.62,52.4860296],[5.62,52.4860476],[5.62,52.4860656],[5.62,52.4860836],[5.62,52.4861015],[5.62,52.4861195],[5.62,52.4861375],[5.62,52.4861554],[5.62,52.4861734],[5.62,52.4861914],[5.62,52.4862094],[5.62,52.4862273],[5.62,52.4862453],[5.62,52.4862633],[5.62,52.4862813],[5.62,52.4862992],[5.62,52.4863172],[5.62,52.4863352],[5.62,52.4863532],[5.62,52.4863711],[5.62,52.4863891],[5.62,52.4864071],[5.62,52.486425],[5.62,52.486443],[5.62,52.486461],[5.62,52.486479],[5.62,52.4864969],[5.62,52.4865149],[5.62,52.4865329],[5.62,52.4865509],[5.62,52.4865688],[5.62,52.4865868],[5.62,52.4866048],[5.62,52.4866228],[5.62,52.4866407],[5.62,52.4866587],[5.62,52.4866767],[5.62,52.4866946],[5.62,52.4867126],[5.62,52.4867306],[5.62,52.4867486],[5.62,52.4867665],[5.62,52.4867845],[5.62,52.4868025],[5.62,52.4868205],[5.62,52.4868384],[5.62,52.4868564],[5.62,52.4868744],[5.62,52.4868924],[5.62,52.4869103],[5.62,52.4869283],[5.62,52.4869463],[5.62,52.4869642],[5.62,52.4869822],[5.62,52.4870002],[5.62,52.4870182],[5.62,52.4870361],[5.62,52.4870541],[5.62,52.4870721],[5.62,52.4870901],[5.62,52.487108],[5.62,52.487126],[5.62,52.487144],[5.62,52.487162],[5.62,52.4871799],[5.62,52.4871979],[5.62,52.4872159],[5.62,52.4872338],[5.62,52.4872518],[5.62,52.4872698],[5.62,52.4872878],[5.62,52.4873057],[5.62,52.4873237],[5.62,52.4873417],[5.62,52.4873597],[5.62,52.4873776],[5.62,52.4873956],[5.62,52.4874136],[5.62,52.4874315],[5.62,52.4874495],[5.62,52.4874675],[5.62,52.4874855],[5.62,52.4875034],[5.62,52.4875214],[5.62,52.4875394],[5.62,52.4875574],[5.62,52.4875753],[5.62,52.4875933],[5.62,52.4876113],[5.62,52.4876293],[5.62,52.4876472],[5.62,52.4876652],[5.62,52.4876832],[5.62,52.4877011],[5.62,52.4877191],[5.62,52.4877371],[5.62,52.4877551],[5.62,52.487773],[5.62,52.487791],[5.62,52.487809],[5.62,52.487827],[5.62,52.4878449],[5.62,52.4878629],[5.62,52.4878809],[5.62,52.4878989],[5.62,52.4879168],[5.62,52.4879348],[5.62,52.4879528],[5.62,52.4879707],[5.62,52.4879887],[5.62,52.4880067],[5.62,52.4880247],[5.62,52.4880426],[5.62,52.4880606],[5.62,52.4880786],[5.62,52.4880966],[5.62,52.4881145],[5.62,52.4881325],[5.62,52.4881505],[5.62,52.4881685],[5.62,52.4881864],[5.62,52.4882044],[5.62,52.4882224],[5.62,52.4882403],[5.62,52.4882583],[5.62,52.4882763],[5.62,52.4882943],[5.62,52.4883122],[5.62,52.4883302],[5.62,52.4883482],[5.62,52.4883662],[5.62,52.4883841],[5.62,52.4884021],[5.62,52.4884201],[5.62,52.488438],[5.62,52.488456],[5.62,52.488474],[5.62,52.488492],[5.62,52.4885099],[5.62,52.4885279],[5.62,52.4885459],[5.62,52.4885639],[5.62,52.4885818],[5.62,52.4885998],[5.62,52.4886178],[5.62,52.4886358],[5.62,52.4886537],[5.62,52.4886717],[5.62,52.4886897],[5.62,52.4887076],[5.62,52.4887256],[5.62,52.4887436],[5.62,52.4887616],[5.62,52.4887795],[5.62,52.4887975],[5.62,52.4888155],[5.62,52.4888335],[5.62,52.4888514],[5.62,52.4888694],[5.62,52.4888874],[5.62,52.4889054],[5.62,52.4889233],[5.62,52.4889413],[5.62,52.4889593],[5.62,52.4889772],[5.62,52.4889952],[5.62,52.4890132],[5.62,52.4890312],[5.62,52.4890491],[5.62,52.4890671],[5.62,52.4890851],[5.62,52.4891031],[5.62,52.489121],[5.62,52.489139],[5.62,52.489157],[5.62,52.489175],[5.62,52.4891929],[5.62,52.4892109],[5.62,52.4892289],[5.62,52.4892468],[5.62,52.4892648],[5.62,52.4892828],[5.62,52.4893008],[5.62,52.4893187],[5.62,52.4893367],[5.62,52.4893547],[5.62,52.4893727],[5.62,52.4893906],[5.62,52.4894086],[5.62,52.4894266],[5.62,52.4894446],[5.62,52.4894625],[5.62,52.4894805],[5.62,52.4894985],[5.62,52.4895164],[5.62,52.4895344],[5.62,52.4895524],[5.62,52.4895704],[5.62,52.4895883],[5.62,52.4896063],[5.62,52.4896243],[5.62,52.4896423],[5.62,52.4896602],[5.62,52.4896782],[5.62,52.4896962],[5.62,52.4897141],[5.62,52.4897321],[5.62,52.4897501],[5.62,52.4897681],[5.62,52.489786],[5.62,52.489804],[5.62,52.489822],[5.62,52.48984],[5.62,52.4898579],[5.62,52.4898759],[5.62,52.4898939],[5.62,52.4899119],[5.62,52.4899298],[5.62,52.4899478],[5.62,52.4899658],[5.62,52.4899837],[5.62,52.4900017],[5.62,52.4900197],[5.62,52.4900377],[5.62,52.4900556],[5.62,52.4900736],[5.62,52.4900916],[5.62,52.4901096],[5.62,52.4901275],[5.62,52.4901455],[5.62,52.4901635],[5.62,52.4901815],[5.62,52.4901994],[5.62,52.4902174],[5.62,52.4902354],[5.62,52.4902533],[5.62,52.4902713],[5.62,52.4902893],[5.62,52.4903073],[5.62,52.4903252],[5.62,52.4903432],[5.62,52.4903612],[5.62,52.4903792],[5.62,52.4903971],[5.62,52.4904151],[5.62,52.4904331],[5.62,52.4904511],[5.62,52.490469],[5.62,52.490487],[5.62,52.490505],[5.62,52.4905229],[5.62,52.4905409],[5.62,52.4905589],[5.62,52.4905769],[5.62,52.4905948],[5.62,52.4906128],[5.62,52.4906308],[5.62,52.4906488],[5.62,52.4906667],[5.62,52.4906847],[5.62,52.4907027],[5.62,52.4907206],[5.62,52.4907386],[5.62,52.4907566],[5.62,52.4907746],[5.62,52.4907925],[5.62,52.4908105],[5.62,52.4908285],[5.62,52.4908465],[5.62,52.4908644],[5.62,52.4908824],[5.62,52.4909004],[5.62,52.4909184],[5.62,52.4909363],[5.62,52.4909543],[5.62,52.4909723],[5.62,52.4909902],[5.62,52.4910082],[5.62,52.4910262],[5.62,52.4910442],[5.62,52.4910621],[5.62,52.4910801],[5.62,52.4910981],[5.62,52.4911161],[5.62,52.491134],[5.62,52.491152],[5.62,52.49117],[5.62,52.491188],[5.62,52.4912059],[5.62,52.4912239],[5.62,52.4912419],[5.62,52.4912598],[5.62,52.4912778],[5.62,52.4912958],[5.62,52.4913138],[5.62,52.4913317],[5.62,52.4913497],[5.62,52.4913677],[5.62,52.4913857],[5.62,52.4914036],[5.62,52.4914216],[5.62,52.4914396],[5.62,52.4914576],[5.62,52.4914755],[5.62,52.4914935],[5.62,52.4915115],[5.62,52.4915294],[5.62,52.4915474],[5.62,52.4915654],[5.62,52.4915834],[5.62,52.4916013],[5.62,52.4916193],[5.62,52.4916373],[5.62,52.4916553],[5.62,52.4916732],[5.62,52.4916912],[5.62,52.4917092],[5.62,52.4917271],[5.62,52.4917451],[5.62,52.4917631],[5.62,52.4917811],[5.62,52.491799],[5.62,52.491817],[5.62,52.491835],[5.62,52.491853],[5.62,52.4918709],[5.62,52.4918889],[5.62,52.4919069],[5.62,52.4919249],[5.62,52.4919428],[5.62,52.4919608],[5.62,52.4919788],[5.62,52.4919967],[5.62,52.4920147],[5.62,52.4920327],[5.62,52.4920507],[5.62,52.4920686],[5.62,52.4920866],[5.62,52.4921046],[5.62,52.4921226],[5.62,52.4921405],[5.62,52.4921585],[5.62,52.4921765],[5.62,52.4921945],[5.62,52.4922124],[5.62,52.4922304],[5.62,52.4922484],[5.62,52.4922663],[5.62,52.4922843],[5.62,52.4923023],[5.62,52.4923203],[5.62,52.4923382],[5.62,52.4923562],[5.62,52.4923742],[5.62,52.4923922],[5.62,52.4924101],[5.62,52.4924281],[5.62,52.4924461],[5.62,52.4924641],[5.62,52.492482],[5.62,52.4925],[5.62,52.492518],[5.62,52.4925359],[5.62,52.4925539],[5.62,52.4925719],[5.62,52.4925899],[5.62,52.4926078],[5.62,52.4926258],[5.62,52.4926438],[5.62,52.4926618],[5.62,52.4926797],[5.62,52.4926977],[5.62,52.4927157],[5.62,52.4927336],[5.62,52.4927516],[5.62,52.4927696],[5.62,52.4927876],[5.62,52.4928055],[5.62,52.4928235],[5.62,52.4928415],[5.62,52.4928595],[5.62,52.4928774],[5.62,52.4928954],[5.62,52.4929134],[5.62,52.4929314],[5.62,52.4929493],[5.62,52.4929673],[5.62,52.4929853],[5.62,52.4930032],[5.62,52.4930212],[5.62,52.4930392],[5.62,52.4930572],[5.62,52.4930751],[5.62,52.4930931],[5.62,52.4931111],[5.62,52.4931291],[5.62,52.493147],[5.62,52.493165],[5.62,52.493183],[5.62,52.493201],[5.62,52.4932189],[5.62,52.4932369],[5.62,52.4932549],[5.62,52.4932728],[5.62,52.4932908],[5.62,52.4933088],[5.62,52.4933268],[5.62,52.4933447],[5.62,52.4933627],[5.62,52.4933807],[5.62,52.4933987],[5.62,52.4934166],[5.62,52.4934346],[5.62,52.4934526],[5.62,52.4934706],[5.62,52.4934885],[5.62,52.4935065],[5.62,52.4935245],[5.62,52.4935424],[5.62,52.4935604],[5.62,52.4935784],[5.62,52.4935964],[5.62,52.4936143],[5.62,52.4936323],[5.62,52.4936503],[5.62,52.4936683],[5.62,52.4936862],[5.62,52.4937042],[5.62,52.4937222],[5.62,52.4937401],[5.62,52.4937581],[5.62,52.4937761],[5.62,52.4937941],[5.62,52.493812],[5.62,52.49383],[5.62,52.493848],[5.62,52.493866],[5.62,52.4938839],[5.62,52.4939019],[5.62,52.4939199],[5.6200025,52.4939384],[5.6200075,52.4939567],[5.620015,52.4939747],[5.6200249,52.4939923],[5.6200371,52.4940093],[5.6200516,52.4940256],[5.6200682,52.4940412],[5.6200869,52.4940558],[5.6201075,52.4940695],[5.6201299,52.4940821],[5.6201539,52.4940935],[5.6201794,52.4941036],[5.6202062,52.4941125],[5.620234,52.49412],[5.6202628,52.494126],[5.6202923,52.4941305],[5.6203223,52.4941336],[5.6203527,52.4941351],[5.6203831,52.4941351],[5.6204125,52.4941351],[5.620442,52.4941351],[5.6204714,52.4941351],[5.6205009,52.4941351],[5.6205303,52.4941351],[5.6205598,52.4941351],[5.6205892,52.4941351],[5.6206187,52.4941351],[5.6206481,52.4941351],[5.6206776,52.4941351],[5.620707,52.4941351],[5.6207365,52.4941351],[5.6207659,52.4941351],[5.6207953,52.4941351],[5.6208248,52.4941351],[5.6208542,52.4941351],[5.6208837,52.4941351],[5.6209131,52.4941351],[5.6209426,52.4941351],[5.620972,52.4941351],[5.6210015,52.4941351],[5.6210309,52.4941351],[5.6210604,52.4941351],[5.6210898,52.4941351],[5.6211193,52.4941351],[5.6211487,52.4941351],[5.6211782,52.4941351],[5.6212076,52.4941351],[5.621237,52.4941351],[5.6212665,52.4941351],[5.6212959,52.4941351],[5.6213254,52.4941351],[5.6213548,52.4941351],[5.6213843,52.4941351],[5.6214137,52.4941351],[5.6214432,52.4941351],[5.6214726,52.4941351],[5.6215021,52.4941351],[5.6215315,52.4941351],[5.621561,52.4941351],[5.6215904,52.4941351],[5.6216199,52.4941351],[5.6216493,52.4941351],[5.6216787,52.4941351],[5.6217082,52.4941351],[5.6217376,52.4941351],[5.6217671,52.4941351],[5.6217965,52.4941351],[5.621826,52.4941351],[5.6218554,52.4941351],[5.6218849,52.4941351],[5.6219143,52.4941351],[5.6219438,52.4941351],[5.6219732,52.4941351],[5.6220027,52.4941351],[5.6220321,52.4941351],[5.6220616,52.4941351],[5.622091,52.4941351],[5.6221204,52.4941351],[5.6221499,52.4941351],[5.6221793,52.4941351],[5.6222088,52.4941351],[5.6222382,52.4941351],[5.6222677,52.4941351],[5.6222971,52.4941351],[5.6223266,52.4941351],[5.622356,52.4941351],[5.6223855,52.4941351],[5.6224149,52.4941351],[5.6224444,52.4941351],[5.6224738,52.4941351],[5.6225033,52.4941351],[5.6225327,52.4941351],[5.6225621,52.4941351],[5.6225916,52.4941351],[5.622621,52.4941351],[5.6226505,52.4941351],[5.6226799,52.4941351],[5.6227094,52.4941351],[5.6227388,52.4941351],[5.6227683,52.4941351],[5.6227977,52.4941351],[5.6228272,52.4941351],[5.6228566,52.4941351],[5.6228861,52.4941351],[5.6229155,52.4941351],[5.622945,52.4941351],[5.6229744,52.4941351],[5.6230038,52.4941351],[5.6230333,52.4941351],[5.6230627,52.4941351],[5.6230922,52.4941351],[5.6231216,52.4941351],[5.6231511,52.4941351],[5.6231805,52.4941351],[5.62321,52.4941351],[5.6232394,52.4941351],[5.6232689,52.4941351],[5.6232983,52.4941351],[5.6233278,52.4941351],[5.6233572,52.4941351],[5.6233867,52.4941351],[5.6234161,52.4941351],[5.6234455,52.4941351],[5.623475,52.4941351],[5.6235044,52.4941351],[5.6235339,52.4941351],[5.6235633,52.4941351],[5.6235928,52.4941351],[5.6236222,52.4941351],[5.6236517,52.4941351],[5.6236811,52.4941351],[5.6237106,52.4941351],[5.62374,52.4941351],[5.6237695,52.4941351],[5.6237989,52.4941351],[5.6238284,52.4941351],[5.6238578,52.4941351],[5.6238872,52.4941351],[5.6239167,52.4941351],[5.6239461,52.4941351],[5.6239756,52.4941351],[5.624005,52.4941351],[5.6240345,52.4941351],[5.6240639,52.4941351],[5.6240934,52.4941351],[5.6241228,52.4941351],[5.6241523,52.4941351],[5.6241817,52.4941351],[5.6242112,52.4941351],[5.6242406,52.4941351],[5.6242701,52.4941351],[5.6242995,52.4941351],[5.624329,52.4941351],[5.6243584,52.4941351],[5.6243878,52.4941351],[5.6244173,52.494135],[5.6244467,52.494135],[5.6244762,52.494135],[5.6245056,52.494135],[5.6245351,52.494135],[5.6245645,52.494135],[5.624594,52.494135],[5.6246234,52.494135],[5.6246529,52.494135],[5.6246823,52.494135],[5.6247118,52.494135],[5.6247412,52.494135],[5.6247707,52.494135],[5.6248001,52.494135],[5.6248295,52.494135],[5.624859,52.494135],[5.6248884,52.494135],[5.6249179,52.494135],[5.6249473,52.494135],[5.6249768,52.494135],[5.6250062,52.494135],[5.6250357,52.494135],[5.6250651,52.494135],[5.6250946,52.494135],[5.625124,52.494135],[5.6251535,52.494135],[5.6251829,52.494135],[5.6252124,52.494135],[5.6252418,52.494135],[5.6252712,52.494135],[5.6253007,52.494135],[5.6253301,52.494135],[5.6253596,52.494135],[5.625389,52.494135],[5.6254185,52.494135],[5.6254479,52.494135],[5.6254774,52.494135],[5.6255068,52.494135],[5.6255363,52.494135],[5.6255657,52.494135],[5.6255952,52.494135],[5.6256246,52.494135],[5.6256541,52.494135],[5.6256835,52.494135],[5.6257129,52.494135],[5.6257424,52.494135],[5.6257718,52.494135],[5.6258013,52.494135],[5.6258307,52.494135],[5.6258602,52.494135],[5.6258896,52.494135],[5.6259191,52.494135],[5.6259485,52.494135],[5.625978,52.494135],[5.6260074,52.494135],[5.6260369,52.494135],[5.6260663,52.494135],[5.6260958,52.494135],[5.6261252,52.494135],[5.6261546,52.494135],[5.6261841,52.494135],[5.6262135,52.494135],[5.626243,52.494135],[5.6262724,52.494135],[5.6263019,52.494135],[5.6263313,52.494135],[5.6263608,52.494135],[5.6263902,52.494135],[5.6264197,52.494135],[5.6264491,52.494135],[5.6264786,52.494135],[5.626508,52.494135],[5.6265375,52.494135],[5.6265669,52.494135],[5.6265963,52.4941349],[5.6266258,52.4941349],[5.6266552,52.4941349],[5.6266847,52.4941349],[5.6267141,52.4941349],[5.6267436,52.4941349],[5.626773,52.4941349],[5.6268025,52.4941349],[5.6268319,52.4941349],[5.6268614,52.4941349],[5.6268908,52.4941349],[5.6269203,52.4941349],[5.6269497,52.4941349],[5.6269792,52.4941349],[5.6270086,52.4941349],[5.627038,52.4941349],[5.6270675,52.4941349],[5.6270969,52.4941349],[5.6271264,52.4941349],[5.6271558,52.4941349],[5.6271853,52.4941349],[5.6272147,52.4941349],[5.6272442,52.4941349],[5.6272736,52.4941349],[5.6273031,52.4941349],[5.6273325,52.4941349],[5.627362,52.4941349],[5.6273914,52.4941349],[5.6274209,52.4941349],[5.6274503,52.4941349],[5.6274798,52.4941349],[5.6275092,52.4941349],[5.6275386,52.4941349],[5.6275681,52.4941349],[5.6275975,52.4941349],[5.627627,52.4941349],[5.6276564,52.4941349],[5.6276859,52.4941349],[5.6277153,52.4941349],[5.6277448,52.4941349],[5.6277742,52.4941349],[5.6278037,52.4941349],[5.6278331,52.4941349],[5.6278626,52.4941349],[5.627892,52.4941349],[5.6279215,52.4941349],[5.6279509,52.4941349],[5.6279803,52.4941349],[5.6280098,52.4941349],[5.6280392,52.4941349],[5.6280687,52.4941349],[5.6280981,52.4941349],[5.6281276,52.4941349],[5.628157,52.4941349],[5.6281865,52.4941348],[5.6282159,52.4941348],[5.6282454,52.4941348],[5.6282748,52.4941348],[5.6283043,52.4941348],[5.6283337,52.4941348],[5.6283632,52.4941348],[5.6283926,52.4941348],[5.628422,52.4941348],[5.6284515,52.4941348],[5.6284809,52.4941348],[5.6285104,52.4941348],[5.6285398,52.4941348],[5.6285693,52.4941348],[5.6285987,52.4941348],[5.6286282,52.4941348],[5.6286576,52.4941348],[5.6286871,52.4941348],[5.6287165,52.4941348],[5.628746,52.4941348],[5.6287754,52.4941348],[5.6288049,52.4941348],[5.6288343,52.4941348],[5.6288637,52.4941348],[5.6288932,52.4941348],[5.6289226,52.4941348],[5.6289521,52.4941348],[5.6289815,52.4941348],[5.629011,52.4941348],[5.6290404,52.4941348],[5.6290699,52.4941348],[5.6290993,52.4941348],[5.6291288,52.4941348],[5.6291582,52.4941348],[5.6291877,52.4941348],[5.6292171,52.4941348],[5.6292466,52.4941348],[5.629276,52.4941348],[5.6293054,52.4941348],[5.6293349,52.4941348],[5.6293643,52.4941348],[5.6293938,52.4941348],[5.6294232,52.4941348],[5.6294527,52.4941348],[5.6294821,52.4941348],[5.6295116,52.4941348],[5.629541,52.4941347],[5.6295705,52.4941347],[5.6295999,52.4941347],[5.6296294,52.4941347],[5.6296588,52.4941347],[5.6296883,52.4941347],[5.6297177,52.4941347],[5.6297471,52.4941347],[5.6297766,52.4941347],[5.629806,52.4941347],[5.6298355,52.4941347],[5.6298649,52.4941347],[5.6298944,52.4941347],[5.6299238,52.4941347],[5.6299533,52.4941347],[5.6299827,52.4941347],[5.6300122,52.4941347],[5.6300416,52.4941347],[5.6300711,52.4941347],[5.6301005,52.4941347],[5.63013,52.4941347],[5.6301594,52.4941347],[5.6301888,52.4941347],[5.6302183,52.4941347],[5.6302477,52.4941347],[5.6302772,52.4941347],[5.6303066,52.4941347],[5.6303361,52.4941347],[5.6303655,52.4941347],[5.630395,52.4941347],[5.6304244,52.4941347],[5.6304539,52.4941347],[5.6304833,52.4941347],[5.6305128,52.4941347],[5.6305422,52.4941347],[5.6305717,52.4941347],[5.6306011,52.4941347],[5.6306305,52.4941347],[5.63066,52.4941347],[5.6306894,52.4941346],[5.6307189,52.4941346],[5.6307483,52.4941346],[5.6307778,52.4941346],[5.6308072,52.4941346],[5.6308367,52.4941346],[5.6308661,52.4941346],[5.6308956,52.4941346],[5.630925,52.4941346],[5.6309545,52.4941346],[5.6309839,52.4941346],[5.6310134,52.4941346],[5.6310428,52.4941346],[5.6310723,52.4941346],[5.6311017,52.4941346],[5.6311311,52.4941346],[5.6311606,52.4941346],[5.63119,52.4941346],[5.6312195,52.4941346],[5.6312489,52.4941346],[5.6312784,52.4941346],[5.6313078,52.4941346],[5.6313373,52.4941346],[5.6313667,52.4941346],[5.6313962,52.4941346],[5.6314256,52.4941346],[5.6314551,52.4941346],[5.6314845,52.4941346],[5.631514,52.4941346],[5.6315434,52.4941346],[5.6315728,52.4941346],[5.6316023,52.4941346],[5.6316317,52.4941346],[5.6316612,52.4941346],[5.6316906,52.4941346],[5.6317201,52.4941346],[5.6317495,52.4941345],[5.631779,52.4941345],[5.6318084,52.4941345],[5.6318379,52.4941345],[5.6318673,52.4941345],[5.6318968,52.4941345],[5.6319262,52.4941345],[5.6319557,52.4941345],[5.6319851,52.4941345],[5.6320145,52.4941345],[5.632044,52.4941345],[5.6320734,52.4941345],[5.6321029,52.4941345],[5.6321323,52.4941345],[5.6321618,52.4941345],[5.6321912,52.4941345],[5.6322207,52.4941345],[5.6322501,52.4941345],[5.6322796,52.4941345],[5.632309,52.4941345],[5.6323385,52.4941345],[5.6323679,52.4941345],[5.6323974,52.4941345],[5.6324268,52.4941345],[5.6324562,52.4941345],[5.6324857,52.4941345],[5.6325151,52.4941345],[5.6325446,52.4941345],[5.632574,52.4941345],[5.6326035,52.4941345],[5.6326329,52.4941345],[5.6326624,52.4941345],[5.6326918,52.4941345],[5.6327213,52.4941344],[5.6327507,52.4941344],[5.6327802,52.4941344],[5.6328096,52.4941344],[5.6328391,52.4941344],[5.6328685,52.4941344],[5.6328979,52.4941344],[5.6329274,52.4941344],[5.6329568,52.4941344],[5.6329863,52.4941344],[5.6330157,52.4941344],[5.6330452,52.4941344],[5.6330746,52.4941344],[5.6331041,52.4941344],[5.6331335,52.4941344],[5.633163,52.4941344],[5.6331924,52.4941344],[5.6332219,52.4941344],[5.6332513,52.4941344],[5.6332808,52.4941344],[5.6333102,52.4941344],[5.6333396,52.4941344],[5.6333691,52.4941344],[5.6333985,52.4941344],[5.633428,52.4941344],[5.6334574,52.4941344],[5.6334869,52.4941344],[5.6335163,52.4941344],[5.6335458,52.4941344],[5.6335752,52.4941344],[5.6336047,52.4941344],[5.6336341,52.4941343],[5.6336636,52.4941343],[5.633693,52.4941343],[5.6337225,52.4941343],[5.6337519,52.4941343],[5.6337813,52.4941343],[5.6338108,52.4941343],[5.6338402,52.4941343],[5.6338697,52.4941343],[5.6338991,52.4941343],[5.6339286,52.4941343],[5.633958,52.4941343],[5.6339875,52.4941343],[5.6340169,52.4941343],[5.6340464,52.4941343],[5.6340758,52.4941343],[5.6341053,52.4941343],[5.6341347,52.4941343],[5.6341642,52.4941343],[5.6341936,52.4941343],[5.634223,52.4941343],[5.6342525,52.4941343],[5.6342819,52.4941343],[5.6343114,52.4941343],[5.6343408,52.4941343],[5.6343703,52.4941343],[5.6343997,52.4941343],[5.6344292,52.4941343],[5.6344586,52.4941342],[5.6344881,52.4941342],[5.6345175,52.4941342],[5.634547,52.4941342],[5.6345764,52.4941342],[5.6346059,52.4941342],[5.6346353,52.4941342],[5.6346648,52.4941342],[5.6346942,52.4941342],[5.6347236,52.4941342],[5.6347531,52.4941342],[5.6347825,52.4941342],[5.634812,52.4941342],[5.6348414,52.4941342],[5.6348709,52.4941342],[5.6349003,52.4941342],[5.6349298,52.4941342],[5.6349592,52.4941342],[5.6349887,52.4941342],[5.6350181,52.4941342],[5.6350476,52.4941342],[5.635077,52.4941342],[5.6351065,52.4941342],[5.6351359,52.4941342],[5.6351653,52.4941342],[5.6351948,52.4941342],[5.6352242,52.4941342],[5.6352537,52.4941341],[5.6352831,52.4941341],[5.6353126,52.4941341],[5.635342,52.4941341],[5.6353715,52.4941341],[5.6354009,52.4941341],[5.6354304,52.4941341],[5.6354598,52.4941341],[5.6354893,52.4941341],[5.6355187,52.4941341],[5.6355482,52.4941341],[5.6355776,52.4941341],[5.635607,52.4941341],[5.6356365,52.4941341],[5.6356659,52.4941341],[5.6356954,52.4941341],[5.6357248,52.4941341],[5.6357543,52.4941341],[5.6357837,52.4941341],[5.6358132,52.4941341],[5.6358426,52.4941341],[5.6358721,52.4941341],[5.6359015,52.4941341],[5.635931,52.4941341],[5.6359604,52.4941341],[5.6359899,52.4941341],[5.6360193,52.494134],[5.6360487,52.494134],[5.6360782,52.494134],[5.6361076,52.494134],[5.6361371,52.494134],[5.6361665,52.494134],[5.636196,52.494134],[5.6362254,52.494134],[5.6362549,52.494134],[5.6362843,52.494134],[5.6363138,52.494134],[5.6363432,52.494134],[5.6363727,52.494134],[5.6364021,52.494134],[5.6364316,52.494134],[5.636461,52.494134],[5.6364904,52.494134],[5.6365199,52.494134],[5.6365493,52.494134],[5.6365788,52.494134],[5.6366082,52.494134],[5.6366377,52.494134],[5.6366671,52.494134],[5.6366966,52.494134],[5.636726,52.494134],[5.6367555,52.4941339],[5.6367849,52.4941339],[5.6368144,52.4941339],[5.6368438,52.4941339],[5.6368733,52.4941339],[5.6369027,52.4941339],[5.6369321,52.4941339],[5.6369616,52.4941339],[5.636991,52.4941339],[5.6370205,52.4941339],[5.6370499,52.4941339],[5.6370794,52.4941339],[5.6371088,52.4941339],[5.6371383,52.4941339],[5.6371677,52.4941339],[5.6371972,52.4941339],[5.6372266,52.4941339],[5.6372561,52.4941339],[5.6372855,52.4941339],[5.637315,52.4941339],[5.6373444,52.4941339],[5.6373738,52.4941339],[5.6374033,52.4941339],[5.6374327,52.4941338],[5.6374622,52.4941338],[5.6374916,52.4941338],[5.6375211,52.4941338],[5.6375505,52.4941338],[5.63758,52.4941338],[5.6376094,52.4941338],[5.6376389,52.4941338],[5.6376683,52.4941338],[5.6376978,52.4941338],[5.6377272,52.4941338],[5.6377567,52.4941338],[5.6377861,52.4941338],[5.6378156,52.4941338],[5.637845,52.4941338],[5.6378744,52.4941338],[5.6379039,52.4941338],[5.6379333,52.4941338],[5.6379628,52.4941338],[5.6379922,52.4941338],[5.6380217,52.4941338],[5.6380511,52.4941338],[5.6380806,52.4941338],[5.63811,52.4941337],[5.6381395,52.4941337],[5.6381689,52.4941337],[5.6381984,52.4941337],[5.6382278,52.4941337],[5.6382573,52.4941337],[5.6382867,52.4941337],[5.6383161,52.4941337],[5.6383456,52.4941337],[5.638375,52.4941337],[5.6384045,52.4941337],[5.6384339,52.4941337],[5.6384634,52.4941337],[5.6384928,52.4941337],[5.6385223,52.4941337],[5.6385517,52.4941337],[5.6385812,52.4941337],[5.6386106,52.4941337],[5.6386401,52.4941337],[5.6386695,52.4941337],[5.638699,52.4941337],[5.6387284,52.4941337],[5.6387578,52.4941336],[5.6387873,52.4941336],[5.6388167,52.4941336],[5.6388462,52.4941336],[5.6388756,52.4941336],[5.6389051,52.4941336],[5.6389345,52.4941336],[5.638964,52.4941336],[5.6389934,52.4941336],[5.6390229,52.4941336],[5.6390523,52.4941336],[5.6390818,52.4941336],[5.6391112,52.4941336],[5.6391407,52.4941336],[5.6391701,52.4941336],[5.6391995,52.4941336],[5.639229,52.4941336],[5.6392584,52.4941336],[5.6392879,52.4941336],[5.6393173,52.4941336],[5.6393468,52.4941336],[5.6393762,52.4941335],[5.6394057,52.4941335],[5.6394351,52.4941335],[5.6394646,52.4941335],[5.639494,52.4941335],[5.6395235,52.4941335],[5.6395529,52.4941335],[5.6395824,52.4941335],[5.6396118,52.4941335],[5.6396412,52.4941335],[5.6396707,52.4941335],[5.6397001,52.4941335],[5.6397296,52.4941335],[5.639759,52.4941335],[5.6397885,52.4941335],[5.6398179,52.4941335],[5.6398474,52.4941335],[5.6398768,52.4941335],[5.6399063,52.4941335],[5.6399357,52.4941335],[5.6399652,52.4941334],[5.6399946,52.4941334],[5.6400241,52.4941334],[5.6400535,52.4941334],[5.6400829,52.4941334],[5.6401124,52.4941334],[5.6401418,52.4941334],[5.6401713,52.4941334],[5.6402007,52.4941334],[5.6402302,52.4941334],[5.6402596,52.4941334],[5.6402891,52.4941334],[5.6403185,52.4941334],[5.640348,52.4941334],[5.6403774,52.4941334],[5.6404069,52.4941334],[5.6404363,52.4941334],[5.6404658,52.4941334],[5.6404952,52.4941334],[5.6405246,52.4941334],[5.6405541,52.4941333],[5.6405835,52.4941333],[5.640613,52.4941333],[5.6406424,52.4941333],[5.6406719,52.4941333],[5.6407013,52.4941333],[5.6407308,52.4941333],[5.6407602,52.4941333],[5.6407897,52.4941333],[5.6408191,52.4941333],[5.6408486,52.4941333],[5.640878,52.4941333],[5.6409075,52.4941333],[5.6409369,52.4941333],[5.6409663,52.4941333],[5.6409958,52.4941333],[5.6410252,52.4941333],[5.6410547,52.4941333],[5.6410841,52.4941333],[5.6411136,52.4941332],[5.641143,52.4941332],[5.6411725,52.4941332],[5.6412019,52.4941332],[5.6412314,52.4941332],[5.6412608,52.4941332],[5.6412903,52.4941332],[5.6413197,52.4941332],[5.6413492,52.4941332],[5.6413786,52.4941332],[5.6414081,52.4941332],[5.6414375,52.4941332],[5.6414669,52.4941332],[5.6414964,52.4941332],[5.6415258,52.4941332],[5.6415553,52.4941332],[5.6415847,52.4941332],[5.6416142,52.4941332],[5.6416436,52.4941332],[5.6416731,52.4941331],[5.6417025,52.4941331],[5.641732,52.4941331],[5.6417614,52.4941331],[5.6417909,52.4941331],[5.6418203,52.4941331],[5.6418498,52.4941331],[5.6418792,52.4941331],[5.6419086,52.4941331],[5.6419381,52.4941331],[5.6419675,52.4941331],[5.641997,52.4941331],[5.6420264,52.4941331],[5.6420559,52.4941331],[5.6420853,52.4941331],[5.6421148,52.4941331],[5.6421442,52.4941331],[5.6421737,52.4941331],[5.6422031,52.494133],[5.6422326,52.494133],[5.642262,52.494133],[5.6422915,52.494133],[5.6423209,52.494133],[5.6423503,52.494133],[5.6423798,52.494133],[5.6424092,52.494133],[5.6424387,52.494133],[5.6424681,52.494133],[5.6424976,52.494133],[5.642527,52.494133],[5.6425565,52.494133],[5.6425859,52.494133],[5.6426154,52.494133],[5.6426448,52.494133],[5.6426743,52.494133],[5.6427037,52.494133],[5.6427332,52.4941329],[5.6427626,52.4941329],[5.642792,52.4941329],[5.6428215,52.4941329],[5.6428509,52.4941329],[5.6428804,52.4941329],[5.6429098,52.4941329],[5.6429393,52.4941329],[5.6429687,52.4941329],[5.6429982,52.4941329],[5.6430276,52.4941329],[5.6430571,52.4941329],[5.6430865,52.4941329],[5.643116,52.4941329],[5.6431454,52.4941329],[5.6431749,52.4941329],[5.6432043,52.4941329],[5.6432337,52.4941329],[5.6432632,52.4941328],[5.6432926,52.4941328],[5.6433221,52.4941328],[5.6433515,52.4941328],[5.643381,52.4941328],[5.6434104,52.4941328],[5.6434399,52.4941328],[5.6434693,52.4941328],[5.6434988,52.4941328],[5.6435282,52.4941328],[5.6435577,52.4941328],[5.6435871,52.4941328],[5.6436166,52.4941328],[5.643646,52.4941328],[5.6436754,52.4941328],[5.6437049,52.4941328],[5.6437343,52.4941328],[5.6437638,52.4941327],[5.6437932,52.4941327],[5.6438227,52.4941327],[5.6438521,52.4941327],[5.6438816,52.4941327],[5.643911,52.4941327],[5.6439405,52.4941327],[5.6439699,52.4941327],[5.6439994,52.4941327],[5.6440288,52.4941327],[5.6440583,52.4941327],[5.6440877,52.4941327],[5.6441171,52.4941327],[5.6441466,52.4941327],[5.644176,52.4941327],[5.6442055,52.4941327],[5.6442349,52.4941327],[5.6442644,52.4941326],[5.6442938,52.4941326],[5.6443233,52.4941326],[5.6443527,52.4941326],[5.6443822,52.4941326],[5.6444116,52.4941326],[5.6444411,52.4941326],[5.6444705,52.4941326],[5.6445,52.4941326],[5.6445294,52.4941326],[5.6445588,52.4941326],[5.6445883,52.4941326],[5.6446177,52.4941326],[5.6446472,52.4941326],[5.6446766,52.4941326],[5.6447061,52.4941326],[5.6447355,52.4941325],[5.644765,52.4941325],[5.6447944,52.4941325],[5.6448239,52.4941325],[5.6448533,52.4941325],[5.6448828,52.4941325],[5.6449122,52.4941325],[5.6449417,52.4941325],[5.6449711,52.4941325],[5.6450005,52.4941325],[5.64503,52.4941325],[5.6450594,52.4941325],[5.6450889,52.4941325],[5.6451183,52.4941325],[5.6451478,52.4941325],[5.6451772,52.4941325],[5.6452067,52.4941324],[5.6452361,52.4941324],[5.6452656,52.4941324],[5.645295,52.4941324],[5.6453245,52.4941324],[5.6453539,52.4941324],[5.6453834,52.4941324],[5.6454128,52.4941324],[5.6454423,52.4941324],[5.6454717,52.4941324],[5.6455011,52.4941324],[5.6455306,52.4941324],[5.64556,52.4941324],[5.6455895,52.4941324],[5.6456189,52.4941324],[5.6456484,52.4941324],[5.6456778,52.4941323],[5.6457073,52.4941323],[5.6457367,52.4941323],[5.6457662,52.4941323],[5.6457956,52.4941323],[5.6458251,52.4941323],[5.6458545,52.4941323],[5.645884,52.4941323],[5.6459134,52.4941323],[5.6459428,52.4941323],[5.6459723,52.4941323],[5.6460017,52.4941323],[5.6460312,52.4941323],[5.6460606,52.4941323],[5.6460901,52.4941323],[5.6461195,52.4941322],[5.646149,52.4941322],[5.6461784,52.4941322],[5.6462079,52.4941322],[5.6462373,52.4941322],[5.6462668,52.4941322],[5.6462962,52.4941322],[5.6463257,52.4941322],[5.6463551,52.4941322],[5.6463845,52.4941322],[5.646414,52.4941322],[5.6464434,52.4941322],[5.6464729,52.4941322],[5.6465023,52.4941322],[5.6465318,52.4941322],[5.6465612,52.4941322],[5.6465907,52.4941321],[5.6466201,52.4941321],[5.6466496,52.4941321],[5.646679,52.4941321],[5.6467085,52.4941321],[5.6467379,52.4941321],[5.6467674,52.4941321],[5.6467968,52.4941321],[5.6468262,52.4941321],[5.6468557,52.4941321],[5.6468851,52.4941321],[5.6469146,52.4941321],[5.646944,52.4941321],[5.6469735,52.4941321],[5.6470029,52.4941321],[5.6470324,52.494132],[5.6470618,52.494132],[5.6470913,52.494132],[5.6471207,52.494132],[5.6471502,52.494132],[5.6471796,52.494132],[5.6472091,52.494132],[5.6472385,52.494132],[5.6472679,52.494132],[5.6472974,52.494132],[5.6473268,52.494132],[5.6473563,52.494132],[5.6473857,52.494132],[5.6474152,52.494132],[5.6474446,52.4941319],[5.6474741,52.4941319],[5.6475035,52.4941319],[5.647533,52.4941319],[5.6475624,52.4941319],[5.6475919,52.4941319],[5.6476213,52.4941319],[5.6476508,52.4941319],[5.6476802,52.4941319],[5.6477096,52.4941319],[5.6477391,52.4941319],[5.6477685,52.4941319],[5.647798,52.4941319],[5.6478274,52.4941319],[5.6478569,52.4941319],[5.6478863,52.4941318],[5.6479158,52.4941318],[5.6479452,52.4941318],[5.6479747,52.4941318],[5.6480041,52.4941318],[5.6480336,52.4941318],[5.648063,52.4941318],[5.6480925,52.4941318],[5.6481219,52.4941318],[5.6481513,52.4941318],[5.6481808,52.4941318],[5.6482102,52.4941318],[5.6482397,52.4941318],[5.6482691,52.4941318],[5.6482986,52.4941317],[5.648328,52.4941317],[5.6483575,52.4941317],[5.6483869,52.4941317],[5.6484164,52.4941317],[5.6484458,52.4941317],[5.6484753,52.4941317],[5.6485047,52.4941317],[5.6485342,52.4941317],[5.6485636,52.4941317],[5.648593,52.4941317],[5.6486225,52.4941317],[5.6486519,52.4941317],[5.6486814,52.4941317],[5.6487108,52.4941316],[5.6487403,52.4941316],[5.6487697,52.4941316],[5.6487992,52.4941316],[5.6488286,52.4941316],[5.6488581,52.4941316],[5.6488875,52.4941316],[5.648917,52.4941316],[5.6489464,52.4941316],[5.6489759,52.4941316],[5.6490053,52.4941316],[5.6490348,52.4941316],[5.6490642,52.4941316],[5.6490936,52.4941316],[5.6491231,52.4941315],[5.6491525,52.4941315],[5.649182,52.4941315],[5.6492114,52.4941315],[5.6492409,52.4941315],[5.6492703,52.4941315],[5.6492998,52.4941315],[5.6493292,52.4941315],[5.6493587,52.4941315],[5.6493881,52.4941315],[5.6494176,52.4941315],[5.649447,52.4941315],[5.6494765,52.4941315],[5.6495059,52.4941315],[5.6495353,52.4941314],[5.6495648,52.4941314],[5.6495942,52.4941314],[5.6496237,52.4941314],[5.6496531,52.4941314],[5.6496826,52.4941314],[5.649712,52.4941314],[5.6497415,52.4941314],[5.6497709,52.4941314],[5.6498004,52.4941314],[5.6498298,52.4941314],[5.6498593,52.4941314],[5.6498887,52.4941314],[5.6499182,52.4941314],[5.6499476,52.4941313],[5.649977,52.4941313],[5.6500065,52.4941313],[5.6500359,52.4941313],[5.6500654,52.4941313],[5.6500948,52.4941313],[5.6501243,52.4941313],[5.6501537,52.4941313],[5.6501832,52.4941313],[5.6502126,52.4941313],[5.6502421,52.4941313],[5.6502715,52.4941313],[5.650301,52.4941313],[5.6503304,52.4941312],[5.6503599,52.4941312],[5.6503893,52.4941312],[5.6504187,52.4941312],[5.6504482,52.4941312],[5.6504776,52.4941312],[5.6505071,52.4941312],[5.6505365,52.4941312],[5.650566,52.4941312],[5.6505954,52.4941312],[5.6506249,52.4941312],[5.6506543,52.4941312],[5.6506838,52.4941312],[5.6507132,52.4941311],[5.6507427,52.4941311],[5.6507721,52.4941311],[5.6508016,52.4941311],[5.650831,52.4941311],[5.6508604,52.4941311],[5.6508899,52.4941311],[5.6509193,52.4941311],[5.6509488,52.4941311],[5.6509782,52.4941311],[5.6510077,52.4941311],[5.6510371,52.4941311],[5.6510666,52.4941311],[5.651096,52.494131],[5.6511255,52.494131],[5.6511549,52.494131],[5.6511844,52.494131],[5.6512138,52.494131],[5.6512433,52.494131],[5.6512727,52.494131],[5.6513021,52.494131],[5.6513316,52.494131],[5.651361,52.494131],[5.6513905,52.494131],[5.6514199,52.494131],[5.6514494,52.494131],[5.6514788,52.4941309],[5.6515083,52.4941309],[5.6515377,52.4941309],[5.6515672,52.4941309],[5.6515966,52.4941309],[5.6516261,52.4941309],[5.6516555,52.4941309],[5.651685,52.4941309],[5.6517144,52.4941309],[5.6517438,52.4941309],[5.6517733,52.4941309],[5.6518027,52.4941309],[5.6518322,52.4941309],[5.6518616,52.4941308],[5.6518911,52.4941308],[5.6519205,52.4941308],[5.65195,52.4941308],[5.6519794,52.4941308],[5.6520089,52.4941308],[5.6520383,52.4941308],[5.6520678,52.4941308],[5.6520972,52.4941308],[5.6521267,52.4941308],[5.6521561,52.4941308],[5.6521855,52.4941308],[5.652215,52.4941307],[5.6522444,52.4941307],[5.6522739,52.4941307],[5.6523033,52.4941307],[5.6523328,52.4941307],[5.6523622,52.4941307],[5.6523917,52.4941307],[5.6524211,52.4941307],[5.6524506,52.4941307],[5.65248,52.4941307],[5.6525095,52.4941307],[5.6525389,52.4941307],[5.6525684,52.4941307],[5.6525978,52.4941306],[5.6526272,52.4941306],[5.6526567,52.4941306],[5.6526861,52.4941306],[5.6527156,52.4941306],[5.652745,52.4941306],[5.6527745,52.4941306],[5.6528039,52.4941306],[5.6528334,52.4941306],[5.6528628,52.4941306],[5.6528923,52.4941306],[5.6529217,52.4941306],[5.6529512,52.4941305],[5.6529806,52.4941305],[5.6530101,52.4941305],[5.6530395,52.4941305],[5.653069,52.4941305],[5.6530984,52.4941305],[5.6531278,52.4941305],[5.6531573,52.4941305],[5.6531867,52.4941305],[5.6532162,52.4941305],[5.6532456,52.4941305],[5.6532751,52.4941305],[5.6533045,52.4941304],[5.653334,52.4941304],[5.6533634,52.4941304],[5.6533929,52.4941304],[5.6534223,52.4941304],[5.6534518,52.4941304],[5.6534812,52.4941304],[5.6535107,52.4941304],[5.6535401,52.4941304],[5.6535695,52.4941304],[5.653599,52.4941304],[5.6536284,52.4941304],[5.6536579,52.4941303],[5.6536873,52.4941303],[5.6537168,52.4941303],[5.6537462,52.4941303],[5.6537757,52.4941303],[5.6538051,52.4941303],[5.6538346,52.4941303],[5.653864,52.4941303],[5.6538935,52.4941303],[5.6539229,52.4941303],[5.6539524,52.4941303],[5.6539818,52.4941303],[5.6540112,52.4941302],[5.6540407,52.4941302],[5.6540701,52.4941302],[5.6540996,52.4941302],[5.654129,52.4941302],[5.6541585,52.4941302],[5.6541879,52.4941302],[5.6542174,52.4941302],[5.6542468,52.4941302],[5.6542763,52.4941302],[5.6543057,52.4941302],[5.6543352,52.4941302],[5.6543646,52.4941301],[5.6543941,52.4941301],[5.6544235,52.4941301],[5.6544529,52.4941301],[5.6544824,52.4941301],[5.6545118,52.4941301],[5.6545413,52.4941301],[5.6545707,52.4941301],[5.6546002,52.4941301],[5.6546296,52.4941301],[5.6546591,52.4941301],[5.6546885,52.49413],[5.654718,52.49413],[5.6547474,52.49413],[5.6547769,52.49413],[5.6548063,52.49413],[5.6548358,52.49413],[5.6548652,52.49413],[5.6548946,52.49413],[5.6549241,52.49413],[5.6549535,52.49413],[5.654983,52.49413],[5.6550124,52.49413],[5.6550419,52.4941299],[5.6550713,52.4941299],[5.6551008,52.4941299],[5.6551302,52.4941299],[5.6551597,52.4941299],[5.6551891,52.4941299],[5.6552186,52.4941299],[5.655248,52.4941299],[5.6552775,52.4941299],[5.6553069,52.4941299],[5.6553363,52.4941299],[5.6553658,52.4941298],[5.6553952,52.4941298],[5.6554247,52.4941298],[5.6554541,52.4941298],[5.6554836,52.4941298],[5.655513,52.4941298],[5.6555425,52.4941298],[5.6555719,52.4941298],[5.6556014,52.4941298],[5.6556308,52.4941298],[5.6556603,52.4941298],[5.6556897,52.4941298],[5.6557192,52.4941297],[5.6557486,52.4941297],[5.655778,52.4941297],[5.6558075,52.4941297],[5.6558369,52.4941297],[5.6558664,52.4941297],[5.6558958,52.4941297],[5.6559253,52.4941297],[5.6559547,52.4941297],[5.6559842,52.4941297],[5.6560136,52.4941297],[5.6560431,52.4941296],[5.6560725,52.4941296],[5.656102,52.4941296],[5.6561314,52.4941296],[5.6561609,52.4941296],[5.6561903,52.4941296],[5.6562197,52.4941296],[5.6562492,52.4941296],[5.6562786,52.4941296],[5.6563081,52.4941296],[5.6563375,52.4941296],[5.656367,52.4941295],[5.6563964,52.4941295],[5.6564259,52.4941295],[5.6564553,52.4941295],[5.6564848,52.4941295],[5.6565142,52.4941295],[5.6565437,52.4941295],[5.6565731,52.4941295],[5.6566026,52.4941295],[5.656632,52.4941295],[5.6566614,52.4941295],[5.6566909,52.4941294],[5.6567203,52.4941294],[5.6567498,52.4941294],[5.6567792,52.4941294],[5.6568087,52.4941294],[5.6568381,52.4941294],[5.6568676,52.4941294],[5.656897,52.4941294],[5.6569265,52.4941294],[5.6569559,52.4941294],[5.6569854,52.4941294],[5.6570148,52.4941293],[5.6570443,52.4941293],[5.6570737,52.4941293],[5.6571032,52.4941293],[5.6571326,52.4941293],[5.657162,52.4941293],[5.6571915,52.4941293],[5.6572209,52.4941293],[5.6572504,52.4941293],[5.6572798,52.4941293],[5.6573093,52.4941293],[5.6573387,52.4941292],[5.6573682,52.4941292],[5.6573976,52.4941292],[5.6574271,52.4941292],[5.6574565,52.4941292],[5.657486,52.4941292],[5.6575154,52.4941292],[5.6575449,52.4941292],[5.6575743,52.4941292],[5.6576037,52.4941292],[5.6576332,52.4941291],[5.6576626,52.4941291],[5.6576921,52.4941291],[5.6577215,52.4941291],[5.657751,52.4941291],[5.6577804,52.4941291],[5.6578099,52.4941291],[5.6578393,52.4941291],[5.6578688,52.4941291],[5.6578982,52.4941291],[5.6579277,52.4941291],[5.6579571,52.494129],[5.6579866,52.494129],[5.658016,52.494129],[5.6580454,52.494129],[5.6580749,52.494129],[5.6581043,52.494129],[5.6581338,52.494129],[5.6581632,52.494129],[5.6581927,52.494129],[5.6582221,52.494129],[5.6582516,52.4941289],[5.658281,52.4941289],[5.6583105,52.4941289],[5.6583399,52.4941289],[5.6583694,52.4941289],[5.6583988,52.4941289],[5.6584283,52.4941289],[5.6584577,52.4941289],[5.6584871,52.4941289],[5.6585166,52.4941289],[5.658546,52.4941289],[5.6585755,52.4941288],[5.6586049,52.4941288],[5.6586344,52.4941288],[5.6586638,52.4941288],[5.6586933,52.4941288],[5.6587227,52.4941288],[5.6587522,52.4941288],[5.6587816,52.4941288],[5.6588111,52.4941288],[5.6588405,52.4941288],[5.65887,52.4941287],[5.6588994,52.4941287],[5.6589288,52.4941287],[5.6589583,52.4941287],[5.6589877,52.4941287],[5.6590172,52.4941287],[5.6590466,52.4941287],[5.6590761,52.4941287],[5.6591055,52.4941287],[5.659135,52.4941287],[5.6591644,52.4941287],[5.6591939,52.4941286],[5.6592233,52.4941286],[5.6592528,52.4941286],[5.6592822,52.4941286],[5.6593117,52.4941286],[5.6593411,52.4941286],[5.6593705,52.4941286],[5.6594,52.4941286],[5.6594294,52.4941286],[5.6594589,52.4941286],[5.6594883,52.4941285],[5.6595178,52.4941285],[5.6595472,52.4941285],[5.6595767,52.4941285],[5.6596061,52.4941285],[5.6596356,52.4941285],[5.659665,52.4941285],[5.6596945,52.4941285],[5.6597239,52.4941285],[5.6597534,52.4941285],[5.6597828,52.4941284],[5.6598122,52.4941284],[5.6598417,52.4941284],[5.6598711,52.4941284],[5.6599006,52.4941284],[5.65993,52.4941284],[5.6599595,52.4941284],[5.6599889,52.4941284],[5.6600184,52.4941284],[5.6600478,52.4941284],[5.6600773,52.4941283],[5.6601067,52.4941283],[5.6601362,52.4941283],[5.6601656,52.4941283],[5.6601951,52.4941283],[5.6602245,52.4941283],[5.6602539,52.4941283],[5.6602834,52.4941283],[5.6603128,52.4941283],[5.6603423,52.4941283],[5.6603717,52.4941282],[5.6604012,52.4941282],[5.6604306,52.4941282],[5.6604601,52.4941282],[5.6604895,52.4941282],[5.660519,52.4941282],[5.6605484,52.4941282],[5.6605779,52.4941282],[5.6606073,52.4941282],[5.6606368,52.4941282],[5.6606662,52.4941281],[5.6606956,52.4941281],[5.6607251,52.4941281],[5.6607545,52.4941281],[5.660784,52.4941281],[5.6608134,52.4941281],[5.6608429,52.4941281],[5.6608723,52.4941281],[5.6609018,52.4941281],[5.6609312,52.4941281],[5.6609607,52.494128],[5.6609901,52.494128],[5.6610196,52.494128],[5.661049,52.494128],[5.6610785,52.494128],[5.6611079,52.494128],[5.6611374,52.494128],[5.6611668,52.494128],[5.6611962,52.494128],[5.6612257,52.494128],[5.6612551,52.4941279],[5.6612846,52.4941279],[5.661314,52.4941279],[5.6613435,52.4941279],[5.6613729,52.4941279],[5.6614024,52.4941279],[5.6614318,52.4941279],[5.6614613,52.4941279],[5.6614907,52.4941279],[5.6615202,52.4941278],[5.6615496,52.4941278],[5.6615791,52.4941278],[5.6616085,52.4941278],[5.6616379,52.4941278],[5.6616674,52.4941278],[5.6616968,52.4941278],[5.6617263,52.4941278],[5.6617557,52.4941278],[5.6617852,52.4941278],[5.6618146,52.4941277],[5.6618441,52.4941277],[5.6618735,52.4941277],[5.661903,52.4941277],[5.6619324,52.4941277],[5.6619619,52.4941277],[5.6619913,52.4941277],[5.6620208,52.4941277],[5.6620502,52.4941277],[5.6620796,52.4941277],[5.6621091,52.4941276],[5.6621385,52.4941276],[5.662168,52.4941276],[5.6621974,52.4941276],[5.6622269,52.4941276],[5.6622563,52.4941276],[5.6622858,52.4941276],[5.6623152,52.4941276],[5.6623447,52.4941276],[5.6623741,52.4941275],[5.6624036,52.4941275],[5.662433,52.4941275],[5.6624625,52.4941275],[5.6624919,52.4941275],[5.6625213,52.4941275],[5.6625508,52.4941275],[5.6625802,52.4941275],[5.6626097,52.4941275],[5.6626391,52.4941275],[5.6626686,52.4941274],[5.662698,52.4941274],[5.6627275,52.4941274],[5.6627569,52.4941274],[5.6627864,52.4941274],[5.6628158,52.4941274],[5.6628453,52.4941274],[5.6628747,52.4941274],[5.6629042,52.4941274],[5.6629336,52.4941273],[5.662963,52.4941273],[5.6629925,52.4941273],[5.6630219,52.4941273],[5.6630514,52.4941273],[5.6630808,52.4941273],[5.6631103,52.4941273],[5.6631397,52.4941273],[5.6631692,52.4941273],[5.6631986,52.4941272],[5.6632281,52.4941272],[5.6632575,52.4941272],[5.663287,52.4941272],[5.6633164,52.4941272],[5.6633459,52.4941272],[5.6633753,52.4941272],[5.6634047,52.4941272],[5.6634342,52.4941272],[5.6634636,52.4941272],[5.6634931,52.4941271],[5.6635225,52.4941271],[5.663552,52.4941271],[5.6635814,52.4941271],[5.6636109,52.4941271],[5.6636403,52.4941271],[5.6636698,52.4941271],[5.6636992,52.4941271],[5.6637287,52.4941271],[5.6637581,52.494127],[5.6637876,52.494127],[5.663817,52.494127],[5.6638464,52.494127],[5.6638759,52.494127],[5.6639053,52.494127],[5.6639348,52.494127],[5.6639642,52.494127],[5.6639937,52.494127],[5.6640231,52.4941269],[5.6640526,52.4941269],[5.664082,52.4941269],[5.6641115,52.4941269],[5.6641409,52.4941269],[5.6641704,52.4941269],[5.6641998,52.4941269],[5.6642293,52.4941269],[5.6642587,52.4941269],[5.6642881,52.4941268],[5.6643176,52.4941268],[5.664347,52.4941268],[5.6643765,52.4941268],[5.6644059,52.4941268],[5.6644354,52.4941268],[5.6644648,52.4941268],[5.6644943,52.4941268],[5.6645237,52.4941268],[5.6645532,52.4941267],[5.6645826,52.4941267],[5.6646121,52.4941267],[5.6646415,52.4941267],[5.664671,52.4941267],[5.6647004,52.4941267],[5.6647298,52.4941267],[5.6647593,52.4941267],[5.6647887,52.4941267],[5.6648182,52.4941266],[5.6648476,52.4941266],[5.6648771,52.4941266],[5.6649065,52.4941266],[5.664936,52.4941266],[5.6649654,52.4941266],[5.6649949,52.4941266],[5.6650243,52.4941266],[5.6650538,52.4941266],[5.6650832,52.4941265],[5.6651127,52.4941265],[5.6651421,52.4941265],[5.6651715,52.4941265],[5.665201,52.4941265],[5.6652304,52.4941265],[5.6652599,52.4941265],[5.6652893,52.4941265],[5.6653188,52.4941265],[5.6653482,52.4941264],[5.6653777,52.4941264],[5.6654071,52.4941264],[5.6654366,52.4941264],[5.665466,52.4941264],[5.6654955,52.4941264],[5.6655249,52.4941264],[5.6655544,52.4941264],[5.6655838,52.4941264],[5.6656133,52.4941263],[5.6656427,52.4941263],[5.6656721,52.4941263],[5.6657016,52.4941263],[5.665731,52.4941263],[5.6657605,52.4941263],[5.6657899,52.4941263],[5.6658194,52.4941263],[5.6658488,52.4941262],[5.6658783,52.4941262],[5.6659077,52.4941262],[5.6659372,52.4941262],[5.6659666,52.4941262],[5.6659961,52.4941262],[5.6660255,52.4941262],[5.666055,52.4941262],[5.6660844,52.4941262],[5.6661138,52.4941261],[5.6661433,52.4941261],[5.6661727,52.4941261],[5.6662022,52.4941261],[5.6662316,52.4941261],[5.6662611,52.4941261],[5.6662905,52.4941261],[5.66632,52.4941261],[5.6663494,52.4941261],[5.6663789,52.494126],[5.6664083,52.494126],[5.6664378,52.494126],[5.6664672,52.494126],[5.6664967,52.494126],[5.6665261,52.494126],[5.6665555,52.494126],[5.666585,52.494126],[5.6666144,52.494126],[5.6666439,52.4941259],[5.6666733,52.4941259],[5.6667028,52.4941259],[5.6667322,52.4941259],[5.6667617,52.4941259],[5.6667911,52.4941259],[5.6668206,52.4941259],[5.66685,52.4941259],[5.6668795,52.4941258],[5.6669089,52.4941258],[5.6669384,52.4941258],[5.6669678,52.4941258],[5.6669972,52.4941258],[5.6670267,52.4941258],[5.6670561,52.4941258],[5.6670856,52.4941258],[5.667115,52.4941258],[5.6671445,52.4941257],[5.6671739,52.4941257],[5.6672034,52.4941257],[5.6672328,52.4941257],[5.6672623,52.4941257],[5.6672917,52.4941257],[5.6673212,52.4941257],[5.6673506,52.4941257],[5.6673801,52.4941256],[5.6674095,52.4941256],[5.6674389,52.4941256],[5.6674684,52.4941256],[5.6674978,52.4941256],[5.6675273,52.4941256],[5.6675567,52.4941256],[5.6675862,52.4941256],[5.6676156,52.4941256],[5.6676451,52.4941255],[5.6676745,52.4941255],[5.667704,52.4941255],[5.6677334,52.4941255],[5.6677629,52.4941255],[5.6677923,52.4941255],[5.6678218,52.4941255],[5.6678512,52.4941255],[5.6678806,52.4941254],[5.6679101,52.4941254],[5.6679395,52.4941254],[5.667969,52.4941254],[5.6679984,52.4941254],[5.6680279,52.4941254],[5.6680573,52.4941254],[5.6680868,52.4941254],[5.6681162,52.4941253],[5.6681457,52.4941253],[5.6681751,52.4941253],[5.6682046,52.4941253],[5.668234,52.4941253],[5.6682635,52.4941253],[5.6682929,52.4941253],[5.6683223,52.4941253],[5.6683518,52.4941253],[5.6683812,52.4941252],[5.6684107,52.4941252],[5.6684401,52.4941252],[5.6684696,52.4941252],[5.668499,52.4941252],[5.6685285,52.4941252],[5.6685579,52.4941252],[5.6685874,52.4941252],[5.6686168,52.4941251],[5.6686463,52.4941251],[5.6686757,52.4941251],[5.6687052,52.4941251],[5.6687346,52.4941251],[5.668764,52.4941251],[5.6687935,52.4941251],[5.6688229,52.4941251],[5.6688524,52.494125],[5.6688818,52.494125],[5.6689113,52.494125],[5.6689407,52.494125],[5.6689702,52.494125],[5.6689996,52.494125],[5.6690291,52.494125],[5.6690585,52.494125],[5.669088,52.494125],[5.6691174,52.4941249],[5.6691469,52.4941249],[5.6691763,52.4941249],[5.6692057,52.4941249],[5.6692352,52.4941249],[5.6692646,52.4941249],[5.6692941,52.4941249],[5.6693235,52.4941249],[5.669353,52.4941248],[5.6693824,52.4941248],[5.6694119,52.4941248],[5.6694413,52.4941248],[5.6694708,52.4941248],[5.6695002,52.4941248],[5.6695297,52.4941248],[5.6695591,52.4941248],[5.6695886,52.4941247],[5.669618,52.4941247],[5.6696474,52.4941247],[5.6696769,52.4941247],[5.6697063,52.4941247],[5.6697358,52.4941247],[5.6697652,52.4941247],[5.6697947,52.4941247],[5.6698241,52.4941246],[5.6698536,52.4941246],[5.669883,52.4941246],[5.6699125,52.4941246],[5.6699419,52.4941246],[5.6699714,52.4941246],[5.6700008,52.4941246],[5.6700303,52.4941246],[5.6700597,52.4941245],[5.6700891,52.4941245],[5.6701186,52.4941245],[5.670148,52.4941245],[5.6701775,52.4941245],[5.6702069,52.4941245],[5.6702364,52.4941245],[5.6702658,52.4941245],[5.6702953,52.4941244],[5.6703247,52.4941244],[5.6703542,52.4941244],[5.6703836,52.4941244],[5.6704131,52.4941244],[5.6704425,52.4941244],[5.670472,52.4941244],[5.6705014,52.4941244],[5.6705309,52.4941243],[5.6705603,52.4941243],[5.6705897,52.4941243],[5.6706192,52.4941243],[5.6706486,52.4941243],[5.6706781,52.4941243],[5.6707075,52.4941243],[5.670737,52.4941243],[5.6707664,52.4941242],[5.6707959,52.4941242],[5.6708253,52.4941242],[5.6708548,52.4941242],[5.6708842,52.4941242],[5.6709137,52.4941242],[5.6709431,52.4941242],[5.6709726,52.4941242],[5.671002,52.4941241],[5.6710314,52.4941241],[5.6710609,52.4941241],[5.6710903,52.4941241],[5.6711198,52.4941241],[5.6711492,52.4941241],[5.6711787,52.4941241],[5.6712081,52.4941241],[5.6712376,52.494124],[5.671267,52.494124],[5.6712965,52.494124],[5.6713259,52.494124],[5.6713554,52.494124],[5.6713848,52.494124],[5.6714143,52.494124],[5.6714437,52.4941239],[5.6714731,52.4941239],[5.6715026,52.4941239],[5.671532,52.4941239],[5.6715615,52.4941239],[5.6715909,52.4941239],[5.6716204,52.4941239],[5.6716498,52.4941239],[5.6716793,52.4941238],[5.6717087,52.4941238],[5.6717382,52.4941238],[5.6717676,52.4941238],[5.6717971,52.4941238],[5.6718265,52.4941238],[5.671856,52.4941238],[5.6718854,52.4941238],[5.6719148,52.4941237],[5.6719443,52.4941237],[5.6719737,52.4941237],[5.6720032,52.4941237],[5.6720326,52.4941237],[5.6720621,52.4941237],[5.6720915,52.4941237],[5.672121,52.4941237],[5.6721504,52.4941236],[5.6721799,52.4941236],[5.6722093,52.4941236],[5.6722388,52.4941236],[5.6722682,52.4941236],[5.6722977,52.4941236],[5.6723271,52.4941236],[5.6723565,52.4941235],[5.672386,52.4941235],[5.6724154,52.4941235],[5.6724449,52.4941235],[5.6724743,52.4941235],[5.6725038,52.4941235],[5.6725332,52.4941235],[5.6725627,52.4941235],[5.6725921,52.4941234],[5.6726216,52.4941234],[5.672651,52.4941234],[5.6726805,52.4941234],[5.6727099,52.4941234],[5.6727394,52.4941234],[5.6727688,52.4941234],[5.6727982,52.4941234],[5.6728277,52.4941233],[5.6728571,52.4941233],[5.6728866,52.4941233],[5.672916,52.4941233],[5.6729455,52.4941233],[5.6729749,52.4941233],[5.6730044,52.4941233],[5.6730338,52.4941232],[5.6730633,52.4941232],[5.6730927,52.4941232],[5.6731222,52.4941232],[5.6731516,52.4941232],[5.6731811,52.4941232],[5.6732105,52.4941232],[5.6732399,52.4941232],[5.6732694,52.4941231],[5.6732988,52.4941231],[5.6733283,52.4941231],[5.6733577,52.4941231],[5.6733872,52.4941231],[5.6734166,52.4941231],[5.6734461,52.4941231],[5.6734755,52.494123],[5.673505,52.494123],[5.6735344,52.494123],[5.6735639,52.494123],[5.6735933,52.494123],[5.6736228,52.494123],[5.6736522,52.494123],[5.6736816,52.494123],[5.6737111,52.4941229],[5.6737405,52.4941229],[5.67377,52.4941229],[5.6737994,52.4941229],[5.6738289,52.4941229],[5.6738583,52.4941229],[5.6738878,52.4941229],[5.6739172,52.4941228],[5.6739467,52.4941228],[5.6739761,52.4941228],[5.6740056,52.4941228],[5.674035,52.4941228],[5.6740645,52.4941228],[5.6740939,52.4941228],[5.6741233,52.4941228],[5.6741528,52.4941227],[5.6741822,52.4941227],[5.6742117,52.4941227],[5.6742411,52.4941227],[5.6742706,52.4941227],[5.6743,52.4941227],[5.6743295,52.4941227],[5.6743589,52.4941226],[5.6743884,52.4941226],[5.6744178,52.4941226],[5.6744473,52.4941226],[5.6744767,52.4941226],[5.6745062,52.4941226],[5.6745356,52.4941226],[5.674565,52.4941226],[5.6745945,52.4941225],[5.6746239,52.4941225],[5.6746534,52.4941225],[5.6746828,52.4941225],[5.6747123,52.4941225],[5.6747417,52.4941225],[5.6747712,52.4941225],[5.6748006,52.4941224],[5.6748301,52.4941224],[5.6748595,52.4941224],[5.674889,52.4941224],[5.6749184,52.4941224],[5.6749479,52.4941224],[5.6749773,52.4941224],[5.6750067,52.4941223],[5.6750362,52.4941223],[5.6750656,52.4941223],[5.6750951,52.4941223],[5.6751245,52.4941223],[5.675154,52.4941223],[5.6751834,52.4941223],[5.6752129,52.4941223],[5.6752423,52.4941222],[5.6752718,52.4941222],[5.6753012,52.4941222],[5.6753307,52.4941222],[5.6753601,52.4941222],[5.6753896,52.4941222],[5.675419,52.4941222],[5.6754484,52.4941221],[5.6754779,52.4941221],[5.6755073,52.4941221],[5.6755368,52.4941221],[5.6755662,52.4941221],[5.6755957,52.4941221],[5.6756251,52.4941221],[5.6756546,52.494122],[5.675684,52.494122],[5.6757135,52.494122],[5.6757429,52.494122],[5.6757724,52.494122],[5.6758018,52.494122],[5.6758313,52.494122],[5.6758607,52.4941219],[5.6758902,52.4941219],[5.6759196,52.4941219],[5.675949,52.4941219],[5.6759785,52.4941219],[5.6760079,52.4941219],[5.6760374,52.4941219],[5.6760668,52.4941218],[5.6760963,52.4941218],[5.6761257,52.4941218],[5.6761552,52.4941218],[5.6761846,52.4941218],[5.6762141,52.4941218],[5.6762435,52.4941218],[5.676273,52.4941218],[5.6763024,52.4941217],[5.6763319,52.4941217],[5.6763613,52.4941217],[5.6763907,52.4941217],[5.6764202,52.4941217],[5.6764496,52.4941217],[5.6764791,52.4941217],[5.6765085,52.4941216],[5.676538,52.4941216],[5.6765674,52.4941216],[5.6765969,52.4941216],[5.6766263,52.4941216],[5.6766558,52.4941216],[5.6766852,52.4941216],[5.6767147,52.4941215],[5.6767441,52.4941215],[5.6767736,52.4941215],[5.676803,52.4941215],[5.6768324,52.4941215],[5.6768619,52.4941215],[5.6768913,52.4941215],[5.6769208,52.4941214],[5.6769502,52.4941214],[5.6769797,52.4941214],[5.6770091,52.4941214],[5.6770386,52.4941214],[5.677068,52.4941214],[5.6770975,52.4941214],[5.6771269,52.4941213],[5.6771564,52.4941213],[5.6771858,52.4941213],[5.6772153,52.4941213],[5.6772447,52.4941213],[5.6772741,52.4941213],[5.6773036,52.4941213],[5.677333,52.4941212],[5.6773625,52.4941212],[5.6773919,52.4941212],[5.6774214,52.4941212],[5.6774508,52.4941212],[5.6774803,52.4941212],[5.6775097,52.4941212],[5.6775392,52.4941211],[5.6775686,52.4941211],[5.6775981,52.4941211],[5.6776275,52.4941211],[5.677657,52.4941211],[5.6776864,52.4941211],[5.6777158,52.4941211],[5.6777453,52.494121],[5.6777747,52.494121],[5.6778042,52.494121],[5.6778336,52.494121],[5.6778631,52.494121],[5.6778925,52.494121],[5.677922,52.494121],[5.6779514,52.4941209],[5.6779809,52.4941209],[5.6780103,52.4941209],[5.6780398,52.4941209],[5.6780692,52.4941209],[5.6780987,52.4941209],[5.6781281,52.4941209],[5.6781575,52.4941208],[5.678187,52.4941208],[5.6782164,52.4941208],[5.6782459,52.4941208],[5.6782753,52.4941208],[5.6783048,52.4941208],[5.6783342,52.4941208],[5.6783637,52.4941207],[5.6783931,52.4941207],[5.6784226,52.4941207],[5.678452,52.4941207],[5.6784815,52.4941207],[5.6785109,52.4941207],[5.6785404,52.4941207],[5.6785698,52.4941206],[5.6785992,52.4941206],[5.6786287,52.4941206],[5.6786581,52.4941206],[5.6786876,52.4941206],[5.678717,52.4941206],[5.6787465,52.4941205],[5.6787759,52.4941205],[5.6788054,52.4941205],[5.6788348,52.4941205],[5.6788643,52.4941205],[5.6788937,52.4941205],[5.6789232,52.4941205],[5.6789526,52.4941204],[5.6789821,52.4941204],[5.6790115,52.4941204],[5.6790409,52.4941204],[5.6790704,52.4941204],[5.6790998,52.4941204],[5.6791293,52.4941204],[5.6791587,52.4941203],[5.6791882,52.4941203],[5.6792176,52.4941203],[5.6792471,52.4941203],[5.6792765,52.4941203],[5.679306,52.4941203],[5.6793354,52.4941203],[5.6793649,52.4941202],[5.6793943,52.4941202],[5.6794238,52.4941202],[5.6794532,52.4941202],[5.6794826,52.4941202],[5.6795121,52.4941202],[5.6795415,52.4941202],[5.679571,52.4941201],[5.6796004,52.4941201],[5.6796299,52.4941201],[5.6796593,52.4941201],[5.6796888,52.4941201],[5.6797182,52.4941201],[5.6797477,52.49412],[5.6797771,52.49412],[5.6798066,52.49412],[5.679836,52.49412],[5.6798655,52.49412],[5.6798949,52.49412],[5.6799243,52.49412],[5.6799538,52.4941199],[5.6799832,52.4941199],[5.6800127,52.4941199],[5.6800421,52.4941199],[5.6800716,52.4941199],[5.680101,52.4941199],[5.6801305,52.4941199],[5.6801599,52.4941198],[5.6801894,52.4941198],[5.6802188,52.4941198],[5.6802483,52.4941198],[5.6802777,52.4941198],[5.6803072,52.4941198],[5.6803366,52.4941197],[5.680366,52.4941197],[5.6803955,52.4941197],[5.6804249,52.4941197],[5.6804544,52.4941197],[5.6804838,52.4941197],[5.6805133,52.4941197],[5.6805427,52.4941196],[5.6805722,52.4941196],[5.6806016,52.4941196],[5.6806311,52.4941196],[5.6806605,52.4941196],[5.68069,52.4941196],[5.6807194,52.4941196],[5.6807489,52.4941195],[5.6807783,52.4941195],[5.6808077,52.4941195],[5.6808372,52.4941195],[5.6808666,52.4941195],[5.6808961,52.4941195],[5.6809255,52.4941194],[5.680955,52.4941194],[5.6809844,52.4941194],[5.6810139,52.4941194],[5.6810433,52.4941194],[5.6810728,52.4941194],[5.6811022,52.4941194],[5.6811317,52.4941193],[5.6811611,52.4941193],[5.6811906,52.4941193],[5.68122,52.4941193],[5.6812494,52.4941193],[5.6812789,52.4941193],[5.6813083,52.4941193],[5.6813378,52.4941192],[5.6813672,52.4941192],[5.6813967,52.4941192],[5.6814261,52.4941192],[5.6814556,52.4941192],[5.681485,52.4941192],[5.6815145,52.4941191],[5.6815439,52.4941191],[5.6815734,52.4941191],[5.6816028,52.4941191],[5.6816323,52.4941191],[5.6816617,52.4941191],[5.6816912,52.4941191],[5.6817206,52.494119],[5.68175,52.494119],[5.6817795,52.494119],[5.6818089,52.494119],[5.6818384,52.494119],[5.6818678,52.494119],[5.6818973,52.4941189],[5.6819267,52.4941189],[5.6819562,52.4941189],[5.6819856,52.4941189],[5.6820151,52.4941189],[5.6820445,52.4941189],[5.682074,52.4941189],[5.6821034,52.4941188],[5.6821329,52.4941188],[5.6821623,52.4941188],[5.6821917,52.4941188],[5.6822212,52.4941188],[5.6822506,52.4941188],[5.6822801,52.4941187],[5.6823095,52.4941187],[5.682339,52.4941187],[5.6823684,52.4941187],[5.6823979,52.4941187],[5.6824273,52.4941187],[5.6824568,52.4941186],[5.6824862,52.4941186],[5.6825157,52.4941186],[5.6825451,52.4941186],[5.6825746,52.4941186],[5.682604,52.4941186],[5.6826334,52.4941186],[5.6826629,52.4941185],[5.6826923,52.4941185],[5.6827218,52.4941185],[5.6827512,52.4941185],[5.6827807,52.4941185],[5.6828101,52.4941185],[5.6828396,52.4941184],[5.682869,52.4941184],[5.6828985,52.4941184],[5.6829279,52.4941184],[5.6829574,52.4941184],[5.6829868,52.4941184],[5.6830163,52.4941184],[5.6830457,52.4941183],[5.6830751,52.4941183],[5.6831046,52.4941183],[5.683134,52.4941183],[5.6831635,52.4941183],[5.6831929,52.4941183],[5.6832224,52.4941182],[5.6832518,52.4941182],[5.6832813,52.4941182],[5.6833107,52.4941182],[5.6833402,52.4941182],[5.6833696,52.4941182],[5.6833991,52.4941181],[5.6834285,52.4941181],[5.683458,52.4941181],[5.6834874,52.4941181],[5.6835168,52.4941181],[5.6835463,52.4941181],[5.6835757,52.4941181],[5.6836052,52.494118],[5.6836346,52.494118],[5.6836641,52.494118],[5.6836935,52.494118],[5.683723,52.494118],[5.6837524,52.494118],[5.6837819,52.4941179],[5.6838113,52.4941179],[5.6838408,52.4941179],[5.6838702,52.4941179],[5.6838997,52.4941179],[5.6839291,52.4941179],[5.6839585,52.4941178],[5.683988,52.4941178],[5.6840174,52.4941178],[5.6840469,52.4941178],[5.6840763,52.4941178],[5.6841058,52.4941178],[5.6841352,52.4941178],[5.6841647,52.4941177],[5.6841941,52.4941177],[5.6842236,52.4941177],[5.684253,52.4941177],[5.6842825,52.4941177],[5.6843119,52.4941177],[5.6843414,52.4941176],[5.6843708,52.4941176],[5.6844002,52.4941176],[5.6844297,52.4941176],[5.6844591,52.4941176],[5.6844886,52.4941176],[5.684518,52.4941175],[5.6845475,52.4941175],[5.6845769,52.4941175],[5.6846064,52.4941175],[5.6846358,52.4941175],[5.6846653,52.4941175],[5.6846947,52.4941174],[5.6847242,52.4941174],[5.6847536,52.4941174],[5.6847831,52.4941174],[5.6848125,52.4941174],[5.6848419,52.4941174],[5.6848714,52.4941174],[5.6849008,52.4941173],[5.6849303,52.4941173],[5.6849597,52.4941173],[5.6849892,52.4941173],[5.6850186,52.4941173],[5.6850481,52.4941173],[5.6850775,52.4941172],[5.685107,52.4941172],[5.6851364,52.4941172],[5.6851659,52.4941172],[5.6851953,52.4941172],[5.6852248,52.4941172],[5.6852542,52.4941171],[5.6852836,52.4941171],[5.6853131,52.4941171],[5.6853425,52.4941171],[5.685372,52.4941171],[5.6854014,52.4941171],[5.6854309,52.494117],[5.6854603,52.494117],[5.6854898,52.494117],[5.6855192,52.494117],[5.6855487,52.494117],[5.6855781,52.494117],[5.6856076,52.4941169],[5.685637,52.4941169],[5.6856665,52.4941169],[5.6856959,52.4941169],[5.6857253,52.4941169],[5.6857548,52.4941169],[5.6857842,52.4941168],[5.6858137,52.4941168],[5.6858431,52.4941168],[5.6858726,52.4941168],[5.685902,52.4941168],[5.6859315,52.4941168],[5.6859609,52.4941167],[5.6859904,52.4941167],[5.6860198,52.4941167],[5.6860493,52.4941167],[5.6860787,52.4941167],[5.6861082,52.4941167],[5.6861376,52.4941166],[5.686167,52.4941166],[5.6861965,52.4941166],[5.6862259,52.4941166],[5.6862554,52.4941166],[5.6862848,52.4941166],[5.6863143,52.4941166],[5.6863437,52.4941165],[5.6863732,52.4941165],[5.6864026,52.4941165],[5.6864321,52.4941165],[5.6864615,52.4941165],[5.686491,52.4941165],[5.6865204,52.4941164],[5.6865499,52.4941164],[5.6865793,52.4941164],[5.6866087,52.4941164],[5.6866382,52.4941164],[5.6866676,52.4941164],[5.6866971,52.4941163],[5.6867265,52.4941163],[5.686756,52.4941163],[5.6867854,52.4941163],[5.6868149,52.4941163],[5.6868443,52.4941163],[5.6868738,52.4941162],[5.6869032,52.4941162],[5.6869327,52.4941162],[5.6869621,52.4941162],[5.6869916,52.4941162],[5.687021,52.4941162],[5.6870504,52.4941161],[5.6870799,52.4941161],[5.6871093,52.4941161],[5.6871388,52.4941161],[5.6871682,52.4941161],[5.6871977,52.4941161],[5.6872271,52.494116],[5.6872566,52.494116],[5.687286,52.494116],[5.6873155,52.494116],[5.6873449,52.494116],[5.6873744,52.494116],[5.6874038,52.4941159],[5.6874333,52.4941159],[5.6874627,52.4941159],[5.6874921,52.4941159],[5.6875216,52.4941159],[5.687551,52.4941159],[5.6875805,52.4941158],[5.6876099,52.4941158],[5.6876394,52.4941158],[5.6876688,52.4941158],[5.6876983,52.4941158],[5.6877277,52.4941158],[5.6877572,52.4941157],[5.6877866,52.4941157],[5.6878161,52.4941157],[5.6878455,52.4941157],[5.687875,52.4941157],[5.6879044,52.4941156],[5.6879338,52.4941156],[5.6879633,52.4941156],[5.6879927,52.4941156],[5.6880222,52.4941156],[5.6880516,52.4941156],[5.6880811,52.4941155],[5.6881105,52.4941155],[5.68814,52.4941155],[5.6881694,52.4941155],[5.6881989,52.4941155],[5.6882283,52.4941155],[5.6882578,52.4941154],[5.6882872,52.4941154],[5.6883167,52.4941154],[5.6883461,52.4941154],[5.6883755,52.4941154],[5.688405,52.4941154],[5.6884344,52.4941153],[5.6884639,52.4941153],[5.6884933,52.4941153],[5.6885228,52.4941153],[5.6885522,52.4941153],[5.6885817,52.4941153],[5.6886111,52.4941152],[5.6886406,52.4941152],[5.68867,52.4941152],[5.6886995,52.4941152],[5.6887289,52.4941152],[5.6887584,52.4941152],[5.6887878,52.4941151],[5.6888172,52.4941151],[5.6888467,52.4941151],[5.6888761,52.4941151],[5.6889056,52.4941151],[5.688935,52.4941151],[5.6889645,52.494115],[5.6889939,52.494115],[5.6890234,52.494115],[5.6890528,52.494115],[5.6890823,52.494115],[5.6891117,52.4941149],[5.6891412,52.4941149],[5.6891706,52.4941149],[5.6892001,52.4941149],[5.6892295,52.4941149],[5.689259,52.4941149],[5.6892884,52.4941148],[5.6893178,52.4941148],[5.6893473,52.4941148],[5.6893767,52.4941148],[5.6894062,52.4941148],[5.6894356,52.4941148],[5.6894651,52.4941147],[5.6894945,52.4941147],[5.689524,52.4941147],[5.6895534,52.4941147],[5.6895829,52.4941147],[5.6896123,52.4941147],[5.6896418,52.4941146],[5.6896712,52.4941146],[5.6897007,52.4941146],[5.6897301,52.4941146],[5.6897595,52.4941146],[5.689789,52.4941146],[5.6898184,52.4941145],[5.6898479,52.4941145],[5.6898773,52.4941145],[5.6899068,52.4941145],[5.6899362,52.4941145],[5.6899657,52.4941144],[5.6899951,52.4941144],[5.6900246,52.4941144],[5.690054,52.4941144],[5.6900835,52.4941144],[5.6901129,52.4941144],[5.6901424,52.4941143],[5.6901718,52.4941143],[5.6902012,52.4941143],[5.6902307,52.4941143],[5.6902601,52.4941143],[5.6902896,52.4941143],[5.690319,52.4941142],[5.6903485,52.4941142],[5.6903779,52.4941142],[5.6904074,52.4941142],[5.6904368,52.4941142],[5.6904663,52.4941142],[5.6904957,52.4941141],[5.6905252,52.4941141],[5.6905546,52.4941141],[5.6905841,52.4941141],[5.6906135,52.4941141],[5.6906429,52.494114],[5.6906724,52.494114],[5.6907018,52.494114],[5.6907313,52.494114],[5.6907607,52.494114],[5.6907902,52.494114],[5.6908196,52.4941139],[5.6908491,52.4941139],[5.6908785,52.4941139],[5.690908,52.4941139],[5.6909374,52.4941139],[5.6909669,52.4941139],[5.6909963,52.4941138],[5.6910258,52.4941138],[5.6910552,52.4941138],[5.6910846,52.4941138],[5.6911141,52.4941138],[5.6911435,52.4941137],[5.691173,52.4941137],[5.6912024,52.4941137],[5.6912319,52.4941137],[5.6912613,52.4941137],[5.6912908,52.4941137],[5.6913202,52.4941136],[5.6913497,52.4941136],[5.6913791,52.4941136],[5.6914086,52.4941136],[5.691438,52.4941136],[5.6914675,52.4941136],[5.6914969,52.4941135],[5.6915263,52.4941135],[5.6915558,52.4941135],[5.6915852,52.4941135],[5.6916147,52.4941135],[5.6916441,52.4941134],[5.6916736,52.4941134],[5.691703,52.4941134],[5.6917325,52.4941134],[5.6917619,52.4941134],[5.6917914,52.4941134],[5.6918208,52.4941133],[5.6918503,52.4941133],[5.6918797,52.4941133],[5.6919092,52.4941133],[5.6919386,52.4941133],[5.691968,52.4941132],[5.6919975,52.4941132],[5.6920269,52.4941132],[5.6920564,52.4941132],[5.6920858,52.4941132],[5.6921153,52.4941132],[5.6921447,52.4941131],[5.6921742,52.4941131],[5.6922036,52.4941131],[5.6922331,52.4941131],[5.6922625,52.4941131],[5.692292,52.494113],[5.6923214,52.494113],[5.6923509,52.494113],[5.6923803,52.494113],[5.6924097,52.494113],[5.6924392,52.494113],[5.6924686,52.4941129],[5.6924981,52.4941129],[5.6925275,52.4941129],[5.692557,52.4941129],[5.6925864,52.4941129],[5.6926159,52.4941129],[5.6926453,52.4941128],[5.6926748,52.4941128],[5.6927042,52.4941128],[5.6927337,52.4941128],[5.6927631,52.4941128],[5.6927926,52.4941127],[5.692822,52.4941127],[5.6928514,52.4941127],[5.6928809,52.4941127],[5.6929103,52.4941127],[5.6929398,52.4941127],[5.6929692,52.4941126],[5.6929987,52.4941126],[5.6930281,52.4941126],[5.6930576,52.4941126],[5.693087,52.4941126],[5.6931165,52.4941125],[5.6931459,52.4941125],[5.6931754,52.4941125],[5.6932048,52.4941125],[5.6932343,52.4941125],[5.6932637,52.4941125],[5.6932931,52.4941124],[5.6933226,52.4941124],[5.693352,52.4941124],[5.6933815,52.4941124],[5.6934109,52.4941124],[5.6934404,52.4941123],[5.6934698,52.4941123],[5.6934993,52.4941123],[5.6935287,52.4941123],[5.6935582,52.4941123],[5.6935876,52.4941123],[5.6936171,52.4941122],[5.6936465,52.4941122],[5.693676,52.4941122],[5.6937054,52.4941122],[5.6937348,52.4941122],[5.6937643,52.4941121],[5.6937937,52.4941121],[5.6938232,52.4941121],[5.6938526,52.4941121],[5.6938821,52.4941121],[5.6939115,52.494112],[5.693941,52.494112],[5.6939704,52.494112],[5.6939999,52.494112],[5.69403,52.4941132],[5.6940599,52.4941157],[5.6940894,52.4941194],[5.6941185,52.4941244],[5.6941469,52.4941305],[5.6941746,52.4941379],[5.6942014,52.4941463],[5.6942272,52.4941559],[5.6942518,52.4941665],[5.6942752,52.4941781],[5.6942973,52.4941906],[5.6943179,52.4942041],[5.694337,52.4942183],[5.6943544,52.4942334],[5.6943701,52.4942491],[5.694384,52.4942654],[5.6943961,52.4942823],[5.6944062,52.4942997],[5.6944144,52.4943174],[5.6944205,52.4943354],[5.6944247,52.4943536],[5.6944268,52.494372],[5.6944268,52.4943904],[5.6944268,52.4944084],[5.6944268,52.4944264],[5.6944269,52.4944443],[5.6944269,52.4944623],[5.6944269,52.4944803],[5.694427,52.4944983],[5.694427,52.4945162],[5.694427,52.4945342],[5.6944271,52.4945522],[5.6944271,52.4945702],[5.6944271,52.4945881],[5.6944271,52.4946061],[5.6944272,52.4946241],[5.6944272,52.4946421],[5.6944272,52.49466],[5.6944273,52.494678],[5.6944273,52.494696],[5.6944273,52.4947139],[5.6944274,52.4947319],[5.6944274,52.4947499],[5.6944274,52.4947679],[5.6944275,52.4947858],[5.6944275,52.4948038],[5.6944275,52.4948218],[5.6944275,52.4948398],[5.6944276,52.4948577],[5.6944276,52.4948757],[5.6944276,52.4948937],[5.6944277,52.4949116],[5.6944277,52.4949296],[5.6944277,52.4949476],[5.6944278,52.4949656],[5.6944278,52.4949835],[5.6944278,52.4950015],[5.6944278,52.4950195],[5.6944279,52.4950375],[5.6944279,52.4950554],[5.6944279,52.4950734],[5.694428,52.4950914],[5.694428,52.4951094],[5.694428,52.4951273],[5.6944281,52.4951453],[5.6944281,52.4951633],[5.6944281,52.4951812],[5.6944281,52.4951992],[5.6944282,52.4952172],[5.6944282,52.4952352],[5.6944282,52.4952531],[5.6944283,52.4952711],[5.6944283,52.4952891],[5.6944283,52.4953071],[5.6944284,52.495325],[5.6944284,52.495343],[5.6944284,52.495361],[5.6944285,52.495379],[5.6944285,52.4953969],[5.6944285,52.4954149],[5.6944285,52.4954329],[5.6944286,52.4954508],[5.6944286,52.4954688],[5.6944286,52.4954868],[5.6944287,52.4955048],[5.6944287,52.4955227],[5.6944287,52.4955407],[5.6944288,52.4955587],[5.6944288,52.4955767],[5.6944288,52.4955946],[5.6944288,52.4956126],[5.6944289,52.4956306],[5.6944289,52.4956485],[5.6944289,52.4956665],[5.694429,52.4956845],[5.694429,52.4957025],[5.694429,52.4957204],[5.6944291,52.4957384],[5.6944291,52.4957564],[5.6944291,52.4957744],[5.6944291,52.4957923],[5.6944292,52.4958103],[5.6944292,52.4958283],[5.6944292,52.4958463],[5.6944293,52.4958642],[5.6944293,52.4958822],[5.6944293,52.4959002],[5.6944294,52.4959181],[5.6944294,52.4959361],[5.6944294,52.4959541],[5.6944295,52.4959721],[5.6944295,52.49599],[5.6944295,52.496008],[5.6944295,52.496026],[5.6944296,52.496044],[5.6944296,52.4960619],[5.6944296,52.4960799],[5.6944297,52.4960979],[5.6944297,52.4961159],[5.6944297,52.4961338],[5.6944298,52.4961518],[5.6944298,52.4961698],[5.6944298,52.4961877],[5.6944298,52.4962057],[5.6944299,52.4962237],[5.6944299,52.4962417],[5.6944299,52.4962596],[5.69443,52.4962776],[5.69443,52.4962956],[5.69443,52.4963136],[5.6944301,52.4963315],[5.6944301,52.4963495],[5.6944301,52.4963675],[5.6944302,52.4963855],[5.6944302,52.4964034],[5.6944302,52.4964214],[5.6944302,52.4964394],[5.6944303,52.4964573],[5.6944303,52.4964753],[5.6944303,52.4964933],[5.6944304,52.4965113],[5.6944304,52.4965292],[5.6944304,52.4965472],[5.6944305,52.4965652],[5.6944305,52.4965832],[5.6944305,52.4966011],[5.6944305,52.4966191],[5.6944306,52.4966371],[5.6944306,52.496655],[5.6944306,52.496673],[5.6944307,52.496691],[5.6944307,52.496709],[5.6944307,52.4967269],[5.6944308,52.4967449],[5.6944308,52.4967629],[5.6944308,52.4967809],[5.6944308,52.4967988],[5.6944309,52.4968168],[5.6944309,52.4968348],[5.6944309,52.4968528],[5.694431,52.4968707],[5.694431,52.4968887],[5.694431,52.4969067],[5.6944311,52.4969246],[5.6944311,52.4969426],[5.6944311,52.4969606],[5.6944312,52.4969786],[5.6944312,52.4969965],[5.6944312,52.4970145],[5.6944312,52.4970325],[5.6944313,52.4970505],[5.6944313,52.4970684],[5.6944313,52.4970864],[5.6944314,52.4971044],[5.6944314,52.4971224],[5.6944314,52.4971403],[5.6944315,52.4971583],[5.6944315,52.4971763],[5.6944315,52.4971942],[5.6944315,52.4972122],[5.6944316,52.4972302],[5.6944316,52.4972482],[5.6944316,52.4972661],[5.6944317,52.4972841],[5.6944317,52.4973021],[5.6944317,52.4973201],[5.6944318,52.497338],[5.6944318,52.497356],[5.6944318,52.497374],[5.6944319,52.4973919],[5.6944319,52.4974099],[5.6944319,52.4974279],[5.6944319,52.4974459],[5.694432,52.4974638],[5.694432,52.4974818],[5.694432,52.4974998],[5.6944321,52.4975178],[5.6944321,52.4975357],[5.6944321,52.4975537],[5.6944322,52.4975717],[5.6944322,52.4975897],[5.6944322,52.4976076],[5.6944322,52.4976256],[5.6944323,52.4976436],[5.6944323,52.4976615],[5.6944323,52.4976795],[5.6944324,52.4976975],[5.6944324,52.4977155],[5.6944324,52.4977334],[5.6944325,52.4977514],[5.6944325,52.4977694],[5.6944325,52.4977874],[5.6944325,52.4978053],[5.6944326,52.4978233],[5.6944326,52.4978413],[5.6944326,52.4978593],[5.6944327,52.4978772],[5.6944327,52.4978952],[5.6944327,52.4979132],[5.6944328,52.4979311],[5.6944328,52.4979491],[5.6944328,52.4979671],[5.6944329,52.4979851],[5.6944329,52.498003],[5.6944329,52.498021],[5.6944329,52.498039],[5.694433,52.498057],[5.694433,52.4980749],[5.694433,52.4980929],[5.6944331,52.4981109],[5.6944331,52.4981288],[5.6944331,52.4981468],[5.6944332,52.4981648],[5.6944332,52.4981828],[5.6944332,52.4982007],[5.6944332,52.4982187],[5.6944333,52.4982367],[5.6944333,52.4982547],[5.6944333,52.4982726],[5.6944334,52.4982906],[5.6944334,52.4983086],[5.6944334,52.4983266],[5.6944335,52.4983445],[5.6944335,52.4983625],[5.6944335,52.4983805],[5.6944336,52.4983984],[5.6944336,52.4984164],[5.6944336,52.4984344],[5.6944336,52.4984524],[5.6944337,52.4984703],[5.6944337,52.4984883],[5.6944337,52.4985063],[5.6944338,52.4985243],[5.6944338,52.4985422],[5.6944338,52.4985602],[5.6944339,52.4985782],[5.6944339,52.4985962],[5.6944339,52.4986141],[5.6944339,52.4986321],[5.694434,52.4986501],[5.694434,52.498668],[5.694434,52.498686],[5.6944341,52.498704],[5.6944341,52.498722],[5.6944341,52.4987399],[5.6944342,52.4987579],[5.6944342,52.4987759],[5.6944342,52.4987939],[5.6944342,52.4988118],[5.6944343,52.4988298],[5.6944343,52.4988478],[5.6944343,52.4988657],[5.6944344,52.4988837],[5.6944344,52.4989017],[5.6944344,52.4989197],[5.6944345,52.4989376],[5.6944345,52.4989556],[5.6944345,52.4989736],[5.6944346,52.4989916],[5.6944346,52.4990095],[5.6944346,52.4990275],[5.6944346,52.4990455],[5.6944347,52.4990635],[5.6944347,52.4990814],[5.6944347,52.4990994],[5.6944348,52.4991174],[5.6944348,52.4991353],[5.6944348,52.4991533],[5.6944349,52.4991713],[5.6944349,52.4991893],[5.6944349,52.4992072],[5.6944349,52.4992252],[5.694435,52.4992432],[5.694435,52.4992612],[5.694435,52.4992791],[5.6944351,52.4992971],[5.6944351,52.4993151],[5.6944351,52.4993331],[5.6944352,52.499351],[5.6944352,52.499369],[5.6944352,52.499387],[5.6944353,52.4994049],[5.6944353,52.4994229],[5.6944353,52.4994409],[5.6944353,52.4994589],[5.6944354,52.4994768],[5.6944354,52.4994948],[5.6944354,52.4995128],[5.6944355,52.4995308],[5.6944355,52.4995487],[5.6944355,52.4995667],[5.6944356,52.4995847],[5.6944356,52.4996027],[5.6944356,52.4996206],[5.6944356,52.4996386],[5.6944357,52.4996566],[5.6944357,52.4996745],[5.6944357,52.4996925],[5.6944358,52.4997105],[5.6944358,52.4997285],[5.6944358,52.4997464],[5.6944359,52.4997644],[5.6944359,52.4997824],[5.6944359,52.4998004],[5.6944359,52.4998183],[5.694436,52.4998363],[5.694436,52.4998543],[5.694436,52.4998722],[5.6944361,52.4998902],[5.6944361,52.4999082],[5.6944361,52.4999262],[5.6944362,52.4999441],[5.6944362,52.4999621],[5.6944362,52.4999801],[5.6944363,52.4999981],[5.6944363,52.500016],[5.6944363,52.500034],[5.6944363,52.500052],[5.6944364,52.50007],[5.6944364,52.5000879],[5.6944364,52.5001059],[5.6944365,52.5001239],[5.6944365,52.5001418],[5.6944365,52.5001598],[5.6944366,52.5001778],[5.6944366,52.5001958],[5.6944366,52.5002137],[5.6944366,52.5002317],[5.6944367,52.5002497],[5.6944367,52.5002677],[5.6944367,52.5002856],[5.6944368,52.5003036],[5.6944368,52.5003216],[5.6944368,52.5003396],[5.6944369,52.5003575],[5.6944369,52.5003755],[5.6944369,52.5003935],[5.6944369,52.5004114],[5.694437,52.5004294],[5.694437,52.5004474],[5.694437,52.5004654],[5.6944371,52.5004833],[5.6944371,52.5005013],[5.6944371,52.5005193],[5.6944372,52.5005373],[5.6944372,52.5005552],[5.6944372,52.5005732],[5.6944373,52.5005912],[5.6944373,52.5006091],[5.6944373,52.5006271],[5.6944373,52.5006451],[5.6944374,52.5006631],[5.6944374,52.500681],[5.6944374,52.500699],[5.6944375,52.500717],[5.6944375,52.500735],[5.6944375,52.5007529],[5.6944376,52.5007709],[5.6944376,52.5007889],[5.6944376,52.5008069],[5.6944376,52.5008248],[5.6944377,52.5008428],[5.6944377,52.5008608],[5.6944377,52.5008787],[5.6944378,52.5008967],[5.6944378,52.5009147],[5.6944378,52.5009327],[5.6944379,52.5009506],[5.6944379,52.5009686],[5.6944379,52.5009866],[5.694438,52.5010046],[5.694438,52.5010225],[5.694438,52.5010405],[5.694438,52.5010585],[5.6944381,52.5010765],[5.6944381,52.5010944],[5.6944381,52.5011124],[5.6944382,52.5011304],[5.6944382,52.5011483],[5.6944382,52.5011663],[5.6944383,52.5011843],[5.6944383,52.5012023],[5.6944383,52.5012202],[5.6944383,52.5012382],[5.6944384,52.5012562],[5.6944384,52.5012742],[5.6944384,52.5012921],[5.6944385,52.5013101],[5.6944385,52.5013281],[5.6944385,52.501346],[5.6944386,52.501364],[5.6944386,52.501382],[5.6944386,52.5014],[5.6944386,52.5014179],[5.6944387,52.5014359],[5.6944387,52.5014539],[5.6944387,52.5014719],[5.6944388,52.5014898],[5.6944388,52.5015078],[5.6944388,52.5015258],[5.6944389,52.5015438],[5.6944389,52.5015617],[5.6944389,52.5015797],[5.694439,52.5015977],[5.694439,52.5016156],[5.694439,52.5016336],[5.694439,52.5016516],[5.6944391,52.5016696],[5.6944391,52.5016875],[5.6944391,52.5017055],[5.6944392,52.5017235],[5.6944392,52.5017415],[5.6944392,52.5017594],[5.6944393,52.5017774],[5.6944393,52.5017954],[5.6944393,52.5018134],[5.6944393,52.5018313],[5.6944394,52.5018493],[5.6944394,52.5018673],[5.6944394,52.5018852],[5.6944395,52.5019032],[5.6944395,52.5019212],[5.6944395,52.5019392],[5.6944396,52.5019571],[5.6944396,52.5019751],[5.6944396,52.5019931],[5.6944397,52.5020111],[5.6944397,52.502029],[5.6944397,52.502047],[5.6944397,52.502065],[5.6944398,52.5020829],[5.6944398,52.5021009],[5.6944398,52.5021189],[5.6944399,52.5021369],[5.6944399,52.5021548],[5.6944399,52.5021728],[5.69444,52.5021908],[5.69444,52.5022088],[5.69444,52.5022267],[5.69444,52.5022447],[5.6944401,52.5022627],[5.6944401,52.5022807],[5.6944401,52.5022986],[5.6944402,52.5023166],[5.6944402,52.5023346],[5.6944402,52.5023525],[5.6944403,52.5023705],[5.6944403,52.5023885],[5.6944403,52.5024065],[5.6944403,52.5024244],[5.6944404,52.5024424],[5.6944404,52.5024604],[5.6944404,52.5024784],[5.6944405,52.5024963],[5.6944405,52.5025143],[5.6944405,52.5025323],[5.6944406,52.5025503],[5.6944406,52.5025682],[5.6944406,52.5025862],[5.6944407,52.5026042],[5.6944407,52.5026221],[5.6944407,52.5026401],[5.6944407,52.5026581],[5.6944408,52.5026761],[5.6944408,52.502694],[5.6944408,52.502712],[5.6944409,52.50273],[5.6944409,52.502748],[5.6944409,52.5027659],[5.694441,52.5027839],[5.694441,52.5028019],[5.694441,52.5028198],[5.694441,52.5028378],[5.6944411,52.5028558],[5.6944411,52.5028738],[5.6944411,52.5028917],[5.6944412,52.5029097],[5.6944412,52.5029277],[5.6944412,52.5029457],[5.6944413,52.5029636],[5.6944413,52.5029816],[5.6944413,52.5029996],[5.6944414,52.5030176],[5.6944414,52.5030355],[5.6944414,52.5030535],[5.6944414,52.5030715],[5.6944415,52.5030894],[5.6944415,52.5031074],[5.6944415,52.5031254],[5.6944416,52.5031434],[5.6944416,52.5031613],[5.6944416,52.5031793],[5.6944417,52.5031973],[5.6944417,52.5032153],[5.6944417,52.5032332],[5.6944417,52.5032512],[5.6944418,52.5032692],[5.6944418,52.5032872],[5.6944418,52.5033051],[5.6944419,52.5033231],[5.6944419,52.5033411],[5.6944419,52.503359],[5.694442,52.503377],[5.694442,52.503395],[5.694442,52.503413],[5.694442,52.5034309],[5.6944421,52.5034489],[5.6944421,52.5034669],[5.6944421,52.5034849],[5.6944422,52.5035028],[5.6944422,52.5035208],[5.6944422,52.5035388],[5.6944423,52.5035567],[5.6944423,52.5035747],[5.6944423,52.5035927],[5.6944424,52.5036107],[5.6944424,52.5036286],[5.6944424,52.5036466],[5.6944424,52.5036646],[5.6944425,52.5036826],[5.6944425,52.5037005],[5.6944425,52.5037185],[5.6944426,52.5037365],[5.6944426,52.5037545],[5.6944426,52.5037724],[5.6944427,52.5037904],[5.6944427,52.5038084],[5.6944427,52.5038263],[5.6944427,52.5038443],[5.6944428,52.5038623],[5.6944428,52.5038803],[5.6944428,52.5038982],[5.6944429,52.5039162],[5.6944429,52.5039342],[5.6944429,52.5039522],[5.694443,52.5039701],[5.694443,52.5039881],[5.694443,52.5040061],[5.6944431,52.5040241],[5.6944431,52.504042],[5.6944431,52.50406],[5.6944431,52.504078],[5.6944432,52.5040959],[5.6944432,52.5041139],[5.6944432,52.5041319],[5.6944433,52.5041499],[5.6944433,52.5041678],[5.6944433,52.5041858],[5.6944434,52.5042038],[5.6944434,52.5042218],[5.6944434,52.5042397],[5.6944434,52.5042577],[5.6944435,52.5042757],[5.6944435,52.5042936],[5.6944435,52.5043116],[5.6944436,52.5043296],[5.6944436,52.5043476],[5.6944436,52.5043655],[5.6944437,52.5043835],[5.6944437,52.5044015],[5.6944437,52.5044195],[5.6944438,52.5044374],[5.6944438,52.5044554],[5.6944438,52.5044734],[5.6944438,52.5044914],[5.6944439,52.5045093],[5.6944439,52.5045273],[5.6944439,52.5045453],[5.694444,52.5045632],[5.694444,52.5045812],[5.694444,52.5045992],[5.6944441,52.5046172],[5.6944441,52.5046351],[5.6944441,52.5046531],[5.6944441,52.5046711],[5.6944442,52.5046891],[5.6944442,52.504707],[5.6944442,52.504725],[5.6944443,52.504743],[5.6944443,52.504761],[5.6944443,52.5047789],[5.6944444,52.5047969],[5.6944444,52.5048149],[5.6944444,52.5048328],[5.6944444,52.5048508],[5.6944445,52.5048688],[5.6944445,52.5048868],[5.6944445,52.5049047],[5.6944446,52.5049227],[5.6944446,52.5049407],[5.6944446,52.5049587],[5.6944447,52.5049766],[5.6944447,52.5049946],[5.6944447,52.5050126],[5.6944448,52.5050305],[5.6944448,52.5050485],[5.6944448,52.5050665],[5.6944448,52.5050845],[5.6944449,52.5051024],[5.6944449,52.5051204],[5.6944449,52.5051384],[5.694445,52.5051564],[5.694445,52.5051743],[5.694445,52.5051923],[5.6944451,52.5052103],[5.6944451,52.5052283],[5.6944451,52.5052462],[5.6944451,52.5052642],[5.6944452,52.5052822],[5.6944452,52.5053001],[5.6944452,52.5053181],[5.6944453,52.5053361],[5.6944453,52.5053541],[5.6944453,52.505372],[5.6944454,52.50539],[5.6944454,52.505408],[5.6944454,52.505426],[5.6944455,52.5054439],[5.6944455,52.5054619],[5.6944455,52.5054799],[5.6944455,52.5054978],[5.6944456,52.5055158],[5.6944456,52.5055338],[5.6944456,52.5055518],[5.6944457,52.5055697],[5.6944457,52.5055877],[5.6944457,52.5056057],[5.6944458,52.5056237],[5.6944458,52.5056416],[5.6944458,52.5056596],[5.6944458,52.5056776],[5.6944459,52.5056956],[5.6944459,52.5057135],[5.6944459,52.5057315],[5.694446,52.5057495],[5.694446,52.5057674],[5.694446,52.5057854],[5.6944461,52.5058034],[5.6944461,52.5058214],[5.6944461,52.5058393],[5.6944461,52.5058573],[5.6944462,52.5058753],[5.6944462,52.5058933],[5.6944462,52.5059112],[5.6944463,52.5059292],[5.6944463,52.5059472],[5.6944463,52.5059652],[5.6944464,52.5059831],[5.6944464,52.5060011],[5.6944464,52.5060191],[5.6944465,52.506037],[5.6944465,52.506055],[5.6944465,52.506073],[5.6944465,52.506091],[5.6944466,52.5061089],[5.6944466,52.5061269],[5.6944466,52.5061449],[5.6944467,52.5061629],[5.6944467,52.5061808],[5.6944467,52.5061988],[5.6944468,52.5062168],[5.6944468,52.5062347],[5.6944468,52.5062527],[5.6944468,52.5062707],[5.6944469,52.5062887],[5.6944469,52.5063066],[5.6944469,52.5063246],[5.694447,52.5063426],[5.694447,52.5063606],[5.694447,52.5063785],[5.6944471,52.5063965],[5.6944471,52.5064145],[5.6944471,52.5064325],[5.6944472,52.5064504],[5.6944472,52.5064684],[5.6944472,52.5064864],[5.6944472,52.5065043],[5.6944473,52.5065223],[5.6944473,52.5065403],[5.6944473,52.5065583],[5.6944474,52.5065762],[5.6944474,52.5065942],[5.6944474,52.5066122],[5.6944475,52.5066302],[5.6944475,52.5066481],[5.6944475,52.5066661],[5.6944475,52.5066841],[5.6944476,52.5067021],[5.6944476,52.50672],[5.6944476,52.506738],[5.6944477,52.506756],[5.6944477,52.5067739],[5.6944477,52.5067919],[5.6944478,52.5068099],[5.6944478,52.5068279],[5.6944478,52.5068458],[5.6944478,52.5068638],[5.6944479,52.5068818],[5.6944479,52.5068998],[5.6944479,52.5069177],[5.694448,52.5069357],[5.694448,52.5069537],[5.694448,52.5069716],[5.6944481,52.5069896],[5.6944481,52.5070076],[5.6944481,52.5070256],[5.6944482,52.5070435],[5.6944482,52.5070615],[5.6944482,52.5070795],[5.6944482,52.5070975],[5.6944483,52.5071154],[5.6944483,52.5071334],[5.6944483,52.5071514],[5.6944484,52.5071694],[5.6944484,52.5071873],[5.6944484,52.5072053],[5.6944485,52.5072233],[5.6944485,52.5072412],[5.6944485,52.5072592],[5.6944485,52.5072772],[5.6944486,52.5072952],[5.6944486,52.5073131],[5.6944486,52.5073311],[5.6944487,52.5073491],[5.6944487,52.5073671],[5.6944487,52.507385],[5.6944488,52.507403],[5.6944488,52.507421],[5.6944488,52.507439],[5.6944489,52.5074569],[5.6944489,52.5074749],[5.6944489,52.5074929],[5.6944489,52.5075108],[5.694449,52.5075288],[5.694449,52.5075468],[5.694449,52.5075648],[5.6944491,52.5075827],[5.6944491,52.5076007],[5.6944491,52.5076187],[5.6944492,52.5076367],[5.6944492,52.5076546],[5.6944492,52.5076726],[5.6944492,52.5076906],[5.6944493,52.5077085],[5.6944493,52.5077265],[5.6944493,52.5077445],[5.6944494,52.5077625],[5.6944494,52.5077804],[5.6944494,52.5077984],[5.6944495,52.5078164],[5.6944495,52.5078344],[5.6944495,52.5078523],[5.6944496,52.5078703],[5.6944496,52.5078883],[5.6944496,52.5079063],[5.6944496,52.5079242],[5.6944497,52.5079422],[5.6944497,52.5079602],[5.6944497,52.5079781],[5.6944498,52.5079961],[5.6944498,52.5080141],[5.6944498,52.5080321],[5.6944499,52.50805],[5.6944499,52.508068],[5.6944499,52.508086],[5.6944499,52.508104],[5.69445,52.5081219],[5.69445,52.5081399],[5.69445,52.5081579],[5.6944501,52.5081759],[5.6944501,52.5081938],[5.6944501,52.5082118],[5.6944502,52.5082298],[5.6944502,52.5082477],[5.6944502,52.5082657],[5.6944502,52.5082837],[5.6944503,52.5083017],[5.6944503,52.5083196],[5.6944503,52.5083376],[5.6944504,52.5083556],[5.6944504,52.5083736],[5.6944504,52.5083915],[5.6944505,52.5084095],[5.6944505,52.5084275],[5.6944505,52.5084454],[5.6944506,52.5084634],[5.6944506,52.5084814],[5.6944506,52.5084994],[5.6944506,52.5085173],[5.6944507,52.5085353],[5.6944507,52.5085533],[5.6944507,52.5085713],[5.6944508,52.5085892],[5.6944508,52.5086072],[5.6944508,52.5086252],[5.6944509,52.5086432],[5.6944509,52.5086611],[5.6944509,52.5086791],[5.6944509,52.5086971],[5.694451,52.508715],[5.694451,52.508733],[5.694451,52.508751],[5.6944511,52.508769],[5.6944511,52.5087869],[5.6944511,52.5088049],[5.6944512,52.5088229],[5.6944512,52.5088409],[5.6944512,52.5088588],[5.6944513,52.5088768],[5.6944513,52.5088948],[5.6944513,52.5089127],[5.6944513,52.5089307],[5.6944514,52.5089487],[5.6944514,52.5089667],[5.6944514,52.5089846],[5.6944515,52.5090026],[5.6944515,52.5090206],[5.6944515,52.5090386],[5.6944516,52.5090565],[5.6944516,52.5090745],[5.6944516,52.5090925],[5.6944516,52.5091105],[5.6944517,52.5091284],[5.6944517,52.5091464],[5.6944517,52.5091644],[5.6944518,52.5091823],[5.6944518,52.5092003],[5.6944518,52.5092183],[5.6944519,52.5092363],[5.6944519,52.5092542],[5.6944519,52.5092722],[5.6944519,52.5092902],[5.694452,52.5093082],[5.694452,52.5093261],[5.694452,52.5093441],[5.6944521,52.5093621],[5.6944521,52.5093801],[5.6944521,52.509398],[5.6944522,52.509416],[5.6944522,52.509434],[5.6944522,52.5094519],[5.6944523,52.5094699],[5.6944523,52.5094879],[5.6944523,52.5095059],[5.6944523,52.5095238],[5.6944524,52.5095418],[5.6944524,52.5095598],[5.6944524,52.5095778],[5.6944525,52.5095957],[5.6944525,52.5096137],[5.6944525,52.5096317],[5.6944526,52.5096496],[5.6944526,52.5096676],[5.6944526,52.5096856],[5.6944526,52.5097036],[5.6944527,52.5097215],[5.6944527,52.5097395],[5.6944527,52.5097575],[5.6944528,52.5097755],[5.6944528,52.5097934],[5.6944528,52.5098114],[5.6944529,52.5098294],[5.6944529,52.5098474],[5.6944529,52.5098653],[5.694453,52.5098833],[5.694453,52.5099013],[5.694453,52.5099192],[5.694453,52.5099372],[5.6944531,52.5099552],[5.6944531,52.5099732],[5.6944531,52.5099911],[5.6944532,52.5100091],[5.6944532,52.5100271],[5.6944532,52.5100451],[5.6944533,52.510063],[5.6944533,52.510081],[5.6944533,52.510099],[5.6944533,52.510117],[5.6944534,52.5101349],[5.6944534,52.5101529],[5.6944534,52.5101709],[5.6944535,52.5101888],[5.6944535,52.5102068],[5.6944535,52.5102248],[5.6944536,52.5102428],[5.6944536,52.5102607],[5.6944536,52.5102787],[5.6944537,52.5102967],[5.6944537,52.5103147],[5.6944537,52.5103326],[5.6944537,52.5103506],[5.6944538,52.5103686],[5.6944538,52.5103865],[5.6944538,52.5104045],[5.6944539,52.5104225],[5.6944539,52.5104405],[5.6944539,52.5104584],[5.694454,52.5104764],[5.694454,52.5104944],[5.694454,52.5105124],[5.694454,52.5105303],[5.6944541,52.5105483],[5.6944541,52.5105663],[5.6944541,52.5105843],[5.6944542,52.5106022],[5.6944542,52.5106202],[5.6944542,52.5106382],[5.6944543,52.5106561],[5.6944543,52.5106741],[5.6944543,52.5106921],[5.6944543,52.5107101],[5.6944544,52.510728],[5.6944544,52.510746],[5.6944544,52.510764],[5.6944545,52.510782],[5.6944545,52.5107999],[5.6944545,52.5108179],[5.6944546,52.5108359],[5.6944546,52.5108538],[5.6944546,52.5108718],[5.6944547,52.5108898],[5.6944547,52.5109078],[5.6944547,52.5109257],[5.6944547,52.5109437],[5.6944548,52.5109617],[5.6944548,52.5109797],[5.6944548,52.5109976],[5.6944549,52.5110156],[5.6944549,52.5110336],[5.6944549,52.5110516],[5.694455,52.5110695],[5.694455,52.5110875],[5.694455,52.5111055],[5.694455,52.5111234],[5.6944551,52.5111414],[5.6944551,52.5111594],[5.6944551,52.5111774],[5.6944552,52.5111953],[5.6944552,52.5112133],[5.6944552,52.5112313],[5.6944553,52.5112493],[5.6944553,52.5112672],[5.6944553,52.5112852],[5.6944554,52.5113032],[5.6944554,52.5113212],[5.6944554,52.5113391],[5.6944554,52.5113571],[5.6944555,52.5113751],[5.6944555,52.511393],[5.6944555,52.511411],[5.6944556,52.511429],[5.6944556,52.511447],[5.6944556,52.5114649],[5.6944557,52.5114829],[5.6944557,52.5115009],[5.6944557,52.5115189],[5.6944557,52.5115368],[5.6944558,52.5115548],[5.6944558,52.5115728],[5.6944558,52.5115907],[5.6944559,52.5116087],[5.6944559,52.5116267],[5.6944559,52.5116447],[5.694456,52.5116626],[5.694456,52.5116806],[5.694456,52.5116986],[5.694456,52.5117166],[5.6944561,52.5117345],[5.6944561,52.5117525],[5.6944561,52.5117705],[5.6944562,52.5117885],[5.6944562,52.5118064],[5.6944562,52.5118244],[5.6944563,52.5118424],[5.6944563,52.5118603],[5.6944563,52.5118783],[5.6944564,52.5118963],[5.6944564,52.5119143],[5.6944564,52.5119322],[5.6944564,52.5119502],[5.6944565,52.5119682],[5.6944565,52.5119862],[5.6944565,52.5120041],[5.6944566,52.5120221],[5.6944566,52.5120401],[5.6944566,52.5120581],[5.6944567,52.512076],[5.6944567,52.512094],[5.6944567,52.512112],[5.6944567,52.5121299],[5.6944568,52.5121479],[5.6944568,52.5121659],[5.6944568,52.5121839],[5.6944569,52.5122018],[5.6944569,52.5122198],[5.6944569,52.5122378],[5.694457,52.5122558],[5.694457,52.5122737],[5.694457,52.5122917],[5.6944571,52.5123097],[5.6944571,52.5123276],[5.6944571,52.5123456],[5.6944571,52.5123636],[5.6944572,52.5123816],[5.6944572,52.5123995],[5.6944572,52.5124175],[5.6944573,52.5124355],[5.6944573,52.5124535],[5.6944573,52.5124714],[5.6944574,52.5124894],[5.6944574,52.5125074],[5.6944574,52.5125254],[5.6944574,52.5125433],[5.6944575,52.5125613],[5.6944575,52.5125793],[5.6944575,52.5125972],[5.6944576,52.5126152],[5.6944576,52.5126332],[5.6944576,52.5126512],[5.6944577,52.5126691],[5.6944577,52.5126871],[5.6944577,52.5127051],[5.6944578,52.5127231],[5.6944578,52.512741],[5.6944578,52.512759],[5.6944578,52.512777],[5.6944579,52.5127949],[5.6944579,52.5128129],[5.6944579,52.5128309],[5.694458,52.5128489],[5.694458,52.5128668],[5.694458,52.5128848],[5.6944581,52.5129028],[5.6944581,52.5129208],[5.6944581,52.5129387],[5.6944581,52.5129567],[5.6944582,52.5129747],[5.6944582,52.5129927],[5.6944582,52.5130106],[5.6944583,52.5130286],[5.6944583,52.5130466],[5.6944583,52.5130645],[5.6944584,52.5130825],[5.6944584,52.5131005],[5.6944584,52.5131185],[5.6944584,52.5131364],[5.6944585,52.5131544],[5.6944585,52.5131724],[5.6944585,52.5131904],[5.6944586,52.5132083],[5.6944586,52.5132263],[5.6944586,52.5132443],[5.6944587,52.5132623],[5.6944587,52.5132802],[5.6944587,52.5132982],[5.6944588,52.5133162],[5.6944588,52.5133341],[5.6944588,52.5133521],[5.6944588,52.5133701],[5.6944589,52.5133881],[5.6944589,52.513406],[5.6944589,52.513424],[5.694459,52.513442],[5.694459,52.51346],[5.694459,52.5134779],[5.6944591,52.5134959],[5.6944591,52.5135139],[5.6944591,52.5135318],[5.6944591,52.5135498],[5.6944592,52.5135678],[5.6944592,52.5135858],[5.6944592,52.5136037],[5.6944593,52.5136217],[5.6944593,52.5136397],[5.6944593,52.5136577],[5.6944594,52.5136756],[5.6944594,52.5136936],[5.6944594,52.5137116],[5.6944595,52.5137296],[5.6944595,52.5137475],[5.6944595,52.5137655],[5.6944595,52.5137835],[5.6944596,52.5138014],[5.6944596,52.5138194],[5.6944596,52.5138374],[5.6944597,52.5138554],[5.6944597,52.5138733],[5.6944597,52.5138913],[5.6944598,52.5139093],[5.6944598,52.5139273],[5.6944598,52.5139452],[5.6944598,52.5139632],[5.6944599,52.5139812],[5.6944599,52.5139991],[5.6944599,52.5140171],[5.69446,52.5140351],[5.69446,52.5140531],[5.69446,52.514071],[5.6944601,52.514089],[5.6944601,52.514107],[5.6944601,52.514125],[5.6944602,52.5141429],[5.6944602,52.5141609],[5.6944602,52.5141789],[5.6944602,52.5141969],[5.6944603,52.5142148],[5.6944603,52.5142328],[5.6944603,52.5142508],[5.6944604,52.5142687],[5.6944604,52.5142867],[5.6944604,52.5143047],[5.6944605,52.5143227],[5.6944605,52.5143406],[5.6944605,52.5143586],[5.6944605,52.5143766],[5.6944606,52.5143946],[5.6944606,52.5144125],[5.6944606,52.5144305],[5.6944607,52.5144485],[5.6944607,52.5144665],[5.6944607,52.5144844],[5.6944608,52.5145024],[5.6944608,52.5145204],[5.6944608,52.5145383],[5.6944608,52.5145563],[5.6944609,52.5145743],[5.6944609,52.5145923],[5.6944609,52.5146102],[5.694461,52.5146282],[5.694461,52.5146462],[5.694461,52.5146642],[5.6944611,52.5146821],[5.6944611,52.5147001],[5.6944611,52.5147181],[5.6944612,52.514736],[5.6944612,52.514754],[5.6944612,52.514772],[5.6944612,52.51479],[5.6944613,52.5148079],[5.6944613,52.5148259],[5.6944613,52.5148439],[5.6944614,52.5148619],[5.6944614,52.5148798],[5.6944614,52.5148978],[5.6944615,52.5149158],[5.6944615,52.5149338],[5.6944615,52.5149517],[5.6944615,52.5149697],[5.6944616,52.5149877],[5.6944616,52.5150056],[5.6944616,52.5150236],[5.6944617,52.5150416],[5.6944617,52.5150596],[5.6944617,52.5150775],[5.6944618,52.5150955],[5.6944618,52.5151135],[5.6944618,52.5151315],[5.6944619,52.5151494],[5.6944619,52.5151674],[5.6944619,52.5151854],[5.6944619,52.5152033],[5.694462,52.5152213],[5.694462,52.5152393],[5.694462,52.5152573],[5.6944621,52.5152752],[5.6944621,52.5152932],[5.6944621,52.5153112],[5.6944622,52.5153292],[5.6944622,52.5153471],[5.6944622,52.5153651],[5.6944622,52.5153831],[5.6944623,52.5154011],[5.6944623,52.515419],[5.6944623,52.515437],[5.6944624,52.515455],[5.6944624,52.5154729],[5.6944624,52.5154909],[5.6944625,52.5155089],[5.6944625,52.5155269],[5.6944625,52.5155448],[5.6944626,52.5155628],[5.6944626,52.5155808],[5.6944626,52.5155988],[5.6944626,52.5156167],[5.6944627,52.5156347],[5.6944627,52.5156527],[5.6944627,52.5156707],[5.6944628,52.5156886],[5.6944628,52.5157066],[5.6944628,52.5157246],[5.6944629,52.5157425],[5.6944629,52.5157605],[5.6944629,52.5157785],[5.6944629,52.5157965],[5.694463,52.5158144],[5.694463,52.5158324],[5.694463,52.5158504],[5.6944631,52.5158684],[5.6944631,52.5158863],[5.6944631,52.5159043],[5.6944632,52.5159223],[5.6944632,52.5159402],[5.6944632,52.5159582],[5.6944632,52.5159762],[5.6944633,52.5159942],[5.6944633,52.5160121],[5.6944633,52.5160301],[5.6944634,52.5160481],[5.6944634,52.5160661],[5.6944634,52.516084],[5.6944635,52.516102],[5.6944635,52.51612],[5.6944635,52.516138],[5.6944636,52.5161559],[5.6944636,52.5161739],[5.6944636,52.5161919],[5.6944636,52.5162098],[5.6944637,52.5162278],[5.6944637,52.5162458],[5.6944637,52.5162638],[5.6944638,52.5162817],[5.6944638,52.5162997],[5.6944638,52.5163177],[5.6944639,52.5163357],[5.6944639,52.5163536],[5.6944639,52.5163716],[5.6944639,52.5163896],[5.694464,52.5164075],[5.694464,52.5164255],[5.694464,52.5164435],[5.6944641,52.5164615],[5.6944641,52.5164794],[5.6944641,52.5164974],[5.6944642,52.5165154],[5.6944642,52.5165334],[5.6944642,52.5165513],[5.6944643,52.5165693],[5.6944643,52.5165873],[5.6944643,52.5166053],[5.6944643,52.5166232],[5.6944644,52.5166412],[5.6944644,52.5166592],[5.6944644,52.5166771],[5.6944645,52.5166951],[5.6944645,52.5167131],[5.6944645,52.5167311],[5.6944646,52.516749],[5.6944646,52.516767],[5.6944646,52.516785],[5.6944646,52.516803],[5.6944647,52.5168209],[5.6944647,52.5168389],[5.6944647,52.5168569],[5.6944648,52.5168748],[5.6944648,52.5168928],[5.6944648,52.5169108],[5.6944649,52.5169288],[5.6944649,52.5169467],[5.6944649,52.5169647],[5.694465,52.5169827],[5.694465,52.5170007],[5.694465,52.5170186],[5.694465,52.5170366],[5.6944651,52.5170546],[5.6944651,52.5170726],[5.6944651,52.5170905],[5.6944652,52.5171085],[5.6944652,52.5171265],[5.6944652,52.5171444],[5.6944653,52.5171624],[5.6944653,52.5171804],[5.6944653,52.5171984],[5.6944653,52.5172163],[5.6944654,52.5172343],[5.6944654,52.5172523],[5.6944654,52.5172703],[5.6944655,52.5172882],[5.6944655,52.5173062],[5.6944655,52.5173242],[5.6944656,52.5173422],[5.6944656,52.5173601],[5.6944656,52.5173781],[5.6944656,52.5173961],[5.6944657,52.517414],[5.6944657,52.517432],[5.6944657,52.51745],[5.6944658,52.517468],[5.6944658,52.5174859],[5.6944658,52.5175039],[5.6944659,52.5175219],[5.6944659,52.5175399],[5.6944659,52.5175578],[5.694466,52.5175758],[5.694466,52.5175938],[5.694466,52.5176117],[5.694466,52.5176297],[5.6944661,52.5176477],[5.6944661,52.5176657],[5.6944661,52.5176836],[5.6944662,52.5177016],[5.6944662,52.5177196],[5.6944662,52.5177376],[5.6944663,52.5177555],[5.6944663,52.5177735],[5.6944663,52.5177915],[5.6944663,52.5178095],[5.6944664,52.5178274],[5.6944664,52.5178454],[5.6944664,52.5178634],[5.6944665,52.5178813],[5.6944665,52.5178993],[5.6944665,52.5179173],[5.6944666,52.5179353],[5.6944666,52.5179532],[5.6944666,52.5179712],[5.6944667,52.5179892],[5.6944667,52.5180072],[5.6944667,52.5180251],[5.6944667,52.5180431],[5.6944668,52.5180611],[5.6944668,52.518079],[5.6944668,52.518097],[5.6944669,52.518115],[5.6944669,52.518133],[5.6944669,52.5181509],[5.694467,52.5181689],[5.694467,52.5181869],[5.694467,52.5182049],[5.694467,52.5182228],[5.6944671,52.5182408],[5.6944671,52.5182588],[5.6944671,52.5182768],[5.6944672,52.5182947],[5.6944672,52.5183127],[5.6944672,52.5183307],[5.6944673,52.5183486],[5.6944673,52.5183666],[5.6944673,52.5183846],[5.6944674,52.5184026],[5.6944674,52.5184205],[5.6944674,52.5184385],[5.6944674,52.5184565],[5.6944675,52.5184745],[5.6944675,52.5184924],[5.6944675,52.5185104],[5.6944676,52.5185284],[5.6944676,52.5185464],[5.6944676,52.5185643],[5.6944677,52.5185823],[5.6944677,52.5186003],[5.6944677,52.5186182],[5.6944677,52.5186362],[5.6944678,52.5186542],[5.6944678,52.5186722],[5.6944678,52.5186901],[5.6944679,52.5187081],[5.6944679,52.5187261],[5.6944679,52.5187441],[5.694468,52.518762],[5.694468,52.51878],[5.694468,52.518798],[5.6944681,52.5188159],[5.6944681,52.5188339],[5.6944681,52.5188519],[5.6944681,52.5188699],[5.6944682,52.5188878],[5.6944682,52.5189058],[5.6944682,52.5189238],[5.6944683,52.5189418],[5.6944683,52.5189597],[5.6944683,52.5189777],[5.6944684,52.5189957],[5.6944684,52.5190137],[5.6944684,52.5190316],[5.6944684,52.5190496],[5.6944685,52.5190676],[5.6944685,52.5190855],[5.6944685,52.5191035],[5.6944686,52.5191215],[5.6944686,52.5191395],[5.6944686,52.5191574],[5.6944687,52.5191754],[5.6944687,52.5191934],[5.6944687,52.5192114],[5.6944687,52.5192293],[5.6944688,52.5192473],[5.6944688,52.5192653],[5.6944688,52.5192832],[5.6944689,52.5193012],[5.6944689,52.5193192],[5.6944689,52.5193372],[5.694469,52.5193551],[5.694469,52.5193731],[5.694469,52.5193911],[5.6944691,52.5194091],[5.6944691,52.519427],[5.6944691,52.519445],[5.6944691,52.519463],[5.6944692,52.519481],[5.6944692,52.5194989],[5.6944692,52.5195169],[5.6944693,52.5195349],[5.6944693,52.5195528],[5.6944693,52.5195708],[5.6944694,52.5195888],[5.6944694,52.5196068],[5.6944694,52.5196247],[5.6944694,52.5196427],[5.6944695,52.5196607],[5.6944695,52.5196787],[5.6944695,52.5196966],[5.6944696,52.5197146],[5.6944696,52.5197326],[5.6944696,52.5197505],[5.6944697,52.5197685],[5.6944697,52.5197865],[5.6944697,52.5198045],[5.6944698,52.5198224],[5.6944698,52.5198404],[5.6944698,52.5198584],[5.6944698,52.5198764],[5.6944699,52.5198943],[5.6944699,52.5199123],[5.6944699,52.5199303],[5.69447,52.5199483],[5.69447,52.5199662],[5.69447,52.5199842],[5.6944701,52.5200022],[5.6944701,52.5200201],[5.6944701,52.5200381],[5.6944701,52.5200561],[5.6944702,52.5200741],[5.6944702,52.520092],[5.6944702,52.52011],[5.6944703,52.520128],[5.6944703,52.520146],[5.6944703,52.5201639],[5.6944704,52.5201819],[5.6944704,52.5201999],[5.6944704,52.5202179],[5.6944705,52.5202358],[5.6944705,52.5202538],[5.6944705,52.5202718],[5.6944705,52.5202897],[5.6944706,52.5203077],[5.6944706,52.5203257],[5.6944706,52.5203437],[5.6944707,52.5203616],[5.6944707,52.5203796],[5.6944707,52.5203976],[5.6944708,52.5204156],[5.6944708,52.5204335],[5.6944708,52.5204515],[5.6944708,52.5204695],[5.6944709,52.5204874],[5.6944709,52.5205054],[5.6944709,52.5205234],[5.694471,52.5205414],[5.694471,52.5205593],[5.694471,52.5205773],[5.6944711,52.5205953],[5.6944711,52.5206133],[5.6944711,52.5206312],[5.6944712,52.5206492],[5.6944712,52.5206672],[5.6944712,52.5206852],[5.6944712,52.5207031],[5.6944713,52.5207211],[5.6944713,52.5207391],[5.6944713,52.520757],[5.6944714,52.520775],[5.6944714,52.520793],[5.6944714,52.520811],[5.6944715,52.5208289],[5.6944715,52.5208469],[5.6944715,52.5208649],[5.6944715,52.5208829],[5.6944716,52.5209008],[5.6944716,52.5209188],[5.6944716,52.5209368],[5.6944717,52.5209547],[5.6944717,52.5209727],[5.6944717,52.5209907],[5.6944718,52.5210087],[5.6944718,52.5210266],[5.6944718,52.5210446],[5.6944718,52.5210626],[5.6944719,52.5210806],[5.6944719,52.5210985],[5.6944719,52.5211165],[5.694472,52.5211345],[5.694472,52.5211525],[5.694472,52.5211704],[5.6944721,52.5211884],[5.6944721,52.5212064],[5.6944721,52.5212243],[5.6944722,52.5212423],[5.6944722,52.5212603],[5.6944722,52.5212783],[5.6944722,52.5212962],[5.6944723,52.5213142],[5.6944723,52.5213322],[5.6944723,52.5213502],[5.6944724,52.5213681],[5.6944724,52.5213861],[5.6944724,52.5214041],[5.6944725,52.521422],[5.6944725,52.52144],[5.6944725,52.521458],[5.6944725,52.521476],[5.6944726,52.5214939],[5.6944726,52.5215119],[5.6944726,52.5215299],[5.6944727,52.5215479],[5.6944727,52.5215658],[5.6944727,52.5215838],[5.6944728,52.5216018],[5.6944728,52.5216198],[5.6944728,52.5216377],[5.6944729,52.5216557],[5.6944729,52.5216737],[5.6944729,52.5216916],[5.6944729,52.5217096],[5.694473,52.5217276],[5.694473,52.5217456],[5.694473,52.5217635],[5.6944731,52.5217815],[5.6944731,52.5217995],[5.6944731,52.5218175],[5.6944732,52.5218354],[5.6944732,52.5218534],[5.6944732,52.5218714],[5.6944732,52.5218893],[5.6944733,52.5219073],[5.6944733,52.5219253],[5.6944733,52.5219433],[5.6944734,52.5219612],[5.6944734,52.5219792],[5.6944734,52.5219972],[5.6944735,52.5220152],[5.6944735,52.5220331],[5.6944735,52.5220511],[5.6944736,52.5220691],[5.6944736,52.5220871],[5.6944736,52.522105],[5.6944736,52.522123],[5.6944737,52.522141],[5.6944737,52.5221589],[5.6944737,52.5221769],[5.6944738,52.5221949],[5.6944738,52.5222129],[5.6944738,52.5222308],[5.6944739,52.5222488],[5.6944739,52.5222668],[5.6944739,52.5222848],[5.6944739,52.5223027],[5.694474,52.5223207],[5.694474,52.5223387],[5.694474,52.5223567],[5.6944741,52.5223746],[5.6944741,52.5223926],[5.6944741,52.5224106],[5.6944742,52.5224285],[5.6944742,52.5224465],[5.6944742,52.5224645],[5.6944743,52.5224825],[5.6944743,52.5225004],[5.6944743,52.5225184],[5.6944743,52.5225364],[5.6944744,52.5225544],[5.6944744,52.5225723],[5.6944744,52.5225903],[5.6944745,52.5226083],[5.6944745,52.5226262],[5.6944745,52.5226442],[5.6944746,52.5226622],[5.6944746,52.5226802],[5.6944746,52.5226981],[5.6944746,52.5227161],[5.6944747,52.5227341],[5.6944747,52.5227521],[5.6944747,52.52277],[5.6944748,52.522788],[5.6944748,52.522806],[5.6944748,52.522824],[5.6944749,52.5228419],[5.6944749,52.5228599],[5.6944749,52.5228779],[5.6944749,52.5228958],[5.694475,52.5229138],[5.694475,52.5229318],[5.694475,52.5229498],[5.6944751,52.5229677],[5.6944751,52.5229857],[5.6944751,52.5230037],[5.6944752,52.5230217],[5.6944752,52.5230396],[5.6944752,52.5230576],[5.6944753,52.5230756],[5.6944753,52.5230935],[5.6944753,52.5231115],[5.6944753,52.5231295],[5.6944754,52.5231475],[5.6944754,52.5231654],[5.6944754,52.5231834],[5.6944755,52.5232014],[5.6944755,52.5232194],[5.6944755,52.5232373],[5.6944756,52.5232553],[5.6944756,52.5232733],[5.6944756,52.5232913],[5.6944756,52.5233092],[5.6944757,52.5233272],[5.6944757,52.5233452],[5.6944757,52.5233631],[5.6944758,52.5233811],[5.6944758,52.5233991],[5.6944758,52.5234171],[5.6944759,52.523435],[5.6944759,52.523453],[5.6944759,52.523471],[5.694476,52.523489],[5.694476,52.5235069],[5.694476,52.5235249],[5.694476,52.5235429],[5.6944761,52.5235608],[5.6944761,52.5235788],[5.6944761,52.5235968],[5.6944762,52.5236148],[5.6944762,52.5236327],[5.6944762,52.5236507],[5.6944763,52.5236687],[5.6944763,52.5236867],[5.6944763,52.5237046],[5.6944763,52.5237226],[5.6944764,52.5237406],[5.6944764,52.5237586],[5.6944764,52.5237765],[5.6944765,52.5237945],[5.6944765,52.5238125],[5.6944765,52.5238304],[5.6944766,52.5238484],[5.6944766,52.5238664],[5.6944766,52.5238844],[5.6944767,52.5239023],[5.6944767,52.5239203],[5.6944767,52.5239383],[5.6944767,52.5239563],[5.6944768,52.5239742],[5.6944768,52.5239922],[5.6944768,52.5240102],[5.6944769,52.5240281],[5.6944769,52.5240461],[5.6944769,52.5240641],[5.694477,52.5240821],[5.694477,52.5241],[5.694477,52.524118],[5.694477,52.524136],[5.6944771,52.524154],[5.6944771,52.5241719],[5.6944771,52.5241899],[5.6944772,52.5242079],[5.6944772,52.5242259],[5.6944772,52.5242438],[5.6944773,52.5242618],[5.6944773,52.5242798],[5.6944773,52.5242977],[5.6944774,52.5243157],[5.6944774,52.5243337],[5.6944774,52.5243517],[5.6944774,52.5243696],[5.6944775,52.5243876],[5.6944775,52.5244056],[5.6944775,52.5244236],[5.6944776,52.5244415],[5.6944776,52.5244595],[5.6944776,52.5244775],[5.6944777,52.5244955],[5.6944777,52.5245134],[5.6944777,52.5245314],[5.6944777,52.5245494],[5.6944778,52.5245673],[5.6944778,52.5245853],[5.6944778,52.5246033],[5.6944779,52.5246213],[5.6944779,52.5246392],[5.6944779,52.5246572],[5.694478,52.5246752],[5.694478,52.5246932],[5.694478,52.5247111],[5.694478,52.5247291],[5.6944781,52.5247471],[5.6944781,52.524765],[5.6944781,52.524783],[5.6944782,52.524801],[5.6944782,52.524819],[5.6944782,52.5248369],[5.6944783,52.5248549],[5.6944783,52.5248729],[5.6944783,52.5248909],[5.6944784,52.5249088],[5.6944784,52.5249268],[5.6944784,52.5249448],[5.6944784,52.5249628],[5.6944785,52.5249807],[5.6944785,52.5249987],[5.6944785,52.5250167],[5.6944786,52.5250346],[5.6944786,52.5250526],[5.6944786,52.5250706],[5.6944787,52.5250886],[5.6944787,52.5251065],[5.6944787,52.5251245],[5.6944787,52.5251425],[5.6944788,52.5251605],[5.6944788,52.5251784],[5.6944788,52.5251964],[5.6944789,52.5252144],[5.6944789,52.5252323],[5.6944789,52.5252503],[5.694479,52.5252683],[5.694479,52.5252863],[5.694479,52.5253042],[5.6944791,52.5253222],[5.6944791,52.5253402],[5.6944791,52.5253582],[5.6944791,52.5253761],[5.6944792,52.5253941],[5.6944792,52.5254121],[5.6944792,52.5254301],[5.6944793,52.525448],[5.6944793,52.525466],[5.6944793,52.525484],[5.6944794,52.5255019],[5.6944794,52.5255199],[5.6944794,52.5255379],[5.6944794,52.5255559],[5.6944795,52.5255738],[5.6944795,52.5255918],[5.6944795,52.5256098],[5.6944796,52.5256278],[5.6944796,52.5256457],[5.6944796,52.5256637],[5.6944797,52.5256817],[5.6944797,52.5256996],[5.6944797,52.5257176],[5.6944798,52.5257356],[5.6944798,52.5257536],[5.6944798,52.5257715],[5.6944798,52.5257895],[5.6944799,52.5258075],[5.6944799,52.5258255],[5.6944799,52.5258434],[5.69448,52.5258614],[5.69448,52.5258794],[5.69448,52.5258974],[5.6944801,52.5259153],[5.6944801,52.5259333],[5.6944801,52.5259513],[5.6944801,52.5259692],[5.6944802,52.5259872],[5.6944802,52.5260052],[5.6944802,52.5260232],[5.6944803,52.5260411],[5.6944803,52.5260591],[5.6944803,52.5260771],[5.6944804,52.5260951],[5.6944804,52.526113],[5.6944804,52.526131],[5.6944805,52.526149],[5.6944805,52.5261669],[5.6944805,52.5261849],[5.6944805,52.5262029],[5.6944806,52.5262209],[5.6944806,52.5262388],[5.6944806,52.5262568],[5.6944807,52.5262748],[5.6944807,52.5262928],[5.6944807,52.5263107],[5.6944808,52.5263287],[5.6944808,52.5263467],[5.6944808,52.5263647],[5.6944808,52.5263826],[5.6944809,52.5264006],[5.6944809,52.5264186],[5.6944809,52.5264365],[5.694481,52.5264545],[5.694481,52.5264725],[5.694481,52.5264905],[5.6944811,52.5265084],[5.6944811,52.5265264],[5.6944811,52.5265444],[5.6944812,52.5265624],[5.6944812,52.5265803],[5.6944812,52.5265983],[5.6944812,52.5266163],[5.6944813,52.5266342],[5.6944813,52.5266522],[5.6944813,52.5266702],[5.6944814,52.5266882],[5.6944814,52.5267061],[5.6944814,52.5267241],[5.6944815,52.5267421],[5.6944815,52.5267601],[5.6944815,52.526778],[5.6944815,52.526796],[5.6944816,52.526814],[5.6944816,52.526832],[5.6944816,52.5268499],[5.6944817,52.5268679],[5.6944817,52.5268859],[5.6944817,52.5269038],[5.6944818,52.5269218],[5.6944818,52.5269398],[5.6944818,52.5269578],[5.6944818,52.5269757],[5.6944819,52.5269937],[5.6944819,52.5270117],[5.6944819,52.5270297],[5.694482,52.5270476],[5.694482,52.5270656],[5.694482,52.5270836],[5.6944821,52.5271015],[5.6944821,52.5271195],[5.6944821,52.5271375],[5.6944822,52.5271555],[5.6944822,52.5271734],[5.6944822,52.5271914],[5.6944822,52.5272094],[5.6944823,52.5272274],[5.6944823,52.5272453],[5.6944823,52.5272633],[5.6944824,52.5272813],[5.6944824,52.5272993],[5.6944824,52.5273172],[5.6944825,52.5273352],[5.6944825,52.5273532],[5.6944825,52.5273711],[5.6944825,52.5273891],[5.6944826,52.5274071],[5.6944826,52.5274251],[5.6944826,52.527443],[5.6944827,52.527461],[5.6944827,52.527479],[5.6944827,52.527497],[5.6944828,52.5275149],[5.6944828,52.5275329],[5.6944828,52.5275509],[5.6944829,52.5275689],[5.6944829,52.5275868],[5.6944829,52.5276048],[5.6944829,52.5276228],[5.694483,52.5276407],[5.694483,52.5276587],[5.694483,52.5276767],[5.6944831,52.5276947],[5.6944831,52.5277126],[5.6944831,52.5277306],[5.6944832,52.5277486],[5.6944832,52.5277666],[5.6944832,52.5277845],[5.6944832,52.5278025],[5.6944833,52.5278205],[5.6944833,52.5278384],[5.6944833,52.5278564],[5.6944834,52.5278744],[5.6944834,52.5278924],[5.6944834,52.5279103],[5.6944835,52.5279283],[5.6944835,52.5279463],[5.6944835,52.5279643],[5.6944836,52.5279822],[5.6944836,52.5280002],[5.6944836,52.5280182],[5.6944836,52.5280362],[5.6944837,52.5280541],[5.6944837,52.5280721],[5.6944837,52.5280901],[5.6944838,52.528108],[5.6944838,52.528126],[5.6944838,52.528144],[5.6944839,52.528162],[5.6944839,52.5281799],[5.6944839,52.5281979],[5.6944839,52.5282159],[5.694484,52.5282339],[5.694484,52.5282518],[5.694484,52.5282698],[5.6944841,52.5282878],[5.6944841,52.5283057],[5.6944841,52.5283237],[5.6944842,52.5283417],[5.6944842,52.5283597],[5.6944842,52.5283776],[5.6944843,52.5283956],[5.6944843,52.5284136],[5.6944843,52.5284316],[5.6944843,52.5284495],[5.6944844,52.5284675],[5.6944844,52.5284855],[5.6944844,52.5285035],[5.6944845,52.5285214],[5.6944845,52.5285394],[5.6944845,52.5285574],[5.6944846,52.5285753],[5.6944846,52.5285933],[5.6944846,52.5286113],[5.6944846,52.5286293],[5.6944847,52.5286472],[5.6944847,52.5286652],[5.6944847,52.5286832],[5.6944848,52.5287012],[5.6944848,52.5287191],[5.6944848,52.5287371],[5.6944849,52.5287551],[5.6944849,52.528773],[5.6944849,52.528791],[5.694485,52.528809],[5.694485,52.528827],[5.694485,52.5288449],[5.694485,52.5288629],[5.6944851,52.5288809],[5.6944851,52.5288989],[5.6944851,52.5289168],[5.6944852,52.5289348],[5.6944852,52.5289528],[5.6944852,52.5289708],[5.6944853,52.5289887],[5.6944853,52.5290067],[5.6944853,52.5290247],[5.6944853,52.5290426],[5.6944854,52.5290606],[5.6944854,52.5290786],[5.6944854,52.5290966],[5.6944855,52.5291145],[5.6944855,52.5291325],[5.6944855,52.5291505],[5.6944856,52.5291685],[5.6944856,52.5291864],[5.6944856,52.5292044],[5.6944857,52.5292224],[5.6944857,52.5292403],[5.6944857,52.5292583],[5.6944857,52.5292763],[5.6944858,52.5292943],[5.6944858,52.5293122],[5.6944858,52.5293302],[5.6944859,52.5293482],[5.6944859,52.5293662],[5.6944859,52.5293841],[5.694486,52.5294021],[5.694486,52.5294201],[5.694486,52.5294381],[5.694486,52.529456],[5.6944861,52.529474],[5.6944861,52.529492],[5.6944861,52.5295099],[5.6944862,52.5295279],[5.6944862,52.5295459],[5.6944862,52.5295639],[5.6944863,52.5295818],[5.6944863,52.5295998],[5.6944863,52.5296178],[5.6944863,52.5296358],[5.6944864,52.5296537],[5.6944864,52.5296717],[5.6944864,52.5296897],[5.6944865,52.5297076],[5.6944865,52.5297256],[5.6944865,52.5297436],[5.6944866,52.5297616],[5.6944866,52.5297795],[5.6944866,52.5297975],[5.6944867,52.5298155],[5.6944867,52.5298335],[5.6944867,52.5298514],[5.6944867,52.5298694],[5.6944868,52.5298874],[5.6944868,52.5299054],[5.6944868,52.5299233],[5.6944869,52.5299413],[5.6944869,52.5299593],[5.6944869,52.5299772],[5.694487,52.5299952],[5.694487,52.5300132],[5.694487,52.5300312],[5.694487,52.5300491],[5.6944871,52.5300671],[5.6944871,52.5300851],[5.6944871,52.5301031],[5.6944872,52.530121],[5.6944872,52.530139],[5.6944872,52.530157],[5.6944873,52.5301749],[5.6944873,52.5301929],[5.6944873,52.5302109],[5.6944874,52.5302289],[5.6944874,52.5302468],[5.6944874,52.5302648],[5.6944874,52.5302828],[5.6944875,52.5303008],[5.6944875,52.5303187],[5.6944875,52.5303367],[5.6944851,52.5303552],[5.6944801,52.5303735],[5.6944726,52.5303916],[5.6944628,52.5304091],[5.6944506,52.5304261],[5.6944361,52.5304425],[5.6944195,52.530458],[5.6944008,52.5304727],[5.6943802,52.5304864],[5.6943578,52.530499],[5.6943338,52.5305104],[5.6943083,52.5305206],[5.6942815,52.5305294],[5.6942536,52.5305369],[5.6942249,52.530543],[5.6941953,52.5305475],[5.6941653,52.5305506],[5.6941349,52.5305522],[5.6941045,52.5305522],[5.694075,52.5305522],[5.6940456,52.5305522],[5.6940161,52.5305523],[5.6939866,52.5305523],[5.6939571,52.5305523],[5.6939277,52.5305523],[5.6938982,52.5305523],[5.6938687,52.5305523],[5.6938393,52.5305524],[5.6938098,52.5305524],[5.6937803,52.5305524],[5.6937508,52.5305524],[5.6937214,52.5305524],[5.6936919,52.5305525],[5.6936624,52.5305525],[5.693633,52.5305525],[5.6936035,52.5305525],[5.693574,52.5305525],[5.6935445,52.5305525],[5.6935151,52.5305526],[5.6934856,52.5305526],[5.6934561,52.5305526],[5.6934267,52.5305526],[5.6933972,52.5305526],[5.6933677,52.5305527],[5.6933382,52.5305527],[5.6933088,52.5305527],[5.6932793,52.5305527],[5.6932498,52.5305527],[5.6932204,52.5305527],[5.6931909,52.5305528],[5.6931614,52.5305528],[5.6931319,52.5305528],[5.6931025,52.5305528],[5.693073,52.5305528],[5.6930435,52.5305529],[5.6930141,52.5305529],[5.6929846,52.5305529],[5.6929551,52.5305529],[5.6929257,52.5305529],[5.6928962,52.5305529],[5.6928667,52.530553],[5.6928372,52.530553],[5.6928078,52.530553],[5.6927783,52.530553],[5.6927488,52.530553],[5.6927194,52.5305531],[5.6926899,52.5305531],[5.6926604,52.5305531],[5.6926309,52.5305531],[5.6926015,52.5305531],[5.692572,52.5305531],[5.6925425,52.5305532],[5.6925131,52.5305532],[5.6924836,52.5305532],[5.6924541,52.5305532],[5.6924246,52.5305532],[5.6923952,52.5305533],[5.6923657,52.5305533],[5.6923362,52.5305533],[5.6923068,52.5305533],[5.6922773,52.5305533],[5.6922478,52.5305533],[5.6922183,52.5305534],[5.6921889,52.5305534],[5.6921594,52.5305534],[5.6921299,52.5305534],[5.6921005,52.5305534],[5.692071,52.5305535],[5.6920415,52.5305535],[5.692012,52.5305535],[5.6919826,52.5305535],[5.6919531,52.5305535],[5.6919236,52.5305535],[5.6918942,52.5305536],[5.6918647,52.5305536],[5.6918352,52.5305536],[5.6918058,52.5305536],[5.6917763,52.5305536],[5.6917468,52.5305536],[5.6917173,52.5305537],[5.6916879,52.5305537],[5.6916584,52.5305537],[5.6916289,52.5305537],[5.6915995,52.5305537],[5.69157,52.5305538],[5.6915405,52.5305538],[5.691511,52.5305538],[5.6914816,52.5305538],[5.6914521,52.5305538],[5.6914226,52.5305538],[5.6913932,52.5305539],[5.6913637,52.5305539],[5.6913342,52.5305539],[5.6913047,52.5305539],[5.6912753,52.5305539],[5.6912458,52.530554],[5.6912163,52.530554],[5.6911869,52.530554],[5.6911574,52.530554],[5.6911279,52.530554],[5.6910984,52.530554],[5.691069,52.5305541],[5.6910395,52.5305541],[5.69101,52.5305541],[5.6909806,52.5305541],[5.6909511,52.5305541],[5.6909216,52.5305541],[5.6908921,52.5305542],[5.6908627,52.5305542],[5.6908332,52.5305542],[5.6908037,52.5305542],[5.6907743,52.5305542],[5.6907448,52.5305543],[5.6907153,52.5305543],[5.6906859,52.5305543],[5.6906564,52.5305543],[5.6906269,52.5305543],[5.6905974,52.5305543],[5.690568,52.5305544],[5.6905385,52.5305544],[5.690509,52.5305544],[5.6904796,52.5305544],[5.6904501,52.5305544],[5.6904206,52.5305544],[5.6903911,52.5305545],[5.6903617,52.5305545],[5.6903322,52.5305545],[5.6903027,52.5305545],[5.6902733,52.5305545],[5.6902438,52.5305545],[5.6902143,52.5305546],[5.6901848,52.5305546],[5.6901554,52.5305546],[5.6901259,52.5305546],[5.6900964,52.5305546],[5.690067,52.5305547],[5.6900375,52.5305547],[5.690008,52.5305547],[5.6899785,52.5305547],[5.6899491,52.5305547],[5.6899196,52.5305547],[5.6898901,52.5305548],[5.6898607,52.5305548],[5.6898312,52.5305548],[5.6898017,52.5305548],[5.6897722,52.5305548],[5.6897428,52.5305548],[5.6897133,52.5305549],[5.6896838,52.5305549],[5.6896544,52.5305549],[5.6896249,52.5305549],[5.6895954,52.5305549],[5.689566,52.5305549],[5.6895365,52.530555],[5.689507,52.530555],[5.6894775,52.530555],[5.6894481,52.530555],[5.6894186,52.530555],[5.6893891,52.5305551],[5.6893597,52.5305551],[5.6893302,52.5305551],[5.6893007,52.5305551],[5.6892712,52.5305551],[5.6892418,52.5305551],[5.6892123,52.5305552],[5.6891828,52.5305552],[5.6891534,52.5305552],[5.6891239,52.5305552],[5.6890944,52.5305552],[5.6890649,52.5305552],[5.6890355,52.5305553],[5.689006,52.5305553],[5.6889765,52.5305553],[5.6889471,52.5305553],[5.6889176,52.5305553],[5.6888881,52.5305553],[5.6888586,52.5305554],[5.6888292,52.5305554],[5.6887997,52.5305554],[5.6887702,52.5305554],[5.6887408,52.5305554],[5.6887113,52.5305554],[5.6886818,52.5305555],[5.6886523,52.5305555],[5.6886229,52.5305555],[5.6885934,52.5305555],[5.6885639,52.5305555],[5.6885345,52.5305556],[5.688505,52.5305556],[5.6884755,52.5305556],[5.6884461,52.5305556],[5.6884166,52.5305556],[5.6883871,52.5305556],[5.6883576,52.5305557],[5.6883282,52.5305557],[5.6882987,52.5305557],[5.6882692,52.5305557],[5.6882398,52.5305557],[5.6882103,52.5305557],[5.6881808,52.5305558],[5.6881513,52.5305558],[5.6881219,52.5305558],[5.6880924,52.5305558],[5.6880629,52.5305558],[5.6880335,52.5305558],[5.688004,52.5305559],[5.6879745,52.5305559],[5.687945,52.5305559],[5.6879156,52.5305559],[5.6878861,52.5305559],[5.6878566,52.5305559],[5.6878272,52.530556],[5.6877977,52.530556],[5.6877682,52.530556],[5.6877387,52.530556],[5.6877093,52.530556],[5.6876798,52.530556],[5.6876503,52.5305561],[5.6876209,52.5305561],[5.6875914,52.5305561],[5.6875619,52.5305561],[5.6875324,52.5305561],[5.687503,52.5305561],[5.6874735,52.5305562],[5.687444,52.5305562],[5.6874146,52.5305562],[5.6873851,52.5305562],[5.6873556,52.5305562],[5.6873262,52.5305562],[5.6872967,52.5305563],[5.6872672,52.5305563],[5.6872377,52.5305563],[5.6872083,52.5305563],[5.6871788,52.5305563],[5.6871493,52.5305563],[5.6871199,52.5305564],[5.6870904,52.5305564],[5.6870609,52.5305564],[5.6870314,52.5305564],[5.687002,52.5305564],[5.6869725,52.5305564],[5.686943,52.5305565],[5.6869136,52.5305565],[5.6868841,52.5305565],[5.6868546,52.5305565],[5.6868251,52.5305565],[5.6867957,52.5305565],[5.6867662,52.5305566],[5.6867367,52.5305566],[5.6867073,52.5305566],[5.6866778,52.5305566],[5.6866483,52.5305566],[5.6866188,52.5305566],[5.6865894,52.5305567],[5.6865599,52.5305567],[5.6865304,52.5305567],[5.686501,52.5305567],[5.6864715,52.5305567],[5.686442,52.5305567],[5.6864125,52.5305568],[5.6863831,52.5305568],[5.6863536,52.5305568],[5.6863241,52.5305568],[5.6862947,52.5305568],[5.6862652,52.5305568],[5.6862357,52.5305569],[5.6862063,52.5305569],[5.6861768,52.5305569],[5.6861473,52.5305569],[5.6861178,52.5305569],[5.6860884,52.5305569],[5.6860589,52.530557],[5.6860294,52.530557],[5.686,52.530557],[5.6859705,52.530557],[5.685941,52.530557],[5.6859115,52.530557],[5.6858821,52.5305571],[5.6858526,52.5305571],[5.6858231,52.5305571],[5.6857937,52.5305571],[5.6857642,52.5305571],[5.6857347,52.5305571],[5.6857052,52.5305572],[5.6856758,52.5305572],[5.6856463,52.5305572],[5.6856168,52.5305572],[5.6855874,52.5305572],[5.6855579,52.5305572],[5.6855284,52.5305573],[5.6854989,52.5305573],[5.6854695,52.5305573],[5.68544,52.5305573],[5.6854105,52.5305573],[5.6853811,52.5305573],[5.6853516,52.5305574],[5.6853221,52.5305574],[5.6852926,52.5305574],[5.6852632,52.5305574],[5.6852337,52.5305574],[5.6852042,52.5305574],[5.6851748,52.5305574],[5.6851453,52.5305575],[5.6851158,52.5305575],[5.6850864,52.5305575],[5.6850569,52.5305575],[5.6850274,52.5305575],[5.6849979,52.5305575],[5.6849685,52.5305576],[5.684939,52.5305576],[5.6849095,52.5305576],[5.6848801,52.5305576],[5.6848506,52.5305576],[5.6848211,52.5305576],[5.6847916,52.5305577],[5.6847622,52.5305577],[5.6847327,52.5305577],[5.6847032,52.5305577],[5.6846738,52.5305577],[5.6846443,52.5305577],[5.6846148,52.5305578],[5.6845853,52.5305578],[5.6845559,52.5305578],[5.6845264,52.5305578],[5.6844969,52.5305578],[5.6844675,52.5305578],[5.684438,52.5305579],[5.6844085,52.5305579],[5.684379,52.5305579],[5.6843496,52.5305579],[5.6843201,52.5305579],[5.6842906,52.5305579],[5.6842612,52.5305579],[5.6842317,52.530558],[5.6842022,52.530558],[5.6841727,52.530558],[5.6841433,52.530558],[5.6841138,52.530558],[5.6840843,52.530558],[5.6840549,52.5305581],[5.6840254,52.5305581],[5.6839959,52.5305581],[5.6839665,52.5305581],[5.683937,52.5305581],[5.6839075,52.5305581],[5.683878,52.5305582],[5.6838486,52.5305582],[5.6838191,52.5305582],[5.6837896,52.5305582],[5.6837602,52.5305582],[5.6837307,52.5305582],[5.6837012,52.5305583],[5.6836717,52.5305583],[5.6836423,52.5305583],[5.6836128,52.5305583],[5.6835833,52.5305583],[5.6835539,52.5305583],[5.6835244,52.5305583],[5.6834949,52.5305584],[5.6834654,52.5305584],[5.683436,52.5305584],[5.6834065,52.5305584],[5.683377,52.5305584],[5.6833476,52.5305584],[5.6833181,52.5305585],[5.6832886,52.5305585],[5.6832591,52.5305585],[5.6832297,52.5305585],[5.6832002,52.5305585],[5.6831707,52.5305585],[5.6831413,52.5305586],[5.6831118,52.5305586],[5.6830823,52.5305586],[5.6830528,52.5305586],[5.6830234,52.5305586],[5.6829939,52.5305586],[5.6829644,52.5305586],[5.682935,52.5305587],[5.6829055,52.5305587],[5.682876,52.5305587],[5.6828465,52.5305587],[5.6828171,52.5305587],[5.6827876,52.5305587],[5.6827581,52.5305588],[5.6827287,52.5305588],[5.6826992,52.5305588],[5.6826697,52.5305588],[5.6826403,52.5305588],[5.6826108,52.5305588],[5.6825813,52.5305588],[5.6825518,52.5305589],[5.6825224,52.5305589],[5.6824929,52.5305589],[5.6824634,52.5305589],[5.682434,52.5305589],[5.6824045,52.5305589],[5.682375,52.530559],[5.6823455,52.530559],[5.6823161,52.530559],[5.6822866,52.530559],[5.6822571,52.530559],[5.6822277,52.530559],[5.6821982,52.5305591],[5.6821687,52.5305591],[5.6821392,52.5305591],[5.6821098,52.5305591],[5.6820803,52.5305591],[5.6820508,52.5305591],[5.6820214,52.5305591],[5.6819919,52.5305592],[5.6819624,52.5305592],[5.6819329,52.5305592],[5.6819035,52.5305592],[5.681874,52.5305592],[5.6818445,52.5305592],[5.6818151,52.5305593],[5.6817856,52.5305593],[5.6817561,52.5305593],[5.6817266,52.5305593],[5.6816972,52.5305593],[5.6816677,52.5305593],[5.6816382,52.5305593],[5.6816088,52.5305594],[5.6815793,52.5305594],[5.6815498,52.5305594],[5.6815204,52.5305594],[5.6814909,52.5305594],[5.6814614,52.5305594],[5.6814319,52.5305595],[5.6814025,52.5305595],[5.681373,52.5305595],[5.6813435,52.5305595],[5.6813141,52.5305595],[5.6812846,52.5305595],[5.6812551,52.5305595],[5.6812256,52.5305596],[5.6811962,52.5305596],[5.6811667,52.5305596],[5.6811372,52.5305596],[5.6811078,52.5305596],[5.6810783,52.5305596],[5.6810488,52.5305596],[5.6810193,52.5305597],[5.6809899,52.5305597],[5.6809604,52.5305597],[5.6809309,52.5305597],[5.6809015,52.5305597],[5.680872,52.5305597],[5.6808425,52.5305598],[5.680813,52.5305598],[5.6807836,52.5305598],[5.6807541,52.5305598],[5.6807246,52.5305598],[5.6806952,52.5305598],[5.6806657,52.5305598],[5.6806362,52.5305599],[5.6806067,52.5305599],[5.6805773,52.5305599],[5.6805478,52.5305599],[5.6805183,52.5305599],[5.6804889,52.5305599],[5.6804594,52.53056],[5.6804299,52.53056],[5.6804005,52.53056],[5.680371,52.53056],[5.6803415,52.53056],[5.680312,52.53056],[5.6802826,52.53056],[5.6802531,52.5305601],[5.6802236,52.5305601],[5.6801942,52.5305601],[5.6801647,52.5305601],[5.6801352,52.5305601],[5.6801057,52.5305601],[5.6800763,52.5305601],[5.6800468,52.5305602],[5.6800173,52.5305602],[5.6799879,52.5305602],[5.6799584,52.5305602],[5.6799289,52.5305602],[5.6798994,52.5305602],[5.67987,52.5305603],[5.6798405,52.5305603],[5.679811,52.5305603],[5.6797816,52.5305603],[5.6797521,52.5305603],[5.6797226,52.5305603],[5.6796931,52.5305603],[5.6796637,52.5305604],[5.6796342,52.5305604],[5.6796047,52.5305604],[5.6795753,52.5305604],[5.6795458,52.5305604],[5.6795163,52.5305604],[5.6794868,52.5305604],[5.6794574,52.5305605],[5.6794279,52.5305605],[5.6793984,52.5305605],[5.679369,52.5305605],[5.6793395,52.5305605],[5.67931,52.5305605],[5.6792806,52.5305605],[5.6792511,52.5305606],[5.6792216,52.5305606],[5.6791921,52.5305606],[5.6791627,52.5305606],[5.6791332,52.5305606],[5.6791037,52.5305606],[5.6790743,52.5305607],[5.6790448,52.5305607],[5.6790153,52.5305607],[5.6789858,52.5305607],[5.6789564,52.5305607],[5.6789269,52.5305607],[5.6788974,52.5305607],[5.678868,52.5305608],[5.6788385,52.5305608],[5.678809,52.5305608],[5.6787795,52.5305608],[5.6787501,52.5305608],[5.6787206,52.5305608],[5.6786911,52.5305608],[5.6786617,52.5305609],[5.6786322,52.5305609],[5.6786027,52.5305609],[5.6785732,52.5305609],[5.6785438,52.5305609],[5.6785143,52.5305609],[5.6784848,52.5305609],[5.6784554,52.530561],[5.6784259,52.530561],[5.6783964,52.530561],[5.6783669,52.530561],[5.6783375,52.530561],[5.678308,52.530561],[5.6782785,52.530561],[5.6782491,52.5305611],[5.6782196,52.5305611],[5.6781901,52.5305611],[5.6781607,52.5305611],[5.6781312,52.5305611],[5.6781017,52.5305611],[5.6780722,52.5305611],[5.6780428,52.5305612],[5.6780133,52.5305612],[5.6779838,52.5305612],[5.6779544,52.5305612],[5.6779249,52.5305612],[5.6778954,52.5305612],[5.6778659,52.5305612],[5.6778365,52.5305613],[5.677807,52.5305613],[5.6777775,52.5305613],[5.6777481,52.5305613],[5.6777186,52.5305613],[5.6776891,52.5305613],[5.6776596,52.5305613],[5.6776302,52.5305614],[5.6776007,52.5305614],[5.6775712,52.5305614],[5.6775418,52.5305614],[5.6775123,52.5305614],[5.6774828,52.5305614],[5.6774533,52.5305614],[5.6774239,52.5305615],[5.6773944,52.5305615],[5.6773649,52.5305615],[5.6773355,52.5305615],[5.677306,52.5305615],[5.6772765,52.5305615],[5.677247,52.5305615],[5.6772176,52.5305616],[5.6771881,52.5305616],[5.6771586,52.5305616],[5.6771292,52.5305616],[5.6770997,52.5305616],[5.6770702,52.5305616],[5.6770408,52.5305616],[5.6770113,52.5305617],[5.6769818,52.5305617],[5.6769523,52.5305617],[5.6769229,52.5305617],[5.6768934,52.5305617],[5.6768639,52.5305617],[5.6768345,52.5305617],[5.676805,52.5305618],[5.6767755,52.5305618],[5.676746,52.5305618],[5.6767166,52.5305618],[5.6766871,52.5305618],[5.6766576,52.5305618],[5.6766282,52.5305618],[5.6765987,52.5305619],[5.6765692,52.5305619],[5.6765397,52.5305619],[5.6765103,52.5305619],[5.6764808,52.5305619],[5.6764513,52.5305619],[5.6764219,52.5305619],[5.6763924,52.530562],[5.6763629,52.530562],[5.6763334,52.530562],[5.676304,52.530562],[5.6762745,52.530562],[5.676245,52.530562],[5.6762156,52.530562],[5.6761861,52.5305621],[5.6761566,52.5305621],[5.6761271,52.5305621],[5.6760977,52.5305621],[5.6760682,52.5305621],[5.6760387,52.5305621],[5.6760093,52.5305621],[5.6759798,52.5305622],[5.6759503,52.5305622],[5.6759208,52.5305622],[5.6758914,52.5305622],[5.6758619,52.5305622],[5.6758324,52.5305622],[5.675803,52.5305622],[5.6757735,52.5305623],[5.675744,52.5305623],[5.6757146,52.5305623],[5.6756851,52.5305623],[5.6756556,52.5305623],[5.6756261,52.5305623],[5.6755967,52.5305623],[5.6755672,52.5305623],[5.6755377,52.5305624],[5.6755083,52.5305624],[5.6754788,52.5305624],[5.6754493,52.5305624],[5.6754198,52.5305624],[5.6753904,52.5305624],[5.6753609,52.5305624],[5.6753314,52.5305625],[5.675302,52.5305625],[5.6752725,52.5305625],[5.675243,52.5305625],[5.6752135,52.5305625],[5.6751841,52.5305625],[5.6751546,52.5305625],[5.6751251,52.5305626],[5.6750957,52.5305626],[5.6750662,52.5305626],[5.6750367,52.5305626],[5.6750072,52.5305626],[5.6749778,52.5305626],[5.6749483,52.5305626],[5.6749188,52.5305627],[5.6748894,52.5305627],[5.6748599,52.5305627],[5.6748304,52.5305627],[5.6748009,52.5305627],[5.6747715,52.5305627],[5.674742,52.5305627],[5.6747125,52.5305627],[5.6746831,52.5305628],[5.6746536,52.5305628],[5.6746241,52.5305628],[5.6745947,52.5305628],[5.6745652,52.5305628],[5.6745357,52.5305628],[5.6745062,52.5305628],[5.6744768,52.5305629],[5.6744473,52.5305629],[5.6744178,52.5305629],[5.6743884,52.5305629],[5.6743589,52.5305629],[5.6743294,52.5305629],[5.6742999,52.5305629],[5.6742705,52.530563],[5.674241,52.530563],[5.6742115,52.530563],[5.6741821,52.530563],[5.6741526,52.530563],[5.6741231,52.530563],[5.6740936,52.530563],[5.6740642,52.530563],[5.6740347,52.5305631],[5.6740052,52.5305631],[5.6739758,52.5305631],[5.6739463,52.5305631],[5.6739168,52.5305631],[5.6738873,52.5305631],[5.6738579,52.5305631],[5.6738284,52.5305632],[5.6737989,52.5305632],[5.6737695,52.5305632],[5.67374,52.5305632],[5.6737105,52.5305632],[5.673681,52.5305632],[5.6736516,52.5305632],[5.6736221,52.5305632],[5.6735926,52.5305633],[5.6735632,52.5305633],[5.6735337,52.5305633],[5.6735042,52.5305633],[5.6734748,52.5305633],[5.6734453,52.5305633],[5.6734158,52.5305633],[5.6733863,52.5305634],[5.6733569,52.5305634],[5.6733274,52.5305634],[5.6732979,52.5305634],[5.6732685,52.5305634],[5.673239,52.5305634],[5.6732095,52.5305634],[5.67318,52.5305634],[5.6731506,52.5305635],[5.6731211,52.5305635],[5.6730916,52.5305635],[5.6730622,52.5305635],[5.6730327,52.5305635],[5.6730032,52.5305635],[5.6729737,52.5305635],[5.6729443,52.5305636],[5.6729148,52.5305636],[5.6728853,52.5305636],[5.6728559,52.5305636],[5.6728264,52.5305636],[5.6727969,52.5305636],[5.6727674,52.5305636],[5.672738,52.5305636],[5.6727085,52.5305637],[5.672679,52.5305637],[5.6726496,52.5305637],[5.6726201,52.5305637],[5.6725906,52.5305637],[5.6725611,52.5305637],[5.6725317,52.5305637],[5.6725022,52.5305637],[5.6724727,52.5305638],[5.6724433,52.5305638],[5.6724138,52.5305638],[5.6723843,52.5305638],[5.6723549,52.5305638],[5.6723254,52.5305638],[5.6722959,52.5305638],[5.6722664,52.5305639],[5.672237,52.5305639],[5.6722075,52.5305639],[5.672178,52.5305639],[5.6721486,52.5305639],[5.6721191,52.5305639],[5.6720896,52.5305639],[5.6720601,52.5305639],[5.6720307,52.530564],[5.6720012,52.530564],[5.6719717,52.530564],[5.6719423,52.530564],[5.6719128,52.530564],[5.6718833,52.530564],[5.6718538,52.530564],[5.6718244,52.530564],[5.6717949,52.5305641],[5.6717654,52.5305641],[5.671736,52.5305641],[5.6717065,52.5305641],[5.671677,52.5305641],[5.6716475,52.5305641],[5.6716181,52.5305641],[5.6715886,52.5305641],[5.6715591,52.5305642],[5.6715297,52.5305642],[5.6715002,52.5305642],[5.6714707,52.5305642],[5.6714412,52.5305642],[5.6714118,52.5305642],[5.6713823,52.5305642],[5.6713528,52.5305643],[5.6713234,52.5305643],[5.6712939,52.5305643],[5.6712644,52.5305643],[5.6712349,52.5305643],[5.6712055,52.5305643],[5.671176,52.5305643],[5.6711465,52.5305643],[5.6711171,52.5305644],[5.6710876,52.5305644],[5.6710581,52.5305644],[5.6710287,52.5305644],[5.6709992,52.5305644],[5.6709697,52.5305644],[5.6709402,52.5305644],[5.6709108,52.5305644],[5.6708813,52.5305645],[5.6708518,52.5305645],[5.6708224,52.5305645],[5.6707929,52.5305645],[5.6707634,52.5305645],[5.6707339,52.5305645],[5.6707045,52.5305645],[5.670675,52.5305645],[5.6706455,52.5305646],[5.6706161,52.5305646],[5.6705866,52.5305646],[5.6705571,52.5305646],[5.6705276,52.5305646],[5.6704982,52.5305646],[5.6704687,52.5305646],[5.6704392,52.5305646],[5.6704098,52.5305647],[5.6703803,52.5305647],[5.6703508,52.5305647],[5.6703213,52.5305647],[5.6702919,52.5305647],[5.6702624,52.5305647],[5.6702329,52.5305647],[5.6702035,52.5305647],[5.670174,52.5305648],[5.6701445,52.5305648],[5.670115,52.5305648],[5.6700856,52.5305648],[5.6700561,52.5305648],[5.6700266,52.5305648],[5.6699972,52.5305648],[5.6699677,52.5305648],[5.6699382,52.5305649],[5.6699088,52.5305649],[5.6698793,52.5305649],[5.6698498,52.5305649],[5.6698203,52.5305649],[5.6697909,52.5305649],[5.6697614,52.5305649],[5.6697319,52.5305649],[5.6697025,52.530565],[5.669673,52.530565],[5.6696435,52.530565],[5.669614,52.530565],[5.6695846,52.530565],[5.6695551,52.530565],[5.6695256,52.530565],[5.6694962,52.530565],[5.6694667,52.5305651],[5.6694372,52.5305651],[5.6694077,52.5305651],[5.6693783,52.5305651],[5.6693488,52.5305651],[5.6693193,52.5305651],[5.6692899,52.5305651],[5.6692604,52.5305651],[5.6692309,52.5305652],[5.6692014,52.5305652],[5.669172,52.5305652],[5.6691425,52.5305652],[5.669113,52.5305652],[5.6690836,52.5305652],[5.6690541,52.5305652],[5.6690246,52.5305652],[5.6689951,52.5305653],[5.6689657,52.5305653],[5.6689362,52.5305653],[5.6689067,52.5305653],[5.6688773,52.5305653],[5.6688478,52.5305653],[5.6688183,52.5305653],[5.6687889,52.5305653],[5.6687594,52.5305653],[5.6687299,52.5305654],[5.6687004,52.5305654],[5.668671,52.5305654],[5.6686415,52.5305654],[5.668612,52.5305654],[5.6685826,52.5305654],[5.6685531,52.5305654],[5.6685236,52.5305654],[5.6684941,52.5305655],[5.6684647,52.5305655],[5.6684352,52.5305655],[5.6684057,52.5305655],[5.6683763,52.5305655],[5.6683468,52.5305655],[5.6683173,52.5305655],[5.6682878,52.5305655],[5.6682584,52.5305656],[5.6682289,52.5305656],[5.6681994,52.5305656],[5.66817,52.5305656],[5.6681405,52.5305656],[5.668111,52.5305656],[5.6680815,52.5305656],[5.6680521,52.5305656],[5.6680226,52.5305656],[5.6679931,52.5305657],[5.6679637,52.5305657],[5.6679342,52.5305657],[5.6679047,52.5305657],[5.6678752,52.5305657],[5.6678458,52.5305657],[5.6678163,52.5305657],[5.6677868,52.5305657],[5.6677574,52.5305658],[5.6677279,52.5305658],[5.6676984,52.5305658],[5.6676689,52.5305658],[5.6676395,52.5305658],[5.66761,52.5305658],[5.6675805,52.5305658],[5.6675511,52.5305658],[5.6675216,52.5305659],[5.6674921,52.5305659],[5.6674627,52.5305659],[5.6674332,52.5305659],[5.6674037,52.5305659],[5.6673742,52.5305659],[5.6673448,52.5305659],[5.6673153,52.5305659],[5.6672858,52.5305659],[5.6672564,52.530566],[5.6672269,52.530566],[5.6671974,52.530566],[5.6671679,52.530566],[5.6671385,52.530566],[5.667109,52.530566],[5.6670795,52.530566],[5.6670501,52.530566],[5.6670206,52.5305661],[5.6669911,52.5305661],[5.6669616,52.5305661],[5.6669322,52.5305661],[5.6669027,52.5305661],[5.6668732,52.5305661],[5.6668438,52.5305661],[5.6668143,52.5305661],[5.6667848,52.5305661],[5.6667553,52.5305662],[5.6667259,52.5305662],[5.6666964,52.5305662],[5.6666669,52.5305662],[5.6666375,52.5305662],[5.666608,52.5305662],[5.6665785,52.5305662],[5.666549,52.5305662],[5.6665196,52.5305663],[5.6664901,52.5305663],[5.6664606,52.5305663],[5.6664312,52.5305663],[5.6664017,52.5305663],[5.6663722,52.5305663],[5.6663428,52.5305663],[5.6663133,52.5305663],[5.6662838,52.5305663],[5.6662543,52.5305664],[5.6662249,52.5305664],[5.6661954,52.5305664],[5.6661659,52.5305664],[5.6661365,52.5305664],[5.666107,52.5305664],[5.6660775,52.5305664],[5.666048,52.5305664],[5.6660186,52.5305664],[5.6659891,52.5305665],[5.6659596,52.5305665],[5.6659302,52.5305665],[5.6659007,52.5305665],[5.6658712,52.5305665],[5.6658417,52.5305665],[5.6658123,52.5305665],[5.6657828,52.5305665],[5.6657533,52.5305665],[5.6657239,52.5305666],[5.6656944,52.5305666],[5.6656649,52.5305666],[5.6656354,52.5305666],[5.665606,52.5305666],[5.6655765,52.5305666],[5.665547,52.5305666],[5.6655176,52.5305666],[5.6654881,52.5305667],[5.6654586,52.5305667],[5.6654291,52.5305667],[5.6653997,52.5305667],[5.6653702,52.5305667],[5.6653407,52.5305667],[5.6653113,52.5305667],[5.6652818,52.5305667],[5.6652523,52.5305667],[5.6652229,52.5305668],[5.6651934,52.5305668],[5.6651639,52.5305668],[5.6651344,52.5305668],[5.665105,52.5305668],[5.6650755,52.5305668],[5.665046,52.5305668],[5.6650166,52.5305668],[5.6649871,52.5305668],[5.6649576,52.5305669],[5.6649281,52.5305669],[5.6648987,52.5305669],[5.6648692,52.5305669],[5.6648397,52.5305669],[5.6648103,52.5305669],[5.6647808,52.5305669],[5.6647513,52.5305669],[5.6647218,52.5305669],[5.6646924,52.530567],[5.6646629,52.530567],[5.6646334,52.530567],[5.664604,52.530567],[5.6645745,52.530567],[5.664545,52.530567],[5.6645155,52.530567],[5.6644861,52.530567],[5.6644566,52.530567],[5.6644271,52.5305671],[5.6643977,52.5305671],[5.6643682,52.5305671],[5.6643387,52.5305671],[5.6643092,52.5305671],[5.6642798,52.5305671],[5.6642503,52.5305671],[5.6642208,52.5305671],[5.6641914,52.5305671],[5.6641619,52.5305672],[5.6641324,52.5305672],[5.6641029,52.5305672],[5.6640735,52.5305672],[5.664044,52.5305672],[5.6640145,52.5305672],[5.6639851,52.5305672],[5.6639556,52.5305672],[5.6639261,52.5305672],[5.6638967,52.5305673],[5.6638672,52.5305673],[5.6638377,52.5305673],[5.6638082,52.5305673],[5.6637788,52.5305673],[5.6637493,52.5305673],[5.6637198,52.5305673],[5.6636904,52.5305673],[5.6636609,52.5305673],[5.6636314,52.5305673],[5.6636019,52.5305674],[5.6635725,52.5305674],[5.663543,52.5305674],[5.6635135,52.5305674],[5.6634841,52.5305674],[5.6634546,52.5305674],[5.6634251,52.5305674],[5.6633956,52.5305674],[5.6633662,52.5305674],[5.6633367,52.5305675],[5.6633072,52.5305675],[5.6632778,52.5305675],[5.6632483,52.5305675],[5.6632188,52.5305675],[5.6631893,52.5305675],[5.6631599,52.5305675],[5.6631304,52.5305675],[5.6631009,52.5305675],[5.6630715,52.5305676],[5.663042,52.5305676],[5.6630125,52.5305676],[5.662983,52.5305676],[5.6629536,52.5305676],[5.6629241,52.5305676],[5.6628946,52.5305676],[5.6628652,52.5305676],[5.6628357,52.5305676],[5.6628062,52.5305677],[5.6627768,52.5305677],[5.6627473,52.5305677],[5.6627178,52.5305677],[5.6626883,52.5305677],[5.6626589,52.5305677],[5.6626294,52.5305677],[5.6625999,52.5305677],[5.6625705,52.5305677],[5.662541,52.5305677],[5.6625115,52.5305678],[5.662482,52.5305678],[5.6624526,52.5305678],[5.6624231,52.5305678],[5.6623936,52.5305678],[5.6623642,52.5305678],[5.6623347,52.5305678],[5.6623052,52.5305678],[5.6622757,52.5305678],[5.6622463,52.5305679],[5.6622168,52.5305679],[5.6621873,52.5305679],[5.6621579,52.5305679],[5.6621284,52.5305679],[5.6620989,52.5305679],[5.6620694,52.5305679],[5.66204,52.5305679],[5.6620105,52.5305679],[5.661981,52.5305679],[5.6619516,52.530568],[5.6619221,52.530568],[5.6618926,52.530568],[5.6618631,52.530568],[5.6618337,52.530568],[5.6618042,52.530568],[5.6617747,52.530568],[5.6617453,52.530568],[5.6617158,52.530568],[5.6616863,52.5305681],[5.6616568,52.5305681],[5.6616274,52.5305681],[5.6615979,52.5305681],[5.6615684,52.5305681],[5.661539,52.5305681],[5.6615095,52.5305681],[5.66148,52.5305681],[5.6614506,52.5305681],[5.6614211,52.5305681],[5.6613916,52.5305682],[5.6613621,52.5305682],[5.6613327,52.5305682],[5.6613032,52.5305682],[5.6612737,52.5305682],[5.6612443,52.5305682],[5.6612148,52.5305682],[5.6611853,52.5305682],[5.6611558,52.5305682],[5.6611264,52.5305682],[5.6610969,52.5305683],[5.6610674,52.5305683],[5.661038,52.5305683],[5.6610085,52.5305683],[5.660979,52.5305683],[5.6609495,52.5305683],[5.6609201,52.5305683],[5.6608906,52.5305683],[5.6608611,52.5305683],[5.6608317,52.5305683],[5.6608022,52.5305684],[5.6607727,52.5305684],[5.6607432,52.5305684],[5.6607138,52.5305684],[5.6606843,52.5305684],[5.6606548,52.5305684],[5.6606254,52.5305684],[5.6605959,52.5305684],[5.6605664,52.5305684],[5.6605369,52.5305685],[5.6605075,52.5305685],[5.660478,52.5305685],[5.6604485,52.5305685],[5.6604191,52.5305685],[5.6603896,52.5305685],[5.6603601,52.5305685],[5.6603307,52.5305685],[5.6603012,52.5305685],[5.6602717,52.5305685],[5.6602422,52.5305686],[5.6602128,52.5305686],[5.6601833,52.5305686],[5.6601538,52.5305686],[5.6601244,52.5305686],[5.6600949,52.5305686],[5.6600654,52.5305686],[5.6600359,52.5305686],[5.6600065,52.5305686],[5.659977,52.5305686],[5.6599475,52.5305687],[5.6599181,52.5305687],[5.6598886,52.5305687],[5.6598591,52.5305687],[5.6598296,52.5305687],[5.6598002,52.5305687],[5.6597707,52.5305687],[5.6597412,52.5305687],[5.6597118,52.5305687],[5.6596823,52.5305687],[5.6596528,52.5305687],[5.6596233,52.5305688],[5.6595939,52.5305688],[5.6595644,52.5305688],[5.6595349,52.5305688],[5.6595055,52.5305688],[5.659476,52.5305688],[5.6594465,52.5305688],[5.659417,52.5305688],[5.6593876,52.5305688],[5.6593581,52.5305688],[5.6593286,52.5305689],[5.6592992,52.5305689],[5.6592697,52.5305689],[5.6592402,52.5305689],[5.6592108,52.5305689],[5.6591813,52.5305689],[5.6591518,52.5305689],[5.6591223,52.5305689],[5.6590929,52.5305689],[5.6590634,52.5305689],[5.6590339,52.530569],[5.6590045,52.530569],[5.658975,52.530569],[5.6589455,52.530569],[5.658916,52.530569],[5.6588866,52.530569],[5.6588571,52.530569],[5.6588276,52.530569],[5.6587982,52.530569],[5.6587687,52.530569],[5.6587392,52.5305691],[5.6587097,52.5305691],[5.6586803,52.5305691],[5.6586508,52.5305691],[5.6586213,52.5305691],[5.6585919,52.5305691],[5.6585624,52.5305691],[5.6585329,52.5305691],[5.6585034,52.5305691],[5.658474,52.5305691],[5.6584445,52.5305691],[5.658415,52.5305692],[5.6583856,52.5305692],[5.6583561,52.5305692],[5.6583266,52.5305692],[5.6582971,52.5305692],[5.6582677,52.5305692],[5.6582382,52.5305692],[5.6582087,52.5305692],[5.6581793,52.5305692],[5.6581498,52.5305692],[5.6581203,52.5305693],[5.6580908,52.5305693],[5.6580614,52.5305693],[5.6580319,52.5305693],[5.6580024,52.5305693],[5.657973,52.5305693],[5.6579435,52.5305693],[5.657914,52.5305693],[5.6578846,52.5305693],[5.6578551,52.5305693],[5.6578256,52.5305693],[5.6577961,52.5305694],[5.6577667,52.5305694],[5.6577372,52.5305694],[5.6577077,52.5305694],[5.6576783,52.5305694],[5.6576488,52.5305694],[5.6576193,52.5305694],[5.6575898,52.5305694],[5.6575604,52.5305694],[5.6575309,52.5305694],[5.6575014,52.5305695],[5.657472,52.5305695],[5.6574425,52.5305695],[5.657413,52.5305695],[5.6573835,52.5305695],[5.6573541,52.5305695],[5.6573246,52.5305695],[5.6572951,52.5305695],[5.6572657,52.5305695],[5.6572362,52.5305695],[5.6572067,52.5305695],[5.6571772,52.5305696],[5.6571478,52.5305696],[5.6571183,52.5305696],[5.6570888,52.5305696],[5.6570594,52.5305696],[5.6570299,52.5305696],[5.6570004,52.5305696],[5.6569709,52.5305696],[5.6569415,52.5305696],[5.656912,52.5305696],[5.6568825,52.5305696],[5.6568531,52.5305697],[5.6568236,52.5305697],[5.6567941,52.5305697],[5.6567647,52.5305697],[5.6567352,52.5305697],[5.6567057,52.5305697],[5.6566762,52.5305697],[5.6566468,52.5305697],[5.6566173,52.5305697],[5.6565878,52.5305697],[5.6565584,52.5305697],[5.6565289,52.5305698],[5.6564994,52.5305698],[5.6564699,52.5305698],[5.6564405,52.5305698],[5.656411,52.5305698],[5.6563815,52.5305698],[5.6563521,52.5305698],[5.6563226,52.5305698],[5.6562931,52.5305698],[5.6562636,52.5305698],[5.6562342,52.5305698],[5.6562047,52.5305699],[5.6561752,52.5305699],[5.6561458,52.5305699],[5.6561163,52.5305699],[5.6560868,52.5305699],[5.6560573,52.5305699],[5.6560279,52.5305699],[5.6559984,52.5305699],[5.6559689,52.5305699],[5.6559395,52.5305699],[5.65591,52.5305699],[5.6558805,52.53057],[5.655851,52.53057],[5.6558216,52.53057],[5.6557921,52.53057],[5.6557626,52.53057],[5.6557332,52.53057],[5.6557037,52.53057],[5.6556742,52.53057],[5.6556447,52.53057],[5.6556153,52.53057],[5.6555858,52.53057],[5.6555563,52.5305701],[5.6555269,52.5305701],[5.6554974,52.5305701],[5.6554679,52.5305701],[5.6554385,52.5305701],[5.655409,52.5305701],[5.6553795,52.5305701],[5.65535,52.5305701],[5.6553206,52.5305701],[5.6552911,52.5305701],[5.6552616,52.5305701],[5.6552322,52.5305701],[5.6552027,52.5305702],[5.6551732,52.5305702],[5.6551437,52.5305702],[5.6551143,52.5305702],[5.6550848,52.5305702],[5.6550553,52.5305702],[5.6550259,52.5305702],[5.6549964,52.5305702],[5.6549669,52.5305702],[5.6549374,52.5305702],[5.654908,52.5305702],[5.6548785,52.5305703],[5.654849,52.5305703],[5.6548196,52.5305703],[5.6547901,52.5305703],[5.6547606,52.5305703],[5.6547311,52.5305703],[5.6547017,52.5305703],[5.6546722,52.5305703],[5.6546427,52.5305703],[5.6546133,52.5305703],[5.6545838,52.5305703],[5.6545543,52.5305703],[5.6545248,52.5305704],[5.6544954,52.5305704],[5.6544659,52.5305704],[5.6544364,52.5305704],[5.654407,52.5305704],[5.6543775,52.5305704],[5.654348,52.5305704],[5.6543186,52.5305704],[5.6542891,52.5305704],[5.6542596,52.5305704],[5.6542301,52.5305704],[5.6542007,52.5305705],[5.6541712,52.5305705],[5.6541417,52.5305705],[5.6541123,52.5305705],[5.6540828,52.5305705],[5.6540533,52.5305705],[5.6540238,52.5305705],[5.6539944,52.5305705],[5.6539649,52.5305705],[5.6539354,52.5305705],[5.653906,52.5305705],[5.6538765,52.5305705],[5.653847,52.5305706],[5.6538175,52.5305706],[5.6537881,52.5305706],[5.6537586,52.5305706],[5.6537291,52.5305706],[5.6536997,52.5305706],[5.6536702,52.5305706],[5.6536407,52.5305706],[5.6536112,52.5305706],[5.6535818,52.5305706],[5.6535523,52.5305706],[5.6535228,52.5305706],[5.6534934,52.5305707],[5.6534639,52.5305707],[5.6534344,52.5305707],[5.6534049,52.5305707],[5.6533755,52.5305707],[5.653346,52.5305707],[5.6533165,52.5305707],[5.6532871,52.5305707],[5.6532576,52.5305707],[5.6532281,52.5305707],[5.6531986,52.5305707],[5.6531692,52.5305707],[5.6531397,52.5305708],[5.6531102,52.5305708],[5.6530808,52.5305708],[5.6530513,52.5305708],[5.6530218,52.5305708],[5.6529924,52.5305708],[5.6529629,52.5305708],[5.6529334,52.5305708],[5.6529039,52.5305708],[5.6528745,52.5305708],[5.652845,52.5305708],[5.6528155,52.5305708],[5.6527861,52.5305709],[5.6527566,52.5305709],[5.6527271,52.5305709],[5.6526976,52.5305709],[5.6526682,52.5305709],[5.6526387,52.5305709],[5.6526092,52.5305709],[5.6525798,52.5305709],[5.6525503,52.5305709],[5.6525208,52.5305709],[5.6524913,52.5305709],[5.6524619,52.5305709],[5.6524324,52.5305709],[5.6524029,52.530571],[5.6523735,52.530571],[5.652344,52.530571],[5.6523145,52.530571],[5.652285,52.530571],[5.6522556,52.530571],[5.6522261,52.530571],[5.6521966,52.530571],[5.6521672,52.530571],[5.6521377,52.530571],[5.6521082,52.530571],[5.6520787,52.530571],[5.6520493,52.5305711],[5.6520198,52.5305711],[5.6519903,52.5305711],[5.6519609,52.5305711],[5.6519314,52.5305711],[5.6519019,52.5305711],[5.6518725,52.5305711],[5.651843,52.5305711],[5.6518135,52.5305711],[5.651784,52.5305711],[5.6517546,52.5305711],[5.6517251,52.5305711],[5.6516956,52.5305711],[5.6516662,52.5305712],[5.6516367,52.5305712],[5.6516072,52.5305712],[5.6515777,52.5305712],[5.6515483,52.5305712],[5.6515188,52.5305712],[5.6514893,52.5305712],[5.6514599,52.5305712],[5.6514304,52.5305712],[5.6514009,52.5305712],[5.6513714,52.5305712],[5.651342,52.5305712],[5.6513125,52.5305712],[5.651283,52.5305713],[5.6512536,52.5305713],[5.6512241,52.5305713],[5.6511946,52.5305713],[5.6511651,52.5305713],[5.6511357,52.5305713],[5.6511062,52.5305713],[5.6510767,52.5305713],[5.6510473,52.5305713],[5.6510178,52.5305713],[5.6509883,52.5305713],[5.6509588,52.5305713],[5.6509294,52.5305714],[5.6508999,52.5305714],[5.6508704,52.5305714],[5.650841,52.5305714],[5.6508115,52.5305714],[5.650782,52.5305714],[5.6507525,52.5305714],[5.6507231,52.5305714],[5.6506936,52.5305714],[5.6506641,52.5305714],[5.6506347,52.5305714],[5.6506052,52.5305714],[5.6505757,52.5305714],[5.6505463,52.5305714],[5.6505168,52.5305715],[5.6504873,52.5305715],[5.6504578,52.5305715],[5.6504284,52.5305715],[5.6503989,52.5305715],[5.6503694,52.5305715],[5.65034,52.5305715],[5.6503105,52.5305715],[5.650281,52.5305715],[5.6502515,52.5305715],[5.6502221,52.5305715],[5.6501926,52.5305715],[5.6501631,52.5305715],[5.6501337,52.5305716],[5.6501042,52.5305716],[5.6500747,52.5305716],[5.6500452,52.5305716],[5.6500158,52.5305716],[5.6499863,52.5305716],[5.6499568,52.5305716],[5.6499274,52.5305716],[5.6498979,52.5305716],[5.6498684,52.5305716],[5.6498389,52.5305716],[5.6498095,52.5305716],[5.64978,52.5305716],[5.6497505,52.5305717],[5.6497211,52.5305717],[5.6496916,52.5305717],[5.6496621,52.5305717],[5.6496326,52.5305717],[5.6496032,52.5305717],[5.6495737,52.5305717],[5.6495442,52.5305717],[5.6495148,52.5305717],[5.6494853,52.5305717],[5.6494558,52.5305717],[5.6494264,52.5305717],[5.6493969,52.5305717],[5.6493674,52.5305717],[5.6493379,52.5305718],[5.6493085,52.5305718],[5.649279,52.5305718],[5.6492495,52.5305718],[5.6492201,52.5305718],[5.6491906,52.5305718],[5.6491611,52.5305718],[5.6491316,52.5305718],[5.6491022,52.5305718],[5.6490727,52.5305718],[5.6490432,52.5305718],[5.6490138,52.5305718],[5.6489843,52.5305718],[5.6489548,52.5305718],[5.6489253,52.5305719],[5.6488959,52.5305719],[5.6488664,52.5305719],[5.6488369,52.5305719],[5.6488075,52.5305719],[5.648778,52.5305719],[5.6487485,52.5305719],[5.648719,52.5305719],[5.6486896,52.5305719],[5.6486601,52.5305719],[5.6486306,52.5305719],[5.6486012,52.5305719],[5.6485717,52.5305719],[5.6485422,52.530572],[5.6485127,52.530572],[5.6484833,52.530572],[5.6484538,52.530572],[5.6484243,52.530572],[5.6483949,52.530572],[5.6483654,52.530572],[5.6483359,52.530572],[5.6483064,52.530572],[5.648277,52.530572],[5.6482475,52.530572],[5.648218,52.530572],[5.6481886,52.530572],[5.6481591,52.530572],[5.6481296,52.530572],[5.6481002,52.5305721],[5.6480707,52.5305721],[5.6480412,52.5305721],[5.6480117,52.5305721],[5.6479823,52.5305721],[5.6479528,52.5305721],[5.6479233,52.5305721],[5.6478939,52.5305721],[5.6478644,52.5305721],[5.6478349,52.5305721],[5.6478054,52.5305721],[5.647776,52.5305721],[5.6477465,52.5305721],[5.647717,52.5305721],[5.6476876,52.5305722],[5.6476581,52.5305722],[5.6476286,52.5305722],[5.6475991,52.5305722],[5.6475697,52.5305722],[5.6475402,52.5305722],[5.6475107,52.5305722],[5.6474813,52.5305722],[5.6474518,52.5305722],[5.6474223,52.5305722],[5.6473928,52.5305722],[5.6473634,52.5305722],[5.6473339,52.5305722],[5.6473044,52.5305722],[5.647275,52.5305722],[5.6472455,52.5305723],[5.647216,52.5305723],[5.6471865,52.5305723],[5.6471571,52.5305723],[5.6471276,52.5305723],[5.6470981,52.5305723],[5.6470687,52.5305723],[5.6470392,52.5305723],[5.6470097,52.5305723],[5.6469803,52.5305723],[5.6469508,52.5305723],[5.6469213,52.5305723],[5.6468918,52.5305723],[5.6468624,52.5305723],[5.6468329,52.5305723],[5.6468034,52.5305724],[5.646774,52.5305724],[5.6467445,52.5305724],[5.646715,52.5305724],[5.6466855,52.5305724],[5.6466561,52.5305724],[5.6466266,52.5305724],[5.6465971,52.5305724],[5.6465677,52.5305724],[5.6465382,52.5305724],[5.6465087,52.5305724],[5.6464792,52.5305724],[5.6464498,52.5305724],[5.6464203,52.5305724],[5.6463908,52.5305724],[5.6463614,52.5305725],[5.6463319,52.5305725],[5.6463024,52.5305725],[5.6462729,52.5305725],[5.6462435,52.5305725],[5.646214,52.5305725],[5.6461845,52.5305725],[5.6461551,52.5305725],[5.6461256,52.5305725],[5.6460961,52.5305725],[5.6460666,52.5305725],[5.6460372,52.5305725],[5.6460077,52.5305725],[5.6459782,52.5305725],[5.6459488,52.5305725],[5.6459193,52.5305726],[5.6458898,52.5305726],[5.6458603,52.5305726],[5.6458309,52.5305726],[5.6458014,52.5305726],[5.6457719,52.5305726],[5.6457425,52.5305726],[5.645713,52.5305726],[5.6456835,52.5305726],[5.6456541,52.5305726],[5.6456246,52.5305726],[5.6455951,52.5305726],[5.6455656,52.5305726],[5.6455362,52.5305726],[5.6455067,52.5305726],[5.6454772,52.5305726],[5.6454478,52.5305727],[5.6454183,52.5305727],[5.6453888,52.5305727],[5.6453593,52.5305727],[5.6453299,52.5305727],[5.6453004,52.5305727],[5.6452709,52.5305727],[5.6452415,52.5305727],[5.645212,52.5305727],[5.6451825,52.5305727],[5.645153,52.5305727],[5.6451236,52.5305727],[5.6450941,52.5305727],[5.6450646,52.5305727],[5.6450352,52.5305727],[5.6450057,52.5305727],[5.6449762,52.5305728],[5.6449467,52.5305728],[5.6449173,52.5305728],[5.6448878,52.5305728],[5.6448583,52.5305728],[5.6448289,52.5305728],[5.6447994,52.5305728],[5.6447699,52.5305728],[5.6447404,52.5305728],[5.644711,52.5305728],[5.6446815,52.5305728],[5.644652,52.5305728],[5.6446226,52.5305728],[5.6445931,52.5305728],[5.6445636,52.5305728],[5.6445342,52.5305728],[5.6445047,52.5305729],[5.6444752,52.5305729],[5.6444457,52.5305729],[5.6444163,52.5305729],[5.6443868,52.5305729],[5.6443573,52.5305729],[5.6443279,52.5305729],[5.6442984,52.5305729],[5.6442689,52.5305729],[5.6442394,52.5305729],[5.64421,52.5305729],[5.6441805,52.5305729],[5.644151,52.5305729],[5.6441216,52.5305729],[5.6440921,52.5305729],[5.6440626,52.5305729],[5.6440331,52.530573],[5.6440037,52.530573],[5.6439742,52.530573],[5.6439447,52.530573],[5.6439153,52.530573],[5.6438858,52.530573],[5.6438563,52.530573],[5.6438268,52.530573],[5.6437974,52.530573],[5.6437679,52.530573],[5.6437384,52.530573],[5.643709,52.530573],[5.6436795,52.530573],[5.64365,52.530573],[5.6436205,52.530573],[5.6435911,52.530573],[5.6435616,52.530573],[5.6435321,52.5305731],[5.6435027,52.5305731],[5.6434732,52.5305731],[5.6434437,52.5305731],[5.6434142,52.5305731],[5.6433848,52.5305731],[5.6433553,52.5305731],[5.6433258,52.5305731],[5.6432964,52.5305731],[5.6432669,52.5305731],[5.6432374,52.5305731],[5.643208,52.5305731],[5.6431785,52.5305731],[5.643149,52.5305731],[5.6431195,52.5305731],[5.6430901,52.5305731],[5.6430606,52.5305731],[5.6430311,52.5305732],[5.6430017,52.5305732],[5.6429722,52.5305732],[5.6429427,52.5305732],[5.6429132,52.5305732],[5.6428838,52.5305732],[5.6428543,52.5305732],[5.6428248,52.5305732],[5.6427954,52.5305732],[5.6427659,52.5305732],[5.6427364,52.5305732],[5.6427069,52.5305732],[5.6426775,52.5305732],[5.642648,52.5305732],[5.6426185,52.5305732],[5.6425891,52.5305732],[5.6425596,52.5305732],[5.6425301,52.5305732],[5.6425006,52.5305733],[5.6424712,52.5305733],[5.6424417,52.5305733],[5.6424122,52.5305733],[5.6423828,52.5305733],[5.6423533,52.5305733],[5.6423238,52.5305733],[5.6422943,52.5305733],[5.6422649,52.5305733],[5.6422354,52.5305733],[5.6422059,52.5305733],[5.6421765,52.5305733],[5.642147,52.5305733],[5.6421175,52.5305733],[5.6420881,52.5305733],[5.6420586,52.5305733],[5.6420291,52.5305733],[5.6419996,52.5305733],[5.6419702,52.5305734],[5.6419407,52.5305734],[5.6419112,52.5305734],[5.6418818,52.5305734],[5.6418523,52.5305734],[5.6418228,52.5305734],[5.6417933,52.5305734],[5.6417639,52.5305734],[5.6417344,52.5305734],[5.6417049,52.5305734],[5.6416755,52.5305734],[5.641646,52.5305734],[5.6416165,52.5305734],[5.641587,52.5305734],[5.6415576,52.5305734],[5.6415281,52.5305734],[5.6414986,52.5305734],[5.6414692,52.5305734],[5.6414397,52.5305734],[5.6414102,52.5305735],[5.6413807,52.5305735],[5.6413513,52.5305735],[5.6413218,52.5305735],[5.6412923,52.5305735],[5.6412629,52.5305735],[5.6412334,52.5305735],[5.6412039,52.5305735],[5.6411744,52.5305735],[5.641145,52.5305735],[5.6411155,52.5305735],[5.641086,52.5305735],[5.6410566,52.5305735],[5.6410271,52.5305735],[5.6409976,52.5305735],[5.6409681,52.5305735],[5.6409387,52.5305735],[5.6409092,52.5305735],[5.6408797,52.5305735],[5.6408503,52.5305736],[5.6408208,52.5305736],[5.6407913,52.5305736],[5.6407619,52.5305736],[5.6407324,52.5305736],[5.6407029,52.5305736],[5.6406734,52.5305736],[5.640644,52.5305736],[5.6406145,52.5305736],[5.640585,52.5305736],[5.6405556,52.5305736],[5.6405261,52.5305736],[5.6404966,52.5305736],[5.6404671,52.5305736],[5.6404377,52.5305736],[5.6404082,52.5305736],[5.6403787,52.5305736],[5.6403493,52.5305736],[5.6403198,52.5305736],[5.6402903,52.5305737],[5.6402608,52.5305737],[5.6402314,52.5305737],[5.6402019,52.5305737],[5.6401724,52.5305737],[5.640143,52.5305737],[5.6401135,52.5305737],[5.640084,52.5305737],[5.6400545,52.5305737],[5.6400251,52.5305737],[5.6399956,52.5305737],[5.6399661,52.5305737],[5.6399367,52.5305737],[5.6399072,52.5305737],[5.6398777,52.5305737],[5.6398482,52.5305737],[5.6398188,52.5305737],[5.6397893,52.5305737],[5.6397598,52.5305737],[5.6397304,52.5305737],[5.6397009,52.5305738],[5.6396714,52.5305738],[5.6396419,52.5305738],[5.6396125,52.5305738],[5.639583,52.5305738],[5.6395535,52.5305738],[5.6395241,52.5305738],[5.6394946,52.5305738],[5.6394651,52.5305738],[5.6394357,52.5305738],[5.6394062,52.5305738],[5.6393767,52.5305738],[5.6393472,52.5305738],[5.6393178,52.5305738],[5.6392883,52.5305738],[5.6392588,52.5305738],[5.6392294,52.5305738],[5.6391999,52.5305738],[5.6391704,52.5305738],[5.6391409,52.5305738],[5.6391115,52.5305738],[5.639082,52.5305739],[5.6390525,52.5305739],[5.6390231,52.5305739],[5.6389936,52.5305739],[5.6389641,52.5305739],[5.6389346,52.5305739],[5.6389052,52.5305739],[5.6388757,52.5305739],[5.6388462,52.5305739],[5.6388168,52.5305739],[5.6387873,52.5305739],[5.6387578,52.5305739],[5.6387283,52.5305739],[5.6386989,52.5305739],[5.6386694,52.5305739],[5.6386399,52.5305739],[5.6386105,52.5305739],[5.638581,52.5305739],[5.6385515,52.5305739],[5.638522,52.5305739],[5.6384926,52.5305739],[5.6384631,52.530574],[5.6384336,52.530574],[5.6384042,52.530574],[5.6383747,52.530574],[5.6383452,52.530574],[5.6383158,52.530574],[5.6382863,52.530574],[5.6382568,52.530574],[5.6382273,52.530574],[5.6381979,52.530574],[5.6381684,52.530574],[5.6381389,52.530574],[5.6381095,52.530574],[5.63808,52.530574],[5.6380505,52.530574],[5.638021,52.530574],[5.6379916,52.530574],[5.6379621,52.530574],[5.6379326,52.530574],[5.6379032,52.530574],[5.6378737,52.530574],[5.6378442,52.530574],[5.6378147,52.5305741],[5.6377853,52.5305741],[5.6377558,52.5305741],[5.6377263,52.5305741],[5.6376969,52.5305741],[5.6376674,52.5305741],[5.6376379,52.5305741],[5.6376084,52.5305741],[5.637579,52.5305741],[5.6375495,52.5305741],[5.63752,52.5305741],[5.6374906,52.5305741],[5.6374611,52.5305741],[5.6374316,52.5305741],[5.6374021,52.5305741],[5.6373727,52.5305741],[5.6373432,52.5305741],[5.6373137,52.5305741],[5.6372843,52.5305741],[5.6372548,52.5305741],[5.6372253,52.5305741],[5.6371958,52.5305741],[5.6371664,52.5305741],[5.6371369,52.5305742],[5.6371074,52.5305742],[5.637078,52.5305742],[5.6370485,52.5305742],[5.637019,52.5305742],[5.6369896,52.5305742],[5.6369601,52.5305742],[5.6369306,52.5305742],[5.6369011,52.5305742],[5.6368717,52.5305742],[5.6368422,52.5305742],[5.6368127,52.5305742],[5.6367833,52.5305742],[5.6367538,52.5305742],[5.6367243,52.5305742],[5.6366948,52.5305742],[5.6366654,52.5305742],[5.6366359,52.5305742],[5.6366064,52.5305742],[5.636577,52.5305742],[5.6365475,52.5305742],[5.636518,52.5305742],[5.6364885,52.5305742],[5.6364591,52.5305742],[5.6364296,52.5305743],[5.6364001,52.5305743],[5.6363707,52.5305743],[5.6363412,52.5305743],[5.6363117,52.5305743],[5.6362822,52.5305743],[5.6362528,52.5305743],[5.6362233,52.5305743],[5.6361938,52.5305743],[5.6361644,52.5305743],[5.6361349,52.5305743],[5.6361054,52.5305743],[5.6360759,52.5305743],[5.6360465,52.5305743],[5.636017,52.5305743],[5.6359875,52.5305743],[5.6359581,52.5305743],[5.6359286,52.5305743],[5.6358991,52.5305743],[5.6358697,52.5305743],[5.6358402,52.5305743],[5.6358107,52.5305743],[5.6357812,52.5305743],[5.6357518,52.5305743],[5.6357223,52.5305743],[5.6356928,52.5305744],[5.6356634,52.5305744],[5.6356339,52.5305744],[5.6356044,52.5305744],[5.6355749,52.5305744],[5.6355455,52.5305744],[5.635516,52.5305744],[5.6354865,52.5305744],[5.6354571,52.5305744],[5.6354276,52.5305744],[5.6353981,52.5305744],[5.6353686,52.5305744],[5.6353392,52.5305744],[5.6353097,52.5305744],[5.6352802,52.5305744],[5.6352508,52.5305744],[5.6352213,52.5305744],[5.6351918,52.5305744],[5.6351623,52.5305744],[5.6351329,52.5305744],[5.6351034,52.5305744],[5.6350739,52.5305744],[5.6350445,52.5305744],[5.635015,52.5305744],[5.6349855,52.5305744],[5.634956,52.5305744],[5.6349266,52.5305745],[5.6348971,52.5305745],[5.6348676,52.5305745],[5.6348382,52.5305745],[5.6348087,52.5305745],[5.6347792,52.5305745],[5.6347497,52.5305745],[5.6347203,52.5305745],[5.6346908,52.5305745],[5.6346613,52.5305745],[5.6346319,52.5305745],[5.6346024,52.5305745],[5.6345729,52.5305745],[5.6345435,52.5305745],[5.634514,52.5305745],[5.6344845,52.5305745],[5.634455,52.5305745],[5.6344256,52.5305745],[5.6343961,52.5305745],[5.6343666,52.5305745],[5.6343372,52.5305745],[5.6343077,52.5305745],[5.6342782,52.5305745],[5.6342487,52.5305745],[5.6342193,52.5305745],[5.6341898,52.5305745],[5.6341603,52.5305745],[5.6341309,52.5305745],[5.6341014,52.5305746],[5.6340719,52.5305746],[5.6340424,52.5305746],[5.634013,52.5305746],[5.6339835,52.5305746],[5.633954,52.5305746],[5.6339246,52.5305746],[5.6338951,52.5305746],[5.6338656,52.5305746],[5.6338361,52.5305746],[5.6338067,52.5305746],[5.6337772,52.5305746],[5.6337477,52.5305746],[5.6337183,52.5305746],[5.6336888,52.5305746],[5.6336593,52.5305746],[5.6336298,52.5305746],[5.6336004,52.5305746],[5.6335709,52.5305746],[5.6335414,52.5305746],[5.633512,52.5305746],[5.6334825,52.5305746],[5.633453,52.5305746],[5.6334236,52.5305746],[5.6333941,52.5305746],[5.6333646,52.5305746],[5.6333351,52.5305746],[5.6333057,52.5305746],[5.6332762,52.5305746],[5.6332467,52.5305746],[5.6332173,52.5305747],[5.6331878,52.5305747],[5.6331583,52.5305747],[5.6331288,52.5305747],[5.6330994,52.5305747],[5.6330699,52.5305747],[5.6330404,52.5305747],[5.633011,52.5305747],[5.6329815,52.5305747],[5.632952,52.5305747],[5.6329225,52.5305747],[5.6328931,52.5305747],[5.6328636,52.5305747],[5.6328341,52.5305747],[5.6328047,52.5305747],[5.6327752,52.5305747],[5.6327457,52.5305747],[5.6327162,52.5305747],[5.6326868,52.5305747],[5.6326573,52.5305747],[5.6326278,52.5305747],[5.6325984,52.5305747],[5.6325689,52.5305747],[5.6325394,52.5305747],[5.6325099,52.5305747],[5.6324805,52.5305747],[5.632451,52.5305747],[5.6324215,52.5305747],[5.6323921,52.5305747],[5.6323626,52.5305747],[5.6323331,52.5305747],[5.6323036,52.5305748],[5.6322742,52.5305748],[5.6322447,52.5305748],[5.6322152,52.5305748],[5.6321858,52.5305748],[5.6321563,52.5305748],[5.6321268,52.5305748],[5.6320974,52.5305748],[5.6320679,52.5305748],[5.6320384,52.5305748],[5.6320089,52.5305748],[5.6319795,52.5305748],[5.63195,52.5305748],[5.6319205,52.5305748],[5.6318911,52.5305748],[5.6318616,52.5305748],[5.6318321,52.5305748],[5.6318026,52.5305748],[5.6317732,52.5305748],[5.6317437,52.5305748],[5.6317142,52.5305748],[5.6316848,52.5305748],[5.6316553,52.5305748],[5.6316258,52.5305748],[5.6315963,52.5305748],[5.6315669,52.5305748],[5.6315374,52.5305748],[5.6315079,52.5305748],[5.6314785,52.5305748],[5.631449,52.5305748],[5.6314195,52.5305748],[5.63139,52.5305748],[5.6313606,52.5305748],[5.6313311,52.5305748],[5.6313016,52.5305749],[5.6312722,52.5305749],[5.6312427,52.5305749],[5.6312132,52.5305749],[5.6311837,52.5305749],[5.6311543,52.5305749],[5.6311248,52.5305749],[5.6310953,52.5305749],[5.6310659,52.5305749],[5.6310364,52.5305749],[5.6310069,52.5305749],[5.6309774,52.5305749],[5.630948,52.5305749],[5.6309185,52.5305749],[5.630889,52.5305749],[5.6308596,52.5305749],[5.6308301,52.5305749],[5.6308006,52.5305749],[5.6307712,52.5305749],[5.6307417,52.5305749],[5.6307122,52.5305749],[5.6306827,52.5305749],[5.6306533,52.5305749],[5.6306238,52.5305749],[5.6305943,52.5305749],[5.6305649,52.5305749],[5.6305354,52.5305749],[5.6305059,52.5305749],[5.6304764,52.5305749],[5.630447,52.5305749],[5.6304175,52.5305749],[5.630388,52.5305749],[5.6303586,52.5305749],[5.6303291,52.5305749],[5.6302996,52.5305749],[5.6302701,52.5305749],[5.6302407,52.5305749],[5.6302112,52.530575],[5.6301817,52.530575],[5.6301523,52.530575],[5.6301228,52.530575],[5.6300933,52.530575],[5.6300638,52.530575],[5.6300344,52.530575],[5.6300049,52.530575],[5.6299754,52.530575],[5.629946,52.530575],[5.6299165,52.530575],[5.629887,52.530575],[5.6298575,52.530575],[5.6298281,52.530575],[5.6297986,52.530575],[5.6297691,52.530575],[5.6297397,52.530575],[5.6297102,52.530575],[5.6296807,52.530575],[5.6296513,52.530575],[5.6296218,52.530575],[5.6295923,52.530575],[5.6295628,52.530575],[5.6295334,52.530575],[5.6295039,52.530575],[5.6294744,52.530575],[5.629445,52.530575],[5.6294155,52.530575],[5.629386,52.530575],[5.6293565,52.530575],[5.6293271,52.530575],[5.6292976,52.530575],[5.6292681,52.530575],[5.6292387,52.530575],[5.6292092,52.530575],[5.6291797,52.530575],[5.6291502,52.530575],[5.6291208,52.530575],[5.6290913,52.530575],[5.6290618,52.530575],[5.6290324,52.530575],[5.6290029,52.530575],[5.6289734,52.5305751],[5.6289439,52.5305751],[5.6289145,52.5305751],[5.628885,52.5305751],[5.6288555,52.5305751],[5.6288261,52.5305751],[5.6287966,52.5305751],[5.6287671,52.5305751],[5.6287376,52.5305751],[5.6287082,52.5305751],[5.6286787,52.5305751],[5.6286492,52.5305751],[5.6286198,52.5305751],[5.6285903,52.5305751],[5.6285608,52.5305751],[5.6285313,52.5305751],[5.6285019,52.5305751],[5.6284724,52.5305751],[5.6284429,52.5305751],[5.6284135,52.5305751],[5.628384,52.5305751],[5.6283545,52.5305751],[5.6283251,52.5305751],[5.6282956,52.5305751],[5.6282661,52.5305751],[5.6282366,52.5305751],[5.6282072,52.5305751],[5.6281777,52.5305751],[5.6281482,52.5305751],[5.6281188,52.5305751],[5.6280893,52.5305751],[5.6280598,52.5305751],[5.6280303,52.5305751],[5.6280009,52.5305751],[5.6279714,52.5305751],[5.6279419,52.5305751],[5.6279125,52.5305751],[5.627883,52.5305751],[5.6278535,52.5305751],[5.627824,52.5305751],[5.6277946,52.5305751],[5.6277651,52.5305751],[5.6277356,52.5305751],[5.6277062,52.5305751],[5.6276767,52.5305751],[5.6276472,52.5305751],[5.6276177,52.5305751],[5.6275883,52.5305751],[5.6275588,52.5305751],[5.6275293,52.5305752],[5.6274999,52.5305752],[5.6274704,52.5305752],[5.6274409,52.5305752],[5.6274114,52.5305752],[5.627382,52.5305752],[5.6273525,52.5305752],[5.627323,52.5305752],[5.6272936,52.5305752],[5.6272641,52.5305752],[5.6272346,52.5305752],[5.6272051,52.5305752],[5.6271757,52.5305752],[5.6271462,52.5305752],[5.6271167,52.5305752],[5.6270873,52.5305752],[5.6270578,52.5305752],[5.6270283,52.5305752],[5.6269989,52.5305752],[5.6269694,52.5305752],[5.6269399,52.5305752],[5.6269104,52.5305752],[5.626881,52.5305752],[5.6268515,52.5305752],[5.626822,52.5305752],[5.6267926,52.5305752],[5.6267631,52.5305752],[5.6267336,52.5305752],[5.6267041,52.5305752],[5.6266747,52.5305752],[5.6266452,52.5305752],[5.6266157,52.5305752],[5.6265863,52.5305752],[5.6265568,52.5305752],[5.6265273,52.5305752],[5.6264978,52.5305752],[5.6264684,52.5305752],[5.6264389,52.5305752],[5.6264094,52.5305752],[5.62638,52.5305752],[5.6263505,52.5305752],[5.626321,52.5305752],[5.6262915,52.5305752],[5.6262621,52.5305752],[5.6262326,52.5305752],[5.6262031,52.5305752],[5.6261737,52.5305752],[5.6261442,52.5305752],[5.6261147,52.5305752],[5.6260852,52.5305752],[5.6260558,52.5305752],[5.6260263,52.5305752],[5.6259968,52.5305752],[5.6259674,52.5305752],[5.6259379,52.5305752],[5.6259084,52.5305752],[5.625879,52.5305752],[5.6258495,52.5305752],[5.62582,52.5305752],[5.6257905,52.5305752],[5.6257611,52.5305753],[5.6257316,52.5305753],[5.6257021,52.5305753],[5.6256727,52.5305753],[5.6256432,52.5305753],[5.6256137,52.5305753],[5.6255842,52.5305753],[5.6255548,52.5305753],[5.6255253,52.5305753],[5.6254958,52.5305753],[5.6254664,52.5305753],[5.6254369,52.5305753],[5.6254074,52.5305753],[5.6253779,52.5305753],[5.6253485,52.5305753],[5.625319,52.5305753],[5.6252895,52.5305753],[5.6252601,52.5305753],[5.6252306,52.5305753],[5.6252011,52.5305753],[5.6251716,52.5305753],[5.6251422,52.5305753],[5.6251127,52.5305753],[5.6250832,52.5305753],[5.6250538,52.5305753],[5.6250243,52.5305753],[5.6249948,52.5305753],[5.6249653,52.5305753],[5.6249359,52.5305753],[5.6249064,52.5305753],[5.6248769,52.5305753],[5.6248475,52.5305753],[5.624818,52.5305753],[5.6247885,52.5305753],[5.624759,52.5305753],[5.6247296,52.5305753],[5.6247001,52.5305753],[5.6246706,52.5305753],[5.6246412,52.5305753],[5.6246117,52.5305753],[5.6245822,52.5305753],[5.6245528,52.5305753],[5.6245233,52.5305753],[5.6244938,52.5305753],[5.6244643,52.5305753],[5.6244349,52.5305753],[5.6244054,52.5305753],[5.6243759,52.5305753],[5.6243465,52.5305753],[5.624317,52.5305753],[5.6242875,52.5305753],[5.624258,52.5305753],[5.6242286,52.5305753],[5.6241991,52.5305753],[5.6241696,52.5305753],[5.6241402,52.5305753],[5.6241107,52.5305753],[5.6240812,52.5305753],[5.6240517,52.5305753],[5.6240223,52.5305753],[5.6239928,52.5305753],[5.6239633,52.5305753],[5.6239339,52.5305753],[5.6239044,52.5305753],[5.6238749,52.5305753],[5.6238454,52.5305753],[5.623816,52.5305753],[5.6237865,52.5305753],[5.623757,52.5305753],[5.6237276,52.5305753],[5.6236981,52.5305753],[5.6236686,52.5305753],[5.6236391,52.5305753],[5.6236097,52.5305753],[5.6235802,52.5305753],[5.6235507,52.5305753],[5.6235213,52.5305753],[5.6234918,52.5305753],[5.6234623,52.5305753],[5.6234329,52.5305753],[5.6234034,52.5305753],[5.6233739,52.5305753],[5.6233444,52.5305753],[5.623315,52.5305753],[5.6232855,52.5305753],[5.623256,52.5305753],[5.6232266,52.5305753],[5.6231971,52.5305753],[5.6231676,52.5305753],[5.6231381,52.5305753],[5.6231087,52.5305754],[5.6230792,52.5305754],[5.6230497,52.5305754],[5.6230203,52.5305754],[5.6229908,52.5305754],[5.6229613,52.5305754],[5.6229318,52.5305754],[5.6229024,52.5305754],[5.6228729,52.5305754],[5.6228434,52.5305754],[5.622814,52.5305754],[5.6227845,52.5305754],[5.622755,52.5305754],[5.6227255,52.5305754],[5.6226961,52.5305754],[5.6226666,52.5305754],[5.6226371,52.5305754],[5.6226077,52.5305754],[5.6225782,52.5305754],[5.6225487,52.5305754],[5.6225192,52.5305754],[5.6224898,52.5305754],[5.6224603,52.5305754],[5.6224308,52.5305754],[5.6224014,52.5305754],[5.6223719,52.5305754],[5.6223424,52.5305754],[5.6223129,52.5305754],[5.6222835,52.5305754],[5.622254,52.5305754],[5.6222245,52.5305754],[5.6221951,52.5305754],[5.6221656,52.5305754],[5.6221361,52.5305754],[5.6221067,52.5305754],[5.6220772,52.5305754],[5.6220477,52.5305754],[5.6220182,52.5305754],[5.6219888,52.5305754],[5.6219593,52.5305754],[5.6219298,52.5305754],[5.6219004,52.5305754],[5.6218709,52.5305754],[5.6218414,52.5305754],[5.6218119,52.5305754],[5.6217825,52.5305754],[5.621753,52.5305754],[5.6217235,52.5305754],[5.6216941,52.5305754],[5.6216646,52.5305754],[5.6216351,52.5305754],[5.6216056,52.5305754],[5.6215762,52.5305754],[5.6215467,52.5305754],[5.6215172,52.5305754],[5.6214878,52.5305754],[5.6214583,52.5305754],[5.6214288,52.5305754],[5.6213993,52.5305754],[5.6213699,52.5305754],[5.6213404,52.5305754],[5.6213109,52.5305754],[5.6212815,52.5305754],[5.621252,52.5305754],[5.6212225,52.5305754],[5.621193,52.5305754],[5.6211636,52.5305754],[5.6211341,52.5305754],[5.6211046,52.5305754],[5.6210752,52.5305754],[5.6210457,52.5305754],[5.6210162,52.5305754],[5.6209867,52.5305754],[5.6209573,52.5305754],[5.6209278,52.5305754],[5.6208983,52.5305754],[5.6208689,52.5305754],[5.6208394,52.5305754],[5.6208099,52.5305754],[5.6207805,52.5305754],[5.620751,52.5305754],[5.6207215,52.5305754],[5.620692,52.5305754],[5.6206626,52.5305754],[5.6206331,52.5305754],[5.6206036,52.5305754],[5.6205742,52.5305754],[5.6205447,52.5305754],[5.6205152,52.5305754],[5.6204857,52.5305754],[5.6204563,52.5305754],[5.6204268,52.5305754],[5.6203973,52.5305754],[5.6203679,52.5305754],[5.6203384,52.5305754],[5.6203089,52.5305754],[5.6202794,52.5305754],[5.62025,52.5305754],[5.6202205,52.5305754],[5.620191,52.5305754],[5.6201616,52.5305754],[5.6201321,52.5305754],[5.6201026,52.5305754],[5.6200731,52.5305754],[5.6200437,52.5305754],[5.6200142,52.5305754],[5.6199847,52.5305754],[5.6199553,52.5305754],[5.6199258,52.5305754],[5.6198963,52.5305754],[5.6198668,52.5305754],[5.6198374,52.5305754],[5.6198079,52.5305754],[5.6197784,52.5305754],[5.619749,52.5305754],[5.6197195,52.5305754],[5.61969,52.5305754],[5.6196606,52.5305754],[5.6196311,52.5305754],[5.6196016,52.5305754],[5.6195721,52.5305754],[5.6195427,52.5305754],[5.6195132,52.5305754],[5.6194837,52.5305754],[5.6194543,52.5305754],[5.6194248,52.5305754],[5.6193953,52.5305754],[5.6193658,52.5305754],[5.6193364,52.5305754],[5.6193069,52.5305754],[5.6192774,52.5305754],[5.619248,52.5305754],[5.6192185,52.5305754],[5.619189,52.5305754],[5.6191595,52.5305754],[5.6191301,52.5305754],[5.6191006,52.5305754],[5.6190711,52.5305754],[5.6190417,52.5305754],[5.6190122,52.5305754],[5.6189827,52.5305754],[5.6189532,52.5305754],[5.6189238,52.5305754],[5.6188943,52.5305754],[5.6188648,52.5305754],[5.6188354,52.5305754],[5.6188059,52.5305754],[5.6187764,52.5305754],[5.6187469,52.5305754],[5.6187175,52.5305754],[5.618688,52.5305754],[5.6186585,52.5305754],[5.6186291,52.5305754],[5.6185996,52.5305754],[5.6185701,52.5305754],[5.6185406,52.5305754],[5.6185112,52.5305754],[5.6184817,52.5305754],[5.6184522,52.5305754],[5.6184228,52.5305754],[5.6183933,52.5305754],[5.6183638,52.5305754],[5.6183344,52.5305754],[5.6183049,52.5305754],[5.6182754,52.5305754],[5.6182459,52.5305754],[5.6182165,52.5305754],[5.618187,52.5305754],[5.6181575,52.5305754],[5.6181281,52.5305754],[5.6180986,52.5305754],[5.6180691,52.5305754],[5.6180396,52.5305754],[5.6180102,52.5305754],[5.6179807,52.5305754],[5.6179512,52.5305754],[5.6179218,52.5305754],[5.6178923,52.5305754],[5.6178628,52.5305754],[5.6178333,52.5305754],[5.6178039,52.5305754],[5.6177744,52.5305754],[5.6177449,52.5305754],[5.6177155,52.5305754],[5.617686,52.5305754],[5.6176565,52.5305754],[5.617627,52.5305754],[5.6175976,52.5305754],[5.6175681,52.5305754],[5.6175386,52.5305754],[5.6175092,52.5305754],[5.6174797,52.5305754],[5.6174502,52.5305754],[5.6174207,52.5305754],[5.6173913,52.5305754],[5.6173618,52.5305754],[5.6173323,52.5305754],[5.6173029,52.5305754],[5.6172734,52.5305754],[5.6172439,52.5305754],[5.6172145,52.5305754],[5.617185,52.5305754],[5.6171555,52.5305754],[5.617126,52.5305754],[5.6170966,52.5305754],[5.6170671,52.5305754],[5.6170376,52.5305754],[5.6170082,52.5305754],[5.6169787,52.5305754],[5.6169492,52.5305754],[5.6169197,52.5305754],[5.6168903,52.5305754],[5.6168608,52.5305753],[5.6168313,52.5305753],[5.6168019,52.5305753],[5.6167724,52.5305753],[5.6167429,52.5305753],[5.6167134,52.5305753],[5.616684,52.5305753],[5.6166545,52.5305753],[5.616625,52.5305753],[5.6165956,52.5305753],[5.6165661,52.5305753],[5.6165366,52.5305753],[5.6165071,52.5305753],[5.6164777,52.5305753],[5.6164482,52.5305753],[5.6164187,52.5305753],[5.6163893,52.5305753],[5.6163598,52.5305753],[5.6163303,52.5305753],[5.6163008,52.5305753],[5.6162714,52.5305753],[5.6162419,52.5305753],[5.6162124,52.5305753],[5.616183,52.5305753],[5.6161535,52.5305753],[5.616124,52.5305753],[5.6160945,52.5305753],[5.6160651,52.5305753],[5.6160356,52.5305753],[5.6160061,52.5305753],[5.6159767,52.5305753],[5.6159472,52.5305753],[5.6159177,52.5305753],[5.6158883,52.5305753],[5.6158588,52.5305753],[5.6158293,52.5305753],[5.6157998,52.5305753],[5.6157704,52.5305753],[5.6157409,52.5305753],[5.6157114,52.5305753],[5.615682,52.5305753],[5.6156525,52.5305753],[5.615623,52.5305753],[5.6155935,52.5305753],[5.6155641,52.5305753],[5.6155346,52.5305753],[5.6155051,52.5305753],[5.6154757,52.5305753],[5.6154462,52.5305753],[5.6154167,52.5305753],[5.6153872,52.5305753],[5.6153578,52.5305753],[5.6153283,52.5305753],[5.6152988,52.5305753],[5.6152694,52.5305753],[5.6152399,52.5305753],[5.6152104,52.5305753],[5.6151809,52.5305753],[5.6151515,52.5305753],[5.615122,52.5305753],[5.6150925,52.5305753],[5.6150631,52.5305753],[5.6150336,52.5305753],[5.6150041,52.5305753],[5.6149746,52.5305753],[5.6149452,52.5305753],[5.6149157,52.5305753],[5.6148862,52.5305753],[5.6148568,52.5305753],[5.6148273,52.5305753],[5.6147978,52.5305753],[5.6147683,52.5305753],[5.6147389,52.5305753],[5.6147094,52.5305753],[5.6146799,52.5305753],[5.6146505,52.5305753],[5.614621,52.5305753],[5.6145915,52.5305753],[5.6145621,52.5305753],[5.6145326,52.5305753],[5.6145031,52.5305753],[5.6144736,52.5305753],[5.6144442,52.5305753],[5.6144147,52.5305753],[5.6143852,52.5305753],[5.6143558,52.5305753],[5.6143263,52.5305753],[5.6142968,52.5305753],[5.6142673,52.5305753],[5.6142379,52.5305753],[5.6142084,52.5305752],[5.6141789,52.5305752],[5.6141495,52.5305752],[5.61412,52.5305752],[5.6140905,52.5305752],[5.614061,52.5305752],[5.6140316,52.5305752],[5.6140021,52.5305752],[5.6139726,52.5305752],[5.6139432,52.5305752],[5.6139137,52.5305752],[5.6138842,52.5305752],[5.6138547,52.5305752],[5.6138253,52.5305752],[5.6137958,52.5305752],[5.6137663,52.5305752],[5.6137369,52.5305752],[5.6137074,52.5305752],[5.6136779,52.5305752],[5.6136484,52.5305752],[5.613619,52.5305752],[5.6135895,52.5305752],[5.61356,52.5305752],[5.6135306,52.5305752],[5.6135011,52.5305752],[5.6134716,52.5305752],[5.6134422,52.5305752],[5.6134127,52.5305752],[5.6133832,52.5305752],[5.6133537,52.5305752],[5.6133243,52.5305752],[5.6132948,52.5305752],[5.6132653,52.5305752],[5.6132359,52.5305752],[5.6132064,52.5305752],[5.6131769,52.5305752],[5.6131474,52.5305752],[5.613118,52.5305752],[5.6130885,52.5305752],[5.613059,52.5305752],[5.6130296,52.5305752],[5.6130001,52.5305752],[5.6129706,52.5305752],[5.6129411,52.5305752],[5.6129117,52.5305752],[5.6128822,52.5305752],[5.6128527,52.5305752],[5.6128233,52.5305752],[5.6127938,52.5305752],[5.6127643,52.5305752],[5.6127348,52.5305752],[5.6127054,52.5305752],[5.6126759,52.5305752],[5.6126464,52.5305752],[5.612617,52.5305752],[5.6125875,52.5305752],[5.612558,52.5305752],[5.6125285,52.5305752],[5.6124991,52.5305752],[5.6124696,52.5305752],[5.6124401,52.5305751],[5.6124107,52.5305751],[5.6123812,52.5305751],[5.6123517,52.5305751],[5.6123222,52.5305751],[5.6122928,52.5305751],[5.6122633,52.5305751],[5.6122338,52.5305751],[5.6122044,52.5305751],[5.6121749,52.5305751],[5.6121454,52.5305751],[5.612116,52.5305751],[5.6120865,52.5305751],[5.612057,52.5305751],[5.6120275,52.5305751],[5.6119981,52.5305751],[5.6119686,52.5305751],[5.6119391,52.5305751],[5.6119097,52.5305751],[5.6118802,52.5305751],[5.6118507,52.5305751],[5.6118212,52.5305751],[5.6117918,52.5305751],[5.6117623,52.5305751],[5.6117328,52.5305751],[5.6117034,52.5305751],[5.6116739,52.5305751],[5.6116444,52.5305751],[5.6116149,52.5305751],[5.6115855,52.5305751],[5.611556,52.5305751],[5.6115265,52.5305751],[5.6114971,52.5305751],[5.6114676,52.5305751],[5.6114381,52.5305751],[5.6114086,52.5305751],[5.6113792,52.5305751],[5.6113497,52.5305751],[5.6113202,52.5305751],[5.6112908,52.5305751],[5.6112613,52.5305751],[5.6112318,52.5305751],[5.6112023,52.5305751],[5.6111729,52.5305751],[5.6111434,52.5305751],[5.6111139,52.5305751],[5.6110845,52.5305751],[5.611055,52.5305751],[5.6110255,52.5305751],[5.610996,52.530575],[5.6109666,52.530575],[5.6109371,52.530575],[5.6109076,52.530575],[5.6108782,52.530575],[5.6108487,52.530575],[5.6108192,52.530575],[5.6107898,52.530575],[5.6107603,52.530575],[5.6107308,52.530575],[5.6107013,52.530575],[5.6106719,52.530575],[5.6106424,52.530575],[5.6106129,52.530575],[5.6105835,52.530575],[5.610554,52.530575],[5.6105245,52.530575],[5.610495,52.530575],[5.6104656,52.530575],[5.6104361,52.530575],[5.6104066,52.530575],[5.6103772,52.530575],[5.6103477,52.530575],[5.6103182,52.530575],[5.6102887,52.530575],[5.6102593,52.530575],[5.6102298,52.530575],[5.6102003,52.530575],[5.6101709,52.530575],[5.6101414,52.530575],[5.6101119,52.530575],[5.6100824,52.530575],[5.610053,52.530575],[5.6100235,52.530575],[5.609994,52.530575],[5.6099646,52.530575],[5.6099351,52.530575],[5.6099056,52.530575],[5.6098761,52.530575],[5.6098467,52.530575],[5.6098172,52.530575],[5.6097877,52.530575],[5.6097583,52.5305749],[5.6097288,52.5305749],[5.6096993,52.5305749],[5.6096699,52.5305749],[5.6096404,52.5305749],[5.6096109,52.5305749],[5.6095814,52.5305749],[5.609552,52.5305749],[5.6095225,52.5305749],[5.609493,52.5305749],[5.6094636,52.5305749],[5.6094341,52.5305749],[5.6094046,52.5305749],[5.6093751,52.5305749],[5.6093457,52.5305749],[5.6093162,52.5305749],[5.6092867,52.5305749],[5.6092573,52.5305749],[5.6092278,52.5305749],[5.6091983,52.5305749],[5.6091688,52.5305749],[5.6091394,52.5305749],[5.6091099,52.5305749],[5.6090804,52.5305749],[5.609051,52.5305749],[5.6090215,52.5305749],[5.608992,52.5305749],[5.6089625,52.5305749],[5.6089331,52.5305749],[5.6089036,52.5305749],[5.6088741,52.5305749],[5.6088447,52.5305749],[5.6088152,52.5305749],[5.6087857,52.5305749],[5.6087562,52.5305749],[5.6087268,52.5305749],[5.6086973,52.5305749],[5.6086678,52.5305748],[5.6086384,52.5305748],[5.6086089,52.5305748],[5.6085794,52.5305748],[5.6085499,52.5305748],[5.6085205,52.5305748],[5.608491,52.5305748],[5.6084615,52.5305748],[5.6084321,52.5305748],[5.6084026,52.5305748],[5.6083731,52.5305748],[5.6083437,52.5305748],[5.6083142,52.5305748],[5.6082847,52.5305748],[5.6082552,52.5305748],[5.6082258,52.5305748],[5.6081963,52.5305748],[5.6081668,52.5305748],[5.6081374,52.5305748],[5.6081079,52.5305748],[5.6080784,52.5305748],[5.6080489,52.5305748],[5.6080195,52.5305748],[5.60799,52.5305748],[5.6079605,52.5305748],[5.6079311,52.5305748],[5.6079016,52.5305748],[5.6078721,52.5305748],[5.6078426,52.5305748],[5.6078132,52.5305748],[5.6077837,52.5305748],[5.6077542,52.5305748],[5.6077248,52.5305748],[5.6076953,52.5305748],[5.6076658,52.5305747],[5.6076363,52.5305747],[5.6076069,52.5305747],[5.6075774,52.5305747],[5.6075479,52.5305747],[5.6075185,52.5305747],[5.607489,52.5305747],[5.6074595,52.5305747],[5.60743,52.5305747],[5.6074006,52.5305747],[5.6073711,52.5305747],[5.6073416,52.5305747],[5.6073122,52.5305747],[5.6072827,52.5305747],[5.6072532,52.5305747],[5.6072238,52.5305747],[5.6071943,52.5305747],[5.6071648,52.5305747],[5.6071353,52.5305747],[5.6071059,52.5305747],[5.6070764,52.5305747],[5.6070469,52.5305747],[5.6070175,52.5305747],[5.606988,52.5305747],[5.6069585,52.5305747],[5.606929,52.5305747],[5.6068996,52.5305747],[5.6068701,52.5305747],[5.6068406,52.5305747],[5.6068112,52.5305747],[5.6067817,52.5305747],[5.6067522,52.5305746],[5.6067227,52.5305746],[5.6066933,52.5305746],[5.6066638,52.5305746],[5.6066343,52.5305746],[5.6066049,52.5305746],[5.6065754,52.5305746],[5.6065459,52.5305746],[5.6065164,52.5305746],[5.606487,52.5305746],[5.6064575,52.5305746],[5.606428,52.5305746],[5.6063986,52.5305746],[5.6063691,52.5305746],[5.6063396,52.5305746],[5.6063101,52.5305746],[5.6062807,52.5305746],[5.6062512,52.5305746],[5.6062217,52.5305746],[5.6061923,52.5305746],[5.6061628,52.5305746],[5.6061333,52.5305746],[5.6061038,52.5305746],[5.6060744,52.5305746],[5.6060449,52.5305746],[5.6060154,52.5305746],[5.605986,52.5305746],[5.6059565,52.5305746],[5.605927,52.5305746],[5.6058976,52.5305746],[5.6058681,52.5305745],[5.6058386,52.5305745],[5.6058091,52.5305745],[5.6057797,52.5305745],[5.6057502,52.5305745],[5.6057207,52.5305745],[5.6056913,52.5305745],[5.6056618,52.5305745],[5.6056323,52.5305745],[5.6056028,52.5305745],[5.6055734,52.5305745],[5.6055439,52.5305745],[5.6055144,52.5305745],[5.605485,52.5305745],[5.6054555,52.5305745],[5.605426,52.5305745],[5.6053965,52.5305745],[5.6053671,52.5305745],[5.6053376,52.5305745],[5.6053081,52.5305745],[5.6052787,52.5305745],[5.6052492,52.5305745],[5.6052197,52.5305745],[5.6051902,52.5305745],[5.6051608,52.5305745],[5.6051313,52.5305745],[5.6051018,52.5305745],[5.6050724,52.5305744],[5.6050429,52.5305744],[5.6050134,52.5305744],[5.6049839,52.5305744],[5.6049545,52.5305744],[5.604925,52.5305744],[5.6048955,52.5305744],[5.6048661,52.5305744],[5.6048366,52.5305744],[5.6048071,52.5305744],[5.6047776,52.5305744],[5.6047482,52.5305744],[5.6047187,52.5305744],[5.6046892,52.5305744],[5.6046598,52.5305744],[5.6046303,52.5305744],[5.6046008,52.5305744],[5.6045714,52.5305744],[5.6045419,52.5305744],[5.6045124,52.5305744],[5.6044829,52.5305744],[5.6044535,52.5305744],[5.604424,52.5305744],[5.6043945,52.5305744],[5.6043651,52.5305744],[5.6043356,52.5305744],[5.6043061,52.5305744],[5.6042766,52.5305743],[5.6042472,52.5305743],[5.6042177,52.5305743],[5.6041882,52.5305743],[5.6041588,52.5305743],[5.6041293,52.5305743],[5.6040998,52.5305743],[5.6040703,52.5305743],[5.6040409,52.5305743],[5.6040114,52.5305743],[5.6039819,52.5305743],[5.6039525,52.5305743],[5.603923,52.5305743],[5.6038935,52.5305743],[5.603864,52.5305743],[5.6038346,52.5305743],[5.6038051,52.5305743],[5.6037756,52.5305743],[5.6037462,52.5305743],[5.6037167,52.5305743],[5.6036872,52.5305743],[5.6036577,52.5305743],[5.6036283,52.5305743],[5.6035988,52.5305743],[5.6035693,52.5305743],[5.6035399,52.5305742],[5.6035104,52.5305742],[5.6034809,52.5305742],[5.6034515,52.5305742],[5.603422,52.5305742],[5.6033925,52.5305742],[5.603363,52.5305742],[5.6033336,52.5305742],[5.6033041,52.5305742],[5.6032746,52.5305742],[5.6032452,52.5305742],[5.6032157,52.5305742],[5.6031862,52.5305742],[5.6031567,52.5305742],[5.6031273,52.5305742],[5.6030978,52.5305742],[5.6030683,52.5305742],[5.6030389,52.5305742],[5.6030094,52.5305742],[5.6029799,52.5305742],[5.6029504,52.5305742],[5.602921,52.5305742],[5.6028915,52.5305742],[5.602862,52.5305742],[5.6028326,52.5305741],[5.6028031,52.5305741],[5.6027736,52.5305741],[5.6027441,52.5305741],[5.6027147,52.5305741],[5.6026852,52.5305741],[5.6026557,52.5305741],[5.6026263,52.5305741],[5.6025968,52.5305741],[5.6025673,52.5305741],[5.6025378,52.5305741],[5.6025084,52.5305741],[5.6024789,52.5305741],[5.6024494,52.5305741],[5.60242,52.5305741],[5.6023905,52.5305741],[5.602361,52.5305741],[5.6023315,52.5305741],[5.6023021,52.5305741],[5.6022726,52.5305741],[5.6022431,52.5305741],[5.6022137,52.5305741],[5.6021842,52.5305741],[5.6021547,52.530574],[5.6021253,52.530574],[5.6020958,52.530574],[5.6020663,52.530574],[5.6020368,52.530574],[5.6020074,52.530574],[5.6019779,52.530574],[5.6019484,52.530574],[5.601919,52.530574],[5.6018895,52.530574],[5.60186,52.530574],[5.6018305,52.530574],[5.6018011,52.530574],[5.6017716,52.530574],[5.6017421,52.530574],[5.6017127,52.530574],[5.6016832,52.530574],[5.6016537,52.530574],[5.6016242,52.530574],[5.6015948,52.530574],[5.6015653,52.530574],[5.6015358,52.530574],[5.6015064,52.5305739],[5.6014769,52.5305739],[5.6014474,52.5305739],[5.6014179,52.5305739],[5.6013885,52.5305739],[5.601359,52.5305739],[5.6013295,52.5305739],[5.6013001,52.5305739],[5.6012706,52.5305739],[5.6012411,52.5305739],[5.6012116,52.5305739],[5.6011822,52.5305739],[5.6011527,52.5305739],[5.6011232,52.5305739],[5.6010938,52.5305739],[5.6010643,52.5305739],[5.6010348,52.5305739],[5.6010054,52.5305739],[5.6009759,52.5305739],[5.6009464,52.5305739],[5.6009169,52.5305739],[5.6008875,52.5305738],[5.600858,52.5305738],[5.6008285,52.5305738],[5.6007991,52.5305738],[5.6007696,52.5305738],[5.6007401,52.5305738],[5.6007106,52.5305738],[5.6006812,52.5305738],[5.6006517,52.5305738],[5.6006222,52.5305738],[5.6005928,52.5305738],[5.6005633,52.5305738],[5.6005338,52.5305738],[5.6005043,52.5305738],[5.6004749,52.5305738],[5.6004454,52.5305738],[5.6004159,52.5305738],[5.6003865,52.5305738],[5.600357,52.5305738],[5.6003275,52.5305738],[5.600298,52.5305738],[5.6002686,52.5305737],[5.6002391,52.5305737],[5.6002096,52.5305737],[5.6001802,52.5305737],[5.6001507,52.5305737],[5.6001212,52.5305737],[5.6000917,52.5305737],[5.6000623,52.5305737],[5.6000328,52.5305737],[5.6000033,52.5305737],[5.5999739,52.5305737],[5.5999444,52.5305737],[5.5999149,52.5305737],[5.5998854,52.5305737],[5.599856,52.5305737],[5.5998265,52.5305737],[5.599797,52.5305737],[5.5997676,52.5305737],[5.5997381,52.5305737],[5.5997086,52.5305737],[5.5996792,52.5305736],[5.5996497,52.5305736],[5.5996202,52.5305736],[5.5995907,52.5305736],[5.5995613,52.5305736],[5.5995318,52.5305736],[5.5995023,52.5305736],[5.5994729,52.5305736],[5.5994434,52.5305736],[5.5994139,52.5305736],[5.5993844,52.5305736],[5.599355,52.5305736],[5.5993255,52.5305736],[5.599296,52.5305736],[5.5992666,52.5305736],[5.5992371,52.5305736],[5.5992076,52.5305736],[5.5991781,52.5305736],[5.5991487,52.5305736],[5.5991192,52.5305735],[5.5990897,52.5305735],[5.5990603,52.5305735],[5.5990308,52.5305735],[5.5990013,52.5305735],[5.5989718,52.5305735],[5.5989424,52.5305735],[5.5989129,52.5305735],[5.5988834,52.5305735],[5.598854,52.5305735],[5.5988245,52.5305735],[5.598795,52.5305735],[5.5987655,52.5305735],[5.5987361,52.5305735],[5.5987066,52.5305735],[5.5986771,52.5305735],[5.5986477,52.5305735],[5.5986182,52.5305735],[5.5985887,52.5305735],[5.5985592,52.5305734],[5.5985298,52.5305734],[5.5985003,52.5305734],[5.5984708,52.5305734],[5.5984414,52.5305734],[5.5984119,52.5305734],[5.5983824,52.5305734],[5.598353,52.5305734],[5.5983235,52.5305734],[5.598294,52.5305734],[5.5982645,52.5305734],[5.5982351,52.5305734],[5.5982056,52.5305734],[5.5981761,52.5305734],[5.5981467,52.5305734],[5.5981172,52.5305734],[5.5980877,52.5305734],[5.5980582,52.5305734],[5.5980288,52.5305734],[5.5979993,52.5305733],[5.5979698,52.5305733],[5.5979404,52.5305733],[5.5979109,52.5305733],[5.5978814,52.5305733],[5.5978519,52.5305733],[5.5978225,52.5305733],[5.597793,52.5305733],[5.5977635,52.5305733],[5.5977341,52.5305733],[5.5977046,52.5305733],[5.5976751,52.5305733],[5.5976456,52.5305733],[5.5976162,52.5305733],[5.5975867,52.5305733],[5.5975572,52.5305733],[5.5975278,52.5305733],[5.5974983,52.5305733],[5.5974688,52.5305732],[5.5974393,52.5305732],[5.5974099,52.5305732],[5.5973804,52.5305732],[5.5973509,52.5305732],[5.5973215,52.5305732],[5.597292,52.5305732],[5.5972625,52.5305732],[5.5972331,52.5305732],[5.5972036,52.5305732],[5.5971741,52.5305732],[5.5971446,52.5305732],[5.5971152,52.5305732],[5.5970857,52.5305732],[5.5970562,52.5305732],[5.5970268,52.5305732],[5.5969973,52.5305732],[5.5969678,52.5305732],[5.5969383,52.5305731],[5.5969089,52.5305731],[5.5968794,52.5305731],[5.5968499,52.5305731],[5.5968205,52.5305731],[5.596791,52.5305731],[5.5967615,52.5305731],[5.596732,52.5305731],[5.5967026,52.5305731],[5.5966731,52.5305731],[5.5966436,52.5305731],[5.5966142,52.5305731],[5.5965847,52.5305731],[5.5965552,52.5305731],[5.5965257,52.5305731],[5.5964963,52.5305731],[5.5964668,52.5305731],[5.5964373,52.530573],[5.5964079,52.530573],[5.5963784,52.530573],[5.5963489,52.530573],[5.5963194,52.530573],[5.59629,52.530573],[5.5962605,52.530573],[5.596231,52.530573],[5.5962016,52.530573],[5.5961721,52.530573],[5.5961426,52.530573],[5.5961131,52.530573],[5.5960837,52.530573],[5.5960542,52.530573],[5.5960247,52.530573],[5.5959953,52.530573],[5.5959658,52.530573],[5.5959363,52.5305729],[5.5959069,52.5305729],[5.5958774,52.5305729],[5.5958479,52.5305729],[5.5958184,52.5305729],[5.595789,52.5305729],[5.5957595,52.5305729],[5.59573,52.5305729],[5.5957006,52.5305729],[5.5956711,52.5305729],[5.5956416,52.5305729],[5.5956121,52.5305729],[5.5955827,52.5305729],[5.5955532,52.5305729],[5.5955237,52.5305729],[5.5954943,52.5305729],[5.5954648,52.5305728],[5.5954353,52.5305728],[5.5954058,52.5305728],[5.5953764,52.5305728],[5.5953469,52.5305728],[5.5953174,52.5305728],[5.595288,52.5305728],[5.5952585,52.5305728],[5.595229,52.5305728],[5.5951995,52.5305728],[5.5951701,52.5305728],[5.5951406,52.5305728],[5.5951111,52.5305728],[5.5950817,52.5305728],[5.5950522,52.5305728],[5.5950227,52.5305728],[5.5949932,52.5305727],[5.5949638,52.5305727],[5.5949343,52.5305727],[5.5949048,52.5305727],[5.5948754,52.5305727],[5.5948459,52.5305727],[5.5948164,52.5305727],[5.594787,52.5305727],[5.5947575,52.5305727],[5.594728,52.5305727],[5.5946985,52.5305727],[5.5946691,52.5305727],[5.5946396,52.5305727],[5.5946101,52.5305727],[5.5945807,52.5305727],[5.5945512,52.5305727],[5.5945217,52.5305726],[5.5944922,52.5305726],[5.5944628,52.5305726],[5.5944333,52.5305726],[5.5944038,52.5305726],[5.5943744,52.5305726],[5.5943449,52.5305726],[5.5943154,52.5305726],[5.5942859,52.5305726],[5.5942565,52.5305726],[5.594227,52.5305726],[5.5941975,52.5305726],[5.5941681,52.5305726],[5.5941386,52.5305726],[5.5941091,52.5305726],[5.5940796,52.5305726],[5.5940502,52.5305725],[5.5940207,52.5305725],[5.5939912,52.5305725],[5.5939618,52.5305725],[5.5939323,52.5305725],[5.5939028,52.5305725],[5.5938733,52.5305725],[5.5938439,52.5305725],[5.5938144,52.5305725],[5.5937849,52.5305725],[5.5937555,52.5305725],[5.593726,52.5305725],[5.5936965,52.5305725],[5.593667,52.5305725],[5.5936376,52.5305725],[5.5936081,52.5305724],[5.5935786,52.5305724],[5.5935492,52.5305724],[5.5935197,52.5305724],[5.5934902,52.5305724],[5.5934608,52.5305724],[5.5934313,52.5305724],[5.5934018,52.5305724],[5.5933723,52.5305724],[5.5933429,52.5305724],[5.5933134,52.5305724],[5.5932839,52.5305724],[5.5932545,52.5305724],[5.593225,52.5305724],[5.5931955,52.5305724],[5.593166,52.5305723],[5.5931366,52.5305723],[5.5931071,52.5305723],[5.5930776,52.5305723],[5.5930482,52.5305723],[5.5930187,52.5305723],[5.5929892,52.5305723],[5.5929597,52.5305723],[5.5929303,52.5305723],[5.5929008,52.5305723],[5.5928713,52.5305723],[5.5928419,52.5305723],[5.5928124,52.5305723],[5.5927829,52.5305723],[5.5927534,52.5305723],[5.592724,52.5305722],[5.5926945,52.5305722],[5.592665,52.5305722],[5.5926356,52.5305722],[5.5926061,52.5305722],[5.5925766,52.5305722],[5.5925471,52.5305722],[5.5925177,52.5305722],[5.5924882,52.5305722],[5.5924587,52.5305722],[5.5924293,52.5305722],[5.5923998,52.5305722],[5.5923703,52.5305722],[5.5923409,52.5305722],[5.5923114,52.5305722],[5.5922819,52.5305721],[5.5922524,52.5305721],[5.592223,52.5305721],[5.5921935,52.5305721],[5.592164,52.5305721],[5.5921346,52.5305721],[5.5921051,52.5305721],[5.5920756,52.5305721],[5.5920461,52.5305721],[5.5920167,52.5305721],[5.5919872,52.5305721],[5.5919577,52.5305721],[5.5919283,52.5305721],[5.5918988,52.5305721],[5.5918693,52.530572],[5.5918398,52.530572],[5.5918104,52.530572],[5.5917809,52.530572],[5.5917514,52.530572],[5.591722,52.530572],[5.5916925,52.530572],[5.591663,52.530572],[5.5916335,52.530572],[5.5916041,52.530572],[5.5915746,52.530572],[5.5915451,52.530572],[5.5915157,52.530572],[5.5914862,52.530572],[5.5914567,52.5305719],[5.5914272,52.5305719],[5.5913978,52.5305719],[5.5913683,52.5305719],[5.5913388,52.5305719],[5.5913094,52.5305719],[5.5912799,52.5305719],[5.5912504,52.5305719],[5.5912209,52.5305719],[5.5911915,52.5305719],[5.591162,52.5305719],[5.5911325,52.5305719],[5.5911031,52.5305719],[5.5910736,52.5305719],[5.5910441,52.5305718],[5.5910147,52.5305718],[5.5909852,52.5305718],[5.5909557,52.5305718],[5.5909262,52.5305718],[5.5908968,52.5305718],[5.5908673,52.5305718],[5.5908378,52.5305718],[5.5908084,52.5305718],[5.5907789,52.5305718],[5.5907494,52.5305718],[5.5907199,52.5305718],[5.5906905,52.5305718],[5.590661,52.5305718],[5.5906315,52.5305717],[5.5906021,52.5305717],[5.5905726,52.5305717],[5.5905431,52.5305717],[5.5905136,52.5305717],[5.5904842,52.5305717],[5.5904547,52.5305717],[5.5904252,52.5305717],[5.5903958,52.5305717],[5.5903663,52.5305717],[5.5903368,52.5305717],[5.5903073,52.5305717],[5.5902779,52.5305717],[5.5902484,52.5305717],[5.5902189,52.5305716],[5.5901895,52.5305716],[5.59016,52.5305716],[5.5901305,52.5305716],[5.590101,52.5305716],[5.5900716,52.5305716],[5.5900421,52.5305716],[5.5900126,52.5305716],[5.5899832,52.5305716],[5.5899537,52.5305716],[5.5899242,52.5305716],[5.5898948,52.5305716],[5.5898653,52.5305716],[5.5898358,52.5305715],[5.5898063,52.5305715],[5.5897769,52.5305715],[5.5897474,52.5305715],[5.5897179,52.5305715],[5.5896885,52.5305715],[5.589659,52.5305715],[5.5896295,52.5305715],[5.5896,52.5305715],[5.5895706,52.5305715],[5.5895411,52.5305715],[5.5895116,52.5305715],[5.5894822,52.5305715],[5.5894527,52.5305714],[5.5894232,52.5305714],[5.5893937,52.5305714],[5.5893643,52.5305714],[5.5893348,52.5305714],[5.5893053,52.5305714],[5.5892759,52.5305714],[5.5892464,52.5305714],[5.5892169,52.5305714],[5.5891874,52.5305714],[5.589158,52.5305714],[5.5891285,52.5305714],[5.589099,52.5305714],[5.5890696,52.5305714],[5.5890401,52.5305713],[5.5890106,52.5305713],[5.5889811,52.5305713],[5.5889517,52.5305713],[5.5889222,52.5305713],[5.5888927,52.5305713],[5.5888633,52.5305713],[5.5888338,52.5305713],[5.5888043,52.5305713],[5.5887748,52.5305713],[5.5887454,52.5305713],[5.5887159,52.5305713],[5.5886864,52.5305712],[5.588657,52.5305712],[5.5886275,52.5305712],[5.588598,52.5305712],[5.5885686,52.5305712],[5.5885391,52.5305712],[5.5885096,52.5305712],[5.5884801,52.5305712],[5.5884507,52.5305712],[5.5884212,52.5305712],[5.5883917,52.5305712],[5.5883623,52.5305712],[5.5883328,52.5305712],[5.5883033,52.5305711],[5.5882738,52.5305711],[5.5882444,52.5305711],[5.5882149,52.5305711],[5.5881854,52.5305711],[5.588156,52.5305711],[5.5881265,52.5305711],[5.588097,52.5305711],[5.5880675,52.5305711],[5.5880381,52.5305711],[5.5880086,52.5305711],[5.5879791,52.5305711],[5.5879497,52.5305711],[5.5879202,52.530571],[5.5878907,52.530571],[5.5878612,52.530571],[5.5878318,52.530571],[5.5878023,52.530571],[5.5877728,52.530571],[5.5877434,52.530571],[5.5877139,52.530571],[5.5876844,52.530571],[5.5876549,52.530571],[5.5876255,52.530571],[5.587596,52.530571],[5.5875665,52.5305709],[5.5875371,52.5305709],[5.5875076,52.5305709],[5.5874781,52.5305709],[5.5874487,52.5305709],[5.5874192,52.5305709],[5.5873897,52.5305709],[5.5873602,52.5305709],[5.5873308,52.5305709],[5.5873013,52.5305709],[5.5872718,52.5305709],[5.5872424,52.5305709],[5.5872129,52.5305709],[5.5871834,52.5305708],[5.5871539,52.5305708],[5.5871245,52.5305708],[5.587095,52.5305708],[5.5870655,52.5305708],[5.5870361,52.5305708],[5.5870066,52.5305708],[5.5869771,52.5305708],[5.5869476,52.5305708],[5.5869182,52.5305708],[5.5868887,52.5305708],[5.5868592,52.5305708],[5.5868298,52.5305707],[5.5868003,52.5305707],[5.5867708,52.5305707],[5.5867413,52.5305707],[5.5867119,52.5305707],[5.5866824,52.5305707],[5.5866529,52.5305707],[5.5866235,52.5305707],[5.586594,52.5305707],[5.5865645,52.5305707],[5.586535,52.5305707],[5.5865056,52.5305707],[5.5864761,52.5305706],[5.5864466,52.5305706],[5.5864172,52.5305706],[5.5863877,52.5305706],[5.5863582,52.5305706],[5.5863287,52.5305706],[5.5862993,52.5305706],[5.5862698,52.5305706],[5.5862403,52.5305706],[5.5862109,52.5305706],[5.5861814,52.5305706],[5.5861519,52.5305706],[5.5861225,52.5305705],[5.586093,52.5305705],[5.5860635,52.5305705],[5.586034,52.5305705],[5.5860046,52.5305705],[5.5859751,52.5305705],[5.5859456,52.5305705],[5.5859162,52.5305705],[5.5858867,52.5305705],[5.5858572,52.5305705],[5.5858277,52.5305705],[5.5857983,52.5305705],[5.5857688,52.5305704],[5.5857393,52.5305704],[5.5857099,52.5305704],[5.5856804,52.5305704],[5.5856509,52.5305704],[5.5856214,52.5305704],[5.585592,52.5305704],[5.5855625,52.5305704],[5.585533,52.5305704],[5.5855036,52.5305704],[5.5854741,52.5305704],[5.5854446,52.5305703],[5.5854151,52.5305703],[5.5853857,52.5305703],[5.5853562,52.5305703],[5.5853267,52.5305703],[5.5852973,52.5305703],[5.5852678,52.5305703],[5.5852383,52.5305703],[5.5852088,52.5305703],[5.5851794,52.5305703],[5.5851499,52.5305703],[5.5851204,52.5305703],[5.585091,52.5305702],[5.5850615,52.5305702],[5.585032,52.5305702],[5.5850026,52.5305702],[5.5849731,52.5305702],[5.5849436,52.5305702],[5.5849141,52.5305702],[5.5848847,52.5305702],[5.5848552,52.5305702],[5.5848257,52.5305702],[5.5847963,52.5305702],[5.5847668,52.5305701],[5.5847373,52.5305701],[5.5847078,52.5305701],[5.5846784,52.5305701],[5.5846489,52.5305701],[5.5846194,52.5305701],[5.58459,52.5305701],[5.5845605,52.5305701],[5.584531,52.5305701],[5.5845015,52.5305701],[5.5844721,52.5305701],[5.5844426,52.5305701],[5.5844131,52.53057],[5.5843837,52.53057],[5.5843542,52.53057],[5.5843247,52.53057],[5.5842952,52.53057],[5.5842658,52.53057],[5.5842363,52.53057],[5.5842068,52.53057],[5.5841774,52.53057],[5.5841479,52.53057],[5.5841184,52.53057],[5.5840889,52.5305699],[5.5840595,52.5305699],[5.58403,52.5305699],[5.5840005,52.5305699],[5.5839711,52.5305699],[5.5839416,52.5305699],[5.5839121,52.5305699],[5.5838826,52.5305699],[5.5838532,52.5305699],[5.5838237,52.5305699],[5.5837942,52.5305699],[5.5837648,52.5305698],[5.5837353,52.5305698],[5.5837058,52.5305698],[5.5836764,52.5305698],[5.5836469,52.5305698],[5.5836174,52.5305698],[5.5835879,52.5305698],[5.5835585,52.5305698],[5.583529,52.5305698],[5.5834995,52.5305698],[5.5834701,52.5305698],[5.5834406,52.5305697],[5.5834111,52.5305697],[5.5833816,52.5305697],[5.5833522,52.5305697],[5.5833227,52.5305697],[5.5832932,52.5305697],[5.5832638,52.5305697],[5.5832343,52.5305697],[5.5832048,52.5305697],[5.5831753,52.5305697],[5.5831459,52.5305697],[5.5831164,52.5305696],[5.5830869,52.5305696],[5.5830575,52.5305696],[5.583028,52.5305696],[5.5829985,52.5305696],[5.582969,52.5305696],[5.5829396,52.5305696],[5.5829101,52.5305696],[5.5828806,52.5305696],[5.5828512,52.5305696],[5.5828217,52.5305696],[5.5827922,52.5305695],[5.5827627,52.5305695],[5.5827333,52.5305695],[5.5827038,52.5305695],[5.5826743,52.5305695],[5.5826449,52.5305695],[5.5826154,52.5305695],[5.5825859,52.5305695],[5.5825565,52.5305695],[5.582527,52.5305695],[5.5824975,52.5305695],[5.582468,52.5305694],[5.5824386,52.5305694],[5.5824091,52.5305694],[5.5823796,52.5305694],[5.5823502,52.5305694],[5.5823207,52.5305694],[5.5822912,52.5305694],[5.5822617,52.5305694],[5.5822323,52.5305694],[5.5822028,52.5305694],[5.5821733,52.5305693],[5.5821439,52.5305693],[5.5821144,52.5305693],[5.5820849,52.5305693],[5.5820554,52.5305693],[5.582026,52.5305693],[5.5819965,52.5305693],[5.581967,52.5305693],[5.5819376,52.5305693],[5.5819081,52.5305693],[5.5818786,52.5305693],[5.5818491,52.5305692],[5.5818197,52.5305692],[5.5817902,52.5305692],[5.5817607,52.5305692],[5.5817313,52.5305692],[5.5817018,52.5305692],[5.5816723,52.5305692],[5.5816428,52.5305692],[5.5816134,52.5305692],[5.5815839,52.5305692],[5.5815544,52.5305691],[5.581525,52.5305691],[5.5814955,52.5305691],[5.581466,52.5305691],[5.5814365,52.5305691],[5.5814071,52.5305691],[5.5813776,52.5305691],[5.5813481,52.5305691],[5.5813187,52.5305691],[5.5812892,52.5305691],[5.5812597,52.5305691],[5.5812303,52.530569],[5.5812008,52.530569],[5.5811713,52.530569],[5.5811418,52.530569],[5.5811124,52.530569],[5.5810829,52.530569],[5.5810534,52.530569],[5.581024,52.530569],[5.5809945,52.530569],[5.580965,52.530569],[5.5809355,52.5305689],[5.5809061,52.5305689],[5.5808766,52.5305689],[5.5808471,52.5305689],[5.5808177,52.5305689],[5.5807882,52.5305689],[5.5807587,52.5305689],[5.5807292,52.5305689],[5.5806998,52.5305689],[5.5806703,52.5305689],[5.5806408,52.5305688],[5.5806114,52.5305688],[5.5805819,52.5305688],[5.5805524,52.5305688],[5.5805229,52.5305688],[5.5804935,52.5305688],[5.580464,52.5305688],[5.5804345,52.5305688],[5.5804051,52.5305688],[5.5803756,52.5305688],[5.5803461,52.5305687],[5.5803166,52.5305687],[5.5802872,52.5305687],[5.5802577,52.5305687],[5.5802282,52.5305687],[5.5801988,52.5305687],[5.5801693,52.5305687],[5.5801398,52.5305687],[5.5801104,52.5305687],[5.5800809,52.5305687],[5.5800514,52.5305687],[5.5800219,52.5305686],[5.5799925,52.5305686],[5.579963,52.5305686],[5.5799335,52.5305686],[5.5799041,52.5305686],[5.5798746,52.5305686],[5.5798451,52.5305686],[5.5798156,52.5305686],[5.5797862,52.5305686],[5.5797567,52.5305686],[5.5797272,52.5305685],[5.5796978,52.5305685],[5.5796683,52.5305685],[5.5796388,52.5305685],[5.5796093,52.5305685],[5.5795799,52.5305685],[5.5795504,52.5305685],[5.5795209,52.5305685],[5.5794915,52.5305685],[5.579462,52.5305684],[5.5794325,52.5305684],[5.579403,52.5305684],[5.5793736,52.5305684],[5.5793441,52.5305684],[5.5793146,52.5305684],[5.5792852,52.5305684],[5.5792557,52.5305684],[5.5792262,52.5305684],[5.5791967,52.5305684],[5.5791673,52.5305683],[5.5791378,52.5305683],[5.5791083,52.5305683],[5.5790789,52.5305683],[5.5790494,52.5305683],[5.5790199,52.5305683],[5.5789905,52.5305683],[5.578961,52.5305683],[5.5789315,52.5305683],[5.578902,52.5305683],[5.5788726,52.5305682],[5.5788431,52.5305682],[5.5788136,52.5305682],[5.5787842,52.5305682],[5.5787547,52.5305682],[5.5787252,52.5305682],[5.5786957,52.5305682],[5.5786663,52.5305682],[5.5786368,52.5305682],[5.5786073,52.5305682],[5.5785779,52.5305681],[5.5785484,52.5305681],[5.5785189,52.5305681],[5.5784894,52.5305681],[5.57846,52.5305681],[5.5784305,52.5305681],[5.578401,52.5305681],[5.5783716,52.5305681],[5.5783421,52.5305681],[5.5783126,52.5305681],[5.5782831,52.530568],[5.5782537,52.530568],[5.5782242,52.530568],[5.5781947,52.530568],[5.5781653,52.530568],[5.5781358,52.530568],[5.5781063,52.530568],[5.5780768,52.530568],[5.5780474,52.530568],[5.5780179,52.5305679],[5.5779884,52.5305679],[5.577959,52.5305679],[5.5779295,52.5305679],[5.5779,52.5305679],[5.5778705,52.5305679],[5.5778411,52.5305679],[5.5778116,52.5305679],[5.5777821,52.5305679],[5.5777527,52.5305679],[5.5777232,52.5305678],[5.5776937,52.5305678],[5.5776643,52.5305678],[5.5776348,52.5305678],[5.5776053,52.5305678],[5.5775758,52.5305678],[5.5775464,52.5305678],[5.5775169,52.5305678],[5.5774874,52.5305678],[5.577458,52.5305677],[5.5774285,52.5305677],[5.577399,52.5305677],[5.5773695,52.5305677],[5.5773401,52.5305677],[5.5773106,52.5305677],[5.5772811,52.5305677],[5.5772517,52.5305677],[5.5772222,52.5305677],[5.5771927,52.5305677],[5.5771632,52.5305676],[5.5771338,52.5305676],[5.5771043,52.5305676],[5.5770748,52.5305676],[5.5770454,52.5305676],[5.5770159,52.5305676],[5.5769864,52.5305676],[5.5769569,52.5305676],[5.5769275,52.5305676],[5.576898,52.5305675],[5.5768685,52.5305675],[5.5768391,52.5305675],[5.5768096,52.5305675],[5.5767801,52.5305675],[5.5767506,52.5305675],[5.5767212,52.5305675],[5.5766917,52.5305675],[5.5766622,52.5305675],[5.5766328,52.5305674],[5.5766033,52.5305674],[5.5765738,52.5305674],[5.5765444,52.5305674],[5.5765149,52.5305674],[5.5764854,52.5305674],[5.5764559,52.5305674],[5.5764265,52.5305674],[5.576397,52.5305674],[5.5763675,52.5305673],[5.5763381,52.5305673],[5.5763086,52.5305673],[5.5762791,52.5305673],[5.5762496,52.5305673],[5.5762202,52.5305673],[5.5761907,52.5305673],[5.5761612,52.5305673],[5.5761318,52.5305673],[5.5761023,52.5305673],[5.5760728,52.5305672],[5.5760433,52.5305672],[5.5760139,52.5305672],[5.5759844,52.5305672],[5.5759549,52.5305672],[5.5759255,52.5305672],[5.575896,52.5305672],[5.5758665,52.5305672],[5.575837,52.5305672],[5.5758076,52.5305671],[5.5757781,52.5305671],[5.5757486,52.5305671],[5.5757192,52.5305671],[5.5756897,52.5305671],[5.5756602,52.5305671],[5.5756307,52.5305671],[5.5756013,52.5305671],[5.5755718,52.5305671],[5.5755423,52.530567],[5.5755129,52.530567],[5.5754834,52.530567],[5.5754539,52.530567],[5.5754244,52.530567],[5.575395,52.530567],[5.5753655,52.530567],[5.575336,52.530567],[5.5753066,52.530567],[5.5752771,52.5305669],[5.5752476,52.5305669],[5.5752182,52.5305669],[5.5751887,52.5305669],[5.5751592,52.5305669],[5.5751297,52.5305669],[5.5751003,52.5305669],[5.5750708,52.5305669],[5.5750413,52.5305669],[5.5750119,52.5305668],[5.5749824,52.5305668],[5.5749529,52.5305668],[5.5749234,52.5305668],[5.574894,52.5305668],[5.5748645,52.5305668],[5.574835,52.5305668],[5.5748056,52.5305668],[5.5747761,52.5305668],[5.5747466,52.5305667],[5.5747171,52.5305667],[5.5746877,52.5305667],[5.5746582,52.5305667],[5.5746287,52.5305667],[5.5745993,52.5305667],[5.5745698,52.5305667],[5.5745403,52.5305667],[5.5745108,52.5305667],[5.5744814,52.5305666],[5.5744519,52.5305666],[5.5744224,52.5305666],[5.574393,52.5305666],[5.5743635,52.5305666],[5.574334,52.5305666],[5.5743045,52.5305666],[5.5742751,52.5305666],[5.5742456,52.5305665],[5.5742161,52.5305665],[5.5741867,52.5305665],[5.5741572,52.5305665],[5.5741277,52.5305665],[5.5740983,52.5305665],[5.5740688,52.5305665],[5.5740393,52.5305665],[5.5740098,52.5305665],[5.5739804,52.5305664],[5.5739509,52.5305664],[5.5739214,52.5305664],[5.573892,52.5305664],[5.5738625,52.5305664],[5.573833,52.5305664],[5.5738035,52.5305664],[5.5737741,52.5305664],[5.5737446,52.5305664],[5.5737151,52.5305663],[5.5736857,52.5305663],[5.5736562,52.5305663],[5.5736267,52.5305663],[5.5735972,52.5305663],[5.5735678,52.5305663],[5.5735383,52.5305663],[5.5735088,52.5305663],[5.5734794,52.5305662],[5.5734499,52.5305662],[5.5734204,52.5305662],[5.5733909,52.5305662],[5.5733615,52.5305662],[5.573332,52.5305662],[5.5733025,52.5305662],[5.5732731,52.5305662],[5.5732436,52.5305662],[5.5732141,52.5305661],[5.5731846,52.5305661],[5.5731552,52.5305661],[5.5731257,52.5305661],[5.5730962,52.5305661],[5.5730668,52.5305661],[5.5730373,52.5305661],[5.5730078,52.5305661],[5.5729784,52.5305661],[5.5729489,52.530566],[5.5729194,52.530566],[5.5728899,52.530566],[5.5728605,52.530566],[5.572831,52.530566],[5.5728015,52.530566],[5.5727721,52.530566],[5.5727426,52.530566],[5.5727131,52.5305659],[5.5726836,52.5305659],[5.5726542,52.5305659],[5.5726247,52.5305659],[5.5725952,52.5305659],[5.5725658,52.5305659],[5.5725363,52.5305659],[5.5725068,52.5305659],[5.5724773,52.5305659],[5.5724479,52.5305658],[5.5724184,52.5305658],[5.5723889,52.5305658],[5.5723595,52.5305658],[5.57233,52.5305658],[5.5723005,52.5305658],[5.572271,52.5305658],[5.5722416,52.5305658],[5.5722121,52.5305657],[5.5721826,52.5305657],[5.5721532,52.5305657],[5.5721237,52.5305657],[5.5720942,52.5305657],[5.5720647,52.5305657],[5.5720353,52.5305657],[5.5720058,52.5305657],[5.5719763,52.5305656],[5.5719469,52.5305656],[5.5719174,52.5305656],[5.5718879,52.5305656],[5.5718584,52.5305656],[5.571829,52.5305656],[5.5717995,52.5305656],[5.57177,52.5305656],[5.5717406,52.5305656],[5.5717111,52.5305655],[5.5716816,52.5305655],[5.5716522,52.5305655],[5.5716227,52.5305655],[5.5715932,52.5305655],[5.5715637,52.5305655],[5.5715343,52.5305655],[5.5715048,52.5305655],[5.5714753,52.5305654],[5.5714459,52.5305654],[5.5714164,52.5305654],[5.5713869,52.5305654],[5.5713574,52.5305654],[5.571328,52.5305654],[5.5712985,52.5305654],[5.571269,52.5305654],[5.5712396,52.5305653],[5.5712101,52.5305653],[5.5711806,52.5305653],[5.5711511,52.5305653],[5.5711217,52.5305653],[5.5710922,52.5305653],[5.5710627,52.5305653],[5.5710333,52.5305653],[5.5710038,52.5305653],[5.5709743,52.5305652],[5.5709448,52.5305652],[5.5709154,52.5305652],[5.5708859,52.5305652],[5.5708564,52.5305652],[5.570827,52.5305652],[5.5707975,52.5305652],[5.570768,52.5305652],[5.5707385,52.5305651],[5.5707091,52.5305651],[5.5706796,52.5305651],[5.5706501,52.5305651],[5.5706207,52.5305651],[5.5705912,52.5305651],[5.5705617,52.5305651],[5.5705323,52.5305651],[5.5705028,52.530565],[5.5704733,52.530565],[5.5704438,52.530565],[5.5704144,52.530565],[5.5703849,52.530565],[5.5703554,52.530565],[5.570326,52.530565],[5.5702965,52.530565],[5.570267,52.5305649],[5.5702375,52.5305649],[5.5702081,52.5305649],[5.5701786,52.5305649],[5.5701491,52.5305649],[5.5701197,52.5305649],[5.5700902,52.5305649],[5.5700607,52.5305649],[5.5700312,52.5305648],[5.5700018,52.5305648],[5.5699723,52.5305648],[5.5699428,52.5305648],[5.5699134,52.5305648],[5.5698839,52.5305648],[5.5698544,52.5305648],[5.5698249,52.5305648],[5.5697955,52.5305647],[5.569766,52.5305647],[5.5697365,52.5305647],[5.5697071,52.5305647],[5.5696776,52.5305647],[5.5696481,52.5305647],[5.5696186,52.5305647],[5.5695892,52.5305647],[5.5695597,52.5305646],[5.5695302,52.5305646],[5.5695008,52.5305646],[5.5694713,52.5305646],[5.5694418,52.5305646],[5.5694124,52.5305646],[5.5693829,52.5305646],[5.5693534,52.5305646],[5.5693239,52.5305645],[5.5692945,52.5305645],[5.569265,52.5305645],[5.5692355,52.5305645],[5.5692061,52.5305645],[5.5691766,52.5305645],[5.5691471,52.5305645],[5.5691176,52.5305645],[5.5690882,52.5305644],[5.5690587,52.5305644],[5.5690292,52.5305644],[5.5689998,52.5305644],[5.5689703,52.5305644],[5.5689408,52.5305644],[5.5689113,52.5305644],[5.5688819,52.5305644],[5.5688524,52.5305643]]}},{"type":"Feature","properties":{"highway":"cycleway","smoothness":"good","surface":"asphalt","width":3},"geometry":{"type":"LineString","coordinates":[[5.5688524,52.5305643],[5.5688226,52.5305634],[5.5687929,52.5305615],[5.5687633,52.5305588],[5.5687341,52.5305551],[5.5687052,52.5305505],[5.5686767,52.5305451],[5.5686487,52.5305387],[5.5686213,52.5305315],[5.5685945,52.5305235],[5.5685683,52.5305146],[5.568543,52.530505],[5.5685185,52.5304946],[5.5684949,52.5304834],[5.5684723,52.5304715],[5.5684506,52.530459],[5.5684301,52.5304458],[5.5684106,52.5304319],[5.5683924,52.5304175],[5.5683753,52.5304026],[5.5683595,52.5303871],[5.5683451,52.5303712],[5.5683319,52.5303548],[5.5683202,52.5303381],[5.5683098,52.530321],[5.5683009,52.5303036],[5.5682934,52.530286],[5.5682874,52.5302681],[5.5682829,52.5302501],[5.5682799,52.530232],[5.5682784,52.5302138],[5.5682785,52.5301956],[5.5682785,52.5301776],[5.5682785,52.5301597],[5.5682785,52.5301417],[5.5682786,52.5301237],[5.5682786,52.5301057],[5.5682786,52.5300878],[5.5682786,52.5300698],[5.5682786,52.5300518],[5.5682787,52.5300338],[5.5682787,52.5300159],[5.5682787,52.5299979],[5.5682787,52.5299799],[5.5682787,52.5299619],[5.5682788,52.529944],[5.5682788,52.529926],[5.5682788,52.529908],[5.5682788,52.5298901],[5.5682789,52.5298721],[5.5682789,52.5298541],[5.5682789,52.5298361],[5.5682789,52.5298182],[5.5682789,52.5298002],[5.568279,52.5297822],[5.568279,52.5297642],[5.568279,52.5297463],[5.568279,52.5297283],[5.568279,52.5297103],[5.5682791,52.5296924],[5.5682791,52.5296744],[5.5682791,52.5296564],[5.5682791,52.5296384],[5.5682791,52.5296205],[5.5682792,52.5296025],[5.5682792,52.5295845],[5.5682792,52.5295665],[5.5682792,52.5295486],[5.5682793,52.5295306],[5.5682793,52.5295126],[5.5682793,52.5294946],[5.5682793,52.5294767],[5.5682793,52.5294587],[5.5682794,52.5294407],[5.5682794,52.5294228],[5.5682794,52.5294048],[5.5682794,52.5293868],[5.5682794,52.5293688],[5.5682795,52.5293509],[5.5682795,52.5293329],[5.5682795,52.5293149],[5.5682795,52.5292969],[5.5682795,52.529279],[5.5682796,52.529261],[5.5682796,52.529243],[5.5682796,52.5292251],[5.5682796,52.5292071],[5.5682797,52.5291891],[5.5682797,52.5291711],[5.5682797,52.5291532],[5.5682797,52.5291352],[5.5682797,52.5291172],[5.5682798,52.5290992],[5.5682798,52.5290813],[5.5682798,52.5290633],[5.5682798,52.5290453],[5.5682798,52.5290273],[5.5682799,52.5290094],[5.5682799,52.5289914],[5.5682799,52.5289734],[5.5682799,52.5289555],[5.5682799,52.5289375],[5.56828,52.5289195],[5.56828,52.5289015],[5.56828,52.5288836],[5.56828,52.5288656],[5.5682801,52.5288476],[5.5682801,52.5288296],[5.5682801,52.5288117],[5.5682801,52.5287937],[5.5682801,52.5287757],[5.5682802,52.5287578],[5.5682802,52.5287398],[5.5682802,52.5287218],[5.5682802,52.5287038],[5.5682802,52.5286859],[5.5682803,52.5286679],[5.5682803,52.5286499],[5.5682803,52.5286319],[5.5682803,52.528614],[5.5682804,52.528596],[5.5682804,52.528578],[5.5682804,52.52856],[5.5682804,52.5285421],[5.5682804,52.5285241],[5.5682805,52.5285061],[5.5682805,52.5284882],[5.5682805,52.5284702],[5.5682805,52.5284522],[5.5682805,52.5284342],[5.5682806,52.5284163],[5.5682806,52.5283983],[5.5682806,52.5283803],[5.5682806,52.5283623],[5.5682806,52.5283444],[5.5682807,52.5283264],[5.5682807,52.5283084],[5.5682807,52.5282905],[5.5682807,52.5282725],[5.5682808,52.5282545],[5.5682808,52.5282365],[5.5682808,52.5282186],[5.5682808,52.5282006],[5.5682808,52.5281826],[5.5682809,52.5281646],[5.5682809,52.5281467],[5.5682809,52.5281287],[5.5682809,52.5281107],[5.5682809,52.5280927],[5.568281,52.5280748],[5.568281,52.5280568],[5.568281,52.5280388],[5.568281,52.5280209],[5.568281,52.5280029],[5.5682811,52.5279849],[5.5682811,52.5279669],[5.5682811,52.527949],[5.5682811,52.527931],[5.5682812,52.527913],[5.5682812,52.527895],[5.5682812,52.5278771],[5.5682812,52.5278591],[5.5682812,52.5278411],[5.5682813,52.5278232],[5.5682813,52.5278052],[5.5682813,52.5277872],[5.5682813,52.5277692],[5.5682813,52.5277513],[5.5682814,52.5277333],[5.5682814,52.5277153],[5.5682814,52.5276973],[5.5682814,52.5276794],[5.5682814,52.5276614],[5.5682815,52.5276434],[5.5682815,52.5276254],[5.5682815,52.5276075],[5.5682815,52.5275895],[5.5682816,52.5275715],[5.5682816,52.5275536],[5.5682816,52.5275356],[5.5682816,52.5275176],[5.5682816,52.5274996],[5.5682817,52.5274817],[5.5682817,52.5274637],[5.5682817,52.5274457],[5.5682817,52.5274277],[5.5682817,52.5274098],[5.5682818,52.5273918],[5.5682818,52.5273738],[5.5682818,52.5273558],[5.5682818,52.5273379],[5.5682818,52.5273199],[5.5682819,52.5273019],[5.5682819,52.527284],[5.5682819,52.527266],[5.5682819,52.527248],[5.568282,52.52723],[5.568282,52.5272121],[5.568282,52.5271941],[5.568282,52.5271761],[5.568282,52.5271581],[5.5682821,52.5271402],[5.5682821,52.5271222],[5.5682821,52.5271042],[5.5682821,52.5270863],[5.5682821,52.5270683],[5.5682822,52.5270503],[5.5682822,52.5270323],[5.5682822,52.5270144],[5.5682822,52.5269964],[5.5682823,52.5269784],[5.5682823,52.5269604],[5.5682823,52.5269425],[5.5682823,52.5269245],[5.5682823,52.5269065],[5.5682824,52.5268885],[5.5682824,52.5268706],[5.5682824,52.5268526],[5.5682824,52.5268346],[5.5682824,52.5268167],[5.5682825,52.5267987],[5.5682825,52.5267807],[5.5682825,52.5267627],[5.5682825,52.5267448],[5.5682825,52.5267268],[5.5682826,52.5267088],[5.5682826,52.5266908],[5.5682826,52.5266729],[5.5682826,52.5266549],[5.5682827,52.5266369],[5.5682827,52.526619],[5.5682827,52.526601],[5.5682827,52.526583],[5.5682827,52.526565],[5.5682828,52.5265471],[5.5682828,52.5265291],[5.5682828,52.5265111],[5.5682828,52.5264931],[5.5682828,52.5264752],[5.5682829,52.5264572],[5.5682829,52.5264392],[5.5682829,52.5264212],[5.5682829,52.5264033],[5.5682829,52.5263853],[5.568283,52.5263673],[5.568283,52.5263494],[5.568283,52.5263314],[5.568283,52.5263134],[5.5682831,52.5262954],[5.5682831,52.5262775],[5.5682831,52.5262595],[5.5682831,52.5262415],[5.5682831,52.5262235],[5.5682832,52.5262056],[5.5682832,52.5261876],[5.5682832,52.5261696],[5.5682832,52.5261517],[5.5682832,52.5261337],[5.5682833,52.5261157],[5.5682833,52.5260977],[5.5682833,52.5260798],[5.5682833,52.5260618],[5.5682833,52.5260438],[5.5682834,52.5260258],[5.5682834,52.5260079],[5.5682834,52.5259899],[5.5682834,52.5259719],[5.5682835,52.5259539],[5.5682835,52.525936],[5.5682835,52.525918],[5.5682835,52.5259],[5.5682835,52.5258821],[5.5682836,52.5258641],[5.5682836,52.5258461],[5.5682836,52.5258281],[5.5682836,52.5258102],[5.5682836,52.5257922],[5.5682837,52.5257742],[5.5682837,52.5257562],[5.5682837,52.5257383],[5.5682837,52.5257203],[5.5682837,52.5257023],[5.5682838,52.5256844],[5.5682838,52.5256664],[5.5682838,52.5256484],[5.5682838,52.5256304],[5.5682839,52.5256125],[5.5682839,52.5255945],[5.5682839,52.5255765],[5.5682839,52.5255585],[5.5682839,52.5255406],[5.568284,52.5255226],[5.568284,52.5255046],[5.568284,52.5254866],[5.568284,52.5254687],[5.568284,52.5254507],[5.5682841,52.5254327],[5.5682841,52.5254148],[5.5682841,52.5253968],[5.5682841,52.5253788],[5.5682841,52.5253608],[5.5682842,52.5253429],[5.5682842,52.5253249],[5.5682842,52.5253069],[5.5682842,52.5252889],[5.5682843,52.525271],[5.5682843,52.525253],[5.5682843,52.525235],[5.5682843,52.5252171],[5.5682843,52.5251991],[5.5682844,52.5251811],[5.5682844,52.5251631],[5.5682844,52.5251452],[5.5682844,52.5251272],[5.5682844,52.5251092],[5.5682845,52.5250912],[5.5682845,52.5250733],[5.5682845,52.5250553],[5.5682845,52.5250373],[5.5682846,52.5250193],[5.5682846,52.5250014],[5.5682846,52.5249834],[5.5682846,52.5249654],[5.5682846,52.5249475],[5.5682847,52.5249295],[5.5682847,52.5249115],[5.5682847,52.5248935],[5.5682847,52.5248756],[5.5682847,52.5248576],[5.5682848,52.5248396],[5.5682848,52.5248216],[5.5682848,52.5248037],[5.5682848,52.5247857],[5.5682848,52.5247677],[5.5682849,52.5247497],[5.5682849,52.5247318],[5.5682849,52.5247138],[5.5682849,52.5246958],[5.568285,52.5246779],[5.568285,52.5246599],[5.568285,52.5246419],[5.568285,52.5246239],[5.568285,52.524606],[5.5682851,52.524588],[5.5682851,52.52457],[5.5682851,52.524552],[5.5682851,52.5245341],[5.5682851,52.5245161],[5.5682852,52.5244981],[5.5682852,52.5244802],[5.5682852,52.5244622],[5.5682852,52.5244442],[5.5682852,52.5244262],[5.5682853,52.5244083],[5.5682853,52.5243903],[5.5682853,52.5243723],[5.5682853,52.5243543],[5.5682854,52.5243364],[5.5682854,52.5243184],[5.5682854,52.5243004],[5.5682854,52.5242824],[5.5682854,52.5242645],[5.5682855,52.5242465],[5.5682855,52.5242285],[5.5682855,52.5242106],[5.5682855,52.5241926],[5.5682855,52.5241746],[5.5682856,52.5241566],[5.5682856,52.5241387],[5.5682856,52.5241207],[5.5682856,52.5241027],[5.5682856,52.5240847],[5.5682857,52.5240668],[5.5682857,52.5240488],[5.5682857,52.5240308],[5.5682857,52.5240129],[5.5682858,52.5239949],[5.5682858,52.5239769],[5.5682858,52.5239589],[5.5682858,52.523941],[5.5682858,52.523923],[5.5682859,52.523905],[5.5682859,52.523887],[5.5682859,52.5238691],[5.5682859,52.5238511],[5.5682859,52.5238331],[5.568286,52.5238151],[5.568286,52.5237972],[5.568286,52.5237792],[5.568286,52.5237612],[5.568286,52.5237433],[5.5682861,52.5237253],[5.5682861,52.5237073],[5.5682861,52.5236893],[5.5682861,52.5236714],[5.5682862,52.5236534],[5.5682862,52.5236354],[5.5682862,52.5236174],[5.5682862,52.5235995],[5.5682862,52.5235815],[5.5682863,52.5235635],[5.5682863,52.5235456],[5.5682863,52.5235276],[5.5682863,52.5235096],[5.5682863,52.5234916],[5.5682864,52.5234737],[5.5682864,52.5234557],[5.5682864,52.5234377],[5.5682864,52.5234197],[5.5682865,52.5234018],[5.5682865,52.5233838],[5.5682865,52.5233658],[5.5682865,52.5233478],[5.5682865,52.5233299],[5.5682866,52.5233119],[5.5682866,52.5232939],[5.5682866,52.523276],[5.5682866,52.523258],[5.5682866,52.52324],[5.5682867,52.523222],[5.5682867,52.5232041],[5.5682867,52.5231861],[5.5682867,52.5231681],[5.5682867,52.5231501],[5.5682868,52.5231322],[5.5682868,52.5231142],[5.5682868,52.5230962],[5.5682868,52.5230782],[5.5682869,52.5230603],[5.5682869,52.5230423],[5.5682869,52.5230243],[5.5682869,52.5230064],[5.5682869,52.5229884],[5.568287,52.5229704],[5.568287,52.5229524],[5.568287,52.5229345],[5.568287,52.5229165],[5.568287,52.5228985],[5.5682871,52.5228805],[5.5682871,52.5228626],[5.5682871,52.5228446],[5.5682871,52.5228266],[5.5682871,52.5228087],[5.5682872,52.5227907],[5.5682872,52.5227727],[5.5682872,52.5227547],[5.5682872,52.5227368],[5.5682873,52.5227188],[5.5682873,52.5227008],[5.5682873,52.5226828],[5.5682873,52.5226649],[5.5682873,52.5226469],[5.5682874,52.5226289],[5.5682874,52.5226109],[5.5682874,52.522593],[5.5682874,52.522575],[5.5682874,52.522557],[5.5682875,52.5225391],[5.5682875,52.5225211],[5.5682875,52.5225031],[5.5682875,52.5224851],[5.5682875,52.5224672],[5.5682876,52.5224492],[5.5682876,52.5224312],[5.5682876,52.5224132],[5.5682876,52.5223953],[5.5682877,52.5223773],[5.5682877,52.5223593],[5.5682877,52.5223414],[5.5682877,52.5223234],[5.5682877,52.5223054],[5.5682878,52.5222874],[5.5682878,52.5222695],[5.5682878,52.5222515],[5.5682878,52.5222335],[5.5682878,52.5222155],[5.5682879,52.5221976],[5.5682879,52.5221796],[5.5682879,52.5221616],[5.5682879,52.5221436],[5.5682879,52.5221257],[5.568288,52.5221077],[5.568288,52.5220897],[5.568288,52.5220718],[5.568288,52.5220538],[5.5682881,52.5220358],[5.5682881,52.5220178],[5.5682881,52.5219999],[5.5682881,52.5219819],[5.5682881,52.5219639],[5.5682882,52.5219459],[5.5682882,52.521928],[5.5682882,52.52191],[5.5682882,52.521892],[5.5682882,52.5218741],[5.5682883,52.5218561],[5.5682883,52.5218381],[5.5682883,52.5218201],[5.5682883,52.5218022],[5.5682884,52.5217842],[5.5682884,52.5217662],[5.5682884,52.5217482],[5.5682884,52.5217303],[5.5682884,52.5217123],[5.5682885,52.5216943],[5.5682885,52.5216763],[5.5682885,52.5216584],[5.5682885,52.5216404],[5.5682885,52.5216224],[5.5682886,52.5216045],[5.5682886,52.5215865],[5.5682886,52.5215685],[5.5682886,52.5215505],[5.5682886,52.5215326],[5.5682887,52.5215146],[5.5682887,52.5214966],[5.5682887,52.5214786],[5.5682887,52.5214607],[5.5682888,52.5214427],[5.5682888,52.5214247],[5.5682888,52.5214068],[5.5682888,52.5213888],[5.5682888,52.5213708],[5.5682889,52.5213528],[5.5682889,52.5213349],[5.5682889,52.5213169],[5.5682889,52.5212989],[5.5682889,52.5212809],[5.568289,52.521263],[5.568289,52.521245],[5.568289,52.521227],[5.568289,52.521209],[5.568289,52.5211911],[5.5682891,52.5211731],[5.5682891,52.5211551],[5.5682891,52.5211372],[5.5682891,52.5211192],[5.5682892,52.5211012],[5.5682892,52.5210832],[5.5682892,52.5210653],[5.5682892,52.5210473],[5.5682892,52.5210293],[5.5682893,52.5210113],[5.5682893,52.5209934],[5.5682893,52.5209754],[5.5682893,52.5209574],[5.5682893,52.5209394],[5.5682894,52.5209215],[5.5682894,52.5209035],[5.5682894,52.5208855],[5.5682894,52.5208676],[5.5682894,52.5208496],[5.5682895,52.5208316],[5.5682895,52.5208136],[5.5682895,52.5207957],[5.5682895,52.5207777],[5.5682896,52.5207597],[5.5682896,52.5207417],[5.5682896,52.5207238],[5.5682896,52.5207058],[5.5682896,52.5206878],[5.5682897,52.5206699],[5.5682897,52.5206519],[5.5682897,52.5206339],[5.5682897,52.5206159],[5.5682897,52.520598],[5.5682898,52.52058],[5.5682898,52.520562],[5.5682898,52.520544],[5.5682898,52.5205261],[5.5682898,52.5205081],[5.5682899,52.5204901],[5.5682899,52.5204721],[5.5682899,52.5204542],[5.5682899,52.5204362],[5.56829,52.5204182],[5.56829,52.5204003],[5.56829,52.5203823],[5.56829,52.5203643],[5.56829,52.5203463],[5.5682901,52.5203284],[5.5682901,52.5203104],[5.5682901,52.5202924],[5.5682901,52.5202744],[5.5682901,52.5202565],[5.5682902,52.5202385],[5.5682902,52.5202205],[5.5682902,52.5202026],[5.5682902,52.5201846],[5.5682902,52.5201666],[5.5682903,52.5201486],[5.5682903,52.5201307],[5.5682903,52.5201127],[5.5682903,52.5200947],[5.5682904,52.5200767],[5.5682904,52.5200588],[5.5682904,52.5200408],[5.5682904,52.5200228],[5.5682904,52.5200048],[5.5682905,52.5199869],[5.5682905,52.5199689],[5.5682905,52.5199509],[5.5682905,52.519933],[5.5682905,52.519915],[5.5682906,52.519897],[5.5682906,52.519879],[5.5682906,52.5198611],[5.5682906,52.5198431],[5.5682907,52.5198251],[5.5682907,52.5198071],[5.5682907,52.5197892],[5.5682907,52.5197712],[5.5682907,52.5197532],[5.5682908,52.5197352],[5.5682908,52.5197173],[5.5682908,52.5196993],[5.5682908,52.5196813],[5.5682908,52.5196634],[5.5682909,52.5196454],[5.5682909,52.5196274],[5.5682909,52.5196094],[5.5682909,52.5195915],[5.5682909,52.5195735],[5.568291,52.5195555],[5.568291,52.5195375],[5.568291,52.5195196],[5.568291,52.5195016],[5.5682911,52.5194836],[5.5682911,52.5194657],[5.5682911,52.5194477],[5.5682911,52.5194297],[5.5682911,52.5194117],[5.5682912,52.5193938],[5.5682912,52.5193758],[5.5682912,52.5193578],[5.5682912,52.5193398],[5.5682912,52.5193219],[5.5682913,52.5193039],[5.5682913,52.5192859],[5.5682913,52.5192679],[5.5682913,52.51925],[5.5682913,52.519232],[5.5682914,52.519214],[5.5682914,52.5191961],[5.5682914,52.5191781],[5.5682914,52.5191601],[5.5682915,52.5191421],[5.5682915,52.5191242],[5.5682915,52.5191062],[5.5682915,52.5190882],[5.5682915,52.5190702],[5.5682916,52.5190523],[5.5682916,52.5190343],[5.5682916,52.5190163],[5.5682916,52.5189984],[5.5682916,52.5189804],[5.5682917,52.5189624],[5.5682917,52.5189444],[5.5682917,52.5189265],[5.5682917,52.5189085],[5.5682917,52.5188905],[5.5682918,52.5188725],[5.5682918,52.5188546],[5.5682918,52.5188366],[5.5682918,52.5188186],[5.5682919,52.5188006],[5.5682919,52.5187827],[5.5682919,52.5187647],[5.5682919,52.5187467],[5.5682919,52.5187288],[5.568292,52.5187108],[5.568292,52.5186928],[5.568292,52.5186748],[5.568292,52.5186569],[5.568292,52.5186389],[5.5682921,52.5186209],[5.5682921,52.5186029],[5.5682921,52.518585],[5.5682921,52.518567],[5.5682921,52.518549],[5.5682922,52.5185311],[5.5682922,52.5185131],[5.5682922,52.5184951],[5.5682922,52.5184771],[5.5682923,52.5184592],[5.5682923,52.5184412],[5.5682923,52.5184232],[5.5682923,52.5184052],[5.5682923,52.5183873],[5.5682924,52.5183693],[5.5682924,52.5183513],[5.5682924,52.5183333],[5.5682924,52.5183154],[5.5682924,52.5182974],[5.5682925,52.5182794],[5.5682925,52.5182615],[5.5682925,52.5182435],[5.5682925,52.5182255],[5.5682925,52.5182075],[5.5682926,52.5181896],[5.5682926,52.5181716],[5.5682926,52.5181536],[5.5682926,52.5181356],[5.5682927,52.5181177],[5.5682927,52.5180997],[5.5682927,52.5180817],[5.5682927,52.5180637],[5.5682927,52.5180458],[5.5682928,52.5180278],[5.5682928,52.5180098],[5.5682928,52.5179919],[5.5682928,52.5179739],[5.5682928,52.5179559],[5.5682929,52.5179379],[5.5682929,52.51792],[5.5682929,52.517902],[5.5682929,52.517884],[5.568293,52.517866],[5.568293,52.5178481],[5.568293,52.5178301],[5.568293,52.5178121],[5.568293,52.5177942],[5.5682931,52.5177762],[5.5682931,52.5177582],[5.5682931,52.5177402],[5.5682931,52.5177223],[5.5682931,52.5177043],[5.5682932,52.5176863],[5.5682932,52.5176683],[5.5682932,52.5176504],[5.5682932,52.5176324],[5.5682932,52.5176144],[5.5682933,52.5175964],[5.5682933,52.5175785],[5.5682933,52.5175605],[5.5682933,52.5175425],[5.5682934,52.5175246],[5.5682934,52.5175066],[5.5682934,52.5174886],[5.5682934,52.5174706],[5.5682934,52.5174527],[5.5682935,52.5174347],[5.5682935,52.5174167],[5.5682935,52.5173987],[5.5682935,52.5173808],[5.5682935,52.5173628],[5.5682936,52.5173448],[5.5682936,52.5173269],[5.5682936,52.5173089],[5.5682936,52.5172909],[5.5682936,52.5172729],[5.5682937,52.517255],[5.5682937,52.517237],[5.5682937,52.517219],[5.5682937,52.517201],[5.5682938,52.5171831],[5.5682938,52.5171651],[5.5682938,52.5171471],[5.5682938,52.5171291],[5.5682938,52.5171112],[5.5682939,52.5170932],[5.5682939,52.5170752],[5.5682939,52.5170573],[5.5682939,52.5170393],[5.5682939,52.5170213],[5.568294,52.5170033],[5.568294,52.5169854],[5.568294,52.5169674],[5.568294,52.5169494],[5.568294,52.5169314],[5.5682941,52.5169135],[5.5682941,52.5168955],[5.5682941,52.5168775],[5.5682941,52.5168595],[5.5682942,52.5168416],[5.5682942,52.5168236],[5.5682942,52.5168056],[5.5682942,52.5167877],[5.5682942,52.5167697],[5.5682943,52.5167517],[5.5682943,52.5167337],[5.5682943,52.5167158],[5.5682943,52.5166978],[5.5682943,52.5166798],[5.5682944,52.5166618],[5.5682944,52.5166439],[5.5682944,52.5166259],[5.5682944,52.5166079],[5.5682944,52.51659],[5.5682945,52.516572],[5.5682945,52.516554],[5.5682945,52.516536],[5.5682945,52.5165181],[5.5682946,52.5165001],[5.5682946,52.5164821],[5.5682946,52.5164641],[5.5682946,52.5164462],[5.5682946,52.5164282],[5.5682947,52.5164102],[5.5682947,52.5163922],[5.5682947,52.5163743],[5.5682947,52.5163563],[5.5682947,52.5163383],[5.5682948,52.5163204],[5.5682948,52.5163024],[5.5682948,52.5162844],[5.5682948,52.5162664],[5.5682948,52.5162485],[5.5682949,52.5162305],[5.5682949,52.5162125],[5.5682949,52.5161945],[5.5682949,52.5161766],[5.568295,52.5161586],[5.568295,52.5161406],[5.568295,52.5161227],[5.568295,52.5161047],[5.568295,52.5160867],[5.5682951,52.5160687],[5.5682951,52.5160508],[5.5682951,52.5160328],[5.5682951,52.5160148],[5.5682951,52.5159968],[5.5682952,52.5159789],[5.5682952,52.5159609],[5.5682952,52.5159429],[5.5682952,52.5159249],[5.5682953,52.515907],[5.5682953,52.515889],[5.5682953,52.515871],[5.5682953,52.5158531],[5.5682953,52.5158351],[5.5682954,52.5158171],[5.5682954,52.5157991],[5.5682954,52.5157812],[5.5682954,52.5157632],[5.5682954,52.5157452],[5.5682955,52.5157272],[5.5682955,52.5157093],[5.5682955,52.5156913],[5.5682955,52.5156733],[5.5682955,52.5156553],[5.5682956,52.5156374],[5.5682956,52.5156194],[5.5682956,52.5156014],[5.5682956,52.5155835],[5.5682957,52.5155655],[5.5682957,52.5155475],[5.5682957,52.5155295],[5.5682957,52.5155116],[5.5682957,52.5154936],[5.5682958,52.5154756],[5.5682958,52.5154576],[5.5682958,52.5154397],[5.5682958,52.5154217],[5.5682958,52.5154037],[5.5682959,52.5153858],[5.5682959,52.5153678],[5.5682959,52.5153498],[5.5682959,52.5153318],[5.5682959,52.5153139],[5.568296,52.5152959],[5.568296,52.5152779],[5.568296,52.5152599],[5.568296,52.515242],[5.5682961,52.515224],[5.5682961,52.515206],[5.5682961,52.515188],[5.5682961,52.5151701],[5.5682961,52.5151521],[5.5682962,52.5151341],[5.5682962,52.5151162],[5.5682962,52.5150982],[5.5682962,52.5150802],[5.5682962,52.5150622],[5.5682963,52.5150443],[5.5682963,52.5150263],[5.5682963,52.5150083],[5.5682963,52.5149903],[5.5682963,52.5149724],[5.5682964,52.5149544],[5.5682964,52.5149364],[5.5682964,52.5149185],[5.5682964,52.5149005],[5.5682965,52.5148825],[5.5682965,52.5148645],[5.5682965,52.5148466],[5.5682965,52.5148286],[5.5682965,52.5148106],[5.5682966,52.5147926],[5.5682966,52.5147747],[5.5682966,52.5147567],[5.5682966,52.5147387],[5.5682966,52.5147207],[5.5682967,52.5147028],[5.5682967,52.5146848],[5.5682967,52.5146668],[5.5682967,52.5146489],[5.5682967,52.5146309],[5.5682968,52.5146129],[5.5682968,52.5145949],[5.5682968,52.514577],[5.5682968,52.514559],[5.5682969,52.514541],[5.5682969,52.514523],[5.5682969,52.5145051],[5.5682969,52.5144871],[5.5682969,52.5144691],[5.568297,52.5144511],[5.568297,52.5144332],[5.568297,52.5144152],[5.568297,52.5143972],[5.568297,52.5143793],[5.5682971,52.5143613],[5.5682971,52.5143433],[5.5682971,52.5143253],[5.5682971,52.5143074],[5.5682971,52.5142894],[5.5682972,52.5142714],[5.5682972,52.5142534],[5.5682972,52.5142355],[5.5682972,52.5142175],[5.5682973,52.5141995],[5.5682973,52.5141816],[5.5682973,52.5141636],[5.5682973,52.5141456],[5.5682973,52.5141276],[5.5682974,52.5141097],[5.5682974,52.5140917],[5.5682974,52.5140737],[5.5682974,52.5140557],[5.5682974,52.5140378],[5.5682975,52.5140198],[5.5682975,52.5140018],[5.5682975,52.5139838],[5.5682975,52.5139659],[5.5682975,52.5139479],[5.5682976,52.5139299],[5.5682976,52.513912],[5.5682976,52.513894],[5.5682976,52.513876],[5.5682977,52.513858],[5.5682977,52.5138401],[5.5682977,52.5138221],[5.5682977,52.5138041],[5.5682977,52.5137861],[5.5682978,52.5137682],[5.5682978,52.5137502],[5.5682978,52.5137322],[5.5682978,52.5137142],[5.5682978,52.5136963],[5.5682979,52.5136783],[5.5682979,52.5136603],[5.5682979,52.5136424],[5.5682979,52.5136244],[5.568298,52.5136064],[5.568298,52.5135884],[5.568298,52.5135705],[5.568298,52.5135525],[5.568298,52.5135345],[5.5682981,52.5135165],[5.5682981,52.5134986],[5.5682981,52.5134806],[5.5682981,52.5134626],[5.5682981,52.5134447],[5.5682982,52.5134267],[5.5682982,52.5134087],[5.5682982,52.5133907],[5.5682982,52.5133728],[5.5682982,52.5133548],[5.5682983,52.5133368],[5.5682983,52.5133188],[5.5682983,52.5133009],[5.5682983,52.5132829],[5.5682984,52.5132649],[5.5682984,52.5132469],[5.5682984,52.513229],[5.5682984,52.513211],[5.5682984,52.513193],[5.5682985,52.5131751],[5.5682985,52.5131571],[5.5682985,52.5131391],[5.5682985,52.5131211],[5.5682985,52.5131032],[5.5682986,52.5130852],[5.5682986,52.5130672],[5.5682986,52.5130492],[5.5682986,52.5130313],[5.5682986,52.5130133],[5.5682987,52.5129953],[5.5682987,52.5129774],[5.5682987,52.5129594],[5.5682987,52.5129414],[5.5682988,52.5129234],[5.5682988,52.5129055],[5.5682988,52.5128875],[5.5682988,52.5128695],[5.5682988,52.5128515],[5.5682989,52.5128336],[5.5682989,52.5128156],[5.5682989,52.5127976],[5.5682989,52.5127796],[5.5682989,52.5127617],[5.568299,52.5127437],[5.568299,52.5127257],[5.568299,52.5127078],[5.568299,52.5126898],[5.568299,52.5126718],[5.5682991,52.5126538],[5.5682991,52.5126359],[5.5682991,52.5126179],[5.5682991,52.5125999],[5.5682992,52.5125819],[5.5682992,52.512564],[5.5682992,52.512546],[5.5682992,52.512528],[5.5682992,52.51251],[5.5682993,52.5124921],[5.5682993,52.5124741],[5.5682993,52.5124561],[5.5682993,52.5124382],[5.5682993,52.5124202],[5.5682994,52.5124022],[5.5682994,52.5123842],[5.5682994,52.5123663],[5.5682994,52.5123483],[5.5682994,52.5123303],[5.5682995,52.5123123],[5.5682995,52.5122944],[5.5682995,52.5122764],[5.5682995,52.5122584],[5.5682996,52.5122405],[5.5682996,52.5122225],[5.5682996,52.5122045],[5.5682996,52.5121865],[5.5682996,52.5121686],[5.5682997,52.5121506],[5.5682997,52.5121326],[5.5682997,52.5121146],[5.5682997,52.5120967],[5.5682997,52.5120787],[5.5682998,52.5120607],[5.5682998,52.5120427],[5.5682998,52.5120248],[5.5682998,52.5120068],[5.5682998,52.5119888],[5.5682999,52.5119709],[5.5682999,52.5119529],[5.5682999,52.5119349],[5.5682999,52.5119169],[5.5683,52.511899],[5.5683,52.511881],[5.5683,52.511863],[5.5683,52.511845],[5.5683,52.5118271],[5.5683001,52.5118091],[5.5683001,52.5117911],[5.5683001,52.5117731],[5.5683001,52.5117552],[5.5683001,52.5117372],[5.5683002,52.5117192],[5.5683002,52.5117013],[5.5683002,52.5116833],[5.5683002,52.5116653],[5.5683002,52.5116473],[5.5683003,52.5116294],[5.5683003,52.5116114],[5.5683003,52.5115934],[5.5683003,52.5115754],[5.5683004,52.5115575],[5.5683004,52.5115395],[5.5683004,52.5115215],[5.5683004,52.5115036],[5.5683004,52.5114856],[5.5683005,52.5114676],[5.5683005,52.5114496],[5.5683005,52.5114317],[5.5683005,52.5114137],[5.5683005,52.5113957],[5.5683006,52.5113777],[5.5683006,52.5113598],[5.5683006,52.5113418],[5.5683006,52.5113238],[5.5683007,52.5113058],[5.5683007,52.5112879],[5.5683007,52.5112699],[5.5683007,52.5112519],[5.5683007,52.511234],[5.5683008,52.511216],[5.5683008,52.511198],[5.5683008,52.51118],[5.5683008,52.5111621],[5.5683008,52.5111441],[5.5683009,52.5111261],[5.5683009,52.5111081],[5.5683009,52.5110902],[5.5683009,52.5110722],[5.5683009,52.5110542],[5.568301,52.5110363],[5.568301,52.5110183],[5.568301,52.5110003],[5.568301,52.5109823],[5.5683011,52.5109644],[5.5683011,52.5109464],[5.5683011,52.5109284],[5.5683011,52.5109104],[5.5683011,52.5108925],[5.5683012,52.5108745],[5.5683012,52.5108565],[5.5683012,52.5108385],[5.5683012,52.5108206],[5.5683012,52.5108026],[5.5683013,52.5107846],[5.5683013,52.5107667],[5.5683013,52.5107487],[5.5683013,52.5107307],[5.5683013,52.5107127],[5.5683014,52.5106948],[5.5683014,52.5106768],[5.5683014,52.5106588],[5.5683014,52.5106408],[5.5683015,52.5106229],[5.5683015,52.5106049],[5.5683015,52.5105869],[5.5683015,52.5105689],[5.5683015,52.510551],[5.5683016,52.510533],[5.5683016,52.510515],[5.5683016,52.5104971],[5.5683016,52.5104791],[5.5683016,52.5104611],[5.5683017,52.5104431],[5.5683017,52.5104252],[5.5683017,52.5104072],[5.5683017,52.5103892],[5.5683017,52.5103712],[5.5683018,52.5103533],[5.5683018,52.5103353],[5.5683018,52.5103173],[5.5683018,52.5102994],[5.5683019,52.5102814],[5.5683019,52.5102634],[5.5683019,52.5102454],[5.5683019,52.5102275],[5.5683019,52.5102095],[5.568302,52.5101915],[5.568302,52.5101735],[5.568302,52.5101556],[5.568302,52.5101376],[5.568302,52.5101196],[5.5683021,52.5101016],[5.5683021,52.5100837],[5.5683021,52.5100657],[5.5683021,52.5100477],[5.5683021,52.5100298],[5.5683022,52.5100118],[5.5683022,52.5099938],[5.5683022,52.5099758],[5.5683022,52.5099579],[5.5683023,52.5099399],[5.5683023,52.5099219],[5.5683023,52.5099039],[5.5683023,52.509886],[5.5683023,52.509868],[5.5683024,52.50985],[5.5683024,52.509832],[5.5683024,52.5098141],[5.5683024,52.5097961],[5.5683024,52.5097781],[5.5683025,52.5097602],[5.5683025,52.5097422],[5.5683025,52.5097242],[5.5683025,52.5097062],[5.5683025,52.5096883],[5.5683026,52.5096703],[5.5683026,52.5096523],[5.5683026,52.5096343],[5.5683026,52.5096164],[5.5683027,52.5095984],[5.5683027,52.5095804],[5.5683027,52.5095625],[5.5683027,52.5095445],[5.5683027,52.5095265],[5.5683028,52.5095085],[5.5683028,52.5094906],[5.5683028,52.5094726],[5.5683028,52.5094546],[5.5683028,52.5094366],[5.5683029,52.5094187],[5.5683029,52.5094007],[5.5683029,52.5093827],[5.5683029,52.5093647],[5.5683029,52.5093468],[5.568303,52.5093288],[5.568303,52.5093108],[5.568303,52.5092929],[5.568303,52.5092749],[5.5683031,52.5092569],[5.5683031,52.5092389],[5.5683031,52.509221],[5.5683031,52.509203],[5.5683031,52.509185],[5.5683032,52.509167],[5.5683032,52.5091491],[5.5683032,52.5091311],[5.5683032,52.5091131],[5.5683032,52.5090951],[5.5683033,52.5090772],[5.5683033,52.5090592],[5.5683033,52.5090412],[5.5683033,52.5090233],[5.5683033,52.5090053],[5.5683034,52.5089873],[5.5683034,52.5089693],[5.5683034,52.5089514],[5.5683034,52.5089334],[5.5683035,52.5089154],[5.5683035,52.5088974],[5.5683035,52.5088795],[5.5683035,52.5088615],[5.5683035,52.5088435],[5.5683036,52.5088256],[5.5683036,52.5088076],[5.5683036,52.5087896],[5.5683036,52.5087716],[5.5683036,52.5087537],[5.5683037,52.5087357],[5.5683037,52.5087177],[5.5683037,52.5086997],[5.5683037,52.5086818],[5.5683038,52.5086638],[5.5683038,52.5086458],[5.5683038,52.5086278],[5.5683038,52.5086099],[5.5683038,52.5085919],[5.5683039,52.5085739],[5.5683039,52.508556],[5.5683039,52.508538],[5.5683039,52.50852],[5.5683039,52.508502],[5.568304,52.5084841],[5.568304,52.5084661],[5.568304,52.5084481],[5.568304,52.5084301],[5.568304,52.5084122],[5.5683041,52.5083942],[5.5683041,52.5083762],[5.5683041,52.5083583],[5.5683041,52.5083403],[5.5683042,52.5083223],[5.5683042,52.5083043],[5.5683042,52.5082864],[5.5683042,52.5082684],[5.5683042,52.5082504],[5.5683043,52.5082324],[5.5683043,52.5082145],[5.5683043,52.5081965],[5.5683043,52.5081785],[5.5683043,52.5081605],[5.5683044,52.5081426],[5.5683044,52.5081246],[5.5683044,52.5081066],[5.5683044,52.5080887],[5.5683044,52.5080707],[5.5683045,52.5080527],[5.5683045,52.5080347],[5.5683045,52.5080168],[5.5683045,52.5079988],[5.5683046,52.5079808],[5.5683046,52.5079628],[5.5683046,52.5079449],[5.5683046,52.5079269],[5.5683046,52.5079089],[5.5683047,52.5078909],[5.5683047,52.507873],[5.5683047,52.507855],[5.5683047,52.507837],[5.5683047,52.5078191],[5.5683048,52.5078011],[5.5683048,52.5077831],[5.5683048,52.5077651],[5.5683048,52.5077472],[5.5683048,52.5077292],[5.5683049,52.5077112],[5.5683049,52.5076932],[5.5683049,52.5076753],[5.5683049,52.5076573],[5.568305,52.5076393],[5.568305,52.5076214],[5.568305,52.5076034],[5.568305,52.5075854],[5.568305,52.5075674],[5.5683051,52.5075495],[5.5683051,52.5075315],[5.5683051,52.5075135],[5.5683051,52.5074955],[5.5683051,52.5074776],[5.5683052,52.5074596],[5.5683052,52.5074416],[5.5683052,52.5074236],[5.5683052,52.5074057],[5.5683052,52.5073877],[5.5683053,52.5073697],[5.5683053,52.5073518],[5.5683053,52.5073338],[5.5683053,52.5073158],[5.5683054,52.5072978],[5.5683054,52.5072799],[5.5683054,52.5072619],[5.5683054,52.5072439],[5.5683054,52.5072259],[5.5683055,52.507208],[5.5683055,52.50719],[5.5683055,52.507172],[5.5683055,52.507154],[5.5683055,52.5071361],[5.5683056,52.5071181],[5.5683056,52.5071001],[5.5683056,52.5070822],[5.5683056,52.5070642],[5.5683056,52.5070462],[5.5683057,52.5070282],[5.5683057,52.5070103],[5.5683057,52.5069923],[5.5683057,52.5069743],[5.5683058,52.5069563],[5.5683058,52.5069384],[5.5683058,52.5069204],[5.5683058,52.5069024],[5.5683058,52.5068845],[5.5683059,52.5068665],[5.5683059,52.5068485],[5.5683059,52.5068305],[5.5683059,52.5068126],[5.5683059,52.5067946],[5.568306,52.5067766],[5.568306,52.5067586],[5.568306,52.5067407],[5.568306,52.5067227],[5.568306,52.5067047],[5.5683061,52.5066867],[5.5683061,52.5066688],[5.5683061,52.5066508],[5.5683061,52.5066328],[5.5683062,52.5066149],[5.5683062,52.5065969],[5.5683062,52.5065789],[5.5683062,52.5065609],[5.5683062,52.506543],[5.5683063,52.506525],[5.5683063,52.506507],[5.5683063,52.506489],[5.5683063,52.5064711],[5.5683063,52.5064531],[5.5683064,52.5064351],[5.5683064,52.5064171],[5.5683064,52.5063992],[5.5683064,52.5063812],[5.5683064,52.5063632],[5.5683065,52.5063453],[5.5683065,52.5063273],[5.5683065,52.5063093],[5.5683065,52.5062913],[5.5683066,52.5062734],[5.5683066,52.5062554],[5.5683066,52.5062374],[5.5683066,52.5062194],[5.5683066,52.5062015],[5.5683067,52.5061835],[5.5683067,52.5061655],[5.5683067,52.5061476],[5.5683067,52.5061296],[5.5683067,52.5061116],[5.5683068,52.5060936],[5.5683068,52.5060757],[5.5683068,52.5060577],[5.5683068,52.5060397],[5.5683068,52.5060217],[5.5683069,52.5060038],[5.5683069,52.5059858],[5.5683069,52.5059678],[5.5683069,52.5059498],[5.568307,52.5059319],[5.568307,52.5059139],[5.568307,52.5058959],[5.568307,52.505878],[5.568307,52.50586],[5.5683071,52.505842],[5.5683071,52.505824],[5.5683071,52.5058061],[5.5683071,52.5057881],[5.5683071,52.5057701],[5.5683072,52.5057521],[5.5683072,52.5057342],[5.5683072,52.5057162],[5.5683072,52.5056982],[5.5683073,52.5056802],[5.5683073,52.5056623],[5.5683073,52.5056443],[5.5683073,52.5056263],[5.5683073,52.5056084],[5.5683074,52.5055904],[5.5683074,52.5055724],[5.5683074,52.5055544],[5.5683074,52.5055365],[5.5683074,52.5055185],[5.5683075,52.5055005],[5.5683075,52.5054825],[5.5683075,52.5054646],[5.5683075,52.5054466],[5.5683075,52.5054286],[5.5683076,52.5054107],[5.5683076,52.5053927],[5.5683076,52.5053747],[5.5683076,52.5053567],[5.5683077,52.5053388],[5.5683077,52.5053208],[5.5683077,52.5053028],[5.5683077,52.5052848],[5.5683077,52.5052669],[5.5683078,52.5052489],[5.5683078,52.5052309],[5.5683078,52.5052129],[5.5683078,52.505195],[5.5683078,52.505177],[5.5683079,52.505159],[5.5683079,52.5051411],[5.5683079,52.5051231],[5.5683079,52.5051051],[5.5683079,52.5050871],[5.568308,52.5050692],[5.568308,52.5050512],[5.568308,52.5050332],[5.568308,52.5050152],[5.5683081,52.5049973],[5.5683081,52.5049793],[5.5683081,52.5049613],[5.5683081,52.5049433],[5.5683081,52.5049254],[5.5683082,52.5049074],[5.5683082,52.5048894],[5.5683082,52.5048715],[5.5683082,52.5048535],[5.5683082,52.5048355],[5.5683083,52.5048175],[5.5683083,52.5047996],[5.5683083,52.5047816],[5.5683083,52.5047636],[5.5683083,52.5047456],[5.5683084,52.5047277],[5.5683084,52.5047097],[5.5683084,52.5046917],[5.5683084,52.5046738],[5.5683085,52.5046558],[5.5683085,52.5046378],[5.5683085,52.5046198],[5.5683085,52.5046019],[5.5683085,52.5045839],[5.5683086,52.5045659],[5.5683086,52.5045479],[5.5683086,52.50453],[5.5683086,52.504512],[5.5683086,52.504494],[5.5683087,52.504476],[5.5683087,52.5044581],[5.5683087,52.5044401],[5.5683087,52.5044221],[5.5683087,52.5044042],[5.5683088,52.5043862],[5.5683088,52.5043682],[5.5683088,52.5043502],[5.5683088,52.5043323],[5.5683089,52.5043143],[5.5683089,52.5042963],[5.5683089,52.5042783],[5.5683089,52.5042604],[5.5683089,52.5042424],[5.568309,52.5042244],[5.568309,52.5042064],[5.568309,52.5041885],[5.568309,52.5041705],[5.568309,52.5041525],[5.5683091,52.5041346],[5.5683091,52.5041166],[5.5683091,52.5040986],[5.5683091,52.5040806],[5.5683091,52.5040627],[5.5683092,52.5040447],[5.5683092,52.5040267],[5.5683092,52.5040087],[5.5683092,52.5039908],[5.5683093,52.5039728],[5.5683093,52.5039548],[5.5683093,52.5039369],[5.5683093,52.5039189],[5.5683093,52.5039009],[5.5683094,52.5038829],[5.5683094,52.503865],[5.5683094,52.503847],[5.5683094,52.503829],[5.5683094,52.503811],[5.5683095,52.5037931],[5.5683095,52.5037751],[5.5683095,52.5037571],[5.5683095,52.5037391],[5.5683095,52.5037212],[5.5683096,52.5037032],[5.5683096,52.5036852],[5.5683096,52.5036673],[5.5683096,52.5036493],[5.5683097,52.5036313],[5.5683097,52.5036133],[5.5683097,52.5035954],[5.5683097,52.5035774],[5.5683097,52.5035594],[5.5683098,52.5035414],[5.5683098,52.5035235],[5.5683098,52.5035055],[5.5683098,52.5034875],[5.5683098,52.5034695],[5.5683099,52.5034516],[5.5683099,52.5034336],[5.5683099,52.5034156],[5.5683099,52.5033977],[5.5683099,52.5033797],[5.56831,52.5033617],[5.56831,52.5033437],[5.56831,52.5033258],[5.56831,52.5033078],[5.5683101,52.5032898],[5.5683101,52.5032718],[5.5683101,52.5032539],[5.5683101,52.5032359],[5.5683101,52.5032179],[5.5683102,52.5032],[5.5683102,52.503182],[5.5683102,52.503164],[5.5683102,52.503146],[5.5683102,52.5031281],[5.5683103,52.5031101],[5.5683103,52.5030921],[5.5683103,52.5030741],[5.5683103,52.5030562],[5.5683103,52.5030382],[5.5683104,52.5030202],[5.5683104,52.5030022],[5.5683104,52.5029843],[5.5683104,52.5029663],[5.5683105,52.5029483],[5.5683105,52.5029304],[5.5683105,52.5029124],[5.5683105,52.5028944],[5.5683105,52.5028764],[5.5683106,52.5028585],[5.5683106,52.5028405],[5.5683106,52.5028225],[5.5683106,52.5028045],[5.5683106,52.5027866],[5.5683107,52.5027686],[5.5683107,52.5027506],[5.5683107,52.5027326],[5.5683107,52.5027147],[5.5683108,52.5026967],[5.5683108,52.5026787],[5.5683108,52.5026608],[5.5683108,52.5026428],[5.5683108,52.5026248],[5.5683109,52.5026068],[5.5683109,52.5025889],[5.5683109,52.5025709],[5.5683109,52.5025529],[5.5683109,52.5025349],[5.568311,52.502517],[5.568311,52.502499],[5.568311,52.502481],[5.568311,52.5024631],[5.568311,52.5024451],[5.5683111,52.5024271],[5.5683111,52.5024091],[5.5683111,52.5023912],[5.5683111,52.5023732],[5.5683112,52.5023552],[5.5683112,52.5023372],[5.5683112,52.5023193],[5.5683112,52.5023013],[5.5683112,52.5022833],[5.5683113,52.5022653],[5.5683113,52.5022474],[5.5683113,52.5022294],[5.5683113,52.5022114],[5.5683113,52.5021935],[5.5683114,52.5021755],[5.5683114,52.5021575],[5.5683114,52.5021395],[5.5683114,52.5021216],[5.5683114,52.5021036],[5.5683115,52.5020856],[5.5683115,52.5020676],[5.5683115,52.5020497],[5.5683115,52.5020317],[5.5683116,52.5020137],[5.5683116,52.5019957],[5.5683116,52.5019778],[5.5683116,52.5019598],[5.5683116,52.5019418],[5.5683117,52.5019239],[5.5683117,52.5019059],[5.5683117,52.5018879],[5.5683117,52.5018699],[5.5683117,52.501852],[5.5683118,52.501834],[5.5683118,52.501816],[5.5683118,52.501798],[5.5683118,52.5017801],[5.5683118,52.5017621],[5.5683119,52.5017441],[5.5683119,52.5017262],[5.5683119,52.5017082],[5.5683119,52.5016902],[5.568312,52.5016722],[5.568312,52.5016543],[5.568312,52.5016363],[5.568312,52.5016183],[5.568312,52.5016003],[5.5683121,52.5015824],[5.5683121,52.5015644],[5.5683121,52.5015464],[5.5683121,52.5015284],[5.5683121,52.5015105],[5.5683122,52.5014925],[5.5683122,52.5014745],[5.5683122,52.5014566],[5.5683122,52.5014386],[5.5683122,52.5014206],[5.5683123,52.5014026],[5.5683123,52.5013847],[5.5683123,52.5013667],[5.5683123,52.5013487],[5.5683124,52.5013307],[5.5683124,52.5013128],[5.5683124,52.5012948],[5.5683124,52.5012768],[5.5683124,52.5012588],[5.5683125,52.5012409],[5.5683125,52.5012229],[5.5683125,52.5012049],[5.5683125,52.501187],[5.5683125,52.501169],[5.5683126,52.501151],[5.5683126,52.501133],[5.5683126,52.5011151],[5.5683126,52.5010971],[5.5683126,52.5010791],[5.5683127,52.5010611],[5.5683127,52.5010432],[5.5683127,52.5010252],[5.5683127,52.5010072],[5.5683128,52.5009892],[5.5683128,52.5009713],[5.5683128,52.5009533],[5.5683128,52.5009353],[5.5683128,52.5009174],[5.5683129,52.5008994],[5.5683129,52.5008814],[5.5683129,52.5008634],[5.5683129,52.5008455],[5.5683129,52.5008275],[5.568313,52.5008095],[5.568313,52.5007915],[5.568313,52.5007736],[5.568313,52.5007556],[5.568313,52.5007376],[5.5683131,52.5007197],[5.5683131,52.5007017],[5.5683131,52.5006837],[5.5683131,52.5006657],[5.5683132,52.5006478],[5.5683132,52.5006298],[5.5683132,52.5006118],[5.5683132,52.5005938],[5.5683132,52.5005759],[5.5683133,52.5005579],[5.5683133,52.5005399],[5.5683133,52.5005219],[5.5683133,52.500504],[5.5683133,52.500486],[5.5683134,52.500468],[5.5683134,52.5004501],[5.5683134,52.5004321],[5.5683134,52.5004141],[5.5683134,52.5003961],[5.5683135,52.5003782],[5.5683135,52.5003602],[5.5683135,52.5003422],[5.5683135,52.5003242],[5.5683136,52.5003063],[5.5683136,52.5002883],[5.5683136,52.5002703],[5.5683136,52.5002523],[5.5683136,52.5002344],[5.5683137,52.5002164],[5.5683137,52.5001984],[5.5683137,52.5001805],[5.5683137,52.5001625],[5.5683137,52.5001445],[5.5683138,52.5001265],[5.5683138,52.5001086],[5.5683138,52.5000906],[5.5683138,52.5000726],[5.5683138,52.5000546],[5.5683139,52.5000367],[5.5683139,52.5000187],[5.5683139,52.5000007],[5.5683139,52.4999828],[5.568314,52.4999648],[5.568314,52.4999468],[5.568314,52.4999288],[5.568314,52.4999109],[5.568314,52.4998929],[5.5683141,52.4998749],[5.5683141,52.4998569],[5.5683141,52.499839],[5.5683141,52.499821],[5.5683141,52.499803],[5.5683142,52.499785],[5.5683142,52.4997671],[5.5683142,52.4997491],[5.5683142,52.4997311],[5.5683142,52.4997132],[5.5683143,52.4996952],[5.5683143,52.4996772],[5.5683143,52.4996592],[5.5683143,52.4996413],[5.5683144,52.4996233],[5.5683144,52.4996053],[5.5683144,52.4995873],[5.5683144,52.4995694],[5.5683144,52.4995514],[5.5683145,52.4995334],[5.5683145,52.4995154],[5.5683145,52.4994975],[5.5683145,52.4994795],[5.5683145,52.4994615],[5.5683146,52.4994436],[5.5683146,52.4994256],[5.5683146,52.4994076],[5.5683146,52.4993896],[5.5683146,52.4993717],[5.5683147,52.4993537],[5.5683147,52.4993357],[5.5683147,52.4993177],[5.5683147,52.4992998],[5.5683148,52.4992818],[5.5683148,52.4992638],[5.5683148,52.4992459],[5.5683148,52.4992279],[5.5683148,52.4992099],[5.5683149,52.4991919],[5.5683149,52.499174],[5.5683149,52.499156],[5.5683149,52.499138],[5.5683149,52.49912],[5.568315,52.4991021],[5.568315,52.4990841],[5.568315,52.4990661],[5.568315,52.4990481],[5.5683151,52.4990302],[5.5683151,52.4990122],[5.5683151,52.4989942],[5.5683151,52.4989763],[5.5683151,52.4989583],[5.5683152,52.4989403],[5.5683152,52.4989223],[5.5683152,52.4989044],[5.5683152,52.4988864],[5.5683152,52.4988684],[5.5683153,52.4988504],[5.5683153,52.4988325],[5.5683153,52.4988145],[5.5683153,52.4987965],[5.5683153,52.4987785],[5.5683154,52.4987606],[5.5683154,52.4987426],[5.5683154,52.4987246],[5.5683154,52.4987067],[5.5683155,52.4986887],[5.5683155,52.4986707],[5.5683155,52.4986527],[5.5683155,52.4986348],[5.5683155,52.4986168],[5.5683156,52.4985988],[5.5683156,52.4985808],[5.5683156,52.4985629],[5.5683156,52.4985449],[5.5683156,52.4985269],[5.5683157,52.498509],[5.5683157,52.498491],[5.5683157,52.498473],[5.5683157,52.498455],[5.5683157,52.4984371],[5.5683158,52.4984191],[5.5683158,52.4984011],[5.5683158,52.4983831],[5.5683158,52.4983652],[5.5683159,52.4983472],[5.5683159,52.4983292],[5.5683159,52.4983112],[5.5683159,52.4982933],[5.5683159,52.4982753],[5.568316,52.4982573],[5.568316,52.4982394],[5.568316,52.4982214],[5.568316,52.4982034],[5.568316,52.4981854],[5.5683161,52.4981675],[5.5683161,52.4981495],[5.5683161,52.4981315],[5.5683161,52.4981135],[5.5683161,52.4980956],[5.5683162,52.4980776],[5.5683162,52.4980596],[5.5683162,52.4980416],[5.5683162,52.4980237],[5.5683163,52.4980057],[5.5683163,52.4979877],[5.5683163,52.4979698],[5.5683163,52.4979518],[5.5683163,52.4979338],[5.5683164,52.4979158],[5.5683164,52.4978979],[5.5683164,52.4978799],[5.5683164,52.4978619],[5.5683164,52.4978439],[5.5683165,52.497826],[5.5683165,52.497808],[5.5683165,52.49779],[5.5683165,52.497772],[5.5683165,52.4977541],[5.5683166,52.4977361],[5.5683166,52.4977181],[5.5683166,52.4977002],[5.5683166,52.4976822],[5.5683167,52.4976642],[5.5683167,52.4976462],[5.5683167,52.4976283],[5.5683167,52.4976103],[5.5683167,52.4975923],[5.5683168,52.4975743],[5.5683168,52.4975564],[5.5683168,52.4975384],[5.5683168,52.4975204],[5.5683168,52.4975025],[5.5683169,52.4974845],[5.5683169,52.4974665],[5.5683169,52.4974485],[5.5683169,52.4974306],[5.5683169,52.4974126],[5.568317,52.4973946],[5.568317,52.4973766],[5.568317,52.4973587],[5.568317,52.4973407],[5.5683171,52.4973227],[5.5683171,52.4973047],[5.5683171,52.4972868],[5.5683171,52.4972688],[5.5683171,52.4972508],[5.5683172,52.4972329],[5.5683172,52.4972149],[5.5683172,52.4971969],[5.5683172,52.4971789],[5.5683172,52.497161],[5.5683173,52.497143],[5.5683173,52.497125],[5.5683173,52.497107],[5.5683173,52.4970891],[5.5683173,52.4970711],[5.5683174,52.4970531],[5.5683174,52.4970351],[5.5683174,52.4970172],[5.5683174,52.4969992],[5.5683175,52.4969812],[5.5683175,52.4969633],[5.5683175,52.4969453],[5.5683175,52.4969273],[5.5683175,52.4969093],[5.5683176,52.4968914],[5.5683176,52.4968734],[5.5683176,52.4968554],[5.5683176,52.4968374],[5.5683176,52.4968195],[5.5683177,52.4968015],[5.5683177,52.4967835],[5.5683177,52.4967656],[5.5683177,52.4967476],[5.5683177,52.4967296],[5.5683178,52.4967116],[5.5683178,52.4966937],[5.5683178,52.4966757],[5.5683178,52.4966577],[5.5683179,52.4966397],[5.5683179,52.4966218],[5.5683179,52.4966038],[5.5683179,52.4965858],[5.5683179,52.4965678],[5.568318,52.4965499],[5.568318,52.4965319],[5.568318,52.4965139],[5.568318,52.496496],[5.568318,52.496478],[5.5683181,52.49646],[5.5683181,52.496442],[5.5683181,52.4964241],[5.5683181,52.4964061],[5.5683181,52.4963881],[5.5683182,52.4963701],[5.5683182,52.4963522],[5.5683182,52.4963342],[5.5683182,52.4963162],[5.5683183,52.4962982],[5.5683183,52.4962803],[5.5683183,52.4962623],[5.5683183,52.4962443],[5.5683183,52.4962264],[5.5683184,52.4962084],[5.5683184,52.4961904],[5.5683184,52.4961724],[5.5683184,52.4961545],[5.5683184,52.4961365],[5.5683185,52.4961185],[5.5683185,52.4961005],[5.5683185,52.4960826],[5.5683185,52.4960646],[5.5683185,52.4960466],[5.5683186,52.4960286],[5.5683186,52.4960107],[5.5683186,52.4959927],[5.5683186,52.4959747],[5.5683187,52.4959568],[5.5683187,52.4959388],[5.5683187,52.4959208],[5.5683187,52.4959028],[5.5683187,52.4958849],[5.5683188,52.4958669],[5.5683188,52.4958489],[5.5683188,52.4958309],[5.5683188,52.495813],[5.5683188,52.495795],[5.5683189,52.495777],[5.5683189,52.4957591],[5.5683189,52.4957411],[5.5683189,52.4957231],[5.5683189,52.4957051],[5.568319,52.4956872],[5.568319,52.4956692],[5.568319,52.4956512],[5.568319,52.4956332],[5.5683191,52.4956153],[5.5683191,52.4955973],[5.5683191,52.4955793],[5.5683191,52.4955613],[5.5683191,52.4955434],[5.5683192,52.4955254],[5.5683192,52.4955074],[5.5683192,52.4954895],[5.5683192,52.4954715],[5.5683192,52.4954535],[5.5683193,52.4954355],[5.5683193,52.4954176],[5.5683193,52.4953996],[5.5683193,52.4953816],[5.5683193,52.4953636],[5.5683194,52.4953457],[5.5683194,52.4953277],[5.5683194,52.4953097],[5.5683194,52.4952917],[5.5683195,52.4952738],[5.5683195,52.4952558],[5.5683195,52.4952378],[5.5683195,52.4952199],[5.5683195,52.4952019],[5.5683196,52.4951839],[5.5683196,52.4951659],[5.5683196,52.495148],[5.5683196,52.49513],[5.5683196,52.495112],[5.5683197,52.495094],[5.5683197,52.4950761],[5.5683197,52.4950581],[5.5683197,52.4950401],[5.5683197,52.4950222],[5.5683198,52.4950042],[5.5683198,52.4949862],[5.5683198,52.4949682],[5.5683198,52.4949503],[5.5683199,52.4949323],[5.5683199,52.4949143],[5.5683199,52.4948963],[5.5683199,52.4948784],[5.5683199,52.4948604],[5.56832,52.4948424],[5.56832,52.4948244],[5.56832,52.4948065],[5.56832,52.4947885],[5.56832,52.4947705],[5.5683201,52.4947526],[5.5683201,52.4947346],[5.5683201,52.4947166],[5.5683201,52.4946986],[5.5683201,52.4946807],[5.5683202,52.4946627],[5.5683202,52.4946447],[5.5683202,52.4946267],[5.5683202,52.4946088],[5.5683203,52.4945908],[5.5683203,52.4945728],[5.5683203,52.4945548],[5.5683203,52.4945369],[5.5683203,52.4945189],[5.5683204,52.4945009],[5.5683204,52.494483],[5.5683204,52.494465],[5.5683204,52.494447],[5.5683204,52.494429],[5.5683205,52.4944111],[5.5683205,52.4943931],[5.5683205,52.4943751],[5.5683205,52.4943571],[5.5683206,52.4943392],[5.5683206,52.4943212],[5.5683206,52.4943032],[5.5683206,52.4942852],[5.5683206,52.4942673],[5.5683207,52.4942493],[5.5683207,52.4942313],[5.5683207,52.4942134],[5.5683207,52.4941954],[5.5683207,52.4941774],[5.5683208,52.4941594],[5.5683208,52.4941415],[5.5683208,52.4941235],[5.5683208,52.4941055],[5.5683208,52.4940875],[5.5683209,52.4940696],[5.5683209,52.4940516],[5.5683209,52.4940336],[5.5683209,52.4940157],[5.568321,52.4939977],[5.568321,52.4939797],[5.568321,52.4939617],[5.568321,52.4939438],[5.568321,52.4939258],[5.5683211,52.4939078],[5.5683211,52.4938898],[5.5683211,52.4938719],[5.5683211,52.4938539],[5.5683211,52.4938359],[5.5683212,52.4938179],[5.5683212,52.4938],[5.5683212,52.493782],[5.5683212,52.493764],[5.5683212,52.4937461],[5.5683213,52.4937281],[5.5683213,52.4937101],[5.5683213,52.4936921],[5.5683213,52.4936742],[5.5683214,52.4936562],[5.5683214,52.4936382],[5.5683214,52.4936202],[5.5683214,52.4936023],[5.5683214,52.4935843],[5.5683215,52.4935663],[5.5683215,52.4935483],[5.5683215,52.4935304],[5.5683215,52.4935124],[5.5683215,52.4934944],[5.5683216,52.4934765],[5.5683216,52.4934585],[5.5683216,52.4934405],[5.5683216,52.4934225],[5.5683216,52.4934046],[5.5683217,52.4933866],[5.5683217,52.4933686],[5.5683217,52.4933506],[5.5683217,52.4933327],[5.5683218,52.4933147],[5.5683218,52.4932967],[5.5683218,52.4932787],[5.5683218,52.4932608],[5.5683218,52.4932428],[5.5683219,52.4932248],[5.5683219,52.4932069],[5.5683219,52.4931889],[5.5683219,52.4931709],[5.5683219,52.4931529],[5.568322,52.493135],[5.568322,52.493117],[5.568322,52.493099],[5.568322,52.493081],[5.568322,52.4930631],[5.5683221,52.4930451],[5.5683221,52.4930271],[5.5683221,52.4930092],[5.5683221,52.4929912],[5.5683222,52.4929732],[5.5683222,52.4929552],[5.5683222,52.4929373],[5.5683222,52.4929193],[5.5683222,52.4929013],[5.5683223,52.4928833],[5.5683223,52.4928654],[5.5683223,52.4928474],[5.5683223,52.4928294],[5.5683223,52.4928114],[5.5683224,52.4927935],[5.5683224,52.4927755],[5.5683224,52.4927575],[5.5683224,52.4927396],[5.5683224,52.4927216],[5.5683225,52.4927036],[5.5683225,52.4926856],[5.5683225,52.4926677],[5.5683225,52.4926497],[5.5683226,52.4926317],[5.5683226,52.4926137],[5.5683226,52.4925958],[5.5683226,52.4925778],[5.5683226,52.4925598],[5.5683227,52.4925418],[5.5683227,52.4925239],[5.5683227,52.4925059],[5.5683227,52.4924879],[5.5683227,52.49247],[5.5683228,52.492452],[5.5683228,52.492434],[5.5683228,52.492416],[5.5683228,52.4923981],[5.5683228,52.4923801],[5.5683229,52.4923621],[5.5683229,52.4923441],[5.5683229,52.4923262],[5.5683229,52.4923082],[5.568323,52.4922902],[5.568323,52.4922722],[5.568323,52.4922543],[5.568323,52.4922363],[5.568323,52.4922183],[5.5683231,52.4922004],[5.5683231,52.4921824],[5.5683231,52.4921644],[5.5683231,52.4921464],[5.5683231,52.4921285],[5.5683232,52.4921105],[5.5683232,52.4920925],[5.5683232,52.4920745],[5.5683232,52.4920566],[5.5683232,52.4920386],[5.5683233,52.4920206],[5.5683233,52.4920027],[5.5683233,52.4919847],[5.5683233,52.4919667],[5.5683234,52.4919487],[5.5683234,52.4919308],[5.5683234,52.4919128],[5.5683234,52.4918948],[5.5683234,52.4918768],[5.5683235,52.4918589],[5.5683235,52.4918409],[5.5683235,52.4918229],[5.5683235,52.4918049],[5.5683235,52.491787],[5.5683236,52.491769],[5.5683236,52.491751],[5.5683236,52.4917331],[5.5683236,52.4917151],[5.5683236,52.4916971],[5.5683237,52.4916791],[5.5683237,52.4916612],[5.5683237,52.4916432],[5.5683237,52.4916252],[5.5683238,52.4916072],[5.5683238,52.4915893],[5.5683238,52.4915713],[5.5683238,52.4915533],[5.5683238,52.4915353],[5.5683239,52.4915174],[5.5683239,52.4914994],[5.5683239,52.4914814],[5.5683239,52.4914635],[5.5683239,52.4914455],[5.568324,52.4914275],[5.568324,52.4914095],[5.568324,52.4913916],[5.568324,52.4913736],[5.568324,52.4913556],[5.5683241,52.4913376],[5.5683241,52.4913197],[5.5683241,52.4913017],[5.5683241,52.4912837],[5.5683242,52.4912658],[5.5683242,52.4912478],[5.5683242,52.4912298],[5.5683242,52.4912118],[5.5683242,52.4911939],[5.5683243,52.4911759],[5.5683243,52.4911579],[5.5683243,52.4911399],[5.5683243,52.491122],[5.5683243,52.491104],[5.5683244,52.491086],[5.5683244,52.491068],[5.5683244,52.4910501],[5.5683244,52.4910321],[5.5683244,52.4910141],[5.5683245,52.4909962],[5.5683245,52.4909782],[5.5683245,52.4909602],[5.5683245,52.4909422],[5.5683246,52.4909243],[5.5683246,52.4909063],[5.5683246,52.4908883],[5.5683246,52.4908703],[5.5683246,52.4908524],[5.5683247,52.4908344],[5.5683247,52.4908164],[5.5683247,52.4907984],[5.5683247,52.4907805],[5.5683247,52.4907625],[5.5683248,52.4907445],[5.5683248,52.4907266],[5.5683248,52.4907086],[5.5683248,52.4906906],[5.5683248,52.4906726],[5.5683249,52.4906547],[5.5683249,52.4906367],[5.5683249,52.4906187],[5.5683249,52.4906007],[5.568325,52.4905828],[5.568325,52.4905648],[5.568325,52.4905468],[5.568325,52.4905288],[5.568325,52.4905109],[5.5683251,52.4904929],[5.5683251,52.4904749],[5.5683251,52.490457],[5.5683251,52.490439],[5.5683251,52.490421],[5.5683252,52.490403],[5.5683252,52.4903851],[5.5683252,52.4903671],[5.5683252,52.4903491],[5.5683252,52.4903311],[5.5683253,52.4903132],[5.5683253,52.4902952],[5.5683253,52.4902772],[5.5683253,52.4902593],[5.5683254,52.4902413],[5.5683254,52.4902233],[5.5683254,52.4902053],[5.5683254,52.4901874],[5.5683254,52.4901694],[5.5683255,52.4901514],[5.5683255,52.4901334],[5.5683255,52.4901155],[5.5683255,52.4900975],[5.5683255,52.4900795],[5.5683256,52.4900615],[5.5683256,52.4900436],[5.5683256,52.4900256],[5.5683256,52.4900076],[5.5683256,52.4899897],[5.5683257,52.4899717],[5.5683257,52.4899537],[5.5683257,52.4899357],[5.5683257,52.4899178],[5.5683258,52.4898998],[5.5683258,52.4898818],[5.5683258,52.4898638],[5.5683258,52.4898459],[5.5683258,52.4898279],[5.5683259,52.4898099],[5.5683259,52.4897919],[5.5683259,52.489774],[5.5683259,52.489756],[5.5683259,52.489738],[5.568326,52.4897201],[5.568326,52.4897021],[5.568326,52.4896841],[5.568326,52.4896661],[5.568326,52.4896482],[5.5683261,52.4896302],[5.5683261,52.4896122],[5.5683261,52.4895942],[5.5683261,52.4895763],[5.5683262,52.4895583],[5.5683262,52.4895403],[5.5683262,52.4895223],[5.5683262,52.4895044],[5.5683262,52.4894864],[5.5683263,52.4894684],[5.5683263,52.4894505],[5.5683263,52.4894325],[5.5683263,52.4894145],[5.5683263,52.4893965],[5.5683264,52.4893786],[5.5683264,52.4893606],[5.5683264,52.4893426],[5.5683264,52.4893246],[5.5683264,52.4893067],[5.5683265,52.4892887],[5.5683265,52.4892707],[5.5683265,52.4892527],[5.5683265,52.4892348],[5.5683266,52.4892168],[5.5683266,52.4891988],[5.5683266,52.4891809],[5.5683266,52.4891629],[5.5683266,52.4891449],[5.5683267,52.4891269],[5.5683267,52.489109],[5.5683267,52.489091],[5.5683267,52.489073],[5.5683267,52.489055],[5.5683268,52.4890371],[5.5683268,52.4890191],[5.5683268,52.4890011],[5.5683268,52.4889832],[5.5683268,52.4889652],[5.5683269,52.4889472],[5.5683269,52.4889292],[5.5683269,52.4889113],[5.5683269,52.4888933],[5.568327,52.4888753],[5.568327,52.4888573],[5.568327,52.4888394],[5.568327,52.4888214],[5.568327,52.4888034],[5.5683271,52.4887854],[5.5683271,52.4887675],[5.5683271,52.4887495],[5.5683271,52.4887315],[5.5683271,52.4887136],[5.5683272,52.4886956],[5.5683272,52.4886776],[5.5683272,52.4886596],[5.5683272,52.4886417],[5.5683272,52.4886237],[5.5683273,52.4886057],[5.5683273,52.4885877],[5.5683273,52.4885698],[5.5683273,52.4885518],[5.5683274,52.4885338],[5.5683274,52.4885158],[5.5683274,52.4884979],[5.5683274,52.4884799],[5.5683274,52.4884619],[5.5683275,52.488444],[5.5683275,52.488426],[5.5683275,52.488408],[5.5683275,52.48839],[5.5683275,52.4883721],[5.5683276,52.4883541],[5.5683276,52.4883361],[5.5683276,52.4883181],[5.5683276,52.4883002],[5.5683276,52.4882822],[5.5683277,52.4882642],[5.5683277,52.4882462],[5.5683277,52.4882283],[5.5683277,52.4882103],[5.5683278,52.4881923],[5.5683278,52.4881744],[5.5683278,52.4881564],[5.5683278,52.4881384],[5.5683278,52.4881204],[5.5683279,52.4881025],[5.5683279,52.4880845],[5.5683279,52.4880665],[5.5683279,52.4880485],[5.5683279,52.4880306],[5.568328,52.4880126],[5.568328,52.4879946],[5.568328,52.4879767],[5.568328,52.4879587],[5.568328,52.4879407],[5.5683281,52.4879227],[5.5683281,52.4879048],[5.5683281,52.4878868],[5.5683281,52.4878688],[5.5683282,52.4878508],[5.5683282,52.4878329],[5.5683282,52.4878149],[5.5683282,52.4877969],[5.5683282,52.4877789],[5.5683283,52.487761],[5.5683283,52.487743],[5.5683283,52.487725],[5.5683283,52.4877071],[5.5683283,52.4876891],[5.5683284,52.4876711],[5.5683284,52.4876531],[5.5683284,52.4876352],[5.5683284,52.4876172],[5.5683284,52.4875992],[5.5683285,52.4875812],[5.5683285,52.4875633],[5.5683285,52.4875453],[5.5683285,52.4875273],[5.5683286,52.4875093],[5.5683286,52.4874914],[5.5683286,52.4874734],[5.5683286,52.4874554],[5.5683286,52.4874375],[5.5683287,52.4874195],[5.5683287,52.4874015],[5.5683287,52.4873835],[5.5683287,52.4873656],[5.5683287,52.4873476],[5.5683288,52.4873296],[5.5683288,52.4873116],[5.5683288,52.4872937],[5.5683288,52.4872757],[5.5683289,52.4872577],[5.5683289,52.4872397],[5.5683289,52.4872218],[5.5683289,52.4872038],[5.5683289,52.4871858],[5.568329,52.4871679],[5.568329,52.4871499],[5.568329,52.4871319],[5.568329,52.4871139],[5.568329,52.487096],[5.5683291,52.487078],[5.5683291,52.48706],[5.5683291,52.487042],[5.5683291,52.4870241],[5.5683291,52.4870061],[5.5683292,52.4869881],[5.5683292,52.4869702],[5.5683292,52.4869522],[5.5683292,52.4869342],[5.5683293,52.4869162],[5.5683293,52.4868983],[5.5683293,52.4868803],[5.5683293,52.4868623],[5.5683293,52.4868443],[5.5683294,52.4868264],[5.5683294,52.4868084],[5.5683294,52.4867904],[5.5683294,52.4867724],[5.5683294,52.4867545],[5.5683295,52.4867365],[5.5683295,52.4867185],[5.5683295,52.4867006],[5.5683295,52.4866826],[5.5683295,52.4866646],[5.5683296,52.4866466],[5.5683296,52.4866287],[5.5683296,52.4866107],[5.5683296,52.4865927],[5.5683297,52.4865747],[5.5683297,52.4865568],[5.5683297,52.4865388],[5.5683297,52.4865208],[5.5683297,52.4865028],[5.5683298,52.4864849],[5.5683298,52.4864669],[5.5683298,52.4864489],[5.5683298,52.486431],[5.5683298,52.486413],[5.5683299,52.486395],[5.5683299,52.486377],[5.5683299,52.4863591],[5.5683299,52.4863411],[5.5683299,52.4863231],[5.56833,52.4863051],[5.56833,52.4862872],[5.56833,52.4862692],[5.56833,52.4862512],[5.5683301,52.4862332],[5.5683301,52.4862153],[5.5683301,52.4861973],[5.5683301,52.4861793],[5.5683301,52.4861614],[5.5683302,52.4861434],[5.5683302,52.4861254],[5.5683302,52.4861074],[5.5683302,52.4860895],[5.5683302,52.4860715],[5.5683303,52.4860535],[5.5683303,52.4860355],[5.5683303,52.4860176],[5.5683303,52.4859996],[5.5683303,52.4859816],[5.5683304,52.4859637],[5.5683304,52.4859457],[5.5683304,52.4859277],[5.5683304,52.4859097],[5.5683305,52.4858918],[5.5683305,52.4858738],[5.5683305,52.4858558],[5.5683305,52.4858378],[5.5683305,52.4858199],[5.5683306,52.4858019],[5.5683306,52.4857839],[5.5683306,52.4857659],[5.5683306,52.485748],[5.5683306,52.48573],[5.5683307,52.485712],[5.5683307,52.4856941],[5.5683307,52.4856761],[5.5683307,52.4856581],[5.5683307,52.4856401],[5.5683308,52.4856222],[5.5683308,52.4856042],[5.5683308,52.4855862],[5.5683308,52.4855682],[5.5683309,52.4855503],[5.5683309,52.4855323],[5.5683309,52.4855143],[5.5683309,52.4854963],[5.5683309,52.4854784],[5.568331,52.4854604],[5.568331,52.4854424],[5.568331,52.4854245],[5.568331,52.4854065],[5.568331,52.4853885],[5.5683311,52.4853705],[5.5683311,52.4853526],[5.5683311,52.4853346],[5.5683311,52.4853166],[5.5683311,52.4852986],[5.5683312,52.4852807],[5.5683312,52.4852627],[5.5683312,52.4852447],[5.5683312,52.4852267],[5.5683313,52.4852088],[5.5683313,52.4851908],[5.5683313,52.4851728],[5.5683313,52.4851549],[5.5683313,52.4851369],[5.5683314,52.4851189],[5.5683314,52.4851009],[5.5683314,52.485083],[5.5683314,52.485065],[5.5683314,52.485047],[5.5683315,52.485029],[5.5683315,52.4850111],[5.5683315,52.4849931],[5.5683315,52.4849751],[5.5683315,52.4849571],[5.5683316,52.4849392],[5.5683316,52.4849212],[5.5683316,52.4849032],[5.5683316,52.4848853],[5.5683317,52.4848673],[5.5683317,52.4848493],[5.5683317,52.4848313],[5.5683317,52.4848134],[5.5683317,52.4847954],[5.5683318,52.4847774],[5.5683318,52.4847594],[5.5683318,52.4847415],[5.5683318,52.4847235],[5.5683318,52.4847055],[5.5683319,52.4846876],[5.5683319,52.4846696],[5.5683319,52.4846516],[5.5683319,52.4846336],[5.5683319,52.4846157],[5.568332,52.4845977],[5.568332,52.4845797],[5.568332,52.4845617],[5.568332,52.4845438],[5.5683321,52.4845258],[5.5683321,52.4845078],[5.5683321,52.4844898],[5.5683321,52.4844719],[5.5683321,52.4844539],[5.5683322,52.4844359],[5.5683322,52.484418],[5.5683322,52.4844],[5.5683322,52.484382],[5.5683322,52.484364],[5.5683323,52.4843461],[5.5683323,52.4843281],[5.5683323,52.4843101],[5.5683323,52.4842921],[5.5683323,52.4842742],[5.5683324,52.4842562],[5.5683324,52.4842382],[5.5683324,52.4842202],[5.5683324,52.4842023],[5.5683325,52.4841843],[5.5683325,52.4841663],[5.5683325,52.4841484],[5.5683325,52.4841304],[5.5683325,52.4841124],[5.5683326,52.4840944],[5.5683326,52.4840765],[5.5683326,52.4840585],[5.5683326,52.4840405],[5.5683326,52.4840225],[5.5683327,52.4840046],[5.5683327,52.4839866],[5.5683327,52.4839686],[5.5683327,52.4839506],[5.5683327,52.4839327],[5.5683328,52.4839147],[5.5683328,52.4838967],[5.5683328,52.4838788],[5.5683328,52.4838608],[5.5683329,52.4838428],[5.5683329,52.4838248],[5.5683329,52.4838069],[5.5683329,52.4837889],[5.5683329,52.4837709],[5.568333,52.4837529],[5.568333,52.483735],[5.568333,52.483717],[5.568333,52.483699],[5.568333,52.483681],[5.5683331,52.4836631],[5.5683331,52.4836451],[5.5683331,52.4836271],[5.5683331,52.4836092],[5.5683331,52.4835912],[5.5683332,52.4835732],[5.5683332,52.4835552],[5.5683332,52.4835373],[5.5683332,52.4835193],[5.5683333,52.4835013],[5.5683333,52.4834833],[5.5683333,52.4834654],[5.5683333,52.4834474],[5.5683333,52.4834294],[5.5683334,52.4834115],[5.5683334,52.4833935],[5.5683334,52.4833755],[5.5683334,52.4833575],[5.5683334,52.4833396],[5.5683335,52.4833216],[5.5683335,52.4833036],[5.5683335,52.4832856],[5.5683335,52.4832677],[5.5683335,52.4832497],[5.5683336,52.4832317],[5.5683336,52.4832137],[5.5683336,52.4831958],[5.5683336,52.4831778],[5.5683337,52.4831598],[5.5683337,52.4831419],[5.5683337,52.4831239],[5.5683337,52.4831059],[5.5683337,52.4830879],[5.5683338,52.48307],[5.5683338,52.483052],[5.5683338,52.483034],[5.5683338,52.483016],[5.5683338,52.4829981],[5.5683339,52.4829801],[5.5683339,52.4829621],[5.5683339,52.4829441],[5.5683339,52.4829262],[5.5683339,52.4829082],[5.568334,52.4828902],[5.568334,52.4828723],[5.568334,52.4828543],[5.568334,52.4828363],[5.5683341,52.4828183],[5.5683341,52.4828004],[5.5683341,52.4827824],[5.5683341,52.4827644],[5.5683341,52.4827464],[5.5683342,52.4827285],[5.5683342,52.4827105],[5.5683342,52.4826925],[5.5683342,52.4826745],[5.5683342,52.4826566],[5.5683343,52.4826386],[5.5683343,52.4826206],[5.5683343,52.4826027],[5.5683343,52.4825847],[5.5683343,52.4825667],[5.5683344,52.4825487],[5.5683344,52.4825308],[5.5683344,52.4825128],[5.5683344,52.4824948],[5.5683345,52.4824768],[5.5683345,52.4824589],[5.5683345,52.4824409],[5.5683345,52.4824229],[5.5683345,52.4824049],[5.5683346,52.482387],[5.5683346,52.482369],[5.5683346,52.482351],[5.5683346,52.4823331],[5.5683346,52.4823151],[5.5683347,52.4822971],[5.5683347,52.4822791],[5.5683347,52.4822612],[5.5683347,52.4822432],[5.5683347,52.4822252],[5.5683348,52.4822072],[5.5683348,52.4821893],[5.5683348,52.4821713],[5.5683348,52.4821533],[5.5683349,52.4821354],[5.5683349,52.4821174],[5.5683349,52.4820994],[5.5683349,52.4820814],[5.5683349,52.4820635],[5.568335,52.4820455],[5.568335,52.4820275],[5.568335,52.4820095],[5.568335,52.4819916],[5.568335,52.4819736],[5.5683351,52.4819556],[5.5683351,52.4819376],[5.5683351,52.4819197],[5.5683351,52.4819017],[5.5683351,52.4818837],[5.5683352,52.4818658],[5.5683352,52.4818478],[5.5683352,52.4818298],[5.5683352,52.4818118],[5.5683353,52.4817939],[5.5683353,52.4817759],[5.5683353,52.4817579],[5.5683353,52.4817399],[5.5683353,52.481722],[5.5683354,52.481704],[5.5683354,52.481686],[5.5683354,52.481668],[5.5683354,52.4816501],[5.5683354,52.4816321],[5.5683355,52.4816141],[5.5683355,52.4815962],[5.5683355,52.4815782],[5.5683355,52.4815602],[5.5683355,52.4815422],[5.5683356,52.4815243],[5.5683356,52.4815063],[5.5683356,52.4814883],[5.5683356,52.4814703],[5.5683357,52.4814524],[5.5683357,52.4814344],[5.5683357,52.4814164],[5.5683357,52.4813984],[5.5683357,52.4813805],[5.5683358,52.4813625],[5.5683358,52.4813445],[5.5683358,52.4813266],[5.5683358,52.4813086],[5.5683358,52.4812906],[5.5683359,52.4812726],[5.5683359,52.4812547],[5.5683359,52.4812367],[5.5683359,52.4812187],[5.5683359,52.4812007],[5.568336,52.4811828],[5.568336,52.4811648],[5.568336,52.4811468],[5.568336,52.4811288],[5.5683361,52.4811109],[5.5683361,52.4810929],[5.5683361,52.4810749],[5.5683361,52.481057],[5.5683361,52.481039],[5.5683362,52.481021],[5.5683362,52.481003],[5.5683362,52.4809851],[5.5683362,52.4809671],[5.5683362,52.4809491],[5.5683363,52.4809311],[5.5683363,52.4809132],[5.5683363,52.4808952],[5.5683363,52.4808772],[5.5683363,52.4808593],[5.5683364,52.4808413],[5.5683364,52.4808233],[5.5683364,52.4808053],[5.5683364,52.4807874],[5.5683365,52.4807694],[5.5683365,52.4807514],[5.5683365,52.4807334],[5.5683365,52.4807155],[5.5683365,52.4806975],[5.5683366,52.4806795],[5.5683366,52.4806615],[5.5683366,52.4806436],[5.5683366,52.4806256],[5.5683366,52.4806076],[5.5683367,52.4805897],[5.5683367,52.4805717],[5.5683367,52.4805537],[5.5683367,52.4805357],[5.5683367,52.4805178],[5.5683368,52.4804998],[5.5683368,52.4804818],[5.5683368,52.4804638],[5.5683368,52.4804459],[5.5683369,52.4804279],[5.5683369,52.4804099],[5.5683369,52.4803919],[5.5683369,52.480374],[5.5683369,52.480356],[5.568337,52.480338],[5.568337,52.4803201],[5.568337,52.4803021],[5.568337,52.4802841],[5.568337,52.4802661],[5.5683371,52.4802482],[5.5683371,52.4802302],[5.5683371,52.4802122],[5.5683371,52.4801942],[5.5683371,52.4801763],[5.5683372,52.4801583],[5.5683372,52.4801403],[5.5683372,52.4801223],[5.5683372,52.4801044],[5.5683373,52.4800864],[5.5683373,52.4800684],[5.5683373,52.4800505],[5.5683373,52.4800325],[5.5683373,52.4800145],[5.5683374,52.4799965],[5.5683374,52.4799786],[5.5683374,52.4799606],[5.5683374,52.4799426],[5.5683374,52.4799246],[5.5683375,52.4799067],[5.5683375,52.4798887],[5.5683375,52.4798707],[5.5683375,52.4798527],[5.5683375,52.4798348],[5.5683376,52.4798168],[5.5683376,52.4797988],[5.5683376,52.4797809],[5.5683376,52.4797629],[5.5683377,52.4797449],[5.5683377,52.4797269],[5.5683377,52.479709],[5.5683377,52.479691],[5.5683377,52.479673],[5.5683378,52.479655],[5.5683378,52.4796371],[5.5683378,52.4796191],[5.5683378,52.4796011],[5.5683378,52.4795832],[5.5683379,52.4795652],[5.5683379,52.4795472],[5.5683379,52.4795292],[5.5683379,52.4795113],[5.5683379,52.4794933],[5.568338,52.4794753],[5.568338,52.4794573],[5.568338,52.4794394],[5.568338,52.4794214],[5.5683381,52.4794034],[5.5683381,52.4793854],[5.5683381,52.4793675],[5.5683381,52.4793495],[5.5683381,52.4793315],[5.5683382,52.4793136],[5.5683382,52.4792956],[5.5683382,52.4792776],[5.5683382,52.4792596],[5.5683382,52.4792417],[5.5683383,52.4792237],[5.5683383,52.4792057],[5.5683383,52.4791877],[5.5683383,52.4791698],[5.5683383,52.4791518],[5.5683384,52.4791338],[5.5683384,52.4791158],[5.5683384,52.4790979],[5.5683384,52.4790799],[5.5683385,52.4790619],[5.5683385,52.479044],[5.5683385,52.479026],[5.5683385,52.479008],[5.5683385,52.47899],[5.5683386,52.4789721],[5.5683386,52.4789541],[5.5683386,52.4789361],[5.5683386,52.4789181],[5.5683386,52.4789002],[5.5683387,52.4788822],[5.5683387,52.4788642],[5.5683387,52.4788462],[5.5683387,52.4788283],[5.5683387,52.4788103],[5.5683388,52.4787923],[5.5683388,52.4787744],[5.5683388,52.4787564],[5.5683388,52.4787384],[5.5683389,52.4787204],[5.5683389,52.4787025],[5.5683389,52.4786845],[5.5683389,52.4786665],[5.5683389,52.4786485],[5.568339,52.4786306],[5.568339,52.4786126],[5.568339,52.4785946],[5.568339,52.4785766],[5.568339,52.4785587],[5.5683391,52.4785407],[5.5683391,52.4785227],[5.5683391,52.4785048],[5.5683391,52.4784868],[5.5683391,52.4784688],[5.5683392,52.4784508],[5.5683392,52.4784329],[5.5683392,52.4784149],[5.5683392,52.4783969],[5.5683393,52.4783789],[5.5683393,52.478361],[5.5683393,52.478343],[5.5683393,52.478325],[5.5683393,52.478307],[5.5683394,52.4782891],[5.5683394,52.4782711],[5.5683394,52.4782531],[5.5683394,52.4782352],[5.5683394,52.4782172],[5.5683395,52.4781992],[5.5683395,52.4781812],[5.5683395,52.4781633],[5.5683395,52.4781453],[5.5683395,52.4781273],[5.5683396,52.4781093],[5.5683396,52.4780914],[5.5683396,52.4780734],[5.5683396,52.4780554],[5.5683397,52.4780375],[5.5683397,52.4780195],[5.5683397,52.4780015],[5.5683397,52.4779835],[5.5683397,52.4779656],[5.5683398,52.4779476],[5.5683398,52.4779296],[5.5683398,52.4779116],[5.5683398,52.4778937],[5.5683398,52.4778757],[5.5683399,52.4778577],[5.5683399,52.4778397],[5.5683399,52.4778218],[5.5683399,52.4778038],[5.5683399,52.4777858],[5.56834,52.4777679],[5.56834,52.4777499],[5.56834,52.4777319],[5.56834,52.4777139],[5.5683401,52.477696],[5.5683401,52.477678],[5.5683401,52.47766],[5.5683401,52.477642],[5.5683401,52.4776241],[5.5683402,52.4776061],[5.5683402,52.4775881],[5.5683402,52.4775701],[5.5683402,52.4775522],[5.5683402,52.4775342],[5.5683403,52.4775162],[5.5683403,52.4774983],[5.5683403,52.4774803],[5.5683403,52.4774623],[5.5683403,52.4774443],[5.5683404,52.4774264],[5.5683404,52.4774084],[5.5683404,52.4773904],[5.5683404,52.4773724],[5.5683405,52.4773545],[5.5683405,52.4773365],[5.5683405,52.4773185],[5.5683405,52.4773005],[5.5683405,52.4772826],[5.5683406,52.4772646],[5.5683406,52.4772466],[5.5683406,52.4772287],[5.5683406,52.4772107],[5.5683406,52.4771927],[5.5683407,52.4771747],[5.5683407,52.4771568],[5.5683407,52.4771388],[5.5683407,52.4771208],[5.5683407,52.4771028],[5.5683408,52.4770849],[5.5683408,52.4770669],[5.5683408,52.4770489],[5.5683408,52.4770309],[5.5683409,52.477013],[5.5683409,52.476995],[5.5683409,52.476977],[5.5683409,52.4769591],[5.5683409,52.4769411],[5.568341,52.4769231],[5.568341,52.4769051],[5.568341,52.4768872],[5.568341,52.4768692],[5.568341,52.4768512],[5.5683411,52.4768332],[5.5683411,52.4768153],[5.5683411,52.4767973],[5.5683411,52.4767793],[5.5683411,52.4767613],[5.5683412,52.4767434],[5.5683412,52.4767254],[5.5683412,52.4767074],[5.5683412,52.4766895],[5.5683413,52.4766715],[5.5683413,52.4766535],[5.5683413,52.4766355],[5.5683413,52.4766176],[5.5683413,52.4765996],[5.5683414,52.4765816],[5.5683414,52.4765636],[5.5683414,52.4765457],[5.5683414,52.4765277],[5.5683414,52.4765097],[5.5683415,52.4764918],[5.5683415,52.4764738],[5.5683415,52.4764558],[5.5683415,52.4764378],[5.5683415,52.4764199],[5.5683416,52.4764019],[5.5683416,52.4763839],[5.5683416,52.4763659],[5.5683416,52.476348],[5.5683417,52.47633],[5.5683417,52.476312],[5.5683417,52.476294],[5.5683417,52.4762761],[5.5683417,52.4762581],[5.5683418,52.4762401],[5.5683418,52.4762222],[5.5683418,52.4762042],[5.5683418,52.4761862],[5.5683418,52.4761682],[5.5683419,52.4761503],[5.5683419,52.4761323],[5.5683419,52.4761143],[5.5683419,52.4760963],[5.5683419,52.4760784],[5.568342,52.4760604],[5.568342,52.4760424],[5.568342,52.4760244],[5.568342,52.4760065],[5.5683421,52.4759885],[5.5683421,52.4759705],[5.5683421,52.4759526],[5.5683421,52.4759346],[5.5683421,52.4759166],[5.5683422,52.4758986],[5.5683422,52.4758807],[5.5683422,52.4758627],[5.5683422,52.4758447],[5.5683422,52.4758267],[5.5683423,52.4758088],[5.5683423,52.4757908],[5.5683423,52.4757728],[5.5683423,52.4757548],[5.5683423,52.4757369],[5.5683424,52.4757189],[5.5683424,52.4757009],[5.5683424,52.475683],[5.5683424,52.475665],[5.5683425,52.475647],[5.5683425,52.475629],[5.5683425,52.4756111],[5.5683425,52.4755931],[5.5683425,52.4755751],[5.5683426,52.4755571],[5.5683426,52.4755392],[5.5683426,52.4755212],[5.5683426,52.4755032],[5.5683426,52.4754852],[5.5683427,52.4754673],[5.5683427,52.4754493],[5.5683427,52.4754313],[5.5683427,52.4754134],[5.5683427,52.4753954],[5.5683428,52.4753774],[5.5683428,52.4753594],[5.5683428,52.4753415],[5.5683428,52.4753235],[5.5683429,52.4753055],[5.5683429,52.4752875],[5.5683429,52.4752696],[5.5683429,52.4752516],[5.5683429,52.4752336],[5.568343,52.4752156],[5.568343,52.4751977],[5.568343,52.4751797],[5.568343,52.4751617],[5.568343,52.4751438],[5.5683431,52.4751258],[5.5683431,52.4751078],[5.5683431,52.4750898],[5.5683431,52.4750719],[5.5683431,52.4750539],[5.5683432,52.4750359],[5.5683432,52.4750179],[5.5683432,52.475],[5.5683432,52.474982],[5.5683433,52.474964],[5.5683433,52.4749461],[5.5683433,52.4749281],[5.5683433,52.4749101],[5.5683433,52.4748921],[5.5683434,52.4748742],[5.5683434,52.4748562],[5.5683434,52.4748382],[5.5683434,52.4748202],[5.5683434,52.4748023],[5.5683435,52.4747843],[5.5683435,52.4747663],[5.5683435,52.4747483],[5.5683435,52.4747304],[5.5683435,52.4747124],[5.5683436,52.4746944],[5.5683436,52.4746765],[5.5683436,52.4746585],[5.5683436,52.4746405],[5.5683437,52.4746225],[5.5683437,52.4746046],[5.5683437,52.4745866],[5.5683437,52.4745686],[5.5683437,52.4745506],[5.5683438,52.4745327],[5.5683438,52.4745147],[5.5683438,52.4744967],[5.5683438,52.4744787],[5.5683438,52.4744608],[5.5683439,52.4744428],[5.5683439,52.4744248],[5.5683439,52.4744069],[5.5683439,52.4743889],[5.5683439,52.4743709],[5.568344,52.4743529],[5.568344,52.474335],[5.568344,52.474317],[5.568344,52.474299],[5.5683441,52.474281],[5.5683441,52.4742631],[5.5683441,52.4742451],[5.5683441,52.4742271],[5.5683441,52.4742091],[5.5683442,52.4741912],[5.5683442,52.4741732],[5.5683442,52.4741552],[5.5683442,52.4741373],[5.5683442,52.4741193],[5.5683443,52.4741013],[5.5683443,52.4740833],[5.5683443,52.4740654],[5.5683443,52.4740474],[5.5683443,52.4740294],[5.5683444,52.4740114],[5.5683444,52.4739935],[5.5683444,52.4739755],[5.5683444,52.4739575],[5.5683445,52.4739395],[5.5683445,52.4739216],[5.5683445,52.4739036],[5.5683445,52.4738856],[5.5683445,52.4738677],[5.5683446,52.4738497],[5.5683446,52.4738317],[5.5683446,52.4738137],[5.5683446,52.4737958],[5.5683446,52.4737778],[5.5683447,52.4737598],[5.5683447,52.4737418],[5.5683447,52.4737239],[5.5683447,52.4737059],[5.5683447,52.4736879],[5.5683448,52.4736699],[5.5683448,52.473652],[5.5683448,52.473634],[5.5683448,52.473616],[5.5683449,52.4735981],[5.5683449,52.4735801],[5.5683449,52.4735621],[5.5683449,52.4735441],[5.5683449,52.4735262],[5.568345,52.4735082],[5.568345,52.4734902],[5.568345,52.4734722],[5.568345,52.4734543],[5.568345,52.4734363],[5.5683451,52.4734183],[5.5683451,52.4734003],[5.5683451,52.4733824],[5.5683451,52.4733644],[5.5683451,52.4733464],[5.5683452,52.4733285],[5.5683452,52.4733105],[5.5683452,52.4732925],[5.5683452,52.4732745],[5.5683453,52.4732566],[5.5683453,52.4732386],[5.5683453,52.4732206],[5.5683453,52.4732026],[5.5683453,52.4731847],[5.5683454,52.4731667],[5.5683454,52.4731487],[5.5683454,52.4731308],[5.5683454,52.4731128],[5.5683454,52.4730948],[5.5683455,52.4730768],[5.5683455,52.4730589],[5.5683455,52.4730409],[5.5683455,52.4730229],[5.5683455,52.4730049],[5.5683456,52.472987],[5.5683456,52.472969],[5.5683456,52.472951],[5.5683456,52.472933],[5.5683457,52.4729151],[5.5683457,52.4728971],[5.5683457,52.4728791],[5.5683457,52.4728612],[5.5683457,52.4728432],[5.5683458,52.4728252],[5.5683458,52.4728072],[5.5683458,52.4727893],[5.5683458,52.4727713],[5.5683458,52.4727533],[5.5683459,52.4727353],[5.5683459,52.4727174],[5.5683459,52.4726994],[5.5683459,52.4726814],[5.5683459,52.4726634],[5.568346,52.4726455],[5.568346,52.4726275],[5.568346,52.4726095],[5.568346,52.4725916],[5.568346,52.4725736],[5.5683461,52.4725556],[5.5683461,52.4725376],[5.5683461,52.4725197],[5.5683461,52.4725017],[5.5683462,52.4724837],[5.5683462,52.4724657],[5.5683462,52.4724478],[5.5683462,52.4724298],[5.5683462,52.4724118],[5.5683463,52.4723938],[5.5683463,52.4723759],[5.5683463,52.4723579],[5.5683463,52.4723399],[5.5683463,52.472322],[5.5683464,52.472304],[5.5683464,52.472286],[5.5683464,52.472268],[5.5683464,52.4722501],[5.5683464,52.4722321],[5.5683465,52.4722141],[5.5683465,52.4721961],[5.5683465,52.4721782],[5.5683465,52.4721602],[5.5683466,52.4721422],[5.5683466,52.4721242],[5.5683466,52.4721063],[5.5683466,52.4720883],[5.5683466,52.4720703],[5.5683467,52.4720524],[5.5683467,52.4720344],[5.5683467,52.4720164],[5.5683467,52.4719984],[5.5683467,52.4719805],[5.5683468,52.4719625],[5.5683468,52.4719445],[5.5683468,52.4719265],[5.5683468,52.4719086],[5.5683468,52.4718906],[5.5683469,52.4718726],[5.5683469,52.4718546],[5.5683469,52.4718367],[5.5683469,52.4718187],[5.568347,52.4718007],[5.568347,52.4717828],[5.568347,52.4717648],[5.568347,52.4717468],[5.568347,52.4717288],[5.5683471,52.4717109],[5.5683471,52.4716929],[5.5683471,52.4716749],[5.5683471,52.4716569],[5.5683471,52.471639],[5.5683472,52.471621],[5.5683472,52.471603],[5.5683472,52.471585],[5.5683472,52.4715671],[5.5683472,52.4715491],[5.5683473,52.4715311],[5.5683473,52.4715132],[5.5683473,52.4714952],[5.5683473,52.4714772],[5.5683474,52.4714592],[5.5683474,52.4714413],[5.5683474,52.4714233],[5.5683474,52.4714053],[5.5683474,52.4713873],[5.5683475,52.4713694],[5.5683475,52.4713514],[5.5683475,52.4713334],[5.5683475,52.4713155],[5.5683475,52.4712975],[5.5683476,52.4712795],[5.5683476,52.4712615],[5.5683476,52.4712436],[5.5683476,52.4712256],[5.5683476,52.4712076],[5.5683477,52.4711896],[5.5683477,52.4711717],[5.5683477,52.4711537],[5.5683477,52.4711357],[5.5683478,52.4711177],[5.5683478,52.4710998],[5.5683478,52.4710818],[5.5683478,52.4710638],[5.5683478,52.4710459],[5.5683479,52.4710279],[5.5683479,52.4710099],[5.5683479,52.4709919],[5.5683479,52.470974],[5.5683479,52.470956],[5.568348,52.470938],[5.568348,52.47092],[5.568348,52.4709021],[5.568348,52.4708841],[5.568348,52.4708661],[5.5683481,52.4708481],[5.5683481,52.4708302],[5.5683481,52.4708122],[5.5683481,52.4707942],[5.5683482,52.4707763],[5.5683482,52.4707583],[5.5683482,52.4707403],[5.5683482,52.4707223],[5.5683482,52.4707044],[5.5683483,52.4706864],[5.5683483,52.4706684],[5.5683483,52.4706504],[5.5683483,52.4706325],[5.5683483,52.4706145],[5.5683484,52.4705965],[5.5683484,52.4705785],[5.5683484,52.4705606],[5.5683484,52.4705426],[5.5683484,52.4705246],[5.5683485,52.4705067],[5.5683485,52.4704887],[5.5683485,52.4704707],[5.5683485,52.4704527],[5.5683486,52.4704348],[5.5683486,52.4704168],[5.5683486,52.4703988],[5.5683486,52.4703808],[5.5683486,52.4703629],[5.5683487,52.4703449],[5.5683487,52.4703269],[5.5683487,52.4703089],[5.5683487,52.470291],[5.5683487,52.470273],[5.5683488,52.470255],[5.5683488,52.4702371],[5.5683488,52.4702191],[5.5683488,52.4702011],[5.5683488,52.4701831],[5.5683489,52.4701652],[5.5683489,52.4701472],[5.5683489,52.4701292],[5.5683489,52.4701112],[5.568349,52.4700933],[5.568349,52.4700753],[5.568349,52.4700573],[5.568349,52.4700393],[5.568349,52.4700214],[5.5683491,52.4700034],[5.5683491,52.4699854],[5.5683491,52.4699675],[5.5683491,52.4699495],[5.5683491,52.4699315],[5.5683492,52.4699135],[5.5683492,52.4698956],[5.5683492,52.4698776],[5.5683492,52.4698596],[5.5683492,52.4698416],[5.5683493,52.4698237],[5.5683493,52.4698057],[5.5683493,52.4697877],[5.5683493,52.4697697],[5.5683494,52.4697518],[5.5683494,52.4697338],[5.5683494,52.4697158],[5.5683494,52.4696979],[5.5683494,52.4696799],[5.5683495,52.4696619],[5.5683495,52.4696439],[5.5683495,52.469626],[5.5683495,52.469608],[5.5683495,52.46959],[5.5683496,52.469572],[5.5683496,52.4695541],[5.5683496,52.4695361],[5.5683496,52.4695181],[5.5683496,52.4695001],[5.5683497,52.4694822],[5.5683497,52.4694642],[5.5683497,52.4694462],[5.5683497,52.4694283],[5.5683498,52.4694103],[5.5683498,52.4693923],[5.5683498,52.4693743],[5.5683498,52.4693564],[5.5683498,52.4693384],[5.5683499,52.4693204],[5.5683499,52.4693024],[5.5683499,52.4692845],[5.5683499,52.4692665],[5.5683499,52.4692485],[5.56835,52.4692306],[5.56835,52.4692126],[5.56835,52.4691946],[5.56835,52.4691766],[5.56835,52.4691587],[5.5683501,52.4691407],[5.5683501,52.4691227],[5.5683501,52.4691047],[5.5683501,52.4690868],[5.5683502,52.4690688],[5.5683502,52.4690508],[5.5683502,52.4690328],[5.5683502,52.4690149],[5.5683502,52.4689969],[5.5683503,52.4689789],[5.5683503,52.468961],[5.5683503,52.468943],[5.5683503,52.468925],[5.5683503,52.468907],[5.5683504,52.4688891],[5.5683504,52.4688711],[5.5683504,52.4688531],[5.5683504,52.4688351],[5.5683504,52.4688172],[5.5683505,52.4687992],[5.5683505,52.4687812],[5.5683505,52.4687632],[5.5683505,52.4687453],[5.5683506,52.4687273],[5.5683506,52.4687093],[5.5683506,52.4686914],[5.5683506,52.4686734],[5.5683506,52.4686554],[5.5683507,52.4686374],[5.5683507,52.4686195],[5.5683507,52.4686015],[5.5683507,52.4685835],[5.5683507,52.4685655],[5.5683508,52.4685476],[5.5683508,52.4685296],[5.5683508,52.4685116],[5.5683508,52.4684936],[5.5683508,52.4684757],[5.5683509,52.4684577],[5.5683509,52.4684397],[5.5683509,52.4684218],[5.5683509,52.4684038],[5.568351,52.4683858],[5.568351,52.4683678],[5.568351,52.4683499],[5.568351,52.4683319],[5.568351,52.4683139],[5.5683511,52.4682959],[5.5683511,52.468278],[5.5683511,52.46826],[5.5683511,52.468242],[5.5683511,52.468224],[5.5683512,52.4682061],[5.5683512,52.4681881],[5.5683512,52.4681701],[5.5683512,52.4681522],[5.5683512,52.4681342],[5.5683513,52.4681162],[5.5683513,52.4680982],[5.5683513,52.4680803],[5.5683513,52.4680623],[5.5683514,52.4680443],[5.5683514,52.4680263],[5.5683514,52.4680084],[5.5683514,52.4679904],[5.5683514,52.4679724],[5.5683515,52.4679544],[5.5683515,52.4679365],[5.5683515,52.4679185],[5.5683515,52.4679005],[5.5683515,52.4678826],[5.5683516,52.4678646],[5.5683516,52.4678466],[5.5683516,52.4678286],[5.5683516,52.4678107],[5.5683516,52.4677927],[5.5683517,52.4677747],[5.5683517,52.4677567],[5.5683517,52.4677388],[5.5683517,52.4677208],[5.5683518,52.4677028],[5.5683518,52.4676848],[5.5683518,52.4676669],[5.5683518,52.4676489],[5.5683518,52.4676309],[5.5683519,52.467613],[5.5683519,52.467595],[5.5683519,52.467577],[5.5683519,52.467559],[5.5683519,52.4675411],[5.568352,52.4675231],[5.568352,52.4675051],[5.568352,52.4674871],[5.568352,52.4674692],[5.568352,52.4674512],[5.5683521,52.4674332],[5.5683521,52.4674152],[5.5683521,52.4673973],[5.5683521,52.4673793],[5.5683522,52.4673613],[5.5683522,52.4673434],[5.5683522,52.4673254],[5.5683522,52.4673074],[5.5683522,52.4672894],[5.5683523,52.4672715],[5.5683523,52.4672535],[5.5683523,52.4672355],[5.5683523,52.4672175],[5.5683523,52.4671996],[5.5683524,52.4671816],[5.5683524,52.4671636],[5.5683524,52.4671456],[5.5683524,52.4671277],[5.5683524,52.4671097],[5.5683525,52.4670917],[5.5683525,52.4670738],[5.5683525,52.4670558],[5.5683525,52.4670378],[5.5683526,52.4670198],[5.5683526,52.4670019],[5.5683526,52.4669839],[5.5683526,52.4669659],[5.5683526,52.4669479],[5.5683527,52.46693],[5.5683527,52.466912],[5.5683527,52.466894],[5.5683527,52.4668761],[5.5683527,52.4668581],[5.5683528,52.4668401],[5.5683528,52.4668221],[5.5683528,52.4668042],[5.5683528,52.4667862],[5.5683528,52.4667682],[5.5683529,52.4667502],[5.5683529,52.4667323],[5.5683529,52.4667143],[5.5683529,52.4666963],[5.568353,52.4666783],[5.568353,52.4666604],[5.568353,52.4666424],[5.568353,52.4666244],[5.568353,52.4666065],[5.5683531,52.4665885],[5.5683531,52.4665705],[5.5683531,52.4665525],[5.5683531,52.4665346],[5.5683531,52.4665166],[5.5683532,52.4664986],[5.5683532,52.4664806],[5.5683532,52.4664627],[5.5683532,52.4664447],[5.5683532,52.4664267],[5.5683533,52.4664087],[5.5683533,52.4663908],[5.5683533,52.4663728],[5.5683533,52.4663548],[5.5683534,52.4663369],[5.5683534,52.4663189],[5.5683534,52.4663009],[5.5683534,52.4662829],[5.5683534,52.466265],[5.5683535,52.466247],[5.5683535,52.466229],[5.5683535,52.466211],[5.5683535,52.4661931],[5.5683535,52.4661751],[5.5683536,52.4661571],[5.5683536,52.4661391],[5.5683536,52.4661212],[5.5683536,52.4661032],[5.5683536,52.4660852],[5.5683537,52.4660673],[5.5683537,52.4660493],[5.5683537,52.4660313],[5.5683537,52.4660133],[5.5683538,52.4659954],[5.5683538,52.4659774],[5.5683538,52.4659594],[5.5683538,52.4659414],[5.5683538,52.4659235],[5.5683539,52.4659055],[5.5683539,52.4658875],[5.5683539,52.4658695],[5.5683539,52.4658516],[5.5683539,52.4658336],[5.568354,52.4658156],[5.568354,52.4657977],[5.568354,52.4657797],[5.568354,52.4657617],[5.568354,52.4657437],[5.5683541,52.4657258],[5.5683541,52.4657078],[5.5683541,52.4656898],[5.5683541,52.4656718],[5.5683541,52.4656539],[5.5683542,52.4656359],[5.5683542,52.4656179],[5.5683542,52.4655999],[5.5683542,52.465582],[5.5683543,52.465564],[5.5683543,52.465546],[5.5683543,52.4655281],[5.5683543,52.4655101],[5.5683543,52.4654921],[5.5683544,52.4654741],[5.5683544,52.4654562],[5.5683544,52.4654382],[5.5683544,52.4654202],[5.5683544,52.4654022],[5.5683545,52.4653843],[5.5683545,52.4653663],[5.5683545,52.4653483],[5.5683545,52.4653303],[5.5683545,52.4653124],[5.5683546,52.4652944],[5.5683546,52.4652764],[5.5683546,52.4652585],[5.5683546,52.4652405],[5.5683547,52.4652225],[5.5683547,52.4652045],[5.5683547,52.4651866],[5.5683547,52.4651686],[5.5683547,52.4651506],[5.5683548,52.4651326],[5.5683548,52.4651147],[5.5683548,52.4650967],[5.5683548,52.4650787],[5.5683548,52.4650607],[5.5683549,52.4650428],[5.5683549,52.4650248],[5.5683549,52.4650068],[5.5683549,52.4649889],[5.5683549,52.4649709],[5.568355,52.4649529],[5.568355,52.4649349],[5.568355,52.464917],[5.568355,52.464899],[5.5683551,52.464881],[5.5683551,52.464863],[5.5683551,52.4648451],[5.5683551,52.4648271],[5.5683551,52.4648091],[5.5683552,52.4647911],[5.5683552,52.4647732],[5.5683552,52.4647552],[5.5683552,52.4647372],[5.5683552,52.4647193],[5.5683553,52.4647013],[5.5683553,52.4646833],[5.5683553,52.4646653],[5.5683553,52.4646474],[5.5683553,52.4646294],[5.5683554,52.4646114],[5.5683554,52.4645934],[5.5683554,52.4645755],[5.5683554,52.4645575],[5.5683555,52.4645395],[5.5683555,52.4645215],[5.5683555,52.4645036],[5.5683555,52.4644856],[5.5683555,52.4644676],[5.5683556,52.4644497],[5.5683556,52.4644317],[5.5683556,52.4644137],[5.5683556,52.4643957],[5.5683556,52.4643778],[5.5683557,52.4643598],[5.5683557,52.4643418],[5.5683557,52.4643238],[5.5683557,52.4643059],[5.5683557,52.4642879],[5.5683558,52.4642699],[5.5683558,52.4642519],[5.5683558,52.464234],[5.5683558,52.464216],[5.5683559,52.464198],[5.5683559,52.4641801],[5.5683559,52.4641621],[5.5683559,52.4641441],[5.5683559,52.4641261],[5.568356,52.4641082],[5.568356,52.4640902],[5.568356,52.4640722],[5.568356,52.4640542],[5.568356,52.4640363],[5.5683561,52.4640183],[5.5683561,52.4640003],[5.5683561,52.4639824],[5.5683561,52.4639644],[5.5683561,52.4639464],[5.5683562,52.4639284],[5.5683562,52.4639105],[5.5683562,52.4638925],[5.5683562,52.4638745],[5.5683563,52.4638565],[5.5683563,52.4638386],[5.5683563,52.4638206],[5.5683563,52.4638026],[5.5683563,52.4637846],[5.5683564,52.4637667],[5.5683564,52.4637487],[5.5683564,52.4637307],[5.5683564,52.4637128],[5.5683564,52.4636948],[5.5683565,52.4636768],[5.5683565,52.4636588],[5.5683565,52.4636409],[5.5683565,52.4636229],[5.5683565,52.4636049],[5.5683566,52.4635869],[5.5683566,52.463569],[5.5683566,52.463551],[5.5683566,52.463533],[5.5683567,52.463515],[5.5683567,52.4634971],[5.5683567,52.4634791],[5.5683567,52.4634611],[5.5683567,52.4634432],[5.5683568,52.4634252],[5.5683568,52.4634072],[5.5683568,52.4633892],[5.5683568,52.4633713],[5.5683568,52.4633533],[5.5683569,52.4633353],[5.5683569,52.4633173],[5.5683569,52.4632994],[5.5683569,52.4632814],[5.5683569,52.4632634],[5.568357,52.4632454],[5.568357,52.4632275],[5.568357,52.4632095],[5.568357,52.4631915],[5.5683571,52.4631736],[5.5683571,52.4631556],[5.5683571,52.4631376],[5.5683571,52.4631196],[5.5683571,52.4631017],[5.5683572,52.4630837],[5.5683572,52.4630657],[5.5683572,52.4630477],[5.5683572,52.4630298],[5.5683572,52.4630118],[5.5683573,52.4629938],[5.5683573,52.4629758],[5.5683573,52.4629579],[5.5683573,52.4629399],[5.5683573,52.4629219],[5.5683574,52.462904],[5.5683574,52.462886],[5.5683574,52.462868],[5.5683574,52.46285],[5.5683575,52.4628321],[5.5683575,52.4628141],[5.5683575,52.4627961],[5.5683575,52.4627781],[5.5683575,52.4627602],[5.5683576,52.4627422],[5.5683576,52.4627242],[5.5683576,52.4627062],[5.5683576,52.4626883],[5.5683576,52.4626703],[5.5683577,52.4626523],[5.5683577,52.4626344],[5.5683577,52.4626164],[5.5683577,52.4625984],[5.5683577,52.4625804],[5.5683578,52.4625625],[5.5683578,52.4625445],[5.5683578,52.4625265],[5.5683578,52.4625085],[5.5683579,52.4624906],[5.5683579,52.4624726],[5.5683579,52.4624546],[5.5683579,52.4624366],[5.5683579,52.4624187],[5.568358,52.4624007],[5.568358,52.4623827],[5.568358,52.4623648],[5.568358,52.4623468],[5.568358,52.4623288],[5.5683581,52.4623108],[5.5683581,52.4622929],[5.5683581,52.4622749],[5.5683581,52.4622569],[5.5683581,52.4622389],[5.5683582,52.462221],[5.5683582,52.462203],[5.5683582,52.462185],[5.5683582,52.462167],[5.5683583,52.4621491],[5.5683583,52.4621311],[5.5683583,52.4621131],[5.5683583,52.4620952],[5.5683583,52.4620772],[5.5683584,52.4620592],[5.5683584,52.4620412],[5.5683584,52.4620233],[5.5683584,52.4620053],[5.5683584,52.4619873],[5.5683585,52.4619693],[5.5683585,52.4619514],[5.5683585,52.4619334],[5.5683585,52.4619154],[5.5683585,52.4618974],[5.5683586,52.4618795],[5.5683586,52.4618615],[5.5683586,52.4618435],[5.5683586,52.4618256],[5.5683587,52.4618076],[5.5683587,52.4617896],[5.5683587,52.4617716],[5.5683587,52.4617537],[5.5683587,52.4617357],[5.5683588,52.4617177],[5.5683588,52.4616997],[5.5683588,52.4616818],[5.5683588,52.4616638],[5.5683588,52.4616458],[5.5683589,52.4616278],[5.5683589,52.4616099],[5.5683589,52.4615919],[5.5683589,52.4615739],[5.5683589,52.461556],[5.568359,52.461538],[5.568359,52.46152],[5.568359,52.461502],[5.568359,52.4614841],[5.5683591,52.4614661],[5.5683591,52.4614481],[5.5683591,52.4614301],[5.5683591,52.4614122],[5.5683591,52.4613942],[5.5683592,52.4613762],[5.5683592,52.4613582],[5.5683592,52.4613403],[5.5683592,52.4613223],[5.5683592,52.4613043],[5.5683593,52.4612864],[5.5683593,52.4612684],[5.5683593,52.4612504],[5.5683593,52.4612324],[5.5683593,52.4612145],[5.5683594,52.4611965],[5.5683594,52.4611785],[5.5683594,52.4611605],[5.5683594,52.4611426],[5.5683594,52.4611246],[5.5683595,52.4611066],[5.5683595,52.4610886],[5.5683595,52.4610707],[5.5683595,52.4610527],[5.5683596,52.4610347],[5.5683596,52.4610168],[5.5683596,52.4609988],[5.5683596,52.4609808],[5.5683596,52.4609628],[5.5683597,52.4609449],[5.5683597,52.4609269],[5.5683597,52.4609089],[5.5683597,52.4608909],[5.5683597,52.460873],[5.5683598,52.460855],[5.5683598,52.460837],[5.5683598,52.460819],[5.5683598,52.4608011],[5.5683598,52.4607831],[5.5683599,52.4607651],[5.5683599,52.4607472],[5.5683599,52.4607292],[5.5683599,52.4607112],[5.56836,52.4606932],[5.56836,52.4606753],[5.56836,52.4606573],[5.56836,52.4606393],[5.56836,52.4606213],[5.5683601,52.4606034],[5.5683601,52.4605854],[5.5683601,52.4605674],[5.5683601,52.4605494],[5.5683601,52.4605315],[5.5683602,52.4605135],[5.5683602,52.4604955],[5.5683602,52.4604776],[5.5683602,52.4604596],[5.5683602,52.4604416],[5.5683603,52.4604236],[5.5683603,52.4604057],[5.5683603,52.4603877],[5.5683603,52.4603697],[5.5683604,52.4603517],[5.5683604,52.4603338],[5.5683604,52.4603158],[5.5683604,52.4602978],[5.5683604,52.4602799],[5.5683605,52.4602619],[5.5683605,52.4602439],[5.5683605,52.4602259],[5.5683605,52.460208],[5.5683605,52.46019],[5.5683606,52.460172],[5.5683606,52.460154],[5.5683606,52.4601361],[5.5683606,52.4601181],[5.5683606,52.4601001],[5.5683607,52.4600821],[5.5683607,52.4600642],[5.5683607,52.4600462],[5.5683607,52.4600282],[5.5683608,52.4600103],[5.5683608,52.4599923],[5.5683608,52.4599743],[5.5683608,52.4599563],[5.5683608,52.4599384],[5.5683609,52.4599204],[5.5683609,52.4599024],[5.5683609,52.4598844],[5.5683609,52.4598665],[5.5683609,52.4598485],[5.568361,52.4598305],[5.568361,52.4598125],[5.568361,52.4597946],[5.568361,52.4597766],[5.568361,52.4597586],[5.5683611,52.4597407],[5.5683611,52.4597227],[5.5683611,52.4597047],[5.5683611,52.4596867],[5.5683612,52.4596688],[5.5683612,52.4596508],[5.5683612,52.4596328],[5.5683612,52.4596148],[5.5683612,52.4595969],[5.5683613,52.4595789],[5.5683613,52.4595609],[5.5683613,52.4595429],[5.5683613,52.459525],[5.5683613,52.459507],[5.5683614,52.459489],[5.5683614,52.4594711],[5.5683614,52.4594531],[5.5683614,52.4594351],[5.5683614,52.4594171],[5.5683615,52.4593992],[5.5683615,52.4593812],[5.5683615,52.4593632],[5.5683615,52.4593452],[5.5683616,52.4593273],[5.5683616,52.4593093],[5.5683616,52.4592913],[5.5683616,52.4592733],[5.5683616,52.4592554],[5.5683617,52.4592374],[5.5683617,52.4592194],[5.5683617,52.4592015],[5.5683617,52.4591835],[5.5683617,52.4591655],[5.5683618,52.4591475],[5.5683618,52.4591296],[5.5683618,52.4591116],[5.5683618,52.4590936],[5.5683618,52.4590756],[5.5683619,52.4590577],[5.5683619,52.4590397],[5.5683619,52.4590217],[5.5683619,52.4590037],[5.568362,52.4589858],[5.568362,52.4589678],[5.568362,52.4589498],[5.568362,52.4589319],[5.568362,52.4589139],[5.5683621,52.4588959],[5.5683621,52.4588779],[5.5683621,52.45886],[5.5683621,52.458842],[5.5683621,52.458824],[5.5683622,52.458806],[5.5683622,52.4587881],[5.5683622,52.4587701],[5.5683622,52.4587521],[5.5683622,52.4587341],[5.5683623,52.4587162],[5.5683623,52.4586982],[5.5683623,52.4586802],[5.5683623,52.4586623],[5.5683624,52.4586443],[5.5683624,52.4586263],[5.5683624,52.4586083],[5.5683624,52.4585904],[5.5683624,52.4585724],[5.5683625,52.4585544],[5.5683625,52.4585364],[5.5683625,52.4585185],[5.5683625,52.4585005],[5.5683625,52.4584825],[5.5683626,52.4584645],[5.5683626,52.4584466],[5.5683626,52.4584286],[5.5683626,52.4584106],[5.5683626,52.4583927],[5.5683627,52.4583747],[5.5683627,52.4583567],[5.5683627,52.4583387],[5.5683627,52.4583208],[5.5683628,52.4583028],[5.5683628,52.4582848],[5.5683628,52.4582668],[5.5683628,52.4582489],[5.5683628,52.4582309],[5.5683629,52.4582129],[5.5683629,52.4581949],[5.5683629,52.458177],[5.5683629,52.458159],[5.5683629,52.458141],[5.568363,52.4581231],[5.568363,52.4581051],[5.568363,52.4580871],[5.568363,52.4580691],[5.568363,52.4580512],[5.5683631,52.4580332],[5.5683631,52.4580152],[5.5683631,52.4579972],[5.5683631,52.4579793],[5.5683632,52.4579613],[5.5683632,52.4579433],[5.5683632,52.4579253],[5.5683632,52.4579074],[5.5683632,52.4578894],[5.5683633,52.4578714],[5.5683633,52.4578535],[5.5683633,52.4578355],[5.5683633,52.4578175],[5.5683633,52.4577995],[5.5683634,52.4577816],[5.5683634,52.4577636],[5.5683634,52.4577456],[5.5683634,52.4577276],[5.5683634,52.4577097],[5.5683635,52.4576917],[5.5683635,52.4576737],[5.5683635,52.4576557],[5.5683635,52.4576378],[5.5683636,52.4576198],[5.5683636,52.4576018],[5.5683636,52.4575839],[5.5683636,52.4575659],[5.5683636,52.4575479],[5.5683637,52.4575299],[5.5683637,52.457512],[5.5683637,52.457494],[5.5683637,52.457476],[5.5683637,52.457458],[5.5683638,52.4574401],[5.5683638,52.4574221],[5.5683638,52.4574041],[5.5683638,52.4573861],[5.5683638,52.4573682],[5.5683639,52.4573502],[5.5683639,52.4573322],[5.5683639,52.4573143],[5.5683639,52.4572963],[5.5683639,52.4572783],[5.568364,52.4572603],[5.568364,52.4572424],[5.568364,52.4572244],[5.568364,52.4572064],[5.5683641,52.4571884],[5.5683641,52.4571705],[5.5683641,52.4571525],[5.5683641,52.4571345],[5.5683641,52.4571165],[5.5683642,52.4570986],[5.5683642,52.4570806],[5.5683642,52.4570626],[5.5683642,52.4570447],[5.5683642,52.4570267],[5.5683643,52.4570087],[5.5683643,52.4569907],[5.5683643,52.4569728],[5.5683643,52.4569548],[5.5683643,52.4569368],[5.5683644,52.4569188],[5.5683644,52.4569009],[5.5683644,52.4568829],[5.5683644,52.4568649],[5.5683645,52.4568469],[5.5683645,52.456829],[5.5683645,52.456811],[5.5683645,52.456793],[5.5683645,52.4567751],[5.5683646,52.4567571],[5.5683646,52.4567391],[5.5683646,52.4567211],[5.5683646,52.4567032],[5.5683646,52.4566852],[5.5683647,52.4566672],[5.5683647,52.4566492],[5.5683647,52.4566313],[5.5683647,52.4566133],[5.5683647,52.4565953],[5.5683648,52.4565773],[5.5683648,52.4565594],[5.5683648,52.4565414],[5.5683648,52.4565234],[5.5683649,52.4565055],[5.5683649,52.4564875],[5.5683649,52.4564695],[5.5683649,52.4564515],[5.5683649,52.4564336],[5.568365,52.4564156],[5.568365,52.4563976],[5.568365,52.4563796],[5.568365,52.4563617],[5.568365,52.4563437],[5.5683651,52.4563257],[5.5683651,52.4563077],[5.5683651,52.4562898],[5.5683651,52.4562718],[5.5683651,52.4562538],[5.5683652,52.4562359],[5.5683652,52.4562179],[5.5683652,52.4561999],[5.5683652,52.4561819],[5.5683653,52.456164],[5.5683653,52.456146],[5.5683653,52.456128],[5.5683653,52.45611],[5.5683653,52.4560921],[5.5683654,52.4560741],[5.5683654,52.4560561],[5.5683654,52.4560381],[5.5683654,52.4560202],[5.5683654,52.4560022],[5.5683655,52.4559842],[5.5683655,52.4559663],[5.5683655,52.4559483],[5.5683655,52.4559303],[5.5683655,52.4559123],[5.5683656,52.4558944],[5.5683656,52.4558764],[5.5683656,52.4558584],[5.5683656,52.4558404],[5.5683657,52.4558225],[5.5683657,52.4558045],[5.5683657,52.4557865],[5.5683657,52.4557685],[5.5683657,52.4557506],[5.5683658,52.4557326],[5.5683658,52.4557146],[5.5683658,52.4556967],[5.5683658,52.4556787],[5.5683658,52.4556607],[5.5683659,52.4556427],[5.5683659,52.4556248],[5.5683659,52.4556068],[5.5683659,52.4555888],[5.5683659,52.4555708],[5.568366,52.4555529],[5.568366,52.4555349],[5.568366,52.4555169],[5.568366,52.4554989],[5.5683661,52.455481],[5.5683661,52.455463],[5.5683661,52.455445],[5.5683661,52.4554271],[5.5683661,52.4554091],[5.5683662,52.4553911],[5.5683662,52.4553731],[5.5683662,52.4553552],[5.5683662,52.4553372],[5.5683662,52.4553192],[5.5683663,52.4553012],[5.5683663,52.4552833],[5.5683663,52.4552653],[5.5683663,52.4552473],[5.5683663,52.4552293],[5.5683664,52.4552114],[5.5683664,52.4551934],[5.5683664,52.4551754],[5.5683664,52.4551575],[5.5683665,52.4551395],[5.5683665,52.4551215],[5.5683665,52.4551035],[5.5683665,52.4550856],[5.5683665,52.4550676],[5.5683666,52.4550496],[5.5683666,52.4550316],[5.5683666,52.4550137],[5.5683666,52.4549957],[5.5683666,52.4549777],[5.5683667,52.4549597],[5.5683667,52.4549418],[5.5683667,52.4549238],[5.5683667,52.4549058],[5.5683667,52.4548879],[5.5683668,52.4548699],[5.5683668,52.4548519],[5.5683668,52.4548339],[5.5683668,52.454816],[5.5683669,52.454798],[5.5683669,52.45478],[5.5683669,52.454762],[5.5683669,52.4547441],[5.5683669,52.4547261],[5.568367,52.4547081],[5.568367,52.4546901],[5.568367,52.4546722],[5.568367,52.4546542],[5.568367,52.4546362],[5.5683671,52.4546183],[5.5683671,52.4546003],[5.5683671,52.4545823],[5.5683671,52.4545643],[5.5683671,52.4545464],[5.5683672,52.4545284],[5.5683672,52.4545104],[5.5683672,52.4544924],[5.5683672,52.4544745],[5.5683673,52.4544565],[5.5683673,52.4544385],[5.5683673,52.4544205],[5.5683673,52.4544026],[5.5683673,52.4543846],[5.5683674,52.4543666],[5.5683674,52.4543487],[5.5683674,52.4543307],[5.5683674,52.4543127],[5.5683674,52.4542947],[5.5683675,52.4542768],[5.5683675,52.4542588],[5.5683675,52.4542408],[5.5683675,52.4542228],[5.5683675,52.4542049],[5.5683676,52.4541869],[5.5683676,52.4541689],[5.5683676,52.4541509],[5.5683676,52.454133],[5.5683676,52.454115],[5.5683677,52.454097],[5.5683677,52.4540791],[5.5683677,52.4540611],[5.5683677,52.4540431],[5.5683678,52.4540251],[5.5683678,52.4540072],[5.5683678,52.4539892],[5.5683678,52.4539712],[5.5683678,52.4539532],[5.5683679,52.4539353],[5.5683679,52.4539173],[5.5683679,52.4538993],[5.5683679,52.4538813],[5.5683679,52.4538634],[5.568368,52.4538454],[5.568368,52.4538274],[5.568368,52.4538095],[5.568368,52.4537915],[5.568368,52.4537735],[5.5683681,52.4537555],[5.5683681,52.4537376],[5.5683681,52.4537196],[5.5683681,52.4537016],[5.5683682,52.4536836],[5.5683682,52.4536657],[5.5683682,52.4536477],[5.5683682,52.4536297],[5.5683682,52.4536117],[5.5683683,52.4535938],[5.5683683,52.4535758],[5.5683683,52.4535578],[5.5683683,52.4535399],[5.5683683,52.4535219],[5.5683684,52.4535039],[5.5683684,52.4534859],[5.5683684,52.453468],[5.5683684,52.45345],[5.5683684,52.453432],[5.5683685,52.453414],[5.5683685,52.4533961],[5.5683685,52.4533781],[5.5683685,52.4533601],[5.5683686,52.4533421],[5.5683686,52.4533242],[5.5683686,52.4533062],[5.5683686,52.4532882],[5.5683686,52.4532703],[5.5683687,52.4532523],[5.5683687,52.4532343],[5.5683687,52.4532163],[5.5683687,52.4531984],[5.5683687,52.4531804],[5.5683688,52.4531624],[5.5683688,52.4531444],[5.5683688,52.4531265],[5.5683688,52.4531085],[5.5683688,52.4530905],[5.5683689,52.4530725],[5.5683689,52.4530546],[5.5683689,52.4530366],[5.5683689,52.4530186],[5.568369,52.4530007],[5.568369,52.4529827],[5.568369,52.4529647],[5.568369,52.4529467],[5.568369,52.4529288],[5.5683691,52.4529108],[5.5683691,52.4528928],[5.5683691,52.4528748],[5.5683691,52.4528569],[5.5683691,52.4528389],[5.5683692,52.4528209],[5.5683692,52.4528029],[5.5683692,52.452785],[5.5683692,52.452767],[5.5683692,52.452749],[5.5683693,52.4527311],[5.5683693,52.4527131],[5.5683693,52.4526951],[5.5683693,52.4526771],[5.5683694,52.4526592],[5.5683694,52.4526412],[5.5683694,52.4526232],[5.5683694,52.4526052],[5.5683694,52.4525873],[5.5683695,52.4525693],[5.5683695,52.4525513],[5.5683695,52.4525333],[5.5683695,52.4525154],[5.5683695,52.4524974],[5.5683696,52.4524794],[5.5683696,52.4524615],[5.5683696,52.4524435],[5.5683696,52.4524255],[5.5683696,52.4524075],[5.5683697,52.4523896],[5.5683697,52.4523716],[5.5683697,52.4523536],[5.5683697,52.4523356],[5.5683698,52.4523177],[5.5683698,52.4522997],[5.5683698,52.4522817],[5.5683698,52.4522637],[5.5683698,52.4522458],[5.5683699,52.4522278],[5.5683699,52.4522098],[5.5683699,52.4521919],[5.5683699,52.4521739],[5.5683699,52.4521559],[5.56837,52.4521379],[5.56837,52.45212],[5.56837,52.452102],[5.56837,52.452084],[5.56837,52.452066],[5.5683701,52.4520481],[5.5683701,52.4520301],[5.5683701,52.4520121],[5.5683701,52.4519941],[5.5683702,52.4519762],[5.5683702,52.4519582],[5.5683702,52.4519402],[5.5683702,52.4519223],[5.5683702,52.4519043],[5.5683703,52.4518863],[5.5683703,52.4518683],[5.5683703,52.4518504],[5.5683703,52.4518324],[5.5683703,52.4518144],[5.5683704,52.4517964],[5.5683704,52.4517785],[5.5683704,52.4517605],[5.5683704,52.4517425],[5.5683704,52.4517245],[5.5683705,52.4517066],[5.5683705,52.4516886],[5.5683705,52.4516706],[5.5683705,52.4516527],[5.5683706,52.4516347],[5.5683706,52.4516167],[5.5683706,52.4515987],[5.5683706,52.4515808],[5.5683706,52.4515628],[5.5683707,52.4515448],[5.5683707,52.4515268],[5.5683707,52.4515089],[5.5683707,52.4514909],[5.5683707,52.4514729],[5.5683708,52.4514549],[5.5683708,52.451437],[5.5683708,52.451419],[5.5683708,52.451401],[5.5683708,52.4513831],[5.5683709,52.4513651],[5.5683709,52.4513471],[5.5683709,52.4513291],[5.5683709,52.4513112],[5.5683709,52.4512932],[5.568371,52.4512752],[5.568371,52.4512572],[5.568371,52.4512393],[5.568371,52.4512213],[5.5683711,52.4512033],[5.5683711,52.4511853],[5.5683711,52.4511674],[5.5683711,52.4511494],[5.5683711,52.4511314],[5.5683712,52.4511135],[5.5683712,52.4510955],[5.5683712,52.4510775],[5.5683712,52.4510595],[5.5683712,52.4510416],[5.5683713,52.4510236],[5.5683713,52.4510056],[5.5683713,52.4509876],[5.5683713,52.4509697],[5.5683713,52.4509517],[5.5683714,52.4509337],[5.5683714,52.4509157],[5.5683714,52.4508978],[5.5683714,52.4508798],[5.5683715,52.4508618],[5.5683715,52.4508439],[5.5683715,52.4508259],[5.5683715,52.4508079],[5.5683715,52.4507899],[5.5683716,52.450772],[5.5683716,52.450754],[5.5683716,52.450736],[5.5683716,52.450718],[5.5683716,52.4507001],[5.5683717,52.4506821],[5.5683717,52.4506641],[5.5683717,52.4506461],[5.5683717,52.4506282],[5.5683717,52.4506102],[5.5683718,52.4505922],[5.5683718,52.4505743],[5.5683718,52.4505563],[5.5683718,52.4505383],[5.5683719,52.4505203],[5.5683719,52.4505024],[5.5683719,52.4504844],[5.5683719,52.4504664],[5.5683719,52.4504484],[5.568372,52.4504305],[5.568372,52.4504125],[5.568372,52.4503945],[5.568372,52.4503765],[5.568372,52.4503586],[5.5683721,52.4503406],[5.5683721,52.4503226],[5.5683721,52.4503047],[5.5683721,52.4502867],[5.5683721,52.4502687],[5.5683722,52.4502507],[5.5683722,52.4502328],[5.5683722,52.4502148],[5.5683722,52.4501968],[5.5683723,52.4501788],[5.5683723,52.4501609],[5.5683723,52.4501429],[5.5683723,52.4501249],[5.5683723,52.4501069],[5.5683724,52.450089],[5.5683724,52.450071],[5.5683724,52.450053],[5.5683724,52.4500351],[5.5683724,52.4500171],[5.5683725,52.4499991],[5.5683725,52.4499811],[5.5683725,52.4499632],[5.5683725,52.4499452],[5.5683725,52.4499272],[5.5683726,52.4499092],[5.5683726,52.4498913],[5.5683726,52.4498733],[5.5683726,52.4498553],[5.5683727,52.4498373],[5.5683727,52.4498194],[5.5683727,52.4498014],[5.5683727,52.4497834],[5.5683727,52.4497655],[5.5683728,52.4497475],[5.5683728,52.4497295],[5.5683728,52.4497115],[5.5683728,52.4496936],[5.5683728,52.4496756],[5.5683729,52.4496576],[5.5683729,52.4496396],[5.5683729,52.4496217],[5.5683729,52.4496037],[5.5683729,52.4495857],[5.568373,52.4495677],[5.568373,52.4495498],[5.568373,52.4495318],[5.568373,52.4495138],[5.5683731,52.4494959],[5.5683731,52.4494779],[5.5683731,52.4494599],[5.5683731,52.4494419],[5.5683731,52.449424],[5.5683732,52.449406],[5.5683732,52.449388],[5.5683732,52.44937],[5.5683732,52.4493521],[5.5683732,52.4493341],[5.5683733,52.4493161],[5.5683733,52.4492981],[5.5683733,52.4492802],[5.5683733,52.4492622],[5.5683733,52.4492442],[5.5683734,52.4492263],[5.5683734,52.4492083],[5.5683734,52.4491903],[5.5683734,52.4491723],[5.5683735,52.4491544],[5.5683735,52.4491364],[5.5683735,52.4491184],[5.5683735,52.4491004],[5.5683735,52.4490825],[5.5683736,52.4490645],[5.5683736,52.4490465],[5.5683736,52.4490285],[5.5683736,52.4490106],[5.5683736,52.4489926],[5.5683737,52.4489746],[5.5683737,52.4489567],[5.5683737,52.4489387],[5.5683737,52.4489207],[5.5683737,52.4489027],[5.5683738,52.4488848],[5.5683738,52.4488668],[5.5683738,52.4488488],[5.5683738,52.4488308],[5.5683738,52.4488129],[5.5683739,52.4487949],[5.5683739,52.4487769],[5.5683739,52.4487589],[5.5683739,52.448741],[5.568374,52.448723],[5.568374,52.448705],[5.568374,52.4486871],[5.568374,52.4486691],[5.568374,52.4486511],[5.5683741,52.4486331],[5.5683741,52.4486152],[5.5683741,52.4485972],[5.5683741,52.4485792],[5.5683741,52.4485612],[5.5683742,52.4485433],[5.5683742,52.4485253],[5.5683742,52.4485073],[5.5683742,52.4484893],[5.5683742,52.4484714],[5.5683743,52.4484534],[5.5683743,52.4484354],[5.5683743,52.4484175],[5.5683743,52.4483995],[5.5683744,52.4483815],[5.5683744,52.4483635],[5.5683744,52.4483456],[5.5683744,52.4483276],[5.5683744,52.4483096],[5.5683745,52.4482916],[5.5683745,52.4482737],[5.5683745,52.4482557],[5.5683745,52.4482377],[5.5683745,52.4482197],[5.5683746,52.4482018],[5.5683746,52.4481838],[5.5683746,52.4481658],[5.5683746,52.4481479],[5.5683746,52.4481299],[5.5683747,52.4481119],[5.5683747,52.4480939],[5.5683747,52.448076],[5.5683747,52.448058],[5.5683748,52.44804],[5.5683748,52.448022],[5.5683748,52.4480041],[5.5683748,52.4479861],[5.5683748,52.4479681],[5.5683749,52.4479501],[5.5683749,52.4479322],[5.5683749,52.4479142],[5.5683749,52.4478962],[5.5683749,52.4478783],[5.568375,52.4478603],[5.568375,52.4478423],[5.568375,52.4478243],[5.568375,52.4478064],[5.568375,52.4477884],[5.5683751,52.4477704],[5.5683751,52.4477524],[5.5683751,52.4477345],[5.5683751,52.4477165],[5.5683752,52.4476985],[5.5683752,52.4476805],[5.5683752,52.4476626],[5.5683752,52.4476446],[5.5683752,52.4476266],[5.5683753,52.4476087],[5.5683753,52.4475907],[5.5683753,52.4475727],[5.5683753,52.4475547],[5.5683753,52.4475368],[5.5683754,52.4475188],[5.5683754,52.4475008],[5.5683754,52.4474828],[5.5683754,52.4474649],[5.5683754,52.4474469],[5.5683755,52.4474289],[5.5683755,52.4474109],[5.5683755,52.447393],[5.5683755,52.447375],[5.5683756,52.447357],[5.5683756,52.4473391],[5.5683756,52.4473211],[5.5683756,52.4473031],[5.5683756,52.4472851],[5.5683757,52.4472672],[5.5683757,52.4472492],[5.5683757,52.4472312],[5.5683757,52.4472132],[5.5683757,52.4471953],[5.5683758,52.4471773],[5.5683758,52.4471593],[5.5683758,52.4471413],[5.5683758,52.4471234],[5.5683758,52.4471054],[5.5683759,52.4470874],[5.5683759,52.4470695],[5.5683759,52.4470515],[5.5683759,52.4470335],[5.568376,52.4470155],[5.568376,52.4469976],[5.568376,52.4469796],[5.568376,52.4469616],[5.568376,52.4469436],[5.5683761,52.4469257],[5.5683761,52.4469077],[5.5683761,52.4468897],[5.5683761,52.4468717],[5.5683761,52.4468538],[5.5683762,52.4468358],[5.5683762,52.4468178],[5.5683762,52.4467999],[5.5683762,52.4467819],[5.5683762,52.4467639],[5.5683763,52.4467459],[5.5683763,52.446728],[5.5683763,52.44671],[5.5683763,52.446692],[5.5683764,52.446674],[5.5683764,52.4466561],[5.5683764,52.4466381],[5.5683764,52.4466201],[5.5683764,52.4466021],[5.5683765,52.4465842],[5.5683765,52.4465662],[5.5683765,52.4465482],[5.5683765,52.4465303],[5.5683765,52.4465123],[5.5683766,52.4464943],[5.5683766,52.4464763],[5.5683766,52.4464584],[5.5683766,52.4464404],[5.5683766,52.4464224],[5.5683767,52.4464044],[5.5683767,52.4463865],[5.5683767,52.4463685],[5.5683767,52.4463505],[5.5683767,52.4463325],[5.5683768,52.4463146],[5.5683768,52.4462966],[5.5683768,52.4462786],[5.5683768,52.4462607],[5.5683769,52.4462427],[5.5683769,52.4462247],[5.5683769,52.4462067],[5.5683769,52.4461888],[5.5683769,52.4461708],[5.568377,52.4461528],[5.568377,52.4461348],[5.568377,52.4461169],[5.568377,52.4460989],[5.568377,52.4460809],[5.5683771,52.4460629],[5.5683771,52.446045],[5.5683771,52.446027],[5.5683771,52.446009],[5.5683771,52.4459911],[5.5683772,52.4459731],[5.5683772,52.4459551],[5.5683772,52.4459371],[5.5683772,52.4459192],[5.5683773,52.4459012],[5.5683773,52.4458832],[5.5683773,52.4458652],[5.5683773,52.4458473],[5.5683773,52.4458293],[5.5683774,52.4458113],[5.5683774,52.4457933],[5.5683774,52.4457754],[5.5683774,52.4457574],[5.5683774,52.4457394],[5.5683775,52.4457215],[5.5683775,52.4457035],[5.5683775,52.4456855],[5.5683775,52.4456675],[5.5683775,52.4456496],[5.5683776,52.4456316],[5.5683776,52.4456136],[5.5683776,52.4455956],[5.5683776,52.4455777],[5.5683777,52.4455597],[5.5683777,52.4455417],[5.5683777,52.4455237],[5.5683777,52.4455058],[5.5683777,52.4454878],[5.5683778,52.4454698],[5.5683778,52.4454519],[5.5683778,52.4454339],[5.5683778,52.4454159],[5.5683778,52.4453979],[5.5683779,52.44538],[5.5683779,52.445362],[5.5683779,52.445344],[5.5683779,52.445326],[5.5683779,52.4453081],[5.568378,52.4452901],[5.568378,52.4452721],[5.568378,52.4452541],[5.568378,52.4452362],[5.5683781,52.4452182],[5.5683781,52.4452002],[5.5683781,52.4451823],[5.5683781,52.4451643],[5.5683781,52.4451463],[5.5683782,52.4451283],[5.5683782,52.4451104],[5.5683782,52.4450924],[5.5683782,52.4450744],[5.5683782,52.4450564],[5.5683783,52.4450385],[5.5683783,52.4450205],[5.5683783,52.4450025],[5.5683783,52.4449845],[5.5683783,52.4449666],[5.5683784,52.4449486],[5.5683784,52.4449306],[5.5683784,52.4449127],[5.5683784,52.4448947],[5.5683785,52.4448767],[5.5683785,52.4448587],[5.5683785,52.4448408],[5.5683785,52.4448228],[5.5683785,52.4448048],[5.5683786,52.4447868],[5.5683786,52.4447689],[5.5683786,52.4447509],[5.5683786,52.4447329],[5.5683786,52.4447149],[5.5683787,52.444697],[5.5683787,52.444679],[5.5683787,52.444661],[5.5683787,52.4446431],[5.5683787,52.4446251],[5.5683788,52.4446071],[5.5683788,52.4445891],[5.5683788,52.4445712],[5.5683788,52.4445532],[5.5683789,52.4445352],[5.5683789,52.4445172],[5.5683789,52.4444993],[5.5683789,52.4444813],[5.5683789,52.4444633],[5.568379,52.4444453],[5.568379,52.4444274],[5.568379,52.4444094],[5.568379,52.4443914],[5.568379,52.4443735],[5.5683791,52.4443555],[5.5683791,52.4443375],[5.5683791,52.4443195],[5.5683791,52.4443016],[5.5683791,52.4442836],[5.5683792,52.4442656],[5.5683792,52.4442476],[5.5683792,52.4442297],[5.5683792,52.4442117],[5.5683792,52.4441937],[5.5683793,52.4441757],[5.5683793,52.4441578],[5.5683793,52.4441398],[5.5683793,52.4441218],[5.5683794,52.4441039],[5.5683794,52.4440859],[5.5683794,52.4440679],[5.5683794,52.4440499],[5.5683794,52.444032],[5.5683795,52.444014],[5.5683795,52.443996],[5.5683795,52.443978],[5.5683795,52.4439601],[5.5683795,52.4439421],[5.5683796,52.4439241],[5.5683796,52.4439061],[5.5683796,52.4438882],[5.5683796,52.4438702],[5.5683796,52.4438522],[5.5683797,52.4438343],[5.5683797,52.4438163],[5.5683797,52.4437983],[5.5683797,52.4437803],[5.5683798,52.4437624],[5.5683798,52.4437444],[5.5683798,52.4437264],[5.5683798,52.4437084],[5.5683798,52.4436905],[5.5683799,52.4436725],[5.5683799,52.4436545],[5.5683799,52.4436365],[5.5683799,52.4436186],[5.5683799,52.4436006],[5.56838,52.4435826],[5.56838,52.4435647],[5.56838,52.4435467],[5.56838,52.4435287],[5.56838,52.4435107],[5.5683801,52.4434928],[5.5683801,52.4434748],[5.5683801,52.4434568],[5.5683801,52.4434388],[5.5683802,52.4434209],[5.5683802,52.4434029],[5.5683802,52.4433849],[5.5683802,52.4433669],[5.5683802,52.443349],[5.5683803,52.443331],[5.5683803,52.443313],[5.5683803,52.4432951],[5.5683803,52.4432771],[5.5683803,52.4432591],[5.5683804,52.4432411],[5.5683804,52.4432232],[5.5683804,52.4432052],[5.5683804,52.4431872],[5.5683804,52.4431692],[5.5683805,52.4431513],[5.5683805,52.4431333],[5.5683805,52.4431153],[5.5683805,52.4430973],[5.5683806,52.4430794],[5.5683806,52.4430614],[5.5683806,52.4430434],[5.5683806,52.4430255],[5.5683806,52.4430075],[5.5683807,52.4429895],[5.5683807,52.4429715],[5.5683807,52.4429536],[5.5683807,52.4429356],[5.5683807,52.4429176],[5.5683808,52.4428996],[5.5683808,52.4428817],[5.5683808,52.4428637],[5.5683808,52.4428457],[5.5683808,52.4428277],[5.5683809,52.4428098],[5.5683809,52.4427918],[5.5683809,52.4427738],[5.5683809,52.4427558],[5.568381,52.4427379],[5.568381,52.4427199],[5.568381,52.4427019],[5.568381,52.442684],[5.568381,52.442666],[5.5683811,52.442648],[5.5683811,52.44263],[5.5683811,52.4426121],[5.5683811,52.4425941],[5.5683811,52.4425761],[5.5683812,52.4425581],[5.5683812,52.4425402],[5.5683812,52.4425222],[5.5683812,52.4425042],[5.5683812,52.4424862],[5.5683813,52.4424683],[5.5683813,52.4424503],[5.5683813,52.4424323],[5.5683813,52.4424144],[5.5683814,52.4423964],[5.5683814,52.4423784],[5.5683814,52.4423604],[5.5683814,52.4423425],[5.5683814,52.4423245],[5.5683815,52.4423065],[5.5683815,52.4422885],[5.5683815,52.4422706],[5.5683815,52.4422526],[5.5683815,52.4422346],[5.5683816,52.4422166],[5.5683816,52.4421987],[5.5683816,52.4421807],[5.5683816,52.4421627],[5.5683816,52.4421448],[5.5683817,52.4421268],[5.5683817,52.4421088],[5.5683817,52.4420908],[5.5683817,52.4420729],[5.5683817,52.4420549],[5.5683818,52.4420369],[5.5683818,52.4420189],[5.5683818,52.442001],[5.5683818,52.441983],[5.5683819,52.441965],[5.5683819,52.441947],[5.5683819,52.4419291],[5.5683819,52.4419111],[5.5683819,52.4418931],[5.568382,52.4418752],[5.568382,52.4418572],[5.568382,52.4418392],[5.568382,52.4418212],[5.568382,52.4418033],[5.5683821,52.4417853],[5.5683821,52.4417673],[5.5683821,52.4417493],[5.5683821,52.4417314],[5.5683821,52.4417134],[5.5683822,52.4416954],[5.5683822,52.4416774],[5.5683822,52.4416595],[5.5683822,52.4416415],[5.5683823,52.4416235],[5.5683823,52.4416056],[5.5683823,52.4415876],[5.5683823,52.4415696],[5.5683823,52.4415516],[5.5683824,52.4415337],[5.5683824,52.4415157],[5.5683824,52.4414977],[5.5683824,52.4414797],[5.5683824,52.4414618],[5.5683825,52.4414438],[5.5683825,52.4414258],[5.5683825,52.4414078],[5.5683825,52.4413899],[5.5683825,52.4413719],[5.5683826,52.4413539],[5.5683826,52.441336],[5.5683826,52.441318],[5.5683826,52.4413],[5.5683827,52.441282],[5.5683827,52.4412641],[5.5683827,52.4412461],[5.5683827,52.4412281],[5.5683827,52.4412101],[5.5683828,52.4411922],[5.5683828,52.4411742],[5.5683828,52.4411562],[5.5683828,52.4411382],[5.5683828,52.4411203],[5.5683829,52.4411023],[5.5683829,52.4410843],[5.5683829,52.4410664],[5.5683829,52.4410484],[5.5683829,52.4410304],[5.568383,52.4410124],[5.568383,52.4409945],[5.568383,52.4409765],[5.568383,52.4409585],[5.5683831,52.4409405],[5.5683831,52.4409226],[5.5683831,52.4409046],[5.5683831,52.4408866],[5.5683831,52.4408686],[5.5683832,52.4408507],[5.5683832,52.4408327],[5.5683832,52.4408147],[5.5683832,52.4407968],[5.5683832,52.4407788],[5.5683833,52.4407608],[5.5683833,52.4407428],[5.5683833,52.4407249],[5.5683833,52.4407069],[5.5683833,52.4406889],[5.5683834,52.4406709],[5.5683834,52.440653],[5.5683834,52.440635],[5.5683834,52.440617],[5.5683835,52.440599],[5.5683835,52.4405811],[5.5683835,52.4405631],[5.5683835,52.4405451],[5.5683835,52.4405272],[5.5683836,52.4405092],[5.5683836,52.4404912],[5.5683836,52.4404732],[5.5683836,52.4404553],[5.5683836,52.4404373],[5.5683837,52.4404193],[5.5683837,52.4404013],[5.5683837,52.4403834],[5.5683837,52.4403654],[5.5683837,52.4403474],[5.5683838,52.4403294],[5.5683838,52.4403115],[5.5683838,52.4402935],[5.5683838,52.4402755],[5.5683838,52.4402576],[5.5683839,52.4402396],[5.5683839,52.4402216],[5.5683839,52.4402036],[5.5683839,52.4401857],[5.568384,52.4401677],[5.568384,52.4401497],[5.568384,52.4401317],[5.568384,52.4401138],[5.568384,52.4400958],[5.5683841,52.4400778],[5.5683841,52.4400598],[5.5683841,52.4400419],[5.5683841,52.4400239],[5.5683841,52.4400059],[5.5683842,52.439988],[5.5683842,52.43997],[5.5683842,52.439952],[5.5683842,52.439934],[5.5683842,52.4399161],[5.5683843,52.4398981],[5.5683843,52.4398801],[5.5683843,52.4398621],[5.5683843,52.4398442],[5.5683844,52.4398262],[5.5683844,52.4398082],[5.5683844,52.4397902],[5.5683844,52.4397723],[5.5683844,52.4397543],[5.5683845,52.4397363],[5.5683845,52.4397184],[5.5683845,52.4397004],[5.5683845,52.4396824],[5.5683845,52.4396644],[5.5683846,52.4396465],[5.5683846,52.4396285],[5.5683846,52.4396105],[5.5683846,52.4395925],[5.5683846,52.4395746],[5.5683847,52.4395566],[5.5683847,52.4395386],[5.5683847,52.4395206],[5.5683847,52.4395027],[5.5683848,52.4394847],[5.5683848,52.4394667],[5.5683848,52.4394488],[5.5683848,52.4394308],[5.5683848,52.4394128],[5.5683849,52.4393948],[5.5683849,52.4393769],[5.5683849,52.4393589],[5.5683849,52.4393409],[5.5683849,52.4393229],[5.568385,52.439305],[5.568385,52.439287],[5.568385,52.439269],[5.568385,52.439251],[5.568385,52.4392331],[5.5683851,52.4392151],[5.5683851,52.4391971],[5.5683851,52.4391791],[5.5683851,52.4391612],[5.5683852,52.4391432],[5.5683852,52.4391252],[5.5683852,52.4391073],[5.5683852,52.4390893],[5.5683852,52.4390713],[5.5683853,52.4390533],[5.5683853,52.4390354],[5.5683853,52.4390174],[5.5683853,52.4389994],[5.5683853,52.4389814],[5.5683854,52.4389635],[5.5683854,52.4389455],[5.5683854,52.4389275],[5.5683854,52.4389095],[5.5683854,52.4388916],[5.5683855,52.4388736],[5.5683855,52.4388556],[5.5683855,52.4388377],[5.5683855,52.4388197],[5.5683856,52.4388017],[5.5683856,52.4387837],[5.5683856,52.4387658],[5.5683856,52.4387478],[5.5683856,52.4387298],[5.5683857,52.4387118],[5.5683857,52.4386939],[5.5683857,52.4386759],[5.5683857,52.4386579],[5.5683857,52.4386399],[5.5683858,52.438622],[5.5683858,52.438604],[5.5683858,52.438586],[5.5683858,52.4385681],[5.5683858,52.4385501],[5.5683859,52.4385321],[5.5683859,52.4385141],[5.5683859,52.4384962],[5.5683859,52.4384782],[5.5683859,52.4384602],[5.568386,52.4384422],[5.568386,52.4384243],[5.568386,52.4384063],[5.568386,52.4383883],[5.5683861,52.4383703],[5.5683861,52.4383524],[5.5683861,52.4383344],[5.5683861,52.4383164],[5.5683861,52.4382985],[5.5683862,52.4382805],[5.5683862,52.4382625],[5.5683862,52.4382445],[5.5683862,52.4382266],[5.5683862,52.4382086],[5.5683863,52.4381906],[5.5683863,52.4381726],[5.5683863,52.4381547],[5.5683863,52.4381367],[5.5683863,52.4381187],[5.5683864,52.4381007],[5.5683864,52.4380828],[5.5683864,52.4380648],[5.5683864,52.4380468],[5.5683865,52.4380289],[5.5683865,52.4380109],[5.5683865,52.4379929],[5.5683865,52.4379749],[5.5683865,52.437957],[5.5683866,52.437939],[5.5683866,52.437921],[5.5683866,52.437903],[5.5683866,52.4378851],[5.5683866,52.4378671],[5.5683867,52.4378491],[5.5683867,52.4378311],[5.5683867,52.4378132],[5.5683867,52.4377952],[5.5683867,52.4377772],[5.5683868,52.4377593],[5.5683868,52.4377413],[5.5683868,52.4377233],[5.5683868,52.4377053],[5.5683869,52.4376874],[5.5683869,52.4376694],[5.5683869,52.4376514],[5.5683869,52.4376334],[5.5683869,52.4376155],[5.568387,52.4375975],[5.568387,52.4375795],[5.568387,52.4375615],[5.568387,52.4375436],[5.568387,52.4375256],[5.5683871,52.4375076],[5.5683871,52.4374897],[5.5683871,52.4374717],[5.5683871,52.4374537],[5.5683871,52.4374357],[5.5683872,52.4374178],[5.5683872,52.4373998],[5.5683872,52.4373818],[5.5683872,52.4373638],[5.5683873,52.4373459],[5.5683873,52.4373279],[5.5683873,52.4373099],[5.5683873,52.4372919],[5.5683873,52.437274],[5.5683874,52.437256],[5.5683874,52.437238],[5.5683874,52.4372201],[5.5683874,52.4372021],[5.5683874,52.4371841],[5.5683875,52.4371661],[5.5683875,52.4371482],[5.5683875,52.4371302],[5.5683875,52.4371122],[5.5683875,52.4370942],[5.5683876,52.4370763],[5.5683876,52.4370583],[5.5683876,52.4370403],[5.5683876,52.4370223],[5.5683877,52.4370044],[5.5683877,52.4369864],[5.5683877,52.4369684],[5.5683877,52.4369505],[5.5683877,52.4369325],[5.5683878,52.4369145],[5.5683878,52.4368965],[5.5683878,52.4368786],[5.5683878,52.4368606],[5.5683878,52.4368426],[5.5683879,52.4368246],[5.5683879,52.4368067],[5.5683879,52.4367887],[5.5683879,52.4367707],[5.5683879,52.4367527],[5.568388,52.4367348],[5.568388,52.4367168],[5.568388,52.4366988],[5.568388,52.4366809],[5.568388,52.4366629],[5.5683881,52.4366449],[5.5683881,52.4366269],[5.5683881,52.436609],[5.5683881,52.436591],[5.5683882,52.436573],[5.5683882,52.436555],[5.5683882,52.4365371],[5.5683882,52.4365191],[5.5683882,52.4365011],[5.5683883,52.4364831],[5.5683883,52.4364652],[5.5683883,52.4364472],[5.5683883,52.4364292],[5.5683883,52.4364112],[5.5683884,52.4363933],[5.5683884,52.4363753],[5.5683884,52.4363573],[5.5683884,52.4363394],[5.5683884,52.4363214],[5.5683885,52.4363034],[5.5683885,52.4362854],[5.5683885,52.4362675],[5.5683885,52.4362495],[5.5683886,52.4362315],[5.5683886,52.4362135],[5.5683886,52.4361956],[5.5683886,52.4361776],[5.5683886,52.4361596],[5.5683887,52.4361416],[5.5683887,52.4361237],[5.5683887,52.4361057],[5.5683887,52.4360877],[5.5683887,52.4360698],[5.5683888,52.4360518],[5.5683888,52.4360338],[5.5683888,52.4360158],[5.5683888,52.4359979],[5.5683888,52.4359799],[5.5683889,52.4359619],[5.5683889,52.4359439],[5.5683889,52.435926],[5.5683889,52.435908],[5.568389,52.43589],[5.568389,52.435872],[5.568389,52.4358541],[5.568389,52.4358361],[5.568389,52.4358181],[5.5683891,52.4358002],[5.5683891,52.4357822],[5.5683891,52.4357642],[5.5683891,52.4357462],[5.5683891,52.4357283],[5.5683892,52.4357103],[5.5683892,52.4356923],[5.5683892,52.4356743],[5.5683892,52.4356564],[5.5683892,52.4356384],[5.5683893,52.4356204],[5.5683893,52.4356024],[5.5683893,52.4355845],[5.5683893,52.4355665],[5.5683894,52.4355485],[5.5683894,52.4355306],[5.5683894,52.4355126],[5.5683894,52.4354946],[5.5683894,52.4354766],[5.5683895,52.4354587],[5.5683895,52.4354407],[5.5683895,52.4354227],[5.5683895,52.4354047],[5.5683895,52.4353868],[5.5683896,52.4353688],[5.5683896,52.4353508],[5.5683896,52.4353328],[5.5683896,52.4353149],[5.5683896,52.4352969],[5.5683897,52.4352789],[5.5683897,52.435261],[5.5683897,52.435243],[5.5683897,52.435225],[5.5683898,52.435207],[5.5683898,52.4351891],[5.5683898,52.4351711],[5.5683898,52.4351531],[5.5683898,52.4351351],[5.5683899,52.4351172],[5.5683899,52.4350992],[5.5683899,52.4350812],[5.5683899,52.4350632],[5.5683899,52.4350453],[5.56839,52.4350273],[5.56839,52.4350093],[5.56839,52.4349914],[5.56839,52.4349734],[5.56839,52.4349554],[5.5683901,52.4349374],[5.5683901,52.4349195],[5.5683901,52.4349015],[5.5683901,52.4348835],[5.5683901,52.4348655],[5.5683902,52.4348476],[5.5683902,52.4348296],[5.5683902,52.4348116],[5.5683902,52.4347936],[5.5683903,52.4347757],[5.5683903,52.4347577],[5.5683903,52.4347397],[5.5683903,52.4347218],[5.5683903,52.4347038],[5.5683904,52.4346858],[5.5683904,52.4346678],[5.5683904,52.4346499],[5.5683904,52.4346319],[5.5683904,52.4346139],[5.5683905,52.4345959],[5.5683905,52.434578],[5.5683905,52.43456],[5.5683905,52.434542],[5.5683905,52.434524],[5.5683906,52.4345061],[5.5683906,52.4344881],[5.5683906,52.4344701],[5.5683906,52.4344522],[5.5683907,52.4344342],[5.5683907,52.4344162],[5.5683907,52.4343982],[5.5683907,52.4343803],[5.5683907,52.4343623],[5.5683908,52.4343443],[5.5683908,52.4343263],[5.5683908,52.4343084],[5.5683908,52.4342904],[5.5683908,52.4342724],[5.5683909,52.4342544],[5.5683909,52.4342365],[5.5683909,52.4342185],[5.5683909,52.4342005],[5.5683909,52.4341826],[5.568391,52.4341646],[5.568391,52.4341466],[5.568391,52.4341286],[5.568391,52.4341107],[5.5683911,52.4340927],[5.5683911,52.4340747],[5.5683911,52.4340567],[5.5683911,52.4340388],[5.5683911,52.4340208],[5.5683912,52.4340028],[5.5683912,52.4339848],[5.5683912,52.4339669],[5.5683912,52.4339489],[5.5683912,52.4339309],[5.5683913,52.4339129],[5.5683913,52.433895],[5.5683913,52.433877],[5.5683913,52.433859],[5.5683913,52.4338411],[5.5683914,52.4338231],[5.5683914,52.4338051],[5.5683914,52.4337871],[5.5683914,52.4337692],[5.5683915,52.4337512],[5.5683915,52.4337332],[5.5683915,52.4337152],[5.5683915,52.4336973],[5.5683915,52.4336793],[5.5683916,52.4336613],[5.5683916,52.4336433],[5.5683916,52.4336254],[5.5683916,52.4336074],[5.5683916,52.4335894],[5.5683917,52.4335715],[5.5683917,52.4335535],[5.5683917,52.4335355],[5.5683917,52.4335175],[5.5683917,52.4334996],[5.5683918,52.4334816],[5.5683918,52.4334636],[5.5683918,52.4334456],[5.5683918,52.4334277],[5.5683919,52.4334097],[5.5683919,52.4333917],[5.5683919,52.4333737],[5.5683919,52.4333558],[5.5683919,52.4333378],[5.568392,52.4333198],[5.568392,52.4333019],[5.568392,52.4332839],[5.568392,52.4332659],[5.568392,52.4332479],[5.5683921,52.43323],[5.5683921,52.433212],[5.5683921,52.433194],[5.5683921,52.433176],[5.5683921,52.4331581],[5.5683922,52.4331401],[5.5683922,52.4331221],[5.5683922,52.4331041],[5.5683922,52.4330862],[5.5683922,52.4330682],[5.5683923,52.4330502],[5.5683923,52.4330323],[5.5683923,52.4330143],[5.5683923,52.4329963],[5.5683924,52.4329783],[5.5683924,52.4329604],[5.5683924,52.4329424],[5.5683924,52.4329244],[5.5683924,52.4329064],[5.5683925,52.4328885],[5.5683925,52.4328705],[5.5683925,52.4328525],[5.5683925,52.4328345],[5.5683925,52.4328166],[5.5683926,52.4327986],[5.5683926,52.4327806],[5.5683926,52.4327627],[5.5683926,52.4327447],[5.5683926,52.4327267],[5.5683927,52.4327087],[5.5683927,52.4326908],[5.5683927,52.4326728],[5.5683927,52.4326548],[5.5683928,52.4326368],[5.5683928,52.4326189],[5.5683928,52.4326009],[5.5683928,52.4325829],[5.5683928,52.4325649],[5.5683929,52.432547],[5.5683929,52.432529],[5.5683929,52.432511],[5.5683929,52.4324931],[5.5683929,52.4324751],[5.568393,52.4324571],[5.568393,52.4324391],[5.568393,52.4324212],[5.568393,52.4324032],[5.568393,52.4323852],[5.5683931,52.4323672],[5.5683931,52.4323493],[5.5683931,52.4323313],[5.5683931,52.4323133],[5.5683932,52.4322953],[5.5683932,52.4322774],[5.5683932,52.4322594],[5.5683932,52.4322414],[5.5683932,52.4322235],[5.5683933,52.4322055],[5.5683933,52.4321875],[5.5683933,52.4321695],[5.5683933,52.4321516],[5.5683933,52.4321336],[5.5683934,52.4321156],[5.5683934,52.4320976],[5.5683934,52.4320797],[5.5683934,52.4320617],[5.5683934,52.4320437],[5.5683935,52.4320257],[5.5683935,52.4320078],[5.5683935,52.4319898],[5.5683935,52.4319718],[5.5683936,52.4319538],[5.5683936,52.4319359],[5.5683936,52.4319179],[5.5683936,52.4318999],[5.5683936,52.431882],[5.5683937,52.431864],[5.5683937,52.431846],[5.5683937,52.431828],[5.5683937,52.4318101],[5.5683937,52.4317921],[5.5683938,52.4317741],[5.5683938,52.4317561],[5.5683938,52.4317382],[5.5683938,52.4317202],[5.5683938,52.4317022],[5.5683939,52.4316842],[5.5683939,52.4316663],[5.5683939,52.4316483],[5.5683939,52.4316303],[5.5683939,52.4316124],[5.568394,52.4315944],[5.568394,52.4315764],[5.568394,52.4315584],[5.568394,52.4315405],[5.5683941,52.4315225],[5.5683941,52.4315045],[5.5683941,52.4314865],[5.5683941,52.4314686],[5.5683941,52.4314506],[5.5683942,52.4314326],[5.5683942,52.4314146],[5.5683942,52.4313967],[5.5683942,52.4313787],[5.5683942,52.4313607],[5.5683943,52.4313428],[5.5683943,52.4313248],[5.5683943,52.4313068],[5.5683943,52.4312888],[5.5683943,52.4312709],[5.5683944,52.4312529],[5.5683944,52.4312349],[5.5683944,52.4312169],[5.5683944,52.431199],[5.5683945,52.431181],[5.5683945,52.431163],[5.5683945,52.431145],[5.5683945,52.4311271],[5.5683945,52.4311091],[5.5683946,52.4310911],[5.5683946,52.4310732],[5.5683946,52.4310552],[5.5683946,52.4310372],[5.5683946,52.4310192],[5.5683947,52.4310013],[5.5683947,52.4309833],[5.5683947,52.4309653],[5.5683947,52.4309473],[5.5683947,52.4309294],[5.5683948,52.4309114],[5.5683948,52.4308934],[5.5683948,52.4308754],[5.5683948,52.4308575],[5.5683949,52.4308395],[5.5683949,52.4308215],[5.5683949,52.4308036],[5.5683949,52.4307856],[5.5683949,52.4307676],[5.568395,52.4307496],[5.568395,52.4307317],[5.568395,52.4307137],[5.568395,52.4306957],[5.568395,52.4306777],[5.5683951,52.4306598],[5.5683951,52.4306418],[5.5683951,52.4306238],[5.5683951,52.4306058],[5.5683951,52.4305879],[5.5683952,52.4305699],[5.5683952,52.4305519],[5.5683952,52.430534],[5.5683952,52.430516],[5.5683953,52.430498],[5.5683953,52.43048],[5.5683953,52.4304621],[5.5683953,52.4304441],[5.5683953,52.4304261],[5.5683954,52.4304081],[5.5683954,52.4303902],[5.5683954,52.4303722],[5.5683954,52.4303542],[5.5683954,52.4303362],[5.5683955,52.4303183],[5.5683955,52.4303003],[5.5683955,52.4302823],[5.5683955,52.4302644],[5.5683955,52.4302464],[5.5683956,52.4302284],[5.5683956,52.4302104],[5.5683956,52.4301925],[5.5683956,52.4301745],[5.5683957,52.4301565],[5.5683957,52.4301385],[5.5683957,52.4301206],[5.5683957,52.4301026],[5.5683957,52.4300846],[5.5683958,52.4300666],[5.5683958,52.4300487],[5.5683958,52.4300307],[5.5683958,52.4300127],[5.5683958,52.4299947],[5.5683959,52.4299768],[5.5683959,52.4299588],[5.5683959,52.4299408],[5.5683959,52.4299229],[5.5683959,52.4299049],[5.568396,52.4298869],[5.568396,52.4298689],[5.568396,52.429851],[5.568396,52.429833],[5.568396,52.429815],[5.5683961,52.429797],[5.5683961,52.4297791],[5.5683961,52.4297611],[5.5683961,52.4297431],[5.5683962,52.4297251],[5.5683962,52.4297072],[5.5683962,52.4296892],[5.5683962,52.4296712],[5.5683962,52.4296533],[5.5683963,52.4296353],[5.5683963,52.4296173],[5.5683963,52.4295993],[5.5683963,52.4295814],[5.5683963,52.4295634],[5.5683964,52.4295454],[5.5683964,52.4295274],[5.5683964,52.4295095],[5.5683964,52.4294915],[5.5683964,52.4294735],[5.5683965,52.4294555],[5.5683965,52.4294376],[5.5683965,52.4294196],[5.5683965,52.4294016],[5.5683966,52.4293837],[5.5683966,52.4293657],[5.5683966,52.4293477],[5.5683966,52.4293297],[5.5683966,52.4293118],[5.5683967,52.4292938],[5.5683967,52.4292758],[5.5683967,52.4292578],[5.5683967,52.4292399],[5.5683967,52.4292219],[5.5683968,52.4292039],[5.5683968,52.4291859],[5.5683968,52.429168],[5.5683968,52.42915],[5.5683968,52.429132],[5.5683969,52.4291141],[5.5683969,52.4290961],[5.5683969,52.4290781],[5.5683969,52.4290601],[5.568397,52.4290422],[5.568397,52.4290242],[5.568397,52.4290062],[5.568397,52.4289882],[5.568397,52.4289703],[5.5683971,52.4289523],[5.5683971,52.4289343],[5.5683971,52.4289163],[5.5683971,52.4288984],[5.5683971,52.4288804],[5.5683972,52.4288624],[5.5683972,52.4288445],[5.5683972,52.4288265],[5.5683972,52.4288085],[5.5683972,52.4287905],[5.5683973,52.4287726],[5.5683973,52.4287546],[5.5683973,52.4287366],[5.5683973,52.4287186],[5.5683974,52.4287007],[5.5683974,52.4286827],[5.5683974,52.4286647],[5.5683974,52.4286467],[5.5683974,52.4286288],[5.5683975,52.4286108],[5.5683975,52.4285928],[5.5683975,52.4285749],[5.5683975,52.4285569],[5.5683975,52.4285389],[5.5683976,52.4285209],[5.5683976,52.428503],[5.5683976,52.428485],[5.5683976,52.428467],[5.5683976,52.428449],[5.5683977,52.4284311],[5.5683977,52.4284131],[5.5683977,52.4283951],[5.5683977,52.4283771],[5.5683977,52.4283592],[5.5683978,52.4283412],[5.5683978,52.4283232],[5.5683978,52.4283052],[5.5683978,52.4282873],[5.5683979,52.4282693],[5.5683979,52.4282513],[5.5683979,52.4282334],[5.5683979,52.4282154],[5.5683979,52.4281974],[5.568398,52.4281794],[5.568398,52.4281615],[5.568398,52.4281435],[5.568398,52.4281255],[5.568398,52.4281075],[5.5683981,52.4280896],[5.5683981,52.4280716],[5.5683981,52.4280536],[5.5683981,52.4280356],[5.5683981,52.4280177],[5.5683982,52.4279997],[5.5683982,52.4279817],[5.5683982,52.4279638],[5.5683982,52.4279458],[5.5683983,52.4279278],[5.5683983,52.4279098],[5.5683983,52.4278919],[5.5683983,52.4278739],[5.5683983,52.4278559],[5.5683984,52.4278379],[5.5683984,52.42782],[5.5683984,52.427802],[5.5683984,52.427784],[5.5683984,52.427766],[5.5683985,52.4277481],[5.5683985,52.4277301],[5.5683985,52.4277121],[5.5683985,52.4276942],[5.5683985,52.4276762],[5.5683986,52.4276582],[5.5683986,52.4276402],[5.5683986,52.4276223],[5.5683986,52.4276043],[5.5683987,52.4275863],[5.5683987,52.4275683],[5.5683987,52.4275504],[5.5683987,52.4275324],[5.5683987,52.4275144],[5.5683988,52.4274964],[5.5683988,52.4274785],[5.5683988,52.4274605],[5.5683988,52.4274425],[5.5683988,52.4274246],[5.5683989,52.4274066],[5.5683989,52.4273886],[5.5683989,52.4273706],[5.5683989,52.4273527],[5.5683989,52.4273347],[5.568399,52.4273167],[5.568399,52.4272987],[5.568399,52.4272808],[5.568399,52.4272628],[5.5683991,52.4272448],[5.5683991,52.4272268],[5.5683991,52.4272089],[5.5683991,52.4271909],[5.5683991,52.4271729],[5.5683992,52.427155],[5.5683992,52.427137],[5.5683992,52.427119],[5.5683992,52.427101],[5.5683992,52.4270831],[5.5683993,52.4270651],[5.5683993,52.4270471],[5.5683993,52.4270291],[5.5683993,52.4270112],[5.5683993,52.4269932],[5.5683994,52.4269752],[5.5683994,52.4269572],[5.5683994,52.4269393],[5.5683994,52.4269213],[5.5683994,52.4269033],[5.5683995,52.4268854],[5.5683995,52.4268674],[5.5683995,52.4268494],[5.5683995,52.4268314],[5.5683996,52.4268135],[5.5683996,52.4267955],[5.5683996,52.4267775],[5.5683996,52.4267595],[5.5683996,52.4267416],[5.5683997,52.4267236],[5.5683997,52.4267056],[5.5683997,52.4266876],[5.5683997,52.4266697],[5.5683997,52.4266517],[5.5683998,52.4266337],[5.5683998,52.4266157],[5.5683998,52.4265978],[5.5683998,52.4265798],[5.5683998,52.4265618],[5.5683999,52.4265439],[5.5683999,52.4265259],[5.5683999,52.4265079],[5.5683999,52.4264899],[5.5684,52.426472],[5.5684,52.426454],[5.5684,52.426436],[5.5684,52.426418],[5.5684,52.4264001],[5.5684001,52.4263821],[5.5684001,52.4263641],[5.5684001,52.4263461],[5.5684001,52.4263282],[5.5684001,52.4263102],[5.5684002,52.4262922],[5.5684002,52.4262743],[5.5684002,52.4262563],[5.5684002,52.4262383],[5.5684002,52.4262203],[5.5684003,52.4262024],[5.5684003,52.4261844],[5.5684003,52.4261664],[5.5684003,52.4261484],[5.5684004,52.4261305],[5.5684004,52.4261125],[5.5684004,52.4260945],[5.5684004,52.4260765],[5.5684004,52.4260586],[5.5684005,52.4260406],[5.5684005,52.4260226],[5.5684005,52.4260047],[5.5684005,52.4259867],[5.5684005,52.4259687],[5.5684006,52.4259507],[5.5684006,52.4259328],[5.5684006,52.4259148],[5.5684006,52.4258968],[5.5684006,52.4258788],[5.5684007,52.4258609],[5.5684007,52.4258429],[5.5684007,52.4258249],[5.5684007,52.4258069],[5.5684008,52.425789],[5.5684008,52.425771],[5.5684008,52.425753],[5.5684008,52.4257351],[5.5684008,52.4257171],[5.5684009,52.4256991],[5.5684009,52.4256811],[5.5684009,52.4256632],[5.5684009,52.4256452],[5.5684009,52.4256272],[5.568401,52.4256092],[5.568401,52.4255913],[5.568401,52.4255733],[5.568401,52.4255553],[5.568401,52.4255373],[5.5684011,52.4255194],[5.5684011,52.4255014],[5.5684011,52.4254834],[5.5684011,52.4254655],[5.5684011,52.4254475],[5.5684012,52.4254295],[5.5684012,52.4254115],[5.5684012,52.4253936],[5.5684012,52.4253756],[5.5684013,52.4253576],[5.5684013,52.4253396],[5.5684013,52.4253217],[5.5684013,52.4253037],[5.5684013,52.4252857],[5.5684014,52.4252677],[5.5684014,52.4252498],[5.5684014,52.4252318],[5.5684014,52.4252138],[5.5684014,52.4251959],[5.5684015,52.4251779],[5.5684015,52.4251599],[5.5684015,52.4251419],[5.5684015,52.425124],[5.5684015,52.425106],[5.5684016,52.425088],[5.5684016,52.42507],[5.5684016,52.4250521],[5.5684016,52.4250341],[5.5684017,52.4250161],[5.5684017,52.4249981],[5.5684017,52.4249802],[5.5684017,52.4249622],[5.5684017,52.4249442],[5.5684018,52.4249262],[5.5684018,52.4249083],[5.5684018,52.4248903],[5.5684018,52.4248723],[5.5684018,52.4248544],[5.5684019,52.4248364],[5.5684019,52.4248184],[5.5684019,52.4248004],[5.5684019,52.4247825],[5.5684019,52.4247645],[5.568402,52.4247465],[5.568402,52.4247285],[5.568402,52.4247106],[5.568402,52.4246926],[5.5684021,52.4246746],[5.5684021,52.4246566],[5.5684021,52.4246387],[5.5684021,52.4246207],[5.5684021,52.4246027],[5.5684022,52.4245848],[5.5684022,52.4245668],[5.5684022,52.4245488],[5.5684022,52.4245308],[5.5684022,52.4245129],[5.5684023,52.4244949],[5.5684023,52.4244769],[5.5684023,52.4244589],[5.5684023,52.424441],[5.5684023,52.424423],[5.5684024,52.424405],[5.5684024,52.424387],[5.5684024,52.4243691],[5.5684024,52.4243511],[5.5684025,52.4243331],[5.5684025,52.4243152],[5.5684025,52.4242972],[5.5684025,52.4242792],[5.5684025,52.4242612],[5.5684026,52.4242433],[5.5684026,52.4242253],[5.5684026,52.4242073],[5.5684026,52.4241893],[5.5684026,52.4241714],[5.5684027,52.4241534],[5.5684027,52.4241354],[5.5684027,52.4241174],[5.5684027,52.4240995],[5.5684027,52.4240815],[5.5684028,52.4240635],[5.5684028,52.4240456],[5.5684028,52.4240276],[5.5684028,52.4240096],[5.5684028,52.4239916],[5.5684029,52.4239737],[5.5684029,52.4239557],[5.5684029,52.4239377],[5.5684029,52.4239197],[5.568403,52.4239018],[5.568403,52.4238838],[5.568403,52.4238658],[5.568403,52.4238478],[5.568403,52.4238299],[5.5684031,52.4238119],[5.5684031,52.4237939],[5.5684031,52.423776],[5.5684031,52.423758],[5.5684031,52.42374],[5.5684032,52.423722],[5.5684032,52.4237041],[5.5684032,52.4236861],[5.5684032,52.4236681],[5.5684032,52.4236501],[5.5684033,52.4236322],[5.5684033,52.4236142],[5.5684033,52.4235962],[5.5684033,52.4235782],[5.5684034,52.4235603],[5.5684034,52.4235423],[5.5684034,52.4235243],[5.5684034,52.4235063],[5.5684034,52.4234884],[5.5684035,52.4234704],[5.5684035,52.4234524],[5.5684035,52.4234345],[5.5684035,52.4234165],[5.5684035,52.4233985],[5.5684036,52.4233805],[5.5684036,52.4233626],[5.5684036,52.4233446],[5.5684036,52.4233266],[5.5684036,52.4233086],[5.5684037,52.4232907],[5.5684037,52.4232727],[5.5684037,52.4232547],[5.5684037,52.4232367],[5.5684038,52.4232188],[5.5684038,52.4232008],[5.5684038,52.4231828],[5.5684038,52.4231649],[5.5684038,52.4231469],[5.5684039,52.4231289],[5.5684039,52.4231109],[5.5684039,52.423093],[5.5684039,52.423075],[5.5684039,52.423057],[5.568404,52.423039],[5.568404,52.4230211],[5.568404,52.4230031],[5.568404,52.4229851],[5.568404,52.4229671],[5.5684041,52.4229492],[5.5684041,52.4229312],[5.5684041,52.4229132],[5.5684041,52.4228953],[5.5684041,52.4228773],[5.5684042,52.4228593],[5.5684042,52.4228413],[5.5684042,52.4228234],[5.5684042,52.4228054],[5.5684043,52.4227874],[5.5684043,52.4227694],[5.5684043,52.4227515],[5.5684043,52.4227335],[5.5684043,52.4227155],[5.5684044,52.4226975],[5.5684044,52.4226796],[5.5684044,52.4226616],[5.5684044,52.4226436],[5.5684044,52.4226257],[5.5684045,52.4226077],[5.5684045,52.4225897],[5.5684045,52.4225717],[5.5684045,52.4225538],[5.5684045,52.4225358],[5.5684046,52.4225178],[5.5684046,52.4224998],[5.5684046,52.4224819],[5.5684046,52.4224639],[5.5684047,52.4224459],[5.5684047,52.4224279],[5.5684047,52.42241],[5.5684047,52.422392],[5.5684047,52.422374],[5.5684048,52.422356],[5.5684048,52.4223381],[5.5684048,52.4223201],[5.5684048,52.4223021],[5.5684048,52.4222842],[5.5684049,52.4222662],[5.5684049,52.4222482],[5.5684049,52.4222302],[5.5684049,52.4222123],[5.5684049,52.4221943],[5.568405,52.4221763],[5.568405,52.4221583],[5.568405,52.4221404],[5.568405,52.4221224],[5.5684051,52.4221044],[5.5684051,52.4220864],[5.5684051,52.4220685],[5.5684051,52.4220505],[5.5684051,52.4220325],[5.5684052,52.4220146],[5.5684052,52.4219966],[5.5684052,52.4219786],[5.5684052,52.4219606],[5.5684052,52.4219427],[5.5684053,52.4219247],[5.5684053,52.4219067],[5.5684053,52.4218887],[5.5684053,52.4218708],[5.5684053,52.4218528],[5.5684054,52.4218348],[5.5684054,52.4218168],[5.5684054,52.4217989],[5.5684054,52.4217809],[5.5684055,52.4217629],[5.5684055,52.421745],[5.5684055,52.421727],[5.5684055,52.421709],[5.5684055,52.421691],[5.5684056,52.4216731],[5.5684056,52.4216551],[5.5684056,52.4216371],[5.5684056,52.4216191],[5.5684056,52.4216012],[5.5684057,52.4215832],[5.5684057,52.4215652],[5.5684057,52.4215472],[5.5684057,52.4215293],[5.5684057,52.4215113],[5.5684058,52.4214933],[5.5684058,52.4214754],[5.5684058,52.4214574],[5.5684058,52.4214394],[5.5684058,52.4214214],[5.5684059,52.4214035],[5.5684059,52.4213855],[5.5684059,52.4213675],[5.5684059,52.4213495],[5.568406,52.4213316],[5.568406,52.4213136],[5.568406,52.4212956],[5.568406,52.4212776],[5.568406,52.4212597],[5.5684061,52.4212417],[5.5684061,52.4212237],[5.5684061,52.4212058],[5.5684061,52.4211878],[5.5684061,52.4211698],[5.5684062,52.4211518],[5.5684062,52.4211339],[5.5684062,52.4211159],[5.5684062,52.4210979],[5.5684062,52.4210799],[5.5684063,52.421062],[5.5684063,52.421044],[5.5684063,52.421026],[5.5684063,52.421008],[5.5684064,52.4209901],[5.5684064,52.4209721],[5.5684064,52.4209541],[5.5684064,52.4209361],[5.5684064,52.4209182],[5.5684065,52.4209002],[5.5684065,52.4208822],[5.5684065,52.4208643],[5.5684065,52.4208463],[5.5684065,52.4208283],[5.5684066,52.4208103],[5.5684066,52.4207924],[5.5684066,52.4207744],[5.5684066,52.4207564],[5.5684066,52.4207384],[5.5684067,52.4207205],[5.5684067,52.4207025],[5.5684067,52.4206845],[5.5684067,52.4206665],[5.5684068,52.4206486],[5.5684068,52.4206306],[5.5684068,52.4206126],[5.5684068,52.4205947],[5.5684068,52.4205767],[5.5684069,52.4205587],[5.5684069,52.4205407],[5.5684069,52.4205228],[5.5684069,52.4205048],[5.5684069,52.4204868],[5.568407,52.4204688],[5.568407,52.4204509],[5.568407,52.4204329],[5.568407,52.4204149],[5.568407,52.4203969],[5.5684071,52.420379],[5.5684071,52.420361],[5.5684071,52.420343],[5.5684071,52.4203251],[5.5684071,52.4203071],[5.5684072,52.4202891],[5.5684072,52.4202711],[5.5684072,52.4202532],[5.5684072,52.4202352],[5.5684073,52.4202172],[5.5684073,52.4201992],[5.5684073,52.4201813],[5.5684073,52.4201633],[5.5684073,52.4201453],[5.5684074,52.4201273],[5.5684074,52.4201094],[5.5684074,52.4200914],[5.5684074,52.4200734],[5.5684074,52.4200555],[5.5684075,52.4200375],[5.5684075,52.4200195],[5.5684075,52.4200015],[5.5684075,52.4199836],[5.5684075,52.4199656],[5.5684076,52.4199476],[5.5684076,52.4199296],[5.5684076,52.4199117],[5.5684076,52.4198937],[5.5684077,52.4198757],[5.5684077,52.4198577],[5.5684077,52.4198398],[5.5684077,52.4198218],[5.5684077,52.4198038],[5.5684078,52.4197858],[5.5684078,52.4197679],[5.5684078,52.4197499],[5.5684078,52.4197319],[5.5684078,52.419714],[5.5684079,52.419696],[5.5684079,52.419678],[5.5684079,52.41966],[5.5684079,52.4196421],[5.5684079,52.4196241],[5.568408,52.4196061],[5.568408,52.4195881],[5.568408,52.4195702],[5.568408,52.4195522],[5.5684081,52.4195342],[5.5684081,52.4195162],[5.5684081,52.4194983],[5.5684081,52.4194803],[5.5684081,52.4194623],[5.5684082,52.4194444],[5.5684082,52.4194264],[5.5684082,52.4194084],[5.5684082,52.4193904],[5.5684082,52.4193725],[5.5684083,52.4193545],[5.5684083,52.4193365],[5.5684083,52.4193185],[5.5684083,52.4193006],[5.5684083,52.4192826],[5.5684084,52.4192646],[5.5684084,52.4192466],[5.5684084,52.4192287],[5.5684084,52.4192107],[5.5684085,52.4191927],[5.5684085,52.4191748],[5.5684085,52.4191568],[5.5684085,52.4191388],[5.5684085,52.4191208],[5.5684086,52.4191029],[5.5684086,52.4190849],[5.5684086,52.4190669],[5.5684086,52.4190489],[5.5684086,52.419031],[5.5684087,52.419013],[5.5684087,52.418995],[5.5684087,52.418977],[5.5684087,52.4189591],[5.5684087,52.4189411],[5.5684088,52.4189231],[5.5684088,52.4189052],[5.5684088,52.4188872],[5.5684088,52.4188692],[5.5684088,52.4188512],[5.5684089,52.4188333],[5.5684089,52.4188153],[5.5684089,52.4187973],[5.5684089,52.4187793],[5.568409,52.4187614],[5.568409,52.4187434],[5.568409,52.4187254],[5.568409,52.4187074],[5.568409,52.4186895],[5.5684091,52.4186715],[5.5684091,52.4186535],[5.5684091,52.4186356],[5.5684091,52.4186176],[5.5684091,52.4185996],[5.5684092,52.4185816],[5.5684092,52.4185637],[5.5684092,52.4185457],[5.5684092,52.4185277],[5.5684092,52.4185097],[5.5684093,52.4184918],[5.5684093,52.4184738],[5.5684093,52.4184558],[5.5684093,52.4184378],[5.5684094,52.4184199],[5.5684094,52.4184019],[5.5684094,52.4183839],[5.5684094,52.4183659],[5.5684094,52.418348],[5.5684095,52.41833],[5.5684095,52.418312],[5.5684095,52.4182941],[5.5684095,52.4182761],[5.5684095,52.4182581],[5.5684096,52.4182401],[5.5684096,52.4182222],[5.5684096,52.4182042],[5.5684096,52.4181862],[5.5684096,52.4181682],[5.5684097,52.4181503],[5.5684097,52.4181323],[5.5684097,52.4181143],[5.5684097,52.4180963],[5.5684098,52.4180784],[5.5684098,52.4180604],[5.5684098,52.4180424],[5.5684098,52.4180245],[5.5684098,52.4180065],[5.5684099,52.4179885],[5.5684099,52.4179705],[5.5684099,52.4179526],[5.5684099,52.4179346],[5.5684099,52.4179166],[5.56841,52.4178986],[5.56841,52.4178807],[5.56841,52.4178627],[5.56841,52.4178447],[5.56841,52.4178267],[5.5684101,52.4178088],[5.5684101,52.4177908],[5.5684101,52.4177728],[5.5684101,52.4177549],[5.5684101,52.4177369],[5.5684102,52.4177189],[5.5684102,52.4177009],[5.5684102,52.417683],[5.5684102,52.417665],[5.5684103,52.417647],[5.5684103,52.417629],[5.5684103,52.4176111],[5.5684103,52.4175931],[5.5684103,52.4175751],[5.5684104,52.4175571],[5.5684104,52.4175392],[5.5684104,52.4175212],[5.5684104,52.4175032],[5.5684104,52.4174853],[5.5684105,52.4174673],[5.5684105,52.4174493],[5.5684105,52.4174313],[5.5684105,52.4174134],[5.5684105,52.4173954],[5.5684106,52.4173774],[5.5684106,52.4173594],[5.5684106,52.4173415],[5.5684106,52.4173235],[5.5684107,52.4173055],[5.5684107,52.4172875],[5.5684107,52.4172696],[5.5684107,52.4172516],[5.5684107,52.4172336],[5.5684108,52.4172156],[5.5684108,52.4171977],[5.5684108,52.4171797],[5.5684108,52.4171617],[5.5684108,52.4171438],[5.5684109,52.4171258],[5.5684109,52.4171078],[5.5684109,52.4170898],[5.5684109,52.4170719],[5.5684109,52.4170539],[5.568411,52.4170359],[5.568411,52.4170179],[5.568411,52.417],[5.568411,52.416982],[5.5684111,52.416964],[5.5684111,52.416946],[5.5684111,52.4169281],[5.5684111,52.4169101],[5.5684111,52.4168921],[5.5684112,52.4168742],[5.5684112,52.4168562],[5.5684112,52.4168382],[5.5684112,52.4168202],[5.5684112,52.4168023],[5.5684113,52.4167843],[5.5684113,52.4167663],[5.5684113,52.4167483],[5.5684113,52.4167304],[5.5684113,52.4167124],[5.5684114,52.4166944],[5.5684114,52.4166764],[5.5684114,52.4166585],[5.5684114,52.4166405],[5.5684115,52.4166225],[5.5684115,52.4166046],[5.5684115,52.4165866],[5.5684115,52.4165686],[5.5684115,52.4165506],[5.5684116,52.4165327],[5.5684116,52.4165147],[5.5684116,52.4164967],[5.5684116,52.4164787],[5.5684116,52.4164608],[5.5684117,52.4164428],[5.5684117,52.4164248],[5.5684117,52.4164068],[5.5684117,52.4163889],[5.5684117,52.4163709],[5.5684118,52.4163529],[5.5684118,52.416335],[5.5684118,52.416317],[5.5684118,52.416299],[5.5684118,52.416281],[5.5684119,52.4162631],[5.5684119,52.4162451],[5.5684119,52.4162271],[5.5684119,52.4162091],[5.568412,52.4161912],[5.568412,52.4161732],[5.568412,52.4161552],[5.568412,52.4161372],[5.568412,52.4161193],[5.5684121,52.4161013],[5.5684121,52.4160833],[5.5684121,52.4160653],[5.5684121,52.4160474],[5.5684121,52.4160294],[5.5684122,52.4160114],[5.5684122,52.4159935],[5.5684122,52.4159755],[5.5684122,52.4159575],[5.5684122,52.4159395],[5.5684123,52.4159216],[5.5684123,52.4159036],[5.5684123,52.4158856],[5.5684123,52.4158676],[5.5684124,52.4158497],[5.5684124,52.4158317],[5.5684124,52.4158137],[5.5684124,52.4157957],[5.5684124,52.4157778],[5.5684125,52.4157598],[5.5684125,52.4157418],[5.5684125,52.4157239],[5.5684125,52.4157059],[5.5684125,52.4156879],[5.5684126,52.4156699],[5.5684126,52.415652],[5.5684126,52.415634],[5.5684126,52.415616],[5.5684126,52.415598],[5.5684127,52.4155801],[5.5684127,52.4155621],[5.5684127,52.4155441],[5.5684127,52.4155261],[5.5684128,52.4155082],[5.5684128,52.4154902],[5.5684128,52.4154722],[5.5684128,52.4154543],[5.5684128,52.4154363],[5.5684129,52.4154183],[5.5684129,52.4154003],[5.5684129,52.4153824],[5.5684129,52.4153644],[5.5684129,52.4153464],[5.568413,52.4153284],[5.568413,52.4153105],[5.568413,52.4152925],[5.568413,52.4152745],[5.568413,52.4152565],[5.5684131,52.4152386],[5.5684131,52.4152206],[5.5684131,52.4152026],[5.5684131,52.4151846],[5.5684131,52.4151667],[5.5684132,52.4151487],[5.5684132,52.4151307],[5.5684132,52.4151128],[5.5684132,52.4150948],[5.5684133,52.4150768],[5.5684133,52.4150588],[5.5684133,52.4150409],[5.5684133,52.4150229],[5.5684133,52.4150049],[5.5684134,52.4149869],[5.5684134,52.414969],[5.5684134,52.414951],[5.5684134,52.414933],[5.5684134,52.414915],[5.5684135,52.4148971],[5.5684135,52.4148791],[5.5684135,52.4148611],[5.5684135,52.4148432],[5.5684135,52.4148252],[5.5684136,52.4148072],[5.5684136,52.4147892],[5.5684136,52.4147713],[5.5684136,52.4147533],[5.5684137,52.4147353],[5.5684137,52.4147173],[5.5684137,52.4146994],[5.5684137,52.4146814],[5.5684137,52.4146634],[5.5684138,52.4146454],[5.5684138,52.4146275],[5.5684138,52.4146095],[5.5684138,52.4145915],[5.5684138,52.4145736],[5.5684139,52.4145556],[5.5684139,52.4145376],[5.5684139,52.4145196],[5.5684139,52.4145017],[5.5684139,52.4144837],[5.568414,52.4144657],[5.568414,52.4144477],[5.568414,52.4144298],[5.568414,52.4144118],[5.5684141,52.4143938],[5.5684141,52.4143758],[5.5684141,52.4143579],[5.5684141,52.4143399],[5.5684141,52.4143219],[5.5684142,52.414304],[5.5684142,52.414286],[5.5684142,52.414268],[5.5684142,52.41425],[5.5684142,52.4142321],[5.5684143,52.4142141],[5.5684143,52.4141961],[5.5684143,52.4141781],[5.5684143,52.4141602],[5.5684143,52.4141422],[5.5684144,52.4141242],[5.5684144,52.4141062],[5.5684144,52.4140883],[5.5684144,52.4140703],[5.5684144,52.4140523],[5.5684145,52.4140343],[5.5684145,52.4140164],[5.5684145,52.4139984],[5.5684145,52.4139804],[5.5684146,52.4139625],[5.5684146,52.4139445],[5.5684146,52.4139265],[5.5684146,52.4139085],[5.5684146,52.4138906],[5.5684147,52.4138726],[5.5684147,52.4138546],[5.5684147,52.4138366],[5.5684147,52.4138187],[5.5684147,52.4138007],[5.5684148,52.4137827],[5.5684148,52.4137647],[5.5684148,52.4137468],[5.5684148,52.4137288],[5.5684148,52.4137108],[5.5684149,52.4136929],[5.5684149,52.4136749],[5.5684149,52.4136569],[5.5684149,52.4136389],[5.568415,52.413621],[5.568415,52.413603],[5.568415,52.413585],[5.568415,52.413567],[5.568415,52.4135491],[5.5684151,52.4135311],[5.5684151,52.4135131],[5.5684151,52.4134951],[5.5684151,52.4134772],[5.5684151,52.4134592],[5.5684152,52.4134412],[5.5684152,52.4134233],[5.5684152,52.4134053],[5.5684152,52.4133873],[5.5684152,52.4133693],[5.5684153,52.4133514],[5.5684153,52.4133334],[5.5684153,52.4133154],[5.5684153,52.4132974],[5.5684154,52.4132795],[5.5684154,52.4132615],[5.5684154,52.4132435],[5.5684154,52.4132255],[5.5684154,52.4132076],[5.5684155,52.4131896],[5.5684155,52.4131716],[5.5684155,52.4131537],[5.5684155,52.4131357],[5.5684155,52.4131177],[5.5684156,52.4130997],[5.5684156,52.4130818],[5.5684156,52.4130638],[5.5684156,52.4130458],[5.5684156,52.4130278],[5.5684157,52.4130099],[5.5684157,52.4129919],[5.5684157,52.4129739],[5.5684157,52.4129559],[5.5684157,52.412938],[5.5684158,52.41292],[5.5684158,52.412902],[5.5684158,52.412884],[5.5684158,52.4128661],[5.5684159,52.4128481],[5.5684159,52.4128301],[5.5684159,52.4128122],[5.5684159,52.4127942],[5.5684159,52.4127762],[5.568416,52.4127582],[5.568416,52.4127403],[5.568416,52.4127223],[5.568416,52.4127043],[5.568416,52.4126863],[5.5684161,52.4126684],[5.5684161,52.4126504],[5.5684161,52.4126324],[5.5684161,52.4126144],[5.5684161,52.4125965],[5.5684162,52.4125785],[5.5684162,52.4125605],[5.5684162,52.4125426],[5.5684162,52.4125246],[5.5684163,52.4125066],[5.5684163,52.4124886],[5.5684163,52.4124707],[5.5684163,52.4124527],[5.5684163,52.4124347],[5.5684164,52.4124167],[5.5684164,52.4123988],[5.5684164,52.4123808],[5.5684164,52.4123628],[5.5684164,52.4123448],[5.5684165,52.4123269],[5.5684165,52.4123089],[5.5684165,52.4122909],[5.5684165,52.412273],[5.5684165,52.412255],[5.5684166,52.412237],[5.5684166,52.412219],[5.5684166,52.4122011],[5.5684166,52.4121831],[5.5684167,52.4121651],[5.5684167,52.4121471],[5.5684167,52.4121292],[5.5684167,52.4121112],[5.5684167,52.4120932],[5.5684168,52.4120752],[5.5684168,52.4120573],[5.5684168,52.4120393],[5.5684168,52.4120213],[5.5684168,52.4120033],[5.5684169,52.4119854],[5.5684169,52.4119674],[5.5684169,52.4119494],[5.5684169,52.4119315],[5.5684169,52.4119135],[5.568417,52.4118955],[5.568417,52.4118775],[5.568417,52.4118596],[5.568417,52.4118416],[5.568417,52.4118236],[5.5684171,52.4118056],[5.5684171,52.4117877],[5.5684171,52.4117697],[5.5684171,52.4117517],[5.5684172,52.4117337],[5.5684172,52.4117158],[5.5684172,52.4116978],[5.5684172,52.4116798],[5.5684172,52.4116619],[5.5684173,52.4116439],[5.5684173,52.4116259],[5.5684173,52.4116079],[5.5684173,52.41159],[5.5684173,52.411572],[5.5684174,52.411554],[5.5684174,52.411536],[5.5684174,52.4115181],[5.5684174,52.4115001],[5.5684174,52.4114821],[5.5684175,52.4114641],[5.5684175,52.4114462],[5.5684175,52.4114282],[5.5684175,52.4114102],[5.5684176,52.4113923],[5.5684176,52.4113743],[5.5684176,52.4113563],[5.5684176,52.4113383],[5.5684176,52.4113204],[5.5684177,52.4113024],[5.5684177,52.4112844],[5.5684177,52.4112664],[5.5684177,52.4112485],[5.5684177,52.4112305],[5.5684178,52.4112125],[5.5684178,52.4111945],[5.5684178,52.4111766],[5.5684178,52.4111586],[5.5684178,52.4111406],[5.5684179,52.4111226],[5.5684179,52.4111047],[5.5684179,52.4110867],[5.5684179,52.4110687],[5.568418,52.4110508],[5.568418,52.4110328],[5.568418,52.4110148],[5.568418,52.4109968],[5.568418,52.4109789],[5.5684181,52.4109609],[5.5684181,52.4109429],[5.5684181,52.4109249],[5.5684181,52.410907],[5.5684181,52.410889],[5.5684182,52.410871],[5.5684182,52.410853],[5.5684182,52.4108351],[5.5684182,52.4108171],[5.5684182,52.4107991],[5.5684183,52.4107812],[5.5684183,52.4107632],[5.5684183,52.4107452],[5.5684183,52.4107272],[5.5684183,52.4107093],[5.5684184,52.4106913],[5.5684184,52.4106733],[5.5684184,52.4106553],[5.5684184,52.4106374],[5.5684185,52.4106194],[5.5684185,52.4106014],[5.5684185,52.4105834],[5.5684185,52.4105655],[5.5684185,52.4105475],[5.5684186,52.4105295],[5.5684186,52.4105116],[5.5684186,52.4104936],[5.5684186,52.4104756],[5.5684186,52.4104576],[5.5684187,52.4104397],[5.5684187,52.4104217],[5.5684187,52.4104037],[5.5684187,52.4103857],[5.5684187,52.4103678],[5.5684188,52.4103498],[5.5684188,52.4103318],[5.5684188,52.4103138],[5.5684188,52.4102959],[5.5684189,52.4102779],[5.5684189,52.4102599],[5.5684189,52.410242],[5.5684189,52.410224],[5.5684189,52.410206],[5.568419,52.410188],[5.568419,52.4101701],[5.568419,52.4101521],[5.568419,52.4101341],[5.568419,52.4101161],[5.5684191,52.4100982],[5.5684191,52.4100802],[5.5684191,52.4100622],[5.5684191,52.4100442],[5.5684191,52.4100263],[5.5684192,52.4100083],[5.5684192,52.4099903],[5.5684192,52.4099723],[5.5684192,52.4099544],[5.5684193,52.4099364],[5.5684193,52.4099184],[5.5684193,52.4099005],[5.5684193,52.4098825],[5.5684193,52.4098645],[5.5684194,52.4098465],[5.5684194,52.4098286],[5.5684194,52.4098106],[5.5684194,52.4097926],[5.5684194,52.4097746],[5.5684195,52.4097567],[5.5684195,52.4097387],[5.5684195,52.4097207],[5.5684195,52.4097027],[5.5684195,52.4096848],[5.5684196,52.4096668],[5.5684196,52.4096488],[5.5684196,52.4096309],[5.5684196,52.4096129],[5.5684196,52.4095949],[5.5684197,52.4095769],[5.5684197,52.409559],[5.5684197,52.409541],[5.5684197,52.409523],[5.5684198,52.409505],[5.5684198,52.4094871],[5.5684198,52.4094691],[5.5684198,52.4094511],[5.5684198,52.4094331],[5.5684199,52.4094152],[5.5684199,52.4093972],[5.5684199,52.4093792],[5.5684199,52.4093613],[5.5684199,52.4093433],[5.56842,52.4093253],[5.56842,52.4093073],[5.56842,52.4092894],[5.56842,52.4092714],[5.56842,52.4092534],[5.5684201,52.4092354],[5.5684201,52.4092175],[5.5684201,52.4091995],[5.5684201,52.4091815],[5.5684202,52.4091635],[5.5684202,52.4091456],[5.5684202,52.4091276],[5.5684202,52.4091096],[5.5684202,52.4090916],[5.5684203,52.4090737],[5.5684203,52.4090557],[5.5684203,52.4090377],[5.5684203,52.4090198],[5.5684203,52.4090018],[5.5684204,52.4089838],[5.5684204,52.4089658],[5.5684204,52.4089479],[5.5684204,52.4089299],[5.5684204,52.4089119],[5.5684205,52.4088939],[5.5684205,52.408876],[5.5684205,52.408858],[5.5684205,52.40884],[5.5684206,52.408822],[5.5684206,52.4088041],[5.5684206,52.4087861],[5.5684206,52.4087681],[5.5684206,52.4087502],[5.5684207,52.4087322],[5.5684207,52.4087142],[5.5684207,52.4086962],[5.5684207,52.4086783],[5.5684207,52.4086603],[5.5684208,52.4086423],[5.5684208,52.4086243],[5.5684208,52.4086064],[5.5684208,52.4085884],[5.5684208,52.4085704],[5.5684209,52.4085524],[5.5684209,52.4085345],[5.5684209,52.4085165],[5.5684209,52.4084985],[5.5684209,52.4084806],[5.568421,52.4084626],[5.568421,52.4084446],[5.568421,52.4084266],[5.568421,52.4084087],[5.5684211,52.4083907],[5.5684211,52.4083727],[5.5684211,52.4083547],[5.5684211,52.4083368],[5.5684211,52.4083188],[5.5684212,52.4083008],[5.5684212,52.4082828],[5.5684212,52.4082649],[5.5684212,52.4082469],[5.5684212,52.4082289],[5.5684213,52.4082109],[5.5684213,52.408193],[5.5684213,52.408175],[5.5684213,52.408157],[5.5684213,52.4081391],[5.5684214,52.4081211],[5.5684214,52.4081031],[5.5684214,52.4080851],[5.5684214,52.4080672],[5.5684215,52.4080492],[5.5684215,52.4080312],[5.5684215,52.4080132],[5.5684215,52.4079953],[5.5684215,52.4079773],[5.5684216,52.4079593],[5.5684216,52.4079413],[5.5684216,52.4079234],[5.5684216,52.4079054],[5.5684216,52.4078874],[5.5684217,52.4078695],[5.5684217,52.4078515],[5.5684217,52.4078335],[5.5684217,52.4078155],[5.5684217,52.4077976],[5.5684218,52.4077796],[5.5684218,52.4077616],[5.5684218,52.4077436],[5.5684218,52.4077257],[5.5684219,52.4077077],[5.5684219,52.4076897],[5.5684219,52.4076717],[5.5684219,52.4076538],[5.5684219,52.4076358],[5.568422,52.4076178],[5.568422,52.4075999],[5.568422,52.4075819],[5.568422,52.4075639],[5.568422,52.4075459],[5.5684221,52.407528],[5.5684221,52.40751],[5.5684221,52.407492],[5.5684221,52.407474],[5.5684221,52.4074561],[5.5684222,52.4074381],[5.5684222,52.4074201],[5.5684222,52.4074021],[5.5684222,52.4073842],[5.5684222,52.4073662],[5.5684223,52.4073482],[5.5684223,52.4073302],[5.5684223,52.4073123],[5.5684223,52.4072943],[5.5684224,52.4072763],[5.5684224,52.4072584],[5.5684224,52.4072404],[5.5684224,52.4072224],[5.5684224,52.4072044],[5.5684225,52.4071865],[5.5684225,52.4071685],[5.5684225,52.4071505],[5.5684225,52.4071325],[5.5684225,52.4071146],[5.5684226,52.4070966],[5.5684226,52.4070786],[5.5684226,52.4070606],[5.5684226,52.4070427],[5.5684226,52.4070247],[5.5684227,52.4070067],[5.5684227,52.4069888],[5.5684227,52.4069708],[5.5684227,52.4069528],[5.5684228,52.4069348],[5.5684228,52.4069169],[5.5684228,52.4068989],[5.5684228,52.4068809],[5.5684228,52.4068629],[5.5684229,52.406845],[5.5684229,52.406827],[5.5684229,52.406809],[5.5684229,52.406791],[5.5684229,52.4067731],[5.568423,52.4067551],[5.568423,52.4067371],[5.568423,52.4067192],[5.568423,52.4067012],[5.568423,52.4066832],[5.5684231,52.4066652],[5.5684231,52.4066473],[5.5684231,52.4066293],[5.5684231,52.4066113],[5.5684232,52.4065933],[5.5684232,52.4065754],[5.5684232,52.4065574],[5.5684232,52.4065394],[5.5684232,52.4065214],[5.5684233,52.4065035],[5.5684233,52.4064855],[5.5684233,52.4064675],[5.5684233,52.4064495],[5.5684233,52.4064316],[5.5684234,52.4064136],[5.5684234,52.4063956],[5.5684234,52.4063777],[5.5684234,52.4063597],[5.5684234,52.4063417],[5.5684235,52.4063237],[5.5684235,52.4063058],[5.5684235,52.4062878],[5.5684235,52.4062698],[5.5684235,52.4062518],[5.5684236,52.4062339],[5.5684236,52.4062159],[5.5684236,52.4061979],[5.5684236,52.4061799],[5.5684237,52.406162],[5.5684237,52.406144],[5.5684237,52.406126],[5.5684237,52.4061081],[5.5684237,52.4060901],[5.5684238,52.4060721],[5.5684238,52.4060541],[5.5684238,52.4060362],[5.5684238,52.4060182],[5.5684238,52.4060002],[5.5684239,52.4059822],[5.5684239,52.4059643],[5.5684239,52.4059463],[5.5684239,52.4059283],[5.5684239,52.4059103],[5.568424,52.4058924],[5.568424,52.4058744],[5.568424,52.4058564],[5.568424,52.4058385],[5.5684241,52.4058205],[5.5684241,52.4058025],[5.5684241,52.4057845],[5.5684241,52.4057666],[5.5684241,52.4057486],[5.5684242,52.4057306],[5.5684242,52.4057126],[5.5684242,52.4056947],[5.5684242,52.4056767],[5.5684242,52.4056587],[5.5684243,52.4056407],[5.5684243,52.4056228],[5.5684243,52.4056048],[5.5684243,52.4055868],[5.5684243,52.4055688],[5.5684244,52.4055509],[5.5684244,52.4055329],[5.5684244,52.4055149],[5.5684244,52.405497],[5.5684244,52.405479],[5.5684245,52.405461],[5.5684245,52.405443],[5.5684245,52.4054251],[5.5684245,52.4054071],[5.5684246,52.4053891],[5.5684246,52.4053711],[5.5684246,52.4053532],[5.5684246,52.4053352],[5.5684246,52.4053172],[5.5684247,52.4052992],[5.5684247,52.4052813],[5.5684247,52.4052633],[5.5684247,52.4052453],[5.5684247,52.4052274],[5.5684248,52.4052094],[5.5684248,52.4051914],[5.5684248,52.4051734],[5.5684248,52.4051555],[5.5684248,52.4051375],[5.5684249,52.4051195],[5.5684249,52.4051015],[5.5684249,52.4050836],[5.5684249,52.4050656],[5.568425,52.4050476],[5.568425,52.4050296],[5.568425,52.4050117],[5.568425,52.4049937],[5.568425,52.4049757],[5.5684251,52.4049578],[5.5684251,52.4049398],[5.5684251,52.4049218],[5.5684251,52.4049038],[5.5684251,52.4048859],[5.5684252,52.4048679],[5.5684252,52.4048499],[5.5684252,52.4048319],[5.5684252,52.404814],[5.5684252,52.404796],[5.5684253,52.404778],[5.5684253,52.40476],[5.5684253,52.4047421],[5.5684253,52.4047241],[5.5684254,52.4047061],[5.5684254,52.4046881],[5.5684254,52.4046702],[5.5684254,52.4046522],[5.5684254,52.4046342],[5.5684255,52.4046163],[5.5684255,52.4045983],[5.5684255,52.4045803],[5.5684255,52.4045623],[5.5684255,52.4045444],[5.5684256,52.4045264],[5.5684256,52.4045084],[5.5684256,52.4044904],[5.5684256,52.4044725],[5.5684256,52.4044545],[5.5684257,52.4044365],[5.5684257,52.4044185],[5.5684257,52.4044006],[5.5684257,52.4043826],[5.5684257,52.4043646],[5.5684258,52.4043467],[5.5684258,52.4043287],[5.5684258,52.4043107],[5.5684258,52.4042927],[5.5684259,52.4042748],[5.5684259,52.4042568],[5.5684259,52.4042388],[5.5684259,52.4042208],[5.5684259,52.4042029],[5.568426,52.4041849],[5.568426,52.4041669],[5.568426,52.4041489],[5.568426,52.404131],[5.568426,52.404113],[5.5684261,52.404095],[5.5684261,52.4040771],[5.5684261,52.4040591],[5.5684261,52.4040411],[5.5684261,52.4040231],[5.5684262,52.4040052],[5.5684262,52.4039872],[5.5684262,52.4039692],[5.5684262,52.4039512],[5.5684263,52.4039333],[5.5684263,52.4039153],[5.5684263,52.4038973],[5.5684263,52.4038793],[5.5684263,52.4038614],[5.5684264,52.4038434],[5.5684264,52.4038254],[5.5684264,52.4038074],[5.5684264,52.4037895],[5.5684264,52.4037715],[5.5684265,52.4037535],[5.5684265,52.4037356],[5.5684265,52.4037176],[5.5684265,52.4036996],[5.5684265,52.4036816],[5.5684266,52.4036637],[5.5684266,52.4036457],[5.5684266,52.4036277],[5.5684266,52.4036097],[5.5684267,52.4035918],[5.5684267,52.4035738],[5.5684267,52.4035558],[5.5684267,52.4035378],[5.5684267,52.4035199],[5.5684268,52.4035019],[5.5684268,52.4034839],[5.5684268,52.403466],[5.5684268,52.403448],[5.5684268,52.40343],[5.5684269,52.403412],[5.5684269,52.4033941],[5.5684269,52.4033761],[5.5684269,52.4033581],[5.5684269,52.4033401],[5.568427,52.4033222],[5.568427,52.4033042],[5.568427,52.4032862],[5.568427,52.4032682],[5.568427,52.4032503],[5.5684271,52.4032323],[5.5684271,52.4032143],[5.5684271,52.4031963],[5.5684271,52.4031784],[5.5684272,52.4031604],[5.5684272,52.4031424],[5.5684272,52.4031245],[5.5684272,52.4031065],[5.5684272,52.4030885],[5.5684273,52.4030705],[5.5684273,52.4030526],[5.5684273,52.4030346],[5.5684273,52.4030166],[5.5684273,52.4029986],[5.5684274,52.4029807],[5.5684274,52.4029627],[5.5684274,52.4029447],[5.5684274,52.4029267],[5.5684274,52.4029088],[5.5684275,52.4028908],[5.5684275,52.4028728],[5.5684275,52.4028549],[5.5684275,52.4028369],[5.5684276,52.4028189],[5.5684276,52.4028009],[5.5684276,52.402783],[5.5684276,52.402765],[5.5684276,52.402747],[5.5684277,52.402729],[5.5684277,52.4027111],[5.5684277,52.4026931],[5.5684277,52.4026751],[5.5684277,52.4026571],[5.5684278,52.4026392],[5.5684278,52.4026212],[5.5684278,52.4026032],[5.5684278,52.4025853],[5.5684278,52.4025673],[5.5684279,52.4025493],[5.5684279,52.4025313],[5.5684279,52.4025134],[5.5684279,52.4024954],[5.5684279,52.4024774],[5.568428,52.4024594],[5.568428,52.4024415],[5.568428,52.4024235],[5.568428,52.4024055],[5.5684281,52.4023875],[5.5684281,52.4023696],[5.5684281,52.4023516],[5.5684281,52.4023336],[5.5684281,52.4023156],[5.5684282,52.4022977],[5.5684282,52.4022797],[5.5684282,52.4022617],[5.5684282,52.4022438],[5.5684282,52.4022258],[5.5684283,52.4022078],[5.5684283,52.4021898],[5.5684283,52.4021719],[5.5684283,52.4021539],[5.5684283,52.4021359],[5.5684284,52.4021179],[5.5684284,52.4021],[5.5684284,52.402082],[5.5684284,52.402064],[5.5684285,52.402046],[5.5684285,52.4020281],[5.5684285,52.4020101],[5.5684285,52.4019921],[5.5684285,52.4019742],[5.5684286,52.4019562],[5.5684286,52.4019382],[5.5684286,52.4019202],[5.5684286,52.4019023],[5.5684286,52.4018843],[5.5684287,52.4018663],[5.5684287,52.4018483],[5.5684287,52.4018304],[5.5684287,52.4018124],[5.5684287,52.4017944],[5.5684288,52.4017764],[5.5684288,52.4017585],[5.5684288,52.4017405],[5.5684288,52.4017225],[5.5684289,52.4017046],[5.5684289,52.4016866],[5.5684289,52.4016686],[5.5684289,52.4016506],[5.5684289,52.4016327],[5.568429,52.4016147],[5.568429,52.4015967],[5.568429,52.4015787],[5.568429,52.4015608],[5.568429,52.4015428],[5.5684291,52.4015248],[5.5684291,52.4015068],[5.5684291,52.4014889],[5.5684291,52.4014709],[5.5684291,52.4014529],[5.5684292,52.4014349],[5.5684292,52.401417],[5.5684292,52.401399],[5.5684292,52.401381],[5.5684292,52.4013631],[5.5684293,52.4013451],[5.5684293,52.4013271],[5.5684293,52.4013091],[5.5684293,52.4012912],[5.5684294,52.4012732],[5.5684294,52.4012552],[5.5684294,52.4012372],[5.5684294,52.4012193],[5.5684294,52.4012013],[5.5684295,52.4011833],[5.5684295,52.4011653],[5.5684295,52.4011474],[5.5684295,52.4011294],[5.5684295,52.4011114],[5.5684296,52.4010935],[5.5684296,52.4010755],[5.5684296,52.4010575],[5.5684296,52.4010395],[5.5684296,52.4010216],[5.5684297,52.4010036],[5.5684297,52.4009856],[5.5684297,52.4009676],[5.5684297,52.4009497],[5.5684298,52.4009317],[5.5684298,52.4009137],[5.5684298,52.4008957],[5.5684298,52.4008778],[5.5684298,52.4008598],[5.5684299,52.4008418],[5.5684299,52.4008238],[5.5684299,52.4008059],[5.5684299,52.4007879],[5.5684299,52.4007699],[5.56843,52.400752],[5.56843,52.400734],[5.56843,52.400716],[5.56843,52.400698],[5.56843,52.4006801],[5.5684301,52.4006621],[5.5684301,52.4006441],[5.5684301,52.4006261],[5.5684301,52.4006082],[5.5684302,52.4005902],[5.5684302,52.4005722],[5.5684302,52.4005542],[5.5684302,52.4005363],[5.5684302,52.4005183],[5.5684303,52.4005003],[5.5684303,52.4004824],[5.5684303,52.4004644],[5.5684303,52.4004464],[5.5684303,52.4004284],[5.5684304,52.4004105],[5.5684304,52.4003925],[5.5684304,52.4003745],[5.5684304,52.4003565],[5.5684304,52.4003386],[5.5684305,52.4003206],[5.5684305,52.4003026],[5.5684305,52.4002846],[5.5684305,52.4002667],[5.5684305,52.4002487],[5.5684306,52.4002307],[5.5684306,52.4002128],[5.5684306,52.4001948],[5.5684306,52.4001768],[5.5684307,52.4001588],[5.5684307,52.4001409],[5.5684307,52.4001229],[5.5684307,52.4001049],[5.5684307,52.4000869],[5.5684308,52.400069],[5.5684308,52.400051],[5.5684308,52.400033],[5.5684308,52.400015],[5.5684308,52.3999971],[5.5684309,52.3999791],[5.5684309,52.3999611],[5.5684309,52.3999431],[5.5684309,52.3999252],[5.5684309,52.3999072],[5.568431,52.3998892],[5.568431,52.3998713],[5.568431,52.3998533],[5.568431,52.3998353],[5.5684311,52.3998173],[5.5684311,52.3997994],[5.5684311,52.3997814],[5.5684311,52.3997634],[5.5684311,52.3997454],[5.5684312,52.3997275],[5.5684312,52.3997095],[5.5684312,52.3996915],[5.5684312,52.3996735],[5.5684312,52.3996556],[5.5684313,52.3996376],[5.5684313,52.3996196],[5.5684313,52.3996017],[5.5684313,52.3995837],[5.5684313,52.3995657],[5.5684314,52.3995477],[5.5684314,52.3995298],[5.5684314,52.3995118],[5.5684314,52.3994938],[5.5684314,52.3994758],[5.5684315,52.3994579],[5.5684315,52.3994399],[5.5684315,52.3994219],[5.5684315,52.3994039],[5.5684316,52.399386],[5.5684316,52.399368],[5.5684316,52.39935],[5.5684316,52.399332],[5.5684316,52.3993141],[5.5684317,52.3992961],[5.5684317,52.3992781],[5.5684317,52.3992602],[5.5684317,52.3992422],[5.5684317,52.3992242],[5.5684318,52.3992062],[5.5684318,52.3991883],[5.5684318,52.3991703],[5.5684318,52.3991523],[5.5684318,52.3991343],[5.5684319,52.3991164],[5.5684319,52.3990984],[5.5684319,52.3990804],[5.5684319,52.3990624],[5.568432,52.3990445],[5.568432,52.3990265],[5.568432,52.3990085],[5.568432,52.3989906],[5.568432,52.3989726],[5.5684321,52.3989546],[5.5684321,52.3989366],[5.5684321,52.3989187],[5.5684321,52.3989007],[5.5684321,52.3988827],[5.5684322,52.3988647],[5.5684322,52.3988468],[5.5684322,52.3988288],[5.5684322,52.3988108],[5.5684322,52.3987928],[5.5684323,52.3987749],[5.5684323,52.3987569],[5.5684323,52.3987389],[5.5684323,52.398721],[5.5684324,52.398703],[5.5684324,52.398685],[5.5684324,52.398667],[5.5684324,52.3986491],[5.5684324,52.3986311],[5.5684325,52.3986131],[5.5684325,52.3985951],[5.5684325,52.3985772],[5.5684325,52.3985592],[5.5684325,52.3985412],[5.5684326,52.3985232],[5.5684326,52.3985053],[5.5684326,52.3984873],[5.5684326,52.3984693],[5.5684326,52.3984513],[5.5684327,52.3984334],[5.5684327,52.3984154],[5.5684327,52.3983974],[5.5684327,52.3983795],[5.5684327,52.3983615],[5.5684328,52.3983435],[5.5684328,52.3983255],[5.5684328,52.3983076],[5.5684328,52.3982896],[5.5684329,52.3982716],[5.5684329,52.3982536],[5.5684329,52.3982357],[5.5684329,52.3982177],[5.5684329,52.3981997],[5.568433,52.3981817],[5.568433,52.3981638],[5.568433,52.3981458],[5.568433,52.3981278],[5.568433,52.3981099],[5.5684331,52.3980919],[5.5684331,52.3980739],[5.5684331,52.3980559],[5.5684331,52.398038],[5.5684331,52.39802],[5.5684332,52.398002],[5.5684332,52.397984],[5.5684332,52.3979661],[5.5684332,52.3979481],[5.5684333,52.3979301],[5.5684333,52.3979121],[5.5684333,52.3978942],[5.5684333,52.3978762],[5.5684333,52.3978582],[5.5684334,52.3978402],[5.5684334,52.3978223],[5.5684334,52.3978043],[5.5684334,52.3977863],[5.5684334,52.3977684],[5.5684335,52.3977504],[5.5684335,52.3977324],[5.5684335,52.3977144],[5.5684335,52.3976965],[5.5684335,52.3976785],[5.5684336,52.3976605],[5.5684336,52.3976425],[5.5684336,52.3976246],[5.5684336,52.3976066],[5.5684336,52.3975886],[5.5684337,52.3975706],[5.5684337,52.3975527],[5.5684337,52.3975347],[5.5684337,52.3975167],[5.5684338,52.3974988],[5.5684338,52.3974808],[5.5684338,52.3974628],[5.5684338,52.3974448],[5.5684338,52.3974269],[5.5684339,52.3974089],[5.5684339,52.3973909],[5.5684339,52.3973729],[5.5684339,52.397355],[5.5684339,52.397337],[5.568434,52.397319],[5.568434,52.397301],[5.568434,52.3972831],[5.568434,52.3972651],[5.568434,52.3972471],[5.5684341,52.3972292],[5.5684341,52.3972112],[5.5684341,52.3971932],[5.5684341,52.3971752],[5.5684342,52.3971573],[5.5684342,52.3971393],[5.5684342,52.3971213],[5.5684342,52.3971033],[5.5684342,52.3970854],[5.5684343,52.3970674],[5.5684343,52.3970494],[5.5684343,52.3970314],[5.5684343,52.3970135],[5.5684343,52.3969955],[5.5684344,52.3969775],[5.5684344,52.3969595],[5.5684344,52.3969416],[5.5684344,52.3969236],[5.5684344,52.3969056],[5.5684345,52.3968877],[5.5684345,52.3968697],[5.5684345,52.3968517],[5.5684345,52.3968337],[5.5684346,52.3968158],[5.5684346,52.3967978],[5.5684346,52.3967798],[5.5684346,52.3967618],[5.5684346,52.3967439],[5.5684347,52.3967259],[5.5684347,52.3967079],[5.5684347,52.3966899],[5.5684347,52.396672],[5.5684347,52.396654],[5.5684348,52.396636],[5.5684348,52.3966181],[5.5684348,52.3966001],[5.5684348,52.3965821],[5.5684348,52.3965641],[5.5684349,52.3965462],[5.5684349,52.3965282],[5.5684349,52.3965102],[5.5684349,52.3964922],[5.5684349,52.3964743],[5.568435,52.3964563],[5.568435,52.3964383],[5.568435,52.3964203],[5.568435,52.3964024],[5.5684351,52.3963844],[5.5684351,52.3963664],[5.5684351,52.3963484],[5.5684351,52.3963305],[5.5684351,52.3963125],[5.5684352,52.3962945],[5.5684352,52.3962766],[5.5684352,52.3962586],[5.5684352,52.3962406],[5.5684352,52.3962226],[5.5684353,52.3962047],[5.5684353,52.3961867],[5.5684353,52.3961687],[5.5684353,52.3961507],[5.5684353,52.3961328],[5.5684354,52.3961148],[5.5684354,52.3960968],[5.5684354,52.3960788],[5.5684354,52.3960609],[5.5684355,52.3960429],[5.5684355,52.3960249],[5.5684355,52.396007],[5.5684355,52.395989],[5.5684355,52.395971],[5.5684356,52.395953],[5.5684356,52.3959351],[5.5684356,52.3959171],[5.5684356,52.3958991],[5.5684356,52.3958811],[5.5684357,52.3958632],[5.5684357,52.3958452],[5.5684357,52.3958272],[5.5684357,52.3958092],[5.5684357,52.3957913],[5.5684358,52.3957733],[5.5684358,52.3957553],[5.5684358,52.3957373],[5.5684358,52.3957194],[5.5684358,52.3957014],[5.5684359,52.3956834],[5.5684359,52.3956655],[5.5684359,52.3956475],[5.5684359,52.3956295],[5.568436,52.3956115],[5.568436,52.3955936],[5.568436,52.3955756],[5.568436,52.3955576],[5.568436,52.3955396],[5.5684361,52.3955217],[5.5684361,52.3955037],[5.5684361,52.3954857],[5.5684361,52.3954677],[5.5684361,52.3954498],[5.5684362,52.3954318],[5.5684362,52.3954138],[5.5684362,52.3953959]]}},{"type":"Feature","properties":{"highway":"secondary","smoothness":"good","surface":"asphalt","width":6},"geometry":{"type":"LineString","coordinates":[[5.5684362,52.3953959],[5.5684383,52.3953775],[5.5684424,52.3953592],[5.5684485,52.3953412],[5.5684567,52.3953235],[5.5684668,52.3953061],[5.5684788,52.3952893],[5.5684927,52.3952729],[5.5685083,52.3952572],[5.5685257,52.3952422],[5.5685447,52.3952279],[5.5685653,52.3952144],[5.5685873,52.3952019],[5.5686106,52.3951903],[5.5686352,52.3951797],[5.568661,52.3951701],[5.5686877,52.3951617],[5.5687153,52.3951543],[5.5687437,52.3951482],[5.5687727,52.3951432],[5.5688021,52.3951395],[5.568832,52.395137],[5.568862,52.3951357],[5.5688921,52.3951358],[5.5689215,52.3951358],[5.5689509,52.3951358],[5.5689802,52.3951358],[5.5690096,52.3951358],[5.569039,52.3951358],[5.5690684,52.3951358],[5.5690978,52.3951358],[5.5691271,52.3951359],[5.5691565,52.3951359],[5.5691859,52.3951359],[5.5692153,52.3951359],[5.5692447,52.3951359],[5.569274,52.3951359],[5.5693034,52.3951359],[5.5693328,52.3951359],[5.5693622,52.395136],[5.5693916,52.395136],[5.569421,52.395136],[5.5694503,52.395136],[5.5694797,52.395136],[5.5695091,52.395136],[5.5695385,52.395136],[5.5695679,52.395136],[5.5695972,52.3951361],[5.5696266,52.3951361],[5.569656,52.3951361],[5.5696854,52.3951361],[5.5697148,52.3951361],[5.5697441,52.3951361],[5.5697735,52.3951361],[5.5698029,52.3951362],[5.5698323,52.3951362],[5.5698617,52.3951362],[5.569891,52.3951362],[5.5699204,52.3951362],[5.5699498,52.3951362],[5.5699792,52.3951362],[5.5700086,52.3951362],[5.5700379,52.3951362],[5.5700673,52.3951363],[5.5700967,52.3951363],[5.5701261,52.3951363],[5.5701555,52.3951363],[5.5701849,52.3951363],[5.5702142,52.3951363],[5.5702436,52.3951363],[5.570273,52.3951363],[5.5703024,52.3951364],[5.5703318,52.3951364],[5.5703611,52.3951364],[5.5703905,52.3951364],[5.5704199,52.3951364],[5.5704493,52.3951364],[5.5704787,52.3951364],[5.570508,52.3951364],[5.5705374,52.3951365],[5.5705668,52.3951365],[5.5705962,52.3951365],[5.5706256,52.3951365],[5.5706549,52.3951365],[5.5706843,52.3951365],[5.5707137,52.3951365],[5.5707431,52.3951365],[5.5707725,52.3951366],[5.5708018,52.3951366],[5.5708312,52.3951366],[5.5708606,52.3951366],[5.57089,52.3951366],[5.5709194,52.3951366],[5.5709488,52.3951366],[5.5709781,52.3951366],[5.5710075,52.3951367],[5.5710369,52.3951367],[5.5710663,52.3951367],[5.5710957,52.3951367],[5.571125,52.3951367],[5.5711544,52.3951367],[5.5711838,52.3951367],[5.5712132,52.3951367],[5.5712426,52.3951368],[5.5712719,52.3951368],[5.5713013,52.3951368],[5.5713307,52.3951368],[5.5713601,52.3951368],[5.5713895,52.3951368],[5.5714188,52.3951368],[5.5714482,52.3951368],[5.5714776,52.3951368],[5.571507,52.3951369],[5.5715364,52.3951369],[5.5715657,52.3951369],[5.5715951,52.3951369],[5.5716245,52.3951369],[5.5716539,52.3951369],[5.5716833,52.3951369],[5.5717127,52.3951369],[5.571742,52.395137],[5.5717714,52.395137],[5.5718008,52.395137],[5.5718302,52.395137],[5.5718596,52.395137],[5.5718889,52.395137],[5.5719183,52.395137],[5.5719477,52.395137],[5.5719771,52.3951371],[5.5720065,52.3951371],[5.5720358,52.3951371],[5.5720652,52.3951371],[5.5720946,52.3951371],[5.572124,52.3951371],[5.5721534,52.3951371],[5.5721827,52.3951371],[5.5722121,52.3951371],[5.5722415,52.3951372],[5.5722709,52.3951372],[5.5723003,52.3951372],[5.5723296,52.3951372],[5.572359,52.3951372],[5.5723884,52.3951372],[5.5724178,52.3951372],[5.5724472,52.3951372],[5.5724766,52.3951373],[5.5725059,52.3951373],[5.5725353,52.3951373],[5.5725647,52.3951373],[5.5725941,52.3951373],[5.5726235,52.3951373],[5.5726528,52.3951373],[5.5726822,52.3951373],[5.5727116,52.3951373],[5.572741,52.3951374],[5.5727704,52.3951374],[5.5727997,52.3951374],[5.5728291,52.3951374],[5.5728585,52.3951374],[5.5728879,52.3951374],[5.5729173,52.3951374],[5.5729466,52.3951374],[5.572976,52.3951375],[5.5730054,52.3951375],[5.5730348,52.3951375],[5.5730642,52.3951375],[5.5730935,52.3951375],[5.5731229,52.3951375],[5.5731523,52.3951375],[5.5731817,52.3951375],[5.5732111,52.3951375],[5.5732405,52.3951376],[5.5732698,52.3951376],[5.5732992,52.3951376],[5.5733286,52.3951376],[5.573358,52.3951376],[5.5733874,52.3951376],[5.5734167,52.3951376],[5.5734461,52.3951376],[5.5734755,52.3951377],[5.5735049,52.3951377],[5.5735343,52.3951377],[5.5735636,52.3951377],[5.573593,52.3951377],[5.5736224,52.3951377],[5.5736518,52.3951377],[5.5736812,52.3951377],[5.5737105,52.3951377],[5.5737399,52.3951378],[5.5737693,52.3951378],[5.5737987,52.3951378],[5.5738281,52.3951378],[5.5738574,52.3951378],[5.5738868,52.3951378],[5.5739162,52.3951378],[5.5739456,52.3951378],[5.573975,52.3951378],[5.5740044,52.3951379],[5.5740337,52.3951379],[5.5740631,52.3951379],[5.5740925,52.3951379],[5.5741219,52.3951379],[5.5741513,52.3951379],[5.5741806,52.3951379],[5.57421,52.3951379],[5.5742394,52.395138],[5.5742688,52.395138],[5.5742982,52.395138],[5.5743275,52.395138],[5.5743569,52.395138],[5.5743863,52.395138],[5.5744157,52.395138],[5.5744451,52.395138],[5.5744744,52.395138],[5.5745038,52.3951381],[5.5745332,52.3951381],[5.5745626,52.3951381],[5.574592,52.3951381],[5.5746213,52.3951381],[5.5746507,52.3951381],[5.5746801,52.3951381],[5.5747095,52.3951381],[5.5747389,52.3951381],[5.5747683,52.3951382],[5.5747976,52.3951382],[5.574827,52.3951382],[5.5748564,52.3951382],[5.5748858,52.3951382],[5.5749152,52.3951382],[5.5749445,52.3951382],[5.5749739,52.3951382],[5.5750033,52.3951382],[5.5750327,52.3951383],[5.5750621,52.3951383],[5.5750914,52.3951383],[5.5751208,52.3951383],[5.5751502,52.3951383],[5.5751796,52.3951383],[5.575209,52.3951383],[5.5752383,52.3951383],[5.5752677,52.3951383],[5.5752971,52.3951384],[5.5753265,52.3951384],[5.5753559,52.3951384],[5.5753853,52.3951384],[5.5754146,52.3951384],[5.575444,52.3951384],[5.5754734,52.3951384],[5.5755028,52.3951384],[5.5755322,52.3951384],[5.5755615,52.3951385],[5.5755909,52.3951385],[5.5756203,52.3951385],[5.5756497,52.3951385],[5.5756791,52.3951385],[5.5757084,52.3951385],[5.5757378,52.3951385],[5.5757672,52.3951385],[5.5757966,52.3951385],[5.575826,52.3951386],[5.5758553,52.3951386],[5.5758847,52.3951386],[5.5759141,52.3951386],[5.5759435,52.3951386],[5.5759729,52.3951386],[5.5760022,52.3951386],[5.5760316,52.3951386],[5.576061,52.3951386],[5.5760904,52.3951387],[5.5761198,52.3951387],[5.5761492,52.3951387],[5.5761785,52.3951387],[5.5762079,52.3951387],[5.5762373,52.3951387],[5.5762667,52.3951387],[5.5762961,52.3951387],[5.5763254,52.3951387],[5.5763548,52.3951388],[5.5763842,52.3951388],[5.5764136,52.3951388],[5.576443,52.3951388],[5.5764723,52.3951388],[5.5765017,52.3951388],[5.5765311,52.3951388],[5.5765605,52.3951388],[5.5765899,52.3951388],[5.5766192,52.3951388],[5.5766486,52.3951389],[5.576678,52.3951389],[5.5767074,52.3951389],[5.5767368,52.3951389],[5.5767661,52.3951389],[5.5767955,52.3951389],[5.5768249,52.3951389],[5.5768543,52.3951389],[5.5768837,52.3951389],[5.5769131,52.395139],[5.5769424,52.395139],[5.5769718,52.395139],[5.5770012,52.395139],[5.5770306,52.395139],[5.57706,52.395139],[5.5770893,52.395139],[5.5771187,52.395139],[5.5771481,52.395139],[5.5771775,52.3951391],[5.5772069,52.3951391],[5.5772362,52.3951391],[5.5772656,52.3951391],[5.577295,52.3951391],[5.5773244,52.3951391],[5.5773538,52.3951391],[5.5773831,52.3951391],[5.5774125,52.3951391],[5.5774419,52.3951391],[5.5774713,52.3951392],[5.5775007,52.3951392],[5.57753,52.3951392],[5.5775594,52.3951392],[5.5775888,52.3951392],[5.5776182,52.3951392],[5.5776476,52.3951392],[5.577677,52.3951392],[5.5777063,52.3951392],[5.5777357,52.3951393],[5.5777651,52.3951393],[5.5777945,52.3951393],[5.5778239,52.3951393],[5.5778532,52.3951393],[5.5778826,52.3951393],[5.577912,52.3951393],[5.5779414,52.3951393],[5.5779708,52.3951393],[5.5780001,52.3951393],[5.5780295,52.3951394],[5.5780589,52.3951394],[5.5780883,52.3951394],[5.5781177,52.3951394],[5.578147,52.3951394],[5.5781764,52.3951394],[5.5782058,52.3951394],[5.5782352,52.3951394],[5.5782646,52.3951394],[5.5782939,52.3951395],[5.5783233,52.3951395],[5.5783527,52.3951395],[5.5783821,52.3951395],[5.5784115,52.3951395],[5.5784409,52.3951395],[5.5784702,52.3951395],[5.5784996,52.3951395],[5.578529,52.3951395],[5.5785584,52.3951395],[5.5785878,52.3951396],[5.5786171,52.3951396],[5.5786465,52.3951396],[5.5786759,52.3951396],[5.5787053,52.3951396],[5.5787347,52.3951396],[5.578764,52.3951396],[5.5787934,52.3951396],[5.5788228,52.3951396],[5.5788522,52.3951396],[5.5788816,52.3951397],[5.5789109,52.3951397],[5.5789403,52.3951397],[5.5789697,52.3951397],[5.5789991,52.3951397],[5.5790285,52.3951397],[5.5790578,52.3951397],[5.5790872,52.3951397],[5.5791166,52.3951397],[5.579146,52.3951397],[5.5791754,52.3951398],[5.5792048,52.3951398],[5.5792341,52.3951398],[5.5792635,52.3951398],[5.5792929,52.3951398],[5.5793223,52.3951398],[5.5793517,52.3951398],[5.579381,52.3951398],[5.5794104,52.3951398],[5.5794398,52.3951398],[5.5794692,52.3951399],[5.5794986,52.3951399],[5.5795279,52.3951399],[5.5795573,52.3951399],[5.5795867,52.3951399],[5.5796161,52.3951399],[5.5796455,52.3951399],[5.5796748,52.3951399],[5.5797042,52.3951399],[5.5797336,52.3951399],[5.579763,52.39514],[5.5797924,52.39514],[5.5798217,52.39514],[5.5798511,52.39514],[5.5798805,52.39514],[5.5799099,52.39514],[5.5799393,52.39514],[5.5799687,52.39514],[5.579998,52.39514],[5.5800274,52.39514],[5.5800568,52.3951401],[5.5800862,52.3951401],[5.5801156,52.3951401],[5.5801449,52.3951401],[5.5801743,52.3951401],[5.5802037,52.3951401],[5.5802331,52.3951401],[5.5802625,52.3951401],[5.5802918,52.3951401],[5.5803212,52.3951401],[5.5803506,52.3951402],[5.58038,52.3951402],[5.5804094,52.3951402],[5.5804387,52.3951402],[5.5804681,52.3951402],[5.5804975,52.3951402],[5.5805269,52.3951402],[5.5805563,52.3951402],[5.5805856,52.3951402],[5.580615,52.3951402],[5.5806444,52.3951403],[5.5806738,52.3951403],[5.5807032,52.3951403],[5.5807326,52.3951403],[5.5807619,52.3951403],[5.5807913,52.3951403],[5.5808207,52.3951403],[5.5808501,52.3951403],[5.5808795,52.3951403],[5.5809088,52.3951403],[5.5809382,52.3951404],[5.5809676,52.3951404],[5.580997,52.3951404],[5.5810264,52.3951404],[5.5810557,52.3951404],[5.5810851,52.3951404],[5.5811145,52.3951404],[5.5811439,52.3951404],[5.5811733,52.3951404],[5.5812026,52.3951404],[5.581232,52.3951405],[5.5812614,52.3951405],[5.5812908,52.3951405],[5.5813202,52.3951405],[5.5813495,52.3951405],[5.5813789,52.3951405],[5.5814083,52.3951405],[5.5814377,52.3951405],[5.5814671,52.3951405],[5.5814965,52.3951405],[5.5815258,52.3951405],[5.5815552,52.3951406],[5.5815846,52.3951406],[5.581614,52.3951406],[5.5816434,52.3951406],[5.5816727,52.3951406],[5.5817021,52.3951406],[5.5817315,52.3951406],[5.5817609,52.3951406],[5.5817903,52.3951406],[5.5818196,52.3951406],[5.581849,52.3951407],[5.5818784,52.3951407],[5.5819078,52.3951407],[5.5819372,52.3951407],[5.5819665,52.3951407],[5.5819959,52.3951407],[5.5820253,52.3951407],[5.5820547,52.3951407],[5.5820841,52.3951407],[5.5821134,52.3951407],[5.5821428,52.3951407],[5.5821722,52.3951408],[5.5822016,52.3951408],[5.582231,52.3951408],[5.5822604,52.3951408],[5.5822897,52.3951408],[5.5823191,52.3951408],[5.5823485,52.3951408],[5.5823779,52.3951408],[5.5824073,52.3951408],[5.5824366,52.3951408],[5.582466,52.3951408],[5.5824954,52.3951409],[5.5825248,52.3951409],[5.5825542,52.3951409],[5.5825835,52.3951409],[5.5826129,52.3951409],[5.5826423,52.3951409],[5.5826717,52.3951409],[5.5827011,52.3951409],[5.5827304,52.3951409],[5.5827598,52.3951409],[5.5827892,52.395141],[5.5828186,52.395141],[5.582848,52.395141],[5.5828773,52.395141],[5.5829067,52.395141],[5.5829361,52.395141],[5.5829655,52.395141],[5.5829949,52.395141],[5.5830243,52.395141],[5.5830536,52.395141],[5.583083,52.395141],[5.5831124,52.3951411],[5.5831418,52.3951411],[5.5831712,52.3951411],[5.5832005,52.3951411],[5.5832299,52.3951411],[5.5832593,52.3951411],[5.5832887,52.3951411],[5.5833181,52.3951411],[5.5833474,52.3951411],[5.5833768,52.3951411],[5.5834062,52.3951411],[5.5834356,52.3951412],[5.583465,52.3951412],[5.5834943,52.3951412],[5.5835237,52.3951412],[5.5835531,52.3951412],[5.5835825,52.3951412],[5.5836119,52.3951412],[5.5836413,52.3951412],[5.5836706,52.3951412],[5.5837,52.3951412],[5.5837294,52.3951412],[5.5837588,52.3951413],[5.5837882,52.3951413],[5.5838175,52.3951413],[5.5838469,52.3951413],[5.5838763,52.3951413],[5.5839057,52.3951413],[5.5839351,52.3951413],[5.5839644,52.3951413],[5.5839938,52.3951413],[5.5840232,52.3951413],[5.5840526,52.3951413],[5.584082,52.3951414],[5.5841113,52.3951414],[5.5841407,52.3951414],[5.5841701,52.3951414],[5.5841995,52.3951414],[5.5842289,52.3951414],[5.5842582,52.3951414],[5.5842876,52.3951414],[5.584317,52.3951414],[5.5843464,52.3951414],[5.5843758,52.3951414],[5.5844052,52.3951414],[5.5844345,52.3951415],[5.5844639,52.3951415],[5.5844933,52.3951415],[5.5845227,52.3951415],[5.5845521,52.3951415],[5.5845814,52.3951415],[5.5846108,52.3951415],[5.5846402,52.3951415],[5.5846696,52.3951415],[5.584699,52.3951415],[5.5847283,52.3951415],[5.5847577,52.3951416],[5.5847871,52.3951416],[5.5848165,52.3951416],[5.5848459,52.3951416],[5.5848752,52.3951416],[5.5849046,52.3951416],[5.584934,52.3951416],[5.5849634,52.3951416],[5.5849928,52.3951416],[5.5850221,52.3951416],[5.5850515,52.3951416],[5.5850809,52.3951416],[5.5851103,52.3951417],[5.5851397,52.3951417],[5.5851691,52.3951417],[5.5851984,52.3951417],[5.5852278,52.3951417],[5.5852572,52.3951417],[5.5852866,52.3951417],[5.585316,52.3951417],[5.5853453,52.3951417],[5.5853747,52.3951417],[5.5854041,52.3951417],[5.5854335,52.3951418],[5.5854629,52.3951418],[5.5854922,52.3951418],[5.5855216,52.3951418],[5.585551,52.3951418],[5.5855804,52.3951418],[5.5856098,52.3951418],[5.5856391,52.3951418],[5.5856685,52.3951418],[5.5856979,52.3951418],[5.5857273,52.3951418],[5.5857567,52.3951418],[5.585786,52.3951419],[5.5858154,52.3951419],[5.5858448,52.3951419],[5.5858742,52.3951419],[5.5859036,52.3951419],[5.585933,52.3951419],[5.5859623,52.3951419],[5.5859917,52.3951419],[5.5860211,52.3951419],[5.5860505,52.3951419],[5.5860799,52.3951419],[5.5861092,52.3951419],[5.5861386,52.395142],[5.586168,52.395142],[5.5861974,52.395142],[5.5862268,52.395142],[5.5862561,52.395142],[5.5862855,52.395142],[5.5863149,52.395142],[5.5863443,52.395142],[5.5863737,52.395142],[5.586403,52.395142],[5.5864324,52.395142],[5.5864618,52.395142],[5.5864912,52.3951421],[5.5865206,52.3951421],[5.5865499,52.3951421],[5.5865793,52.3951421],[5.5866087,52.3951421],[5.5866381,52.3951421],[5.5866675,52.3951421],[5.5866969,52.3951421],[5.5867262,52.3951421],[5.5867556,52.3951421],[5.586785,52.3951421],[5.5868144,52.3951421],[5.5868438,52.3951422],[5.5868731,52.3951422],[5.5869025,52.3951422],[5.5869319,52.3951422],[5.5869613,52.3951422],[5.5869907,52.3951422],[5.58702,52.3951422],[5.5870494,52.3951422],[5.5870788,52.3951422],[5.5871082,52.3951422],[5.5871376,52.3951422],[5.5871669,52.3951422],[5.5871963,52.3951423],[5.5872257,52.3951423],[5.5872551,52.3951423],[5.5872845,52.3951423],[5.5873138,52.3951423],[5.5873432,52.3951423],[5.5873726,52.3951423],[5.587402,52.3951423],[5.5874314,52.3951423],[5.5874608,52.3951423],[5.5874901,52.3951423],[5.5875195,52.3951423],[5.5875489,52.3951424],[5.5875783,52.3951424],[5.5876077,52.3951424],[5.587637,52.3951424],[5.5876664,52.3951424],[5.5876958,52.3951424],[5.5877252,52.3951424],[5.5877546,52.3951424],[5.5877839,52.3951424],[5.5878133,52.3951424],[5.5878427,52.3951424],[5.5878721,52.3951424],[5.5879015,52.3951424],[5.5879308,52.3951425],[5.5879602,52.3951425],[5.5879896,52.3951425],[5.588019,52.3951425],[5.5880484,52.3951425],[5.5880777,52.3951425],[5.5881071,52.3951425],[5.5881365,52.3951425],[5.5881659,52.3951425],[5.5881953,52.3951425],[5.5882247,52.3951425],[5.588254,52.3951425],[5.5882834,52.3951426],[5.5883128,52.3951426],[5.5883422,52.3951426],[5.5883716,52.3951426],[5.5884009,52.3951426],[5.5884303,52.3951426],[5.5884597,52.3951426],[5.5884891,52.3951426],[5.5885185,52.3951426],[5.5885478,52.3951426],[5.5885772,52.3951426],[5.5886066,52.3951426],[5.588636,52.3951426],[5.5886654,52.3951427],[5.5886947,52.3951427],[5.5887241,52.3951427],[5.5887535,52.3951427],[5.5887829,52.3951427],[5.5888123,52.3951427],[5.5888416,52.3951427],[5.588871,52.3951427],[5.5889004,52.3951427],[5.5889298,52.3951427],[5.5889592,52.3951427],[5.5889886,52.3951427],[5.5890179,52.3951427],[5.5890473,52.3951428],[5.5890767,52.3951428],[5.5891061,52.3951428],[5.5891355,52.3951428],[5.5891648,52.3951428],[5.5891942,52.3951428],[5.5892236,52.3951428],[5.589253,52.3951428],[5.5892824,52.3951428],[5.5893117,52.3951428],[5.5893411,52.3951428],[5.5893705,52.3951428],[5.5893999,52.3951428],[5.5894293,52.3951429],[5.5894586,52.3951429],[5.589488,52.3951429],[5.5895174,52.3951429],[5.5895468,52.3951429],[5.5895762,52.3951429],[5.5896055,52.3951429],[5.5896349,52.3951429],[5.5896643,52.3951429],[5.5896937,52.3951429],[5.5897231,52.3951429],[5.5897525,52.3951429],[5.5897818,52.3951429],[5.5898112,52.395143],[5.5898406,52.395143],[5.58987,52.395143],[5.5898994,52.395143],[5.5899287,52.395143],[5.5899581,52.395143],[5.5899875,52.395143],[5.5900169,52.395143],[5.5900463,52.395143],[5.5900756,52.395143],[5.590105,52.395143],[5.5901344,52.395143],[5.5901638,52.395143],[5.5901932,52.395143],[5.5902225,52.3951431],[5.5902519,52.3951431],[5.5902813,52.3951431],[5.5903107,52.3951431],[5.5903401,52.3951431],[5.5903695,52.3951431],[5.5903988,52.3951431],[5.5904282,52.3951431],[5.5904576,52.3951431],[5.590487,52.3951431],[5.5905164,52.3951431],[5.5905457,52.3951431],[5.5905751,52.3951431],[5.5906045,52.3951432],[5.5906339,52.3951432],[5.5906633,52.3951432],[5.5906926,52.3951432],[5.590722,52.3951432],[5.5907514,52.3951432],[5.5907808,52.3951432],[5.5908102,52.3951432],[5.5908395,52.3951432],[5.5908689,52.3951432],[5.5908983,52.3951432],[5.5909277,52.3951432],[5.5909571,52.3951432],[5.5909864,52.3951432],[5.5910158,52.3951433],[5.5910452,52.3951433],[5.5910746,52.3951433],[5.591104,52.3951433],[5.5911334,52.3951433],[5.5911627,52.3951433],[5.5911921,52.3951433],[5.5912215,52.3951433],[5.5912509,52.3951433],[5.5912803,52.3951433],[5.5913096,52.3951433],[5.591339,52.3951433],[5.5913684,52.3951433],[5.5913978,52.3951433],[5.5914272,52.3951434],[5.5914565,52.3951434],[5.5914859,52.3951434],[5.5915153,52.3951434],[5.5915447,52.3951434],[5.5915741,52.3951434],[5.5916034,52.3951434],[5.5916328,52.3951434],[5.5916622,52.3951434],[5.5916916,52.3951434],[5.591721,52.3951434],[5.5917503,52.3951434],[5.5917797,52.3951434],[5.5918091,52.3951434],[5.5918385,52.3951435],[5.5918679,52.3951435],[5.5918973,52.3951435],[5.5919266,52.3951435],[5.591956,52.3951435],[5.5919854,52.3951435],[5.5920148,52.3951435],[5.5920442,52.3951435],[5.5920735,52.3951435],[5.5921029,52.3951435],[5.5921323,52.3951435],[5.5921617,52.3951435],[5.5921911,52.3951435],[5.5922204,52.3951435],[5.5922498,52.3951435],[5.5922792,52.3951436],[5.5923086,52.3951436],[5.592338,52.3951436],[5.5923673,52.3951436],[5.5923967,52.3951436],[5.5924261,52.3951436],[5.5924555,52.3951436],[5.5924849,52.3951436],[5.5925142,52.3951436],[5.5925436,52.3951436],[5.592573,52.3951436],[5.5926024,52.3951436],[5.5926318,52.3951436],[5.5926612,52.3951436],[5.5926905,52.3951437],[5.5927199,52.3951437],[5.5927493,52.3951437],[5.5927787,52.3951437],[5.5928081,52.3951437],[5.5928374,52.3951437],[5.5928668,52.3951437],[5.5928962,52.3951437],[5.5929256,52.3951437],[5.592955,52.3951437],[5.5929843,52.3951437],[5.5930137,52.3951437],[5.5930431,52.3951437],[5.5930725,52.3951437],[5.5931019,52.3951437],[5.5931312,52.3951438],[5.5931606,52.3951438],[5.59319,52.3951438],[5.5932194,52.3951438],[5.5932488,52.3951438],[5.5932781,52.3951438],[5.5933075,52.3951438],[5.5933369,52.3951438],[5.5933663,52.3951438],[5.5933957,52.3951438],[5.5934251,52.3951438],[5.5934544,52.3951438],[5.5934838,52.3951438],[5.5935132,52.3951438],[5.5935426,52.3951438],[5.593572,52.3951439],[5.5936013,52.3951439],[5.5936307,52.3951439],[5.5936601,52.3951439],[5.5936895,52.3951439],[5.5937189,52.3951439],[5.5937482,52.3951439],[5.5937776,52.3951439],[5.593807,52.3951439],[5.5938364,52.3951439],[5.5938658,52.3951439],[5.5938951,52.3951439],[5.5939245,52.3951439],[5.5939539,52.3951439],[5.5939833,52.3951439],[5.5940127,52.395144],[5.594042,52.395144],[5.5940714,52.395144],[5.5941008,52.395144],[5.5941302,52.395144],[5.5941596,52.395144],[5.594189,52.395144],[5.5942183,52.395144],[5.5942477,52.395144],[5.5942771,52.395144],[5.5943065,52.395144],[5.5943359,52.395144],[5.5943652,52.395144],[5.5943946,52.395144],[5.594424,52.395144],[5.5944534,52.395144],[5.5944828,52.3951441],[5.5945121,52.3951441],[5.5945415,52.3951441],[5.5945709,52.3951441],[5.5946003,52.3951441],[5.5946297,52.3951441],[5.594659,52.3951441],[5.5946884,52.3951441],[5.5947178,52.3951441],[5.5947472,52.3951441],[5.5947766,52.3951441],[5.5948059,52.3951441],[5.5948353,52.3951441],[5.5948647,52.3951441],[5.5948941,52.3951441],[5.5949235,52.3951441],[5.5949529,52.3951442],[5.5949822,52.3951442],[5.5950116,52.3951442],[5.595041,52.3951442],[5.5950704,52.3951442],[5.5950998,52.3951442],[5.5951291,52.3951442],[5.5951585,52.3951442],[5.5951879,52.3951442],[5.5952173,52.3951442],[5.5952467,52.3951442],[5.595276,52.3951442],[5.5953054,52.3951442],[5.5953348,52.3951442],[5.5953642,52.3951442],[5.5953936,52.3951442],[5.5954229,52.3951443],[5.5954523,52.3951443],[5.5954817,52.3951443],[5.5955111,52.3951443],[5.5955405,52.3951443],[5.5955699,52.3951443],[5.5955992,52.3951443],[5.5956286,52.3951443],[5.595658,52.3951443],[5.5956874,52.3951443],[5.5957168,52.3951443],[5.5957461,52.3951443],[5.5957755,52.3951443],[5.5958049,52.3951443],[5.5958343,52.3951443],[5.5958637,52.3951443],[5.595893,52.3951443],[5.5959224,52.3951444],[5.5959518,52.3951444],[5.5959812,52.3951444],[5.5960106,52.3951444],[5.5960399,52.3951444],[5.5960693,52.3951444],[5.5960987,52.3951444],[5.5961281,52.3951444],[5.5961575,52.3951444],[5.5961868,52.3951444],[5.5962162,52.3951444],[5.5962456,52.3951444],[5.596275,52.3951444],[5.5963044,52.3951444],[5.5963338,52.3951444],[5.5963631,52.3951444],[5.5963925,52.3951444],[5.5964219,52.3951445],[5.5964513,52.3951445],[5.5964807,52.3951445],[5.59651,52.3951445],[5.5965394,52.3951445],[5.5965688,52.3951445],[5.5965982,52.3951445],[5.5966276,52.3951445],[5.5966569,52.3951445],[5.5966863,52.3951445],[5.5967157,52.3951445],[5.5967451,52.3951445],[5.5967745,52.3951445],[5.5968038,52.3951445],[5.5968332,52.3951445],[5.5968626,52.3951445],[5.596892,52.3951445],[5.5969214,52.3951446],[5.5969507,52.3951446],[5.5969801,52.3951446],[5.5970095,52.3951446],[5.5970389,52.3951446],[5.5970683,52.3951446],[5.5970977,52.3951446],[5.597127,52.3951446],[5.5971564,52.3951446],[5.5971858,52.3951446],[5.5972152,52.3951446],[5.5972446,52.3951446],[5.5972739,52.3951446],[5.5973033,52.3951446],[5.5973327,52.3951446],[5.5973621,52.3951446],[5.5973915,52.3951446],[5.5974208,52.3951447],[5.5974502,52.3951447],[5.5974796,52.3951447],[5.597509,52.3951447],[5.5975384,52.3951447],[5.5975677,52.3951447],[5.5975971,52.3951447],[5.5976265,52.3951447],[5.5976559,52.3951447],[5.5976853,52.3951447],[5.5977146,52.3951447],[5.597744,52.3951447],[5.5977734,52.3951447],[5.5978028,52.3951447],[5.5978322,52.3951447],[5.5978616,52.3951447],[5.5978909,52.3951447],[5.5979203,52.3951447],[5.5979497,52.3951448],[5.5979791,52.3951448],[5.5980085,52.3951448],[5.5980378,52.3951448],[5.5980672,52.3951448],[5.5980966,52.3951448],[5.598126,52.3951448],[5.5981554,52.3951448],[5.5981847,52.3951448],[5.5982141,52.3951448],[5.5982435,52.3951448],[5.5982729,52.3951448],[5.5983023,52.3951448],[5.5983316,52.3951448],[5.598361,52.3951448],[5.5983904,52.3951448],[5.5984198,52.3951448],[5.5984492,52.3951448],[5.5984785,52.3951448],[5.5985079,52.3951449],[5.5985373,52.3951449],[5.5985667,52.3951449],[5.5985961,52.3951449],[5.5986255,52.3951449],[5.5986548,52.3951449],[5.5986842,52.3951449],[5.5987136,52.3951449],[5.598743,52.3951449],[5.5987724,52.3951449],[5.5988017,52.3951449],[5.5988311,52.3951449],[5.5988605,52.3951449],[5.5988899,52.3951449],[5.5989193,52.3951449],[5.5989486,52.3951449],[5.598978,52.3951449],[5.5990074,52.3951449],[5.5990368,52.3951449],[5.5990662,52.395145],[5.5990955,52.395145],[5.5991249,52.395145],[5.5991543,52.395145],[5.5991837,52.395145],[5.5992131,52.395145],[5.5992424,52.395145],[5.5992718,52.395145],[5.5993012,52.395145],[5.5993306,52.395145],[5.59936,52.395145],[5.5993894,52.395145],[5.5994187,52.395145],[5.5994481,52.395145],[5.5994775,52.395145],[5.5995069,52.395145],[5.5995363,52.395145],[5.5995656,52.395145],[5.599595,52.395145],[5.5996244,52.3951451],[5.5996538,52.3951451],[5.5996832,52.3951451],[5.5997125,52.3951451],[5.5997419,52.3951451],[5.5997713,52.3951451],[5.5998007,52.3951451],[5.5998301,52.3951451],[5.5998594,52.3951451],[5.5998888,52.3951451],[5.5999182,52.3951451],[5.5999476,52.3951451],[5.599977,52.3951451],[5.6000063,52.3951451],[5.6000357,52.3951451],[5.6000651,52.3951451],[5.6000945,52.3951451],[5.6001239,52.3951451],[5.6001533,52.3951451],[5.6001826,52.3951451],[5.600212,52.3951452],[5.6002414,52.3951452],[5.6002708,52.3951452],[5.6003002,52.3951452],[5.6003295,52.3951452],[5.6003589,52.3951452],[5.6003883,52.3951452],[5.6004177,52.3951452],[5.6004471,52.3951452],[5.6004764,52.3951452],[5.6005058,52.3951452],[5.6005352,52.3951452],[5.6005646,52.3951452],[5.600594,52.3951452],[5.6006233,52.3951452],[5.6006527,52.3951452],[5.6006821,52.3951452],[5.6007115,52.3951452],[5.6007409,52.3951452],[5.6007703,52.3951452],[5.6007996,52.3951452],[5.600829,52.3951453],[5.6008584,52.3951453],[5.6008878,52.3951453],[5.6009172,52.3951453],[5.6009465,52.3951453],[5.6009759,52.3951453],[5.6010053,52.3951453],[5.6010347,52.3951453],[5.6010641,52.3951453],[5.6010934,52.3951453],[5.6011228,52.3951453],[5.6011522,52.3951453],[5.6011816,52.3951453],[5.601211,52.3951453],[5.6012403,52.3951453],[5.6012697,52.3951453],[5.6012991,52.3951453],[5.6013285,52.3951453],[5.6013579,52.3951453],[5.6013872,52.3951453],[5.6014166,52.3951453],[5.601446,52.3951454],[5.6014754,52.3951454],[5.6015048,52.3951454],[5.6015342,52.3951454],[5.6015635,52.3951454],[5.6015929,52.3951454],[5.6016223,52.3951454],[5.6016517,52.3951454],[5.6016811,52.3951454],[5.6017104,52.3951454],[5.6017398,52.3951454],[5.6017692,52.3951454],[5.6017986,52.3951454],[5.601828,52.3951454],[5.6018573,52.3951454],[5.6018867,52.3951454],[5.6019161,52.3951454],[5.6019455,52.3951454],[5.6019749,52.3951454],[5.6020042,52.3951454],[5.6020336,52.3951454],[5.602063,52.3951454],[5.6020924,52.3951455],[5.6021218,52.3951455],[5.6021511,52.3951455],[5.6021805,52.3951455],[5.6022099,52.3951455],[5.6022393,52.3951455],[5.6022687,52.3951455],[5.6022981,52.3951455],[5.6023274,52.3951455],[5.6023568,52.3951455],[5.6023862,52.3951455],[5.6024156,52.3951455],[5.602445,52.3951455],[5.6024743,52.3951455],[5.6025037,52.3951455],[5.6025331,52.3951455],[5.6025625,52.3951455],[5.6025919,52.3951455],[5.6026212,52.3951455],[5.6026506,52.3951455],[5.60268,52.3951455],[5.6027094,52.3951455],[5.6027388,52.3951455],[5.6027681,52.3951456],[5.6027975,52.3951456],[5.6028269,52.3951456],[5.6028563,52.3951456],[5.6028857,52.3951456],[5.602915,52.3951456],[5.6029444,52.3951456],[5.6029738,52.3951456],[5.6030032,52.3951456],[5.6030326,52.3951456],[5.603062,52.3951456],[5.6030913,52.3951456],[5.6031207,52.3951456],[5.6031501,52.3951456],[5.6031795,52.3951456],[5.6032089,52.3951456],[5.6032382,52.3951456],[5.6032676,52.3951456],[5.603297,52.3951456],[5.6033264,52.3951456],[5.6033558,52.3951456],[5.6033851,52.3951456],[5.6034145,52.3951456],[5.6034439,52.3951456],[5.6034733,52.3951457],[5.6035027,52.3951457],[5.603532,52.3951457],[5.6035614,52.3951457],[5.6035908,52.3951457],[5.6036202,52.3951457],[5.6036496,52.3951457],[5.6036789,52.3951457],[5.6037083,52.3951457],[5.6037377,52.3951457],[5.6037671,52.3951457],[5.6037965,52.3951457],[5.6038259,52.3951457],[5.6038552,52.3951457],[5.6038846,52.3951457],[5.603914,52.3951457],[5.6039434,52.3951457],[5.6039728,52.3951457],[5.6040021,52.3951457],[5.6040315,52.3951457],[5.6040609,52.3951457],[5.6040903,52.3951457],[5.6041197,52.3951457],[5.604149,52.3951457],[5.6041784,52.3951457],[5.6042078,52.3951458],[5.6042372,52.3951458],[5.6042666,52.3951458],[5.6042959,52.3951458],[5.6043253,52.3951458],[5.6043547,52.3951458],[5.6043841,52.3951458],[5.6044135,52.3951458],[5.6044428,52.3951458],[5.6044722,52.3951458],[5.6045016,52.3951458],[5.604531,52.3951458],[5.6045604,52.3951458],[5.6045898,52.3951458],[5.6046191,52.3951458],[5.6046485,52.3951458],[5.6046779,52.3951458],[5.6047073,52.3951458],[5.6047367,52.3951458],[5.604766,52.3951458],[5.6047954,52.3951458],[5.6048248,52.3951458],[5.6048542,52.3951458],[5.6048836,52.3951458],[5.6049129,52.3951458],[5.6049423,52.3951458],[5.6049717,52.3951459],[5.6050011,52.3951459],[5.6050305,52.3951459],[5.6050598,52.3951459],[5.6050892,52.3951459],[5.6051186,52.3951459],[5.605148,52.3951459],[5.6051774,52.3951459],[5.6052068,52.3951459],[5.6052361,52.3951459],[5.6052655,52.3951459],[5.6052949,52.3951459],[5.6053243,52.3951459],[5.6053537,52.3951459],[5.605383,52.3951459],[5.6054124,52.3951459],[5.6054418,52.3951459],[5.6054712,52.3951459],[5.6055006,52.3951459],[5.6055299,52.3951459],[5.6055593,52.3951459],[5.6055887,52.3951459],[5.6056181,52.3951459],[5.6056475,52.3951459],[5.6056768,52.3951459],[5.6057062,52.3951459],[5.6057356,52.3951459],[5.605765,52.3951459],[5.6057944,52.395146],[5.6058237,52.395146],[5.6058531,52.395146],[5.6058825,52.395146],[5.6059119,52.395146],[5.6059413,52.395146],[5.6059707,52.395146],[5.606,52.395146],[5.6060294,52.395146],[5.6060588,52.395146],[5.6060882,52.395146],[5.6061176,52.395146],[5.6061469,52.395146],[5.6061763,52.395146],[5.6062057,52.395146],[5.6062351,52.395146],[5.6062645,52.395146],[5.6062938,52.395146],[5.6063232,52.395146],[5.6063526,52.395146],[5.606382,52.395146],[5.6064114,52.395146],[5.6064407,52.395146],[5.6064701,52.395146],[5.6064995,52.395146],[5.6065289,52.395146],[5.6065583,52.395146],[5.6065876,52.395146],[5.606617,52.395146],[5.6066464,52.3951461],[5.6066758,52.3951461],[5.6067052,52.3951461],[5.6067346,52.3951461],[5.6067639,52.3951461],[5.6067933,52.3951461],[5.6068227,52.3951461],[5.6068521,52.3951461],[5.6068815,52.3951461],[5.6069108,52.3951461],[5.6069402,52.3951461],[5.6069696,52.3951461],[5.606999,52.3951461],[5.6070284,52.3951461],[5.6070577,52.3951461],[5.6070871,52.3951461],[5.6071165,52.3951461],[5.6071459,52.3951461],[5.6071753,52.3951461],[5.6072046,52.3951461],[5.607234,52.3951461],[5.6072634,52.3951461],[5.6072928,52.3951461],[5.6073222,52.3951461],[5.6073515,52.3951461],[5.6073809,52.3951461],[5.6074103,52.3951461],[5.6074397,52.3951461],[5.6074691,52.3951461],[5.6074985,52.3951461],[5.6075278,52.3951461],[5.6075572,52.3951462],[5.6075866,52.3951462],[5.607616,52.3951462],[5.6076454,52.3951462],[5.6076747,52.3951462],[5.6077041,52.3951462],[5.6077335,52.3951462],[5.6077629,52.3951462],[5.6077923,52.3951462],[5.6078216,52.3951462],[5.607851,52.3951462],[5.6078804,52.3951462],[5.6079098,52.3951462],[5.6079392,52.3951462],[5.6079685,52.3951462],[5.6079979,52.3951462],[5.6080273,52.3951462],[5.6080567,52.3951462],[5.6080861,52.3951462],[5.6081154,52.3951462],[5.6081448,52.3951462],[5.6081742,52.3951462],[5.6082036,52.3951462],[5.608233,52.3951462],[5.6082624,52.3951462],[5.6082917,52.3951462],[5.6083211,52.3951462],[5.6083505,52.3951462],[5.6083799,52.3951462],[5.6084093,52.3951462],[5.6084386,52.3951462],[5.608468,52.3951462],[5.6084974,52.3951462],[5.6085268,52.3951463],[5.6085562,52.3951463],[5.6085855,52.3951463],[5.6086149,52.3951463],[5.6086443,52.3951463],[5.6086737,52.3951463],[5.6087031,52.3951463],[5.6087324,52.3951463],[5.6087618,52.3951463],[5.6087912,52.3951463],[5.6088206,52.3951463],[5.60885,52.3951463],[5.6088793,52.3951463],[5.6089087,52.3951463],[5.6089381,52.3951463],[5.6089675,52.3951463],[5.6089969,52.3951463],[5.6090263,52.3951463],[5.6090556,52.3951463],[5.609085,52.3951463],[5.6091144,52.3951463],[5.6091438,52.3951463],[5.6091732,52.3951463],[5.6092025,52.3951463],[5.6092319,52.3951463],[5.6092613,52.3951463],[5.6092907,52.3951463],[5.6093201,52.3951463],[5.6093494,52.3951463],[5.6093788,52.3951463],[5.6094082,52.3951463],[5.6094376,52.3951463],[5.609467,52.3951463],[5.6094963,52.3951463],[5.6095257,52.3951463],[5.6095551,52.3951463],[5.6095845,52.3951463],[5.6096139,52.3951464],[5.6096433,52.3951464],[5.6096726,52.3951464],[5.609702,52.3951464],[5.6097314,52.3951464],[5.6097608,52.3951464],[5.6097902,52.3951464],[5.6098195,52.3951464],[5.6098489,52.3951464],[5.6098783,52.3951464],[5.6099077,52.3951464],[5.6099371,52.3951464],[5.6099664,52.3951464],[5.6099958,52.3951464],[5.6100252,52.3951464],[5.6100546,52.3951464],[5.610084,52.3951464],[5.6101133,52.3951464],[5.6101427,52.3951464],[5.6101721,52.3951464],[5.6102015,52.3951464],[5.6102309,52.3951464],[5.6102602,52.3951464],[5.6102896,52.3951464],[5.610319,52.3951464],[5.6103484,52.3951464],[5.6103778,52.3951464],[5.6104072,52.3951464],[5.6104365,52.3951464],[5.6104659,52.3951464],[5.6104953,52.3951464],[5.6105247,52.3951464],[5.6105541,52.3951464],[5.6105834,52.3951464],[5.6106128,52.3951464],[5.6106422,52.3951464],[5.6106716,52.3951464],[5.610701,52.3951464],[5.6107303,52.3951464],[5.6107597,52.3951464],[5.6107891,52.3951464],[5.6108185,52.3951465],[5.6108479,52.3951465],[5.6108772,52.3951465],[5.6109066,52.3951465],[5.610936,52.3951465],[5.6109654,52.3951465],[5.6109948,52.3951465],[5.6110241,52.3951465],[5.6110535,52.3951465],[5.6110829,52.3951465],[5.6111123,52.3951465],[5.6111417,52.3951465],[5.6111711,52.3951465],[5.6112004,52.3951465],[5.6112298,52.3951465],[5.6112592,52.3951465],[5.6112886,52.3951465],[5.611318,52.3951465],[5.6113473,52.3951465],[5.6113767,52.3951465],[5.6114061,52.3951465],[5.6114355,52.3951465],[5.6114649,52.3951465],[5.6114942,52.3951465],[5.6115236,52.3951465],[5.611553,52.3951465],[5.6115824,52.3951465],[5.6116118,52.3951465],[5.6116411,52.3951465],[5.6116705,52.3951465],[5.6116999,52.3951465],[5.6117293,52.3951465],[5.6117587,52.3951465],[5.611788,52.3951465],[5.6118174,52.3951465],[5.6118468,52.3951465],[5.6118762,52.3951465],[5.6119056,52.3951465],[5.611935,52.3951465],[5.6119643,52.3951465],[5.6119937,52.3951465],[5.6120231,52.3951465],[5.6120525,52.3951465],[5.6120819,52.3951465],[5.6121112,52.3951465],[5.6121406,52.3951465],[5.61217,52.3951465],[5.6121994,52.3951465],[5.6122288,52.3951466],[5.6122581,52.3951466],[5.6122875,52.3951466],[5.6123169,52.3951466],[5.6123463,52.3951466],[5.6123757,52.3951466],[5.612405,52.3951466],[5.6124344,52.3951466],[5.6124638,52.3951466],[5.6124932,52.3951466],[5.6125226,52.3951466],[5.6125519,52.3951466],[5.6125813,52.3951466],[5.6126107,52.3951466],[5.6126401,52.3951466],[5.6126695,52.3951466],[5.6126989,52.3951466],[5.6127282,52.3951466],[5.6127576,52.3951466],[5.612787,52.3951466],[5.6128164,52.3951466],[5.6128458,52.3951466],[5.6128751,52.3951466],[5.6129045,52.3951466],[5.6129339,52.3951466],[5.6129633,52.3951466],[5.6129927,52.3951466],[5.613022,52.3951466],[5.6130514,52.3951466],[5.6130808,52.3951466],[5.6131102,52.3951466],[5.6131396,52.3951466],[5.6131689,52.3951466],[5.6131983,52.3951466],[5.6132277,52.3951466],[5.6132571,52.3951466],[5.6132865,52.3951466],[5.6133158,52.3951466],[5.6133452,52.3951466],[5.6133746,52.3951466],[5.613404,52.3951466],[5.6134334,52.3951466],[5.6134628,52.3951466],[5.6134921,52.3951466],[5.6135215,52.3951466],[5.6135509,52.3951466],[5.6135803,52.3951466],[5.6136097,52.3951466],[5.613639,52.3951466],[5.6136684,52.3951466],[5.6136978,52.3951466],[5.6137272,52.3951466],[5.6137566,52.3951466],[5.6137859,52.3951466],[5.6138153,52.3951466],[5.6138447,52.3951466],[5.6138741,52.3951466],[5.6139035,52.3951466],[5.6139328,52.3951467],[5.6139622,52.3951467],[5.6139916,52.3951467],[5.614021,52.3951467],[5.6140504,52.3951467],[5.6140798,52.3951467],[5.6141091,52.3951467],[5.6141385,52.3951467],[5.6141679,52.3951467],[5.6141973,52.3951467],[5.6142267,52.3951467],[5.614256,52.3951467],[5.6142854,52.3951467],[5.6143148,52.3951467],[5.6143442,52.3951467],[5.6143736,52.3951467],[5.6144029,52.3951467],[5.6144323,52.3951467],[5.6144617,52.3951467],[5.6144911,52.3951467],[5.6145205,52.3951467],[5.6145498,52.3951467],[5.6145792,52.3951467],[5.6146086,52.3951467],[5.614638,52.3951467],[5.6146674,52.3951467],[5.6146967,52.3951467],[5.6147261,52.3951467],[5.6147555,52.3951467],[5.6147849,52.3951467],[5.6148143,52.3951467],[5.6148437,52.3951467],[5.614873,52.3951467],[5.6149024,52.3951467],[5.6149318,52.3951467],[5.6149612,52.3951467],[5.6149906,52.3951467],[5.6150199,52.3951467],[5.6150493,52.3951467],[5.6150787,52.3951467],[5.6151081,52.3951467],[5.6151375,52.3951467],[5.6151668,52.3951467],[5.6151962,52.3951467],[5.6152256,52.3951467],[5.615255,52.3951467],[5.6152844,52.3951467],[5.6153137,52.3951467],[5.6153431,52.3951467],[5.6153725,52.3951467],[5.6154019,52.3951467],[5.6154313,52.3951467],[5.6154606,52.3951467],[5.61549,52.3951467],[5.6155194,52.3951467],[5.6155488,52.3951467],[5.6155782,52.3951467],[5.6156076,52.3951467],[5.6156369,52.3951467],[5.6156663,52.3951467],[5.6156957,52.3951467],[5.6157251,52.3951467],[5.6157545,52.3951467],[5.6157838,52.3951467],[5.6158132,52.3951467],[5.6158426,52.3951467],[5.615872,52.3951467],[5.6159014,52.3951467],[5.6159307,52.3951467],[5.6159601,52.3951467],[5.6159895,52.3951467],[5.6160189,52.3951467],[5.6160483,52.3951467],[5.6160776,52.3951467],[5.616107,52.3951467],[5.6161364,52.3951467],[5.6161658,52.3951467],[5.6161952,52.3951467],[5.6162245,52.3951467],[5.6162539,52.3951467],[5.6162833,52.3951467],[5.6163127,52.3951467],[5.6163421,52.3951468],[5.6163715,52.3951468],[5.6164008,52.3951468],[5.6164302,52.3951468],[5.6164596,52.3951468],[5.616489,52.3951468],[5.6165184,52.3951468],[5.6165477,52.3951468],[5.6165771,52.3951468],[5.6166065,52.3951468],[5.6166359,52.3951468],[5.6166653,52.3951468],[5.6166946,52.3951468],[5.616724,52.3951468],[5.6167534,52.3951468],[5.6167828,52.3951468],[5.6168122,52.3951468],[5.6168415,52.3951468],[5.6168709,52.3951468],[5.6169003,52.3951468],[5.6169297,52.3951468],[5.6169591,52.3951468],[5.6169884,52.3951468],[5.6170178,52.3951468],[5.6170472,52.3951468],[5.6170766,52.3951468],[5.617106,52.3951468],[5.6171354,52.3951468],[5.6171647,52.3951468],[5.6171941,52.3951468],[5.6172235,52.3951468],[5.6172529,52.3951468],[5.6172823,52.3951468],[5.6173116,52.3951468],[5.617341,52.3951468],[5.6173704,52.3951468],[5.6173998,52.3951468],[5.6174292,52.3951468],[5.6174585,52.3951468],[5.6174879,52.3951468],[5.6175173,52.3951468],[5.6175467,52.3951468],[5.6175761,52.3951468],[5.6176054,52.3951468],[5.6176348,52.3951468],[5.6176642,52.3951468],[5.6176936,52.3951468],[5.617723,52.3951468],[5.6177523,52.3951468],[5.6177817,52.3951468],[5.6178111,52.3951468],[5.6178405,52.3951468],[5.6178699,52.3951468],[5.6178993,52.3951468],[5.6179286,52.3951468],[5.617958,52.3951468],[5.6179874,52.3951468],[5.6180168,52.3951468],[5.6180462,52.3951468],[5.6180755,52.3951468],[5.6181049,52.3951468],[5.6181343,52.3951468],[5.6181637,52.3951468],[5.6181931,52.3951468],[5.6182224,52.3951468],[5.6182518,52.3951468],[5.6182812,52.3951468],[5.6183106,52.3951468],[5.61834,52.3951468],[5.6183693,52.3951468],[5.6183987,52.3951468],[5.6184281,52.3951468],[5.6184575,52.3951468],[5.6184869,52.3951468],[5.6185163,52.3951468],[5.6185456,52.3951468],[5.618575,52.3951468],[5.6186044,52.3951468],[5.6186338,52.3951468],[5.6186632,52.3951468],[5.6186925,52.3951468],[5.6187219,52.3951468],[5.6187513,52.3951468],[5.6187807,52.3951468],[5.6188101,52.3951468],[5.6188394,52.3951468],[5.6188688,52.3951468],[5.6188982,52.3951468],[5.6189276,52.3951468],[5.618957,52.3951468],[5.6189863,52.3951468],[5.6190157,52.3951468],[5.6190451,52.3951468],[5.6190745,52.3951468],[5.6191039,52.3951468],[5.6191332,52.3951468],[5.6191626,52.3951468],[5.619192,52.3951468],[5.6192214,52.3951468],[5.6192508,52.3951468],[5.6192802,52.3951468],[5.6193095,52.3951468],[5.6193389,52.3951468],[5.6193683,52.3951468],[5.6193977,52.3951468],[5.6194271,52.3951468],[5.6194564,52.3951468],[5.6194858,52.3951468],[5.6195152,52.3951468],[5.6195446,52.3951468],[5.619574,52.3951468],[5.6196033,52.3951468],[5.6196327,52.3951468],[5.6196621,52.3951468],[5.6196915,52.3951468],[5.6197209,52.3951468],[5.6197502,52.3951468],[5.6197796,52.3951468],[5.619809,52.3951468],[5.6198384,52.3951468],[5.6198678,52.3951468],[5.6198971,52.3951468],[5.6199265,52.3951468],[5.6199559,52.3951468],[5.6199853,52.3951468],[5.6200147,52.3951468],[5.6200441,52.3951468],[5.6200734,52.3951468],[5.6201028,52.3951468],[5.6201322,52.3951468],[5.6201616,52.3951468],[5.620191,52.3951468],[5.6202203,52.3951468],[5.6202497,52.3951468],[5.6202791,52.3951468],[5.6203085,52.3951468],[5.6203379,52.3951468],[5.6203672,52.3951468],[5.6203966,52.3951468],[5.620426,52.3951468],[5.6204554,52.3951468],[5.6204848,52.3951468],[5.6205141,52.3951468],[5.6205435,52.3951468],[5.6205729,52.3951468],[5.6206023,52.3951468],[5.6206317,52.3951468],[5.620661,52.3951468],[5.6206904,52.3951468],[5.6207198,52.3951468],[5.6207492,52.3951468],[5.6207786,52.3951468],[5.620808,52.3951468],[5.6208373,52.3951468],[5.6208667,52.3951468],[5.6208961,52.3951468],[5.6209255,52.3951468],[5.6209549,52.3951468],[5.6209842,52.3951468],[5.6210136,52.3951468],[5.621043,52.3951468],[5.6210724,52.3951468],[5.6211018,52.3951468],[5.6211311,52.3951468],[5.6211605,52.3951468],[5.6211899,52.3951468],[5.6212193,52.3951468],[5.6212487,52.3951468],[5.621278,52.3951468],[5.6213074,52.3951468],[5.6213368,52.3951468],[5.6213662,52.3951468],[5.6213956,52.3951468],[5.6214249,52.3951468],[5.6214543,52.3951468],[5.6214837,52.3951468],[5.6215131,52.3951468],[5.6215425,52.3951468],[5.6215719,52.3951468],[5.6216012,52.3951468],[5.6216306,52.3951468],[5.62166,52.3951468],[5.6216894,52.3951468],[5.6217188,52.3951468],[5.6217481,52.3951468],[5.6217775,52.3951468],[5.6218069,52.3951468],[5.6218363,52.3951468],[5.6218657,52.3951468],[5.621895,52.3951468],[5.6219244,52.3951468],[5.6219538,52.3951468],[5.6219832,52.3951468],[5.6220126,52.3951468],[5.6220419,52.3951468],[5.6220713,52.3951468],[5.6221007,52.3951468],[5.6221301,52.3951468],[5.6221595,52.3951468],[5.6221888,52.3951468],[5.6222182,52.3951468],[5.6222476,52.3951468],[5.622277,52.3951468],[5.6223064,52.3951468],[5.6223358,52.3951468],[5.6223651,52.3951468],[5.6223945,52.3951468],[5.6224239,52.3951468],[5.6224533,52.3951468],[5.6224827,52.3951468],[5.622512,52.3951468],[5.6225414,52.3951468],[5.6225708,52.3951468],[5.6226002,52.3951468],[5.6226296,52.3951468],[5.6226589,52.3951468],[5.6226883,52.3951468],[5.6227177,52.3951468],[5.6227471,52.3951468],[5.6227765,52.3951468],[5.6228058,52.3951468],[5.6228352,52.3951468],[5.6228646,52.3951468],[5.622894,52.3951468],[5.6229234,52.3951468],[5.6229528,52.3951468],[5.6229821,52.3951468],[5.6230115,52.3951468],[5.6230409,52.3951468],[5.6230703,52.3951468],[5.6230997,52.3951468],[5.623129,52.3951468],[5.6231584,52.3951468],[5.6231878,52.3951468],[5.6232172,52.3951468],[5.6232466,52.3951468],[5.6232759,52.3951468],[5.6233053,52.3951468],[5.6233347,52.3951468],[5.6233641,52.3951468],[5.6233935,52.3951468],[5.6234228,52.3951468],[5.6234522,52.3951468],[5.6234816,52.3951468],[5.623511,52.3951468],[5.6235404,52.3951468],[5.6235697,52.3951468],[5.6235991,52.3951468],[5.6236285,52.3951468],[5.6236579,52.3951468],[5.6236873,52.3951467],[5.6237167,52.3951467],[5.623746,52.3951467],[5.6237754,52.3951467],[5.6238048,52.3951467],[5.6238342,52.3951467],[5.6238636,52.3951467],[5.6238929,52.3951467],[5.6239223,52.3951467],[5.6239517,52.3951467],[5.6239811,52.3951467],[5.6240105,52.3951467],[5.6240398,52.3951467],[5.6240692,52.3951467],[5.6240986,52.3951467],[5.624128,52.3951467],[5.6241574,52.3951467],[5.6241867,52.3951467],[5.6242161,52.3951467],[5.6242455,52.3951467],[5.6242749,52.3951467],[5.6243043,52.3951467],[5.6243336,52.3951467],[5.624363,52.3951467],[5.6243924,52.3951467],[5.6244218,52.3951467],[5.6244512,52.3951467],[5.6244806,52.3951467],[5.6245099,52.3951467],[5.6245393,52.3951467],[5.6245687,52.3951467],[5.6245981,52.3951467],[5.6246275,52.3951467],[5.6246568,52.3951467],[5.6246862,52.3951467],[5.6247156,52.3951467],[5.624745,52.3951467],[5.6247744,52.3951467],[5.6248037,52.3951467],[5.6248331,52.3951467],[5.6248625,52.3951467],[5.6248919,52.3951467],[5.6249213,52.3951467],[5.6249506,52.3951467],[5.62498,52.3951467],[5.6250094,52.3951467],[5.6250388,52.3951467],[5.6250682,52.3951467],[5.6250975,52.3951467],[5.6251269,52.3951467],[5.6251563,52.3951467],[5.6251857,52.3951467],[5.6252151,52.3951467],[5.6252445,52.3951467],[5.6252738,52.3951467],[5.6253032,52.3951467],[5.6253326,52.3951467],[5.625362,52.3951467],[5.6253914,52.3951467],[5.6254207,52.3951467],[5.6254501,52.3951467],[5.6254795,52.3951467],[5.6255089,52.3951467],[5.6255383,52.3951467],[5.6255676,52.3951467],[5.625597,52.3951467],[5.6256264,52.3951467],[5.6256558,52.3951467],[5.6256852,52.3951467],[5.6257145,52.3951467],[5.6257439,52.3951467],[5.6257733,52.3951467],[5.6258027,52.3951467],[5.6258321,52.3951467],[5.6258614,52.3951467],[5.6258908,52.3951467],[5.6259202,52.3951467],[5.6259496,52.3951467],[5.625979,52.3951467],[5.6260084,52.3951467],[5.6260377,52.3951467],[5.6260671,52.3951467],[5.6260965,52.3951466],[5.6261259,52.3951466],[5.6261553,52.3951466],[5.6261846,52.3951466],[5.626214,52.3951466],[5.6262434,52.3951466],[5.6262728,52.3951466],[5.6263022,52.3951466],[5.6263315,52.3951466],[5.6263609,52.3951466],[5.6263903,52.3951466],[5.6264197,52.3951466],[5.6264491,52.3951466],[5.6264784,52.3951466],[5.6265078,52.3951466],[5.6265372,52.3951466],[5.6265666,52.3951466],[5.626596,52.3951466],[5.6266253,52.3951466],[5.6266547,52.3951466],[5.6266841,52.3951466],[5.6267135,52.3951466],[5.6267429,52.3951466],[5.6267723,52.3951466],[5.6268016,52.3951466],[5.626831,52.3951466],[5.6268604,52.3951466],[5.6268898,52.3951466],[5.6269192,52.3951466],[5.6269485,52.3951466],[5.6269779,52.3951466],[5.6270073,52.3951466],[5.6270367,52.3951466],[5.6270661,52.3951466],[5.6270954,52.3951466],[5.6271248,52.3951466],[5.6271542,52.3951466],[5.6271836,52.3951466],[5.627213,52.3951466],[5.6272423,52.3951466],[5.6272717,52.3951466],[5.6273011,52.3951466],[5.6273305,52.3951466],[5.6273599,52.3951466],[5.6273893,52.3951466],[5.6274186,52.3951466],[5.627448,52.3951466],[5.6274774,52.3951466],[5.6275068,52.3951466],[5.6275362,52.3951466],[5.6275655,52.3951466],[5.6275949,52.3951466],[5.6276243,52.3951466],[5.6276537,52.3951466],[5.6276831,52.3951466],[5.6277124,52.3951466],[5.6277418,52.3951466],[5.6277712,52.3951466],[5.6278006,52.3951465],[5.62783,52.3951465],[5.6278593,52.3951465],[5.6278887,52.3951465],[5.6279181,52.3951465],[5.6279475,52.3951465],[5.6279769,52.3951465],[5.6280062,52.3951465],[5.6280356,52.3951465],[5.628065,52.3951465],[5.6280944,52.3951465],[5.6281238,52.3951465],[5.6281532,52.3951465],[5.6281825,52.3951465],[5.6282119,52.3951465],[5.6282413,52.3951465],[5.6282707,52.3951465],[5.6283001,52.3951465],[5.6283294,52.3951465],[5.6283588,52.3951465],[5.6283882,52.3951465],[5.6284176,52.3951465],[5.628447,52.3951465],[5.6284763,52.3951465],[5.6285057,52.3951465],[5.6285351,52.3951465],[5.6285645,52.3951465],[5.6285939,52.3951465],[5.6286232,52.3951465],[5.6286526,52.3951465],[5.628682,52.3951465],[5.6287114,52.3951465],[5.6287408,52.3951465],[5.6287701,52.3951465],[5.6287995,52.3951465],[5.6288289,52.3951465],[5.6288583,52.3951465],[5.6288877,52.3951465],[5.6289171,52.3951465],[5.6289464,52.3951465],[5.6289758,52.3951465],[5.6290052,52.3951465],[5.6290346,52.3951465],[5.629064,52.3951465],[5.6290933,52.3951465],[5.6291227,52.3951465],[5.6291521,52.3951465],[5.6291815,52.3951465],[5.6292109,52.3951464],[5.6292402,52.3951464],[5.6292696,52.3951464],[5.629299,52.3951464],[5.6293284,52.3951464],[5.6293578,52.3951464],[5.6293871,52.3951464],[5.6294165,52.3951464],[5.6294459,52.3951464],[5.6294753,52.3951464],[5.6295047,52.3951464],[5.629534,52.3951464],[5.6295634,52.3951464],[5.6295928,52.3951464],[5.6296222,52.3951464],[5.6296516,52.3951464],[5.629681,52.3951464],[5.6297103,52.3951464],[5.6297397,52.3951464],[5.6297691,52.3951464],[5.6297985,52.3951464],[5.6298279,52.3951464],[5.6298572,52.3951464],[5.6298866,52.3951464],[5.629916,52.3951464],[5.6299454,52.3951464],[5.6299748,52.3951464],[5.6300041,52.3951464],[5.6300335,52.3951464],[5.6300629,52.3951464],[5.6300923,52.3951464],[5.6301217,52.3951464],[5.630151,52.3951464],[5.6301804,52.3951464],[5.6302098,52.3951464],[5.6302392,52.3951464],[5.6302686,52.3951464],[5.6302979,52.3951464],[5.6303273,52.3951464],[5.6303567,52.3951464],[5.6303861,52.3951464],[5.6304155,52.3951463],[5.6304449,52.3951463],[5.6304742,52.3951463],[5.6305036,52.3951463],[5.630533,52.3951463],[5.6305624,52.3951463],[5.6305918,52.3951463],[5.6306211,52.3951463],[5.6306505,52.3951463],[5.6306799,52.3951463],[5.6307093,52.3951463],[5.6307387,52.3951463],[5.630768,52.3951463],[5.6307974,52.3951463],[5.6308268,52.3951463],[5.6308562,52.3951463],[5.6308856,52.3951463],[5.6309149,52.3951463],[5.6309443,52.3951463],[5.6309737,52.3951463],[5.6310031,52.3951463],[5.6310325,52.3951463],[5.6310618,52.3951463],[5.6310912,52.3951463],[5.6311206,52.3951463],[5.63115,52.3951463],[5.6311794,52.3951463],[5.6312088,52.3951463],[5.6312381,52.3951463],[5.6312675,52.3951463],[5.6312969,52.3951463],[5.6313263,52.3951463],[5.6313557,52.3951463],[5.631385,52.3951463],[5.6314144,52.3951463],[5.6314438,52.3951463],[5.6314732,52.3951463],[5.6315026,52.3951462],[5.6315319,52.3951462],[5.6315613,52.3951462],[5.6315907,52.3951462],[5.6316201,52.3951462],[5.6316495,52.3951462],[5.6316788,52.3951462],[5.6317082,52.3951462],[5.6317376,52.3951462],[5.631767,52.3951462],[5.6317964,52.3951462],[5.6318258,52.3951462],[5.6318551,52.3951462],[5.6318845,52.3951462],[5.6319139,52.3951462],[5.6319433,52.3951462],[5.6319727,52.3951462],[5.632002,52.3951462],[5.6320314,52.3951462],[5.6320608,52.3951462],[5.6320902,52.3951462],[5.6321196,52.3951462],[5.6321489,52.3951462],[5.6321783,52.3951462],[5.6322077,52.3951462],[5.6322371,52.3951462],[5.6322665,52.3951462],[5.6322958,52.3951462],[5.6323252,52.3951462],[5.6323546,52.3951462],[5.632384,52.3951462],[5.6324134,52.3951462],[5.6324427,52.3951462],[5.6324721,52.3951461],[5.6325015,52.3951461],[5.6325309,52.3951461],[5.6325603,52.3951461],[5.6325897,52.3951461],[5.632619,52.3951461],[5.6326484,52.3951461],[5.6326778,52.3951461],[5.6327072,52.3951461],[5.6327366,52.3951461],[5.6327659,52.3951461],[5.6327953,52.3951461],[5.6328247,52.3951461],[5.6328541,52.3951461],[5.6328835,52.3951461],[5.6329128,52.3951461],[5.6329422,52.3951461],[5.6329716,52.3951461],[5.633001,52.3951461],[5.6330304,52.3951461],[5.6330597,52.3951461],[5.6330891,52.3951461],[5.6331185,52.3951461],[5.6331479,52.3951461],[5.6331773,52.3951461],[5.6332066,52.3951461],[5.633236,52.3951461],[5.6332654,52.3951461],[5.6332948,52.3951461],[5.6333242,52.3951461],[5.6333536,52.3951461],[5.6333829,52.395146],[5.6334123,52.395146],[5.6334417,52.395146],[5.6334711,52.395146],[5.6335005,52.395146],[5.6335298,52.395146],[5.6335592,52.395146],[5.6335886,52.395146],[5.633618,52.395146],[5.6336474,52.395146],[5.6336767,52.395146],[5.6337061,52.395146],[5.6337355,52.395146],[5.6337649,52.395146],[5.6337943,52.395146],[5.6338236,52.395146],[5.633853,52.395146],[5.6338824,52.395146],[5.6339118,52.395146],[5.6339412,52.395146],[5.6339705,52.395146],[5.6339999,52.395146],[5.6340293,52.395146],[5.6340587,52.395146],[5.6340881,52.395146],[5.6341175,52.395146],[5.6341468,52.395146],[5.6341762,52.395146],[5.6342056,52.395146],[5.634235,52.3951459],[5.6342644,52.3951459],[5.6342937,52.3951459],[5.6343231,52.3951459],[5.6343525,52.3951459],[5.6343819,52.3951459],[5.6344113,52.3951459],[5.6344406,52.3951459],[5.63447,52.3951459],[5.6344994,52.3951459],[5.6345288,52.3951459],[5.6345582,52.3951459],[5.6345875,52.3951459],[5.6346169,52.3951459],[5.6346463,52.3951459],[5.6346757,52.3951459],[5.6347051,52.3951459],[5.6347344,52.3951459],[5.6347638,52.3951459],[5.6347932,52.3951459],[5.6348226,52.3951459],[5.634852,52.3951459],[5.6348814,52.3951459],[5.6349107,52.3951459],[5.6349401,52.3951459],[5.6349695,52.3951459],[5.6349989,52.3951459],[5.6350283,52.3951459],[5.6350576,52.3951458],[5.635087,52.3951458],[5.6351164,52.3951458],[5.6351458,52.3951458],[5.6351752,52.3951458],[5.6352045,52.3951458],[5.6352339,52.3951458],[5.6352633,52.3951458],[5.6352927,52.3951458],[5.6353221,52.3951458],[5.6353514,52.3951458],[5.6353808,52.3951458],[5.6354102,52.3951458],[5.6354396,52.3951458],[5.635469,52.3951458],[5.6354983,52.3951458],[5.6355277,52.3951458],[5.6355571,52.3951458],[5.6355865,52.3951458],[5.6356159,52.3951458],[5.6356453,52.3951458],[5.6356746,52.3951458],[5.635704,52.3951458],[5.6357334,52.3951458],[5.6357628,52.3951458],[5.6357922,52.3951458],[5.6358215,52.3951457],[5.6358509,52.3951457],[5.6358803,52.3951457],[5.6359097,52.3951457],[5.6359391,52.3951457],[5.6359684,52.3951457],[5.6359978,52.3951457],[5.6360272,52.3951457],[5.6360566,52.3951457],[5.636086,52.3951457],[5.6361153,52.3951457],[5.6361447,52.3951457],[5.6361741,52.3951457],[5.6362035,52.3951457],[5.6362329,52.3951457],[5.6362622,52.3951457],[5.6362916,52.3951457],[5.636321,52.3951457],[5.6363504,52.3951457],[5.6363798,52.3951457],[5.6364092,52.3951457],[5.6364385,52.3951457],[5.6364679,52.3951457],[5.6364973,52.3951457],[5.6365267,52.3951457],[5.6365561,52.3951456],[5.6365854,52.3951456],[5.6366148,52.3951456],[5.6366442,52.3951456],[5.6366736,52.3951456],[5.636703,52.3951456],[5.6367323,52.3951456],[5.6367617,52.3951456],[5.6367911,52.3951456],[5.6368205,52.3951456],[5.6368499,52.3951456],[5.6368792,52.3951456],[5.6369086,52.3951456],[5.636938,52.3951456],[5.6369674,52.3951456],[5.6369968,52.3951456],[5.6370262,52.3951456],[5.6370555,52.3951456],[5.6370849,52.3951456],[5.6371143,52.3951456],[5.6371437,52.3951456],[5.6371731,52.3951456],[5.6372024,52.3951456],[5.6372318,52.3951456],[5.6372612,52.3951455],[5.6372906,52.3951455],[5.63732,52.3951455],[5.6373493,52.3951455],[5.6373787,52.3951455],[5.6374081,52.3951455],[5.6374375,52.3951455],[5.6374669,52.3951455],[5.6374962,52.3951455],[5.6375256,52.3951455],[5.637555,52.3951455],[5.6375844,52.3951455],[5.6376138,52.3951455],[5.6376431,52.3951455],[5.6376725,52.3951455],[5.6377019,52.3951455],[5.6377313,52.3951455],[5.6377607,52.3951455],[5.6377901,52.3951455],[5.6378194,52.3951455],[5.6378488,52.3951455],[5.6378782,52.3951455],[5.6379076,52.3951455],[5.637937,52.3951454],[5.6379663,52.3951454],[5.6379957,52.3951454],[5.6380251,52.3951454],[5.6380545,52.3951454],[5.6380839,52.3951454],[5.6381132,52.3951454],[5.6381426,52.3951454],[5.638172,52.3951454],[5.6382014,52.3951454],[5.6382308,52.3951454],[5.6382601,52.3951454],[5.6382895,52.3951454],[5.6383189,52.3951454],[5.6383483,52.3951454],[5.6383777,52.3951454],[5.638407,52.3951454],[5.6384364,52.3951454],[5.6384658,52.3951454],[5.6384952,52.3951454],[5.6385246,52.3951454],[5.638554,52.3951454],[5.6385833,52.3951453],[5.6386127,52.3951453],[5.6386421,52.3951453],[5.6386715,52.3951453],[5.6387009,52.3951453],[5.6387302,52.3951453],[5.6387596,52.3951453],[5.638789,52.3951453],[5.6388184,52.3951453],[5.6388478,52.3951453],[5.6388771,52.3951453],[5.6389065,52.3951453],[5.6389359,52.3951453],[5.6389653,52.3951453],[5.6389947,52.3951453],[5.639024,52.3951453],[5.6390534,52.3951453],[5.6390828,52.3951453],[5.6391122,52.3951453],[5.6391416,52.3951453],[5.6391709,52.3951453],[5.6392003,52.3951452],[5.6392297,52.3951452],[5.6392591,52.3951452],[5.6392885,52.3951452],[5.6393179,52.3951452],[5.6393472,52.3951452],[5.6393766,52.3951452],[5.639406,52.3951452],[5.6394354,52.3951452],[5.6394648,52.3951452],[5.6394941,52.3951452],[5.6395235,52.3951452],[5.6395529,52.3951452],[5.6395823,52.3951452],[5.6396117,52.3951452],[5.639641,52.3951452],[5.6396704,52.3951452],[5.6396998,52.3951452],[5.6397292,52.3951452],[5.6397586,52.3951452],[5.6397879,52.3951452],[5.6398173,52.3951451],[5.6398467,52.3951451],[5.6398761,52.3951451],[5.6399055,52.3951451],[5.6399348,52.3951451],[5.6399642,52.3951451],[5.6399936,52.3951451],[5.640023,52.3951451],[5.6400524,52.3951451],[5.6400818,52.3951451],[5.6401111,52.3951451],[5.6401405,52.3951451],[5.6401699,52.3951451],[5.6401993,52.3951451],[5.6402287,52.3951451],[5.640258,52.3951451],[5.6402874,52.3951451],[5.6403168,52.3951451],[5.6403462,52.3951451],[5.6403756,52.3951451],[5.6404049,52.395145],[5.6404343,52.395145],[5.6404637,52.395145],[5.6404931,52.395145],[5.6405225,52.395145],[5.6405518,52.395145],[5.6405812,52.395145],[5.6406106,52.395145],[5.64064,52.395145],[5.6406694,52.395145],[5.6406987,52.395145],[5.6407281,52.395145],[5.6407575,52.395145],[5.6407869,52.395145],[5.6408163,52.395145],[5.6408457,52.395145],[5.640875,52.395145],[5.6409044,52.395145],[5.6409338,52.395145],[5.6409632,52.3951449],[5.6409926,52.3951449],[5.6410219,52.3951449],[5.6410513,52.3951449],[5.6410807,52.3951449],[5.6411101,52.3951449],[5.6411395,52.3951449],[5.6411688,52.3951449],[5.6411982,52.3951449],[5.6412276,52.3951449],[5.641257,52.3951449],[5.6412864,52.3951449],[5.6413157,52.3951449],[5.6413451,52.3951449],[5.6413745,52.3951449],[5.6414039,52.3951449],[5.6414333,52.3951449],[5.6414627,52.3951449],[5.641492,52.3951449],[5.6415214,52.3951448],[5.6415508,52.3951448],[5.6415802,52.3951448],[5.6416096,52.3951448],[5.6416389,52.3951448],[5.6416683,52.3951448],[5.6416977,52.3951448],[5.6417271,52.3951448],[5.6417565,52.3951448],[5.6417858,52.3951448],[5.6418152,52.3951448],[5.6418446,52.3951448],[5.641874,52.3951448],[5.6419034,52.3951448],[5.6419327,52.3951448],[5.6419621,52.3951448],[5.6419915,52.3951448],[5.6420209,52.3951448],[5.6420503,52.3951448],[5.6420796,52.3951447],[5.642109,52.3951447],[5.6421384,52.3951447],[5.6421678,52.3951447],[5.6421972,52.3951447],[5.6422266,52.3951447],[5.6422559,52.3951447],[5.6422853,52.3951447],[5.6423147,52.3951447],[5.6423441,52.3951447],[5.6423735,52.3951447],[5.6424028,52.3951447],[5.6424322,52.3951447],[5.6424616,52.3951447],[5.642491,52.3951447],[5.6425204,52.3951447],[5.6425497,52.3951447],[5.6425791,52.3951447],[5.6426085,52.3951446],[5.6426379,52.3951446],[5.6426673,52.3951446],[5.6426966,52.3951446],[5.642726,52.3951446],[5.6427554,52.3951446],[5.6427848,52.3951446],[5.6428142,52.3951446],[5.6428435,52.3951446],[5.6428729,52.3951446],[5.6429023,52.3951446],[5.6429317,52.3951446],[5.6429611,52.3951446],[5.6429905,52.3951446],[5.6430198,52.3951446],[5.6430492,52.3951446],[5.6430786,52.3951446],[5.643108,52.3951445],[5.6431374,52.3951445],[5.6431667,52.3951445],[5.6431961,52.3951445],[5.6432255,52.3951445],[5.6432549,52.3951445],[5.6432843,52.3951445],[5.6433136,52.3951445],[5.643343,52.3951445],[5.6433724,52.3951445],[5.6434018,52.3951445],[5.6434312,52.3951445],[5.6434605,52.3951445],[5.6434899,52.3951445],[5.6435193,52.3951445],[5.6435487,52.3951445],[5.6435781,52.3951445],[5.6436074,52.3951444],[5.6436368,52.3951444],[5.6436662,52.3951444],[5.6436956,52.3951444],[5.643725,52.3951444],[5.6437544,52.3951444],[5.6437837,52.3951444],[5.6438131,52.3951444],[5.6438425,52.3951444],[5.6438719,52.3951444],[5.6439013,52.3951444],[5.6439306,52.3951444],[5.64396,52.3951444],[5.6439894,52.3951444],[5.6440188,52.3951444],[5.6440482,52.3951444],[5.6440775,52.3951444],[5.6441069,52.3951443],[5.6441363,52.3951443],[5.6441657,52.3951443],[5.6441951,52.3951443],[5.6442244,52.3951443],[5.6442538,52.3951443],[5.6442832,52.3951443],[5.6443126,52.3951443],[5.644342,52.3951443],[5.6443713,52.3951443],[5.6444007,52.3951443],[5.6444301,52.3951443],[5.6444595,52.3951443],[5.6444889,52.3951443],[5.6445183,52.3951443],[5.6445476,52.3951443],[5.644577,52.3951443],[5.6446064,52.3951442],[5.6446358,52.3951442],[5.6446652,52.3951442],[5.6446945,52.3951442],[5.6447239,52.3951442],[5.6447533,52.3951442],[5.6447827,52.3951442],[5.6448121,52.3951442],[5.6448414,52.3951442],[5.6448708,52.3951442],[5.6449002,52.3951442],[5.6449296,52.3951442],[5.644959,52.3951442],[5.6449883,52.3951442],[5.6450177,52.3951442],[5.6450471,52.3951442],[5.6450765,52.3951441],[5.6451059,52.3951441],[5.6451352,52.3951441],[5.6451646,52.3951441],[5.645194,52.3951441],[5.6452234,52.3951441],[5.6452528,52.3951441],[5.6452822,52.3951441],[5.6453115,52.3951441],[5.6453409,52.3951441],[5.6453703,52.3951441],[5.6453997,52.3951441],[5.6454291,52.3951441],[5.6454584,52.3951441],[5.6454878,52.3951441],[5.6455172,52.3951441],[5.6455466,52.395144],[5.645576,52.395144],[5.6456053,52.395144],[5.6456347,52.395144],[5.6456641,52.395144],[5.6456935,52.395144],[5.6457229,52.395144],[5.6457522,52.395144],[5.6457816,52.395144],[5.645811,52.395144],[5.6458404,52.395144],[5.6458698,52.395144],[5.6458991,52.395144],[5.6459285,52.395144],[5.6459579,52.395144],[5.6459873,52.395144],[5.6460167,52.3951439],[5.6460461,52.3951439],[5.6460754,52.3951439],[5.6461048,52.3951439],[5.6461342,52.3951439],[5.6461636,52.3951439],[5.646193,52.3951439],[5.6462223,52.3951439],[5.6462517,52.3951439],[5.6462811,52.3951439],[5.6463105,52.3951439],[5.6463399,52.3951439],[5.6463692,52.3951439],[5.6463986,52.3951439],[5.646428,52.3951439],[5.6464574,52.3951438],[5.6464868,52.3951438],[5.6465161,52.3951438],[5.6465455,52.3951438],[5.6465749,52.3951438],[5.6466043,52.3951438],[5.6466337,52.3951438],[5.6466631,52.3951438],[5.6466924,52.3951438],[5.6467218,52.3951438],[5.6467512,52.3951438],[5.6467806,52.3951438],[5.64681,52.3951438],[5.6468393,52.3951438],[5.6468687,52.3951438],[5.6468981,52.3951437],[5.6469275,52.3951437],[5.6469569,52.3951437],[5.6469862,52.3951437],[5.6470156,52.3951437],[5.647045,52.3951437],[5.6470744,52.3951437],[5.6471038,52.3951437],[5.6471331,52.3951437],[5.6471625,52.3951437],[5.6471919,52.3951437],[5.6472213,52.3951437],[5.6472507,52.3951437],[5.64728,52.3951437],[5.6473094,52.3951437],[5.6473388,52.3951436],[5.6473682,52.3951436],[5.6473976,52.3951436],[5.647427,52.3951436],[5.6474563,52.3951436],[5.6474857,52.3951436],[5.6475151,52.3951436],[5.6475445,52.3951436],[5.6475739,52.3951436],[5.6476032,52.3951436],[5.6476326,52.3951436],[5.647662,52.3951436],[5.6476914,52.3951436],[5.6477208,52.3951436],[5.6477501,52.3951435],[5.6477795,52.3951435],[5.6478089,52.3951435],[5.6478383,52.3951435],[5.6478677,52.3951435],[5.647897,52.3951435],[5.6479264,52.3951435],[5.6479558,52.3951435],[5.6479852,52.3951435],[5.6480146,52.3951435],[5.6480439,52.3951435],[5.6480733,52.3951435],[5.6481027,52.3951435],[5.6481321,52.3951435],[5.6481615,52.3951435],[5.6481909,52.3951434],[5.6482202,52.3951434],[5.6482496,52.3951434],[5.648279,52.3951434],[5.6483084,52.3951434],[5.6483378,52.3951434],[5.6483671,52.3951434],[5.6483965,52.3951434],[5.6484259,52.3951434],[5.6484553,52.3951434],[5.6484847,52.3951434],[5.648514,52.3951434],[5.6485434,52.3951434],[5.6485728,52.3951434],[5.6486022,52.3951433],[5.6486316,52.3951433],[5.6486609,52.3951433],[5.6486903,52.3951433],[5.6487197,52.3951433],[5.6487491,52.3951433],[5.6487785,52.3951433],[5.6488078,52.3951433],[5.6488372,52.3951433],[5.6488666,52.3951433],[5.648896,52.3951433],[5.6489254,52.3951433],[5.6489548,52.3951433],[5.6489841,52.3951433],[5.6490135,52.3951432],[5.6490429,52.3951432],[5.6490723,52.3951432],[5.6491017,52.3951432],[5.649131,52.3951432],[5.6491604,52.3951432],[5.6491898,52.3951432],[5.6492192,52.3951432],[5.6492486,52.3951432],[5.6492779,52.3951432],[5.6493073,52.3951432],[5.6493367,52.3951432],[5.6493661,52.3951432],[5.6493955,52.3951432],[5.6494248,52.3951431],[5.6494542,52.3951431],[5.6494836,52.3951431],[5.649513,52.3951431],[5.6495424,52.3951431],[5.6495717,52.3951431],[5.6496011,52.3951431],[5.6496305,52.3951431],[5.6496599,52.3951431],[5.6496893,52.3951431],[5.6497187,52.3951431],[5.649748,52.3951431],[5.6497774,52.3951431],[5.6498068,52.395143],[5.6498362,52.395143],[5.6498656,52.395143],[5.6498949,52.395143],[5.6499243,52.395143],[5.6499537,52.395143],[5.6499831,52.395143],[5.6500125,52.395143],[5.6500418,52.395143],[5.6500712,52.395143],[5.6501006,52.395143],[5.65013,52.395143],[5.6501594,52.395143],[5.6501887,52.395143],[5.6502181,52.3951429],[5.6502475,52.3951429],[5.6502769,52.3951429],[5.6503063,52.3951429],[5.6503356,52.3951429],[5.650365,52.3951429],[5.6503944,52.3951429],[5.6504238,52.3951429],[5.6504532,52.3951429],[5.6504826,52.3951429],[5.6505119,52.3951429],[5.6505413,52.3951429],[5.6505707,52.3951429],[5.6506001,52.3951428],[5.6506295,52.3951428],[5.6506588,52.3951428],[5.6506882,52.3951428],[5.6507176,52.3951428],[5.650747,52.3951428],[5.6507764,52.3951428],[5.6508057,52.3951428],[5.6508351,52.3951428],[5.6508645,52.3951428],[5.6508939,52.3951428],[5.6509233,52.3951428],[5.6509526,52.3951428],[5.650982,52.3951427],[5.6510114,52.3951427],[5.6510408,52.3951427],[5.6510702,52.3951427],[5.6510995,52.3951427],[5.6511289,52.3951427],[5.6511583,52.3951427],[5.6511877,52.3951427],[5.6512171,52.3951427],[5.6512465,52.3951427],[5.6512758,52.3951427],[5.6513052,52.3951427],[5.6513346,52.3951427],[5.651364,52.3951426],[5.6513934,52.3951426],[5.6514227,52.3951426],[5.6514521,52.3951426],[5.6514815,52.3951426],[5.6515109,52.3951426],[5.6515403,52.3951426],[5.6515696,52.3951426],[5.651599,52.3951426],[5.6516284,52.3951426],[5.6516578,52.3951426],[5.6516872,52.3951426],[5.6517165,52.3951426],[5.6517459,52.3951425],[5.6517753,52.3951425],[5.6518047,52.3951425],[5.6518341,52.3951425],[5.6518634,52.3951425],[5.6518928,52.3951425],[5.6519222,52.3951425],[5.6519516,52.3951425],[5.651981,52.3951425],[5.6520104,52.3951425],[5.6520397,52.3951425],[5.6520691,52.3951425],[5.6520985,52.3951424],[5.6521279,52.3951424],[5.6521573,52.3951424],[5.6521866,52.3951424],[5.652216,52.3951424],[5.6522454,52.3951424],[5.6522748,52.3951424],[5.6523042,52.3951424],[5.6523335,52.3951424],[5.6523629,52.3951424],[5.6523923,52.3951424],[5.6524217,52.3951424],[5.6524511,52.3951424],[5.6524804,52.3951423],[5.6525098,52.3951423],[5.6525392,52.3951423],[5.6525686,52.3951423],[5.652598,52.3951423],[5.6526274,52.3951423],[5.6526567,52.3951423],[5.6526861,52.3951423],[5.6527155,52.3951423],[5.6527449,52.3951423],[5.6527743,52.3951423],[5.6528036,52.3951423],[5.652833,52.3951422],[5.6528624,52.3951422],[5.6528918,52.3951422],[5.6529212,52.3951422],[5.6529505,52.3951422],[5.6529799,52.3951422],[5.6530093,52.3951422],[5.6530387,52.3951422],[5.6530681,52.3951422],[5.6530974,52.3951422],[5.6531268,52.3951422],[5.6531562,52.3951422],[5.6531856,52.3951421],[5.653215,52.3951421],[5.6532443,52.3951421],[5.6532737,52.3951421],[5.6533031,52.3951421],[5.6533325,52.3951421],[5.6533619,52.3951421],[5.6533913,52.3951421],[5.6534206,52.3951421],[5.65345,52.3951421],[5.6534794,52.3951421],[5.6535088,52.3951421],[5.6535382,52.395142],[5.6535675,52.395142],[5.6535969,52.395142],[5.6536263,52.395142],[5.6536557,52.395142],[5.6536851,52.395142],[5.6537144,52.395142],[5.6537438,52.395142],[5.6537732,52.395142],[5.6538026,52.395142],[5.653832,52.395142],[5.6538613,52.395142],[5.6538907,52.3951419],[5.6539201,52.3951419],[5.6539495,52.3951419],[5.6539789,52.3951419],[5.6540082,52.3951419],[5.6540376,52.3951419],[5.654067,52.3951419],[5.6540964,52.3951419],[5.6541258,52.3951419],[5.6541552,52.3951419],[5.6541845,52.3951419],[5.6542139,52.3951419],[5.6542433,52.3951418],[5.6542727,52.3951418],[5.6543021,52.3951418],[5.6543314,52.3951418],[5.6543608,52.3951418],[5.6543902,52.3951418],[5.6544196,52.3951418],[5.654449,52.3951418],[5.6544783,52.3951418],[5.6545077,52.3951418],[5.6545371,52.3951418],[5.6545665,52.3951418],[5.6545959,52.3951417],[5.6546252,52.3951417],[5.6546546,52.3951417],[5.654684,52.3951417],[5.6547134,52.3951417],[5.6547428,52.3951417],[5.6547721,52.3951417],[5.6548015,52.3951417],[5.6548309,52.3951417],[5.6548603,52.3951417],[5.6548897,52.3951417],[5.6549191,52.3951416],[5.6549484,52.3951416],[5.6549778,52.3951416],[5.6550072,52.3951416],[5.6550366,52.3951416],[5.655066,52.3951416],[5.6550953,52.3951416],[5.6551247,52.3951416],[5.6551541,52.3951416],[5.6551835,52.3951416],[5.6552129,52.3951416],[5.6552422,52.3951416],[5.6552716,52.3951415],[5.655301,52.3951415],[5.6553304,52.3951415],[5.6553598,52.3951415],[5.6553891,52.3951415],[5.6554185,52.3951415],[5.6554479,52.3951415],[5.6554773,52.3951415],[5.6555067,52.3951415],[5.655536,52.3951415],[5.6555654,52.3951415],[5.6555948,52.3951414],[5.6556242,52.3951414],[5.6556536,52.3951414],[5.655683,52.3951414],[5.6557123,52.3951414],[5.6557417,52.3951414],[5.6557711,52.3951414],[5.6558005,52.3951414],[5.6558299,52.3951414],[5.6558592,52.3951414],[5.6558886,52.3951414],[5.655918,52.3951414],[5.6559474,52.3951413],[5.6559768,52.3951413],[5.6560061,52.3951413],[5.6560355,52.3951413],[5.6560649,52.3951413],[5.6560943,52.3951413],[5.6561237,52.3951413],[5.656153,52.3951413],[5.6561824,52.3951413],[5.6562118,52.3951413],[5.6562412,52.3951413],[5.6562706,52.3951412],[5.6562999,52.3951412],[5.6563293,52.3951412],[5.6563587,52.3951412],[5.6563881,52.3951412],[5.6564175,52.3951412],[5.6564469,52.3951412],[5.6564762,52.3951412],[5.6565056,52.3951412],[5.656535,52.3951412],[5.6565644,52.3951412],[5.6565938,52.3951411],[5.6566231,52.3951411],[5.6566525,52.3951411],[5.6566819,52.3951411],[5.6567113,52.3951411],[5.6567407,52.3951411],[5.65677,52.3951411],[5.6567994,52.3951411],[5.6568288,52.3951411],[5.6568582,52.3951411],[5.6568876,52.3951411],[5.6569169,52.395141],[5.6569463,52.395141],[5.6569757,52.395141],[5.6570051,52.395141],[5.6570345,52.395141],[5.6570638,52.395141],[5.6570932,52.395141],[5.6571226,52.395141],[5.657152,52.395141],[5.6571814,52.395141],[5.6572108,52.395141],[5.6572401,52.3951409],[5.6572695,52.3951409],[5.6572989,52.3951409],[5.6573283,52.3951409],[5.6573577,52.3951409],[5.657387,52.3951409],[5.6574164,52.3951409],[5.6574458,52.3951409],[5.6574752,52.3951409],[5.6575046,52.3951409],[5.6575339,52.3951408],[5.6575633,52.3951408],[5.6575927,52.3951408],[5.6576221,52.3951408],[5.6576515,52.3951408],[5.6576808,52.3951408],[5.6577102,52.3951408],[5.6577396,52.3951408],[5.657769,52.3951408],[5.6577984,52.3951408],[5.6578277,52.3951408],[5.6578571,52.3951407],[5.6578865,52.3951407],[5.6579159,52.3951407],[5.6579453,52.3951407],[5.6579747,52.3951407],[5.658004,52.3951407],[5.6580334,52.3951407],[5.6580628,52.3951407],[5.6580922,52.3951407],[5.6581216,52.3951407],[5.6581509,52.3951407],[5.6581803,52.3951406],[5.6582097,52.3951406],[5.6582391,52.3951406],[5.6582685,52.3951406],[5.6582978,52.3951406],[5.6583272,52.3951406],[5.6583566,52.3951406],[5.658386,52.3951406],[5.6584154,52.3951406],[5.6584447,52.3951406],[5.6584741,52.3951405],[5.6585035,52.3951405],[5.6585329,52.3951405],[5.6585623,52.3951405],[5.6585916,52.3951405],[5.658621,52.3951405],[5.6586504,52.3951405],[5.6586798,52.3951405],[5.6587092,52.3951405],[5.6587386,52.3951405],[5.6587679,52.3951405],[5.6587973,52.3951404],[5.6588267,52.3951404],[5.6588561,52.3951404],[5.6588855,52.3951404],[5.6589148,52.3951404],[5.6589442,52.3951404],[5.6589736,52.3951404],[5.659003,52.3951404],[5.6590324,52.3951404],[5.6590617,52.3951404],[5.6590911,52.3951403],[5.6591205,52.3951403],[5.6591499,52.3951403],[5.6591793,52.3951403],[5.6592086,52.3951403],[5.659238,52.3951403],[5.6592674,52.3951403],[5.6592968,52.3951403],[5.6593262,52.3951403],[5.6593556,52.3951403],[5.6593849,52.3951402],[5.6594143,52.3951402],[5.6594437,52.3951402],[5.6594731,52.3951402],[5.6595025,52.3951402],[5.6595318,52.3951402],[5.6595612,52.3951402],[5.6595906,52.3951402],[5.65962,52.3951402],[5.6596494,52.3951402],[5.6596787,52.3951401],[5.6597081,52.3951401],[5.6597375,52.3951401],[5.6597669,52.3951401],[5.6597963,52.3951401],[5.6598256,52.3951401],[5.659855,52.3951401],[5.6598844,52.3951401],[5.6599138,52.3951401],[5.6599432,52.3951401],[5.6599725,52.39514],[5.6600019,52.39514],[5.6600313,52.39514],[5.6600607,52.39514],[5.6600901,52.39514],[5.6601195,52.39514],[5.6601488,52.39514],[5.6601782,52.39514],[5.6602076,52.39514],[5.660237,52.39514],[5.6602664,52.3951399],[5.6602957,52.3951399],[5.6603251,52.3951399],[5.6603545,52.3951399],[5.6603839,52.3951399],[5.6604133,52.3951399],[5.6604426,52.3951399],[5.660472,52.3951399],[5.6605014,52.3951399],[5.6605308,52.3951399],[5.6605602,52.3951398],[5.6605895,52.3951398],[5.6606189,52.3951398],[5.6606483,52.3951398],[5.6606777,52.3951398],[5.6607071,52.3951398],[5.6607364,52.3951398],[5.6607658,52.3951398],[5.6607952,52.3951398],[5.6608246,52.3951398],[5.660854,52.3951397],[5.6608834,52.3951397],[5.6609127,52.3951397],[5.6609421,52.3951397],[5.6609715,52.3951397],[5.6610009,52.3951397],[5.6610303,52.3951397],[5.6610596,52.3951397],[5.661089,52.3951397],[5.6611184,52.3951397],[5.6611478,52.3951396],[5.6611772,52.3951396],[5.6612065,52.3951396],[5.6612359,52.3951396],[5.6612653,52.3951396],[5.6612947,52.3951396],[5.6613241,52.3951396],[5.6613534,52.3951396],[5.6613828,52.3951396],[5.6614122,52.3951396],[5.6614416,52.3951395],[5.661471,52.3951395],[5.6615003,52.3951395],[5.6615297,52.3951395],[5.6615591,52.3951395],[5.6615885,52.3951395],[5.6616179,52.3951395],[5.6616473,52.3951395],[5.6616766,52.3951395],[5.661706,52.3951395],[5.6617354,52.3951394],[5.6617648,52.3951394],[5.6617942,52.3951394],[5.6618235,52.3951394],[5.6618529,52.3951394],[5.6618823,52.3951394],[5.6619117,52.3951394],[5.6619411,52.3951394],[5.6619704,52.3951394],[5.6619998,52.3951393],[5.6620292,52.3951393],[5.6620586,52.3951393],[5.662088,52.3951393],[5.6621173,52.3951393],[5.6621467,52.3951393],[5.6621761,52.3951393],[5.6622055,52.3951393],[5.6622349,52.3951393],[5.6622642,52.3951393],[5.6622936,52.3951392],[5.662323,52.3951392],[5.6623524,52.3951392],[5.6623818,52.3951392],[5.6624112,52.3951392],[5.6624405,52.3951392],[5.6624699,52.3951392],[5.6624993,52.3951392],[5.6625287,52.3951392],[5.6625581,52.3951391],[5.6625874,52.3951391],[5.6626168,52.3951391],[5.6626462,52.3951391],[5.6626756,52.3951391],[5.662705,52.3951391],[5.6627343,52.3951391],[5.6627637,52.3951391],[5.6627931,52.3951391],[5.6628225,52.3951391],[5.6628519,52.395139],[5.6628812,52.395139],[5.6629106,52.395139],[5.66294,52.395139],[5.6629694,52.395139],[5.6629988,52.395139],[5.6630281,52.395139],[5.6630575,52.395139],[5.6630869,52.395139],[5.6631163,52.3951389],[5.6631457,52.3951389],[5.6631751,52.3951389],[5.6632044,52.3951389],[5.6632338,52.3951389],[5.6632632,52.3951389],[5.6632926,52.3951389],[5.663322,52.3951389],[5.6633513,52.3951389],[5.6633807,52.3951388],[5.6634101,52.3951388],[5.6634395,52.3951388],[5.6634689,52.3951388],[5.6634982,52.3951388],[5.6635276,52.3951388],[5.663557,52.3951388],[5.6635864,52.3951388],[5.6636158,52.3951388],[5.6636451,52.3951388],[5.6636745,52.3951387],[5.6637039,52.3951387],[5.6637333,52.3951387],[5.6637627,52.3951387],[5.663792,52.3951387],[5.6638214,52.3951387],[5.6638508,52.3951387],[5.6638802,52.3951387],[5.6639096,52.3951387],[5.663939,52.3951386],[5.6639683,52.3951386],[5.6639977,52.3951386],[5.6640271,52.3951386],[5.6640565,52.3951386],[5.6640859,52.3951386],[5.6641152,52.3951386],[5.6641446,52.3951386],[5.664174,52.3951386],[5.6642034,52.3951385],[5.6642328,52.3951385],[5.6642621,52.3951385],[5.6642915,52.3951385],[5.6643209,52.3951385],[5.6643503,52.3951385],[5.6643797,52.3951385],[5.664409,52.3951385],[5.6644384,52.3951385],[5.6644678,52.3951384],[5.6644972,52.3951384],[5.6645266,52.3951384],[5.6645559,52.3951384],[5.6645853,52.3951384],[5.6646147,52.3951384],[5.6646441,52.3951384],[5.6646735,52.3951384],[5.6647029,52.3951384],[5.6647322,52.3951383],[5.6647616,52.3951383],[5.664791,52.3951383],[5.6648204,52.3951383],[5.6648498,52.3951383],[5.6648791,52.3951383],[5.6649085,52.3951383],[5.6649379,52.3951383],[5.6649673,52.3951383],[5.6649967,52.3951382],[5.665026,52.3951382],[5.6650554,52.3951382],[5.6650848,52.3951382],[5.6651142,52.3951382],[5.6651436,52.3951382],[5.6651729,52.3951382],[5.6652023,52.3951382],[5.6652317,52.3951382],[5.6652611,52.3951381],[5.6652905,52.3951381],[5.6653198,52.3951381],[5.6653492,52.3951381],[5.6653786,52.3951381],[5.665408,52.3951381],[5.6654374,52.3951381],[5.6654668,52.3951381],[5.6654961,52.3951381],[5.6655255,52.395138],[5.6655549,52.395138],[5.6655843,52.395138],[5.6656137,52.395138],[5.665643,52.395138],[5.6656724,52.395138],[5.6657018,52.395138],[5.6657312,52.395138],[5.6657606,52.395138],[5.6657899,52.3951379],[5.6658193,52.3951379],[5.6658487,52.3951379],[5.6658781,52.3951379],[5.6659075,52.3951379],[5.6659368,52.3951379],[5.6659662,52.3951379],[5.6659956,52.3951379],[5.666025,52.3951378],[5.6660544,52.3951378],[5.6660837,52.3951378],[5.6661131,52.3951378],[5.6661425,52.3951378],[5.6661719,52.3951378],[5.6662013,52.3951378],[5.6662307,52.3951378],[5.66626,52.3951378],[5.6662894,52.3951377],[5.6663188,52.3951377],[5.6663482,52.3951377],[5.6663776,52.3951377],[5.6664069,52.3951377],[5.6664363,52.3951377],[5.6664657,52.3951377],[5.6664951,52.3951377],[5.6665245,52.3951377],[5.6665538,52.3951376],[5.6665832,52.3951376],[5.6666126,52.3951376],[5.666642,52.3951376],[5.6666714,52.3951376],[5.6667007,52.3951376],[5.6667301,52.3951376],[5.6667595,52.3951376],[5.6667889,52.3951375],[5.6668183,52.3951375],[5.6668476,52.3951375],[5.666877,52.3951375],[5.6669064,52.3951375],[5.6669358,52.3951375],[5.6669652,52.3951375],[5.6669946,52.3951375],[5.6670239,52.3951375],[5.6670533,52.3951374],[5.6670827,52.3951374],[5.6671121,52.3951374],[5.6671415,52.3951374],[5.6671708,52.3951374],[5.6672002,52.3951374],[5.6672296,52.3951374],[5.667259,52.3951374],[5.6672884,52.3951373],[5.6673177,52.3951373],[5.6673471,52.3951373],[5.6673765,52.3951373],[5.6674059,52.3951373],[5.6674353,52.3951373],[5.6674646,52.3951373],[5.667494,52.3951373],[5.6675234,52.3951373],[5.6675528,52.3951372],[5.6675822,52.3951372],[5.6676115,52.3951372],[5.6676409,52.3951372],[5.6676703,52.3951372],[5.6676997,52.3951372],[5.6677291,52.3951372],[5.6677585,52.3951372],[5.6677878,52.3951371],[5.6678172,52.3951371],[5.6678466,52.3951371],[5.667876,52.3951371],[5.6679054,52.3951371],[5.6679347,52.3951371],[5.6679641,52.3951371],[5.6679935,52.3951371],[5.6680229,52.3951371],[5.6680523,52.395137],[5.6680816,52.395137],[5.668111,52.395137],[5.6681404,52.395137],[5.6681698,52.395137],[5.6681992,52.395137],[5.6682285,52.395137],[5.6682579,52.395137],[5.6682873,52.3951369],[5.6683167,52.3951369],[5.6683461,52.3951369],[5.6683754,52.3951369],[5.6684048,52.3951369],[5.6684342,52.3951369],[5.6684636,52.3951369],[5.668493,52.3951369],[5.6685224,52.3951368],[5.6685517,52.3951368],[5.6685811,52.3951368],[5.6686105,52.3951368],[5.6686399,52.3951368],[5.6686693,52.3951368],[5.6686986,52.3951368],[5.668728,52.3951368],[5.6687574,52.3951368],[5.6687868,52.3951367],[5.6688162,52.3951367],[5.6688455,52.3951367],[5.6688749,52.3951367],[5.6689043,52.3951367],[5.6689337,52.3951367],[5.6689631,52.3951367],[5.6689924,52.3951367],[5.6690218,52.3951366],[5.6690512,52.3951366],[5.6690806,52.3951366],[5.66911,52.3951366],[5.6691394,52.3951366],[5.6691687,52.3951366],[5.6691981,52.3951366],[5.6692275,52.3951366],[5.6692569,52.3951365],[5.6692863,52.3951365],[5.6693156,52.3951365],[5.669345,52.3951365],[5.6693744,52.3951365],[5.6694038,52.3951365],[5.6694332,52.3951365],[5.6694625,52.3951365],[5.6694919,52.3951364],[5.6695213,52.3951364],[5.6695507,52.3951364],[5.6695801,52.3951364],[5.6696094,52.3951364],[5.6696388,52.3951364],[5.6696682,52.3951364],[5.6696976,52.3951364],[5.669727,52.3951363],[5.6697563,52.3951363],[5.6697857,52.3951363],[5.6698151,52.3951363],[5.6698445,52.3951363],[5.6698739,52.3951363],[5.6699033,52.3951363],[5.6699326,52.3951363],[5.669962,52.3951362],[5.6699914,52.3951362],[5.6700208,52.3951362],[5.6700502,52.3951362],[5.6700795,52.3951362],[5.6701089,52.3951362],[5.6701383,52.3951362],[5.6701677,52.3951362],[5.6701971,52.3951362],[5.6702264,52.3951361],[5.6702558,52.3951361],[5.6702852,52.3951361],[5.6703146,52.3951361],[5.670344,52.3951361],[5.6703733,52.3951361],[5.6704027,52.3951361],[5.6704321,52.395136],[5.6704615,52.395136],[5.6704909,52.395136],[5.6705202,52.395136],[5.6705496,52.395136],[5.670579,52.395136],[5.6706084,52.395136],[5.6706378,52.395136],[5.6706672,52.3951359],[5.6706965,52.3951359],[5.6707259,52.3951359],[5.6707553,52.3951359],[5.6707847,52.3951359],[5.6708141,52.3951359],[5.6708434,52.3951359],[5.6708728,52.3951359],[5.6709022,52.3951358],[5.6709316,52.3951358],[5.670961,52.3951358],[5.6709903,52.3951358],[5.6710197,52.3951358],[5.6710491,52.3951358],[5.6710785,52.3951358],[5.6711079,52.3951358],[5.6711372,52.3951357],[5.6711666,52.3951357],[5.671196,52.3951357],[5.6712254,52.3951357],[5.6712548,52.3951357],[5.6712841,52.3951357],[5.6713135,52.3951357],[5.6713429,52.3951357],[5.6713723,52.3951356],[5.6714017,52.3951356],[5.6714311,52.3951356],[5.6714604,52.3951356],[5.6714898,52.3951356],[5.6715192,52.3951356],[5.6715486,52.3951356],[5.671578,52.3951356],[5.6716073,52.3951355],[5.6716367,52.3951355],[5.6716661,52.3951355],[5.6716955,52.3951355],[5.6717249,52.3951355],[5.6717542,52.3951355],[5.6717836,52.3951355],[5.671813,52.3951355],[5.6718424,52.3951354],[5.6718718,52.3951354],[5.6719011,52.3951354],[5.6719305,52.3951354],[5.6719599,52.3951354],[5.6719893,52.3951354],[5.6720187,52.3951354],[5.672048,52.3951353],[5.6720774,52.3951353],[5.6721068,52.3951353],[5.6721362,52.3951353],[5.6721656,52.3951353],[5.672195,52.3951353],[5.6722243,52.3951353],[5.6722537,52.3951353],[5.6722831,52.3951352],[5.6723125,52.3951352],[5.6723419,52.3951352],[5.6723712,52.3951352],[5.6724006,52.3951352],[5.67243,52.3951352],[5.6724594,52.3951352],[5.6724888,52.3951352],[5.6725181,52.3951351],[5.6725475,52.3951351],[5.6725769,52.3951351],[5.6726063,52.3951351],[5.6726357,52.3951351],[5.672665,52.3951351],[5.6726944,52.3951351],[5.6727238,52.3951351],[5.6727532,52.395135],[5.6727826,52.395135],[5.6728119,52.395135],[5.6728413,52.395135],[5.6728707,52.395135],[5.6729001,52.395135],[5.6729295,52.395135],[5.6729589,52.3951349],[5.6729882,52.3951349],[5.6730176,52.3951349],[5.673047,52.3951349],[5.6730764,52.3951349],[5.6731058,52.3951349],[5.6731351,52.3951349],[5.6731645,52.3951349],[5.6731939,52.3951348],[5.6732233,52.3951348],[5.6732527,52.3951348],[5.673282,52.3951348],[5.6733114,52.3951348],[5.6733408,52.3951348],[5.6733702,52.3951348],[5.6733996,52.3951347],[5.6734289,52.3951347],[5.6734583,52.3951347],[5.6734877,52.3951347],[5.6735171,52.3951347],[5.6735465,52.3951347],[5.6735758,52.3951347],[5.6736052,52.3951347],[5.6736346,52.3951346],[5.673664,52.3951346],[5.6736934,52.3951346],[5.6737228,52.3951346],[5.6737521,52.3951346],[5.6737815,52.3951346],[5.6738109,52.3951346],[5.6738403,52.3951345],[5.6738697,52.3951345],[5.673899,52.3951345],[5.6739284,52.3951345],[5.6739578,52.3951345],[5.6739872,52.3951345],[5.6740166,52.3951345],[5.6740459,52.3951345],[5.6740753,52.3951344],[5.6741047,52.3951344],[5.6741341,52.3951344],[5.6741635,52.3951344],[5.6741928,52.3951344],[5.6742222,52.3951344],[5.6742516,52.3951344],[5.674281,52.3951343],[5.6743104,52.3951343],[5.6743397,52.3951343],[5.6743691,52.3951343],[5.6743985,52.3951343],[5.6744279,52.3951343],[5.6744573,52.3951343],[5.6744867,52.3951343],[5.674516,52.3951342],[5.6745454,52.3951342],[5.6745748,52.3951342],[5.6746042,52.3951342],[5.6746336,52.3951342],[5.6746629,52.3951342],[5.6746923,52.3951342],[5.6747217,52.3951341],[5.6747511,52.3951341],[5.6747805,52.3951341],[5.6748098,52.3951341],[5.6748392,52.3951341],[5.6748686,52.3951341],[5.674898,52.3951341],[5.6749274,52.395134],[5.6749567,52.395134],[5.6749861,52.395134],[5.6750155,52.395134],[5.6750449,52.395134],[5.6750743,52.395134],[5.6751036,52.395134],[5.675133,52.395134],[5.6751624,52.3951339],[5.6751918,52.3951339],[5.6752212,52.3951339],[5.6752506,52.3951339],[5.6752799,52.3951339],[5.6753093,52.3951339],[5.6753387,52.3951339],[5.6753681,52.3951338],[5.6753975,52.3951338],[5.6754268,52.3951338],[5.6754562,52.3951338],[5.6754856,52.3951338],[5.675515,52.3951338],[5.6755444,52.3951338],[5.6755737,52.3951337],[5.6756031,52.3951337],[5.6756325,52.3951337],[5.6756619,52.3951337],[5.6756913,52.3951337],[5.6757206,52.3951337],[5.67575,52.3951337],[5.6757794,52.3951336],[5.6758088,52.3951336],[5.6758382,52.3951336],[5.6758675,52.3951336],[5.6758969,52.3951336],[5.6759263,52.3951336],[5.6759557,52.3951336],[5.6759851,52.3951336],[5.6760145,52.3951335],[5.6760438,52.3951335],[5.6760732,52.3951335],[5.6761026,52.3951335],[5.676132,52.3951335],[5.6761614,52.3951335],[5.6761907,52.3951335],[5.6762201,52.3951334],[5.6762495,52.3951334],[5.6762789,52.3951334],[5.6763083,52.3951334],[5.6763376,52.3951334],[5.676367,52.3951334],[5.6763964,52.3951334],[5.6764258,52.3951333],[5.6764552,52.3951333],[5.6764845,52.3951333],[5.6765139,52.3951333],[5.6765433,52.3951333],[5.6765727,52.3951333],[5.6766021,52.3951333],[5.6766314,52.3951332],[5.6766608,52.3951332],[5.6766902,52.3951332],[5.6767196,52.3951332],[5.676749,52.3951332],[5.6767784,52.3951332],[5.6768077,52.3951332],[5.6768371,52.3951331],[5.6768665,52.3951331],[5.6768959,52.3951331],[5.6769253,52.3951331],[5.6769546,52.3951331],[5.676984,52.3951331],[5.6770134,52.3951331],[5.6770428,52.395133],[5.6770722,52.395133],[5.6771015,52.395133],[5.6771309,52.395133],[5.6771603,52.395133],[5.6771897,52.395133],[5.6772191,52.395133],[5.6772484,52.3951329],[5.6772778,52.3951329],[5.6773072,52.3951329],[5.6773366,52.3951329],[5.677366,52.3951329],[5.6773953,52.3951329],[5.6774247,52.3951329],[5.6774541,52.3951328],[5.6774835,52.3951328],[5.6775129,52.3951328],[5.6775423,52.3951328],[5.6775716,52.3951328],[5.677601,52.3951328],[5.6776304,52.3951328],[5.6776598,52.3951327],[5.6776892,52.3951327],[5.6777185,52.3951327],[5.6777479,52.3951327],[5.6777773,52.3951327],[5.6778067,52.3951327],[5.6778361,52.3951327],[5.6778654,52.3951326],[5.6778948,52.3951326],[5.6779242,52.3951326],[5.6779536,52.3951326],[5.677983,52.3951326],[5.6780123,52.3951326],[5.6780417,52.3951326],[5.6780711,52.3951325],[5.6781005,52.3951325],[5.6781299,52.3951325],[5.6781592,52.3951325],[5.6781886,52.3951325],[5.678218,52.3951325],[5.6782474,52.3951325],[5.6782768,52.3951324],[5.6783062,52.3951324],[5.6783355,52.3951324],[5.6783649,52.3951324],[5.6783943,52.3951324],[5.6784237,52.3951324],[5.6784531,52.3951324],[5.6784824,52.3951323],[5.6785118,52.3951323],[5.6785412,52.3951323],[5.6785706,52.3951323],[5.6786,52.3951323],[5.6786293,52.3951323],[5.6786587,52.3951323],[5.6786881,52.3951322],[5.6787175,52.3951322],[5.6787469,52.3951322],[5.6787762,52.3951322],[5.6788056,52.3951322],[5.678835,52.3951322],[5.6788644,52.3951322],[5.6788938,52.3951321],[5.6789231,52.3951321],[5.6789525,52.3951321],[5.6789819,52.3951321],[5.6790113,52.3951321],[5.6790407,52.3951321],[5.6790701,52.395132],[5.6790994,52.395132],[5.6791288,52.395132],[5.6791582,52.395132],[5.6791876,52.395132],[5.679217,52.395132],[5.6792463,52.395132],[5.6792757,52.3951319],[5.6793051,52.3951319],[5.6793345,52.3951319],[5.6793639,52.3951319],[5.6793932,52.3951319],[5.6794226,52.3951319],[5.679452,52.3951319],[5.6794814,52.3951318],[5.6795108,52.3951318],[5.6795401,52.3951318],[5.6795695,52.3951318],[5.6795989,52.3951318],[5.6796283,52.3951318],[5.6796577,52.3951318],[5.679687,52.3951317],[5.6797164,52.3951317],[5.6797458,52.3951317],[5.6797752,52.3951317],[5.6798046,52.3951317],[5.679834,52.3951317],[5.6798633,52.3951317],[5.6798927,52.3951316],[5.6799221,52.3951316],[5.6799515,52.3951316],[5.6799809,52.3951316],[5.6800102,52.3951316],[5.6800396,52.3951316],[5.680069,52.3951315],[5.6800984,52.3951315],[5.6801278,52.3951315],[5.6801571,52.3951315],[5.6801865,52.3951315],[5.6802159,52.3951315],[5.6802453,52.3951315],[5.6802747,52.3951314],[5.680304,52.3951314],[5.6803334,52.3951314],[5.6803628,52.3951314],[5.6803922,52.3951314],[5.6804216,52.3951314],[5.6804509,52.3951314],[5.6804803,52.3951313],[5.6805097,52.3951313],[5.6805391,52.3951313],[5.6805685,52.3951313],[5.6805979,52.3951313],[5.6806272,52.3951313],[5.6806566,52.3951312],[5.680686,52.3951312],[5.6807154,52.3951312],[5.6807448,52.3951312],[5.6807741,52.3951312],[5.6808035,52.3951312],[5.6808329,52.3951312],[5.6808623,52.3951311],[5.6808917,52.3951311],[5.680921,52.3951311],[5.6809504,52.3951311],[5.6809798,52.3951311],[5.6810092,52.3951311],[5.6810386,52.395131],[5.6810679,52.395131],[5.6810973,52.395131],[5.6811267,52.395131],[5.6811561,52.395131],[5.6811855,52.395131],[5.6812148,52.395131],[5.6812442,52.3951309],[5.6812736,52.3951309],[5.681303,52.3951309],[5.6813324,52.3951309],[5.6813618,52.3951309],[5.6813911,52.3951309],[5.6814205,52.3951309],[5.6814499,52.3951308],[5.6814793,52.3951308],[5.6815087,52.3951308],[5.681538,52.3951308],[5.6815674,52.3951308],[5.6815968,52.3951308],[5.6816262,52.3951307],[5.6816556,52.3951307],[5.6816849,52.3951307],[5.6817143,52.3951307],[5.6817437,52.3951307],[5.6817731,52.3951307],[5.6818025,52.3951307],[5.6818318,52.3951306],[5.6818612,52.3951306],[5.6818906,52.3951306],[5.68192,52.3951306],[5.6819494,52.3951306],[5.6819787,52.3951306],[5.6820081,52.3951305],[5.6820375,52.3951305],[5.6820669,52.3951305],[5.6820963,52.3951305],[5.6821257,52.3951305],[5.682155,52.3951305],[5.6821844,52.3951305],[5.6822138,52.3951304],[5.6822432,52.3951304],[5.6822726,52.3951304],[5.6823019,52.3951304],[5.6823313,52.3951304],[5.6823607,52.3951304],[5.6823901,52.3951303],[5.6824195,52.3951303],[5.6824488,52.3951303],[5.6824782,52.3951303],[5.6825076,52.3951303],[5.682537,52.3951303],[5.6825664,52.3951303],[5.6825957,52.3951302],[5.6826251,52.3951302],[5.6826545,52.3951302],[5.6826839,52.3951302],[5.6827133,52.3951302],[5.6827426,52.3951302],[5.682772,52.3951301],[5.6828014,52.3951301],[5.6828308,52.3951301],[5.6828602,52.3951301],[5.6828896,52.3951301],[5.6829189,52.3951301],[5.6829483,52.39513],[5.6829777,52.39513],[5.6830071,52.39513],[5.6830365,52.39513],[5.6830658,52.39513],[5.6830952,52.39513],[5.6831246,52.39513],[5.683154,52.3951299],[5.6831834,52.3951299],[5.6832127,52.3951299],[5.6832421,52.3951299],[5.6832715,52.3951299],[5.6833009,52.3951299],[5.6833303,52.3951298],[5.6833596,52.3951298],[5.683389,52.3951298],[5.6834184,52.3951298],[5.6834478,52.3951298],[5.6834772,52.3951298],[5.6835065,52.3951297],[5.6835359,52.3951297],[5.6835653,52.3951297],[5.6835947,52.3951297],[5.6836241,52.3951297],[5.6836535,52.3951297],[5.6836828,52.3951297],[5.6837122,52.3951296],[5.6837416,52.3951296],[5.683771,52.3951296],[5.6838004,52.3951296],[5.6838297,52.3951296],[5.6838591,52.3951296],[5.6838885,52.3951295],[5.6839179,52.3951295],[5.6839473,52.3951295],[5.6839766,52.3951295],[5.684006,52.3951295],[5.6840354,52.3951295],[5.6840648,52.3951294],[5.6840942,52.3951294],[5.6841235,52.3951294],[5.6841529,52.3951294],[5.6841823,52.3951294],[5.6842117,52.3951294],[5.6842411,52.3951294],[5.6842704,52.3951293],[5.6842998,52.3951293],[5.6843292,52.3951293],[5.6843586,52.3951293],[5.684388,52.3951293],[5.6844174,52.3951293],[5.6844467,52.3951292],[5.6844761,52.3951292],[5.6845055,52.3951292],[5.6845349,52.3951292],[5.6845643,52.3951292],[5.6845936,52.3951292],[5.684623,52.3951291],[5.6846524,52.3951291],[5.6846818,52.3951291],[5.6847112,52.3951291],[5.6847405,52.3951291],[5.6847699,52.3951291],[5.6847993,52.395129],[5.6848287,52.395129],[5.6848581,52.395129],[5.6848874,52.395129],[5.6849168,52.395129],[5.6849462,52.395129],[5.6849756,52.395129],[5.685005,52.3951289],[5.6850343,52.3951289],[5.6850637,52.3951289],[5.6850931,52.3951289],[5.6851225,52.3951289],[5.6851519,52.3951289],[5.6851813,52.3951288],[5.6852106,52.3951288],[5.68524,52.3951288],[5.6852694,52.3951288],[5.6852988,52.3951288],[5.6853282,52.3951288],[5.6853575,52.3951287],[5.6853869,52.3951287],[5.6854163,52.3951287],[5.6854457,52.3951287],[5.6854751,52.3951287],[5.6855044,52.3951287],[5.6855338,52.3951286],[5.6855632,52.3951286],[5.6855926,52.3951286],[5.685622,52.3951286],[5.6856513,52.3951286],[5.6856807,52.3951286],[5.6857101,52.3951285],[5.6857395,52.3951285],[5.6857689,52.3951285],[5.6857982,52.3951285],[5.6858276,52.3951285],[5.685857,52.3951285],[5.6858864,52.3951284],[5.6859158,52.3951284],[5.6859452,52.3951284],[5.6859745,52.3951284],[5.6860039,52.3951284],[5.6860333,52.3951284],[5.6860627,52.3951283],[5.6860921,52.3951283],[5.6861214,52.3951283],[5.6861508,52.3951283],[5.6861802,52.3951283],[5.6862096,52.3951283],[5.686239,52.3951283],[5.6862683,52.3951282],[5.6862977,52.3951282],[5.6863271,52.3951282],[5.6863565,52.3951282],[5.6863859,52.3951282],[5.6864152,52.3951282],[5.6864446,52.3951281],[5.686474,52.3951281],[5.6865034,52.3951281],[5.6865328,52.3951281],[5.6865621,52.3951281],[5.6865915,52.3951281],[5.6866209,52.395128],[5.6866503,52.395128],[5.6866797,52.395128],[5.6867091,52.395128],[5.6867384,52.395128],[5.6867678,52.395128],[5.6867972,52.3951279],[5.6868266,52.3951279],[5.686856,52.3951279],[5.6868853,52.3951279],[5.6869147,52.3951279],[5.6869441,52.3951279],[5.6869735,52.3951278],[5.6870029,52.3951278],[5.6870322,52.3951278],[5.6870616,52.3951278],[5.687091,52.3951278],[5.6871204,52.3951278],[5.6871498,52.3951277],[5.6871791,52.3951277],[5.6872085,52.3951277],[5.6872379,52.3951277],[5.6872673,52.3951277],[5.6872967,52.3951277],[5.687326,52.3951276],[5.6873554,52.3951276],[5.6873848,52.3951276],[5.6874142,52.3951276],[5.6874436,52.3951276],[5.687473,52.3951276],[5.6875023,52.3951275],[5.6875317,52.3951275],[5.6875611,52.3951275],[5.6875905,52.3951275],[5.6876199,52.3951275],[5.6876492,52.3951275],[5.6876786,52.3951274],[5.687708,52.3951274],[5.6877374,52.3951274],[5.6877668,52.3951274],[5.6877961,52.3951274],[5.6878255,52.3951274],[5.6878549,52.3951273],[5.6878843,52.3951273],[5.6879137,52.3951273],[5.687943,52.3951273],[5.6879724,52.3951273],[5.6880018,52.3951272],[5.6880312,52.3951272],[5.6880606,52.3951272],[5.6880899,52.3951272],[5.6881193,52.3951272],[5.6881487,52.3951272],[5.6881781,52.3951271],[5.6882075,52.3951271],[5.6882369,52.3951271],[5.6882662,52.3951271],[5.6882956,52.3951271],[5.688325,52.3951271],[5.6883544,52.395127],[5.6883838,52.395127],[5.6884131,52.395127],[5.6884425,52.395127],[5.6884719,52.395127],[5.6885013,52.395127],[5.6885307,52.3951269],[5.68856,52.3951269],[5.6885894,52.3951269],[5.6886188,52.3951269],[5.6886482,52.3951269],[5.6886776,52.3951269],[5.6887069,52.3951268],[5.6887363,52.3951268],[5.6887657,52.3951268],[5.6887951,52.3951268],[5.6888245,52.3951268],[5.6888538,52.3951268],[5.6888832,52.3951267],[5.6889126,52.3951267],[5.688942,52.3951267],[5.6889714,52.3951267],[5.6890008,52.3951267],[5.6890301,52.3951267],[5.6890595,52.3951266],[5.6890889,52.3951266],[5.6891183,52.3951266],[5.6891477,52.3951266],[5.689177,52.3951266],[5.6892064,52.3951266],[5.6892358,52.3951265],[5.6892652,52.3951265],[5.6892946,52.3951265],[5.6893239,52.3951265],[5.6893533,52.3951265],[5.6893827,52.3951264],[5.6894121,52.3951264],[5.6894415,52.3951264],[5.6894708,52.3951264],[5.6895002,52.3951264],[5.6895296,52.3951264],[5.689559,52.3951263],[5.6895884,52.3951263],[5.6896177,52.3951263],[5.6896471,52.3951263],[5.6896765,52.3951263],[5.6897059,52.3951263],[5.6897353,52.3951262],[5.6897647,52.3951262],[5.689794,52.3951262],[5.6898234,52.3951262],[5.6898528,52.3951262],[5.6898822,52.3951262],[5.6899116,52.3951261],[5.6899409,52.3951261],[5.6899703,52.3951261],[5.6899997,52.3951261],[5.6900291,52.3951261],[5.6900585,52.395126],[5.6900878,52.395126],[5.6901172,52.395126],[5.6901466,52.395126],[5.690176,52.395126],[5.6902054,52.395126],[5.6902347,52.3951259],[5.6902641,52.3951259],[5.6902935,52.3951259],[5.6903229,52.3951259],[5.6903523,52.3951259],[5.6903816,52.3951259],[5.690411,52.3951258],[5.6904404,52.3951258],[5.6904698,52.3951258],[5.6904992,52.3951258],[5.6905285,52.3951258],[5.6905579,52.3951258],[5.6905873,52.3951257],[5.6906167,52.3951257],[5.6906461,52.3951257],[5.6906755,52.3951257],[5.6907048,52.3951257],[5.6907342,52.3951256],[5.6907636,52.3951256],[5.690793,52.3951256],[5.6908224,52.3951256],[5.6908517,52.3951256],[5.6908811,52.3951256],[5.6909105,52.3951255],[5.6909399,52.3951255],[5.6909693,52.3951255],[5.6909986,52.3951255],[5.691028,52.3951255],[5.6910574,52.3951255],[5.6910868,52.3951254],[5.6911162,52.3951254],[5.6911455,52.3951254],[5.6911749,52.3951254],[5.6912043,52.3951254],[5.6912337,52.3951253],[5.6912631,52.3951253],[5.6912924,52.3951253],[5.6913218,52.3951253],[5.6913512,52.3951253],[5.6913806,52.3951253],[5.69141,52.3951252],[5.6914394,52.3951252],[5.6914687,52.3951252],[5.6914981,52.3951252],[5.6915275,52.3951252],[5.6915569,52.3951252],[5.6915863,52.3951251],[5.6916156,52.3951251],[5.691645,52.3951251],[5.6916744,52.3951251],[5.6917038,52.3951251],[5.6917332,52.395125],[5.6917625,52.395125],[5.6917919,52.395125],[5.6918213,52.395125],[5.6918507,52.395125],[5.6918801,52.395125],[5.6919094,52.3951249],[5.6919388,52.3951249],[5.6919682,52.3951249],[5.6919976,52.3951249],[5.692027,52.3951249],[5.6920563,52.3951248],[5.6920857,52.3951248],[5.6921151,52.3951248],[5.6921445,52.3951248],[5.6921739,52.3951248],[5.6922033,52.3951248],[5.6922326,52.3951247],[5.692262,52.3951247],[5.6922914,52.3951247],[5.6923208,52.3951247],[5.6923502,52.3951247],[5.6923795,52.3951247],[5.6924089,52.3951246],[5.6924383,52.3951246],[5.6924677,52.3951246],[5.6924971,52.3951246],[5.6925264,52.3951246],[5.6925558,52.3951245],[5.6925852,52.3951245],[5.6926146,52.3951245],[5.692644,52.3951245],[5.6926733,52.3951245],[5.6927027,52.3951245],[5.6927321,52.3951244],[5.6927615,52.3951244],[5.6927909,52.3951244],[5.6928202,52.3951244],[5.6928496,52.3951244],[5.692879,52.3951243],[5.6929084,52.3951243],[5.6929378,52.3951243],[5.6929672,52.3951243],[5.6929965,52.3951243],[5.6930259,52.3951243],[5.6930553,52.3951242],[5.6930847,52.3951242],[5.6931141,52.3951242],[5.6931434,52.3951242],[5.6931728,52.3951242],[5.6932022,52.3951241],[5.6932316,52.3951241],[5.693261,52.3951241],[5.6932903,52.3951241],[5.6933197,52.3951241],[5.6933491,52.3951241],[5.6933785,52.395124],[5.6934079,52.395124],[5.6934372,52.395124],[5.6934666,52.395124],[5.693496,52.395124],[5.6935254,52.3951239],[5.6935548,52.3951239],[5.6935841,52.3951239],[5.6936135,52.3951239],[5.6936429,52.3951239],[5.6936723,52.3951239],[5.6937017,52.3951238],[5.6937311,52.3951238],[5.6937604,52.3951238],[5.6937898,52.3951238],[5.6938192,52.3951238],[5.6938486,52.3951237],[5.693878,52.3951237],[5.6939073,52.3951237],[5.6939367,52.3951237],[5.6939661,52.3951237],[5.6939955,52.3951236],[5.6940249,52.3951236],[5.6940542,52.3951236],[5.6940836,52.3951236],[5.694113,52.3951236],[5.6941424,52.3951236],[5.6941718,52.3951235],[5.6942011,52.3951235],[5.6942305,52.3951235],[5.6942599,52.3951235],[5.6942893,52.3951235],[5.6943187,52.3951234],[5.694348,52.3951234],[5.6943774,52.3951234],[5.6944068,52.3951234],[5.6944362,52.3951234],[5.6944656,52.3951234],[5.694495,52.3951233],[5.6945243,52.3951233],[5.6945537,52.3951233],[5.6945831,52.3951233],[5.6946125,52.3951233],[5.6946419,52.3951232],[5.6946712,52.3951232],[5.6947006,52.3951232],[5.69473,52.3951232],[5.6947594,52.3951232],[5.6947888,52.3951232],[5.6948181,52.3951231],[5.6948475,52.3951231],[5.6948769,52.3951231],[5.6949063,52.3951231],[5.6949357,52.3951231],[5.694965,52.395123],[5.6949944,52.395123],[5.6950238,52.395123],[5.6950532,52.395123],[5.6950826,52.395123],[5.6951119,52.3951229],[5.6951413,52.3951229],[5.6951707,52.3951229],[5.6952001,52.3951229],[5.6952295,52.3951229],[5.6952589,52.3951229],[5.6952882,52.3951228],[5.6953176,52.3951228],[5.695347,52.3951228],[5.6953764,52.3951228],[5.6954058,52.3951228],[5.6954351,52.3951227],[5.6954645,52.3951227],[5.6954939,52.3951227],[5.6955233,52.3951227],[5.6955527,52.3951227],[5.695582,52.3951226],[5.6956114,52.3951226],[5.6956408,52.3951226],[5.6956702,52.3951226],[5.6956996,52.3951226],[5.6957289,52.3951226],[5.6957583,52.3951225],[5.6957877,52.3951225],[5.6958171,52.3951225],[5.6958465,52.3951225],[5.6958758,52.3951225],[5.6959052,52.3951224],[5.6959346,52.3951224],[5.695964,52.3951224],[5.6959934,52.3951224],[5.6960228,52.3951224],[5.6960521,52.3951223],[5.6960815,52.3951223],[5.6961109,52.3951223],[5.6961403,52.3951223],[5.6961697,52.3951223],[5.696199,52.3951223],[5.6962284,52.3951222],[5.6962578,52.3951222],[5.6962872,52.3951222],[5.6963166,52.3951222],[5.6963459,52.3951222],[5.6963753,52.3951221],[5.6964047,52.3951221],[5.6964341,52.3951221],[5.6964635,52.3951221],[5.6964928,52.3951221],[5.6965222,52.395122],[5.6965516,52.395122],[5.696581,52.395122],[5.6966104,52.395122],[5.6966397,52.395122],[5.6966691,52.3951219],[5.6966985,52.3951219],[5.6967279,52.3951219],[5.6967573,52.3951219],[5.6967867,52.3951219],[5.696816,52.3951219],[5.6968454,52.3951218],[5.6968748,52.3951218],[5.6969042,52.3951218],[5.6969336,52.3951218],[5.6969629,52.3951218],[5.6969923,52.3951217],[5.6970217,52.3951217],[5.6970511,52.3951217],[5.6970805,52.3951217],[5.6971098,52.3951217],[5.6971392,52.3951216],[5.6971686,52.3951216],[5.697198,52.3951216],[5.6972274,52.3951216],[5.6972567,52.3951216],[5.6972861,52.3951215],[5.6973155,52.3951215],[5.6973449,52.3951215],[5.6973743,52.3951215],[5.6974036,52.3951215],[5.697433,52.3951214],[5.6974624,52.3951214],[5.6974918,52.3951214],[5.6975212,52.3951214],[5.6975506,52.3951214],[5.6975799,52.3951214],[5.6976093,52.3951213],[5.6976387,52.3951213],[5.6976681,52.3951213],[5.6976975,52.3951213],[5.6977268,52.3951213],[5.6977562,52.3951212],[5.6977856,52.3951212],[5.697815,52.3951212],[5.6978444,52.3951212],[5.6978737,52.3951212],[5.6979031,52.3951211],[5.6979325,52.3951211],[5.6979619,52.3951211],[5.6979913,52.3951211],[5.6980206,52.3951211],[5.69805,52.395121],[5.6980794,52.395121],[5.6981088,52.395121],[5.6981382,52.395121],[5.6981675,52.395121],[5.6981969,52.3951209],[5.6982263,52.3951209],[5.6982557,52.3951209],[5.6982851,52.3951209],[5.6983144,52.3951209],[5.6983438,52.3951208],[5.6983732,52.3951208],[5.6984026,52.3951208],[5.698432,52.3951208],[5.6984614,52.3951208],[5.6984907,52.3951208],[5.6985201,52.3951207],[5.6985495,52.3951207],[5.6985789,52.3951207],[5.6986083,52.3951207],[5.6986376,52.3951207],[5.698667,52.3951206],[5.6986964,52.3951206],[5.6987258,52.3951206],[5.6987552,52.3951206],[5.6987845,52.3951206],[5.6988139,52.3951205],[5.6988433,52.3951205],[5.6988727,52.3951205],[5.6989021,52.3951205],[5.6989314,52.3951205],[5.6989608,52.3951204],[5.6989902,52.3951204],[5.6990196,52.3951204],[5.699049,52.3951204],[5.6990783,52.3951204],[5.6991077,52.3951203],[5.6991371,52.3951203],[5.6991665,52.3951203],[5.6991959,52.3951203],[5.6992253,52.3951203],[5.6992546,52.3951202],[5.699284,52.3951202],[5.6993134,52.3951202],[5.6993428,52.3951202],[5.6993722,52.3951202],[5.6994015,52.3951201],[5.6994309,52.3951201],[5.6994603,52.3951201],[5.6994897,52.3951201],[5.6995191,52.3951201],[5.6995484,52.39512],[5.6995778,52.39512],[5.6996072,52.39512],[5.6996366,52.39512],[5.699666,52.39512],[5.6996953,52.3951199],[5.6997247,52.3951199],[5.6997541,52.3951199],[5.6997835,52.3951199],[5.6998129,52.3951199],[5.6998422,52.3951198],[5.6998716,52.3951198],[5.699901,52.3951198],[5.6999304,52.3951198],[5.6999598,52.3951198],[5.6999892,52.3951197],[5.7000185,52.3951197],[5.7000479,52.3951197],[5.7000773,52.3951197],[5.7001067,52.3951197],[5.7001361,52.3951196],[5.7001654,52.3951196],[5.7001948,52.3951196],[5.7002242,52.3951196],[5.7002536,52.3951196],[5.700283,52.3951195],[5.7003123,52.3951195],[5.7003417,52.3951195],[5.7003711,52.3951195],[5.7004005,52.3951195],[5.7004299,52.3951194],[5.7004592,52.3951194],[5.7004886,52.3951194],[5.700518,52.3951194],[5.7005474,52.3951194],[5.7005768,52.3951193],[5.7006061,52.3951193],[5.7006355,52.3951193],[5.7006649,52.3951193],[5.7006943,52.3951193],[5.7007237,52.3951192],[5.7007531,52.3951192],[5.7007824,52.3951192],[5.7008118,52.3951192],[5.7008412,52.3951192],[5.7008706,52.3951191],[5.7009,52.3951191],[5.7009293,52.3951191],[5.7009587,52.3951191],[5.7009881,52.3951191],[5.7010175,52.395119],[5.7010469,52.395119],[5.7010762,52.395119],[5.7011056,52.395119]]}},{"type":"Feature","properties":{"highway":"secondary","smoothness":"intermediate","surface":"paving_stones","width":6},"geometry":{"type":"LineString","coordinates":[[5.7011056,52.395119],[5.7011359,52.3951205],[5.7011658,52.3951235],[5.7011953,52.3951281],[5.701224,52.3951341],[5.7012518,52.3951415],[5.7012785,52.3951504],[5.701304,52.3951605],[5.701328,52.3951719],[5.7013503,52.3951844],[5.7013709,52.3951981],[5.7013896,52.3952127],[5.7014062,52.3952283],[5.7014207,52.3952446],[5.7014329,52.3952616],[5.7014428,52.3952792],[5.7014503,52.3952972],[5.7014553,52.3953155],[5.7014579,52.395334],[5.7014579,52.3953526],[5.701458,52.3953705],[5.701458,52.3953885],[5.701458,52.3954065],[5.7014581,52.3954245],[5.7014581,52.3954424],[5.7014581,52.3954604],[5.7014582,52.3954784],[5.7014582,52.3954964],[5.7014582,52.3955143],[5.7014583,52.3955323],[5.7014583,52.3955503],[5.7014583,52.3955683],[5.7014584,52.3955862],[5.7014584,52.3956042],[5.7014584,52.3956222],[5.7014584,52.3956401],[5.7014585,52.3956581],[5.7014585,52.3956761],[5.7014585,52.3956941],[5.7014586,52.395712],[5.7014586,52.39573],[5.7014586,52.395748],[5.7014587,52.395766],[5.7014587,52.3957839],[5.7014587,52.3958019],[5.7014588,52.3958199],[5.7014588,52.3958379],[5.7014588,52.3958558],[5.7014589,52.3958738],[5.7014589,52.3958918],[5.7014589,52.3959097],[5.701459,52.3959277],[5.701459,52.3959457],[5.701459,52.3959637],[5.7014591,52.3959816],[5.7014591,52.3959996],[5.7014591,52.3960176],[5.7014592,52.3960356],[5.7014592,52.3960535],[5.7014592,52.3960715],[5.7014593,52.3960895],[5.7014593,52.3961075],[5.7014593,52.3961254],[5.7014594,52.3961434],[5.7014594,52.3961614],[5.7014594,52.3961794],[5.7014595,52.3961973],[5.7014595,52.3962153],[5.7014595,52.3962333],[5.7014596,52.3962512],[5.7014596,52.3962692],[5.7014596,52.3962872],[5.7014597,52.3963052],[5.7014597,52.3963231],[5.7014597,52.3963411],[5.7014598,52.3963591],[5.7014598,52.3963771],[5.7014598,52.396395],[5.7014599,52.396413],[5.7014599,52.396431],[5.7014599,52.396449],[5.70146,52.3964669],[5.70146,52.3964849],[5.70146,52.3965029],[5.7014601,52.3965208],[5.7014601,52.3965388],[5.7014601,52.3965568],[5.7014602,52.3965748],[5.7014602,52.3965927],[5.7014602,52.3966107],[5.7014603,52.3966287],[5.7014603,52.3966467],[5.7014603,52.3966646],[5.7014604,52.3966826],[5.7014604,52.3967006],[5.7014604,52.3967186],[5.7014605,52.3967365],[5.7014605,52.3967545],[5.7014605,52.3967725],[5.7014606,52.3967905],[5.7014606,52.3968084],[5.7014606,52.3968264],[5.7014607,52.3968444],[5.7014607,52.3968623],[5.7014607,52.3968803],[5.7014608,52.3968983],[5.7014608,52.3969163],[5.7014608,52.3969342],[5.7014609,52.3969522],[5.7014609,52.3969702],[5.7014609,52.3969882],[5.701461,52.3970061],[5.701461,52.3970241],[5.701461,52.3970421],[5.7014611,52.3970601],[5.7014611,52.397078],[5.7014611,52.397096],[5.7014612,52.397114],[5.7014612,52.3971319],[5.7014612,52.3971499],[5.7014613,52.3971679],[5.7014613,52.3971859],[5.7014613,52.3972038],[5.7014614,52.3972218],[5.7014614,52.3972398],[5.7014614,52.3972578],[5.7014615,52.3972757],[5.7014615,52.3972937],[5.7014615,52.3973117],[5.7014616,52.3973297],[5.7014616,52.3973476],[5.7014616,52.3973656],[5.7014617,52.3973836],[5.7014617,52.3974015],[5.7014617,52.3974195],[5.7014618,52.3974375],[5.7014618,52.3974555],[5.7014618,52.3974734],[5.7014619,52.3974914],[5.7014619,52.3975094],[5.7014619,52.3975274],[5.701462,52.3975453],[5.701462,52.3975633],[5.701462,52.3975813],[5.7014621,52.3975993],[5.7014621,52.3976172],[5.7014621,52.3976352],[5.7014622,52.3976532],[5.7014622,52.3976712],[5.7014622,52.3976891],[5.7014623,52.3977071],[5.7014623,52.3977251],[5.7014623,52.397743],[5.7014624,52.397761],[5.7014624,52.397779],[5.7014624,52.397797],[5.7014625,52.3978149],[5.7014625,52.3978329],[5.7014625,52.3978509],[5.7014626,52.3978689],[5.7014626,52.3978868],[5.7014626,52.3979048],[5.7014627,52.3979228],[5.7014627,52.3979408],[5.7014627,52.3979587],[5.7014628,52.3979767],[5.7014628,52.3979947],[5.7014628,52.3980126],[5.7014629,52.3980306],[5.7014629,52.3980486],[5.7014629,52.3980666],[5.701463,52.3980845],[5.701463,52.3981025],[5.701463,52.3981205],[5.7014631,52.3981385],[5.7014631,52.3981564],[5.7014631,52.3981744],[5.7014631,52.3981924],[5.7014632,52.3982104],[5.7014632,52.3982283],[5.7014632,52.3982463],[5.7014633,52.3982643],[5.7014633,52.3982823],[5.7014633,52.3983002],[5.7014634,52.3983182],[5.7014634,52.3983362],[5.7014634,52.3983541],[5.7014635,52.3983721],[5.7014635,52.3983901],[5.7014635,52.3984081],[5.7014636,52.398426],[5.7014636,52.398444],[5.7014636,52.398462],[5.7014637,52.39848],[5.7014637,52.3984979],[5.7014637,52.3985159],[5.7014638,52.3985339],[5.7014638,52.3985519],[5.7014638,52.3985698],[5.7014639,52.3985878],[5.7014639,52.3986058],[5.7014639,52.3986237],[5.701464,52.3986417],[5.701464,52.3986597],[5.701464,52.3986777],[5.7014641,52.3986956],[5.7014641,52.3987136],[5.7014641,52.3987316],[5.7014642,52.3987496],[5.7014642,52.3987675],[5.7014642,52.3987855],[5.7014643,52.3988035],[5.7014643,52.3988215],[5.7014643,52.3988394],[5.7014644,52.3988574],[5.7014644,52.3988754],[5.7014644,52.3988933],[5.7014645,52.3989113],[5.7014645,52.3989293],[5.7014645,52.3989473],[5.7014646,52.3989652],[5.7014646,52.3989832],[5.7014646,52.3990012],[5.7014647,52.3990192],[5.7014647,52.3990371],[5.7014647,52.3990551],[5.7014648,52.3990731],[5.7014648,52.3990911],[5.7014648,52.399109],[5.7014649,52.399127],[5.7014649,52.399145],[5.7014649,52.399163],[5.701465,52.3991809],[5.701465,52.3991989],[5.701465,52.3992169],[5.7014651,52.3992348],[5.7014651,52.3992528],[5.7014651,52.3992708],[5.7014652,52.3992888],[5.7014652,52.3993067],[5.7014652,52.3993247],[5.7014653,52.3993427],[5.7014653,52.3993607],[5.7014653,52.3993786],[5.7014654,52.3993966],[5.7014654,52.3994146],[5.7014654,52.3994326],[5.7014655,52.3994505],[5.7014655,52.3994685],[5.7014655,52.3994865],[5.7014656,52.3995044],[5.7014656,52.3995224],[5.7014656,52.3995404],[5.7014657,52.3995584],[5.7014657,52.3995763],[5.7014657,52.3995943],[5.7014658,52.3996123],[5.7014658,52.3996303],[5.7014658,52.3996482],[5.7014659,52.3996662],[5.7014659,52.3996842],[5.7014659,52.3997022],[5.701466,52.3997201],[5.701466,52.3997381],[5.701466,52.3997561],[5.7014661,52.399774],[5.7014661,52.399792],[5.7014661,52.39981],[5.7014662,52.399828],[5.7014662,52.3998459],[5.7014662,52.3998639],[5.7014663,52.3998819],[5.7014663,52.3998999],[5.7014663,52.3999178],[5.7014664,52.3999358],[5.7014664,52.3999538],[5.7014664,52.3999718],[5.7014665,52.3999897],[5.7014665,52.4000077],[5.7014665,52.4000257],[5.7014666,52.4000437],[5.7014666,52.4000616],[5.7014666,52.4000796],[5.7014667,52.4000976],[5.7014667,52.4001155],[5.7014667,52.4001335],[5.7014668,52.4001515],[5.7014668,52.4001695],[5.7014668,52.4001874],[5.7014669,52.4002054],[5.7014669,52.4002234],[5.7014669,52.4002414],[5.701467,52.4002593],[5.701467,52.4002773],[5.701467,52.4002953],[5.7014671,52.4003133],[5.7014671,52.4003312],[5.7014671,52.4003492],[5.7014672,52.4003672],[5.7014672,52.4003851],[5.7014672,52.4004031],[5.7014673,52.4004211],[5.7014673,52.4004391],[5.7014673,52.400457],[5.7014674,52.400475],[5.7014674,52.400493],[5.7014674,52.400511],[5.7014675,52.4005289],[5.7014675,52.4005469],[5.7014675,52.4005649],[5.7014676,52.4005829],[5.7014676,52.4006008],[5.7014676,52.4006188],[5.7014677,52.4006368],[5.7014677,52.4006548],[5.7014677,52.4006727],[5.7014678,52.4006907],[5.7014678,52.4007087],[5.7014678,52.4007266],[5.7014678,52.4007446],[5.7014679,52.4007626],[5.7014679,52.4007806],[5.7014679,52.4007985],[5.701468,52.4008165],[5.701468,52.4008345],[5.701468,52.4008525],[5.7014681,52.4008704],[5.7014681,52.4008884],[5.7014681,52.4009064],[5.7014682,52.4009244],[5.7014682,52.4009423],[5.7014682,52.4009603],[5.7014683,52.4009783],[5.7014683,52.4009962],[5.7014683,52.4010142],[5.7014684,52.4010322],[5.7014684,52.4010502],[5.7014684,52.4010681],[5.7014685,52.4010861],[5.7014685,52.4011041],[5.7014685,52.4011221],[5.7014686,52.40114],[5.7014686,52.401158],[5.7014686,52.401176],[5.7014687,52.401194],[5.7014687,52.4012119],[5.7014687,52.4012299],[5.7014688,52.4012479],[5.7014688,52.4012658],[5.7014688,52.4012838],[5.7014689,52.4013018],[5.7014689,52.4013198],[5.7014689,52.4013377],[5.701469,52.4013557],[5.701469,52.4013737],[5.701469,52.4013917],[5.7014691,52.4014096],[5.7014691,52.4014276],[5.7014691,52.4014456],[5.7014692,52.4014636],[5.7014692,52.4014815],[5.7014692,52.4014995],[5.7014693,52.4015175],[5.7014693,52.4015355],[5.7014693,52.4015534],[5.7014694,52.4015714],[5.7014694,52.4015894],[5.7014694,52.4016073],[5.7014695,52.4016253],[5.7014695,52.4016433],[5.7014695,52.4016613],[5.7014696,52.4016792],[5.7014696,52.4016972],[5.7014696,52.4017152],[5.7014697,52.4017332],[5.7014697,52.4017511],[5.7014697,52.4017691],[5.7014698,52.4017871],[5.7014698,52.4018051],[5.7014698,52.401823],[5.7014699,52.401841],[5.7014699,52.401859],[5.7014699,52.4018769],[5.70147,52.4018949],[5.70147,52.4019129],[5.70147,52.4019309],[5.7014701,52.4019488],[5.7014701,52.4019668],[5.7014701,52.4019848],[5.7014702,52.4020028],[5.7014702,52.4020207],[5.7014702,52.4020387],[5.7014703,52.4020567],[5.7014703,52.4020747],[5.7014703,52.4020926],[5.7014704,52.4021106],[5.7014704,52.4021286],[5.7014704,52.4021465],[5.7014705,52.4021645],[5.7014705,52.4021825],[5.7014705,52.4022005],[5.7014706,52.4022184],[5.7014706,52.4022364],[5.7014706,52.4022544],[5.7014707,52.4022724],[5.7014707,52.4022903],[5.7014707,52.4023083],[5.7014708,52.4023263],[5.7014708,52.4023443],[5.7014708,52.4023622],[5.7014709,52.4023802],[5.7014709,52.4023982],[5.7014709,52.4024162],[5.701471,52.4024341],[5.701471,52.4024521],[5.701471,52.4024701],[5.7014711,52.402488],[5.7014711,52.402506],[5.7014711,52.402524],[5.7014712,52.402542],[5.7014712,52.4025599],[5.7014712,52.4025779],[5.7014713,52.4025959],[5.7014713,52.4026139],[5.7014713,52.4026318],[5.7014714,52.4026498],[5.7014714,52.4026678],[5.7014714,52.4026858],[5.7014715,52.4027037],[5.7014715,52.4027217],[5.7014715,52.4027397],[5.7014716,52.4027576],[5.7014716,52.4027756],[5.7014716,52.4027936],[5.7014717,52.4028116],[5.7014717,52.4028295],[5.7014717,52.4028475],[5.7014718,52.4028655],[5.7014718,52.4028835],[5.7014718,52.4029014],[5.7014719,52.4029194],[5.7014719,52.4029374],[5.7014719,52.4029554],[5.701472,52.4029733],[5.701472,52.4029913],[5.701472,52.4030093],[5.7014721,52.4030272],[5.7014721,52.4030452],[5.7014721,52.4030632],[5.7014722,52.4030812],[5.7014722,52.4030991],[5.7014722,52.4031171],[5.7014723,52.4031351],[5.7014723,52.4031531],[5.7014723,52.403171],[5.7014724,52.403189],[5.7014724,52.403207],[5.7014724,52.403225],[5.7014725,52.4032429],[5.7014725,52.4032609],[5.7014725,52.4032789],[5.7014726,52.4032969],[5.7014726,52.4033148],[5.7014726,52.4033328],[5.7014727,52.4033508],[5.7014727,52.4033687],[5.7014727,52.4033867],[5.7014727,52.4034047],[5.7014728,52.4034227],[5.7014728,52.4034406],[5.7014728,52.4034586],[5.7014729,52.4034766],[5.7014729,52.4034946],[5.7014729,52.4035125],[5.701473,52.4035305],[5.701473,52.4035485],[5.701473,52.4035665],[5.7014731,52.4035844],[5.7014731,52.4036024],[5.7014731,52.4036204],[5.7014732,52.4036383],[5.7014732,52.4036563],[5.7014732,52.4036743],[5.7014733,52.4036923],[5.7014733,52.4037102],[5.7014733,52.4037282],[5.7014734,52.4037462],[5.7014734,52.4037642],[5.7014734,52.4037821],[5.7014735,52.4038001],[5.7014735,52.4038181],[5.7014735,52.4038361],[5.7014736,52.403854],[5.7014736,52.403872],[5.7014736,52.40389],[5.7014737,52.4039079],[5.7014737,52.4039259],[5.7014737,52.4039439],[5.7014738,52.4039619],[5.7014738,52.4039798],[5.7014738,52.4039978],[5.7014739,52.4040158],[5.7014739,52.4040338],[5.7014739,52.4040517],[5.701474,52.4040697],[5.701474,52.4040877],[5.701474,52.4041057],[5.7014741,52.4041236],[5.7014741,52.4041416],[5.7014741,52.4041596],[5.7014742,52.4041776],[5.7014742,52.4041955],[5.7014742,52.4042135],[5.7014743,52.4042315],[5.7014743,52.4042494],[5.7014743,52.4042674],[5.7014744,52.4042854],[5.7014744,52.4043034],[5.7014744,52.4043213],[5.7014745,52.4043393],[5.7014745,52.4043573],[5.7014745,52.4043753],[5.7014746,52.4043932],[5.7014746,52.4044112],[5.7014746,52.4044292],[5.7014747,52.4044472],[5.7014747,52.4044651],[5.7014747,52.4044831],[5.7014748,52.4045011],[5.7014748,52.404519],[5.7014748,52.404537],[5.7014749,52.404555],[5.7014749,52.404573],[5.7014749,52.4045909],[5.701475,52.4046089],[5.701475,52.4046269],[5.701475,52.4046449],[5.7014751,52.4046628],[5.7014751,52.4046808],[5.7014751,52.4046988],[5.7014752,52.4047168],[5.7014752,52.4047347],[5.7014752,52.4047527],[5.7014753,52.4047707],[5.7014753,52.4047886],[5.7014753,52.4048066],[5.7014754,52.4048246],[5.7014754,52.4048426],[5.7014754,52.4048605],[5.7014755,52.4048785],[5.7014755,52.4048965],[5.7014755,52.4049145],[5.7014756,52.4049324],[5.7014756,52.4049504],[5.7014756,52.4049684],[5.7014757,52.4049864],[5.7014757,52.4050043],[5.7014757,52.4050223],[5.7014758,52.4050403],[5.7014758,52.4050583],[5.7014758,52.4050762],[5.7014759,52.4050942],[5.7014759,52.4051122],[5.7014759,52.4051301],[5.701476,52.4051481],[5.701476,52.4051661],[5.701476,52.4051841],[5.7014761,52.405202],[5.7014761,52.40522],[5.7014761,52.405238],[5.7014762,52.405256],[5.7014762,52.4052739],[5.7014762,52.4052919],[5.7014763,52.4053099],[5.7014763,52.4053279],[5.7014763,52.4053458],[5.7014764,52.4053638],[5.7014764,52.4053818],[5.7014764,52.4053997],[5.7014765,52.4054177],[5.7014765,52.4054357],[5.7014765,52.4054537],[5.7014766,52.4054716],[5.7014766,52.4054896],[5.7014766,52.4055076],[5.7014767,52.4055256],[5.7014767,52.4055435],[5.7014767,52.4055615],[5.7014768,52.4055795],[5.7014768,52.4055975],[5.7014768,52.4056154],[5.7014769,52.4056334],[5.7014769,52.4056514],[5.7014769,52.4056693],[5.701477,52.4056873],[5.701477,52.4057053],[5.701477,52.4057233],[5.7014771,52.4057412],[5.7014771,52.4057592],[5.7014771,52.4057772],[5.7014772,52.4057952],[5.7014772,52.4058131],[5.7014772,52.4058311],[5.7014773,52.4058491],[5.7014773,52.4058671],[5.7014773,52.405885],[5.7014774,52.405903],[5.7014774,52.405921],[5.7014774,52.405939],[5.7014775,52.4059569],[5.7014775,52.4059749],[5.7014775,52.4059929],[5.7014776,52.4060108],[5.7014776,52.4060288],[5.7014776,52.4060468],[5.7014776,52.4060648],[5.7014777,52.4060827],[5.7014777,52.4061007],[5.7014777,52.4061187],[5.7014778,52.4061367],[5.7014778,52.4061546],[5.7014778,52.4061726],[5.7014779,52.4061906],[5.7014779,52.4062086],[5.7014779,52.4062265],[5.701478,52.4062445],[5.701478,52.4062625],[5.701478,52.4062804],[5.7014781,52.4062984],[5.7014781,52.4063164],[5.7014781,52.4063344],[5.7014782,52.4063523],[5.7014782,52.4063703],[5.7014782,52.4063883],[5.7014783,52.4064063],[5.7014783,52.4064242],[5.7014783,52.4064422],[5.7014784,52.4064602],[5.7014784,52.4064782],[5.7014784,52.4064961],[5.7014785,52.4065141],[5.7014785,52.4065321],[5.7014785,52.40655],[5.7014786,52.406568],[5.7014786,52.406586],[5.7014786,52.406604],[5.7014787,52.4066219],[5.7014787,52.4066399],[5.7014787,52.4066579],[5.7014788,52.4066759],[5.7014788,52.4066938],[5.7014788,52.4067118],[5.7014789,52.4067298],[5.7014789,52.4067478],[5.7014789,52.4067657],[5.701479,52.4067837],[5.701479,52.4068017],[5.701479,52.4068197],[5.7014791,52.4068376],[5.7014791,52.4068556],[5.7014791,52.4068736],[5.7014792,52.4068915],[5.7014792,52.4069095],[5.7014792,52.4069275],[5.7014793,52.4069455],[5.7014793,52.4069634],[5.7014793,52.4069814],[5.7014794,52.4069994],[5.7014794,52.4070174],[5.7014794,52.4070353],[5.7014795,52.4070533],[5.7014795,52.4070713],[5.7014795,52.4070893],[5.7014796,52.4071072],[5.7014796,52.4071252],[5.7014796,52.4071432],[5.7014797,52.4071611],[5.7014797,52.4071791],[5.7014797,52.4071971],[5.7014798,52.4072151],[5.7014798,52.407233],[5.7014798,52.407251],[5.7014799,52.407269],[5.7014799,52.407287],[5.7014799,52.4073049],[5.70148,52.4073229],[5.70148,52.4073409],[5.70148,52.4073589],[5.7014801,52.4073768],[5.7014801,52.4073948],[5.7014801,52.4074128],[5.7014802,52.4074307],[5.7014802,52.4074487],[5.7014802,52.4074667],[5.7014803,52.4074847],[5.7014803,52.4075026],[5.7014803,52.4075206],[5.7014804,52.4075386],[5.7014804,52.4075566],[5.7014804,52.4075745],[5.7014805,52.4075925],[5.7014805,52.4076105],[5.7014805,52.4076285],[5.7014806,52.4076464],[5.7014806,52.4076644],[5.7014806,52.4076824],[5.7014807,52.4077003],[5.7014807,52.4077183],[5.7014807,52.4077363],[5.7014808,52.4077543],[5.7014808,52.4077722],[5.7014808,52.4077902],[5.7014809,52.4078082],[5.7014809,52.4078262],[5.7014809,52.4078441],[5.701481,52.4078621],[5.701481,52.4078801],[5.701481,52.4078981],[5.7014811,52.407916],[5.7014811,52.407934],[5.7014811,52.407952],[5.7014812,52.40797],[5.7014812,52.4079879],[5.7014812,52.4080059],[5.7014813,52.4080239],[5.7014813,52.4080418],[5.7014813,52.4080598],[5.7014814,52.4080778],[5.7014814,52.4080958],[5.7014814,52.4081137],[5.7014815,52.4081317],[5.7014815,52.4081497],[5.7014815,52.4081677],[5.7014816,52.4081856],[5.7014816,52.4082036],[5.7014816,52.4082216],[5.7014817,52.4082396],[5.7014817,52.4082575],[5.7014817,52.4082755],[5.7014818,52.4082935],[5.7014818,52.4083114],[5.7014818,52.4083294],[5.7014819,52.4083474],[5.7014819,52.4083654],[5.7014819,52.4083833],[5.701482,52.4084013],[5.701482,52.4084193],[5.701482,52.4084373],[5.7014821,52.4084552],[5.7014821,52.4084732],[5.7014821,52.4084912],[5.7014822,52.4085092],[5.7014822,52.4085271],[5.7014822,52.4085451],[5.7014823,52.4085631],[5.7014823,52.408581],[5.7014823,52.408599],[5.7014824,52.408617],[5.7014824,52.408635],[5.7014824,52.4086529],[5.7014825,52.4086709],[5.7014825,52.4086889],[5.7014825,52.4087069],[5.7014826,52.4087248],[5.7014826,52.4087428],[5.7014826,52.4087608],[5.7014827,52.4087788],[5.7014827,52.4087967],[5.7014827,52.4088147],[5.7014827,52.4088327],[5.7014828,52.4088507],[5.7014828,52.4088686],[5.7014828,52.4088866],[5.7014829,52.4089046],[5.7014829,52.4089225],[5.7014829,52.4089405],[5.701483,52.4089585],[5.701483,52.4089765],[5.701483,52.4089944],[5.7014831,52.4090124],[5.7014831,52.4090304],[5.7014831,52.4090484],[5.7014832,52.4090663],[5.7014832,52.4090843],[5.7014832,52.4091023],[5.7014833,52.4091203],[5.7014833,52.4091382],[5.7014833,52.4091562],[5.7014834,52.4091742],[5.7014834,52.4091921],[5.7014834,52.4092101],[5.7014835,52.4092281],[5.7014835,52.4092461],[5.7014835,52.409264],[5.7014836,52.409282],[5.7014836,52.4093],[5.7014836,52.409318],[5.7014837,52.4093359],[5.7014837,52.4093539],[5.7014837,52.4093719],[5.7014838,52.4093899],[5.7014838,52.4094078],[5.7014838,52.4094258],[5.7014839,52.4094438],[5.7014839,52.4094617],[5.7014839,52.4094797],[5.701484,52.4094977],[5.701484,52.4095157],[5.701484,52.4095336],[5.7014841,52.4095516],[5.7014841,52.4095696],[5.7014841,52.4095876],[5.7014842,52.4096055],[5.7014842,52.4096235],[5.7014842,52.4096415],[5.7014843,52.4096595],[5.7014843,52.4096774],[5.7014843,52.4096954],[5.7014844,52.4097134],[5.7014844,52.4097313],[5.7014844,52.4097493],[5.7014845,52.4097673],[5.7014845,52.4097853],[5.7014845,52.4098032],[5.7014846,52.4098212],[5.7014846,52.4098392],[5.7014846,52.4098572],[5.7014847,52.4098751],[5.7014847,52.4098931],[5.7014847,52.4099111],[5.7014848,52.4099291],[5.7014848,52.409947],[5.7014848,52.409965],[5.7014849,52.409983],[5.7014849,52.410001],[5.7014849,52.4100189],[5.701485,52.4100369],[5.701485,52.4100549],[5.701485,52.4100728],[5.7014851,52.4100908],[5.7014851,52.4101088],[5.7014851,52.4101268],[5.7014852,52.4101447],[5.7014852,52.4101627],[5.7014852,52.4101807],[5.7014853,52.4101987],[5.7014853,52.4102166],[5.7014853,52.4102346],[5.7014854,52.4102526],[5.7014854,52.4102706],[5.7014854,52.4102885],[5.7014855,52.4103065],[5.7014855,52.4103245],[5.7014855,52.4103424],[5.7014856,52.4103604],[5.7014856,52.4103784],[5.7014856,52.4103964],[5.7014857,52.4104143],[5.7014857,52.4104323],[5.7014857,52.4104503],[5.7014858,52.4104683],[5.7014858,52.4104862],[5.7014858,52.4105042],[5.7014859,52.4105222],[5.7014859,52.4105402],[5.7014859,52.4105581],[5.701486,52.4105761],[5.701486,52.4105941],[5.701486,52.410612],[5.7014861,52.41063],[5.7014861,52.410648],[5.7014861,52.410666],[5.7014862,52.4106839],[5.7014862,52.4107019],[5.7014862,52.4107199],[5.7014863,52.4107379],[5.7014863,52.4107558],[5.7014863,52.4107738],[5.7014864,52.4107918],[5.7014864,52.4108098],[5.7014864,52.4108277],[5.7014865,52.4108457],[5.7014865,52.4108637],[5.7014865,52.4108817],[5.7014866,52.4108996],[5.7014866,52.4109176],[5.7014866,52.4109356],[5.7014867,52.4109535],[5.7014867,52.4109715],[5.7014867,52.4109895],[5.7014868,52.4110075],[5.7014868,52.4110254],[5.7014868,52.4110434],[5.7014869,52.4110614],[5.7014869,52.4110794],[5.7014869,52.4110973],[5.701487,52.4111153],[5.701487,52.4111333],[5.701487,52.4111513],[5.7014871,52.4111692],[5.7014871,52.4111872],[5.7014871,52.4112052],[5.7014872,52.4112231],[5.7014872,52.4112411],[5.7014872,52.4112591],[5.7014873,52.4112771],[5.7014873,52.411295],[5.7014873,52.411313],[5.7014874,52.411331],[5.7014874,52.411349],[5.7014874,52.4113669],[5.7014875,52.4113849],[5.7014875,52.4114029],[5.7014875,52.4114209],[5.7014876,52.4114388],[5.7014876,52.4114568],[5.7014876,52.4114748],[5.7014877,52.4114927],[5.7014877,52.4115107],[5.7014877,52.4115287],[5.7014878,52.4115467],[5.7014878,52.4115646],[5.7014878,52.4115826],[5.7014879,52.4116006],[5.7014879,52.4116186],[5.7014879,52.4116365],[5.7014879,52.4116545],[5.701488,52.4116725],[5.701488,52.4116905],[5.701488,52.4117084],[5.7014881,52.4117264],[5.7014881,52.4117444],[5.7014881,52.4117623],[5.7014882,52.4117803],[5.7014882,52.4117983],[5.7014882,52.4118163],[5.7014883,52.4118342],[5.7014883,52.4118522],[5.7014883,52.4118702],[5.7014884,52.4118882],[5.7014884,52.4119061],[5.7014884,52.4119241],[5.7014885,52.4119421],[5.7014885,52.4119601],[5.7014885,52.411978],[5.7014886,52.411996],[5.7014886,52.412014],[5.7014886,52.412032],[5.7014887,52.4120499],[5.7014887,52.4120679],[5.7014887,52.4120859],[5.7014888,52.4121038],[5.7014888,52.4121218],[5.7014888,52.4121398],[5.7014889,52.4121578],[5.7014889,52.4121757],[5.7014889,52.4121937],[5.701489,52.4122117],[5.701489,52.4122297],[5.701489,52.4122476],[5.7014891,52.4122656],[5.7014891,52.4122836],[5.7014891,52.4123016],[5.7014892,52.4123195],[5.7014892,52.4123375],[5.7014892,52.4123555],[5.7014893,52.4123734],[5.7014893,52.4123914],[5.7014893,52.4124094],[5.7014894,52.4124274],[5.7014894,52.4124453],[5.7014894,52.4124633],[5.7014895,52.4124813],[5.7014895,52.4124993],[5.7014895,52.4125172],[5.7014896,52.4125352],[5.7014896,52.4125532],[5.7014896,52.4125712],[5.7014897,52.4125891],[5.7014897,52.4126071],[5.7014897,52.4126251],[5.7014898,52.412643],[5.7014898,52.412661],[5.7014898,52.412679],[5.7014899,52.412697],[5.7014899,52.4127149],[5.7014899,52.4127329],[5.70149,52.4127509],[5.70149,52.4127689],[5.70149,52.4127868],[5.7014901,52.4128048],[5.7014901,52.4128228],[5.7014901,52.4128408],[5.7014902,52.4128587],[5.7014902,52.4128767],[5.7014902,52.4128947],[5.7014903,52.4129126],[5.7014903,52.4129306],[5.7014903,52.4129486],[5.7014904,52.4129666],[5.7014904,52.4129845],[5.7014904,52.4130025],[5.7014905,52.4130205],[5.7014905,52.4130385],[5.7014905,52.4130564],[5.7014906,52.4130744],[5.7014906,52.4130924],[5.7014906,52.4131104],[5.7014907,52.4131283],[5.7014907,52.4131463],[5.7014907,52.4131643],[5.7014908,52.4131823],[5.7014908,52.4132002],[5.7014908,52.4132182],[5.7014909,52.4132362],[5.7014909,52.4132541],[5.7014909,52.4132721],[5.701491,52.4132901],[5.701491,52.4133081],[5.701491,52.413326],[5.7014911,52.413344],[5.7014911,52.413362],[5.7014911,52.41338],[5.7014912,52.4133979],[5.7014912,52.4134159],[5.7014912,52.4134339],[5.7014913,52.4134519],[5.7014913,52.4134698],[5.7014913,52.4134878],[5.7014914,52.4135058],[5.7014914,52.4135237],[5.7014914,52.4135417],[5.7014915,52.4135597],[5.7014915,52.4135777],[5.7014915,52.4135956],[5.7014916,52.4136136],[5.7014916,52.4136316],[5.7014916,52.4136496],[5.7014917,52.4136675],[5.7014917,52.4136855],[5.7014917,52.4137035],[5.7014918,52.4137215],[5.7014918,52.4137394],[5.7014918,52.4137574],[5.7014919,52.4137754],[5.7014919,52.4137933],[5.7014919,52.4138113],[5.701492,52.4138293],[5.701492,52.4138473],[5.701492,52.4138652],[5.7014921,52.4138832],[5.7014921,52.4139012],[5.7014921,52.4139192],[5.7014922,52.4139371],[5.7014922,52.4139551],[5.7014922,52.4139731],[5.7014923,52.4139911],[5.7014923,52.414009],[5.7014923,52.414027],[5.7014924,52.414045],[5.7014924,52.4140629],[5.7014924,52.4140809],[5.7014925,52.4140989],[5.7014925,52.4141169],[5.7014925,52.4141348],[5.7014926,52.4141528],[5.7014926,52.4141708],[5.7014926,52.4141888],[5.7014927,52.4142067],[5.7014927,52.4142247],[5.7014927,52.4142427],[5.7014928,52.4142607],[5.7014928,52.4142786],[5.7014928,52.4142966],[5.7014929,52.4143146],[5.7014929,52.4143326],[5.7014929,52.4143505],[5.701493,52.4143685],[5.701493,52.4143865],[5.701493,52.4144044],[5.7014931,52.4144224],[5.7014931,52.4144404],[5.7014931,52.4144584],[5.7014932,52.4144763],[5.7014932,52.4144943],[5.7014932,52.4145123],[5.7014933,52.4145303],[5.7014933,52.4145482],[5.7014933,52.4145662],[5.7014933,52.4145842],[5.7014934,52.4146022],[5.7014934,52.4146201],[5.7014934,52.4146381],[5.7014935,52.4146561],[5.7014935,52.414674],[5.7014935,52.414692],[5.7014936,52.41471],[5.7014936,52.414728],[5.7014936,52.4147459],[5.7014937,52.4147639],[5.7014937,52.4147819],[5.7014937,52.4147999],[5.7014938,52.4148178],[5.7014938,52.4148358],[5.7014938,52.4148538],[5.7014939,52.4148718],[5.7014939,52.4148897],[5.7014939,52.4149077],[5.701494,52.4149257],[5.701494,52.4149436],[5.701494,52.4149616],[5.7014941,52.4149796],[5.7014941,52.4149976],[5.7014941,52.4150155],[5.7014942,52.4150335],[5.7014942,52.4150515],[5.7014942,52.4150695],[5.7014943,52.4150874],[5.7014943,52.4151054],[5.7014943,52.4151234],[5.7014944,52.4151414],[5.7014944,52.4151593],[5.7014944,52.4151773],[5.7014945,52.4151953],[5.7014945,52.4152132],[5.7014945,52.4152312],[5.7014946,52.4152492],[5.7014946,52.4152672],[5.7014946,52.4152851],[5.7014947,52.4153031],[5.7014947,52.4153211],[5.7014947,52.4153391],[5.7014948,52.415357],[5.7014948,52.415375],[5.7014948,52.415393],[5.7014949,52.415411],[5.7014949,52.4154289],[5.7014949,52.4154469],[5.701495,52.4154649],[5.701495,52.4154829],[5.701495,52.4155008],[5.7014951,52.4155188],[5.7014951,52.4155368],[5.7014951,52.4155547],[5.7014952,52.4155727],[5.7014952,52.4155907],[5.7014952,52.4156087],[5.7014953,52.4156266],[5.7014953,52.4156446],[5.7014953,52.4156626],[5.7014954,52.4156806],[5.7014954,52.4156985],[5.7014954,52.4157165],[5.7014955,52.4157345],[5.7014955,52.4157525],[5.7014955,52.4157704],[5.7014956,52.4157884],[5.7014956,52.4158064],[5.7014956,52.4158243],[5.7014957,52.4158423],[5.7014957,52.4158603],[5.7014957,52.4158783],[5.7014958,52.4158962],[5.7014958,52.4159142],[5.7014958,52.4159322],[5.7014959,52.4159502],[5.7014959,52.4159681],[5.7014959,52.4159861],[5.701496,52.4160041],[5.701496,52.4160221],[5.701496,52.41604],[5.7014961,52.416058],[5.7014961,52.416076],[5.7014961,52.4160939],[5.7014962,52.4161119],[5.7014962,52.4161299],[5.7014962,52.4161479],[5.7014963,52.4161658],[5.7014963,52.4161838],[5.7014963,52.4162018],[5.7014964,52.4162198],[5.7014964,52.4162377],[5.7014964,52.4162557],[5.7014965,52.4162737],[5.7014965,52.4162917],[5.7014965,52.4163096],[5.7014966,52.4163276],[5.7014966,52.4163456],[5.7014966,52.4163635],[5.7014967,52.4163815],[5.7014967,52.4163995],[5.7014967,52.4164175],[5.7014968,52.4164354],[5.7014968,52.4164534],[5.7014968,52.4164714],[5.7014969,52.4164894],[5.7014969,52.4165073],[5.7014969,52.4165253],[5.701497,52.4165433],[5.701497,52.4165613],[5.701497,52.4165792],[5.7014971,52.4165972],[5.7014971,52.4166152],[5.7014971,52.4166332],[5.7014972,52.4166511],[5.7014972,52.4166691],[5.7014972,52.4166871],[5.7014973,52.416705],[5.7014973,52.416723],[5.7014973,52.416741],[5.7014974,52.416759],[5.7014974,52.4167769],[5.7014974,52.4167949],[5.7014975,52.4168129],[5.7014975,52.4168309],[5.7014975,52.4168488],[5.7014976,52.4168668],[5.7014976,52.4168848],[5.7014976,52.4169028],[5.7014977,52.4169207],[5.7014977,52.4169387],[5.7014977,52.4169567],[5.7014978,52.4169746],[5.7014978,52.4169926],[5.7014978,52.4170106],[5.7014979,52.4170286],[5.7014979,52.4170465],[5.7014979,52.4170645],[5.701498,52.4170825],[5.701498,52.4171005],[5.701498,52.4171184],[5.7014981,52.4171364],[5.7014981,52.4171544],[5.7014981,52.4171724],[5.7014982,52.4171903],[5.7014982,52.4172083],[5.7014982,52.4172263],[5.7014983,52.4172442],[5.7014983,52.4172622],[5.7014983,52.4172802],[5.7014984,52.4172982],[5.7014984,52.4173161],[5.7014984,52.4173341],[5.7014985,52.4173521],[5.7014985,52.4173701],[5.7014985,52.417388],[5.7014986,52.417406],[5.7014986,52.417424],[5.7014986,52.417442],[5.7014987,52.4174599],[5.7014987,52.4174779],[5.7014987,52.4174959],[5.7014988,52.4175138],[5.7014988,52.4175318],[5.7014988,52.4175498],[5.7014988,52.4175678],[5.7014989,52.4175857],[5.7014989,52.4176037],[5.7014989,52.4176217],[5.701499,52.4176397],[5.701499,52.4176576],[5.701499,52.4176756],[5.7014991,52.4176936],[5.7014991,52.4177116],[5.7014991,52.4177295],[5.7014992,52.4177475],[5.7014992,52.4177655],[5.7014992,52.4177835],[5.7014993,52.4178014],[5.7014993,52.4178194]]}},{"type":"Feature","properties":{"highway":"secondary","smoothness":"good","surface":"asphalt","width":6},"geometry":{"type":"LineString","coordinates":[[5.7014993,52.4178194],[5.7014993,52.4178374],[5.7014994,52.4178553],[5.7014994,52.4178733],[5.7014994,52.4178913],[5.7014995,52.4179093],[5.7014995,52.4179272],[5.7014995,52.4179452],[5.7014996,52.4179632],[5.7014996,52.4179812],[5.7014996,52.4179991],[5.7014997,52.4180171],[5.7014997,52.4180351],[5.7014997,52.4180531],[5.7014998,52.418071],[5.7014998,52.418089],[5.7014998,52.418107],[5.7014999,52.4181249],[5.7014999,52.4181429],[5.7014999,52.4181609],[5.7015,52.4181789],[5.7015,52.4181968],[5.7015,52.4182148],[5.7015001,52.4182328],[5.7015001,52.4182508],[5.7015001,52.4182687],[5.7015002,52.4182867],[5.7015002,52.4183047],[5.7015002,52.4183227],[5.7015003,52.4183406],[5.7015003,52.4183586],[5.7015003,52.4183766],[5.7015004,52.4183945],[5.7015004,52.4184125],[5.7015004,52.4184305],[5.7015005,52.4184485],[5.7015005,52.4184664],[5.7015005,52.4184844],[5.7015006,52.4185024],[5.7015006,52.4185204],[5.7015006,52.4185383],[5.7015007,52.4185563],[5.7015007,52.4185743],[5.7015007,52.4185923],[5.7015008,52.4186102],[5.7015008,52.4186282],[5.7015008,52.4186462],[5.7015009,52.4186641],[5.7015009,52.4186821],[5.7015009,52.4187001],[5.701501,52.4187181],[5.701501,52.418736],[5.701501,52.418754],[5.7015011,52.418772],[5.7015011,52.41879],[5.7015011,52.4188079],[5.7015012,52.4188259],[5.7015012,52.4188439],[5.7015012,52.4188619],[5.7015013,52.4188798],[5.7015013,52.4188978],[5.7015013,52.4189158],[5.7015014,52.4189337],[5.7015014,52.4189517],[5.7015014,52.4189697],[5.7015015,52.4189877],[5.7015015,52.4190056],[5.7015015,52.4190236],[5.7015016,52.4190416],[5.7015016,52.4190596],[5.7015016,52.4190775],[5.7015017,52.4190955],[5.7015017,52.4191135],[5.7015017,52.4191315],[5.7015018,52.4191494],[5.7015018,52.4191674],[5.7015018,52.4191854],[5.7015019,52.4192034],[5.7015019,52.4192213],[5.7015019,52.4192393],[5.701502,52.4192573],[5.701502,52.4192752],[5.701502,52.4192932],[5.7015021,52.4193112],[5.7015021,52.4193292],[5.7015021,52.4193471],[5.7015022,52.4193651],[5.7015022,52.4193831],[5.7015022,52.4194011],[5.7015023,52.419419],[5.7015023,52.419437],[5.7015023,52.419455],[5.7015024,52.419473],[5.7015024,52.4194909],[5.7015024,52.4195089],[5.7015025,52.4195269],[5.7015025,52.4195448],[5.7015025,52.4195628],[5.7015026,52.4195808],[5.7015026,52.4195988],[5.7015026,52.4196167],[5.7015027,52.4196347],[5.7015027,52.4196527],[5.7015027,52.4196707],[5.7015028,52.4196886],[5.7015028,52.4197066],[5.7015028,52.4197246],[5.7015029,52.4197426],[5.7015029,52.4197605],[5.7015029,52.4197785],[5.701503,52.4197965],[5.701503,52.4198144],[5.701503,52.4198324],[5.7015031,52.4198504],[5.7015031,52.4198684],[5.7015031,52.4198863],[5.7015032,52.4199043],[5.7015032,52.4199223],[5.7015032,52.4199403],[5.7015033,52.4199582],[5.7015033,52.4199762],[5.7015033,52.4199942],[5.7015034,52.4200122],[5.7015034,52.4200301],[5.7015034,52.4200481],[5.7015035,52.4200661],[5.7015035,52.420084],[5.7015035,52.420102],[5.7015036,52.42012],[5.7015036,52.420138],[5.7015036,52.4201559],[5.7015037,52.4201739],[5.7015037,52.4201919],[5.7015037,52.4202099],[5.7015038,52.4202278],[5.7015038,52.4202458],[5.7015038,52.4202638],[5.7015039,52.4202818],[5.7015039,52.4202997],[5.7015039,52.4203177],[5.701504,52.4203357],[5.701504,52.4203536],[5.701504,52.4203716],[5.7015041,52.4203896],[5.7015041,52.4204076],[5.7015041,52.4204255],[5.7015042,52.4204435],[5.7015042,52.4204615],[5.7015042,52.4204795],[5.7015043,52.4204974],[5.7015043,52.4205154],[5.7015043,52.4205334],[5.7015044,52.4205514],[5.7015044,52.4205693],[5.7015044,52.4205873],[5.7015045,52.4206053],[5.7015045,52.4206233],[5.7015045,52.4206412],[5.7015045,52.4206592],[5.7015046,52.4206772],[5.7015046,52.4206951],[5.7015046,52.4207131],[5.7015047,52.4207311],[5.7015047,52.4207491],[5.7015047,52.420767],[5.7015048,52.420785],[5.7015048,52.420803],[5.7015048,52.420821],[5.7015049,52.4208389],[5.7015049,52.4208569],[5.7015049,52.4208749],[5.701505,52.4208929],[5.701505,52.4209108],[5.701505,52.4209288],[5.7015051,52.4209468],[5.7015051,52.4209647],[5.7015051,52.4209827],[5.7015052,52.4210007],[5.7015052,52.4210187],[5.7015052,52.4210366],[5.7015053,52.4210546],[5.7015053,52.4210726],[5.7015053,52.4210906],[5.7015054,52.4211085],[5.7015054,52.4211265],[5.7015054,52.4211445],[5.7015055,52.4211625],[5.7015055,52.4211804],[5.7015055,52.4211984],[5.7015056,52.4212164],[5.7015056,52.4212343],[5.7015056,52.4212523],[5.7015057,52.4212703],[5.7015057,52.4212883],[5.7015057,52.4213062],[5.7015058,52.4213242],[5.7015058,52.4213422],[5.7015058,52.4213602],[5.7015059,52.4213781],[5.7015059,52.4213961],[5.7015059,52.4214141],[5.701506,52.4214321],[5.701506,52.42145],[5.701506,52.421468],[5.7015061,52.421486],[5.7015061,52.4215039],[5.7015061,52.4215219],[5.7015062,52.4215399],[5.7015062,52.4215579],[5.7015062,52.4215758],[5.7015063,52.4215938],[5.7015063,52.4216118],[5.7015063,52.4216298],[5.7015064,52.4216477],[5.7015064,52.4216657],[5.7015064,52.4216837],[5.7015065,52.4217017],[5.7015065,52.4217196],[5.7015065,52.4217376],[5.7015066,52.4217556],[5.7015066,52.4217735],[5.7015066,52.4217915],[5.7015067,52.4218095],[5.7015067,52.4218275],[5.7015067,52.4218454],[5.7015068,52.4218634],[5.7015068,52.4218814],[5.7015068,52.4218994],[5.7015069,52.4219173],[5.7015069,52.4219353],[5.7015069,52.4219533],[5.701507,52.4219713],[5.701507,52.4219892],[5.701507,52.4220072],[5.7015071,52.4220252],[5.7015071,52.4220432],[5.7015071,52.4220611],[5.7015072,52.4220791],[5.7015072,52.4220971],[5.7015072,52.422115],[5.7015073,52.422133],[5.7015073,52.422151],[5.7015073,52.422169],[5.7015074,52.4221869],[5.7015074,52.4222049],[5.7015074,52.4222229],[5.7015075,52.4222409],[5.7015075,52.4222588],[5.7015075,52.4222768],[5.7015076,52.4222948],[5.7015076,52.4223128],[5.7015076,52.4223307],[5.7015077,52.4223487],[5.7015077,52.4223667],[5.7015077,52.4223846],[5.7015078,52.4224026],[5.7015078,52.4224206],[5.7015078,52.4224386],[5.7015079,52.4224565],[5.7015079,52.4224745],[5.7015079,52.4224925],[5.701508,52.4225105],[5.701508,52.4225284],[5.701508,52.4225464],[5.7015081,52.4225644],[5.7015081,52.4225824],[5.7015081,52.4226003],[5.7015082,52.4226183],[5.7015082,52.4226363],[5.7015082,52.4226542],[5.7015083,52.4226722],[5.7015083,52.4226902],[5.7015083,52.4227082],[5.7015084,52.4227261],[5.7015084,52.4227441],[5.7015084,52.4227621],[5.7015085,52.4227801],[5.7015085,52.422798],[5.7015085,52.422816],[5.7015086,52.422834],[5.7015086,52.422852],[5.7015086,52.4228699],[5.7015087,52.4228879],[5.7015087,52.4229059],[5.7015087,52.4229238],[5.7015088,52.4229418],[5.7015088,52.4229598],[5.7015088,52.4229778],[5.7015089,52.4229957],[5.7015089,52.4230137],[5.7015089,52.4230317],[5.701509,52.4230497],[5.701509,52.4230676],[5.701509,52.4230856],[5.7015091,52.4231036],[5.7015091,52.4231216],[5.7015091,52.4231395],[5.7015092,52.4231575],[5.7015092,52.4231755],[5.7015092,52.4231934],[5.7015093,52.4232114],[5.7015093,52.4232294],[5.7015093,52.4232474],[5.7015094,52.4232653],[5.7015094,52.4232833],[5.7015094,52.4233013],[5.7015095,52.4233193],[5.7015095,52.4233372],[5.7015095,52.4233552],[5.7015096,52.4233732],[5.7015096,52.4233912],[5.7015096,52.4234091],[5.7015097,52.4234271],[5.7015097,52.4234451],[5.7015097,52.4234631],[5.7015098,52.423481],[5.7015098,52.423499],[5.7015098,52.423517],[5.7015099,52.4235349],[5.7015099,52.4235529],[5.7015099,52.4235709],[5.70151,52.4235889],[5.70151,52.4236068],[5.70151,52.4236248],[5.7015101,52.4236428],[5.7015101,52.4236608],[5.7015101,52.4236787],[5.7015102,52.4236967],[5.7015102,52.4237147],[5.7015102,52.4237327],[5.7015103,52.4237506],[5.7015103,52.4237686],[5.7015103,52.4237866],[5.7015103,52.4238045],[5.7015104,52.4238225],[5.7015104,52.4238405],[5.7015104,52.4238585],[5.7015105,52.4238764],[5.7015105,52.4238944],[5.7015105,52.4239124],[5.7015106,52.4239304],[5.7015106,52.4239483],[5.7015106,52.4239663],[5.7015107,52.4239843],[5.7015107,52.4240023],[5.7015107,52.4240202],[5.7015108,52.4240382],[5.7015108,52.4240562],[5.7015108,52.4240741],[5.7015109,52.4240921],[5.7015109,52.4241101],[5.7015109,52.4241281],[5.701511,52.424146],[5.701511,52.424164],[5.701511,52.424182],[5.7015111,52.4242],[5.7015111,52.4242179],[5.7015111,52.4242359],[5.7015112,52.4242539],[5.7015112,52.4242719],[5.7015112,52.4242898],[5.7015113,52.4243078],[5.7015113,52.4243258],[5.7015113,52.4243437],[5.7015114,52.4243617],[5.7015114,52.4243797],[5.7015114,52.4243977],[5.7015115,52.4244156],[5.7015115,52.4244336],[5.7015115,52.4244516],[5.7015116,52.4244696],[5.7015116,52.4244875],[5.7015116,52.4245055],[5.7015117,52.4245235],[5.7015117,52.4245415],[5.7015117,52.4245594],[5.7015118,52.4245774],[5.7015118,52.4245954],[5.7015118,52.4246133],[5.7015119,52.4246313],[5.7015119,52.4246493],[5.7015119,52.4246673],[5.701512,52.4246852],[5.701512,52.4247032],[5.701512,52.4247212],[5.7015121,52.4247392],[5.7015121,52.4247571],[5.7015121,52.4247751],[5.7015122,52.4247931],[5.7015122,52.4248111],[5.7015122,52.424829],[5.7015123,52.424847],[5.7015123,52.424865],[5.7015123,52.4248829],[5.7015124,52.4249009],[5.7015124,52.4249189],[5.7015124,52.4249369],[5.7015125,52.4249548],[5.7015125,52.4249728],[5.7015125,52.4249908],[5.7015126,52.4250088],[5.7015126,52.4250267],[5.7015126,52.4250447],[5.7015127,52.4250627],[5.7015127,52.4250807],[5.7015127,52.4250986],[5.7015128,52.4251166],[5.7015128,52.4251346],[5.7015128,52.4251526],[5.7015129,52.4251705],[5.7015129,52.4251885],[5.7015129,52.4252065],[5.701513,52.4252244],[5.701513,52.4252424],[5.701513,52.4252604],[5.7015131,52.4252784],[5.7015131,52.4252963],[5.7015131,52.4253143],[5.7015132,52.4253323],[5.7015132,52.4253503],[5.7015132,52.4253682],[5.7015133,52.4253862],[5.7015133,52.4254042],[5.7015133,52.4254222],[5.7015134,52.4254401],[5.7015134,52.4254581],[5.7015134,52.4254761],[5.7015135,52.425494],[5.7015135,52.425512],[5.7015135,52.42553],[5.7015136,52.425548],[5.7015136,52.4255659],[5.7015136,52.4255839],[5.7015137,52.4256019],[5.7015137,52.4256199],[5.7015137,52.4256378],[5.7015138,52.4256558],[5.7015138,52.4256738],[5.7015138,52.4256918],[5.7015139,52.4257097],[5.7015139,52.4257277],[5.7015139,52.4257457],[5.701514,52.4257636],[5.701514,52.4257816],[5.701514,52.4257996],[5.7015141,52.4258176],[5.7015141,52.4258355],[5.7015141,52.4258535],[5.7015142,52.4258715],[5.7015142,52.4258895],[5.7015142,52.4259074],[5.7015143,52.4259254],[5.7015143,52.4259434],[5.7015143,52.4259614],[5.7015144,52.4259793],[5.7015144,52.4259973],[5.7015144,52.4260153],[5.7015145,52.4260332],[5.7015145,52.4260512],[5.7015145,52.4260692],[5.7015146,52.4260872],[5.7015146,52.4261051],[5.7015146,52.4261231],[5.7015147,52.4261411],[5.7015147,52.4261591],[5.7015147,52.426177],[5.7015148,52.426195],[5.7015148,52.426213],[5.7015148,52.426231],[5.7015149,52.4262489],[5.7015149,52.4262669],[5.7015149,52.4262849],[5.701515,52.4263028],[5.701515,52.4263208],[5.701515,52.4263388],[5.7015151,52.4263568],[5.7015151,52.4263747],[5.7015151,52.4263927],[5.7015152,52.4264107],[5.7015152,52.4264287],[5.7015152,52.4264466],[5.7015153,52.4264646],[5.7015153,52.4264826],[5.7015153,52.4265006],[5.7015154,52.4265185],[5.7015154,52.4265365],[5.7015154,52.4265545],[5.7015155,52.4265724],[5.7015155,52.4265904],[5.7015155,52.4266084],[5.7015156,52.4266264],[5.7015156,52.4266443],[5.7015156,52.4266623],[5.7015157,52.4266803],[5.7015157,52.4266983],[5.7015157,52.4267162],[5.7015158,52.4267342],[5.7015158,52.4267522],[5.7015158,52.4267702],[5.7015159,52.4267881],[5.7015159,52.4268061],[5.7015159,52.4268241],[5.701516,52.4268421],[5.701516,52.42686],[5.701516,52.426878],[5.7015161,52.426896],[5.7015161,52.4269139],[5.7015161,52.4269319],[5.7015162,52.4269499],[5.7015162,52.4269679],[5.7015162,52.4269858],[5.7015163,52.4270038],[5.7015163,52.4270218],[5.7015163,52.4270398],[5.7015164,52.4270577],[5.7015164,52.4270757],[5.7015164,52.4270937],[5.7015164,52.4271117],[5.7015165,52.4271296],[5.7015165,52.4271476],[5.7015165,52.4271656],[5.7015166,52.4271835],[5.7015166,52.4272015],[5.7015166,52.4272195],[5.7015167,52.4272375],[5.7015167,52.4272554],[5.7015167,52.4272734],[5.7015168,52.4272914],[5.7015168,52.4273094],[5.7015168,52.4273273],[5.7015169,52.4273453],[5.7015169,52.4273633],[5.7015169,52.4273813],[5.701517,52.4273992],[5.701517,52.4274172],[5.701517,52.4274352],[5.7015171,52.4274531],[5.7015171,52.4274711],[5.7015171,52.4274891],[5.7015172,52.4275071],[5.7015172,52.427525],[5.7015172,52.427543],[5.7015173,52.427561],[5.7015173,52.427579],[5.7015173,52.4275969],[5.7015174,52.4276149],[5.7015174,52.4276329],[5.7015174,52.4276509],[5.7015175,52.4276688],[5.7015175,52.4276868],[5.7015175,52.4277048],[5.7015176,52.4277227],[5.7015176,52.4277407],[5.7015176,52.4277587],[5.7015177,52.4277767],[5.7015177,52.4277946],[5.7015177,52.4278126],[5.7015178,52.4278306],[5.7015178,52.4278486],[5.7015178,52.4278665],[5.7015179,52.4278845],[5.7015179,52.4279025],[5.7015179,52.4279205],[5.701518,52.4279384],[5.701518,52.4279564],[5.701518,52.4279744],[5.7015181,52.4279923],[5.7015181,52.4280103],[5.7015181,52.4280283],[5.7015182,52.4280463],[5.7015182,52.4280642],[5.7015182,52.4280822],[5.7015183,52.4281002],[5.7015183,52.4281182],[5.7015183,52.4281361],[5.7015184,52.4281541],[5.7015184,52.4281721],[5.7015184,52.4281901],[5.7015185,52.428208],[5.7015185,52.428226],[5.7015185,52.428244],[5.7015186,52.4282619],[5.7015186,52.4282799],[5.7015186,52.4282979],[5.7015187,52.4283159],[5.7015187,52.4283338],[5.7015187,52.4283518],[5.7015188,52.4283698],[5.7015188,52.4283878],[5.7015188,52.4284057],[5.7015189,52.4284237],[5.7015189,52.4284417],[5.7015189,52.4284597],[5.701519,52.4284776],[5.701519,52.4284956],[5.701519,52.4285136],[5.7015191,52.4285315],[5.7015191,52.4285495],[5.7015191,52.4285675],[5.7015192,52.4285855],[5.7015192,52.4286034],[5.7015192,52.4286214],[5.7015193,52.4286394],[5.7015193,52.4286574],[5.7015193,52.4286753],[5.7015194,52.4286933],[5.7015194,52.4287113],[5.7015194,52.4287293],[5.7015195,52.4287472],[5.7015195,52.4287652],[5.7015195,52.4287832],[5.7015196,52.4288012],[5.7015196,52.4288191],[5.7015196,52.4288371],[5.7015197,52.4288551],[5.7015197,52.428873],[5.7015197,52.428891],[5.7015198,52.428909],[5.7015198,52.428927],[5.7015198,52.4289449],[5.7015199,52.4289629],[5.7015199,52.4289809],[5.7015199,52.4289989],[5.70152,52.4290168],[5.70152,52.4290348],[5.70152,52.4290528],[5.7015201,52.4290708],[5.7015201,52.4290887],[5.7015201,52.4291067],[5.7015202,52.4291247],[5.7015202,52.4291426],[5.7015202,52.4291606],[5.7015203,52.4291786],[5.7015203,52.4291966],[5.7015203,52.4292145],[5.7015204,52.4292325],[5.7015204,52.4292505],[5.7015204,52.4292685],[5.7015205,52.4292864],[5.7015205,52.4293044],[5.7015205,52.4293224],[5.7015206,52.4293404],[5.7015206,52.4293583],[5.7015206,52.4293763],[5.7015207,52.4293943],[5.7015207,52.4294122],[5.7015207,52.4294302],[5.7015208,52.4294482],[5.7015208,52.4294662],[5.7015208,52.4294841],[5.7015209,52.4295021],[5.7015209,52.4295201],[5.7015209,52.4295381],[5.701521,52.429556],[5.701521,52.429574],[5.701521,52.429592],[5.7015211,52.42961],[5.7015211,52.4296279],[5.7015211,52.4296459],[5.7015212,52.4296639],[5.7015212,52.4296818],[5.7015212,52.4296998],[5.7015213,52.4297178],[5.7015213,52.4297358],[5.7015213,52.4297537],[5.7015214,52.4297717],[5.7015214,52.4297897],[5.7015214,52.4298077],[5.7015215,52.4298256],[5.7015215,52.4298436],[5.7015215,52.4298616],[5.7015216,52.4298796],[5.7015216,52.4298975],[5.7015216,52.4299155],[5.7015217,52.4299335],[5.7015217,52.4299514],[5.7015217,52.4299694],[5.7015218,52.4299874],[5.7015218,52.4300054],[5.7015218,52.4300233],[5.7015219,52.4300413],[5.7015219,52.4300593],[5.7015219,52.4300773],[5.701522,52.4300952],[5.701522,52.4301132],[5.701522,52.4301312],[5.7015221,52.4301492],[5.7015221,52.4301671],[5.7015221,52.4301851],[5.7015222,52.4302031],[5.7015222,52.430221],[5.7015222,52.430239],[5.7015223,52.430257],[5.7015223,52.430275],[5.7015223,52.4302929],[5.7015224,52.4303109],[5.7015224,52.4303289],[5.7015224,52.4303469],[5.7015225,52.4303648],[5.7015225,52.4303828],[5.7015225,52.4304008],[5.7015226,52.4304188],[5.7015226,52.4304367],[5.7015226,52.4304547],[5.7015227,52.4304727],[5.7015227,52.4304906],[5.7015227,52.4305086],[5.7015227,52.4305266],[5.7015228,52.4305446],[5.7015228,52.4305625],[5.7015228,52.4305805],[5.7015229,52.4305985],[5.7015229,52.4306165],[5.7015229,52.4306344],[5.701523,52.4306524],[5.701523,52.4306704],[5.701523,52.4306884],[5.7015231,52.4307063],[5.7015231,52.4307243],[5.7015231,52.4307423],[5.7015232,52.4307602],[5.7015232,52.4307782],[5.7015232,52.4307962],[5.7015233,52.4308142],[5.7015233,52.4308321],[5.7015233,52.4308501],[5.7015234,52.4308681],[5.7015234,52.4308861],[5.7015234,52.430904],[5.7015235,52.430922],[5.7015235,52.43094],[5.7015235,52.430958],[5.7015236,52.4309759],[5.7015236,52.4309939],[5.7015236,52.4310119],[5.7015237,52.4310299],[5.7015237,52.4310478],[5.7015237,52.4310658],[5.7015238,52.4310838],[5.7015238,52.4311017],[5.7015238,52.4311197],[5.7015239,52.4311377],[5.7015239,52.4311557],[5.7015239,52.4311736],[5.701524,52.4311916],[5.701524,52.4312096],[5.701524,52.4312276],[5.7015241,52.4312455],[5.7015241,52.4312635],[5.7015241,52.4312815],[5.7015242,52.4312995],[5.7015242,52.4313174],[5.7015242,52.4313354],[5.7015243,52.4313534],[5.7015243,52.4313713],[5.7015243,52.4313893],[5.7015244,52.4314073],[5.7015244,52.4314253],[5.7015244,52.4314432],[5.7015245,52.4314612],[5.7015245,52.4314792],[5.7015245,52.4314972],[5.7015246,52.4315151],[5.7015246,52.4315331],[5.7015246,52.4315511],[5.7015247,52.4315691],[5.7015247,52.431587],[5.7015247,52.431605],[5.7015248,52.431623],[5.7015248,52.4316409],[5.7015248,52.4316589],[5.7015249,52.4316769],[5.7015249,52.4316949],[5.7015249,52.4317128],[5.701525,52.4317308],[5.701525,52.4317488],[5.701525,52.4317668],[5.7015251,52.4317847],[5.7015251,52.4318027],[5.7015251,52.4318207],[5.7015252,52.4318387],[5.7015252,52.4318566],[5.7015252,52.4318746],[5.7015253,52.4318926],[5.7015253,52.4319105],[5.7015253,52.4319285],[5.7015254,52.4319465],[5.7015254,52.4319645],[5.7015254,52.4319824],[5.7015255,52.4320004],[5.7015255,52.4320184],[5.7015255,52.4320364],[5.7015256,52.4320543],[5.7015256,52.4320723],[5.7015256,52.4320903],[5.7015257,52.4321083],[5.7015257,52.4321262],[5.7015257,52.4321442],[5.7015258,52.4321622],[5.7015258,52.4321801],[5.7015258,52.4321981],[5.7015259,52.4322161],[5.7015259,52.4322341],[5.7015259,52.432252],[5.701526,52.43227],[5.701526,52.432288],[5.701526,52.432306],[5.7015261,52.4323239],[5.7015261,52.4323419],[5.7015261,52.4323599],[5.7015262,52.4323779],[5.7015262,52.4323958],[5.7015262,52.4324138],[5.7015263,52.4324318],[5.7015263,52.4324497],[5.7015263,52.4324677],[5.7015264,52.4324857],[5.7015264,52.4325037],[5.7015264,52.4325216],[5.7015265,52.4325396],[5.7015265,52.4325576],[5.7015265,52.4325756],[5.7015266,52.4325935],[5.7015266,52.4326115],[5.7015266,52.4326295],[5.7015267,52.4326475],[5.7015267,52.4326654],[5.7015267,52.4326834],[5.7015268,52.4327014],[5.7015268,52.4327193],[5.7015268,52.4327373],[5.7015269,52.4327553],[5.7015269,52.4327733],[5.7015269,52.4327912],[5.701527,52.4328092],[5.701527,52.4328272],[5.701527,52.4328452],[5.7015271,52.4328631],[5.7015271,52.4328811],[5.7015271,52.4328991],[5.7015272,52.4329171],[5.7015272,52.432935],[5.7015272,52.432953],[5.7015273,52.432971],[5.7015273,52.4329889],[5.7015273,52.4330069],[5.7015274,52.4330249],[5.7015274,52.4330429],[5.7015274,52.4330608],[5.7015275,52.4330788],[5.7015275,52.4330968],[5.7015275,52.4331148],[5.7015276,52.4331327],[5.7015276,52.4331507],[5.7015276,52.4331687],[5.7015277,52.4331867],[5.7015277,52.4332046],[5.7015277,52.4332226],[5.7015278,52.4332406],[5.7015278,52.4332585],[5.7015278,52.4332765],[5.7015279,52.4332945],[5.7015279,52.4333125],[5.7015279,52.4333304],[5.701528,52.4333484],[5.701528,52.4333664],[5.701528,52.4333844],[5.7015281,52.4334023],[5.7015281,52.4334203],[5.7015281,52.4334383],[5.7015282,52.4334563],[5.7015282,52.4334742],[5.7015282,52.4334922],[5.7015283,52.4335102],[5.7015283,52.4335282],[5.7015283,52.4335461],[5.7015284,52.4335641],[5.7015284,52.4335821],[5.7015284,52.4336],[5.7015285,52.433618],[5.7015285,52.433636],[5.7015285,52.433654],[5.7015286,52.4336719],[5.7015286,52.4336899],[5.7015286,52.4337079],[5.7015287,52.4337259],[5.7015287,52.4337438],[5.7015287,52.4337618],[5.7015288,52.4337798],[5.7015288,52.4337978],[5.7015288,52.4338157],[5.7015289,52.4338337],[5.7015289,52.4338517],[5.7015289,52.4338696],[5.701529,52.4338876],[5.701529,52.4339056],[5.701529,52.4339236],[5.7015291,52.4339415],[5.7015291,52.4339595],[5.7015291,52.4339775],[5.7015292,52.4339955],[5.7015292,52.4340134],[5.7015292,52.4340314],[5.7015292,52.4340494],[5.7015293,52.4340674],[5.7015293,52.4340853],[5.7015293,52.4341033],[5.7015294,52.4341213],[5.7015294,52.4341392],[5.7015294,52.4341572],[5.7015295,52.4341752],[5.7015295,52.4341932],[5.7015295,52.4342111],[5.7015296,52.4342291],[5.7015296,52.4342471],[5.7015296,52.4342651],[5.7015297,52.434283],[5.7015297,52.434301],[5.7015297,52.434319],[5.7015298,52.434337],[5.7015298,52.4343549],[5.7015298,52.4343729],[5.7015299,52.4343909],[5.7015299,52.4344088],[5.7015299,52.4344268],[5.70153,52.4344448],[5.70153,52.4344628],[5.70153,52.4344807],[5.7015301,52.4344987],[5.7015301,52.4345167],[5.7015301,52.4345347],[5.7015302,52.4345526],[5.7015302,52.4345706],[5.7015302,52.4345886],[5.7015303,52.4346066],[5.7015303,52.4346245],[5.7015303,52.4346425],[5.7015304,52.4346605],[5.7015304,52.4346784],[5.7015304,52.4346964],[5.7015305,52.4347144],[5.7015305,52.4347324],[5.7015305,52.4347503],[5.7015306,52.4347683],[5.7015306,52.4347863],[5.7015306,52.4348043],[5.7015307,52.4348222],[5.7015307,52.4348402],[5.7015307,52.4348582],[5.7015308,52.4348762],[5.7015308,52.4348941],[5.7015308,52.4349121],[5.7015309,52.4349301],[5.7015309,52.434948],[5.7015309,52.434966],[5.701531,52.434984],[5.701531,52.435002],[5.701531,52.4350199],[5.7015311,52.4350379],[5.7015311,52.4350559],[5.7015311,52.4350739],[5.7015312,52.4350918],[5.7015312,52.4351098],[5.7015312,52.4351278],[5.7015313,52.4351458],[5.7015313,52.4351637],[5.7015313,52.4351817],[5.7015314,52.4351997],[5.7015314,52.4352176],[5.7015314,52.4352356],[5.7015315,52.4352536],[5.7015315,52.4352716],[5.7015315,52.4352895],[5.7015316,52.4353075],[5.7015316,52.4353255],[5.7015316,52.4353435],[5.7015317,52.4353614],[5.7015317,52.4353794],[5.7015317,52.4353974],[5.7015318,52.4354154],[5.7015318,52.4354333],[5.7015318,52.4354513],[5.7015319,52.4354693],[5.7015319,52.4354872],[5.7015319,52.4355052],[5.701532,52.4355232],[5.701532,52.4355412],[5.701532,52.4355591],[5.7015321,52.4355771],[5.7015321,52.4355951],[5.7015321,52.4356131],[5.7015322,52.435631],[5.7015322,52.435649],[5.7015322,52.435667],[5.7015323,52.435685],[5.7015323,52.4357029],[5.7015323,52.4357209],[5.7015324,52.4357389],[5.7015324,52.4357568],[5.7015324,52.4357748],[5.7015325,52.4357928],[5.7015325,52.4358108],[5.7015325,52.4358287],[5.7015326,52.4358467],[5.7015326,52.4358647],[5.7015326,52.4358827],[5.7015327,52.4359006],[5.7015327,52.4359186],[5.7015327,52.4359366],[5.7015328,52.4359546],[5.7015328,52.4359725],[5.7015328,52.4359905],[5.7015329,52.4360085],[5.7015329,52.4360264],[5.7015329,52.4360444],[5.701533,52.4360624],[5.701533,52.4360804],[5.701533,52.4360983],[5.7015331,52.4361163],[5.7015331,52.4361343],[5.7015331,52.4361523],[5.7015332,52.4361702],[5.7015332,52.4361882],[5.7015332,52.4362062],[5.7015333,52.4362242],[5.7015333,52.4362421],[5.7015333,52.4362601],[5.7015334,52.4362781],[5.7015334,52.4362961],[5.7015334,52.436314],[5.7015335,52.436332],[5.7015335,52.43635],[5.7015335,52.4363679],[5.7015336,52.4363859],[5.7015336,52.4364039],[5.7015336,52.4364219],[5.7015337,52.4364398],[5.7015337,52.4364578],[5.7015337,52.4364758],[5.7015338,52.4364938],[5.7015338,52.4365117],[5.7015338,52.4365297],[5.7015339,52.4365477],[5.7015339,52.4365657],[5.7015339,52.4365836],[5.701534,52.4366016],[5.701534,52.4366196],[5.701534,52.4366375],[5.7015341,52.4366555],[5.7015341,52.4366735],[5.7015341,52.4366915],[5.7015342,52.4367094],[5.7015342,52.4367274],[5.7015342,52.4367454],[5.7015343,52.4367634],[5.7015343,52.4367813],[5.7015343,52.4367993],[5.7015344,52.4368173],[5.7015344,52.4368353],[5.7015344,52.4368532],[5.7015345,52.4368712],[5.7015345,52.4368892],[5.7015345,52.4369071],[5.7015346,52.4369251],[5.7015346,52.4369431],[5.7015346,52.4369611],[5.7015347,52.436979],[5.7015347,52.436997],[5.7015347,52.437015],[5.7015348,52.437033],[5.7015348,52.4370509],[5.7015348,52.4370689],[5.7015349,52.4370869],[5.7015349,52.4371049],[5.7015349,52.4371228],[5.701535,52.4371408],[5.701535,52.4371588],[5.701535,52.4371767],[5.7015351,52.4371947],[5.7015351,52.4372127],[5.7015351,52.4372307],[5.7015352,52.4372486],[5.7015352,52.4372666],[5.7015352,52.4372846],[5.7015353,52.4373026],[5.7015353,52.4373205],[5.7015353,52.4373385],[5.7015354,52.4373565],[5.7015354,52.4373745],[5.7015354,52.4373924],[5.7015355,52.4374104],[5.7015355,52.4374284],[5.7015355,52.4374463],[5.7015356,52.4374643],[5.7015356,52.4374823],[5.7015356,52.4375003],[5.7015357,52.4375182],[5.7015357,52.4375362],[5.7015357,52.4375542],[5.7015358,52.4375722],[5.7015358,52.4375901],[5.7015358,52.4376081],[5.7015359,52.4376261],[5.7015359,52.4376441],[5.7015359,52.437662],[5.701536,52.43768],[5.701536,52.437698],[5.701536,52.4377159],[5.7015361,52.4377339],[5.7015361,52.4377519],[5.7015361,52.4377699],[5.7015361,52.4377878],[5.7015362,52.4378058],[5.7015362,52.4378238],[5.7015362,52.4378418],[5.7015363,52.4378597],[5.7015363,52.4378777],[5.7015363,52.4378957],[5.7015364,52.4379137],[5.7015364,52.4379316],[5.7015364,52.4379496],[5.7015365,52.4379676],[5.7015365,52.4379855],[5.7015365,52.4380035],[5.7015366,52.4380215],[5.7015366,52.4380395],[5.7015366,52.4380574],[5.7015367,52.4380754],[5.7015367,52.4380934],[5.7015367,52.4381114],[5.7015368,52.4381293],[5.7015368,52.4381473],[5.7015368,52.4381653],[5.7015369,52.4381833],[5.7015369,52.4382012],[5.7015369,52.4382192],[5.701537,52.4382372],[5.701537,52.4382551],[5.701537,52.4382731],[5.7015371,52.4382911],[5.7015371,52.4383091],[5.7015371,52.438327],[5.7015372,52.438345],[5.7015372,52.438363],[5.7015372,52.438381],[5.7015373,52.4383989],[5.7015373,52.4384169],[5.7015373,52.4384349],[5.7015374,52.4384529],[5.7015374,52.4384708],[5.7015374,52.4384888],[5.7015375,52.4385068],[5.7015375,52.4385247],[5.7015375,52.4385427],[5.7015376,52.4385607],[5.7015376,52.4385787],[5.7015376,52.4385966],[5.7015377,52.4386146],[5.7015377,52.4386326],[5.7015377,52.4386506],[5.7015378,52.4386685],[5.7015378,52.4386865],[5.7015378,52.4387045],[5.7015379,52.4387225],[5.7015379,52.4387404],[5.7015379,52.4387584],[5.701538,52.4387764],[5.701538,52.4387943],[5.701538,52.4388123],[5.7015381,52.4388303],[5.7015381,52.4388483],[5.7015381,52.4388662],[5.7015382,52.4388842],[5.7015382,52.4389022],[5.7015382,52.4389202],[5.7015383,52.4389381],[5.7015383,52.4389561],[5.7015383,52.4389741],[5.7015384,52.4389921],[5.7015384,52.43901],[5.7015384,52.439028],[5.7015385,52.439046],[5.7015385,52.4390639],[5.7015385,52.4390819],[5.7015386,52.4390999],[5.7015386,52.4391179],[5.7015386,52.4391358],[5.7015387,52.4391538],[5.7015387,52.4391718],[5.7015387,52.4391898],[5.7015388,52.4392077],[5.7015388,52.4392257],[5.7015388,52.4392437],[5.7015389,52.4392617],[5.7015389,52.4392796],[5.7015389,52.4392976],[5.701539,52.4393156],[5.701539,52.4393335],[5.701539,52.4393515],[5.7015391,52.4393695],[5.7015391,52.4393875],[5.7015391,52.4394054],[5.7015392,52.4394234],[5.7015392,52.4394414],[5.7015392,52.4394594],[5.7015393,52.4394773],[5.7015393,52.4394953],[5.7015393,52.4395133],[5.7015394,52.4395313],[5.7015394,52.4395492],[5.7015394,52.4395672],[5.7015395,52.4395852],[5.7015395,52.4396031],[5.7015395,52.4396211],[5.7015396,52.4396391],[5.7015396,52.4396571],[5.7015396,52.439675],[5.7015397,52.439693],[5.7015397,52.439711],[5.7015397,52.439729],[5.7015398,52.4397469],[5.7015398,52.4397649],[5.7015398,52.4397829],[5.7015399,52.4398009],[5.7015399,52.4398188],[5.7015399,52.4398368],[5.70154,52.4398548],[5.70154,52.4398727],[5.70154,52.4398907],[5.7015401,52.4399087],[5.7015401,52.4399267],[5.7015401,52.4399446],[5.7015402,52.4399626],[5.7015402,52.4399806],[5.7015402,52.4399986],[5.7015403,52.4400165],[5.7015403,52.4400345],[5.7015403,52.4400525],[5.7015404,52.4400705],[5.7015404,52.4400884],[5.7015404,52.4401064],[5.7015405,52.4401244],[5.7015405,52.4401423],[5.7015405,52.4401603],[5.7015406,52.4401783],[5.7015406,52.4401963],[5.7015406,52.4402142],[5.7015407,52.4402322],[5.7015407,52.4402502],[5.7015407,52.4402682],[5.7015408,52.4402861],[5.7015376,52.4403049],[5.7015312,52.4403233],[5.7015217,52.4403412],[5.7015092,52.4403584],[5.7014939,52.4403747],[5.7014758,52.4403899],[5.7014552,52.4404039],[5.7014323,52.4404165],[5.7014074,52.4404276],[5.7013808,52.4404371],[5.7013527,52.4404447],[5.7013234,52.4404506],[5.7012933,52.4404545],[5.7012626,52.4404565],[5.7012318,52.4404565],[5.7012024,52.4404565],[5.701173,52.4404565],[5.7011436,52.4404566],[5.7011142,52.4404566],[5.7010847,52.4404566],[5.7010553,52.4404566],[5.7010259,52.4404566],[5.7009965,52.4404567],[5.700967,52.4404567],[5.7009376,52.4404567],[5.7009082,52.4404567],[5.7008788,52.4404567],[5.7008494,52.4404568],[5.7008199,52.4404568],[5.7007905,52.4404568],[5.7007611,52.4404568],[5.7007317,52.4404569],[5.7007023,52.4404569],[5.7006728,52.4404569],[5.7006434,52.4404569],[5.700614,52.4404569],[5.7005846,52.440457],[5.7005551,52.440457],[5.7005257,52.440457],[5.7004963,52.440457],[5.7004669,52.440457],[5.7004375,52.4404571],[5.700408,52.4404571],[5.7003786,52.4404571],[5.7003492,52.4404571],[5.7003198,52.4404571],[5.7002904,52.4404572],[5.7002609,52.4404572],[5.7002315,52.4404572],[5.7002021,52.4404572],[5.7001727,52.4404572],[5.7001433,52.4404573],[5.7001138,52.4404573],[5.7000844,52.4404573],[5.700055,52.4404573],[5.7000256,52.4404573],[5.6999961,52.4404574],[5.6999667,52.4404574],[5.6999373,52.4404574],[5.6999079,52.4404574],[5.6998785,52.4404574],[5.699849,52.4404574],[5.6998196,52.4404575],[5.6997902,52.4404575],[5.6997608,52.4404575],[5.6997314,52.4404575],[5.6997019,52.4404575],[5.6996725,52.4404576],[5.6996431,52.4404576],[5.6996137,52.4404576],[5.6995842,52.4404576],[5.6995548,52.4404576],[5.6995254,52.4404577],[5.699496,52.4404577],[5.6994666,52.4404577],[5.6994371,52.4404577],[5.6994077,52.4404577],[5.6993783,52.4404578],[5.6993489,52.4404578],[5.6993195,52.4404578],[5.69929,52.4404578],[5.6992606,52.4404578],[5.6992312,52.4404579],[5.6992018,52.4404579],[5.6991724,52.4404579],[5.6991429,52.4404579],[5.6991135,52.4404579],[5.6990841,52.440458],[5.6990547,52.440458],[5.6990252,52.440458],[5.6989958,52.440458],[5.6989664,52.440458],[5.698937,52.4404581],[5.6989076,52.4404581],[5.6988781,52.4404581],[5.6988487,52.4404581],[5.6988193,52.4404581],[5.6987899,52.4404582],[5.6987605,52.4404582],[5.698731,52.4404582],[5.6987016,52.4404582],[5.6986722,52.4404582],[5.6986428,52.4404583],[5.6986133,52.4404583],[5.6985839,52.4404583],[5.6985545,52.4404583],[5.6985251,52.4404583],[5.6984957,52.4404584],[5.6984662,52.4404584],[5.6984368,52.4404584],[5.6984074,52.4404584],[5.698378,52.4404584],[5.6983486,52.4404585],[5.6983191,52.4404585],[5.6982897,52.4404585],[5.6982603,52.4404585],[5.6982309,52.4404585],[5.6982015,52.4404586],[5.698172,52.4404586],[5.6981426,52.4404586],[5.6981132,52.4404586],[5.6980838,52.4404586],[5.6980543,52.4404586],[5.6980249,52.4404587],[5.6979955,52.4404587],[5.6979661,52.4404587],[5.6979367,52.4404587],[5.6979072,52.4404587],[5.6978778,52.4404588],[5.6978484,52.4404588],[5.697819,52.4404588],[5.6977896,52.4404588],[5.6977601,52.4404588],[5.6977307,52.4404589],[5.6977013,52.4404589],[5.6976719,52.4404589],[5.6976425,52.4404589],[5.697613,52.4404589],[5.6975836,52.440459],[5.6975542,52.440459],[5.6975248,52.440459],[5.6974953,52.440459],[5.6974659,52.440459],[5.6974365,52.4404591],[5.6974071,52.4404591],[5.6973777,52.4404591],[5.6973482,52.4404591],[5.6973188,52.4404591],[5.6972894,52.4404592],[5.69726,52.4404592],[5.6972306,52.4404592],[5.6972011,52.4404592],[5.6971717,52.4404592],[5.6971423,52.4404592],[5.6971129,52.4404593],[5.6970834,52.4404593],[5.697054,52.4404593],[5.6970246,52.4404593],[5.6969952,52.4404593],[5.6969658,52.4404594],[5.6969363,52.4404594],[5.6969069,52.4404594],[5.6968775,52.4404594],[5.6968481,52.4404594],[5.6968187,52.4404595],[5.6967892,52.4404595],[5.6967598,52.4404595],[5.6967304,52.4404595],[5.696701,52.4404595],[5.6966716,52.4404596],[5.6966421,52.4404596],[5.6966127,52.4404596],[5.6965833,52.4404596],[5.6965539,52.4404596],[5.6965244,52.4404596],[5.696495,52.4404597],[5.6964656,52.4404597],[5.6964362,52.4404597],[5.6964068,52.4404597],[5.6963773,52.4404597],[5.6963479,52.4404598],[5.6963185,52.4404598],[5.6962891,52.4404598],[5.6962597,52.4404598],[5.6962302,52.4404598],[5.6962008,52.4404599],[5.6961714,52.4404599],[5.696142,52.4404599],[5.6961125,52.4404599],[5.6960831,52.4404599],[5.6960537,52.44046],[5.6960243,52.44046],[5.6959949,52.44046],[5.6959654,52.44046],[5.695936,52.44046],[5.6959066,52.44046],[5.6958772,52.4404601],[5.6958478,52.4404601],[5.6958183,52.4404601],[5.6957889,52.4404601],[5.6957595,52.4404601],[5.6957301,52.4404602],[5.6957007,52.4404602],[5.6956712,52.4404602],[5.6956418,52.4404602],[5.6956124,52.4404602],[5.695583,52.4404603],[5.6955535,52.4404603],[5.6955241,52.4404603],[5.6954947,52.4404603],[5.6954653,52.4404603],[5.6954359,52.4404603],[5.6954064,52.4404604],[5.695377,52.4404604],[5.6953476,52.4404604],[5.6953182,52.4404604],[5.6952888,52.4404604],[5.6952593,52.4404605],[5.6952299,52.4404605],[5.6952005,52.4404605],[5.6951711,52.4404605],[5.6951416,52.4404605],[5.6951122,52.4404606],[5.6950828,52.4404606],[5.6950534,52.4404606],[5.695024,52.4404606],[5.6949945,52.4404606],[5.6949651,52.4404606],[5.6949357,52.4404607],[5.6949063,52.4404607],[5.6948769,52.4404607],[5.6948474,52.4404607],[5.694818,52.4404607],[5.6947886,52.4404608],[5.6947592,52.4404608],[5.6947298,52.4404608],[5.6947003,52.4404608],[5.6946709,52.4404608],[5.6946415,52.4404609],[5.6946121,52.4404609],[5.6945826,52.4404609],[5.6945532,52.4404609],[5.6945238,52.4404609],[5.6944944,52.4404609],[5.694465,52.440461],[5.6944355,52.440461],[5.6944061,52.440461],[5.6943767,52.440461],[5.6943473,52.440461],[5.6943179,52.4404611],[5.6942884,52.4404611],[5.694259,52.4404611],[5.6942296,52.4404611],[5.6942002,52.4404611],[5.6941707,52.4404611],[5.6941413,52.4404612],[5.6941119,52.4404612],[5.6940825,52.4404612],[5.6940531,52.4404612],[5.6940236,52.4404612],[5.6939942,52.4404613],[5.6939648,52.4404613],[5.6939354,52.4404613],[5.693906,52.4404613],[5.6938765,52.4404613],[5.6938471,52.4404613],[5.6938177,52.4404614],[5.6937883,52.4404614],[5.6937589,52.4404614],[5.6937294,52.4404614],[5.6937,52.4404614],[5.6936706,52.4404615],[5.6936412,52.4404615],[5.6936117,52.4404615],[5.6935823,52.4404615],[5.6935529,52.4404615],[5.6935235,52.4404616],[5.6934941,52.4404616],[5.6934646,52.4404616],[5.6934352,52.4404616],[5.6934058,52.4404616],[5.6933764,52.4404616],[5.693347,52.4404617],[5.6933175,52.4404617],[5.6932881,52.4404617],[5.6932587,52.4404617],[5.6932293,52.4404617],[5.6931999,52.4404618],[5.6931704,52.4404618],[5.693141,52.4404618],[5.6931116,52.4404618],[5.6930822,52.4404618],[5.6930527,52.4404618],[5.6930233,52.4404619],[5.6929939,52.4404619],[5.6929645,52.4404619],[5.6929351,52.4404619],[5.6929056,52.4404619],[5.6928762,52.440462],[5.6928468,52.440462],[5.6928174,52.440462],[5.692788,52.440462],[5.6927585,52.440462],[5.6927291,52.440462],[5.6926997,52.4404621],[5.6926703,52.4404621],[5.6926408,52.4404621],[5.6926114,52.4404621],[5.692582,52.4404621],[5.6925526,52.4404622],[5.6925232,52.4404622],[5.6924937,52.4404622],[5.6924643,52.4404622],[5.6924349,52.4404622],[5.6924055,52.4404622],[5.6923761,52.4404623],[5.6923466,52.4404623],[5.6923172,52.4404623],[5.6922878,52.4404623],[5.6922584,52.4404623],[5.692229,52.4404623],[5.6921995,52.4404624],[5.6921701,52.4404624],[5.6921407,52.4404624],[5.6921113,52.4404624],[5.6920818,52.4404624],[5.6920524,52.4404625],[5.692023,52.4404625],[5.6919936,52.4404625],[5.6919642,52.4404625],[5.6919347,52.4404625],[5.6919053,52.4404625],[5.6918759,52.4404626],[5.6918465,52.4404626],[5.6918171,52.4404626],[5.6917876,52.4404626],[5.6917582,52.4404626],[5.6917288,52.4404627],[5.6916994,52.4404627],[5.6916699,52.4404627],[5.6916405,52.4404627],[5.6916111,52.4404627],[5.6915817,52.4404627],[5.6915523,52.4404628],[5.6915228,52.4404628],[5.6914934,52.4404628],[5.691464,52.4404628],[5.6914346,52.4404628],[5.6914052,52.4404628],[5.6913757,52.4404629],[5.6913463,52.4404629],[5.6913169,52.4404629],[5.6912875,52.4404629],[5.6912581,52.4404629],[5.6912286,52.440463],[5.6911992,52.440463],[5.6911698,52.440463],[5.6911404,52.440463],[5.6911109,52.440463],[5.6910815,52.440463],[5.6910521,52.4404631],[5.6910227,52.4404631],[5.6909933,52.4404631],[5.6909638,52.4404631],[5.6909344,52.4404631],[5.690905,52.4404631],[5.6908756,52.4404632],[5.6908462,52.4404632],[5.6908167,52.4404632],[5.6907873,52.4404632],[5.6907579,52.4404632],[5.6907285,52.4404633],[5.690699,52.4404633],[5.6906696,52.4404633],[5.6906402,52.4404633],[5.6906108,52.4404633],[5.6905814,52.4404633],[5.6905519,52.4404634],[5.6905225,52.4404634],[5.6904931,52.4404634],[5.6904637,52.4404634],[5.6904343,52.4404634],[5.6904048,52.4404634],[5.6903754,52.4404635],[5.690346,52.4404635],[5.6903166,52.4404635],[5.6902872,52.4404635],[5.6902577,52.4404635],[5.6902283,52.4404636],[5.6901989,52.4404636],[5.6901695,52.4404636],[5.69014,52.4404636],[5.6901106,52.4404636],[5.6900812,52.4404636],[5.6900518,52.4404637],[5.6900224,52.4404637],[5.6899929,52.4404637],[5.6899635,52.4404637],[5.6899341,52.4404637],[5.6899047,52.4404637],[5.6898753,52.4404638],[5.6898458,52.4404638],[5.6898164,52.4404638],[5.689787,52.4404638],[5.6897576,52.4404638],[5.6897281,52.4404638],[5.6896987,52.4404639],[5.6896693,52.4404639],[5.6896399,52.4404639],[5.6896105,52.4404639],[5.689581,52.4404639],[5.6895516,52.440464],[5.6895222,52.440464],[5.6894928,52.440464],[5.6894634,52.440464],[5.6894339,52.440464],[5.6894045,52.440464],[5.6893751,52.4404641],[5.6893457,52.4404641],[5.6893163,52.4404641],[5.6892868,52.4404641],[5.6892574,52.4404641],[5.689228,52.4404641],[5.6891986,52.4404642],[5.6891691,52.4404642],[5.6891397,52.4404642],[5.6891103,52.4404642],[5.6890809,52.4404642],[5.6890515,52.4404642],[5.689022,52.4404643],[5.6889926,52.4404643],[5.6889632,52.4404643],[5.6889338,52.4404643],[5.6889044,52.4404643],[5.6888749,52.4404643],[5.6888455,52.4404644],[5.6888161,52.4404644],[5.6887867,52.4404644],[5.6887572,52.4404644],[5.6887278,52.4404644],[5.6886984,52.4404645],[5.688669,52.4404645],[5.6886396,52.4404645],[5.6886101,52.4404645],[5.6885807,52.4404645],[5.6885513,52.4404645],[5.6885219,52.4404646],[5.6884925,52.4404646],[5.688463,52.4404646],[5.6884336,52.4404646],[5.6884042,52.4404646],[5.6883748,52.4404646],[5.6883454,52.4404647],[5.6883159,52.4404647],[5.6882865,52.4404647],[5.6882571,52.4404647],[5.6882277,52.4404647],[5.6881982,52.4404647],[5.6881688,52.4404648],[5.6881394,52.4404648],[5.68811,52.4404648],[5.6880806,52.4404648],[5.6880511,52.4404648],[5.6880217,52.4404648],[5.6879923,52.4404649],[5.6879629,52.4404649],[5.6879335,52.4404649],[5.687904,52.4404649],[5.6878746,52.4404649],[5.6878452,52.4404649],[5.6878158,52.440465],[5.6877863,52.440465],[5.6877569,52.440465],[5.6877275,52.440465],[5.6876981,52.440465],[5.6876687,52.440465],[5.6876392,52.4404651],[5.6876098,52.4404651],[5.6875804,52.4404651],[5.687551,52.4404651],[5.6875216,52.4404651],[5.6874921,52.4404651],[5.6874627,52.4404652],[5.6874333,52.4404652],[5.6874039,52.4404652],[5.6873745,52.4404652],[5.687345,52.4404652],[5.6873156,52.4404652],[5.6872862,52.4404653],[5.6872568,52.4404653],[5.6872273,52.4404653],[5.6871979,52.4404653],[5.6871685,52.4404653],[5.6871391,52.4404653],[5.6871097,52.4404654],[5.6870802,52.4404654],[5.6870508,52.4404654],[5.6870214,52.4404654],[5.686992,52.4404654],[5.6869626,52.4404654],[5.6869331,52.4404655],[5.6869037,52.4404655],[5.6868743,52.4404655],[5.6868449,52.4404655],[5.6868154,52.4404655],[5.686786,52.4404655],[5.6867566,52.4404656],[5.6867272,52.4404656],[5.6866978,52.4404656],[5.6866683,52.4404656],[5.6866389,52.4404656],[5.6866095,52.4404656],[5.6865801,52.4404657],[5.6865507,52.4404657],[5.6865212,52.4404657],[5.6864918,52.4404657],[5.6864624,52.4404657],[5.686433,52.4404657],[5.6864036,52.4404658],[5.6863741,52.4404658],[5.6863447,52.4404658],[5.6863153,52.4404658],[5.6862859,52.4404658],[5.6862564,52.4404658],[5.686227,52.4404659],[5.6861976,52.4404659],[5.6861682,52.4404659],[5.6861388,52.4404659],[5.6861093,52.4404659],[5.6860799,52.4404659],[5.6860505,52.440466],[5.6860211,52.440466],[5.6859917,52.440466],[5.6859622,52.440466],[5.6859328,52.440466],[5.6859034,52.440466],[5.685874,52.4404661],[5.6858445,52.4404661],[5.6858151,52.4404661],[5.6857857,52.4404661],[5.6857563,52.4404661],[5.6857269,52.4404661],[5.6856974,52.4404662],[5.685668,52.4404662],[5.6856386,52.4404662],[5.6856092,52.4404662],[5.6855798,52.4404662],[5.6855503,52.4404662],[5.6855209,52.4404663],[5.6854915,52.4404663],[5.6854621,52.4404663],[5.6854327,52.4404663],[5.6854032,52.4404663],[5.6853738,52.4404663],[5.6853444,52.4404664],[5.685315,52.4404664],[5.6852855,52.4404664],[5.6852561,52.4404664],[5.6852267,52.4404664],[5.6851973,52.4404664],[5.6851679,52.4404665],[5.6851384,52.4404665],[5.685109,52.4404665],[5.6850796,52.4404665],[5.6850502,52.4404665],[5.6850208,52.4404665],[5.6849913,52.4404665],[5.6849619,52.4404666],[5.6849325,52.4404666],[5.6849031,52.4404666],[5.6848736,52.4404666],[5.6848442,52.4404666],[5.6848148,52.4404666],[5.6847854,52.4404667],[5.684756,52.4404667],[5.6847265,52.4404667],[5.6846971,52.4404667],[5.6846677,52.4404667],[5.6846383,52.4404667],[5.6846089,52.4404668],[5.6845794,52.4404668],[5.68455,52.4404668],[5.6845206,52.4404668],[5.6844912,52.4404668],[5.6844618,52.4404668],[5.6844323,52.4404669],[5.6844029,52.4404669],[5.6843735,52.4404669],[5.6843441,52.4404669],[5.6843146,52.4404669],[5.6842852,52.4404669],[5.6842558,52.4404669],[5.6842264,52.440467],[5.684197,52.440467],[5.6841675,52.440467],[5.6841381,52.440467],[5.6841087,52.440467],[5.6840793,52.440467],[5.6840499,52.4404671],[5.6840204,52.4404671],[5.683991,52.4404671],[5.6839616,52.4404671],[5.6839322,52.4404671],[5.6839028,52.4404671],[5.6838733,52.4404672],[5.6838439,52.4404672],[5.6838145,52.4404672],[5.6837851,52.4404672],[5.6837556,52.4404672],[5.6837262,52.4404672],[5.6836968,52.4404673],[5.6836674,52.4404673],[5.683638,52.4404673],[5.6836085,52.4404673],[5.6835791,52.4404673],[5.6835497,52.4404673],[5.6835203,52.4404673],[5.6834909,52.4404674],[5.6834614,52.4404674],[5.683432,52.4404674],[5.6834026,52.4404674],[5.6833732,52.4404674],[5.6833437,52.4404674],[5.6833143,52.4404675],[5.6832849,52.4404675],[5.6832555,52.4404675],[5.6832261,52.4404675],[5.6831966,52.4404675],[5.6831672,52.4404675],[5.6831378,52.4404676],[5.6831084,52.4404676],[5.683079,52.4404676],[5.6830495,52.4404676],[5.6830201,52.4404676],[5.6829907,52.4404676],[5.6829613,52.4404676],[5.6829319,52.4404677],[5.6829024,52.4404677],[5.682873,52.4404677],[5.6828436,52.4404677],[5.6828142,52.4404677],[5.6827847,52.4404677],[5.6827553,52.4404678],[5.6827259,52.4404678],[5.6826965,52.4404678],[5.6826671,52.4404678],[5.6826376,52.4404678],[5.6826082,52.4404678],[5.6825788,52.4404678],[5.6825494,52.4404679],[5.68252,52.4404679],[5.6824905,52.4404679],[5.6824611,52.4404679],[5.6824317,52.4404679],[5.6824023,52.4404679],[5.6823728,52.440468],[5.6823434,52.440468],[5.682314,52.440468],[5.6822846,52.440468],[5.6822552,52.440468],[5.6822257,52.440468],[5.6821963,52.4404681],[5.6821669,52.4404681],[5.6821375,52.4404681],[5.6821081,52.4404681],[5.6820786,52.4404681],[5.6820492,52.4404681],[5.6820198,52.4404681],[5.6819904,52.4404682],[5.681961,52.4404682],[5.6819315,52.4404682],[5.6819021,52.4404682],[5.6818727,52.4404682],[5.6818433,52.4404682],[5.6818138,52.4404683],[5.6817844,52.4404683],[5.681755,52.4404683],[5.6817256,52.4404683],[5.6816962,52.4404683],[5.6816667,52.4404683],[5.6816373,52.4404683],[5.6816079,52.4404684],[5.6815785,52.4404684],[5.6815491,52.4404684],[5.6815196,52.4404684],[5.6814902,52.4404684],[5.6814608,52.4404684],[5.6814314,52.4404684],[5.6814019,52.4404685],[5.6813725,52.4404685],[5.6813431,52.4404685],[5.6813137,52.4404685],[5.6812843,52.4404685],[5.6812548,52.4404685],[5.6812254,52.4404686],[5.681196,52.4404686],[5.6811666,52.4404686],[5.6811372,52.4404686],[5.6811077,52.4404686],[5.6810783,52.4404686],[5.6810489,52.4404686],[5.6810195,52.4404687],[5.6809901,52.4404687],[5.6809606,52.4404687],[5.6809312,52.4404687],[5.6809018,52.4404687],[5.6808724,52.4404687],[5.6808429,52.4404688],[5.6808135,52.4404688],[5.6807841,52.4404688],[5.6807547,52.4404688],[5.6807253,52.4404688],[5.6806958,52.4404688],[5.6806664,52.4404688],[5.680637,52.4404689],[5.6806076,52.4404689],[5.6805782,52.4404689],[5.6805487,52.4404689],[5.6805193,52.4404689],[5.6804899,52.4404689],[5.6804605,52.440469],[5.680431,52.440469],[5.6804016,52.440469],[5.6803722,52.440469],[5.6803428,52.440469],[5.6803134,52.440469],[5.6802839,52.440469],[5.6802545,52.4404691],[5.6802251,52.4404691],[5.6801957,52.4404691],[5.6801663,52.4404691],[5.6801368,52.4404691],[5.6801074,52.4404691],[5.680078,52.4404691],[5.6800486,52.4404692],[5.6800192,52.4404692],[5.6799897,52.4404692],[5.6799603,52.4404692],[5.6799309,52.4404692],[5.6799015,52.4404692],[5.679872,52.4404692],[5.6798426,52.4404693],[5.6798132,52.4404693],[5.6797838,52.4404693],[5.6797544,52.4404693],[5.6797249,52.4404693],[5.6796955,52.4404693],[5.6796661,52.4404694],[5.6796367,52.4404694],[5.6796073,52.4404694],[5.6795778,52.4404694],[5.6795484,52.4404694],[5.679519,52.4404694],[5.6794896,52.4404694],[5.6794601,52.4404695],[5.6794307,52.4404695],[5.6794013,52.4404695],[5.6793719,52.4404695],[5.6793425,52.4404695],[5.679313,52.4404695],[5.6792836,52.4404695],[5.6792542,52.4404696],[5.6792248,52.4404696],[5.6791954,52.4404696],[5.6791659,52.4404696],[5.6791365,52.4404696],[5.6791071,52.4404696],[5.6790777,52.4404696],[5.6790483,52.4404697],[5.6790188,52.4404697],[5.6789894,52.4404697],[5.67896,52.4404697],[5.6789306,52.4404697],[5.6789011,52.4404697],[5.6788717,52.4404698],[5.6788423,52.4404698],[5.6788129,52.4404698],[5.6787835,52.4404698],[5.678754,52.4404698],[5.6787246,52.4404698],[5.6786952,52.4404698],[5.6786658,52.4404699],[5.6786364,52.4404699],[5.6786069,52.4404699],[5.6785775,52.4404699],[5.6785481,52.4404699],[5.6785187,52.4404699],[5.6784892,52.4404699],[5.6784598,52.44047],[5.6784304,52.44047],[5.678401,52.44047],[5.6783716,52.44047],[5.6783421,52.44047],[5.6783127,52.44047],[5.6782833,52.44047],[5.6782539,52.4404701],[5.6782245,52.4404701],[5.678195,52.4404701],[5.6781656,52.4404701],[5.6781362,52.4404701],[5.6781068,52.4404701],[5.6780774,52.4404701],[5.6780479,52.4404702],[5.6780185,52.4404702],[5.6779891,52.4404702],[5.6779597,52.4404702],[5.6779302,52.4404702],[5.6779008,52.4404702],[5.6778714,52.4404702],[5.677842,52.4404703],[5.6778126,52.4404703],[5.6777831,52.4404703],[5.6777537,52.4404703],[5.6777243,52.4404703],[5.6776949,52.4404703],[5.6776655,52.4404703],[5.677636,52.4404704],[5.6776066,52.4404704],[5.6775772,52.4404704],[5.6775478,52.4404704],[5.6775183,52.4404704],[5.6774889,52.4404704],[5.6774595,52.4404704],[5.6774301,52.4404705],[5.6774007,52.4404705],[5.6773712,52.4404705],[5.6773418,52.4404705],[5.6773124,52.4404705],[5.677283,52.4404705],[5.6772536,52.4404705],[5.6772241,52.4404706],[5.6771947,52.4404706],[5.6771653,52.4404706],[5.6771359,52.4404706],[5.6771065,52.4404706],[5.677077,52.4404706],[5.6770476,52.4404706],[5.6770182,52.4404707],[5.6769888,52.4404707],[5.6769593,52.4404707],[5.6769299,52.4404707],[5.6769005,52.4404707],[5.6768711,52.4404707],[5.6768417,52.4404707],[5.6768122,52.4404708],[5.6767828,52.4404708],[5.6767534,52.4404708],[5.676724,52.4404708],[5.6766946,52.4404708],[5.6766651,52.4404708],[5.6766357,52.4404708],[5.6766063,52.4404709],[5.6765769,52.4404709],[5.6765474,52.4404709],[5.676518,52.4404709],[5.6764886,52.4404709],[5.6764592,52.4404709],[5.6764298,52.4404709],[5.6764003,52.440471],[5.6763709,52.440471],[5.6763415,52.440471],[5.6763121,52.440471],[5.6762827,52.440471],[5.6762532,52.440471],[5.6762238,52.440471],[5.6761944,52.4404711],[5.676165,52.4404711],[5.6761356,52.4404711],[5.6761061,52.4404711],[5.6760767,52.4404711],[5.6760473,52.4404711],[5.6760179,52.4404711],[5.6759884,52.4404712],[5.675959,52.4404712],[5.6759296,52.4404712],[5.6759002,52.4404712],[5.6758708,52.4404712],[5.6758413,52.4404712],[5.6758119,52.4404712],[5.6757825,52.4404712],[5.6757531,52.4404713],[5.6757237,52.4404713],[5.6756942,52.4404713],[5.6756648,52.4404713],[5.6756354,52.4404713],[5.675606,52.4404713],[5.6755765,52.4404713],[5.6755471,52.4404714],[5.6755177,52.4404714],[5.6754883,52.4404714],[5.6754589,52.4404714],[5.6754294,52.4404714],[5.6754,52.4404714],[5.6753706,52.4404714],[5.6753412,52.4404715],[5.6753118,52.4404715],[5.6752823,52.4404715],[5.6752529,52.4404715],[5.6752235,52.4404715],[5.6751941,52.4404715],[5.6751647,52.4404715],[5.6751352,52.4404716],[5.6751058,52.4404716],[5.6750764,52.4404716],[5.675047,52.4404716],[5.6750175,52.4404716],[5.6749881,52.4404716],[5.6749587,52.4404716],[5.6749293,52.4404716],[5.6748999,52.4404717],[5.6748704,52.4404717],[5.674841,52.4404717],[5.6748116,52.4404717],[5.6747822,52.4404717],[5.6747528,52.4404717],[5.6747233,52.4404717],[5.6746939,52.4404718],[5.6746645,52.4404718],[5.6746351,52.4404718],[5.6746056,52.4404718],[5.6745762,52.4404718],[5.6745468,52.4404718],[5.6745174,52.4404718],[5.674488,52.4404719],[5.6744585,52.4404719],[5.6744291,52.4404719],[5.6743997,52.4404719],[5.6743703,52.4404719],[5.6743409,52.4404719],[5.6743114,52.4404719],[5.674282,52.4404719],[5.6742526,52.440472],[5.6742232,52.440472],[5.6741938,52.440472],[5.6741643,52.440472],[5.6741349,52.440472],[5.6741055,52.440472],[5.6740761,52.440472],[5.6740466,52.4404721],[5.6740172,52.4404721],[5.6739878,52.4404721],[5.6739584,52.4404721],[5.673929,52.4404721],[5.6738995,52.4404721],[5.6738701,52.4404721],[5.6738407,52.4404721],[5.6738113,52.4404722],[5.6737819,52.4404722],[5.6737524,52.4404722],[5.673723,52.4404722],[5.6736936,52.4404722],[5.6736642,52.4404722],[5.6736347,52.4404722],[5.6736053,52.4404723],[5.6735759,52.4404723],[5.6735465,52.4404723],[5.6735171,52.4404723],[5.6734876,52.4404723],[5.6734582,52.4404723],[5.6734288,52.4404723],[5.6733994,52.4404723],[5.67337,52.4404724],[5.6733405,52.4404724],[5.6733111,52.4404724],[5.6732817,52.4404724],[5.6732523,52.4404724],[5.6732229,52.4404724],[5.6731934,52.4404724],[5.673164,52.4404725],[5.6731346,52.4404725],[5.6731052,52.4404725],[5.6730757,52.4404725],[5.6730463,52.4404725],[5.6730169,52.4404725],[5.6729875,52.4404725],[5.6729581,52.4404725],[5.6729286,52.4404726],[5.6728992,52.4404726],[5.6728698,52.4404726],[5.6728404,52.4404726],[5.672811,52.4404726],[5.6727815,52.4404726],[5.6727521,52.4404726],[5.6727227,52.4404727],[5.6726933,52.4404727],[5.6726638,52.4404727],[5.6726344,52.4404727],[5.672605,52.4404727],[5.6725756,52.4404727],[5.6725462,52.4404727],[5.6725167,52.4404727],[5.6724873,52.4404728],[5.6724579,52.4404728],[5.6724285,52.4404728],[5.6723991,52.4404728],[5.6723696,52.4404728],[5.6723402,52.4404728],[5.6723108,52.4404728],[5.6722814,52.4404728],[5.672252,52.4404729],[5.6722225,52.4404729],[5.6721931,52.4404729],[5.6721637,52.4404729],[5.6721343,52.4404729],[5.6721048,52.4404729],[5.6720754,52.4404729],[5.672046,52.440473],[5.6720166,52.440473],[5.6719872,52.440473],[5.6719577,52.440473],[5.6719283,52.440473],[5.6718989,52.440473],[5.6718695,52.440473],[5.6718401,52.440473],[5.6718106,52.4404731],[5.6717812,52.4404731],[5.6717518,52.4404731],[5.6717224,52.4404731],[5.6716929,52.4404731],[5.6716635,52.4404731],[5.6716341,52.4404731],[5.6716047,52.4404731],[5.6715753,52.4404732],[5.6715458,52.4404732],[5.6715164,52.4404732],[5.671487,52.4404732],[5.6714576,52.4404732],[5.6714282,52.4404732],[5.6713987,52.4404732],[5.6713693,52.4404732],[5.6713399,52.4404733],[5.6713105,52.4404733],[5.6712811,52.4404733],[5.6712516,52.4404733],[5.6712222,52.4404733],[5.6711928,52.4404733],[5.6711634,52.4404733],[5.6711339,52.4404734],[5.6711045,52.4404734],[5.6710751,52.4404734],[5.6710457,52.4404734],[5.6710163,52.4404734],[5.6709868,52.4404734],[5.6709574,52.4404734],[5.670928,52.4404734],[5.6708986,52.4404735],[5.6708692,52.4404735],[5.6708397,52.4404735],[5.6708103,52.4404735],[5.6707809,52.4404735],[5.6707515,52.4404735],[5.670722,52.4404735],[5.6706926,52.4404735],[5.6706632,52.4404736],[5.6706338,52.4404736],[5.6706044,52.4404736],[5.6705749,52.4404736],[5.6705455,52.4404736],[5.6705161,52.4404736],[5.6704867,52.4404736],[5.6704573,52.4404736],[5.6704278,52.4404737],[5.6703984,52.4404737],[5.670369,52.4404737],[5.6703396,52.4404737],[5.6703101,52.4404737],[5.6702807,52.4404737],[5.6702513,52.4404737],[5.6702219,52.4404737],[5.6701925,52.4404738],[5.670163,52.4404738],[5.6701336,52.4404738],[5.6701042,52.4404738],[5.6700748,52.4404738],[5.6700454,52.4404738],[5.6700159,52.4404738],[5.6699865,52.4404738],[5.6699571,52.4404739],[5.6699277,52.4404739],[5.6698983,52.4404739],[5.6698688,52.4404739],[5.6698394,52.4404739],[5.66981,52.4404739],[5.6697806,52.4404739],[5.6697511,52.4404739],[5.6697217,52.440474],[5.6696923,52.440474],[5.6696629,52.440474],[5.6696335,52.440474],[5.669604,52.440474],[5.6695746,52.440474],[5.6695452,52.440474],[5.6695158,52.440474],[5.6694864,52.4404741],[5.6694569,52.4404741],[5.6694275,52.4404741],[5.6693981,52.4404741],[5.6693687,52.4404741],[5.6693392,52.4404741],[5.6693098,52.4404741],[5.6692804,52.4404741],[5.669251,52.4404741],[5.6692216,52.4404742],[5.6691921,52.4404742],[5.6691627,52.4404742],[5.6691333,52.4404742],[5.6691039,52.4404742],[5.6690745,52.4404742],[5.669045,52.4404742],[5.6690156,52.4404742],[5.6689862,52.4404743],[5.6689568,52.4404743],[5.6689274,52.4404743],[5.6688979,52.4404743],[5.6688685,52.4404743],[5.6688391,52.4404743],[5.6688097,52.4404743],[5.6687802,52.4404743],[5.6687508,52.4404744],[5.6687214,52.4404744],[5.668692,52.4404744],[5.6686626,52.4404744],[5.6686331,52.4404744],[5.6686037,52.4404744],[5.6685743,52.4404744],[5.6685449,52.4404744],[5.6685155,52.4404745],[5.668486,52.4404745],[5.6684566,52.4404745],[5.6684272,52.4404745],[5.6683978,52.4404745],[5.6683683,52.4404745],[5.6683389,52.4404745],[5.6683095,52.4404745],[5.6682801,52.4404745],[5.6682507,52.4404746],[5.6682212,52.4404746],[5.6681918,52.4404746],[5.6681624,52.4404746],[5.668133,52.4404746],[5.6681036,52.4404746],[5.6680741,52.4404746],[5.6680447,52.4404746],[5.6680153,52.4404747],[5.6679859,52.4404747],[5.6679565,52.4404747],[5.667927,52.4404747],[5.6678976,52.4404747],[5.6678682,52.4404747],[5.6678388,52.4404747],[5.6678093,52.4404747],[5.6677799,52.4404748],[5.6677505,52.4404748],[5.6677211,52.4404748],[5.6676917,52.4404748],[5.6676622,52.4404748],[5.6676328,52.4404748],[5.6676034,52.4404748],[5.667574,52.4404748],[5.6675446,52.4404748],[5.6675151,52.4404749],[5.6674857,52.4404749],[5.6674563,52.4404749],[5.6674269,52.4404749],[5.6673974,52.4404749],[5.667368,52.4404749],[5.6673386,52.4404749],[5.6673092,52.4404749],[5.6672798,52.440475],[5.6672503,52.440475],[5.6672209,52.440475],[5.6671915,52.440475],[5.6671621,52.440475],[5.6671327,52.440475],[5.6671032,52.440475],[5.6670738,52.440475],[5.6670444,52.440475],[5.667015,52.4404751],[5.6669856,52.4404751],[5.6669561,52.4404751],[5.6669267,52.4404751],[5.6668973,52.4404751],[5.6668679,52.4404751],[5.6668384,52.4404751],[5.666809,52.4404751],[5.6667796,52.4404752],[5.6667502,52.4404752],[5.6667208,52.4404752],[5.6666913,52.4404752],[5.6666619,52.4404752],[5.6666325,52.4404752],[5.6666031,52.4404752],[5.6665737,52.4404752],[5.6665442,52.4404752],[5.6665148,52.4404753],[5.6664854,52.4404753],[5.666456,52.4404753],[5.6664265,52.4404753],[5.6663971,52.4404753],[5.6663677,52.4404753],[5.6663383,52.4404753],[5.6663089,52.4404753],[5.6662794,52.4404753],[5.66625,52.4404754],[5.6662206,52.4404754],[5.6661912,52.4404754],[5.6661618,52.4404754],[5.6661323,52.4404754],[5.6661029,52.4404754],[5.6660735,52.4404754],[5.6660441,52.4404754],[5.6660147,52.4404755],[5.6659852,52.4404755],[5.6659558,52.4404755],[5.6659264,52.4404755],[5.665897,52.4404755],[5.6658675,52.4404755],[5.6658381,52.4404755],[5.6658087,52.4404755],[5.6657793,52.4404755],[5.6657499,52.4404756],[5.6657204,52.4404756],[5.665691,52.4404756],[5.6656616,52.4404756],[5.6656322,52.4404756],[5.6656028,52.4404756],[5.6655733,52.4404756],[5.6655439,52.4404756],[5.6655145,52.4404756],[5.6654851,52.4404757],[5.6654556,52.4404757],[5.6654262,52.4404757],[5.6653968,52.4404757],[5.6653674,52.4404757],[5.665338,52.4404757],[5.6653085,52.4404757],[5.6652791,52.4404757],[5.6652497,52.4404757],[5.6652203,52.4404758],[5.6651909,52.4404758],[5.6651614,52.4404758],[5.665132,52.4404758],[5.6651026,52.4404758],[5.6650732,52.4404758],[5.6650438,52.4404758],[5.6650143,52.4404758],[5.6649849,52.4404758],[5.6649555,52.4404759],[5.6649261,52.4404759],[5.6648966,52.4404759],[5.6648672,52.4404759],[5.6648378,52.4404759],[5.6648084,52.4404759],[5.664779,52.4404759],[5.6647495,52.4404759],[5.6647201,52.4404759],[5.6646907,52.440476],[5.6646613,52.440476],[5.6646319,52.440476],[5.6646024,52.440476],[5.664573,52.440476],[5.6645436,52.440476],[5.6645142,52.440476],[5.6644847,52.440476],[5.6644553,52.440476],[5.6644259,52.4404761],[5.6643965,52.4404761],[5.6643671,52.4404761],[5.6643376,52.4404761],[5.6643082,52.4404761],[5.6642788,52.4404761],[5.6642494,52.4404761],[5.66422,52.4404761],[5.6641905,52.4404761],[5.6641611,52.4404762],[5.6641317,52.4404762],[5.6641023,52.4404762],[5.6640729,52.4404762],[5.6640434,52.4404762],[5.664014,52.4404762],[5.6639846,52.4404762],[5.6639552,52.4404762],[5.6639257,52.4404762],[5.6638963,52.4404763],[5.6638669,52.4404763],[5.6638375,52.4404763],[5.6638081,52.4404763],[5.6637786,52.4404763],[5.6637492,52.4404763],[5.6637198,52.4404763],[5.6636904,52.4404763],[5.663661,52.4404763],[5.6636315,52.4404764],[5.6636021,52.4404764],[5.6635727,52.4404764],[5.6635433,52.4404764],[5.6635138,52.4404764],[5.6634844,52.4404764],[5.663455,52.4404764],[5.6634256,52.4404764],[5.6633962,52.4404764],[5.6633667,52.4404765],[5.6633373,52.4404765],[5.6633079,52.4404765],[5.6632785,52.4404765],[5.6632491,52.4404765],[5.6632196,52.4404765],[5.6631902,52.4404765],[5.6631608,52.4404765],[5.6631314,52.4404765],[5.663102,52.4404766],[5.6630725,52.4404766],[5.6630431,52.4404766],[5.6630137,52.4404766],[5.6629843,52.4404766],[5.6629548,52.4404766],[5.6629254,52.4404766],[5.662896,52.4404766],[5.6628666,52.4404766],[5.6628372,52.4404766],[5.6628077,52.4404767],[5.6627783,52.4404767],[5.6627489,52.4404767],[5.6627195,52.4404767],[5.6626901,52.4404767],[5.6626606,52.4404767],[5.6626312,52.4404767],[5.6626018,52.4404767],[5.6625724,52.4404767],[5.6625429,52.4404768],[5.6625135,52.4404768],[5.6624841,52.4404768],[5.6624547,52.4404768],[5.6624253,52.4404768],[5.6623958,52.4404768],[5.6623664,52.4404768],[5.662337,52.4404768],[5.6623076,52.4404768],[5.6622782,52.4404768],[5.6622487,52.4404769],[5.6622193,52.4404769],[5.6621899,52.4404769],[5.6621605,52.4404769],[5.6621311,52.4404769],[5.6621016,52.4404769],[5.6620722,52.4404769],[5.6620428,52.4404769],[5.6620134,52.4404769],[5.6619839,52.440477],[5.6619545,52.440477],[5.6619251,52.440477],[5.6618957,52.440477],[5.6618663,52.440477],[5.6618368,52.440477],[5.6618074,52.440477],[5.661778,52.440477],[5.6617486,52.440477],[5.6617192,52.440477],[5.6616897,52.4404771],[5.6616603,52.4404771],[5.6616309,52.4404771],[5.6616015,52.4404771],[5.661572,52.4404771],[5.6615426,52.4404771],[5.6615132,52.4404771],[5.6614838,52.4404771],[5.6614544,52.4404771],[5.6614249,52.4404771],[5.6613955,52.4404772],[5.6613661,52.4404772],[5.6613367,52.4404772],[5.6613073,52.4404772],[5.6612778,52.4404772],[5.6612484,52.4404772],[5.661219,52.4404772],[5.6611896,52.4404772],[5.6611602,52.4404772],[5.6611307,52.4404773],[5.6611013,52.4404773],[5.6610719,52.4404773],[5.6610425,52.4404773],[5.661013,52.4404773],[5.6609836,52.4404773],[5.6609542,52.4404773],[5.6609248,52.4404773],[5.6608954,52.4404773],[5.6608659,52.4404773],[5.6608365,52.4404774],[5.6608071,52.4404774],[5.6607777,52.4404774],[5.6607483,52.4404774],[5.6607188,52.4404774],[5.6606894,52.4404774],[5.66066,52.4404774],[5.6606306,52.4404774],[5.6606011,52.4404774],[5.6605717,52.4404774],[5.6605423,52.4404775],[5.6605129,52.4404775],[5.6604835,52.4404775],[5.660454,52.4404775],[5.6604246,52.4404775],[5.6603952,52.4404775],[5.6603658,52.4404775],[5.6603364,52.4404775],[5.6603069,52.4404775],[5.6602775,52.4404775],[5.6602481,52.4404776],[5.6602187,52.4404776],[5.6601892,52.4404776],[5.6601598,52.4404776],[5.6601304,52.4404776],[5.660101,52.4404776],[5.6600716,52.4404776],[5.6600421,52.4404776],[5.6600127,52.4404776],[5.6599833,52.4404776],[5.6599539,52.4404777],[5.6599245,52.4404777],[5.659895,52.4404777],[5.6598656,52.4404777],[5.6598362,52.4404777],[5.6598068,52.4404777],[5.6597774,52.4404777],[5.6597479,52.4404777],[5.6597185,52.4404777],[5.6596891,52.4404777],[5.6596597,52.4404778],[5.6596302,52.4404778],[5.6596008,52.4404778],[5.6595714,52.4404778],[5.659542,52.4404778],[5.6595126,52.4404778],[5.6594831,52.4404778],[5.6594537,52.4404778],[5.6594243,52.4404778],[5.6593949,52.4404778],[5.6593655,52.4404779],[5.659336,52.4404779],[5.6593066,52.4404779],[5.6592772,52.4404779],[5.6592478,52.4404779],[5.6592183,52.4404779],[5.6591889,52.4404779],[5.6591595,52.4404779],[5.6591301,52.4404779],[5.6591007,52.4404779],[5.6590712,52.440478],[5.6590418,52.440478],[5.6590124,52.440478],[5.658983,52.440478],[5.6589536,52.440478],[5.6589241,52.440478],[5.6588947,52.440478],[5.6588653,52.440478],[5.6588359,52.440478],[5.6588065,52.440478],[5.658777,52.440478],[5.6587476,52.4404781],[5.6587182,52.4404781],[5.6586888,52.4404781],[5.6586593,52.4404781],[5.6586299,52.4404781],[5.6586005,52.4404781],[5.6585711,52.4404781],[5.6585417,52.4404781],[5.6585122,52.4404781],[5.6584828,52.4404781],[5.6584534,52.4404782],[5.658424,52.4404782],[5.6583946,52.4404782],[5.6583651,52.4404782],[5.6583357,52.4404782],[5.6583063,52.4404782],[5.6582769,52.4404782],[5.6582474,52.4404782],[5.658218,52.4404782],[5.6581886,52.4404782],[5.6581592,52.4404782],[5.6581298,52.4404783],[5.6581003,52.4404783],[5.6580709,52.4404783],[5.6580415,52.4404783],[5.6580121,52.4404783],[5.6579827,52.4404783],[5.6579532,52.4404783],[5.6579238,52.4404783],[5.6578944,52.4404783],[5.657865,52.4404783],[5.6578356,52.4404784],[5.6578061,52.4404784],[5.6577767,52.4404784],[5.6577473,52.4404784],[5.6577179,52.4404784],[5.6576884,52.4404784],[5.657659,52.4404784],[5.6576296,52.4404784],[5.6576002,52.4404784],[5.6575708,52.4404784],[5.6575413,52.4404784],[5.6575119,52.4404785],[5.6574825,52.4404785],[5.6574531,52.4404785],[5.6574237,52.4404785],[5.6573942,52.4404785],[5.6573648,52.4404785],[5.6573354,52.4404785],[5.657306,52.4404785],[5.6572765,52.4404785],[5.6572471,52.4404785],[5.6572177,52.4404785],[5.6571883,52.4404786],[5.6571589,52.4404786],[5.6571294,52.4404786],[5.6571,52.4404786],[5.6570706,52.4404786],[5.6570412,52.4404786],[5.6570118,52.4404786],[5.6569823,52.4404786],[5.6569529,52.4404786],[5.6569235,52.4404786],[5.6568941,52.4404786],[5.6568647,52.4404787],[5.6568352,52.4404787],[5.6568058,52.4404787],[5.6567764,52.4404787],[5.656747,52.4404787],[5.6567175,52.4404787],[5.6566881,52.4404787],[5.6566587,52.4404787],[5.6566293,52.4404787],[5.6565999,52.4404787],[5.6565704,52.4404788],[5.656541,52.4404788],[5.6565116,52.4404788],[5.6564822,52.4404788],[5.6564528,52.4404788],[5.6564233,52.4404788],[5.6563939,52.4404788],[5.6563645,52.4404788],[5.6563351,52.4404788],[5.6563056,52.4404788],[5.6562762,52.4404788],[5.6562468,52.4404788],[5.6562174,52.4404789],[5.656188,52.4404789],[5.6561585,52.4404789],[5.6561291,52.4404789],[5.6560997,52.4404789],[5.6560703,52.4404789],[5.6560409,52.4404789],[5.6560114,52.4404789],[5.655982,52.4404789],[5.6559526,52.4404789],[5.6559232,52.4404789],[5.6558938,52.440479],[5.6558643,52.440479],[5.6558349,52.440479],[5.6558055,52.440479],[5.6557761,52.440479],[5.6557466,52.440479],[5.6557172,52.440479],[5.6556878,52.440479],[5.6556584,52.440479],[5.655629,52.440479],[5.6555995,52.440479],[5.6555701,52.4404791],[5.6555407,52.4404791],[5.6555113,52.4404791],[5.6554819,52.4404791],[5.6554524,52.4404791],[5.655423,52.4404791],[5.6553936,52.4404791],[5.6553642,52.4404791],[5.6553347,52.4404791],[5.6553053,52.4404791],[5.6552759,52.4404791],[5.6552465,52.4404792],[5.6552171,52.4404792],[5.6551876,52.4404792],[5.6551582,52.4404792],[5.6551288,52.4404792],[5.6550994,52.4404792],[5.65507,52.4404792],[5.6550405,52.4404792],[5.6550111,52.4404792],[5.6549817,52.4404792],[5.6549523,52.4404792],[5.6549229,52.4404792],[5.6548934,52.4404793],[5.654864,52.4404793],[5.6548346,52.4404793],[5.6548052,52.4404793],[5.6547757,52.4404793],[5.6547463,52.4404793],[5.6547169,52.4404793],[5.6546875,52.4404793],[5.6546581,52.4404793],[5.6546286,52.4404793],[5.6545992,52.4404793],[5.6545698,52.4404794],[5.6545404,52.4404794],[5.654511,52.4404794],[5.6544815,52.4404794],[5.6544521,52.4404794],[5.6544227,52.4404794],[5.6543933,52.4404794],[5.6543638,52.4404794],[5.6543344,52.4404794],[5.654305,52.4404794],[5.6542756,52.4404794],[5.6542462,52.4404794],[5.6542167,52.4404795],[5.6541873,52.4404795],[5.6541579,52.4404795],[5.6541285,52.4404795],[5.6540991,52.4404795],[5.6540696,52.4404795],[5.6540402,52.4404795],[5.6540108,52.4404795],[5.6539814,52.4404795],[5.6539519,52.4404795],[5.6539225,52.4404795],[5.6538931,52.4404795],[5.6538637,52.4404796],[5.6538343,52.4404796],[5.6538048,52.4404796],[5.6537754,52.4404796],[5.653746,52.4404796],[5.6537166,52.4404796],[5.6536872,52.4404796],[5.6536577,52.4404796],[5.6536283,52.4404796],[5.6535989,52.4404796],[5.6535695,52.4404796],[5.6535401,52.4404796],[5.6535106,52.4404797],[5.6534812,52.4404797],[5.6534518,52.4404797],[5.6534224,52.4404797],[5.6533929,52.4404797],[5.6533635,52.4404797],[5.6533341,52.4404797],[5.6533047,52.4404797],[5.6532753,52.4404797],[5.6532458,52.4404797],[5.6532164,52.4404797],[5.653187,52.4404797],[5.6531576,52.4404798],[5.6531282,52.4404798],[5.6530987,52.4404798],[5.6530693,52.4404798],[5.6530399,52.4404798],[5.6530105,52.4404798],[5.652981,52.4404798],[5.6529516,52.4404798],[5.6529222,52.4404798],[5.6528928,52.4404798],[5.6528634,52.4404798],[5.6528339,52.4404798],[5.6528045,52.4404799],[5.6527751,52.4404799],[5.6527457,52.4404799],[5.6527163,52.4404799],[5.6526868,52.4404799],[5.6526574,52.4404799],[5.652628,52.4404799],[5.6525986,52.4404799],[5.6525692,52.4404799],[5.6525397,52.4404799],[5.6525103,52.4404799],[5.6524809,52.4404799],[5.6524515,52.44048],[5.652422,52.44048],[5.6523926,52.44048],[5.6523632,52.44048],[5.6523338,52.44048],[5.6523044,52.44048],[5.6522749,52.44048],[5.6522455,52.44048],[5.6522161,52.44048],[5.6521867,52.44048],[5.6521573,52.44048],[5.6521278,52.44048],[5.6520984,52.44048],[5.652069,52.4404801],[5.6520396,52.4404801],[5.6520101,52.4404801],[5.6519807,52.4404801],[5.6519513,52.4404801],[5.6519219,52.4404801],[5.6518925,52.4404801],[5.651863,52.4404801],[5.6518336,52.4404801],[5.6518042,52.4404801],[5.6517748,52.4404801],[5.6517454,52.4404801],[5.6517159,52.4404802],[5.6516865,52.4404802],[5.6516571,52.4404802],[5.6516277,52.4404802],[5.6515983,52.4404802],[5.6515688,52.4404802],[5.6515394,52.4404802],[5.65151,52.4404802],[5.6514806,52.4404802],[5.6514511,52.4404802],[5.6514217,52.4404802],[5.6513923,52.4404802],[5.6513629,52.4404802],[5.6513335,52.4404803],[5.651304,52.4404803],[5.6512746,52.4404803],[5.6512452,52.4404803],[5.6512158,52.4404803],[5.6511864,52.4404803],[5.6511569,52.4404803],[5.6511275,52.4404803],[5.6510981,52.4404803],[5.6510687,52.4404803],[5.6510392,52.4404803],[5.6510098,52.4404803],[5.6509804,52.4404803],[5.650951,52.4404804],[5.6509216,52.4404804],[5.6508921,52.4404804],[5.6508627,52.4404804],[5.6508333,52.4404804],[5.6508039,52.4404804],[5.6507745,52.4404804],[5.650745,52.4404804],[5.6507156,52.4404804],[5.6506862,52.4404804],[5.6506568,52.4404804],[5.6506274,52.4404804],[5.6505979,52.4404804],[5.6505685,52.4404805],[5.6505391,52.4404805],[5.6505097,52.4404805],[5.6504802,52.4404805],[5.6504508,52.4404805],[5.6504214,52.4404805],[5.650392,52.4404805],[5.6503626,52.4404805],[5.6503331,52.4404805],[5.6503037,52.4404805],[5.6502743,52.4404805],[5.6502449,52.4404805],[5.6502155,52.4404805],[5.650186,52.4404806],[5.6501566,52.4404806],[5.6501272,52.4404806],[5.6500978,52.4404806],[5.6500683,52.4404806],[5.6500389,52.4404806],[5.6500095,52.4404806],[5.6499801,52.4404806],[5.6499507,52.4404806],[5.6499212,52.4404806],[5.6498918,52.4404806],[5.6498624,52.4404806],[5.649833,52.4404806],[5.6498036,52.4404806],[5.6497741,52.4404807],[5.6497447,52.4404807],[5.6497153,52.4404807],[5.6496859,52.4404807],[5.6496565,52.4404807],[5.649627,52.4404807],[5.6495976,52.4404807],[5.6495682,52.4404807],[5.6495388,52.4404807],[5.6495093,52.4404807],[5.6494799,52.4404807],[5.6494505,52.4404807],[5.6494211,52.4404807],[5.6493917,52.4404808],[5.6493622,52.4404808],[5.6493328,52.4404808],[5.6493034,52.4404808],[5.649274,52.4404808],[5.6492446,52.4404808],[5.6492151,52.4404808],[5.6491857,52.4404808],[5.6491563,52.4404808],[5.6491269,52.4404808],[5.6490974,52.4404808],[5.649068,52.4404808],[5.6490386,52.4404808],[5.6490092,52.4404808],[5.6489798,52.4404809],[5.6489503,52.4404809],[5.6489209,52.4404809],[5.6488915,52.4404809],[5.6488621,52.4404809],[5.6488327,52.4404809],[5.6488032,52.4404809],[5.6487738,52.4404809],[5.6487444,52.4404809],[5.648715,52.4404809],[5.6486855,52.4404809],[5.6486561,52.4404809],[5.6486267,52.4404809],[5.6485973,52.4404809],[5.6485679,52.440481],[5.6485384,52.440481],[5.648509,52.440481],[5.6484796,52.440481],[5.6484502,52.440481],[5.6484208,52.440481],[5.6483913,52.440481],[5.6483619,52.440481],[5.6483325,52.440481],[5.6483031,52.440481],[5.6482737,52.440481],[5.6482442,52.440481],[5.6482148,52.440481],[5.6481854,52.440481],[5.648156,52.4404811],[5.6481265,52.4404811],[5.6480971,52.4404811],[5.6480677,52.4404811],[5.6480383,52.4404811],[5.6480089,52.4404811],[5.6479794,52.4404811],[5.64795,52.4404811],[5.6479206,52.4404811],[5.6478912,52.4404811],[5.6478618,52.4404811],[5.6478323,52.4404811],[5.6478029,52.4404811],[5.6477735,52.4404811],[5.6477441,52.4404811],[5.6477146,52.4404812],[5.6476852,52.4404812],[5.6476558,52.4404812],[5.6476264,52.4404812],[5.647597,52.4404812],[5.6475675,52.4404812],[5.6475381,52.4404812],[5.6475087,52.4404812],[5.6474793,52.4404812],[5.6474499,52.4404812],[5.6474204,52.4404812],[5.647391,52.4404812],[5.6473616,52.4404812],[5.6473322,52.4404812],[5.6473028,52.4404813],[5.6472733,52.4404813],[5.6472439,52.4404813],[5.6472145,52.4404813],[5.6471851,52.4404813],[5.6471556,52.4404813],[5.6471262,52.4404813],[5.6470968,52.4404813],[5.6470674,52.4404813],[5.647038,52.4404813],[5.6470085,52.4404813],[5.6469791,52.4404813],[5.6469497,52.4404813],[5.6469203,52.4404813],[5.6468909,52.4404813],[5.6468614,52.4404814],[5.646832,52.4404814],[5.6468026,52.4404814],[5.6467732,52.4404814],[5.6467437,52.4404814],[5.6467143,52.4404814],[5.6466849,52.4404814],[5.6466555,52.4404814],[5.6466261,52.4404814],[5.6465966,52.4404814],[5.6465672,52.4404814],[5.6465378,52.4404814],[5.6465084,52.4404814],[5.646479,52.4404814],[5.6464495,52.4404814],[5.6464201,52.4404815],[5.6463907,52.4404815],[5.6463613,52.4404815],[5.6463319,52.4404815],[5.6463024,52.4404815],[5.646273,52.4404815],[5.6462436,52.4404815],[5.6462142,52.4404815],[5.6461847,52.4404815],[5.6461553,52.4404815],[5.6461259,52.4404815],[5.6460965,52.4404815],[5.6460671,52.4404815],[5.6460376,52.4404815],[5.6460082,52.4404815],[5.6459788,52.4404816],[5.6459494,52.4404816],[5.64592,52.4404816],[5.6458905,52.4404816],[5.6458611,52.4404816],[5.6458317,52.4404816],[5.6458023,52.4404816],[5.6457728,52.4404816],[5.6457434,52.4404816],[5.645714,52.4404816],[5.6456846,52.4404816],[5.6456552,52.4404816],[5.6456257,52.4404816],[5.6455963,52.4404816],[5.6455669,52.4404816],[5.6455375,52.4404816],[5.6455081,52.4404817],[5.6454786,52.4404817],[5.6454492,52.4404817],[5.6454198,52.4404817],[5.6453904,52.4404817],[5.645361,52.4404817],[5.6453315,52.4404817],[5.6453021,52.4404817],[5.6452727,52.4404817],[5.6452433,52.4404817],[5.6452138,52.4404817],[5.6451844,52.4404817],[5.645155,52.4404817],[5.6451256,52.4404817],[5.6450962,52.4404817],[5.6450667,52.4404817],[5.6450373,52.4404818],[5.6450079,52.4404818],[5.6449785,52.4404818],[5.6449491,52.4404818],[5.6449196,52.4404818],[5.6448902,52.4404818],[5.6448608,52.4404818],[5.6448314,52.4404818],[5.6448019,52.4404818],[5.6447725,52.4404818],[5.6447431,52.4404818],[5.6447137,52.4404818],[5.6446843,52.4404818],[5.6446548,52.4404818],[5.6446254,52.4404818],[5.644596,52.4404818],[5.6445666,52.4404819],[5.6445372,52.4404819],[5.6445077,52.4404819],[5.6444783,52.4404819],[5.6444489,52.4404819],[5.6444195,52.4404819],[5.64439,52.4404819],[5.6443606,52.4404819],[5.6443312,52.4404819],[5.6443018,52.4404819],[5.6442724,52.4404819],[5.6442429,52.4404819],[5.6442135,52.4404819],[5.6441841,52.4404819],[5.6441547,52.4404819],[5.6441253,52.4404819],[5.6440958,52.4404819],[5.6440664,52.440482],[5.644037,52.440482],[5.6440076,52.440482],[5.6439782,52.440482],[5.6439487,52.440482],[5.6439193,52.440482],[5.6438899,52.440482],[5.6438605,52.440482],[5.643831,52.440482],[5.6438016,52.440482],[5.6437722,52.440482],[5.6437428,52.440482],[5.6437134,52.440482],[5.6436839,52.440482],[5.6436545,52.440482],[5.6436251,52.440482],[5.6435957,52.4404821],[5.6435663,52.4404821],[5.6435368,52.4404821],[5.6435074,52.4404821],[5.643478,52.4404821],[5.6434486,52.4404821],[5.6434191,52.4404821],[5.6433897,52.4404821],[5.6433603,52.4404821],[5.6433309,52.4404821],[5.6433015,52.4404821],[5.643272,52.4404821],[5.6432426,52.4404821],[5.6432132,52.4404821],[5.6431838,52.4404821],[5.6431544,52.4404821],[5.6431249,52.4404821],[5.6430955,52.4404821],[5.6430661,52.4404822],[5.6430367,52.4404822],[5.6430073,52.4404822],[5.6429778,52.4404822],[5.6429484,52.4404822],[5.642919,52.4404822],[5.6428896,52.4404822],[5.6428601,52.4404822],[5.6428307,52.4404822],[5.6428013,52.4404822],[5.6427719,52.4404822],[5.6427425,52.4404822],[5.642713,52.4404822],[5.6426836,52.4404822],[5.6426542,52.4404822],[5.6426248,52.4404822],[5.6425954,52.4404822],[5.6425659,52.4404823],[5.6425365,52.4404823],[5.6425071,52.4404823],[5.6424777,52.4404823],[5.6424482,52.4404823],[5.6424188,52.4404823],[5.6423894,52.4404823],[5.64236,52.4404823],[5.6423306,52.4404823],[5.6423011,52.4404823],[5.6422717,52.4404823],[5.6422423,52.4404823],[5.6422129,52.4404823],[5.6421835,52.4404823],[5.642154,52.4404823],[5.6421246,52.4404823],[5.6420952,52.4404823],[5.6420658,52.4404823],[5.6420364,52.4404824],[5.6420069,52.4404824],[5.6419775,52.4404824],[5.6419481,52.4404824],[5.6419187,52.4404824],[5.6418892,52.4404824],[5.6418598,52.4404824],[5.6418304,52.4404824],[5.641801,52.4404824],[5.6417716,52.4404824],[5.6417421,52.4404824],[5.6417127,52.4404824],[5.6416833,52.4404824],[5.6416539,52.4404824],[5.6416245,52.4404824],[5.641595,52.4404824],[5.6415656,52.4404824],[5.6415362,52.4404824],[5.6415068,52.4404824],[5.6414773,52.4404825],[5.6414479,52.4404825],[5.6414185,52.4404825],[5.6413891,52.4404825],[5.6413597,52.4404825],[5.6413302,52.4404825],[5.6413008,52.4404825],[5.6412714,52.4404825],[5.641242,52.4404825],[5.6412126,52.4404825],[5.6411831,52.4404825],[5.6411537,52.4404825],[5.6411243,52.4404825],[5.6410949,52.4404825],[5.6410655,52.4404825],[5.641036,52.4404825],[5.6410066,52.4404825],[5.6409772,52.4404825],[5.6409478,52.4404825],[5.6409183,52.4404826],[5.6408889,52.4404826],[5.6408595,52.4404826],[5.6408301,52.4404826],[5.6408007,52.4404826],[5.6407712,52.4404826],[5.6407418,52.4404826],[5.6407124,52.4404826],[5.640683,52.4404826],[5.6406536,52.4404826],[5.6406241,52.4404826],[5.6405947,52.4404826],[5.6405653,52.4404826],[5.6405359,52.4404826],[5.6405064,52.4404826],[5.640477,52.4404826],[5.6404476,52.4404826],[5.6404182,52.4404826],[5.6403888,52.4404826],[5.6403593,52.4404827],[5.6403299,52.4404827],[5.6403005,52.4404827],[5.6402711,52.4404827],[5.6402417,52.4404827],[5.6402122,52.4404827],[5.6401828,52.4404827],[5.6401534,52.4404827],[5.640124,52.4404827],[5.6400945,52.4404827],[5.6400651,52.4404827],[5.6400357,52.4404827],[5.6400063,52.4404827],[5.6399769,52.4404827],[5.6399474,52.4404827],[5.639918,52.4404827],[5.6398886,52.4404827],[5.6398592,52.4404827],[5.6398298,52.4404827],[5.6398003,52.4404827],[5.6397709,52.4404828],[5.6397415,52.4404828],[5.6397121,52.4404828],[5.6396827,52.4404828],[5.6396532,52.4404828],[5.6396238,52.4404828],[5.6395944,52.4404828],[5.639565,52.4404828],[5.6395355,52.4404828],[5.6395061,52.4404828],[5.6394767,52.4404828],[5.6394473,52.4404828],[5.6394179,52.4404828],[5.6393884,52.4404828],[5.639359,52.4404828],[5.6393296,52.4404828],[5.6393002,52.4404828],[5.6392708,52.4404828],[5.6392413,52.4404828],[5.6392119,52.4404828],[5.6391825,52.4404828],[5.6391531,52.4404829],[5.6391236,52.4404829],[5.6390942,52.4404829],[5.6390648,52.4404829],[5.6390354,52.4404829],[5.639006,52.4404829],[5.6389765,52.4404829],[5.6389471,52.4404829],[5.6389177,52.4404829],[5.6388883,52.4404829],[5.6388589,52.4404829],[5.6388294,52.4404829],[5.6388,52.4404829],[5.6387706,52.4404829],[5.6387412,52.4404829],[5.6387118,52.4404829],[5.6386823,52.4404829],[5.6386529,52.4404829],[5.6386235,52.4404829],[5.6385941,52.4404829],[5.6385646,52.4404829],[5.6385352,52.440483],[5.6385058,52.440483],[5.6384764,52.440483],[5.638447,52.440483],[5.6384175,52.440483],[5.6383881,52.440483],[5.6383587,52.440483],[5.6383293,52.440483],[5.6382999,52.440483],[5.6382704,52.440483],[5.638241,52.440483],[5.6382116,52.440483],[5.6381822,52.440483],[5.6381527,52.440483],[5.6381233,52.440483],[5.6380939,52.440483],[5.6380645,52.440483],[5.6380351,52.440483],[5.6380056,52.440483],[5.6379762,52.440483],[5.6379468,52.440483],[5.6379174,52.440483],[5.637888,52.4404831],[5.6378585,52.4404831],[5.6378291,52.4404831],[5.6377997,52.4404831],[5.6377703,52.4404831],[5.6377409,52.4404831],[5.6377114,52.4404831],[5.637682,52.4404831],[5.6376526,52.4404831],[5.6376232,52.4404831],[5.6375937,52.4404831],[5.6375643,52.4404831],[5.6375349,52.4404831],[5.6375055,52.4404831],[5.6374761,52.4404831],[5.6374466,52.4404831],[5.6374172,52.4404831],[5.6373878,52.4404831],[5.6373584,52.4404831],[5.637329,52.4404831],[5.6372995,52.4404831],[5.6372701,52.4404831],[5.6372407,52.4404831],[5.6372113,52.4404832],[5.6371818,52.4404832],[5.6371524,52.4404832],[5.637123,52.4404832],[5.6370936,52.4404832],[5.6370642,52.4404832],[5.6370347,52.4404832],[5.6370053,52.4404832],[5.6369759,52.4404832],[5.6369465,52.4404832],[5.6369171,52.4404832],[5.6368876,52.4404832],[5.6368582,52.4404832],[5.6368288,52.4404832],[5.6367994,52.4404832],[5.63677,52.4404832],[5.6367405,52.4404832],[5.6367111,52.4404832],[5.6366817,52.4404832],[5.6366523,52.4404832],[5.6366228,52.4404832],[5.6365934,52.4404832],[5.636564,52.4404832],[5.6365346,52.4404832],[5.6365052,52.4404833],[5.6364757,52.4404833],[5.6364463,52.4404833],[5.6364169,52.4404833],[5.6363875,52.4404833],[5.6363581,52.4404833],[5.6363286,52.4404833],[5.6362992,52.4404833],[5.6362698,52.4404833],[5.6362404,52.4404833],[5.6362109,52.4404833],[5.6361815,52.4404833],[5.6361521,52.4404833],[5.6361227,52.4404833],[5.6360933,52.4404833],[5.6360638,52.4404833],[5.6360344,52.4404833],[5.636005,52.4404833],[5.6359756,52.4404833],[5.6359462,52.4404833],[5.6359167,52.4404833],[5.6358873,52.4404833],[5.6358579,52.4404833],[5.6358285,52.4404833],[5.635799,52.4404833],[5.6357696,52.4404834],[5.6357402,52.4404834],[5.6357108,52.4404834],[5.6356814,52.4404834],[5.6356519,52.4404834],[5.6356225,52.4404834],[5.6355931,52.4404834],[5.6355637,52.4404834],[5.6355343,52.4404834],[5.6355048,52.4404834],[5.6354754,52.4404834],[5.635446,52.4404834],[5.6354166,52.4404834],[5.6353872,52.4404834],[5.6353577,52.4404834],[5.6353283,52.4404834],[5.6352989,52.4404834],[5.6352695,52.4404834],[5.63524,52.4404834],[5.6352106,52.4404834],[5.6351812,52.4404834],[5.6351518,52.4404834],[5.6351224,52.4404834],[5.6350929,52.4404834],[5.6350635,52.4404834],[5.6350341,52.4404834],[5.6350047,52.4404835],[5.6349753,52.4404835],[5.6349458,52.4404835],[5.6349164,52.4404835],[5.634887,52.4404835],[5.6348576,52.4404835],[5.6348281,52.4404835],[5.6347987,52.4404835],[5.6347693,52.4404835],[5.6347399,52.4404835],[5.6347105,52.4404835],[5.634681,52.4404835],[5.6346516,52.4404835],[5.6346222,52.4404835],[5.6345928,52.4404835],[5.6345634,52.4404835],[5.6345339,52.4404835],[5.6345045,52.4404835],[5.6344751,52.4404835],[5.6344457,52.4404835],[5.6344163,52.4404835],[5.6343868,52.4404835],[5.6343574,52.4404835],[5.634328,52.4404835],[5.6342986,52.4404835],[5.6342691,52.4404835],[5.6342397,52.4404835],[5.6342103,52.4404836],[5.6341809,52.4404836],[5.6341515,52.4404836],[5.634122,52.4404836],[5.6340926,52.4404836],[5.6340632,52.4404836],[5.6340338,52.4404836],[5.6340044,52.4404836],[5.6339749,52.4404836],[5.6339455,52.4404836],[5.6339161,52.4404836],[5.6338867,52.4404836],[5.6338572,52.4404836],[5.6338278,52.4404836],[5.6337984,52.4404836],[5.633769,52.4404836],[5.6337396,52.4404836],[5.6337101,52.4404836],[5.6336807,52.4404836],[5.6336513,52.4404836],[5.6336219,52.4404836],[5.6335925,52.4404836],[5.633563,52.4404836],[5.6335336,52.4404836],[5.6335042,52.4404836],[5.6334748,52.4404836],[5.6334454,52.4404836],[5.6334159,52.4404836],[5.6333865,52.4404836],[5.6333571,52.4404836],[5.6333277,52.4404837],[5.6332982,52.4404837],[5.6332688,52.4404837],[5.6332394,52.4404837],[5.63321,52.4404837],[5.6331806,52.4404837],[5.6331511,52.4404837],[5.6331217,52.4404837],[5.6330923,52.4404837],[5.6330629,52.4404837],[5.6330335,52.4404837],[5.633004,52.4404837],[5.6329746,52.4404837],[5.6329452,52.4404837],[5.6329158,52.4404837],[5.6328863,52.4404837],[5.6328569,52.4404837],[5.6328275,52.4404837],[5.6327981,52.4404837],[5.6327687,52.4404837],[5.6327392,52.4404837],[5.6327098,52.4404837],[5.6326804,52.4404837],[5.632651,52.4404837],[5.6326216,52.4404837],[5.6325921,52.4404837],[5.6325627,52.4404837],[5.6325333,52.4404837],[5.6325039,52.4404837],[5.6324744,52.4404837],[5.632445,52.4404837],[5.6324156,52.4404838],[5.6323862,52.4404838],[5.6323568,52.4404838],[5.6323273,52.4404838],[5.6322979,52.4404838],[5.6322685,52.4404838],[5.6322391,52.4404838],[5.6322097,52.4404838],[5.6321802,52.4404838],[5.6321508,52.4404838],[5.6321214,52.4404838],[5.632092,52.4404838],[5.6320626,52.4404838],[5.6320331,52.4404838],[5.6320037,52.4404838],[5.6319743,52.4404838],[5.6319449,52.4404838],[5.6319154,52.4404838],[5.631886,52.4404838],[5.6318566,52.4404838],[5.6318272,52.4404838],[5.6317978,52.4404838],[5.6317683,52.4404838],[5.6317389,52.4404838],[5.6317095,52.4404838],[5.6316801,52.4404838],[5.6316507,52.4404838],[5.6316212,52.4404838],[5.6315918,52.4404838],[5.6315624,52.4404838],[5.631533,52.4404838],[5.6315035,52.4404838],[5.6314741,52.4404838],[5.6314447,52.4404839],[5.6314153,52.4404839],[5.6313859,52.4404839],[5.6313564,52.4404839],[5.631327,52.4404839],[5.6312976,52.4404839],[5.6312682,52.4404839],[5.6312388,52.4404839],[5.6312093,52.4404839],[5.6311799,52.4404839],[5.6311505,52.4404839],[5.6311211,52.4404839],[5.6310917,52.4404839],[5.6310622,52.4404839],[5.6310328,52.4404839],[5.6310034,52.4404839],[5.630974,52.4404839],[5.6309445,52.4404839],[5.6309151,52.4404839],[5.6308857,52.4404839],[5.6308563,52.4404839],[5.6308269,52.4404839],[5.6307974,52.4404839],[5.630768,52.4404839],[5.6307386,52.4404839],[5.6307092,52.4404839],[5.6306798,52.4404839],[5.6306503,52.4404839],[5.6306209,52.4404839],[5.6305915,52.4404839],[5.6305621,52.4404839],[5.6305326,52.4404839],[5.6305032,52.4404839],[5.6304738,52.4404839],[5.6304444,52.4404839],[5.630415,52.4404839],[5.6303855,52.4404839],[5.6303561,52.440484],[5.6303267,52.440484],[5.6302973,52.440484],[5.6302679,52.440484],[5.6302384,52.440484],[5.630209,52.440484],[5.6301796,52.440484],[5.6301502,52.440484],[5.6301208,52.440484],[5.6300913,52.440484],[5.6300619,52.440484],[5.6300325,52.440484],[5.6300031,52.440484],[5.6299736,52.440484],[5.6299442,52.440484],[5.6299148,52.440484],[5.6298854,52.440484],[5.629856,52.440484],[5.6298265,52.440484],[5.6297971,52.440484],[5.6297677,52.440484],[5.6297383,52.440484],[5.6297089,52.440484],[5.6296794,52.440484],[5.62965,52.440484],[5.6296206,52.440484],[5.6295912,52.440484],[5.6295617,52.440484],[5.6295323,52.440484],[5.6295029,52.440484],[5.6294735,52.440484],[5.6294441,52.440484],[5.6294146,52.440484],[5.6293852,52.440484],[5.6293558,52.440484],[5.6293264,52.440484],[5.629297,52.440484],[5.6292675,52.440484],[5.6292381,52.440484],[5.6292087,52.440484],[5.6291793,52.440484],[5.6291499,52.440484],[5.6291204,52.4404841],[5.629091,52.4404841],[5.6290616,52.4404841],[5.6290322,52.4404841],[5.6290027,52.4404841],[5.6289733,52.4404841],[5.6289439,52.4404841],[5.6289145,52.4404841],[5.6288851,52.4404841],[5.6288556,52.4404841],[5.6288262,52.4404841],[5.6287968,52.4404841],[5.6287674,52.4404841],[5.628738,52.4404841],[5.6287085,52.4404841],[5.6286791,52.4404841],[5.6286497,52.4404841],[5.6286203,52.4404841],[5.6285908,52.4404841],[5.6285614,52.4404841],[5.628532,52.4404841],[5.6285026,52.4404841],[5.6284732,52.4404841],[5.6284437,52.4404841],[5.6284143,52.4404841],[5.6283849,52.4404841],[5.6283555,52.4404841],[5.6283261,52.4404841],[5.6282966,52.4404841],[5.6282672,52.4404841],[5.6282378,52.4404841],[5.6282084,52.4404841],[5.6281789,52.4404841],[5.6281495,52.4404841],[5.6281201,52.4404841],[5.6280907,52.4404841],[5.6280613,52.4404841],[5.6280318,52.4404841],[5.6280024,52.4404841],[5.627973,52.4404841],[5.6279436,52.4404841],[5.6279142,52.4404841],[5.6278847,52.4404841],[5.6278553,52.4404841],[5.6278259,52.4404841],[5.6277965,52.4404841],[5.6277671,52.4404841],[5.6277376,52.4404842],[5.6277082,52.4404842],[5.6276788,52.4404842],[5.6276494,52.4404842],[5.6276199,52.4404842],[5.6275905,52.4404842],[5.6275611,52.4404842],[5.6275317,52.4404842],[5.6275023,52.4404842],[5.6274728,52.4404842],[5.6274434,52.4404842],[5.627414,52.4404842],[5.6273846,52.4404842],[5.6273552,52.4404842],[5.6273257,52.4404842],[5.6272963,52.4404842],[5.6272669,52.4404842],[5.6272375,52.4404842],[5.627208,52.4404842],[5.6271786,52.4404842],[5.6271492,52.4404842],[5.6271198,52.4404842],[5.6270904,52.4404842],[5.6270609,52.4404842],[5.6270315,52.4404842],[5.6270021,52.4404842],[5.6269727,52.4404842],[5.6269433,52.4404842],[5.6269138,52.4404842],[5.6268844,52.4404842],[5.626855,52.4404842],[5.6268256,52.4404842],[5.6267962,52.4404842],[5.6267667,52.4404842],[5.6267373,52.4404842],[5.6267079,52.4404842],[5.6266785,52.4404842],[5.626649,52.4404842],[5.6266196,52.4404842],[5.6265902,52.4404842],[5.6265608,52.4404842],[5.6265314,52.4404842],[5.6265019,52.4404842],[5.6264725,52.4404842],[5.6264431,52.4404842],[5.6264137,52.4404842],[5.6263843,52.4404842],[5.6263548,52.4404842],[5.6263254,52.4404842],[5.626296,52.4404842],[5.6262666,52.4404842],[5.6262371,52.4404842],[5.6262077,52.4404842],[5.6261783,52.4404842],[5.6261489,52.4404842],[5.6261195,52.4404842],[5.62609,52.4404842],[5.6260606,52.4404842],[5.6260312,52.4404843],[5.6260018,52.4404843],[5.6259724,52.4404843],[5.6259429,52.4404843],[5.6259135,52.4404843],[5.6258841,52.4404843],[5.6258547,52.4404843],[5.6258253,52.4404843],[5.6257958,52.4404843],[5.6257664,52.4404843],[5.625737,52.4404843],[5.6257076,52.4404843],[5.6256781,52.4404843],[5.6256487,52.4404843],[5.6256193,52.4404843],[5.6255899,52.4404843],[5.6255605,52.4404843],[5.625531,52.4404843],[5.6255016,52.4404843],[5.6254722,52.4404843],[5.6254428,52.4404843],[5.6254134,52.4404843],[5.6253839,52.4404843],[5.6253545,52.4404843],[5.6253251,52.4404843],[5.6252957,52.4404843],[5.6252662,52.4404843],[5.6252368,52.4404843],[5.6252074,52.4404843],[5.625178,52.4404843],[5.6251486,52.4404843],[5.6251191,52.4404843],[5.6250897,52.4404843],[5.6250603,52.4404843],[5.6250309,52.4404843],[5.6250015,52.4404843],[5.624972,52.4404843],[5.6249426,52.4404843],[5.6249132,52.4404843],[5.6248838,52.4404843],[5.6248543,52.4404843],[5.6248249,52.4404843],[5.6247955,52.4404843],[5.6247661,52.4404843],[5.6247367,52.4404843],[5.6247072,52.4404843],[5.6246778,52.4404843],[5.6246484,52.4404843],[5.624619,52.4404843],[5.6245896,52.4404843],[5.6245601,52.4404843],[5.6245307,52.4404843],[5.6245013,52.4404843],[5.6244719,52.4404843],[5.6244425,52.4404843],[5.624413,52.4404843],[5.6243836,52.4404843],[5.6243542,52.4404843],[5.6243248,52.4404843],[5.6242953,52.4404843],[5.6242659,52.4404843],[5.6242365,52.4404843],[5.6242071,52.4404843],[5.6241777,52.4404843],[5.6241482,52.4404843],[5.6241188,52.4404843],[5.6240894,52.4404843],[5.62406,52.4404843],[5.6240306,52.4404843],[5.6240011,52.4404843],[5.6239717,52.4404843],[5.6239423,52.4404843],[5.6239129,52.4404843],[5.6238834,52.4404843],[5.623854,52.4404843],[5.6238246,52.4404843],[5.6237952,52.4404843],[5.6237658,52.4404843],[5.6237363,52.4404843],[5.6237069,52.4404843],[5.6236775,52.4404843],[5.6236481,52.4404843],[5.6236187,52.4404843],[5.6235892,52.4404843],[5.6235598,52.4404844],[5.6235304,52.4404844],[5.623501,52.4404844],[5.6234716,52.4404844],[5.6234421,52.4404844],[5.6234127,52.4404844],[5.6233833,52.4404844],[5.6233539,52.4404844],[5.6233244,52.4404844],[5.623295,52.4404844],[5.6232656,52.4404844],[5.6232362,52.4404844],[5.6232068,52.4404844],[5.6231773,52.4404844],[5.6231479,52.4404844],[5.6231185,52.4404844],[5.6230891,52.4404844],[5.6230597,52.4404844],[5.6230302,52.4404844],[5.6230008,52.4404844],[5.6229714,52.4404844],[5.622942,52.4404844],[5.6229125,52.4404844],[5.6228831,52.4404844],[5.6228537,52.4404844],[5.6228243,52.4404844],[5.6227949,52.4404844],[5.6227654,52.4404844],[5.622736,52.4404844],[5.6227066,52.4404844],[5.6226772,52.4404844],[5.6226478,52.4404844],[5.6226183,52.4404844],[5.6225889,52.4404844],[5.6225595,52.4404844],[5.6225301,52.4404844],[5.6225007,52.4404844],[5.6224712,52.4404844],[5.6224418,52.4404844],[5.6224124,52.4404844],[5.622383,52.4404844],[5.6223535,52.4404844],[5.6223241,52.4404844],[5.6222947,52.4404844],[5.6222653,52.4404844],[5.6222359,52.4404844],[5.6222064,52.4404844],[5.622177,52.4404844],[5.6221476,52.4404844],[5.6221182,52.4404844],[5.6220888,52.4404844],[5.6220593,52.4404844],[5.6220299,52.4404844],[5.6220005,52.4404844],[5.6219711,52.4404844],[5.6219416,52.4404844],[5.6219122,52.4404844],[5.6218828,52.4404844],[5.6218534,52.4404844],[5.621824,52.4404844],[5.6217945,52.4404844],[5.6217651,52.4404844],[5.6217357,52.4404844],[5.6217063,52.4404844],[5.6216769,52.4404844],[5.6216474,52.4404844],[5.621618,52.4404844],[5.6215886,52.4404844],[5.6215592,52.4404844],[5.6215297,52.4404844],[5.6215003,52.4404844],[5.6214709,52.4404844],[5.6214415,52.4404844],[5.6214121,52.4404844],[5.6213826,52.4404844],[5.6213532,52.4404844],[5.6213238,52.4404844],[5.6212944,52.4404844],[5.621265,52.4404844],[5.6212355,52.4404844],[5.6212061,52.4404844],[5.6211767,52.4404844],[5.6211473,52.4404844],[5.6211179,52.4404844],[5.6210884,52.4404844],[5.621059,52.4404844],[5.6210296,52.4404844],[5.6210002,52.4404844],[5.6209707,52.4404844],[5.6209413,52.4404844],[5.6209119,52.4404844],[5.6208825,52.4404844],[5.6208531,52.4404844],[5.6208236,52.4404844],[5.6207942,52.4404844],[5.6207648,52.4404844],[5.6207354,52.4404844],[5.620706,52.4404844],[5.6206765,52.4404844],[5.6206471,52.4404844],[5.6206177,52.4404844],[5.6205883,52.4404844],[5.6205588,52.4404844],[5.6205294,52.4404844],[5.6205,52.4404844],[5.6204706,52.4404844],[5.6204412,52.4404844],[5.6204111,52.4404857],[5.6203813,52.4404882],[5.6203518,52.4404919],[5.6203227,52.4404969],[5.6202944,52.440503],[5.6202667,52.4405104],[5.62024,52.4405189],[5.6202142,52.4405284],[5.6201896,52.440539],[5.6201662,52.4405507],[5.6201442,52.4405632],[5.6201237,52.4405767],[5.6201046,52.440591],[5.6200873,52.440606],[5.6200716,52.4406217],[5.6200577,52.4406381],[5.6200457,52.440655],[5.6200357,52.4406723],[5.6200275,52.4406901],[5.6200214,52.4407081],[5.6200173,52.4407263],[5.6200152,52.4407447],[5.6200152,52.4407631],[5.6200152,52.4407631]]}},{"type":"Feature","properties":{"natural":"water"},"geometry":{"type":"Polygon","coordinates":[[[5.5680166,52.3774221],[5.436297,52.3772908],[5.435585,52.5480184],[5.5678151,52.5481505],[5.5680166,52.3774221]]]}},{"type":"Feature","properties":{"natural":"tree_row","leaf_type":"broadleaved","height":22,"species":"poplar"},"geometry":{"type":"LineString","coordinates":[[5.6198235,52.4400899],[5.6198235,52.4401078],[5.6198235,52.4401258],[5.6198235,52.4401438],[5.6198235,52.4401618],[5.6198235,52.4401797],[5.6198235,52.4401977],[5.6198235,52.4402157],[5.6198235,52.4402337],[5.6198235,52.4402516],[5.6198235,52.4402696],[5.6198235,52.4402876],[5.6198235,52.4403055],[5.6198235,52.4403235],[5.6198235,52.4403415],[5.6198235,52.4403595],[5.6198235,52.4403774],[5.6198235,52.4403954],[5.6198235,52.4404134],[5.6198235,52.4404314],[5.6198235,52.4404493],[5.6198235,52.4404673],[5.6198235,52.4404853],[5.6198235,52.4405033],[5.6198235,52.4405212],[5.6198235,52.4405392],[5.6198235,52.4405572],[5.6198235,52.4405751],[5.6198235,52.4405931],[5.6198235,52.4406111],[5.6198235,52.4406291],[5.6198235,52.440647],[5.6198235,52.440665],[5.6198235,52.440683],[5.6198235,52.440701],[5.6198235,52.4407189],[5.6198235,52.4407369],[5.6198235,52.4407549],[5.6198235,52.4407729],[5.6198235,52.4407908],[5.6198235,52.4408088],[5.6198235,52.4408268],[5.6198235,52.4408447],[5.6198235,52.4408627],[5.6198235,52.4408807],[5.6198235,52.4408987],[5.6198235,52.4409166],[5.6198235,52.4409346],[5.6198235,52.4409526],[5.6198235,52.4409706],[5.6198235,52.4409885],[5.6198235,52.4410065],[5.6198235,52.4410245],[5.6198235,52.4410425],[5.6198235,52.4410604],[5.6198235,52.4410784],[5.6198235,52.4410964],[5.6198235,52.4411143],[5.6198235,52.4411323],[5.6198235,52.4411503],[5.6198235,52.4411683],[5.6198235,52.4411862],[5.6198235,52.4412042],[5.6198235,52.4412222],[5.6198235,52.4412402],[5.6198235,52.4412581],[5.6198235,52.4412761],[5.6198235,52.4412941],[5.6198235,52.4413121],[5.6198235,52.44133],[5.6198235,52.441348],[5.6198235,52.441366],[5.6198235,52.4413839],[5.6198235,52.4414019],[5.6198235,52.4414199],[5.6198235,52.4414379],[5.6198235,52.4414558],[5.6198235,52.4414738],[5.6198235,52.4414918],[5.6198235,52.4415098],[5.6198235,52.4415277],[5.6198235,52.4415457],[5.6198235,52.4415637],[5.6198235,52.4415817],[5.6198235,52.4415996],[5.6198235,52.4416176],[5.6198235,52.4416356],[5.6198235,52.4416536],[5.6198235,52.4416715],[5.6198235,52.4416895],[5.6198235,52.4417075],[5.6198235,52.4417254],[5.6198235,52.4417434],[5.6198235,52.4417614],[5.6198235,52.4417794],[5.6198235,52.4417973],[5.6198235,52.4418153],[5.6198235,52.4418333],[5.6198235,52.4418513],[5.6198235,52.4418692],[5.6198235,52.4418872],[5.6198235,52.4419052],[5.6198235,52.4419232],[5.6198235,52.4419411],[5.6198235,52.4419591],[5.6198235,52.4419771],[5.6198235,52.441995],[5.6198235,52.442013],[5.6198235,52.442031],[5.6198235,52.442049],[5.6198235,52.4420669],[5.6198235,52.4420849],[5.6198235,52.4421029],[5.6198235,52.4421209],[5.6198235,52.4421388],[5.6198235,52.4421568],[5.6198235,52.4421748],[5.6198235,52.4421928],[5.6198235,52.4422107],[5.6198235,52.4422287],[5.6198235,52.4422467],[5.6198235,52.4422646],[5.6198235,52.4422826],[5.6198235,52.4423006],[5.6198235,52.4423186],[5.6198235,52.4423365],[5.6198235,52.4423545],[5.6198235,52.4423725],[5.6198235,52.4423905],[5.6198235,52.4424084],[5.6198235,52.4424264],[5.6198235,52.4424444],[5.6198235,52.4424624],[5.6198235,52.4424803],[5.6198235,52.4424983],[5.6198235,52.4425163],[5.6198235,52.4425342],[5.6198235,52.4425522],[5.6198235,52.4425702],[5.6198235,52.4425882],[5.6198235,52.4426061],[5.6198235,52.4426241],[5.6198235,52.4426421],[5.6198235,52.4426601],[5.6198235,52.442678],[5.6198235,52.442696],[5.6198235,52.442714],[5.6198235,52.442732],[5.6198235,52.4427499],[5.6198235,52.4427679],[5.6198235,52.4427859],[5.6198235,52.4428038],[5.6198235,52.4428218],[5.6198235,52.4428398],[5.6198235,52.4428578],[5.6198235,52.4428757],[5.6198235,52.4428937],[5.6198235,52.4429117],[5.6198235,52.4429297],[5.6198235,52.4429476],[5.6198235,52.4429656],[5.6198235,52.4429836],[5.6198235,52.4430016],[5.6198235,52.4430195],[5.6198235,52.4430375],[5.6198235,52.4430555],[5.6198235,52.4430734],[5.6198235,52.4430914],[5.6198235,52.4431094],[5.6198235,52.4431274],[5.6198235,52.4431453],[5.6198235,52.4431633],[5.6198235,52.4431813],[5.6198235,52.4431993],[5.6198235,52.4432172],[5.6198235,52.4432352],[5.6198235,52.4432532],[5.6198235,52.4432712],[5.6198235,52.4432891],[5.6198235,52.4433071],[5.6198235,52.4433251],[5.6198235,52.443343],[5.6198235,52.443361],[5.6198235,52.443379],[5.6198235,52.443397],[5.6198235,52.4434149],[5.6198235,52.4434329],[5.6198235,52.4434509],[5.6198235,52.4434689],[5.6198235,52.4434868],[5.6198235,52.4435048],[5.6198235,52.4435228],[5.6198235,52.4435408],[5.6198235,52.4435587],[5.6198235,52.4435767],[5.6198235,52.4435947],[5.6198235,52.4436126],[5.6198235,52.4436306],[5.6198235,52.4436486],[5.6198235,52.4436666],[5.6198235,52.4436845],[5.6198235,52.4437025],[5.6198235,52.4437205],[5.6198235,52.4437385],[5.6198235,52.4437564],[5.6198235,52.4437744],[5.6198235,52.4437924],[5.6198235,52.4438104],[5.6198235,52.4438283],[5.6198235,52.4438463],[5.6198235,52.4438643],[5.6198235,52.4438822],[5.6198235,52.4439002],[5.6198235,52.4439182],[5.6198235,52.4439362],[5.6198235,52.4439541],[5.6198235,52.4439721],[5.6198235,52.4439901],[5.6198235,52.4440081],[5.6198235,52.444026],[5.6198235,52.444044],[5.6198235,52.444062],[5.6198235,52.44408],[5.6198235,52.4440979],[5.6198235,52.4441159],[5.6198235,52.4441339],[5.6198235,52.4441518],[5.6198235,52.4441698],[5.6198235,52.4441878],[5.6198235,52.4442058],[5.6198235,52.4442237],[5.6198235,52.4442417],[5.6198235,52.4442597],[5.6198235,52.4442777],[5.6198235,52.4442956],[5.6198235,52.4443136],[5.6198235,52.4443316],[5.6198235,52.4443496],[5.6198235,52.4443675],[5.6198235,52.4443855],[5.6198235,52.4444035],[5.6198235,52.4444214],[5.6198235,52.4444394],[5.6198235,52.4444574],[5.6198235,52.4444754],[5.6198235,52.4444933],[5.6198235,52.4445113],[5.6198235,52.4445293],[5.6198235,52.4445473],[5.6198235,52.4445652],[5.6198235,52.4445832],[5.6198235,52.4446012],[5.6198235,52.4446192],[5.6198235,52.4446371],[5.6198235,52.4446551],[5.6198235,52.4446731],[5.6198235,52.444691],[5.6198235,52.444709],[5.6198235,52.444727],[5.6198235,52.444745],[5.6198235,52.4447629],[5.6198235,52.4447809],[5.6198235,52.4447989],[5.6198235,52.4448169],[5.6198235,52.4448348],[5.6198235,52.4448528],[5.6198235,52.4448708],[5.6198235,52.4448888],[5.6198235,52.4449067],[5.6198235,52.4449247],[5.6198235,52.4449427],[5.6198235,52.4449606],[5.6198235,52.4449786],[5.6198235,52.4449966],[5.6198235,52.4450146],[5.6198235,52.4450325],[5.6198235,52.4450505],[5.6198235,52.4450685],[5.6198235,52.4450865],[5.6198235,52.4451044],[5.6198235,52.4451224],[5.6198235,52.4451404],[5.6198235,52.4451584],[5.6198235,52.4451763],[5.6198235,52.4451943],[5.6198235,52.4452123],[5.6198235,52.4452303],[5.6198235,52.4452482],[5.6198235,52.4452662],[5.6198235,52.4452842],[5.6198235,52.4453021],[5.6198235,52.4453201],[5.6198235,52.4453381],[5.6198235,52.4453561],[5.6198235,52.445374],[5.6198235,52.445392],[5.6198235,52.44541],[5.6198235,52.445428],[5.6198235,52.4454459],[5.6198235,52.4454639],[5.6198235,52.4454819],[5.6198235,52.4454999],[5.6198235,52.4455178],[5.6198235,52.4455358],[5.6198235,52.4455538],[5.6198235,52.4455717],[5.6198235,52.4455897],[5.6198235,52.4456077],[5.6198235,52.4456257],[5.6198235,52.4456436],[5.6198235,52.4456616],[5.6198235,52.4456796],[5.6198235,52.4456976],[5.6198235,52.4457155],[5.6198235,52.4457335],[5.6198235,52.4457515],[5.6198235,52.4457695],[5.6198235,52.4457874],[5.6198235,52.4458054],[5.6198235,52.4458234],[5.6198235,52.4458413],[5.6198235,52.4458593],[5.6198235,52.4458773],[5.6198235,52.4458953],[5.6198235,52.4459132],[5.6198235,52.4459312],[5.6198235,52.4459492],[5.6198235,52.4459672],[5.6198235,52.4459851],[5.6198235,52.4460031],[5.6198235,52.4460211],[5.6198235,52.4460391],[5.6198235,52.446057],[5.6198235,52.446075],[5.6198235,52.446093],[5.6198235,52.4461109],[5.6198235,52.4461289],[5.6198235,52.4461469],[5.6198235,52.4461649],[5.6198235,52.4461828],[5.6198235,52.4462008],[5.6198235,52.4462188],[5.6198235,52.4462368],[5.6198235,52.4462547],[5.6198235,52.4462727],[5.6198235,52.4462907],[5.6198235,52.4463087],[5.6198235,52.4463266],[5.6198235,52.4463446],[5.6198235,52.4463626],[5.6198235,52.4463805],[5.6198235,52.4463985],[5.6198235,52.4464165],[5.6198235,52.4464345],[5.6198235,52.4464524],[5.6198235,52.4464704],[5.6198235,52.4464884],[5.6198235,52.4465064],[5.6198235,52.4465243],[5.6198235,52.4465423],[5.6198235,52.4465603],[5.6198235,52.4465783],[5.6198235,52.4465962],[5.6198235,52.4466142],[5.6198235,52.4466322],[5.6198235,52.4466501],[5.6198235,52.4466681],[5.6198235,52.4466861],[5.6198235,52.4467041],[5.6198235,52.446722],[5.6198235,52.44674],[5.6198235,52.446758],[5.6198235,52.446776],[5.6198235,52.4467939],[5.6198235,52.4468119],[5.6198235,52.4468299],[5.6198235,52.4468479],[5.6198235,52.4468658],[5.6198235,52.4468838],[5.6198235,52.4469018],[5.6198235,52.4469197],[5.6198235,52.4469377],[5.6198235,52.4469557],[5.6198235,52.4469737],[5.6198235,52.4469916],[5.6198235,52.4470096],[5.6198235,52.4470276],[5.6198235,52.4470456],[5.6198235,52.4470635],[5.6198235,52.4470815],[5.6198235,52.4470995],[5.6198235,52.4471175],[5.6198235,52.4471354],[5.6198235,52.4471534],[5.6198235,52.4471714],[5.6198235,52.4471893],[5.6198235,52.4472073],[5.6198235,52.4472253],[5.6198235,52.4472433],[5.6198235,52.4472612],[5.6198235,52.4472792],[5.6198235,52.4472972],[5.6198235,52.4473152],[5.6198235,52.4473331],[5.6198235,52.4473511],[5.6198235,52.4473691],[5.6198235,52.4473871],[5.6198235,52.447405],[5.6198235,52.447423],[5.6198235,52.447441],[5.6198235,52.4474589],[5.6198235,52.4474769],[5.6198235,52.4474949],[5.6198235,52.4475129],[5.6198235,52.4475308],[5.6198235,52.4475488],[5.6198235,52.4475668],[5.6198235,52.4475848],[5.6198235,52.4476027],[5.6198235,52.4476207],[5.6198235,52.4476387],[5.6198235,52.4476567],[5.6198235,52.4476746],[5.6198235,52.4476926],[5.6198235,52.4477106],[5.6198235,52.4477285],[5.6198235,52.4477465],[5.6198235,52.4477645],[5.6198235,52.4477825],[5.6198235,52.4478004],[5.6198235,52.4478184],[5.6198235,52.4478364],[5.6198235,52.4478544],[5.6198235,52.4478723],[5.6198235,52.4478903],[5.6198235,52.4479083],[5.6198235,52.4479263],[5.6198235,52.4479442],[5.6198235,52.4479622],[5.6198235,52.4479802],[5.6198235,52.4479981],[5.6198235,52.4480161],[5.6198235,52.4480341],[5.6198235,52.4480521],[5.6198235,52.44807],[5.6198235,52.448088],[5.6198235,52.448106],[5.6198235,52.448124],[5.6198235,52.4481419],[5.6198235,52.4481599],[5.6198235,52.4481779],[5.6198235,52.4481959],[5.6198235,52.4482138],[5.6198235,52.4482318],[5.6198235,52.4482498],[5.6198235,52.4482677],[5.6198235,52.4482857],[5.6198235,52.4483037],[5.6198235,52.4483217],[5.6198235,52.4483396],[5.6198235,52.4483576],[5.6198235,52.4483756],[5.6198235,52.4483936],[5.6198235,52.4484115],[5.6198235,52.4484295],[5.6198235,52.4484475],[5.6198235,52.4484655],[5.6198235,52.4484834],[5.6198235,52.4485014],[5.6198235,52.4485194],[5.6198235,52.4485373],[5.6198235,52.4485553],[5.6198235,52.4485733],[5.6198235,52.4485913],[5.6198235,52.4486092],[5.6198235,52.4486272],[5.6198235,52.4486452],[5.6198235,52.4486632],[5.6198235,52.4486811],[5.6198235,52.4486991],[5.6198235,52.4487171],[5.6198235,52.4487351],[5.6198235,52.448753],[5.6198235,52.448771],[5.6198235,52.448789],[5.6198235,52.4488069],[5.6198235,52.4488249],[5.6198235,52.4488429],[5.6198235,52.4488609],[5.6198235,52.4488788],[5.6198235,52.4488968],[5.6198235,52.4489148],[5.6198235,52.4489328],[5.6198235,52.4489507],[5.6198235,52.4489687],[5.6198235,52.4489867],[5.6198235,52.4490047],[5.6198235,52.4490226],[5.6198235,52.4490406],[5.6198235,52.4490586],[5.6198235,52.4490765],[5.6198235,52.4490945],[5.6198235,52.4491125],[5.6198235,52.4491305],[5.6198235,52.4491484],[5.6198235,52.4491664],[5.6198235,52.4491844],[5.6198235,52.4492024],[5.6198235,52.4492203],[5.6198235,52.4492383],[5.6198235,52.4492563],[5.6198235,52.4492743],[5.6198235,52.4492922],[5.6198235,52.4493102],[5.6198235,52.4493282],[5.6198235,52.4493461],[5.6198235,52.4493641],[5.6198235,52.4493821],[5.6198235,52.4494001],[5.6198235,52.449418],[5.6198235,52.449436],[5.6198235,52.449454],[5.6198235,52.449472],[5.6198235,52.4494899],[5.6198235,52.4495079],[5.6198235,52.4495259],[5.6198235,52.4495439],[5.6198235,52.4495618],[5.6198235,52.4495798],[5.6198235,52.4495978],[5.6198235,52.4496157],[5.6198235,52.4496337],[5.6198235,52.4496517],[5.6198235,52.4496697],[5.6198235,52.4496876],[5.6198235,52.4497056],[5.6198235,52.4497236],[5.6198235,52.4497416],[5.6198235,52.4497595],[5.6198235,52.4497775],[5.6198235,52.4497955],[5.6198235,52.4498135],[5.6198235,52.4498314],[5.6198235,52.4498494],[5.6198235,52.4498674],[5.6198235,52.4498853],[5.6198235,52.4499033],[5.6198235,52.4499213],[5.6198235,52.4499393],[5.6198235,52.4499572],[5.6198235,52.4499752],[5.6198235,52.4499932],[5.6198235,52.4500112],[5.6198235,52.4500291],[5.6198235,52.4500471],[5.6198235,52.4500651],[5.6198235,52.4500831],[5.6198235,52.450101],[5.6198235,52.450119],[5.6198235,52.450137],[5.6198235,52.4501549],[5.6198235,52.4501729],[5.6198235,52.4501909],[5.6198235,52.4502089],[5.6198235,52.4502268],[5.6198235,52.4502448],[5.6198235,52.4502628],[5.6198235,52.4502808],[5.6198235,52.4502987],[5.6198235,52.4503167],[5.6198235,52.4503347],[5.6198235,52.4503527],[5.6198235,52.4503706],[5.6198235,52.4503886],[5.6198235,52.4504066],[5.6198235,52.4504245],[5.6198235,52.4504425],[5.6198235,52.4504605],[5.6198235,52.4504785],[5.6198235,52.4504964],[5.6198235,52.4505144],[5.6198235,52.4505324],[5.6198235,52.4505504],[5.6198235,52.4505683],[5.6198235,52.4505863],[5.6198235,52.4506043],[5.6198235,52.4506223],[5.6198235,52.4506402],[5.6198235,52.4506582],[5.6198235,52.4506762],[5.6198235,52.4506941],[5.6198235,52.4507121],[5.6198235,52.4507301],[5.6198235,52.4507481],[5.6198235,52.450766],[5.6198235,52.450784],[5.6198235,52.450802],[5.6198235,52.45082],[5.6198235,52.4508379],[5.6198235,52.4508559],[5.6198235,52.4508739],[5.6198235,52.4508919],[5.6198235,52.4509098],[5.6198235,52.4509278],[5.6198235,52.4509458],[5.6198235,52.4509637],[5.6198235,52.4509817],[5.6198235,52.4509997],[5.6198235,52.4510177],[5.6198235,52.4510356],[5.6198235,52.4510536],[5.6198235,52.4510716],[5.6198235,52.4510896],[5.6198235,52.4511075],[5.6198235,52.4511255],[5.6198235,52.4511435],[5.6198235,52.4511615],[5.6198235,52.4511794],[5.6198235,52.4511974],[5.6198235,52.4512154],[5.6198235,52.4512333],[5.6198235,52.4512513],[5.6198235,52.4512693],[5.6198235,52.4512873],[5.6198235,52.4513052],[5.6198235,52.4513232],[5.6198235,52.4513412],[5.6198235,52.4513592],[5.6198235,52.4513771],[5.6198235,52.4513951],[5.6198235,52.4514131],[5.6198235,52.4514311],[5.6198235,52.451449],[5.6198235,52.451467],[5.6198235,52.451485],[5.6198235,52.4515029],[5.6198235,52.4515209],[5.6198235,52.4515389],[5.6198235,52.4515569],[5.6198235,52.4515748],[5.6198235,52.4515928],[5.6198235,52.4516108],[5.6198235,52.4516288],[5.6198235,52.4516467],[5.6198235,52.4516647],[5.6198235,52.4516827],[5.6198235,52.4517007],[5.6198235,52.4517186],[5.6198235,52.4517366],[5.6198235,52.4517546],[5.6198235,52.4517725],[5.6198235,52.4517905],[5.6198235,52.4518085],[5.6198235,52.4518265],[5.6198235,52.4518444],[5.6198235,52.4518624],[5.6198235,52.4518804],[5.6198235,52.4518984],[5.6198235,52.4519163],[5.6198235,52.4519343],[5.6198235,52.4519523],[5.6198235,52.4519703],[5.6198235,52.4519882],[5.6198235,52.4520062],[5.6198235,52.4520242],[5.6198235,52.4520421],[5.6198235,52.4520601],[5.6198235,52.4520781],[5.6198235,52.4520961],[5.6198235,52.452114],[5.6198235,52.452132],[5.6198235,52.45215],[5.6198235,52.452168],[5.6198235,52.4521859],[5.6198235,52.4522039],[5.6198235,52.4522219],[5.6198235,52.4522399],[5.6198235,52.4522578],[5.6198235,52.4522758],[5.6198235,52.4522938],[5.6198235,52.4523117],[5.6198235,52.4523297],[5.6198235,52.4523477],[5.6198235,52.4523657],[5.6198235,52.4523836],[5.6198235,52.4524016],[5.6198235,52.4524196],[5.6198235,52.4524376],[5.6198235,52.4524555],[5.6198235,52.4524735],[5.6198235,52.4524915],[5.6198235,52.4525095],[5.6198235,52.4525274],[5.6198235,52.4525454],[5.6198235,52.4525634],[5.6198235,52.4525813],[5.6198235,52.4525993],[5.6198235,52.4526173],[5.6198235,52.4526353],[5.6198235,52.4526532],[5.6198235,52.4526712],[5.6198235,52.4526892],[5.6198235,52.4527072],[5.6198235,52.4527251],[5.6198235,52.4527431],[5.6198235,52.4527611],[5.6198235,52.4527791],[5.6198235,52.452797],[5.6198235,52.452815],[5.6198235,52.452833],[5.6198235,52.4528509],[5.6198235,52.4528689],[5.6198235,52.4528869],[5.6198235,52.4529049],[5.6198235,52.4529228],[5.6198235,52.4529408],[5.6198235,52.4529588],[5.6198235,52.4529768],[5.6198235,52.4529947],[5.6198235,52.4530127],[5.6198235,52.4530307],[5.6198235,52.4530487],[5.6198235,52.4530666],[5.6198235,52.4530846],[5.6198235,52.4531026],[5.6198235,52.4531206],[5.6198235,52.4531385],[5.6198235,52.4531565],[5.6198235,52.4531745],[5.6198235,52.4531924],[5.6198235,52.4532104],[5.6198235,52.4532284],[5.6198235,52.4532464],[5.6198235,52.4532643],[5.6198235,52.4532823],[5.6198235,52.4533003],[5.6198235,52.4533183],[5.6198235,52.4533362],[5.6198235,52.4533542],[5.6198235,52.4533722],[5.6198235,52.4533902],[5.6198235,52.4534081],[5.6198235,52.4534261],[5.6198235,52.4534441],[5.6198235,52.453462],[5.6198235,52.45348],[5.6198235,52.453498],[5.6198235,52.453516],[5.6198235,52.4535339],[5.6198235,52.4535519],[5.6198235,52.4535699],[5.6198235,52.4535879],[5.6198235,52.4536058],[5.6198235,52.4536238],[5.6198235,52.4536418],[5.6198235,52.4536598],[5.6198235,52.4536777],[5.6198235,52.4536957],[5.6198235,52.4537137],[5.6198235,52.4537316],[5.6198235,52.4537496],[5.6198235,52.4537676],[5.6198235,52.4537856],[5.6198235,52.4538035],[5.6198235,52.4538215],[5.6198235,52.4538395],[5.6198235,52.4538575],[5.6198235,52.4538754],[5.6198235,52.4538934],[5.6198235,52.4539114],[5.6198235,52.4539294],[5.6198235,52.4539473],[5.6198235,52.4539653],[5.6198235,52.4539833],[5.6198235,52.4540012],[5.6198235,52.4540192],[5.6198235,52.4540372],[5.6198235,52.4540552],[5.6198235,52.4540731],[5.6198235,52.4540911],[5.6198235,52.4541091],[5.6198235,52.4541271],[5.6198235,52.454145],[5.6198235,52.454163],[5.6198235,52.454181],[5.6198235,52.454199],[5.6198235,52.4542169],[5.6198235,52.4542349],[5.6198235,52.4542529],[5.6198235,52.4542708],[5.6198235,52.4542888],[5.6198235,52.4543068],[5.6198235,52.4543248],[5.6198235,52.4543427],[5.6198235,52.4543607],[5.6198235,52.4543787],[5.6198235,52.4543967],[5.6198235,52.4544146],[5.6198235,52.4544326],[5.6198235,52.4544506],[5.6198235,52.4544686],[5.6198235,52.4544865],[5.6198235,52.4545045],[5.6198235,52.4545225],[5.6198235,52.4545404],[5.6198235,52.4545584],[5.6198235,52.4545764],[5.6198235,52.4545944],[5.6198235,52.4546123],[5.6198235,52.4546303],[5.6198235,52.4546483],[5.6198235,52.4546663],[5.6198235,52.4546842],[5.6198235,52.4547022],[5.6198235,52.4547202],[5.6198235,52.4547382],[5.6198235,52.4547561],[5.6198235,52.4547741],[5.6198235,52.4547921],[5.6198235,52.45481],[5.6198235,52.454828],[5.6198235,52.454846],[5.6198235,52.454864],[5.6198235,52.4548819],[5.6198235,52.4548999],[5.6198235,52.4549179],[5.6198235,52.4549359],[5.6198235,52.4549538],[5.6198235,52.4549718],[5.6198235,52.4549898],[5.6198235,52.4550078],[5.6198235,52.4550257],[5.6198235,52.4550437],[5.6198235,52.4550617],[5.6198235,52.4550796],[5.6198235,52.4550976],[5.6198235,52.4551156],[5.6198235,52.4551336],[5.6198235,52.4551515],[5.6198235,52.4551695],[5.6198235,52.4551875],[5.6198235,52.4552055],[5.6198235,52.4552234],[5.6198235,52.4552414],[5.6198235,52.4552594],[5.6198235,52.4552773],[5.6198235,52.4552953],[5.6198235,52.4553133],[5.6198235,52.4553313],[5.6198235,52.4553492],[5.6198235,52.4553672],[5.6198235,52.4553852],[5.6198235,52.4554032],[5.6198235,52.4554211],[5.6198235,52.4554391],[5.6198235,52.4554571],[5.6198235,52.4554751],[5.6198235,52.455493],[5.6198235,52.455511],[5.6198235,52.455529],[5.6198235,52.4555469],[5.6198235,52.4555649],[5.6198235,52.4555829],[5.6198235,52.4556009],[5.6198235,52.4556188],[5.6198235,52.4556368],[5.6198235,52.4556548],[5.6198235,52.4556728],[5.6198235,52.4556907],[5.6198235,52.4557087],[5.6198235,52.4557267],[5.6198235,52.4557447],[5.6198235,52.4557626],[5.6198235,52.4557806],[5.6198235,52.4557986],[5.6198235,52.4558165],[5.6198235,52.4558345],[5.6198235,52.4558525],[5.6198235,52.4558705],[5.6198235,52.4558884],[5.6198235,52.4559064],[5.6198235,52.4559244],[5.6198235,52.4559424],[5.6198235,52.4559603],[5.6198235,52.4559783],[5.6198235,52.4559963],[5.6198235,52.4560143],[5.6198235,52.4560322],[5.6198235,52.4560502],[5.6198235,52.4560682],[5.6198235,52.4560861],[5.6198235,52.4561041],[5.6198235,52.4561221],[5.6198235,52.4561401],[5.6198235,52.456158],[5.6198235,52.456176],[5.6198235,52.456194],[5.6198235,52.456212],[5.6198235,52.4562299],[5.6198235,52.4562479],[5.6198235,52.4562659],[5.6198235,52.4562839],[5.6198235,52.4563018],[5.6198235,52.4563198],[5.6198235,52.4563378],[5.6198235,52.4563557],[5.6198235,52.4563737],[5.6198235,52.4563917],[5.6198235,52.4564097],[5.6198235,52.4564276],[5.6198235,52.4564456],[5.6198235,52.4564636],[5.6198235,52.4564816],[5.6198235,52.4564995],[5.6198235,52.4565175],[5.6198235,52.4565355],[5.6198235,52.4565535],[5.6198235,52.4565714],[5.6198235,52.4565894],[5.6198235,52.4566074],[5.6198235,52.4566253],[5.6198235,52.4566433],[5.6198235,52.4566613],[5.6198235,52.4566793],[5.6198235,52.4566972],[5.6198235,52.4567152],[5.6198235,52.4567332],[5.6198235,52.4567512],[5.6198235,52.4567691],[5.6198235,52.4567871],[5.6198235,52.4568051],[5.6198235,52.4568231],[5.6198235,52.456841],[5.6198235,52.456859],[5.6198235,52.456877],[5.6198235,52.4568949],[5.6198235,52.4569129],[5.6198235,52.4569309],[5.6198235,52.4569489],[5.6198235,52.4569668],[5.6198235,52.4569848],[5.6198235,52.4570028],[5.6198235,52.4570208],[5.6198235,52.4570387],[5.6198235,52.4570567],[5.6198235,52.4570747],[5.6198235,52.4570927],[5.6198235,52.4571106],[5.6198235,52.4571286],[5.6198235,52.4571466],[5.6198235,52.4571645],[5.6198235,52.4571825],[5.6198235,52.4572005],[5.6198235,52.4572185],[5.6198235,52.4572364],[5.6198235,52.4572544],[5.6198235,52.4572724],[5.6198235,52.4572904],[5.6198235,52.4573083],[5.6198235,52.4573263],[5.6198235,52.4573443],[5.6198235,52.4573623],[5.6198235,52.4573802],[5.6198235,52.4573982],[5.6198235,52.4574162],[5.6198235,52.4574341],[5.6198235,52.4574521],[5.6198235,52.4574701],[5.6198235,52.4574881],[5.6198235,52.457506],[5.6198235,52.457524],[5.6198235,52.457542],[5.6198235,52.45756],[5.6198235,52.4575779],[5.6198235,52.4575959],[5.6198235,52.4576139],[5.6198235,52.4576319],[5.6198235,52.4576498],[5.6198235,52.4576678],[5.6198235,52.4576858],[5.6198235,52.4577037],[5.6198235,52.4577217],[5.6198235,52.4577397],[5.6198235,52.4577577],[5.6198235,52.4577756],[5.6198235,52.4577936],[5.6198235,52.4578116],[5.6198235,52.4578296],[5.6198235,52.4578475],[5.6198235,52.4578655],[5.6198235,52.4578835],[5.6198235,52.4579015],[5.6198235,52.4579194],[5.6198235,52.4579374],[5.6198235,52.4579554],[5.6198235,52.4579733],[5.6198235,52.4579913],[5.6198235,52.4580093],[5.6198235,52.4580273],[5.6198235,52.4580452],[5.6198235,52.4580632],[5.6198235,52.4580812],[5.6198235,52.4580992],[5.6198235,52.4581171],[5.6198235,52.4581351],[5.6198235,52.4581531],[5.6198235,52.4581711],[5.6198235,52.458189],[5.6198235,52.458207],[5.6198235,52.458225],[5.6198235,52.4582429],[5.6198235,52.4582609],[5.6198235,52.4582789],[5.6198235,52.4582969],[5.6198235,52.4583148],[5.6198235,52.4583328],[5.6198235,52.4583508],[5.6198235,52.4583688],[5.6198235,52.4583867],[5.6198235,52.4584047],[5.6198235,52.4584227],[5.6198235,52.4584407],[5.6198235,52.4584586],[5.6198235,52.4584766],[5.6198235,52.4584946],[5.6198235,52.4585125],[5.6198235,52.4585305],[5.6198235,52.4585485],[5.6198235,52.4585665],[5.6198235,52.4585844],[5.6198235,52.4586024],[5.6198235,52.4586204],[5.6198235,52.4586384],[5.6198235,52.4586563],[5.6198235,52.4586743],[5.6198235,52.4586923],[5.6198235,52.4587103],[5.6198235,52.4587282],[5.6198235,52.4587462],[5.6198235,52.4587642],[5.6198235,52.4587821],[5.6198235,52.4588001],[5.6198235,52.4588181],[5.6198235,52.4588361],[5.6198235,52.458854],[5.6198235,52.458872],[5.6198235,52.45889],[5.6198235,52.458908],[5.6198235,52.4589259],[5.6198235,52.4589439],[5.6198235,52.4589619],[5.6198235,52.4589799],[5.6198235,52.4589978],[5.6198235,52.4590158],[5.6198235,52.4590338],[5.6198235,52.4590517],[5.6198235,52.4590697],[5.6198235,52.4590877],[5.6198235,52.4591057],[5.6198235,52.4591236],[5.6198235,52.4591416],[5.6198235,52.4591596],[5.6198235,52.4591776],[5.6198235,52.4591955],[5.6198235,52.4592135],[5.6198235,52.4592315],[5.6198235,52.4592495],[5.6198235,52.4592674],[5.6198235,52.4592854],[5.6198235,52.4593034],[5.6198235,52.4593213],[5.6198235,52.4593393],[5.6198235,52.4593573],[5.6198235,52.4593753],[5.6198235,52.4593932],[5.6198235,52.4594112],[5.6198235,52.4594292],[5.6198235,52.4594472],[5.6198235,52.4594651],[5.6198235,52.4594831],[5.6198235,52.4595011],[5.6198235,52.4595191],[5.6198235,52.459537],[5.6198235,52.459555],[5.6198235,52.459573],[5.6198235,52.4595909],[5.6198235,52.4596089],[5.6198235,52.4596269],[5.6198235,52.4596449],[5.6198235,52.4596628],[5.6198235,52.4596808],[5.6198235,52.4596988],[5.6198235,52.4597168],[5.6198235,52.4597347],[5.6198235,52.4597527],[5.6198235,52.4597707],[5.6198235,52.4597887],[5.6198235,52.4598066],[5.6198235,52.4598246],[5.6198235,52.4598426],[5.6198235,52.4598605],[5.6198235,52.4598785],[5.6198235,52.4598965],[5.6198235,52.4599145],[5.6198235,52.4599324],[5.6198235,52.4599504],[5.6198235,52.4599684],[5.6198235,52.4599864],[5.6198235,52.4600043],[5.6198235,52.4600223],[5.6198235,52.4600403],[5.6198235,52.4600583],[5.6198235,52.4600762],[5.6198235,52.4600942],[5.6198235,52.4601122],[5.6198235,52.4601301],[5.6198235,52.4601481],[5.6198235,52.4601661],[5.6198235,52.4601841],[5.6198235,52.460202],[5.6198235,52.46022],[5.6198235,52.460238],[5.6198235,52.460256],[5.6198235,52.4602739],[5.6198235,52.4602919],[5.6198235,52.4603099],[5.6198235,52.4603279],[5.6198235,52.4603458],[5.6198235,52.4603638],[5.6198235,52.4603818],[5.6198235,52.4603997],[5.6198235,52.4604177],[5.6198235,52.4604357],[5.6198235,52.4604537],[5.6198235,52.4604716],[5.6198235,52.4604896],[5.6198235,52.4605076],[5.6198235,52.4605256],[5.6198235,52.4605435],[5.6198235,52.4605615],[5.6198235,52.4605795],[5.6198235,52.4605975],[5.6198235,52.4606154],[5.6198235,52.4606334],[5.6198235,52.4606514],[5.6198235,52.4606693],[5.6198235,52.4606873],[5.6198235,52.4607053],[5.6198235,52.4607233],[5.6198235,52.4607412],[5.6198235,52.4607592],[5.6198235,52.4607772],[5.6198235,52.4607952],[5.6198235,52.4608131],[5.6198235,52.4608311],[5.6198235,52.4608491],[5.6198235,52.4608671],[5.6198235,52.460885],[5.6198235,52.460903],[5.6198235,52.460921],[5.6198235,52.4609389],[5.6198235,52.4609569],[5.6198235,52.4609749],[5.6198235,52.4609929],[5.6198235,52.4610108],[5.6198235,52.4610288],[5.6198235,52.4610468],[5.6198235,52.4610648],[5.6198235,52.4610827],[5.6198235,52.4611007],[5.6198235,52.4611187],[5.6198235,52.4611367],[5.6198235,52.4611546],[5.6198235,52.4611726],[5.6198235,52.4611906],[5.6198235,52.4612085],[5.6198235,52.4612265],[5.6198235,52.4612445],[5.6198235,52.4612625],[5.6198235,52.4612804],[5.6198235,52.4612984],[5.6198235,52.4613164],[5.6198235,52.4613344],[5.6198235,52.4613523],[5.6198235,52.4613703],[5.6198235,52.4613883],[5.6198235,52.4614063],[5.6198235,52.4614242],[5.6198235,52.4614422],[5.6198235,52.4614602],[5.6198235,52.4614781],[5.6198235,52.4614961],[5.6198235,52.4615141],[5.6198235,52.4615321],[5.6198235,52.46155],[5.6198235,52.461568],[5.6198234,52.461586],[5.6198234,52.461604],[5.6198234,52.4616219],[5.6198234,52.4616399],[5.6198234,52.4616579],[5.6198234,52.4616759],[5.6198234,52.4616938],[5.6198234,52.4617118],[5.6198234,52.4617298],[5.6198234,52.4617477],[5.6198234,52.4617657],[5.6198234,52.4617837],[5.6198234,52.4618017],[5.6198234,52.4618196],[5.6198234,52.4618376],[5.6198234,52.4618556],[5.6198234,52.4618736],[5.6198234,52.4618915],[5.6198234,52.4619095],[5.6198234,52.4619275],[5.6198234,52.4619455],[5.6198234,52.4619634],[5.6198234,52.4619814],[5.6198234,52.4619994],[5.6198234,52.4620173],[5.6198234,52.4620353],[5.6198234,52.4620533],[5.6198234,52.4620713],[5.6198234,52.4620892],[5.6198234,52.4621072],[5.6198234,52.4621252],[5.6198234,52.4621432],[5.6198234,52.4621611],[5.6198234,52.4621791],[5.6198234,52.4621971],[5.6198234,52.4622151],[5.6198234,52.462233],[5.6198234,52.462251],[5.6198234,52.462269],[5.6198234,52.4622869],[5.6198234,52.4623049],[5.6198234,52.4623229],[5.6198234,52.4623409],[5.6198234,52.4623588],[5.6198234,52.4623768],[5.6198234,52.4623948],[5.6198234,52.4624128],[5.6198234,52.4624307],[5.6198234,52.4624487],[5.6198234,52.4624667],[5.6198234,52.4624847],[5.6198234,52.4625026],[5.6198234,52.4625206],[5.6198234,52.4625386],[5.6198234,52.4625565],[5.6198234,52.4625745],[5.6198234,52.4625925],[5.6198234,52.4626105],[5.6198234,52.4626284],[5.6198234,52.4626464],[5.6198234,52.4626644],[5.6198234,52.4626824],[5.6198234,52.4627003],[5.6198234,52.4627183],[5.6198234,52.4627363],[5.6198234,52.4627543],[5.6198234,52.4627722],[5.6198234,52.4627902],[5.6198234,52.4628082],[5.6198234,52.4628261],[5.6198234,52.4628441],[5.6198234,52.4628621],[5.6198234,52.4628801],[5.6198234,52.462898],[5.6198234,52.462916],[5.6198234,52.462934],[5.6198234,52.462952],[5.6198234,52.4629699],[5.6198234,52.4629879],[5.6198234,52.4630059],[5.6198234,52.4630238],[5.6198234,52.4630418],[5.6198234,52.4630598],[5.6198234,52.4630778],[5.6198234,52.4630957],[5.6198234,52.4631137],[5.6198234,52.4631317],[5.6198234,52.4631497],[5.6198234,52.4631676],[5.6198234,52.4631856],[5.6198234,52.4632036],[5.6198234,52.4632216],[5.6198234,52.4632395],[5.6198234,52.4632575],[5.6198234,52.4632755],[5.6198234,52.4632934],[5.6198234,52.4633114],[5.6198234,52.4633294],[5.6198234,52.4633474],[5.6198234,52.4633653],[5.6198234,52.4633833],[5.6198234,52.4634013],[5.6198234,52.4634193],[5.6198234,52.4634372],[5.6198234,52.4634552],[5.6198234,52.4634732],[5.6198234,52.4634912],[5.6198234,52.4635091],[5.6198234,52.4635271],[5.6198234,52.4635451],[5.6198234,52.463563],[5.6198234,52.463581],[5.6198234,52.463599],[5.6198234,52.463617],[5.6198234,52.4636349],[5.6198234,52.4636529],[5.6198234,52.4636709],[5.6198234,52.4636889],[5.6198234,52.4637068],[5.6198234,52.4637248],[5.6198234,52.4637428],[5.6198234,52.4637608],[5.6198234,52.4637787],[5.6198234,52.4637967],[5.6198234,52.4638147],[5.6198234,52.4638326],[5.6198234,52.4638506],[5.6198234,52.4638686],[5.6198234,52.4638866],[5.6198234,52.4639045],[5.6198234,52.4639225],[5.6198234,52.4639405],[5.6198234,52.4639585],[5.6198234,52.4639764],[5.6198234,52.4639944],[5.6198234,52.4640124],[5.6198234,52.4640304],[5.6198234,52.4640483],[5.6198234,52.4640663],[5.6198234,52.4640843],[5.6198234,52.4641022],[5.6198234,52.4641202],[5.6198234,52.4641382],[5.6198234,52.4641562],[5.6198234,52.4641741],[5.6198234,52.4641921],[5.6198234,52.4642101],[5.6198234,52.4642281],[5.6198234,52.464246],[5.6198234,52.464264],[5.6198234,52.464282],[5.6198234,52.4643],[5.6198234,52.4643179],[5.6198234,52.4643359],[5.6198234,52.4643539],[5.6198234,52.4643718],[5.6198234,52.4643898],[5.6198234,52.4644078],[5.6198234,52.4644258],[5.6198234,52.4644437],[5.6198234,52.4644617],[5.6198234,52.4644797],[5.6198234,52.4644977],[5.6198234,52.4645156],[5.6198234,52.4645336],[5.6198234,52.4645516],[5.6198234,52.4645696],[5.6198234,52.4645875],[5.6198234,52.4646055],[5.6198234,52.4646235],[5.6198234,52.4646414],[5.6198234,52.4646594],[5.6198234,52.4646774],[5.6198234,52.4646954],[5.6198234,52.4647133],[5.6198234,52.4647313],[5.6198234,52.4647493],[5.6198234,52.4647673],[5.6198234,52.4647852],[5.6198234,52.4648032],[5.6198234,52.4648212],[5.6198234,52.4648392],[5.6198234,52.4648571],[5.6198234,52.4648751],[5.6198234,52.4648931],[5.6198234,52.464911],[5.6198234,52.464929],[5.6198234,52.464947],[5.6198234,52.464965],[5.6198234,52.4649829],[5.6198234,52.4650009],[5.6198234,52.4650189],[5.6198234,52.4650369],[5.6198234,52.4650548],[5.6198234,52.4650728],[5.6198234,52.4650908],[5.6198234,52.4651088],[5.6198234,52.4651267],[5.6198234,52.4651447],[5.6198234,52.4651627],[5.6198234,52.4651806],[5.6198234,52.4651986],[5.6198234,52.4652166],[5.6198234,52.4652346],[5.6198234,52.4652525],[5.6198234,52.4652705],[5.6198234,52.4652885],[5.6198234,52.4653065],[5.6198234,52.4653244],[5.6198234,52.4653424],[5.6198234,52.4653604],[5.6198234,52.4653784],[5.6198234,52.4653963],[5.6198234,52.4654143],[5.6198234,52.4654323],[5.6198234,52.4654502],[5.6198234,52.4654682],[5.6198234,52.4654862],[5.6198234,52.4655042],[5.6198234,52.4655221],[5.6198234,52.4655401],[5.6198234,52.4655581],[5.6198234,52.4655761],[5.6198234,52.465594],[5.6198234,52.465612],[5.6198234,52.46563],[5.6198234,52.465648],[5.6198234,52.4656659],[5.6198234,52.4656839],[5.6198234,52.4657019],[5.6198234,52.4657198],[5.6198234,52.4657378],[5.6198234,52.4657558],[5.6198234,52.4657738],[5.6198234,52.4657917],[5.6198234,52.4658097],[5.6198234,52.4658277],[5.6198234,52.4658457],[5.6198234,52.4658636],[5.6198234,52.4658816],[5.6198234,52.4658996],[5.6198234,52.4659176],[5.6198234,52.4659355],[5.6198234,52.4659535],[5.6198234,52.4659715],[5.6198234,52.4659894],[5.6198234,52.4660074],[5.6198234,52.4660254],[5.6198234,52.4660434],[5.6198234,52.4660613],[5.6198234,52.4660793],[5.6198234,52.4660973],[5.6198234,52.4661153],[5.6198234,52.4661332],[5.6198234,52.4661512],[5.6198234,52.4661692],[5.6198234,52.4661872],[5.6198234,52.4662051],[5.6198234,52.4662231],[5.6198234,52.4662411],[5.6198234,52.466259],[5.6198234,52.466277],[5.6198234,52.466295],[5.6198234,52.466313],[5.6198234,52.4663309],[5.6198234,52.4663489],[5.6198234,52.4663669],[5.6198234,52.4663849],[5.6198234,52.4664028],[5.6198234,52.4664208],[5.6198234,52.4664388],[5.6198234,52.4664568],[5.6198234,52.4664747],[5.6198234,52.4664927],[5.6198234,52.4665107],[5.6198234,52.4665286],[5.6198234,52.4665466],[5.6198234,52.4665646],[5.6198234,52.4665826],[5.6198234,52.4666005],[5.6198234,52.4666185],[5.6198234,52.4666365],[5.6198234,52.4666545],[5.6198234,52.4666724],[5.6198234,52.4666904],[5.6198234,52.4667084],[5.6198234,52.4667263],[5.6198234,52.4667443],[5.6198234,52.4667623],[5.6198234,52.4667803],[5.6198234,52.4667982],[5.6198234,52.4668162],[5.6198234,52.4668342],[5.6198234,52.4668522],[5.6198234,52.4668701],[5.6198234,52.4668881],[5.6198234,52.4669061],[5.6198234,52.4669241],[5.6198234,52.466942],[5.6198234,52.46696],[5.6198234,52.466978],[5.6198234,52.4669959],[5.6198234,52.4670139],[5.6198234,52.4670319],[5.6198234,52.4670499],[5.6198234,52.4670678],[5.6198234,52.4670858],[5.6198234,52.4671038],[5.6198234,52.4671218],[5.6198234,52.4671397],[5.6198234,52.4671577],[5.6198234,52.4671757],[5.6198234,52.4671937],[5.6198234,52.4672116],[5.6198234,52.4672296],[5.6198234,52.4672476],[5.6198234,52.4672655],[5.6198234,52.4672835],[5.6198234,52.4673015],[5.6198234,52.4673195],[5.6198234,52.4673374],[5.6198234,52.4673554],[5.6198234,52.4673734],[5.6198234,52.4673914],[5.6198234,52.4674093],[5.6198234,52.4674273],[5.6198234,52.4674453],[5.6198234,52.4674633],[5.6198234,52.4674812],[5.6198234,52.4674992],[5.6198234,52.4675172],[5.6198234,52.4675351],[5.6198234,52.4675531],[5.6198234,52.4675711],[5.6198234,52.4675891],[5.6198234,52.467607],[5.6198234,52.467625],[5.6198234,52.467643],[5.6198234,52.467661],[5.6198234,52.4676789],[5.6198234,52.4676969],[5.6198234,52.4677149],[5.6198234,52.4677329],[5.6198234,52.4677508],[5.6198234,52.4677688],[5.6198234,52.4677868],[5.6198234,52.4678047],[5.6198234,52.4678227],[5.6198234,52.4678407],[5.6198234,52.4678587],[5.6198234,52.4678766],[5.6198234,52.4678946],[5.6198234,52.4679126],[5.6198234,52.4679306],[5.6198234,52.4679485],[5.6198234,52.4679665],[5.6198234,52.4679845],[5.6198234,52.4680025],[5.6198234,52.4680204],[5.6198234,52.4680384],[5.6198234,52.4680564],[5.6198234,52.4680743],[5.6198234,52.4680923],[5.6198234,52.4681103],[5.6198234,52.4681283],[5.6198234,52.4681462],[5.6198234,52.4681642],[5.6198234,52.4681822],[5.6198234,52.4682002],[5.6198234,52.4682181],[5.6198234,52.4682361],[5.6198234,52.4682541],[5.6198234,52.4682721],[5.6198234,52.46829],[5.6198234,52.468308],[5.6198234,52.468326],[5.6198234,52.4683439],[5.6198234,52.4683619],[5.6198234,52.4683799],[5.6198234,52.4683979],[5.6198234,52.4684158],[5.6198234,52.4684338],[5.6198234,52.4684518],[5.6198234,52.4684698],[5.6198234,52.4684877],[5.6198234,52.4685057],[5.6198234,52.4685237],[5.6198234,52.4685417],[5.6198234,52.4685596],[5.6198234,52.4685776],[5.6198234,52.4685956],[5.6198234,52.4686135],[5.6198234,52.4686315],[5.6198234,52.4686495],[5.6198234,52.4686675],[5.6198234,52.4686854],[5.6198234,52.4687034],[5.6198234,52.4687214],[5.6198234,52.4687394],[5.6198234,52.4687573],[5.6198234,52.4687753],[5.6198234,52.4687933],[5.6198234,52.4688113],[5.6198234,52.4688292],[5.6198234,52.4688472],[5.6198234,52.4688652],[5.6198234,52.4688831],[5.6198234,52.4689011],[5.6198234,52.4689191],[5.6198234,52.4689371],[5.6198234,52.468955],[5.6198234,52.468973],[5.6198234,52.468991],[5.6198234,52.469009],[5.6198234,52.4690269],[5.6198234,52.4690449],[5.6198234,52.4690629],[5.6198234,52.4690809],[5.6198234,52.4690988],[5.6198234,52.4691168],[5.6198234,52.4691348],[5.6198234,52.4691527],[5.6198234,52.4691707],[5.6198234,52.4691887],[5.6198234,52.4692067],[5.6198234,52.4692246],[5.6198234,52.4692426],[5.6198234,52.4692606],[5.6198234,52.4692786],[5.6198234,52.4692965],[5.6198234,52.4693145],[5.6198234,52.4693325],[5.6198234,52.4693505],[5.6198234,52.4693684],[5.6198234,52.4693864],[5.6198234,52.4694044],[5.6198234,52.4694223],[5.6198234,52.4694403],[5.6198234,52.4694583],[5.6198234,52.4694763],[5.6198234,52.4694942],[5.6198234,52.4695122],[5.6198234,52.4695302],[5.6198234,52.4695482],[5.6198234,52.4695661],[5.6198234,52.4695841],[5.6198234,52.4696021],[5.6198234,52.46962],[5.6198234,52.469638],[5.6198234,52.469656],[5.6198234,52.469674],[5.6198234,52.4696919],[5.6198234,52.4697099],[5.6198234,52.4697279],[5.6198234,52.4697459],[5.6198234,52.4697638],[5.6198234,52.4697818],[5.6198234,52.4697998],[5.6198234,52.4698178],[5.6198234,52.4698357],[5.6198234,52.4698537],[5.6198234,52.4698717],[5.6198234,52.4698896],[5.6198234,52.4699076],[5.6198234,52.4699256],[5.6198234,52.4699436],[5.6198234,52.4699615],[5.6198234,52.4699795],[5.6198234,52.4699975],[5.6198234,52.4700155],[5.6198234,52.4700334],[5.6198234,52.4700514],[5.6198234,52.4700694],[5.6198234,52.4700874],[5.6198234,52.4701053],[5.6198234,52.4701233],[5.6198234,52.4701413],[5.6198234,52.4701592],[5.6198234,52.4701772],[5.6198234,52.4701952],[5.6198234,52.4702132],[5.6198234,52.4702311],[5.6198234,52.4702491],[5.6198234,52.4702671],[5.6198234,52.4702851],[5.6198234,52.470303],[5.6198234,52.470321],[5.6198234,52.470339],[5.6198234,52.470357],[5.6198234,52.4703749],[5.6198234,52.4703929],[5.6198234,52.4704109],[5.6198234,52.4704288],[5.6198234,52.4704468],[5.6198234,52.4704648],[5.6198234,52.4704828],[5.6198234,52.4705007],[5.6198234,52.4705187],[5.6198234,52.4705367],[5.6198234,52.4705547],[5.6198234,52.4705726],[5.6198234,52.4705906],[5.6198234,52.4706086],[5.6198234,52.4706266],[5.6198234,52.4706445],[5.6198234,52.4706625],[5.6198234,52.4706805],[5.6198234,52.4706984],[5.6198234,52.4707164],[5.6198234,52.4707344],[5.6198234,52.4707524],[5.6198234,52.4707703],[5.6198234,52.4707883],[5.6198234,52.4708063],[5.6198234,52.4708243],[5.6198234,52.4708422],[5.6198234,52.4708602],[5.6198234,52.4708782],[5.6198234,52.4708962],[5.6198234,52.4709141],[5.6198234,52.4709321],[5.6198234,52.4709501],[5.6198234,52.470968],[5.6198234,52.470986],[5.6198234,52.471004],[5.6198234,52.471022],[5.6198234,52.4710399],[5.6198234,52.4710579],[5.6198234,52.4710759],[5.6198234,52.4710939],[5.6198234,52.4711118],[5.6198234,52.4711298],[5.6198234,52.4711478],[5.6198234,52.4711658],[5.6198234,52.4711837],[5.6198234,52.4712017],[5.6198234,52.4712197],[5.6198234,52.4712376],[5.6198234,52.4712556],[5.6198234,52.4712736],[5.6198234,52.4712916],[5.6198234,52.4713095],[5.6198234,52.4713275],[5.6198234,52.4713455],[5.6198234,52.4713635],[5.6198234,52.4713814],[5.6198234,52.4713994],[5.6198234,52.4714174],[5.6198234,52.4714354],[5.6198234,52.4714533],[5.6198234,52.4714713],[5.6198234,52.4714893],[5.6198234,52.4715072],[5.6198234,52.4715252],[5.6198234,52.4715432],[5.6198234,52.4715612],[5.6198234,52.4715791],[5.6198234,52.4715971],[5.6198234,52.4716151],[5.6198234,52.4716331],[5.6198234,52.471651],[5.6198234,52.471669],[5.6198234,52.471687],[5.6198234,52.471705],[5.6198234,52.4717229],[5.6198234,52.4717409],[5.6198234,52.4717589],[5.6198234,52.4717768],[5.6198234,52.4717948],[5.6198234,52.4718128],[5.6198234,52.4718308],[5.6198234,52.4718487],[5.6198234,52.4718667],[5.6198234,52.4718847],[5.6198234,52.4719027],[5.6198234,52.4719206],[5.6198234,52.4719386],[5.6198234,52.4719566],[5.6198234,52.4719745],[5.6198234,52.4719925],[5.6198234,52.4720105],[5.6198234,52.4720285],[5.6198234,52.4720464],[5.6198234,52.4720644],[5.6198234,52.4720824],[5.6198234,52.4721004],[5.6198234,52.4721183],[5.6198234,52.4721363],[5.6198234,52.4721543],[5.6198234,52.4721723],[5.6198234,52.4721902],[5.6198234,52.4722082],[5.6198234,52.4722262],[5.6198234,52.4722441],[5.6198234,52.4722621],[5.6198234,52.4722801],[5.6198234,52.4722981],[5.6198234,52.472316],[5.6198234,52.472334],[5.6198234,52.472352],[5.6198234,52.47237],[5.6198234,52.4723879],[5.6198234,52.4724059],[5.6198234,52.4724239],[5.6198234,52.4724419],[5.6198234,52.4724598],[5.6198234,52.4724778],[5.6198234,52.4724958],[5.6198234,52.4725137],[5.6198234,52.4725317],[5.6198234,52.4725497],[5.6198234,52.4725677],[5.6198234,52.4725856],[5.6198234,52.4726036],[5.6198234,52.4726216],[5.6198234,52.4726396],[5.6198234,52.4726575],[5.6198234,52.4726755],[5.6198234,52.4726935],[5.6198234,52.4727115],[5.6198234,52.4727294],[5.6198234,52.4727474],[5.6198234,52.4727654],[5.6198234,52.4727833],[5.6198234,52.4728013],[5.6198234,52.4728193],[5.6198234,52.4728373],[5.6198234,52.4728552],[5.6198234,52.4728732],[5.6198234,52.4728912],[5.6198234,52.4729092],[5.6198234,52.4729271],[5.6198234,52.4729451],[5.6198234,52.4729631],[5.6198234,52.4729811],[5.6198234,52.472999],[5.6198234,52.473017],[5.6198234,52.473035],[5.6198234,52.4730529],[5.6198234,52.4730709],[5.6198234,52.4730889],[5.6198234,52.4731069],[5.6198234,52.4731248],[5.6198234,52.4731428],[5.6198234,52.4731608],[5.6198234,52.4731788],[5.6198234,52.4731967],[5.6198234,52.4732147],[5.6198234,52.4732327],[5.6198234,52.4732507],[5.6198234,52.4732686],[5.6198234,52.4732866],[5.6198234,52.4733046],[5.6198234,52.4733225],[5.6198234,52.4733405],[5.6198234,52.4733585],[5.6198234,52.4733765],[5.6198234,52.4733944],[5.6198234,52.4734124],[5.6198234,52.4734304],[5.6198234,52.4734484],[5.6198234,52.4734663],[5.6198234,52.4734843],[5.6198234,52.4735023],[5.6198234,52.4735203],[5.6198234,52.4735382],[5.6198234,52.4735562],[5.6198234,52.4735742],[5.6198234,52.4735921],[5.6198234,52.4736101],[5.6198234,52.4736281],[5.6198234,52.4736461],[5.6198234,52.473664],[5.6198234,52.473682],[5.6198234,52.4737],[5.6198234,52.473718],[5.6198234,52.4737359],[5.6198234,52.4737539],[5.6198234,52.4737719],[5.6198234,52.4737899],[5.6198234,52.4738078],[5.6198234,52.4738258],[5.6198234,52.4738438],[5.6198234,52.4738617],[5.6198234,52.4738797],[5.6198234,52.4738977],[5.6198234,52.4739157],[5.6198234,52.4739336],[5.6198234,52.4739516],[5.6198234,52.4739696],[5.6198234,52.4739876],[5.6198234,52.4740055],[5.6198234,52.4740235],[5.6198234,52.4740415],[5.6198234,52.4740594],[5.6198234,52.4740774],[5.6198234,52.4740954],[5.6198234,52.4741134],[5.6198234,52.4741313],[5.6198234,52.4741493],[5.6198234,52.4741673],[5.6198234,52.4741853],[5.6198234,52.4742032],[5.6198234,52.4742212],[5.6198234,52.4742392],[5.6198234,52.4742572],[5.6198234,52.4742751],[5.6198234,52.4742931],[5.6198234,52.4743111],[5.6198234,52.474329],[5.6198234,52.474347],[5.6198234,52.474365],[5.6198234,52.474383],[5.6198234,52.4744009],[5.6198234,52.4744189],[5.6198234,52.4744369],[5.6198234,52.4744549],[5.6198234,52.4744728],[5.6198234,52.4744908],[5.6198234,52.4745088],[5.6198234,52.4745268],[5.6198234,52.4745447],[5.6198234,52.4745627],[5.6198234,52.4745807],[5.6198234,52.4745986],[5.6198234,52.4746166],[5.6198234,52.4746346],[5.6198234,52.4746526],[5.6198234,52.4746705],[5.6198234,52.4746885],[5.6198234,52.4747065],[5.6198234,52.4747245],[5.6198234,52.4747424],[5.6198234,52.4747604],[5.6198234,52.4747784],[5.6198234,52.4747964],[5.6198234,52.4748143],[5.6198234,52.4748323],[5.6198234,52.4748503],[5.6198234,52.4748682],[5.6198234,52.4748862],[5.6198234,52.4749042],[5.6198234,52.4749222],[5.6198234,52.4749401],[5.6198234,52.4749581],[5.6198234,52.4749761],[5.6198234,52.4749941],[5.6198234,52.475012],[5.6198234,52.47503],[5.6198234,52.475048],[5.6198234,52.475066],[5.6198234,52.4750839],[5.6198234,52.4751019],[5.6198234,52.4751199],[5.6198234,52.4751378],[5.6198234,52.4751558],[5.6198234,52.4751738],[5.6198234,52.4751918],[5.6198234,52.4752097],[5.6198234,52.4752277],[5.6198234,52.4752457],[5.6198234,52.4752637],[5.6198234,52.4752816],[5.6198234,52.4752996],[5.6198234,52.4753176],[5.6198234,52.4753356],[5.6198234,52.4753535],[5.6198234,52.4753715],[5.6198234,52.4753895],[5.6198234,52.4754074],[5.6198234,52.4754254],[5.6198234,52.4754434],[5.6198234,52.4754614],[5.6198234,52.4754793],[5.6198234,52.4754973],[5.6198234,52.4755153],[5.6198234,52.4755333],[5.6198234,52.4755512],[5.6198234,52.4755692],[5.6198234,52.4755872],[5.6198234,52.4756052],[5.6198234,52.4756231],[5.6198234,52.4756411],[5.6198234,52.4756591],[5.6198234,52.475677],[5.6198234,52.475695],[5.6198234,52.475713],[5.6198234,52.475731],[5.6198234,52.4757489],[5.6198234,52.4757669],[5.6198234,52.4757849],[5.6198234,52.4758029],[5.6198234,52.4758208],[5.6198234,52.4758388],[5.6198234,52.4758568],[5.6198234,52.4758747],[5.6198234,52.4758927],[5.6198234,52.4759107],[5.6198234,52.4759287],[5.6198234,52.4759466],[5.6198234,52.4759646],[5.6198234,52.4759826],[5.6198234,52.4760006],[5.6198234,52.4760185],[5.6198234,52.4760365],[5.6198234,52.4760545],[5.6198234,52.4760725],[5.6198234,52.4760904],[5.6198234,52.4761084],[5.6198234,52.4761264],[5.6198234,52.4761443],[5.6198234,52.4761623],[5.6198234,52.4761803],[5.6198234,52.4761983],[5.6198234,52.4762162],[5.6198234,52.4762342],[5.6198234,52.4762522],[5.6198234,52.4762702],[5.6198234,52.4762881],[5.6198234,52.4763061],[5.6198234,52.4763241],[5.6198234,52.4763421],[5.6198234,52.47636],[5.6198234,52.476378],[5.6198234,52.476396],[5.6198234,52.4764139],[5.6198234,52.4764319],[5.6198234,52.4764499],[5.6198234,52.4764679],[5.6198234,52.4764858],[5.6198234,52.4765038],[5.6198234,52.4765218],[5.6198234,52.4765398],[5.6198234,52.4765577],[5.6198234,52.4765757],[5.6198234,52.4765937],[5.6198234,52.4766117],[5.6198234,52.4766296],[5.6198234,52.4766476],[5.6198234,52.4766656],[5.6198234,52.4766835],[5.6198234,52.4767015],[5.6198234,52.4767195],[5.6198234,52.4767375],[5.6198234,52.4767554],[5.6198234,52.4767734],[5.6198234,52.4767914],[5.6198234,52.4768094],[5.6198234,52.4768273],[5.6198234,52.4768453],[5.6198234,52.4768633],[5.6198234,52.4768813],[5.6198234,52.4768992],[5.6198234,52.4769172],[5.6198234,52.4769352],[5.6198234,52.4769531],[5.6198234,52.4769711],[5.6198234,52.4769891],[5.6198234,52.4770071],[5.6198234,52.477025],[5.6198234,52.477043],[5.6198234,52.477061],[5.6198234,52.477079],[5.6198234,52.4770969],[5.6198234,52.4771149],[5.6198234,52.4771329],[5.6198234,52.4771509],[5.6198234,52.4771688],[5.6198234,52.4771868],[5.6198234,52.4772048],[5.6198234,52.4772227],[5.6198234,52.4772407],[5.6198234,52.4772587],[5.6198234,52.4772767],[5.6198234,52.4772946],[5.6198234,52.4773126],[5.6198234,52.4773306],[5.6198234,52.4773486],[5.6198234,52.4773665],[5.6198234,52.4773845],[5.6198234,52.4774025],[5.6198234,52.4774205],[5.6198234,52.4774384],[5.6198234,52.4774564],[5.6198234,52.4774744],[5.6198234,52.4774923],[5.6198234,52.4775103],[5.6198234,52.4775283],[5.6198234,52.4775463],[5.6198234,52.4775642],[5.6198234,52.4775822],[5.6198234,52.4776002],[5.6198234,52.4776182],[5.6198234,52.4776361],[5.6198234,52.4776541],[5.6198234,52.4776721],[5.6198234,52.47769],[5.6198234,52.477708],[5.6198234,52.477726],[5.6198234,52.477744],[5.6198234,52.4777619],[5.6198234,52.4777799],[5.6198234,52.4777979],[5.6198234,52.4778159],[5.6198234,52.4778338],[5.6198234,52.4778518],[5.6198234,52.4778698],[5.6198234,52.4778878],[5.6198234,52.4779057],[5.6198234,52.4779237],[5.6198234,52.4779417],[5.6198234,52.4779596],[5.6198234,52.4779776],[5.6198234,52.4779956],[5.6198234,52.4780136],[5.6198234,52.4780315],[5.6198234,52.4780495],[5.6198234,52.4780675],[5.6198234,52.4780855],[5.6198234,52.4781034],[5.6198234,52.4781214],[5.6198234,52.4781394],[5.6198234,52.4781574],[5.6198234,52.4781753],[5.6198234,52.4781933],[5.6198234,52.4782113],[5.6198234,52.4782292],[5.6198234,52.4782472],[5.6198234,52.4782652],[5.6198234,52.4782832],[5.6198234,52.4783011],[5.6198234,52.4783191],[5.6198234,52.4783371],[5.6198234,52.4783551],[5.6198234,52.478373],[5.6198234,52.478391],[5.6198234,52.478409],[5.6198234,52.478427],[5.6198234,52.4784449],[5.6198234,52.4784629],[5.6198234,52.4784809],[5.6198234,52.4784988],[5.6198234,52.4785168],[5.6198234,52.4785348],[5.6198234,52.4785528],[5.6198234,52.4785707],[5.6198234,52.4785887],[5.6198234,52.4786067],[5.6198234,52.4786247],[5.6198234,52.4786426],[5.6198234,52.4786606],[5.6198234,52.4786786],[5.6198234,52.4786966],[5.6198234,52.4787145],[5.6198234,52.4787325],[5.6198234,52.4787505],[5.6198234,52.4787684],[5.6198234,52.4787864],[5.6198234,52.4788044],[5.6198234,52.4788224],[5.6198234,52.4788403],[5.6198234,52.4788583],[5.6198234,52.4788763],[5.6198234,52.4788943],[5.6198234,52.4789122],[5.6198234,52.4789302],[5.6198234,52.4789482],[5.6198234,52.4789662],[5.6198234,52.4789841],[5.6198234,52.4790021],[5.6198234,52.4790201],[5.6198234,52.479038],[5.6198234,52.479056],[5.6198234,52.479074],[5.6198234,52.479092],[5.6198234,52.4791099],[5.6198234,52.4791279],[5.6198234,52.4791459],[5.6198234,52.4791639],[5.6198234,52.4791818],[5.6198234,52.4791998],[5.6198234,52.4792178],[5.6198234,52.4792357],[5.6198234,52.4792537],[5.6198234,52.4792717],[5.6198234,52.4792897],[5.6198234,52.4793076],[5.6198234,52.4793256],[5.6198234,52.4793436],[5.6198234,52.4793616],[5.6198234,52.4793795],[5.6198234,52.4793975],[5.6198234,52.4794155],[5.6198234,52.4794335],[5.6198234,52.4794514],[5.6198234,52.4794694],[5.6198234,52.4794874],[5.6198234,52.4795053],[5.6198234,52.4795233],[5.6198234,52.4795413],[5.6198234,52.4795593],[5.6198234,52.4795772],[5.6198234,52.4795952],[5.6198234,52.4796132],[5.6198234,52.4796312],[5.6198234,52.4796491],[5.6198234,52.4796671],[5.6198234,52.4796851],[5.6198234,52.4797031],[5.6198234,52.479721],[5.6198234,52.479739],[5.6198234,52.479757],[5.6198234,52.4797749],[5.6198234,52.4797929],[5.6198234,52.4798109],[5.6198234,52.4798289],[5.6198234,52.4798468],[5.6198234,52.4798648],[5.6198234,52.4798828],[5.6198234,52.4799008],[5.6198234,52.4799187],[5.6198234,52.4799367],[5.6198234,52.4799547],[5.6198234,52.4799727],[5.6198234,52.4799906],[5.6198234,52.4800086],[5.6198234,52.4800266],[5.6198234,52.4800445],[5.6198234,52.4800625],[5.6198234,52.4800805],[5.6198234,52.4800985],[5.6198234,52.4801164],[5.6198234,52.4801344],[5.6198234,52.4801524],[5.6198234,52.4801704],[5.6198234,52.4801883],[5.6198234,52.4802063],[5.6198234,52.4802243],[5.6198234,52.4802423],[5.6198234,52.4802602],[5.6198234,52.4802782],[5.6198234,52.4802962],[5.6198234,52.4803141],[5.6198234,52.4803321],[5.6198234,52.4803501],[5.6198234,52.4803681],[5.6198234,52.480386],[5.6198234,52.480404],[5.6198234,52.480422],[5.6198234,52.48044],[5.6198234,52.4804579],[5.6198234,52.4804759],[5.6198234,52.4804939],[5.6198234,52.4805119],[5.6198234,52.4805298],[5.6198234,52.4805478],[5.6198234,52.4805658],[5.6198234,52.4805837],[5.6198234,52.4806017],[5.6198234,52.4806197],[5.6198234,52.4806377],[5.6198234,52.4806556],[5.6198234,52.4806736],[5.6198234,52.4806916],[5.6198234,52.4807096],[5.6198234,52.4807275],[5.6198234,52.4807455],[5.6198234,52.4807635],[5.6198234,52.4807814],[5.6198234,52.4807994],[5.6198234,52.4808174],[5.6198234,52.4808354],[5.6198234,52.4808533],[5.6198234,52.4808713],[5.6198234,52.4808893],[5.6198234,52.4809073],[5.6198234,52.4809252],[5.6198234,52.4809432],[5.6198234,52.4809612],[5.6198234,52.4809792],[5.6198234,52.4809971],[5.6198234,52.4810151],[5.6198234,52.4810331],[5.6198234,52.481051],[5.6198234,52.481069],[5.6198234,52.481087],[5.6198234,52.481105],[5.6198234,52.4811229],[5.6198234,52.4811409],[5.6198234,52.4811589],[5.6198234,52.4811769],[5.6198234,52.4811948],[5.6198234,52.4812128],[5.6198234,52.4812308],[5.6198234,52.4812488],[5.6198234,52.4812667],[5.6198234,52.4812847],[5.6198234,52.4813027],[5.6198234,52.4813206],[5.6198234,52.4813386],[5.6198234,52.4813566],[5.6198234,52.4813746],[5.6198234,52.4813925],[5.6198234,52.4814105],[5.6198234,52.4814285],[5.6198234,52.4814465],[5.6198234,52.4814644],[5.6198234,52.4814824],[5.6198234,52.4815004],[5.6198234,52.4815184],[5.6198234,52.4815363],[5.6198234,52.4815543],[5.6198234,52.4815723],[5.6198234,52.4815902],[5.6198234,52.4816082],[5.6198234,52.4816262],[5.6198234,52.4816442],[5.6198234,52.4816621],[5.6198234,52.4816801],[5.6198234,52.4816981],[5.6198234,52.4817161],[5.6198234,52.481734],[5.6198234,52.481752],[5.6198234,52.48177],[5.6198234,52.481788],[5.6198234,52.4818059],[5.6198234,52.4818239],[5.6198234,52.4818419],[5.6198234,52.4818598],[5.6198234,52.4818778],[5.6198234,52.4818958],[5.6198234,52.4819138],[5.6198234,52.4819317],[5.6198234,52.4819497],[5.6198234,52.4819677],[5.6198234,52.4819857],[5.6198234,52.4820036],[5.6198234,52.4820216],[5.6198234,52.4820396],[5.6198234,52.4820576],[5.6198234,52.4820755],[5.6198234,52.4820935],[5.6198234,52.4821115],[5.6198234,52.4821294],[5.6198234,52.4821474],[5.6198234,52.4821654],[5.6198234,52.4821834],[5.6198234,52.4822013],[5.6198234,52.4822193],[5.6198234,52.4822373],[5.6198234,52.4822553],[5.6198234,52.4822732],[5.6198234,52.4822912],[5.6198234,52.4823092],[5.6198234,52.4823271],[5.6198234,52.4823451],[5.6198234,52.4823631],[5.6198234,52.4823811],[5.6198234,52.482399],[5.6198234,52.482417],[5.6198234,52.482435],[5.6198234,52.482453],[5.6198234,52.4824709],[5.6198234,52.4824889],[5.6198234,52.4825069],[5.6198234,52.4825249],[5.6198234,52.4825428],[5.6198234,52.4825608],[5.6198234,52.4825788],[5.6198234,52.4825967],[5.6198234,52.4826147],[5.6198234,52.4826327],[5.6198234,52.4826507],[5.6198234,52.4826686],[5.6198234,52.4826866],[5.6198234,52.4827046],[5.6198234,52.4827226],[5.6198234,52.4827405],[5.6198234,52.4827585],[5.6198234,52.4827765],[5.6198234,52.4827945],[5.6198234,52.4828124],[5.6198234,52.4828304],[5.6198234,52.4828484],[5.6198234,52.4828663],[5.6198234,52.4828843],[5.6198234,52.4829023],[5.6198234,52.4829203],[5.6198234,52.4829382],[5.6198234,52.4829562],[5.6198234,52.4829742],[5.6198234,52.4829922],[5.6198234,52.4830101],[5.6198234,52.4830281],[5.6198234,52.4830461],[5.6198234,52.4830641],[5.6198234,52.483082],[5.6198234,52.4831],[5.6198234,52.483118],[5.6198234,52.4831359],[5.6198234,52.4831539],[5.6198234,52.4831719],[5.6198234,52.4831899],[5.6198234,52.4832078],[5.6198234,52.4832258],[5.6198234,52.4832438],[5.6198234,52.4832618],[5.6198234,52.4832797],[5.6198234,52.4832977],[5.6198234,52.4833157],[5.6198234,52.4833337],[5.6198234,52.4833516],[5.6198234,52.4833696],[5.6198234,52.4833876],[5.6198234,52.4834055],[5.6198234,52.4834235],[5.6198234,52.4834415],[5.6198234,52.4834595],[5.6198234,52.4834774],[5.6198234,52.4834954],[5.6198234,52.4835134],[5.6198234,52.4835314],[5.6198234,52.4835493],[5.6198234,52.4835673],[5.6198234,52.4835853],[5.6198234,52.4836032],[5.6198234,52.4836212],[5.6198234,52.4836392],[5.6198234,52.4836572],[5.6198234,52.4836751],[5.6198234,52.4836931],[5.6198234,52.4837111],[5.6198234,52.4837291],[5.6198234,52.483747],[5.6198234,52.483765],[5.6198234,52.483783],[5.6198234,52.483801],[5.6198234,52.4838189],[5.6198234,52.4838369],[5.6198234,52.4838549],[5.6198234,52.4838728],[5.6198234,52.4838908],[5.6198234,52.4839088],[5.6198234,52.4839268],[5.6198234,52.4839447],[5.6198234,52.4839627],[5.6198234,52.4839807],[5.6198234,52.4839987],[5.6198234,52.4840166],[5.6198234,52.4840346],[5.6198234,52.4840526],[5.6198234,52.4840706],[5.6198234,52.4840885],[5.6198234,52.4841065],[5.6198234,52.4841245],[5.6198234,52.4841424],[5.6198234,52.4841604],[5.6198234,52.4841784],[5.6198234,52.4841964],[5.6198234,52.4842143],[5.6198234,52.4842323],[5.6198234,52.4842503],[5.6198234,52.4842683],[5.6198234,52.4842862],[5.6198234,52.4843042],[5.6198234,52.4843222],[5.6198234,52.4843402],[5.6198234,52.4843581],[5.6198234,52.4843761],[5.6198234,52.4843941],[5.6198234,52.484412],[5.6198234,52.48443],[5.6198234,52.484448],[5.6198234,52.484466],[5.6198234,52.4844839],[5.6198234,52.4845019],[5.6198234,52.4845199],[5.6198234,52.4845379],[5.6198234,52.4845558],[5.6198234,52.4845738],[5.6198234,52.4845918],[5.6198234,52.4846098],[5.6198234,52.4846277],[5.6198234,52.4846457],[5.6198234,52.4846637],[5.6198234,52.4846816],[5.6198234,52.4846996],[5.6198234,52.4847176],[5.6198234,52.4847356],[5.6198234,52.4847535],[5.6198234,52.4847715],[5.6198234,52.4847895],[5.6198234,52.4848075],[5.6198234,52.4848254],[5.6198234,52.4848434],[5.6198234,52.4848614],[5.6198234,52.4848793],[5.6198234,52.4848973],[5.6198234,52.4849153],[5.6198234,52.4849333],[5.6198234,52.4849512],[5.6198234,52.4849692],[5.6198234,52.4849872],[5.6198234,52.4850052],[5.6198234,52.4850231],[5.6198234,52.4850411],[5.6198234,52.4850591],[5.6198234,52.4850771],[5.6198234,52.485095],[5.6198234,52.485113],[5.6198234,52.485131],[5.6198234,52.4851489],[5.6198234,52.4851669],[5.6198234,52.4851849],[5.6198234,52.4852029],[5.6198234,52.4852208],[5.6198234,52.4852388],[5.6198234,52.4852568],[5.6198234,52.4852748],[5.6198234,52.4852927],[5.6198234,52.4853107],[5.6198234,52.4853287],[5.6198234,52.4853467],[5.6198234,52.4853646],[5.6198234,52.4853826],[5.6198234,52.4854006],[5.6198234,52.4854185],[5.6198234,52.4854365],[5.6198234,52.4854545],[5.6198234,52.4854725],[5.6198234,52.4854904],[5.6198234,52.4855084],[5.6198234,52.4855264],[5.6198234,52.4855444],[5.6198234,52.4855623],[5.6198234,52.4855803],[5.6198234,52.4855983],[5.6198234,52.4856163],[5.6198234,52.4856342],[5.6198234,52.4856522],[5.6198234,52.4856702],[5.6198234,52.4856881],[5.6198234,52.4857061],[5.6198234,52.4857241],[5.6198234,52.4857421],[5.6198234,52.48576],[5.6198234,52.485778],[5.6198234,52.485796],[5.6198234,52.485814],[5.6198234,52.4858319],[5.6198234,52.4858499],[5.6198234,52.4858679],[5.6198234,52.4858859],[5.6198234,52.4859038],[5.6198234,52.4859218],[5.6198234,52.4859398],[5.6198234,52.4859577],[5.6198234,52.4859757],[5.6198234,52.4859937],[5.6198234,52.4860117],[5.6198234,52.4860296],[5.6198234,52.4860476],[5.6198234,52.4860656],[5.6198234,52.4860836],[5.6198234,52.4861015],[5.6198234,52.4861195],[5.6198234,52.4861375],[5.6198234,52.4861554],[5.6198234,52.4861734],[5.6198234,52.4861914],[5.6198234,52.4862094],[5.6198234,52.4862273],[5.6198234,52.4862453],[5.6198234,52.4862633],[5.6198234,52.4862813],[5.6198234,52.4862992],[5.6198234,52.4863172],[5.6198234,52.4863352],[5.6198234,52.4863532],[5.6198234,52.4863711],[5.6198234,52.4863891],[5.6198234,52.4864071],[5.6198234,52.486425],[5.6198234,52.486443],[5.6198234,52.486461],[5.6198234,52.486479],[5.6198234,52.4864969],[5.6198234,52.4865149],[5.6198234,52.4865329],[5.6198234,52.4865509],[5.6198233,52.4865688],[5.6198233,52.4865868],[5.6198233,52.4866048],[5.6198233,52.4866228],[5.6198233,52.4866407],[5.6198233,52.4866587],[5.6198233,52.4866767],[5.6198233,52.4866946],[5.6198233,52.4867126],[5.6198233,52.4867306],[5.6198233,52.4867486],[5.6198233,52.4867665],[5.6198233,52.4867845],[5.6198233,52.4868025],[5.6198233,52.4868205],[5.6198233,52.4868384],[5.6198233,52.4868564],[5.6198233,52.4868744],[5.6198233,52.4868924],[5.6198233,52.4869103],[5.6198233,52.4869283],[5.6198233,52.4869463],[5.6198233,52.4869642],[5.6198233,52.4869822],[5.6198233,52.4870002],[5.6198233,52.4870182],[5.6198233,52.4870361],[5.6198233,52.4870541],[5.6198233,52.4870721],[5.6198233,52.4870901],[5.6198233,52.487108],[5.6198233,52.487126],[5.6198233,52.487144],[5.6198233,52.487162],[5.6198233,52.4871799],[5.6198233,52.4871979],[5.6198233,52.4872159],[5.6198233,52.4872338],[5.6198233,52.4872518],[5.6198233,52.4872698],[5.6198233,52.4872878],[5.6198233,52.4873057],[5.6198233,52.4873237],[5.6198233,52.4873417],[5.6198233,52.4873597],[5.6198233,52.4873776],[5.6198233,52.4873956],[5.6198233,52.4874136],[5.6198233,52.4874315],[5.6198233,52.4874495],[5.6198233,52.4874675],[5.6198233,52.4874855],[5.6198233,52.4875034],[5.6198233,52.4875214],[5.6198233,52.4875394],[5.6198233,52.4875574],[5.6198233,52.4875753],[5.6198233,52.4875933],[5.6198233,52.4876113],[5.6198233,52.4876293],[5.6198233,52.4876472],[5.6198233,52.4876652],[5.6198233,52.4876832],[5.6198233,52.4877011],[5.6198233,52.4877191],[5.6198233,52.4877371],[5.6198233,52.4877551],[5.6198233,52.487773],[5.6198233,52.487791],[5.6198233,52.487809],[5.6198233,52.487827],[5.6198233,52.4878449],[5.6198233,52.4878629],[5.6198233,52.4878809],[5.6198233,52.4878989],[5.6198233,52.4879168],[5.6198233,52.4879348],[5.6198233,52.4879528],[5.6198233,52.4879707],[5.6198233,52.4879887],[5.6198233,52.4880067],[5.6198233,52.4880247],[5.6198233,52.4880426],[5.6198233,52.4880606],[5.6198233,52.4880786],[5.6198233,52.4880966],[5.6198233,52.4881145],[5.6198233,52.4881325],[5.6198233,52.4881505],[5.6198233,52.4881685],[5.6198233,52.4881864],[5.6198233,52.4882044],[5.6198233,52.4882224],[5.6198233,52.4882403],[5.6198233,52.4882583],[5.6198233,52.4882763],[5.6198233,52.4882943],[5.6198233,52.4883122],[5.6198233,52.4883302],[5.6198233,52.4883482],[5.6198233,52.4883662],[5.6198233,52.4883841],[5.6198233,52.4884021],[5.6198233,52.4884201],[5.6198233,52.488438],[5.6198233,52.488456],[5.6198233,52.488474],[5.6198233,52.488492],[5.6198233,52.4885099],[5.6198233,52.4885279],[5.6198233,52.4885459],[5.6198233,52.4885639],[5.6198233,52.4885818],[5.6198233,52.4885998],[5.6198233,52.4886178],[5.6198233,52.4886358],[5.6198233,52.4886537],[5.6198233,52.4886717],[5.6198233,52.4886897],[5.6198233,52.4887076],[5.6198233,52.4887256],[5.6198233,52.4887436],[5.6198233,52.4887616],[5.6198233,52.4887795],[5.6198233,52.4887975],[5.6198233,52.4888155],[5.6198233,52.4888335],[5.6198233,52.4888514],[5.6198233,52.4888694],[5.6198233,52.4888874],[5.6198233,52.4889054],[5.6198233,52.4889233],[5.6198233,52.4889413],[5.6198233,52.4889593],[5.6198233,52.4889772],[5.6198233,52.4889952],[5.6198233,52.4890132],[5.6198233,52.4890312],[5.6198233,52.4890491],[5.6198233,52.4890671],[5.6198233,52.4890851],[5.6198233,52.4891031],[5.6198233,52.489121],[5.6198233,52.489139],[5.6198233,52.489157],[5.6198233,52.489175],[5.6198233,52.4891929],[5.6198233,52.4892109],[5.6198233,52.4892289],[5.6198233,52.4892468],[5.6198233,52.4892648],[5.6198233,52.4892828],[5.6198233,52.4893008],[5.6198233,52.4893187],[5.6198233,52.4893367],[5.6198233,52.4893547],[5.6198233,52.4893727],[5.6198233,52.4893906],[5.6198233,52.4894086],[5.6198233,52.4894266],[5.6198233,52.4894446],[5.6198233,52.4894625],[5.6198233,52.4894805],[5.6198233,52.4894985],[5.6198233,52.4895164],[5.6198233,52.4895344],[5.6198233,52.4895524],[5.6198233,52.4895704],[5.6198233,52.4895883],[5.6198233,52.4896063],[5.6198233,52.4896243],[5.6198233,52.4896423],[5.6198233,52.4896602],[5.6198233,52.4896782],[5.6198233,52.4896962],[5.6198233,52.4897141],[5.6198233,52.4897321],[5.6198233,52.4897501],[5.6198233,52.4897681],[5.6198233,52.489786],[5.6198233,52.489804],[5.6198233,52.489822],[5.6198233,52.48984],[5.6198233,52.4898579],[5.6198233,52.4898759],[5.6198233,52.4898939],[5.6198233,52.4899119],[5.6198233,52.4899298],[5.6198233,52.4899478],[5.6198233,52.4899658],[5.6198233,52.4899837],[5.6198233,52.4900017],[5.6198233,52.4900197],[5.6198233,52.4900377],[5.6198233,52.4900556],[5.6198233,52.4900736],[5.6198233,52.4900916],[5.6198233,52.4901096],[5.6198233,52.4901275],[5.6198233,52.4901455],[5.6198233,52.4901635],[5.6198233,52.4901815],[5.6198233,52.4901994],[5.6198233,52.4902174],[5.6198233,52.4902354],[5.6198233,52.4902533],[5.6198233,52.4902713],[5.6198233,52.4902893],[5.6198233,52.4903073],[5.6198233,52.4903252],[5.6198233,52.4903432],[5.6198233,52.4903612],[5.6198233,52.4903792],[5.6198233,52.4903971],[5.6198233,52.4904151],[5.6198233,52.4904331],[5.6198233,52.4904511],[5.6198233,52.490469],[5.6198233,52.490487],[5.6198233,52.490505],[5.6198233,52.4905229],[5.6198233,52.4905409],[5.6198233,52.4905589],[5.6198233,52.4905769],[5.6198233,52.4905948],[5.6198233,52.4906128],[5.6198233,52.4906308],[5.6198233,52.4906488],[5.6198233,52.4906667],[5.6198233,52.4906847],[5.6198233,52.4907027],[5.6198233,52.4907206],[5.6198233,52.4907386],[5.6198233,52.4907566],[5.6198233,52.4907746],[5.6198233,52.4907925],[5.6198233,52.4908105],[5.6198233,52.4908285],[5.6198233,52.4908465],[5.6198233,52.4908644],[5.6198233,52.4908824],[5.6198233,52.4909004],[5.6198233,52.4909184],[5.6198233,52.4909363],[5.6198233,52.4909543],[5.6198233,52.4909723],[5.6198233,52.4909902],[5.6198233,52.4910082],[5.6198233,52.4910262],[5.6198233,52.4910442],[5.6198233,52.4910621],[5.6198233,52.4910801],[5.6198233,52.4910981],[5.6198233,52.4911161],[5.6198233,52.491134],[5.6198233,52.491152],[5.6198233,52.49117],[5.6198233,52.491188],[5.6198233,52.4912059],[5.6198233,52.4912239],[5.6198233,52.4912419],[5.6198233,52.4912598],[5.6198233,52.4912778],[5.6198233,52.4912958],[5.6198233,52.4913138],[5.6198233,52.4913317],[5.6198233,52.4913497],[5.6198233,52.4913677],[5.6198233,52.4913857],[5.6198233,52.4914036],[5.6198233,52.4914216],[5.6198233,52.4914396],[5.6198233,52.4914576],[5.6198233,52.4914755],[5.6198233,52.4914935],[5.6198233,52.4915115],[5.6198233,52.4915294],[5.6198233,52.4915474],[5.6198233,52.4915654],[5.6198233,52.4915834],[5.6198233,52.4916013],[5.6198233,52.4916193],[5.6198233,52.4916373],[5.6198233,52.4916553],[5.6198233,52.4916732],[5.6198233,52.4916912],[5.6198233,52.4917092],[5.6198233,52.4917271],[5.6198233,52.4917451],[5.6198233,52.4917631],[5.6198233,52.4917811],[5.6198233,52.491799],[5.6198233,52.491817],[5.6198233,52.491835],[5.6198233,52.491853],[5.6198233,52.4918709],[5.6198233,52.4918889],[5.6198233,52.4919069],[5.6198233,52.4919249],[5.6198233,52.4919428],[5.6198233,52.4919608],[5.6198233,52.4919788],[5.6198233,52.4919967],[5.6198233,52.4920147],[5.6198233,52.4920327],[5.6198233,52.4920507],[5.6198233,52.4920686],[5.6198233,52.4920866],[5.6198233,52.4921046]]}},{"type":"Feature","properties":{"natural":"tree_row","leaf_type":"broadleaved","height":18},"geometry":{"type":"LineString","coordinates":[[5.6200734,52.4941687],[5.620104,52.4941808],[5.6201415,52.4941932],[5.6201805,52.4942037],[5.6202208,52.4942121],[5.6202621,52.4942185],[5.6203041,52.4942228],[5.6203466,52.4942249],[5.6203831,52.494225],[5.6204125,52.494225],[5.620442,52.494225],[5.6204714,52.494225],[5.6205009,52.494225],[5.6205303,52.494225],[5.6205598,52.494225],[5.6205892,52.494225],[5.6206187,52.494225],[5.6206481,52.494225],[5.6206776,52.494225],[5.620707,52.494225],[5.6207365,52.494225],[5.6207659,52.494225],[5.6207953,52.494225],[5.6208248,52.494225],[5.6208542,52.494225],[5.6208837,52.494225],[5.6209131,52.494225],[5.6209426,52.494225],[5.620972,52.494225],[5.6210015,52.494225],[5.6210309,52.494225],[5.6210604,52.494225],[5.6210898,52.494225],[5.6211193,52.494225],[5.6211487,52.494225],[5.6211782,52.494225],[5.6212076,52.494225],[5.621237,52.494225],[5.6212665,52.494225],[5.6212959,52.494225],[5.6213254,52.494225],[5.6213548,52.494225],[5.6213843,52.494225],[5.6214137,52.494225],[5.6214432,52.494225],[5.6214726,52.494225],[5.6215021,52.494225],[5.6215315,52.494225],[5.621561,52.494225],[5.6215904,52.494225],[5.6216199,52.494225],[5.6216493,52.494225],[5.6216787,52.494225],[5.6217082,52.494225],[5.6217376,52.494225],[5.6217671,52.494225],[5.6217965,52.494225],[5.621826,52.494225],[5.6218554,52.494225],[5.6218849,52.494225],[5.6219143,52.494225],[5.6219438,52.494225],[5.6219732,52.494225],[5.6220027,52.494225],[5.6220321,52.494225],[5.6220616,52.494225],[5.622091,52.494225],[5.6221205,52.494225],[5.6221499,52.494225],[5.6221793,52.494225],[5.6222088,52.494225],[5.6222382,52.494225],[5.6222677,52.494225],[5.6222971,52.494225],[5.6223266,52.494225],[5.622356,52.494225],[5.6223855,52.494225],[5.6224149,52.494225],[5.6224444,52.494225],[5.6224738,52.494225],[5.6225033,52.494225],[5.6225327,52.494225],[5.6225622,52.494225],[5.6225916,52.494225],[5.622621,52.494225],[5.6226505,52.494225],[5.6226799,52.494225],[5.6227094,52.494225],[5.6227388,52.494225],[5.6227683,52.494225],[5.6227977,52.494225],[5.6228272,52.494225],[5.6228566,52.494225],[5.6228861,52.494225],[5.6229155,52.494225],[5.622945,52.494225],[5.6229744,52.494225],[5.6230039,52.494225],[5.6230333,52.494225],[5.6230627,52.494225],[5.6230922,52.494225],[5.6231216,52.494225],[5.6231511,52.494225],[5.6231805,52.494225],[5.62321,52.494225],[5.6232394,52.494225],[5.6232689,52.494225],[5.6232983,52.494225],[5.6233278,52.494225],[5.6233572,52.494225],[5.6233867,52.4942249],[5.6234161,52.4942249],[5.6234456,52.4942249],[5.623475,52.4942249],[5.6235044,52.4942249],[5.6235339,52.4942249],[5.6235633,52.4942249],[5.6235928,52.4942249],[5.6236222,52.4942249],[5.6236517,52.4942249],[5.6236811,52.4942249],[5.6237106,52.4942249],[5.62374,52.4942249],[5.6237695,52.4942249],[5.6237989,52.4942249],[5.6238284,52.4942249],[5.6238578,52.4942249],[5.6238873,52.4942249],[5.6239167,52.4942249],[5.6239462,52.4942249],[5.6239756,52.4942249],[5.624005,52.4942249],[5.6240345,52.4942249],[5.6240639,52.4942249],[5.6240934,52.4942249],[5.6241228,52.4942249],[5.6241523,52.4942249],[5.6241817,52.4942249],[5.6242112,52.4942249],[5.6242406,52.4942249],[5.6242701,52.4942249],[5.6242995,52.4942249],[5.624329,52.4942249],[5.6243584,52.4942249],[5.6243879,52.4942249],[5.6244173,52.4942249],[5.6244467,52.4942249],[5.6244762,52.4942249],[5.6245056,52.4942249],[5.6245351,52.4942249],[5.6245645,52.4942249],[5.624594,52.4942249],[5.6246234,52.4942249],[5.6246529,52.4942249],[5.6246823,52.4942249],[5.6247118,52.4942249],[5.6247412,52.4942249],[5.6247707,52.4942249],[5.6248001,52.4942249],[5.6248296,52.4942249],[5.624859,52.4942249],[5.6248884,52.4942249],[5.6249179,52.4942249],[5.6249473,52.4942249],[5.6249768,52.4942249],[5.6250062,52.4942249],[5.6250357,52.4942249],[5.6250651,52.4942249],[5.6250946,52.4942249],[5.625124,52.4942249],[5.6251535,52.4942249],[5.6251829,52.4942249],[5.6252124,52.4942249],[5.6252418,52.4942249],[5.6252713,52.4942249],[5.6253007,52.4942249],[5.6253302,52.4942249],[5.6253596,52.4942249],[5.625389,52.4942249],[5.6254185,52.4942249],[5.6254479,52.4942249],[5.6254774,52.4942249],[5.6255068,52.4942249],[5.6255363,52.4942249],[5.6255657,52.4942249],[5.6255952,52.4942249],[5.6256246,52.4942249],[5.6256541,52.4942249],[5.6256835,52.4942249],[5.625713,52.4942249],[5.6257424,52.4942249],[5.6257719,52.4942249],[5.6258013,52.4942249],[5.6258307,52.4942249],[5.6258602,52.4942249],[5.6258896,52.4942249],[5.6259191,52.4942249],[5.6259485,52.4942248],[5.625978,52.4942248],[5.6260074,52.4942248],[5.6260369,52.4942248],[5.6260663,52.4942248],[5.6260958,52.4942248],[5.6261252,52.4942248],[5.6261547,52.4942248],[5.6261841,52.4942248],[5.6262136,52.4942248],[5.626243,52.4942248],[5.6262724,52.4942248],[5.6263019,52.4942248],[5.6263313,52.4942248],[5.6263608,52.4942248],[5.6263902,52.4942248],[5.6264197,52.4942248],[5.6264491,52.4942248],[5.6264786,52.4942248],[5.626508,52.4942248],[5.6265375,52.4942248],[5.6265669,52.4942248],[5.6265964,52.4942248],[5.6266258,52.4942248],[5.6266553,52.4942248],[5.6266847,52.4942248],[5.6267141,52.4942248],[5.6267436,52.4942248],[5.626773,52.4942248],[5.6268025,52.4942248],[5.6268319,52.4942248],[5.6268614,52.4942248],[5.6268908,52.4942248],[5.6269203,52.4942248],[5.6269497,52.4942248],[5.6269792,52.4942248],[5.6270086,52.4942248],[5.6270381,52.4942248],[5.6270675,52.4942248],[5.627097,52.4942248],[5.6271264,52.4942248],[5.6271559,52.4942248],[5.6271853,52.4942248],[5.6272147,52.4942248],[5.6272442,52.4942248],[5.6272736,52.4942248],[5.6273031,52.4942248],[5.6273325,52.4942248],[5.627362,52.4942248],[5.6273914,52.4942248],[5.6274209,52.4942248],[5.6274503,52.4942248],[5.6274798,52.4942248],[5.6275092,52.4942248],[5.6275387,52.4942248],[5.6275681,52.4942248],[5.6275976,52.4942248],[5.627627,52.4942248],[5.6276564,52.4942248],[5.6276859,52.4942247],[5.6277153,52.4942247],[5.6277448,52.4942247],[5.6277742,52.4942247],[5.6278037,52.4942247],[5.6278331,52.4942247],[5.6278626,52.4942247],[5.627892,52.4942247],[5.6279215,52.4942247],[5.6279509,52.4942247],[5.6279804,52.4942247],[5.6280098,52.4942247],[5.6280393,52.4942247],[5.6280687,52.4942247],[5.6280981,52.4942247],[5.6281276,52.4942247],[5.628157,52.4942247],[5.6281865,52.4942247],[5.6282159,52.4942247],[5.6282454,52.4942247],[5.6282748,52.4942247],[5.6283043,52.4942247],[5.6283337,52.4942247],[5.6283632,52.4942247],[5.6283926,52.4942247],[5.6284221,52.4942247],[5.6284515,52.4942247],[5.628481,52.4942247],[5.6285104,52.4942247],[5.6285398,52.4942247],[5.6285693,52.4942247],[5.6285987,52.4942247],[5.6286282,52.4942247],[5.6286576,52.4942247],[5.6286871,52.4942247],[5.6287165,52.4942247],[5.628746,52.4942247],[5.6287754,52.4942247],[5.6288049,52.4942247],[5.6288343,52.4942247],[5.6288638,52.4942247],[5.6288932,52.4942247],[5.6289227,52.4942247],[5.6289521,52.4942247],[5.6289816,52.4942247],[5.629011,52.4942247],[5.6290404,52.4942247],[5.6290699,52.4942247],[5.6290993,52.4942246],[5.6291288,52.4942246],[5.6291582,52.4942246],[5.6291877,52.4942246],[5.6292171,52.4942246],[5.6292466,52.4942246],[5.629276,52.4942246],[5.6293055,52.4942246],[5.6293349,52.4942246],[5.6293644,52.4942246],[5.6293938,52.4942246],[5.6294233,52.4942246],[5.6294527,52.4942246],[5.6294821,52.4942246],[5.6295116,52.4942246],[5.629541,52.4942246],[5.6295705,52.4942246],[5.6295999,52.4942246],[5.6296294,52.4942246],[5.6296588,52.4942246],[5.6296883,52.4942246],[5.6297177,52.4942246],[5.6297472,52.4942246],[5.6297766,52.4942246],[5.6298061,52.4942246],[5.6298355,52.4942246],[5.629865,52.4942246],[5.6298944,52.4942246],[5.6299238,52.4942246],[5.6299533,52.4942246],[5.6299827,52.4942246],[5.6300122,52.4942246],[5.6300416,52.4942246],[5.6300711,52.4942246],[5.6301005,52.4942246],[5.63013,52.4942246],[5.6301594,52.4942246],[5.6301889,52.4942246],[5.6302183,52.4942246],[5.6302478,52.4942246],[5.6302772,52.4942246],[5.6303067,52.4942245],[5.6303361,52.4942245],[5.6303656,52.4942245],[5.630395,52.4942245],[5.6304244,52.4942245],[5.6304539,52.4942245],[5.6304833,52.4942245],[5.6305128,52.4942245],[5.6305422,52.4942245],[5.6305717,52.4942245],[5.6306011,52.4942245],[5.6306306,52.4942245],[5.63066,52.4942245],[5.6306895,52.4942245],[5.6307189,52.4942245],[5.6307484,52.4942245],[5.6307778,52.4942245],[5.6308073,52.4942245],[5.6308367,52.4942245],[5.6308661,52.4942245],[5.6308956,52.4942245],[5.630925,52.4942245],[5.6309545,52.4942245],[5.6309839,52.4942245],[5.6310134,52.4942245],[5.6310428,52.4942245],[5.6310723,52.4942245],[5.6311017,52.4942245],[5.6311312,52.4942245],[5.6311606,52.4942245],[5.6311901,52.4942245],[5.6312195,52.4942245],[5.631249,52.4942245],[5.6312784,52.4942245],[5.6313078,52.4942245],[5.6313373,52.4942245],[5.6313667,52.4942245],[5.6313962,52.4942244],[5.6314256,52.4942244],[5.6314551,52.4942244],[5.6314845,52.4942244],[5.631514,52.4942244],[5.6315434,52.4942244],[5.6315729,52.4942244],[5.6316023,52.4942244],[5.6316318,52.4942244],[5.6316612,52.4942244],[5.6316907,52.4942244],[5.6317201,52.4942244],[5.6317495,52.4942244],[5.631779,52.4942244],[5.6318084,52.4942244],[5.6318379,52.4942244],[5.6318673,52.4942244],[5.6318968,52.4942244],[5.6319262,52.4942244],[5.6319557,52.4942244],[5.6319851,52.4942244],[5.6320146,52.4942244],[5.632044,52.4942244],[5.6320735,52.4942244],[5.6321029,52.4942244],[5.6321324,52.4942244],[5.6321618,52.4942244],[5.6321913,52.4942244],[5.6322207,52.4942244],[5.6322501,52.4942244],[5.6322796,52.4942244],[5.632309,52.4942244],[5.6323385,52.4942244],[5.6323679,52.4942244],[5.6323974,52.4942243],[5.6324268,52.4942243],[5.6324563,52.4942243],[5.6324857,52.4942243],[5.6325152,52.4942243],[5.6325446,52.4942243],[5.6325741,52.4942243],[5.6326035,52.4942243],[5.632633,52.4942243],[5.6326624,52.4942243],[5.6326918,52.4942243],[5.6327213,52.4942243],[5.6327507,52.4942243],[5.6327802,52.4942243],[5.6328096,52.4942243],[5.6328391,52.4942243],[5.6328685,52.4942243],[5.632898,52.4942243],[5.6329274,52.4942243],[5.6329569,52.4942243],[5.6329863,52.4942243],[5.6330158,52.4942243],[5.6330452,52.4942243],[5.6330747,52.4942243],[5.6331041,52.4942243],[5.6331335,52.4942243],[5.633163,52.4942243],[5.6331924,52.4942243],[5.6332219,52.4942243],[5.6332513,52.4942243],[5.6332808,52.4942243],[5.6333102,52.4942242],[5.6333397,52.4942242],[5.6333691,52.4942242],[5.6333986,52.4942242],[5.633428,52.4942242],[5.6334575,52.4942242],[5.6334869,52.4942242],[5.6335164,52.4942242],[5.6335458,52.4942242],[5.6335752,52.4942242],[5.6336047,52.4942242],[5.6336341,52.4942242],[5.6336636,52.4942242],[5.633693,52.4942242],[5.6337225,52.4942242],[5.6337519,52.4942242],[5.6337814,52.4942242],[5.6338108,52.4942242],[5.6338403,52.4942242],[5.6338697,52.4942242],[5.6338992,52.4942242],[5.6339286,52.4942242],[5.6339581,52.4942242],[5.6339875,52.4942242],[5.634017,52.4942242],[5.6340464,52.4942242],[5.6340758,52.4942242],[5.6341053,52.4942242],[5.6341347,52.4942242],[5.6341642,52.4942242],[5.6341936,52.4942241],[5.6342231,52.4942241],[5.6342525,52.4942241],[5.634282,52.4942241],[5.6343114,52.4942241],[5.6343409,52.4942241],[5.6343703,52.4942241],[5.6343998,52.4942241],[5.6344292,52.4942241],[5.6344587,52.4942241],[5.6344881,52.4942241],[5.6345175,52.4942241],[5.634547,52.4942241],[5.6345764,52.4942241],[5.6346059,52.4942241],[5.6346353,52.4942241],[5.6346648,52.4942241],[5.6346942,52.4942241],[5.6347237,52.4942241],[5.6347531,52.4942241],[5.6347826,52.4942241],[5.634812,52.4942241],[5.6348415,52.4942241],[5.6348709,52.4942241],[5.6349004,52.4942241],[5.6349298,52.4942241],[5.6349592,52.4942241],[5.6349887,52.494224],[5.6350181,52.494224],[5.6350476,52.494224],[5.635077,52.494224],[5.6351065,52.494224],[5.6351359,52.494224],[5.6351654,52.494224],[5.6351948,52.494224],[5.6352243,52.494224],[5.6352537,52.494224],[5.6352832,52.494224],[5.6353126,52.494224],[5.6353421,52.494224],[5.6353715,52.494224],[5.635401,52.494224],[5.6354304,52.494224],[5.6354598,52.494224],[5.6354893,52.494224],[5.6355187,52.494224],[5.6355482,52.494224],[5.6355776,52.494224],[5.6356071,52.494224],[5.6356365,52.494224],[5.635666,52.494224],[5.6356954,52.494224],[5.6357249,52.494224],[5.6357543,52.4942239],[5.6357838,52.4942239],[5.6358132,52.4942239],[5.6358427,52.4942239],[5.6358721,52.4942239],[5.6359015,52.4942239],[5.635931,52.4942239],[5.6359604,52.4942239],[5.6359899,52.4942239],[5.6360193,52.4942239],[5.6360488,52.4942239],[5.6360782,52.4942239],[5.6361077,52.4942239],[5.6361371,52.4942239],[5.6361666,52.4942239],[5.636196,52.4942239],[5.6362255,52.4942239],[5.6362549,52.4942239],[5.6362844,52.4942239],[5.6363138,52.4942239],[5.6363432,52.4942239],[5.6363727,52.4942239],[5.6364021,52.4942239],[5.6364316,52.4942239],[5.636461,52.4942239],[5.6364905,52.4942238],[5.6365199,52.4942238],[5.6365494,52.4942238],[5.6365788,52.4942238],[5.6366083,52.4942238],[5.6366377,52.4942238],[5.6366672,52.4942238],[5.6366966,52.4942238],[5.6367261,52.4942238],[5.6367555,52.4942238],[5.6367849,52.4942238],[5.6368144,52.4942238],[5.6368438,52.4942238],[5.6368733,52.4942238],[5.6369027,52.4942238],[5.6369322,52.4942238],[5.6369616,52.4942238],[5.6369911,52.4942238],[5.6370205,52.4942238],[5.63705,52.4942238],[5.6370794,52.4942238],[5.6371089,52.4942238],[5.6371383,52.4942238],[5.6371678,52.4942238],[5.6371972,52.4942237],[5.6372267,52.4942237],[5.6372561,52.4942237],[5.6372855,52.4942237],[5.637315,52.4942237],[5.6373444,52.4942237],[5.6373739,52.4942237],[5.6374033,52.4942237],[5.6374328,52.4942237],[5.6374622,52.4942237],[5.6374917,52.4942237],[5.6375211,52.4942237],[5.6375506,52.4942237],[5.63758,52.4942237],[5.6376095,52.4942237],[5.6376389,52.4942237],[5.6376684,52.4942237],[5.6376978,52.4942237],[5.6377272,52.4942237],[5.6377567,52.4942237],[5.6377861,52.4942237],[5.6378156,52.4942237],[5.637845,52.4942237],[5.6378745,52.4942236],[5.6379039,52.4942236],[5.6379334,52.4942236],[5.6379628,52.4942236],[5.6379923,52.4942236],[5.6380217,52.4942236],[5.6380512,52.4942236],[5.6380806,52.4942236],[5.6381101,52.4942236],[5.6381395,52.4942236],[5.6381689,52.4942236],[5.6381984,52.4942236],[5.6382278,52.4942236],[5.6382573,52.4942236],[5.6382867,52.4942236],[5.6383162,52.4942236],[5.6383456,52.4942236],[5.6383751,52.4942236],[5.6384045,52.4942236],[5.638434,52.4942236],[5.6384634,52.4942236],[5.6384929,52.4942236],[5.6385223,52.4942235],[5.6385518,52.4942235],[5.6385812,52.4942235],[5.6386106,52.4942235],[5.6386401,52.4942235],[5.6386695,52.4942235],[5.638699,52.4942235],[5.6387284,52.4942235],[5.6387579,52.4942235],[5.6387873,52.4942235],[5.6388168,52.4942235],[5.6388462,52.4942235],[5.6388757,52.4942235],[5.6389051,52.4942235],[5.6389346,52.4942235],[5.638964,52.4942235],[5.6389935,52.4942235],[5.6390229,52.4942235],[5.6390524,52.4942235],[5.6390818,52.4942235],[5.6391112,52.4942235],[5.6391407,52.4942235],[5.6391701,52.4942234],[5.6391996,52.4942234],[5.639229,52.4942234],[5.6392585,52.4942234],[5.6392879,52.4942234],[5.6393174,52.4942234],[5.6393468,52.4942234],[5.6393763,52.4942234],[5.6394057,52.4942234],[5.6394352,52.4942234],[5.6394646,52.4942234],[5.6394941,52.4942234],[5.6395235,52.4942234],[5.6395529,52.4942234],[5.6395824,52.4942234],[5.6396118,52.4942234],[5.6396413,52.4942234],[5.6396707,52.4942234],[5.6397002,52.4942234],[5.6397296,52.4942234],[5.6397591,52.4942233],[5.6397885,52.4942233],[5.639818,52.4942233],[5.6398474,52.4942233],[5.6398769,52.4942233],[5.6399063,52.4942233],[5.6399358,52.4942233],[5.6399652,52.4942233],[5.6399946,52.4942233],[5.6400241,52.4942233],[5.6400535,52.4942233],[5.640083,52.4942233],[5.6401124,52.4942233],[5.6401419,52.4942233],[5.6401713,52.4942233],[5.6402008,52.4942233],[5.6402302,52.4942233],[5.6402597,52.4942233],[5.6402891,52.4942233],[5.6403186,52.4942233],[5.640348,52.4942232],[5.6403775,52.4942232],[5.6404069,52.4942232],[5.6404363,52.4942232],[5.6404658,52.4942232],[5.6404952,52.4942232],[5.6405247,52.4942232],[5.6405541,52.4942232],[5.6405836,52.4942232],[5.640613,52.4942232],[5.6406425,52.4942232],[5.6406719,52.4942232],[5.6407014,52.4942232],[5.6407308,52.4942232],[5.6407603,52.4942232],[5.6407897,52.4942232],[5.6408192,52.4942232],[5.6408486,52.4942232],[5.6408781,52.4942232],[5.6409075,52.4942232],[5.6409369,52.4942231],[5.6409664,52.4942231],[5.6409958,52.4942231],[5.6410253,52.4942231],[5.6410547,52.4942231],[5.6410842,52.4942231],[5.6411136,52.4942231],[5.6411431,52.4942231],[5.6411725,52.4942231],[5.641202,52.4942231],[5.6412314,52.4942231],[5.6412609,52.4942231],[5.6412903,52.4942231],[5.6413198,52.4942231],[5.6413492,52.4942231],[5.6413786,52.4942231],[5.6414081,52.4942231],[5.6414375,52.4942231],[5.641467,52.4942231],[5.6414964,52.494223],[5.6415259,52.494223],[5.6415553,52.494223],[5.6415848,52.494223],[5.6416142,52.494223],[5.6416437,52.494223],[5.6416731,52.494223],[5.6417026,52.494223],[5.641732,52.494223],[5.6417615,52.494223],[5.6417909,52.494223],[5.6418203,52.494223],[5.6418498,52.494223],[5.6418792,52.494223],[5.6419087,52.494223],[5.6419381,52.494223],[5.6419676,52.494223],[5.641997,52.494223],[5.6420265,52.4942229],[5.6420559,52.4942229],[5.6420854,52.4942229],[5.6421148,52.4942229],[5.6421443,52.4942229],[5.6421737,52.4942229],[5.6422032,52.4942229],[5.6422326,52.4942229],[5.6422621,52.4942229],[5.6422915,52.4942229],[5.6423209,52.4942229],[5.6423504,52.4942229],[5.6423798,52.4942229],[5.6424093,52.4942229],[5.6424387,52.4942229],[5.6424682,52.4942229],[5.6424976,52.4942229],[5.6425271,52.4942229],[5.6425565,52.4942228],[5.642586,52.4942228],[5.6426154,52.4942228],[5.6426449,52.4942228],[5.6426743,52.4942228],[5.6427038,52.4942228],[5.6427332,52.4942228],[5.6427626,52.4942228],[5.6427921,52.4942228],[5.6428215,52.4942228],[5.642851,52.4942228],[5.6428804,52.4942228],[5.6429099,52.4942228],[5.6429393,52.4942228],[5.6429688,52.4942228],[5.6429982,52.4942228],[5.6430277,52.4942228],[5.6430571,52.4942228],[5.6430866,52.4942227],[5.643116,52.4942227],[5.6431455,52.4942227],[5.6431749,52.4942227],[5.6432043,52.4942227],[5.6432338,52.4942227],[5.6432632,52.4942227],[5.6432927,52.4942227],[5.6433221,52.4942227],[5.6433516,52.4942227],[5.643381,52.4942227],[5.6434105,52.4942227],[5.6434399,52.4942227],[5.6434694,52.4942227],[5.6434988,52.4942227],[5.6435283,52.4942227],[5.6435577,52.4942227],[5.6435872,52.4942226],[5.6436166,52.4942226],[5.643646,52.4942226],[5.6436755,52.4942226],[5.6437049,52.4942226],[5.6437344,52.4942226],[5.6437638,52.4942226],[5.6437933,52.4942226],[5.6438227,52.4942226],[5.6438522,52.4942226],[5.6438816,52.4942226],[5.6439111,52.4942226],[5.6439405,52.4942226],[5.64397,52.4942226],[5.6439994,52.4942226],[5.6440289,52.4942226],[5.6440583,52.4942226],[5.6440878,52.4942225],[5.6441172,52.4942225],[5.6441466,52.4942225],[5.6441761,52.4942225],[5.6442055,52.4942225],[5.644235,52.4942225],[5.6442644,52.4942225],[5.6442939,52.4942225],[5.6443233,52.4942225],[5.6443528,52.4942225],[5.6443822,52.4942225],[5.6444117,52.4942225],[5.6444411,52.4942225],[5.6444706,52.4942225],[5.6445,52.4942225],[5.6445295,52.4942225],[5.6445589,52.4942224],[5.6445883,52.4942224],[5.6446178,52.4942224],[5.6446472,52.4942224],[5.6446767,52.4942224],[5.6447061,52.4942224],[5.6447356,52.4942224],[5.644765,52.4942224],[5.6447945,52.4942224],[5.6448239,52.4942224],[5.6448534,52.4942224],[5.6448828,52.4942224],[5.6449123,52.4942224],[5.6449417,52.4942224],[5.6449712,52.4942224],[5.6450006,52.4942224],[5.64503,52.4942224],[5.6450595,52.4942223],[5.6450889,52.4942223],[5.6451184,52.4942223],[5.6451478,52.4942223],[5.6451773,52.4942223],[5.6452067,52.4942223],[5.6452362,52.4942223],[5.6452656,52.4942223],[5.6452951,52.4942223],[5.6453245,52.4942223],[5.645354,52.4942223],[5.6453834,52.4942223],[5.6454129,52.4942223],[5.6454423,52.4942223],[5.6454717,52.4942223],[5.6455012,52.4942223],[5.6455306,52.4942222],[5.6455601,52.4942222],[5.6455895,52.4942222],[5.645619,52.4942222],[5.6456484,52.4942222],[5.6456779,52.4942222],[5.6457073,52.4942222],[5.6457368,52.4942222],[5.6457662,52.4942222],[5.6457957,52.4942222],[5.6458251,52.4942222],[5.6458546,52.4942222],[5.645884,52.4942222],[5.6459135,52.4942222],[5.6459429,52.4942222],[5.6459723,52.4942221],[5.6460018,52.4942221],[5.6460312,52.4942221],[5.6460607,52.4942221],[5.6460901,52.4942221],[5.6461196,52.4942221],[5.646149,52.4942221],[5.6461785,52.4942221],[5.6462079,52.4942221],[5.6462374,52.4942221],[5.6462668,52.4942221],[5.6462963,52.4942221],[5.6463257,52.4942221],[5.6463552,52.4942221],[5.6463846,52.4942221],[5.646414,52.4942221],[5.6464435,52.494222],[5.6464729,52.494222],[5.6465024,52.494222],[5.6465318,52.494222],[5.6465613,52.494222],[5.6465907,52.494222],[5.6466202,52.494222],[5.6466496,52.494222],[5.6466791,52.494222],[5.6467085,52.494222],[5.646738,52.494222],[5.6467674,52.494222],[5.6467969,52.494222],[5.6468263,52.494222],[5.6468557,52.494222],[5.6468852,52.4942219],[5.6469146,52.4942219],[5.6469441,52.4942219],[5.6469735,52.4942219],[5.647003,52.4942219],[5.6470324,52.4942219],[5.6470619,52.4942219],[5.6470913,52.4942219],[5.6471208,52.4942219],[5.6471502,52.4942219],[5.6471797,52.4942219],[5.6472091,52.4942219],[5.6472386,52.4942219],[5.647268,52.4942219],[5.6472974,52.4942218],[5.6473269,52.4942218],[5.6473563,52.4942218],[5.6473858,52.4942218],[5.6474152,52.4942218],[5.6474447,52.4942218],[5.6474741,52.4942218],[5.6475036,52.4942218],[5.647533,52.4942218],[5.6475625,52.4942218],[5.6475919,52.4942218],[5.6476214,52.4942218],[5.6476508,52.4942218],[5.6476803,52.4942218],[5.6477097,52.4942218],[5.6477392,52.4942217],[5.6477686,52.4942217],[5.647798,52.4942217],[5.6478275,52.4942217],[5.6478569,52.4942217],[5.6478864,52.4942217],[5.6479158,52.4942217],[5.6479453,52.4942217],[5.6479747,52.4942217],[5.6480042,52.4942217],[5.6480336,52.4942217],[5.6480631,52.4942217],[5.6480925,52.4942217],[5.648122,52.4942217],[5.6481514,52.4942216],[5.6481809,52.4942216],[5.6482103,52.4942216],[5.6482397,52.4942216],[5.6482692,52.4942216],[5.6482986,52.4942216],[5.6483281,52.4942216],[5.6483575,52.4942216],[5.648387,52.4942216],[5.6484164,52.4942216],[5.6484459,52.4942216],[5.6484753,52.4942216],[5.6485048,52.4942216],[5.6485342,52.4942216],[5.6485637,52.4942216],[5.6485931,52.4942215],[5.6486226,52.4942215],[5.648652,52.4942215],[5.6486814,52.4942215],[5.6487109,52.4942215],[5.6487403,52.4942215],[5.6487698,52.4942215],[5.6487992,52.4942215],[5.6488287,52.4942215],[5.6488581,52.4942215],[5.6488876,52.4942215],[5.648917,52.4942215],[5.6489465,52.4942215],[5.6489759,52.4942215],[5.6490054,52.4942214],[5.6490348,52.4942214],[5.6490643,52.4942214],[5.6490937,52.4942214],[5.6491231,52.4942214],[5.6491526,52.4942214],[5.649182,52.4942214],[5.6492115,52.4942214],[5.6492409,52.4942214],[5.6492704,52.4942214],[5.6492998,52.4942214],[5.6493293,52.4942214],[5.6493587,52.4942214],[5.6493882,52.4942213],[5.6494176,52.4942213],[5.6494471,52.4942213],[5.6494765,52.4942213],[5.649506,52.4942213],[5.6495354,52.4942213],[5.6495649,52.4942213],[5.6495943,52.4942213],[5.6496237,52.4942213],[5.6496532,52.4942213],[5.6496826,52.4942213],[5.6497121,52.4942213],[5.6497415,52.4942213],[5.649771,52.4942213],[5.6498004,52.4942212],[5.6498299,52.4942212],[5.6498593,52.4942212],[5.6498888,52.4942212],[5.6499182,52.4942212],[5.6499477,52.4942212],[5.6499771,52.4942212],[5.6500066,52.4942212],[5.650036,52.4942212],[5.6500654,52.4942212],[5.6500949,52.4942212],[5.6501243,52.4942212],[5.6501538,52.4942212],[5.6501832,52.4942211],[5.6502127,52.4942211],[5.6502421,52.4942211],[5.6502716,52.4942211],[5.650301,52.4942211],[5.6503305,52.4942211],[5.6503599,52.4942211],[5.6503894,52.4942211],[5.6504188,52.4942211],[5.6504483,52.4942211],[5.6504777,52.4942211],[5.6505071,52.4942211],[5.6505366,52.4942211],[5.650566,52.4942211],[5.6505955,52.494221],[5.6506249,52.494221],[5.6506544,52.494221],[5.6506838,52.494221],[5.6507133,52.494221],[5.6507427,52.494221],[5.6507722,52.494221],[5.6508016,52.494221],[5.6508311,52.494221],[5.6508605,52.494221],[5.65089,52.494221],[5.6509194,52.494221],[5.6509489,52.494221],[5.6509783,52.4942209],[5.6510077,52.4942209],[5.6510372,52.4942209],[5.6510666,52.4942209],[5.6510961,52.4942209],[5.6511255,52.4942209],[5.651155,52.4942209],[5.6511844,52.4942209],[5.6512139,52.4942209],[5.6512433,52.4942209],[5.6512728,52.4942209],[5.6513022,52.4942209],[5.6513317,52.4942209],[5.6513611,52.4942208],[5.6513906,52.4942208],[5.65142,52.4942208],[5.6514494,52.4942208],[5.6514789,52.4942208],[5.6515083,52.4942208],[5.6515378,52.4942208],[5.6515672,52.4942208],[5.6515967,52.4942208],[5.6516261,52.4942208],[5.6516556,52.4942208],[5.651685,52.4942208],[5.6517145,52.4942207],[5.6517439,52.4942207],[5.6517734,52.4942207],[5.6518028,52.4942207],[5.6518323,52.4942207],[5.6518617,52.4942207],[5.6518911,52.4942207],[5.6519206,52.4942207],[5.65195,52.4942207],[5.6519795,52.4942207],[5.6520089,52.4942207],[5.6520384,52.4942207],[5.6520678,52.4942207],[5.6520973,52.4942206],[5.6521267,52.4942206],[5.6521562,52.4942206],[5.6521856,52.4942206],[5.6522151,52.4942206],[5.6522445,52.4942206],[5.652274,52.4942206],[5.6523034,52.4942206],[5.6523328,52.4942206],[5.6523623,52.4942206],[5.6523917,52.4942206],[5.6524212,52.4942206],[5.6524506,52.4942205],[5.6524801,52.4942205],[5.6525095,52.4942205],[5.652539,52.4942205],[5.6525684,52.4942205],[5.6525979,52.4942205],[5.6526273,52.4942205],[5.6526568,52.4942205],[5.6526862,52.4942205],[5.6527157,52.4942205],[5.6527451,52.4942205],[5.6527746,52.4942205],[5.652804,52.4942205],[5.6528334,52.4942204],[5.6528629,52.4942204],[5.6528923,52.4942204],[5.6529218,52.4942204],[5.6529512,52.4942204],[5.6529807,52.4942204],[5.6530101,52.4942204],[5.6530396,52.4942204],[5.653069,52.4942204],[5.6530985,52.4942204],[5.6531279,52.4942204],[5.6531574,52.4942204],[5.6531868,52.4942203],[5.6532163,52.4942203],[5.6532457,52.4942203],[5.6532751,52.4942203],[5.6533046,52.4942203],[5.653334,52.4942203],[5.6533635,52.4942203],[5.6533929,52.4942203],[5.6534224,52.4942203],[5.6534518,52.4942203],[5.6534813,52.4942203],[5.6535107,52.4942203],[5.6535402,52.4942202],[5.6535696,52.4942202],[5.6535991,52.4942202],[5.6536285,52.4942202],[5.653658,52.4942202],[5.6536874,52.4942202],[5.6537168,52.4942202],[5.6537463,52.4942202],[5.6537757,52.4942202],[5.6538052,52.4942202],[5.6538346,52.4942202],[5.6538641,52.4942202],[5.6538935,52.4942201],[5.653923,52.4942201],[5.6539524,52.4942201],[5.6539819,52.4942201],[5.6540113,52.4942201],[5.6540408,52.4942201],[5.6540702,52.4942201],[5.6540997,52.4942201],[5.6541291,52.4942201],[5.6541585,52.4942201],[5.654188,52.4942201],[5.6542174,52.4942201],[5.6542469,52.49422],[5.6542763,52.49422],[5.6543058,52.49422],[5.6543352,52.49422],[5.6543647,52.49422],[5.6543941,52.49422],[5.6544236,52.49422],[5.654453,52.49422],[5.6544825,52.49422],[5.6545119,52.49422],[5.6545414,52.49422],[5.6545708,52.4942199],[5.6546003,52.4942199],[5.6546297,52.4942199],[5.6546591,52.4942199],[5.6546886,52.4942199],[5.654718,52.4942199],[5.6547475,52.4942199],[5.6547769,52.4942199],[5.6548064,52.4942199],[5.6548358,52.4942199],[5.6548653,52.4942199],[5.6548947,52.4942199],[5.6549242,52.4942198],[5.6549536,52.4942198],[5.6549831,52.4942198],[5.6550125,52.4942198],[5.655042,52.4942198],[5.6550714,52.4942198],[5.6551008,52.4942198],[5.6551303,52.4942198],[5.6551597,52.4942198],[5.6551892,52.4942198],[5.6552186,52.4942198],[5.6552481,52.4942197],[5.6552775,52.4942197],[5.655307,52.4942197],[5.6553364,52.4942197],[5.6553659,52.4942197],[5.6553953,52.4942197],[5.6554248,52.4942197],[5.6554542,52.4942197],[5.6554837,52.4942197],[5.6555131,52.4942197],[5.6555425,52.4942197],[5.655572,52.4942197],[5.6556014,52.4942196],[5.6556309,52.4942196],[5.6556603,52.4942196],[5.6556898,52.4942196],[5.6557192,52.4942196],[5.6557487,52.4942196],[5.6557781,52.4942196],[5.6558076,52.4942196],[5.655837,52.4942196],[5.6558665,52.4942196],[5.6558959,52.4942196],[5.6559254,52.4942195],[5.6559548,52.4942195],[5.6559842,52.4942195],[5.6560137,52.4942195],[5.6560431,52.4942195],[5.6560726,52.4942195],[5.656102,52.4942195],[5.6561315,52.4942195],[5.6561609,52.4942195],[5.6561904,52.4942195],[5.6562198,52.4942195],[5.6562493,52.4942194],[5.6562787,52.4942194],[5.6563082,52.4942194],[5.6563376,52.4942194],[5.6563671,52.4942194],[5.6563965,52.4942194],[5.656426,52.4942194],[5.6564554,52.4942194],[5.6564848,52.4942194],[5.6565143,52.4942194],[5.6565437,52.4942194],[5.6565732,52.4942193],[5.6566026,52.4942193],[5.6566321,52.4942193],[5.6566615,52.4942193],[5.656691,52.4942193],[5.6567204,52.4942193],[5.6567499,52.4942193],[5.6567793,52.4942193],[5.6568088,52.4942193],[5.6568382,52.4942193],[5.6568677,52.4942193],[5.6568971,52.4942192],[5.6569265,52.4942192],[5.656956,52.4942192],[5.6569854,52.4942192],[5.6570149,52.4942192],[5.6570443,52.4942192],[5.6570738,52.4942192],[5.6571032,52.4942192],[5.6571327,52.4942192],[5.6571621,52.4942192],[5.6571916,52.4942192],[5.657221,52.4942191],[5.6572505,52.4942191],[5.6572799,52.4942191],[5.6573094,52.4942191],[5.6573388,52.4942191],[5.6573682,52.4942191],[5.6573977,52.4942191],[5.6574271,52.4942191],[5.6574566,52.4942191],[5.657486,52.4942191],[5.6575155,52.4942191],[5.6575449,52.494219],[5.6575744,52.494219],[5.6576038,52.494219],[5.6576333,52.494219],[5.6576627,52.494219],[5.6576922,52.494219],[5.6577216,52.494219],[5.6577511,52.494219],[5.6577805,52.494219],[5.6578099,52.494219],[5.6578394,52.4942189],[5.6578688,52.4942189],[5.6578983,52.4942189],[5.6579277,52.4942189],[5.6579572,52.4942189],[5.6579866,52.4942189],[5.6580161,52.4942189],[5.6580455,52.4942189],[5.658075,52.4942189],[5.6581044,52.4942189],[5.6581339,52.4942189],[5.6581633,52.4942188],[5.6581928,52.4942188],[5.6582222,52.4942188],[5.6582517,52.4942188],[5.6582811,52.4942188],[5.6583105,52.4942188],[5.65834,52.4942188],[5.6583694,52.4942188],[5.6583989,52.4942188],[5.6584283,52.4942188],[5.6584578,52.4942187],[5.6584872,52.4942187],[5.6585167,52.4942187],[5.6585461,52.4942187],[5.6585756,52.4942187],[5.658605,52.4942187],[5.6586345,52.4942187],[5.6586639,52.4942187],[5.6586934,52.4942187],[5.6587228,52.4942187],[5.6587522,52.4942187],[5.6587817,52.4942186],[5.6588111,52.4942186],[5.6588406,52.4942186],[5.65887,52.4942186],[5.6588995,52.4942186],[5.6589289,52.4942186],[5.6589584,52.4942186],[5.6589878,52.4942186],[5.6590173,52.4942186],[5.6590467,52.4942186],[5.6590762,52.4942185],[5.6591056,52.4942185],[5.6591351,52.4942185],[5.6591645,52.4942185],[5.6591939,52.4942185],[5.6592234,52.4942185],[5.6592528,52.4942185],[5.6592823,52.4942185],[5.6593117,52.4942185],[5.6593412,52.4942185],[5.6593706,52.4942184],[5.6594001,52.4942184],[5.6594295,52.4942184],[5.659459,52.4942184],[5.6594884,52.4942184],[5.6595179,52.4942184],[5.6595473,52.4942184],[5.6595768,52.4942184],[5.6596062,52.4942184],[5.6596356,52.4942184],[5.6596651,52.4942184],[5.6596945,52.4942183],[5.659724,52.4942183],[5.6597534,52.4942183],[5.6597829,52.4942183],[5.6598123,52.4942183],[5.6598418,52.4942183],[5.6598712,52.4942183],[5.6599007,52.4942183],[5.6599301,52.4942183],[5.6599596,52.4942183],[5.659989,52.4942182],[5.6600185,52.4942182],[5.6600479,52.4942182],[5.6600774,52.4942182],[5.6601068,52.4942182],[5.6601362,52.4942182],[5.6601657,52.4942182],[5.6601951,52.4942182],[5.6602246,52.4942182],[5.660254,52.4942182],[5.6602835,52.4942181],[5.6603129,52.4942181],[5.6603424,52.4942181],[5.6603718,52.4942181],[5.6604013,52.4942181],[5.6604307,52.4942181],[5.6604602,52.4942181],[5.6604896,52.4942181],[5.6605191,52.4942181],[5.6605485,52.4942181],[5.6605779,52.494218],[5.6606074,52.494218],[5.6606368,52.494218],[5.6606663,52.494218],[5.6606957,52.494218],[5.6607252,52.494218],[5.6607546,52.494218],[5.6607841,52.494218],[5.6608135,52.494218],[5.660843,52.4942179],[5.6608724,52.4942179],[5.6609019,52.4942179],[5.6609313,52.4942179],[5.6609608,52.4942179],[5.6609902,52.4942179],[5.6610196,52.4942179],[5.6610491,52.4942179],[5.6610785,52.4942179],[5.661108,52.4942179],[5.6611374,52.4942178],[5.6611669,52.4942178],[5.6611963,52.4942178],[5.6612258,52.4942178],[5.6612552,52.4942178],[5.6612847,52.4942178],[5.6613141,52.4942178],[5.6613436,52.4942178],[5.661373,52.4942178],[5.6614025,52.4942178],[5.6614319,52.4942177],[5.6614613,52.4942177],[5.6614908,52.4942177],[5.6615202,52.4942177],[5.6615497,52.4942177],[5.6615791,52.4942177],[5.6616086,52.4942177],[5.661638,52.4942177],[5.6616675,52.4942177],[5.6616969,52.4942177],[5.6617264,52.4942176],[5.6617558,52.4942176],[5.6617853,52.4942176],[5.6618147,52.4942176],[5.6618442,52.4942176],[5.6618736,52.4942176],[5.6619031,52.4942176],[5.6619325,52.4942176],[5.6619619,52.4942176],[5.6619914,52.4942175],[5.6620208,52.4942175],[5.6620503,52.4942175],[5.6620797,52.4942175],[5.6621092,52.4942175],[5.6621386,52.4942175],[5.6621681,52.4942175],[5.6621975,52.4942175],[5.662227,52.4942175],[5.6622564,52.4942175],[5.6622859,52.4942174],[5.6623153,52.4942174],[5.6623448,52.4942174],[5.6623742,52.4942174],[5.6624036,52.4942174],[5.6624331,52.4942174],[5.6624625,52.4942174],[5.662492,52.4942174],[5.6625214,52.4942174],[5.6625509,52.4942173],[5.6625803,52.4942173],[5.6626098,52.4942173],[5.6626392,52.4942173],[5.6626687,52.4942173],[5.6626981,52.4942173],[5.6627276,52.4942173],[5.662757,52.4942173],[5.6627865,52.4942173],[5.6628159,52.4942173],[5.6628453,52.4942172],[5.6628748,52.4942172],[5.6629042,52.4942172],[5.6629337,52.4942172],[5.6629631,52.4942172],[5.6629926,52.4942172],[5.663022,52.4942172],[5.6630515,52.4942172],[5.6630809,52.4942172],[5.6631104,52.4942171],[5.6631398,52.4942171],[5.6631693,52.4942171],[5.6631987,52.4942171],[5.6632282,52.4942171],[5.6632576,52.4942171],[5.663287,52.4942171],[5.6633165,52.4942171],[5.6633459,52.4942171],[5.6633754,52.494217],[5.6634048,52.494217],[5.6634343,52.494217],[5.6634637,52.494217],[5.6634932,52.494217],[5.6635226,52.494217],[5.6635521,52.494217],[5.6635815,52.494217],[5.663611,52.494217],[5.6636404,52.494217],[5.6636699,52.4942169],[5.6636993,52.4942169],[5.6637287,52.4942169],[5.6637582,52.4942169],[5.6637876,52.4942169],[5.6638171,52.4942169],[5.6638465,52.4942169],[5.663876,52.4942169],[5.6639054,52.4942169],[5.6639349,52.4942168],[5.6639643,52.4942168],[5.6639938,52.4942168],[5.6640232,52.4942168],[5.6640527,52.4942168],[5.6640821,52.4942168],[5.6641116,52.4942168],[5.664141,52.4942168],[5.6641705,52.4942168],[5.6641999,52.4942167],[5.6642293,52.4942167],[5.6642588,52.4942167],[5.6642882,52.4942167],[5.6643177,52.4942167],[5.6643471,52.4942167],[5.6643766,52.4942167],[5.664406,52.4942167],[5.6644355,52.4942167],[5.6644649,52.4942166],[5.6644944,52.4942166],[5.6645238,52.4942166],[5.6645533,52.4942166],[5.6645827,52.4942166],[5.6646122,52.4942166],[5.6646416,52.4942166],[5.664671,52.4942166],[5.6647005,52.4942166],[5.6647299,52.4942165],[5.6647594,52.4942165],[5.6647888,52.4942165],[5.6648183,52.4942165],[5.6648477,52.4942165],[5.6648772,52.4942165],[5.6649066,52.4942165],[5.6649361,52.4942165],[5.6649655,52.4942165],[5.664995,52.4942164],[5.6650244,52.4942164],[5.6650539,52.4942164],[5.6650833,52.4942164],[5.6651127,52.4942164],[5.6651422,52.4942164],[5.6651716,52.4942164],[5.6652011,52.4942164],[5.6652305,52.4942164],[5.66526,52.4942163],[5.6652894,52.4942163],[5.6653189,52.4942163],[5.6653483,52.4942163],[5.6653778,52.4942163],[5.6654072,52.4942163],[5.6654367,52.4942163],[5.6654661,52.4942163],[5.6654956,52.4942163],[5.665525,52.4942162],[5.6655544,52.4942162],[5.6655839,52.4942162],[5.6656133,52.4942162],[5.6656428,52.4942162],[5.6656722,52.4942162],[5.6657017,52.4942162],[5.6657311,52.4942162],[5.6657606,52.4942162],[5.66579,52.4942161],[5.6658195,52.4942161],[5.6658489,52.4942161],[5.6658784,52.4942161],[5.6659078,52.4942161],[5.6659373,52.4942161],[5.6659667,52.4942161],[5.6659962,52.4942161],[5.6660256,52.494216],[5.666055,52.494216],[5.6660845,52.494216],[5.6661139,52.494216],[5.6661434,52.494216],[5.6661728,52.494216],[5.6662023,52.494216],[5.6662317,52.494216],[5.6662612,52.494216],[5.6662906,52.4942159],[5.6663201,52.4942159],[5.6663495,52.4942159],[5.666379,52.4942159],[5.6664084,52.4942159],[5.6664379,52.4942159],[5.6664673,52.4942159],[5.6664967,52.4942159],[5.6665262,52.4942159],[5.6665556,52.4942158],[5.6665851,52.4942158],[5.6666145,52.4942158],[5.666644,52.4942158],[5.6666734,52.4942158],[5.6667029,52.4942158],[5.6667323,52.4942158],[5.6667618,52.4942158],[5.6667912,52.4942157],[5.6668207,52.4942157],[5.6668501,52.4942157],[5.6668796,52.4942157],[5.666909,52.4942157],[5.6669384,52.4942157],[5.6669679,52.4942157],[5.6669973,52.4942157],[5.6670268,52.4942157],[5.6670562,52.4942156],[5.6670857,52.4942156],[5.6671151,52.4942156],[5.6671446,52.4942156],[5.667174,52.4942156],[5.6672035,52.4942156],[5.6672329,52.4942156],[5.6672624,52.4942156],[5.6672918,52.4942155],[5.6673213,52.4942155],[5.6673507,52.4942155],[5.6673801,52.4942155],[5.6674096,52.4942155],[5.667439,52.4942155],[5.6674685,52.4942155],[5.6674979,52.4942155],[5.6675274,52.4942155],[5.6675568,52.4942154],[5.6675863,52.4942154],[5.6676157,52.4942154],[5.6676452,52.4942154],[5.6676746,52.4942154],[5.6677041,52.4942154],[5.6677335,52.4942154],[5.667763,52.4942154],[5.6677924,52.4942153],[5.6678219,52.4942153],[5.6678513,52.4942153],[5.6678807,52.4942153],[5.6679102,52.4942153],[5.6679396,52.4942153],[5.6679691,52.4942153],[5.6679985,52.4942153],[5.668028,52.4942153],[5.6680574,52.4942152],[5.6680869,52.4942152],[5.6681163,52.4942152],[5.6681458,52.4942152],[5.6681752,52.4942152],[5.6682047,52.4942152],[5.6682341,52.4942152],[5.6682636,52.4942152],[5.668293,52.4942151],[5.6683224,52.4942151],[5.6683519,52.4942151],[5.6683813,52.4942151],[5.6684108,52.4942151],[5.6684402,52.4942151],[5.6684697,52.4942151],[5.6684991,52.4942151],[5.6685286,52.494215],[5.668558,52.494215],[5.6685875,52.494215],[5.6686169,52.494215],[5.6686464,52.494215],[5.6686758,52.494215],[5.6687053,52.494215],[5.6687347,52.494215],[5.6687641,52.494215],[5.6687936,52.4942149],[5.668823,52.4942149],[5.6688525,52.4942149],[5.6688819,52.4942149],[5.6689114,52.4942149],[5.6689408,52.4942149],[5.6689703,52.4942149],[5.6689997,52.4942149],[5.6690292,52.4942148],[5.6690586,52.4942148],[5.6690881,52.4942148],[5.6691175,52.4942148],[5.669147,52.4942148],[5.6691764,52.4942148],[5.6692058,52.4942148],[5.6692353,52.4942148],[5.6692647,52.4942147],[5.6692942,52.4942147],[5.6693236,52.4942147],[5.6693531,52.4942147],[5.6693825,52.4942147],[5.669412,52.4942147],[5.6694414,52.4942147],[5.6694709,52.4942147],[5.6695003,52.4942146],[5.6695298,52.4942146],[5.6695592,52.4942146],[5.6695887,52.4942146],[5.6696181,52.4942146],[5.6696476,52.4942146],[5.669677,52.4942146],[5.6697064,52.4942146],[5.6697359,52.4942145],[5.6697653,52.4942145],[5.6697948,52.4942145],[5.6698242,52.4942145],[5.6698537,52.4942145],[5.6698831,52.4942145],[5.6699126,52.4942145],[5.669942,52.4942145],[5.6699715,52.4942144],[5.6700009,52.4942144],[5.6700304,52.4942144],[5.6700598,52.4942144],[5.6700893,52.4942144],[5.6701187,52.4942144],[5.6701481,52.4942144],[5.6701776,52.4942144],[5.670207,52.4942143],[5.6702365,52.4942143],[5.6702659,52.4942143],[5.6702954,52.4942143],[5.6703248,52.4942143],[5.6703543,52.4942143],[5.6703837,52.4942143],[5.6704132,52.4942143],[5.6704426,52.4942142],[5.6704721,52.4942142],[5.6705015,52.4942142],[5.670531,52.4942142],[5.6705604,52.4942142],[5.6705898,52.4942142],[5.6706193,52.4942142],[5.6706487,52.4942142],[5.6706782,52.4942141],[5.6707076,52.4942141],[5.6707371,52.4942141],[5.6707665,52.4942141],[5.670796,52.4942141],[5.6708254,52.4942141],[5.6708549,52.4942141],[5.6708843,52.4942141],[5.6709138,52.494214],[5.6709432,52.494214],[5.6709727,52.494214],[5.6710021,52.494214],[5.6710315,52.494214],[5.671061,52.494214],[5.6710904,52.494214],[5.6711199,52.494214],[5.6711493,52.4942139],[5.6711788,52.4942139],[5.6712082,52.4942139],[5.6712377,52.4942139],[5.6712671,52.4942139],[5.6712966,52.4942139],[5.671326,52.4942139],[5.6713555,52.4942139],[5.6713849,52.4942138],[5.6714144,52.4942138],[5.6714438,52.4942138],[5.6714732,52.4942138],[5.6715027,52.4942138],[5.6715321,52.4942138],[5.6715616,52.4942138],[5.671591,52.4942138],[5.6716205,52.4942137],[5.6716499,52.4942137],[5.6716794,52.4942137],[5.6717088,52.4942137],[5.6717383,52.4942137],[5.6717677,52.4942137],[5.6717972,52.4942137],[5.6718266,52.4942136],[5.6718561,52.4942136],[5.6718855,52.4942136],[5.671915,52.4942136],[5.6719444,52.4942136],[5.6719738,52.4942136],[5.6720033,52.4942136],[5.6720327,52.4942136],[5.6720622,52.4942135],[5.6720916,52.4942135],[5.6721211,52.4942135],[5.6721505,52.4942135],[5.67218,52.4942135],[5.6722094,52.4942135],[5.6722389,52.4942135],[5.6722683,52.4942135],[5.6722978,52.4942134],[5.6723272,52.4942134],[5.6723567,52.4942134],[5.6723861,52.4942134],[5.6724155,52.4942134],[5.672445,52.4942134],[5.6724744,52.4942134],[5.6725039,52.4942134],[5.6725333,52.4942133],[5.6725628,52.4942133],[5.6725922,52.4942133],[5.6726217,52.4942133],[5.6726511,52.4942133],[5.6726806,52.4942133],[5.67271,52.4942133],[5.6727395,52.4942132],[5.6727689,52.4942132],[5.6727984,52.4942132],[5.6728278,52.4942132],[5.6728572,52.4942132],[5.6728867,52.4942132],[5.6729161,52.4942132],[5.6729456,52.4942132],[5.672975,52.4942131],[5.6730045,52.4942131],[5.6730339,52.4942131],[5.6730634,52.4942131],[5.6730928,52.4942131],[5.6731223,52.4942131],[5.6731517,52.4942131],[5.6731812,52.494213],[5.6732106,52.494213],[5.6732401,52.494213],[5.6732695,52.494213],[5.6732989,52.494213],[5.6733284,52.494213],[5.6733578,52.494213],[5.6733873,52.494213],[5.6734167,52.4942129],[5.6734462,52.4942129],[5.6734756,52.4942129],[5.6735051,52.4942129],[5.6735345,52.4942129],[5.673564,52.4942129],[5.6735934,52.4942129],[5.6736229,52.4942128],[5.6736523,52.4942128],[5.6736818,52.4942128],[5.6737112,52.4942128],[5.6737407,52.4942128],[5.6737701,52.4942128],[5.6737995,52.4942128],[5.673829,52.4942128],[5.6738584,52.4942127],[5.6738879,52.4942127],[5.6739173,52.4942127],[5.6739468,52.4942127],[5.6739762,52.4942127],[5.6740057,52.4942127],[5.6740351,52.4942127],[5.6740646,52.4942126],[5.674094,52.4942126],[5.6741235,52.4942126],[5.6741529,52.4942126],[5.6741824,52.4942126],[5.6742118,52.4942126],[5.6742412,52.4942126],[5.6742707,52.4942126],[5.6743001,52.4942125],[5.6743296,52.4942125],[5.674359,52.4942125],[5.6743885,52.4942125],[5.6744179,52.4942125],[5.6744474,52.4942125],[5.6744768,52.4942125],[5.6745063,52.4942124],[5.6745357,52.4942124],[5.6745652,52.4942124],[5.6745946,52.4942124],[5.6746241,52.4942124],[5.6746535,52.4942124],[5.6746829,52.4942124],[5.6747124,52.4942123],[5.6747418,52.4942123],[5.6747713,52.4942123],[5.6748007,52.4942123],[5.6748302,52.4942123],[5.6748596,52.4942123],[5.6748891,52.4942123],[5.6749185,52.4942123],[5.674948,52.4942122],[5.6749774,52.4942122],[5.6750069,52.4942122],[5.6750363,52.4942122],[5.6750658,52.4942122],[5.6750952,52.4942122],[5.6751246,52.4942122],[5.6751541,52.4942121],[5.6751835,52.4942121],[5.675213,52.4942121],[5.6752424,52.4942121],[5.6752719,52.4942121],[5.6753013,52.4942121],[5.6753308,52.4942121],[5.6753602,52.494212],[5.6753897,52.494212],[5.6754191,52.494212],[5.6754486,52.494212],[5.675478,52.494212],[5.6755075,52.494212],[5.6755369,52.494212],[5.6755663,52.494212],[5.6755958,52.4942119],[5.6756252,52.4942119],[5.6756547,52.4942119],[5.6756841,52.4942119],[5.6757136,52.4942119],[5.675743,52.4942119],[5.6757725,52.4942119],[5.6758019,52.4942118],[5.6758314,52.4942118],[5.6758608,52.4942118],[5.6758903,52.4942118],[5.6759197,52.4942118],[5.6759492,52.4942118],[5.6759786,52.4942118],[5.6760081,52.4942117],[5.6760375,52.4942117],[5.6760669,52.4942117],[5.6760964,52.4942117],[5.6761258,52.4942117],[5.6761553,52.4942117],[5.6761847,52.4942117],[5.6762142,52.4942116],[5.6762436,52.4942116],[5.6762731,52.4942116],[5.6763025,52.4942116],[5.676332,52.4942116],[5.6763614,52.4942116],[5.6763909,52.4942116],[5.6764203,52.4942115],[5.6764498,52.4942115],[5.6764792,52.4942115],[5.6765086,52.4942115],[5.6765381,52.4942115],[5.6765675,52.4942115],[5.676597,52.4942115],[5.6766264,52.4942114],[5.6766559,52.4942114],[5.6766853,52.4942114],[5.6767148,52.4942114],[5.6767442,52.4942114],[5.6767737,52.4942114],[5.6768031,52.4942114],[5.6768326,52.4942114],[5.676862,52.4942113],[5.6768915,52.4942113],[5.6769209,52.4942113],[5.6769503,52.4942113],[5.6769798,52.4942113],[5.6770092,52.4942113],[5.6770387,52.4942113],[5.6770681,52.4942112],[5.6770976,52.4942112],[5.677127,52.4942112],[5.6771565,52.4942112],[5.6771859,52.4942112],[5.6772154,52.4942112],[5.6772448,52.4942112],[5.6772743,52.4942111],[5.6773037,52.4942111],[5.6773332,52.4942111],[5.6773626,52.4942111],[5.677392,52.4942111],[5.6774215,52.4942111],[5.6774509,52.4942111],[5.6774804,52.494211],[5.6775098,52.494211],[5.6775393,52.494211],[5.6775687,52.494211],[5.6775982,52.494211],[5.6776276,52.494211],[5.6776571,52.494211],[5.6776865,52.4942109],[5.677716,52.4942109],[5.6777454,52.4942109],[5.6777749,52.4942109],[5.6778043,52.4942109],[5.6778338,52.4942109],[5.6778632,52.4942109],[5.6778926,52.4942108],[5.6779221,52.4942108],[5.6779515,52.4942108],[5.677981,52.4942108],[5.6780104,52.4942108],[5.6780399,52.4942108],[5.6780693,52.4942108],[5.6780988,52.4942107],[5.6781282,52.4942107],[5.6781577,52.4942107],[5.6781871,52.4942107],[5.6782166,52.4942107],[5.678246,52.4942107],[5.6782755,52.4942106],[5.6783049,52.4942106],[5.6783343,52.4942106],[5.6783638,52.4942106],[5.6783932,52.4942106],[5.6784227,52.4942106],[5.6784521,52.4942106],[5.6784816,52.4942105],[5.678511,52.4942105],[5.6785405,52.4942105],[5.6785699,52.4942105],[5.6785994,52.4942105],[5.6786288,52.4942105],[5.6786583,52.4942105],[5.6786877,52.4942104],[5.6787172,52.4942104],[5.6787466,52.4942104],[5.678776,52.4942104],[5.6788055,52.4942104],[5.6788349,52.4942104],[5.6788644,52.4942104],[5.6788938,52.4942103],[5.6789233,52.4942103],[5.6789527,52.4942103],[5.6789822,52.4942103],[5.6790116,52.4942103],[5.6790411,52.4942103],[5.6790705,52.4942103],[5.6791,52.4942102],[5.6791294,52.4942102],[5.6791589,52.4942102],[5.6791883,52.4942102],[5.6792177,52.4942102],[5.6792472,52.4942102],[5.6792766,52.4942102],[5.6793061,52.4942101],[5.6793355,52.4942101],[5.679365,52.4942101],[5.6793944,52.4942101],[5.6794239,52.4942101],[5.6794533,52.4942101],[5.6794828,52.49421],[5.6795122,52.49421],[5.6795417,52.49421],[5.6795711,52.49421],[5.6796006,52.49421],[5.67963,52.49421],[5.6796594,52.49421],[5.6796889,52.4942099],[5.6797183,52.4942099],[5.6797478,52.4942099],[5.6797772,52.4942099],[5.6798067,52.4942099],[5.6798361,52.4942099],[5.6798656,52.4942099],[5.679895,52.4942098],[5.6799245,52.4942098],[5.6799539,52.4942098],[5.6799834,52.4942098],[5.6800128,52.4942098],[5.6800423,52.4942098],[5.6800717,52.4942098],[5.6801012,52.4942097],[5.6801306,52.4942097],[5.68016,52.4942097],[5.6801895,52.4942097],[5.6802189,52.4942097],[5.6802484,52.4942097],[5.6802778,52.4942096],[5.6803073,52.4942096],[5.6803367,52.4942096],[5.6803662,52.4942096],[5.6803956,52.4942096],[5.6804251,52.4942096],[5.6804545,52.4942096],[5.680484,52.4942095],[5.6805134,52.4942095],[5.6805429,52.4942095],[5.6805723,52.4942095],[5.6806017,52.4942095],[5.6806312,52.4942095],[5.6806606,52.4942095],[5.6806901,52.4942094],[5.6807195,52.4942094],[5.680749,52.4942094],[5.6807784,52.4942094],[5.6808079,52.4942094],[5.6808373,52.4942094],[5.6808668,52.4942093],[5.6808962,52.4942093],[5.6809257,52.4942093],[5.6809551,52.4942093],[5.6809846,52.4942093],[5.681014,52.4942093],[5.6810434,52.4942093],[5.6810729,52.4942092],[5.6811023,52.4942092],[5.6811318,52.4942092],[5.6811612,52.4942092],[5.6811907,52.4942092],[5.6812201,52.4942092],[5.6812496,52.4942091],[5.681279,52.4942091],[5.6813085,52.4942091],[5.6813379,52.4942091],[5.6813674,52.4942091],[5.6813968,52.4942091],[5.6814263,52.4942091],[5.6814557,52.494209],[5.6814851,52.494209],[5.6815146,52.494209],[5.681544,52.494209],[5.6815735,52.494209],[5.6816029,52.494209],[5.6816324,52.4942089],[5.6816618,52.4942089],[5.6816913,52.4942089],[5.6817207,52.4942089],[5.6817502,52.4942089],[5.6817796,52.4942089],[5.6818091,52.4942089],[5.6818385,52.4942088],[5.681868,52.4942088],[5.6818974,52.4942088],[5.6819268,52.4942088],[5.6819563,52.4942088],[5.6819857,52.4942088],[5.6820152,52.4942087],[5.6820446,52.4942087],[5.6820741,52.4942087],[5.6821035,52.4942087],[5.682133,52.4942087],[5.6821624,52.4942087],[5.6821919,52.4942087],[5.6822213,52.4942086],[5.6822508,52.4942086],[5.6822802,52.4942086],[5.6823097,52.4942086],[5.6823391,52.4942086],[5.6823686,52.4942086],[5.682398,52.4942085],[5.6824274,52.4942085],[5.6824569,52.4942085],[5.6824863,52.4942085],[5.6825158,52.4942085],[5.6825452,52.4942085],[5.6825747,52.4942085],[5.6826041,52.4942084],[5.6826336,52.4942084],[5.682663,52.4942084],[5.6826925,52.4942084],[5.6827219,52.4942084],[5.6827514,52.4942084],[5.6827808,52.4942083],[5.6828103,52.4942083],[5.6828397,52.4942083],[5.6828691,52.4942083],[5.6828986,52.4942083],[5.682928,52.4942083],[5.6829575,52.4942083],[5.6829869,52.4942082],[5.6830164,52.4942082],[5.6830458,52.4942082],[5.6830753,52.4942082],[5.6831047,52.4942082],[5.6831342,52.4942082],[5.6831636,52.4942081],[5.6831931,52.4942081],[5.6832225,52.4942081],[5.683252,52.4942081],[5.6832814,52.4942081],[5.6833108,52.4942081],[5.6833403,52.494208],[5.6833697,52.494208],[5.6833992,52.494208],[5.6834286,52.494208],[5.6834581,52.494208],[5.6834875,52.494208],[5.683517,52.494208],[5.6835464,52.4942079],[5.6835759,52.4942079],[5.6836053,52.4942079],[5.6836348,52.4942079],[5.6836642,52.4942079],[5.6836937,52.4942079],[5.6837231,52.4942078],[5.6837525,52.4942078],[5.683782,52.4942078],[5.6838114,52.4942078],[5.6838409,52.4942078],[5.6838703,52.4942078],[5.6838998,52.4942077],[5.6839292,52.4942077],[5.6839587,52.4942077],[5.6839881,52.4942077],[5.6840176,52.4942077],[5.684047,52.4942077],[5.6840765,52.4942076],[5.6841059,52.4942076],[5.6841354,52.4942076],[5.6841648,52.4942076],[5.6841942,52.4942076],[5.6842237,52.4942076],[5.6842531,52.4942076],[5.6842826,52.4942075],[5.684312,52.4942075],[5.6843415,52.4942075],[5.6843709,52.4942075],[5.6844004,52.4942075],[5.6844298,52.4942075],[5.6844593,52.4942074],[5.6844887,52.4942074],[5.6845182,52.4942074],[5.6845476,52.4942074],[5.6845771,52.4942074],[5.6846065,52.4942074],[5.684636,52.4942073],[5.6846654,52.4942073],[5.6846948,52.4942073],[5.6847243,52.4942073],[5.6847537,52.4942073],[5.6847832,52.4942073],[5.6848126,52.4942072],[5.6848421,52.4942072],[5.6848715,52.4942072],[5.684901,52.4942072],[5.6849304,52.4942072],[5.6849599,52.4942072],[5.6849893,52.4942072],[5.6850188,52.4942071],[5.6850482,52.4942071],[5.6850777,52.4942071],[5.6851071,52.4942071],[5.6851365,52.4942071],[5.685166,52.4942071],[5.6851954,52.494207],[5.6852249,52.494207],[5.6852543,52.494207],[5.6852838,52.494207],[5.6853132,52.494207],[5.6853427,52.494207],[5.6853721,52.4942069],[5.6854016,52.4942069],[5.685431,52.4942069],[5.6854605,52.4942069],[5.6854899,52.4942069],[5.6855194,52.4942069],[5.6855488,52.4942068],[5.6855782,52.4942068],[5.6856077,52.4942068],[5.6856371,52.4942068],[5.6856666,52.4942068],[5.685696,52.4942068],[5.6857255,52.4942067],[5.6857549,52.4942067],[5.6857844,52.4942067],[5.6858138,52.4942067],[5.6858433,52.4942067],[5.6858727,52.4942067],[5.6859022,52.4942066],[5.6859316,52.4942066],[5.6859611,52.4942066],[5.6859905,52.4942066],[5.6860199,52.4942066],[5.6860494,52.4942066],[5.6860788,52.4942065],[5.6861083,52.4942065],[5.6861377,52.4942065],[5.6861672,52.4942065],[5.6861966,52.4942065],[5.6862261,52.4942065],[5.6862555,52.4942064],[5.686285,52.4942064],[5.6863144,52.4942064],[5.6863439,52.4942064],[5.6863733,52.4942064],[5.6864028,52.4942064],[5.6864322,52.4942064],[5.6864616,52.4942063],[5.6864911,52.4942063],[5.6865205,52.4942063],[5.68655,52.4942063],[5.6865794,52.4942063],[5.6866089,52.4942063],[5.6866383,52.4942062],[5.6866678,52.4942062],[5.6866972,52.4942062],[5.6867267,52.4942062],[5.6867561,52.4942062],[5.6867856,52.4942062],[5.686815,52.4942061],[5.6868445,52.4942061],[5.6868739,52.4942061],[5.6869034,52.4942061],[5.6869328,52.4942061],[5.6869622,52.4942061],[5.6869917,52.494206],[5.6870211,52.494206],[5.6870506,52.494206],[5.68708,52.494206],[5.6871095,52.494206],[5.6871389,52.494206],[5.6871684,52.4942059],[5.6871978,52.4942059],[5.6872273,52.4942059],[5.6872567,52.4942059],[5.6872862,52.4942059],[5.6873156,52.4942059],[5.6873451,52.4942058],[5.6873745,52.4942058],[5.6874039,52.4942058],[5.6874334,52.4942058],[5.6874628,52.4942058],[5.6874923,52.4942058],[5.6875217,52.4942057],[5.6875512,52.4942057],[5.6875806,52.4942057],[5.6876101,52.4942057],[5.6876395,52.4942057],[5.687669,52.4942056],[5.6876984,52.4942056],[5.6877279,52.4942056],[5.6877573,52.4942056],[5.6877868,52.4942056],[5.6878162,52.4942056],[5.6878456,52.4942055],[5.6878751,52.4942055],[5.6879045,52.4942055],[5.687934,52.4942055],[5.6879634,52.4942055],[5.6879929,52.4942055],[5.6880223,52.4942054],[5.6880518,52.4942054],[5.6880812,52.4942054],[5.6881107,52.4942054],[5.6881401,52.4942054],[5.6881696,52.4942054],[5.688199,52.4942053],[5.6882285,52.4942053],[5.6882579,52.4942053],[5.6882873,52.4942053],[5.6883168,52.4942053],[5.6883462,52.4942053],[5.6883757,52.4942052],[5.6884051,52.4942052],[5.6884346,52.4942052],[5.688464,52.4942052],[5.6884935,52.4942052],[5.6885229,52.4942052],[5.6885524,52.4942051],[5.6885818,52.4942051],[5.6886113,52.4942051],[5.6886407,52.4942051],[5.6886702,52.4942051],[5.6886996,52.4942051],[5.688729,52.494205],[5.6887585,52.494205],[5.6887879,52.494205],[5.6888174,52.494205],[5.6888468,52.494205],[5.6888763,52.494205],[5.6889057,52.4942049],[5.6889352,52.4942049],[5.6889646,52.4942049],[5.6889941,52.4942049],[5.6890235,52.4942049]]}},{"type":"Feature","properties":{"barrier":"hedge","height":2.5},"geometry":{"type":"LineString","coordinates":[[5.5697148,52.3950642],[5.5697442,52.3950642],[5.5697736,52.3950642],[5.569803,52.3950643],[5.5698324,52.3950643],[5.5698617,52.3950643],[5.5698911,52.3950643],[5.5699205,52.3950643],[5.5699499,52.3950643],[5.5699793,52.3950643],[5.5700086,52.3950643],[5.570038,52.3950644],[5.5700674,52.3950644],[5.5700968,52.3950644],[5.5701262,52.3950644],[5.5701556,52.3950644],[5.5701849,52.3950644],[5.5702143,52.3950644],[5.5702437,52.3950644],[5.5702731,52.3950645],[5.5703025,52.3950645],[5.5703318,52.3950645],[5.5703612,52.3950645],[5.5703906,52.3950645],[5.57042,52.3950645],[5.5704494,52.3950645],[5.5704787,52.3950645],[5.5705081,52.3950646],[5.5705375,52.3950646],[5.5705669,52.3950646],[5.5705963,52.3950646],[5.5706256,52.3950646],[5.570655,52.3950646],[5.5706844,52.3950646],[5.5707138,52.3950646],[5.5707432,52.3950647],[5.5707725,52.3950647],[5.5708019,52.3950647],[5.5708313,52.3950647],[5.5708607,52.3950647],[5.5708901,52.3950647],[5.5709195,52.3950647],[5.5709488,52.3950647],[5.5709782,52.3950647],[5.5710076,52.3950648],[5.571037,52.3950648],[5.5710664,52.3950648],[5.5710957,52.3950648],[5.5711251,52.3950648],[5.5711545,52.3950648],[5.5711839,52.3950648],[5.5712133,52.3950648],[5.5712426,52.3950649],[5.571272,52.3950649],[5.5713014,52.3950649],[5.5713308,52.3950649],[5.5713602,52.3950649],[5.5713895,52.3950649],[5.5714189,52.3950649],[5.5714483,52.3950649],[5.5714777,52.395065],[5.5715071,52.395065],[5.5715364,52.395065],[5.5715658,52.395065],[5.5715952,52.395065],[5.5716246,52.395065],[5.571654,52.395065],[5.5716834,52.395065],[5.5717127,52.3950651],[5.5717421,52.3950651],[5.5717715,52.3950651],[5.5718009,52.3950651],[5.5718303,52.3950651],[5.5718596,52.3950651],[5.571889,52.3950651],[5.5719184,52.3950651],[5.5719478,52.3950651],[5.5719772,52.3950652],[5.5720065,52.3950652],[5.5720359,52.3950652],[5.5720653,52.3950652],[5.5720947,52.3950652],[5.5721241,52.3950652],[5.5721534,52.3950652],[5.5721828,52.3950652],[5.5722122,52.3950653],[5.5722416,52.3950653],[5.572271,52.3950653],[5.5723003,52.3950653],[5.5723297,52.3950653],[5.5723591,52.3950653],[5.5723885,52.3950653],[5.5724179,52.3950653],[5.5724472,52.3950653],[5.5724766,52.3950654],[5.572506,52.3950654],[5.5725354,52.3950654],[5.5725648,52.3950654],[5.5725942,52.3950654],[5.5726235,52.3950654],[5.5726529,52.3950654],[5.5726823,52.3950654],[5.5727117,52.3950655],[5.5727411,52.3950655],[5.5727704,52.3950655],[5.5727998,52.3950655],[5.5728292,52.3950655],[5.5728586,52.3950655],[5.572888,52.3950655],[5.5729173,52.3950655],[5.5729467,52.3950655],[5.5729761,52.3950656],[5.5730055,52.3950656],[5.5730349,52.3950656],[5.5730642,52.3950656],[5.5730936,52.3950656],[5.573123,52.3950656],[5.5731524,52.3950656],[5.5731818,52.3950656],[5.5732111,52.3950657],[5.5732405,52.3950657],[5.5732699,52.3950657],[5.5732993,52.3950657],[5.5733287,52.3950657],[5.5733581,52.3950657],[5.5733874,52.3950657],[5.5734168,52.3950657],[5.5734462,52.3950657],[5.5734756,52.3950658],[5.573505,52.3950658],[5.5735343,52.3950658],[5.5735637,52.3950658],[5.5735931,52.3950658],[5.5736225,52.3950658],[5.5736519,52.3950658],[5.5736812,52.3950658],[5.5737106,52.3950659],[5.57374,52.3950659],[5.5737694,52.3950659],[5.5737988,52.3950659],[5.5738281,52.3950659],[5.5738575,52.3950659],[5.5738869,52.3950659],[5.5739163,52.3950659],[5.5739457,52.3950659],[5.573975,52.395066],[5.5740044,52.395066],[5.5740338,52.395066],[5.5740632,52.395066],[5.5740926,52.395066],[5.574122,52.395066],[5.5741513,52.395066],[5.5741807,52.395066],[5.5742101,52.395066],[5.5742395,52.3950661],[5.5742689,52.3950661],[5.5742982,52.3950661],[5.5743276,52.3950661],[5.574357,52.3950661],[5.5743864,52.3950661],[5.5744158,52.3950661],[5.5744451,52.3950661],[5.5744745,52.3950661],[5.5745039,52.3950662],[5.5745333,52.3950662],[5.5745627,52.3950662],[5.574592,52.3950662],[5.5746214,52.3950662],[5.5746508,52.3950662],[5.5746802,52.3950662],[5.5747096,52.3950662],[5.5747389,52.3950662],[5.5747683,52.3950663],[5.5747977,52.3950663],[5.5748271,52.3950663],[5.5748565,52.3950663],[5.5748859,52.3950663],[5.5749152,52.3950663],[5.5749446,52.3950663],[5.574974,52.3950663],[5.5750034,52.3950663],[5.5750328,52.3950664],[5.5750621,52.3950664],[5.5750915,52.3950664],[5.5751209,52.3950664],[5.5751503,52.3950664],[5.5751797,52.3950664],[5.575209,52.3950664],[5.5752384,52.3950664],[5.5752678,52.3950665],[5.5752972,52.3950665],[5.5753266,52.3950665],[5.5753559,52.3950665],[5.5753853,52.3950665],[5.5754147,52.3950665],[5.5754441,52.3950665],[5.5754735,52.3950665],[5.5755028,52.3950665],[5.5755322,52.3950665],[5.5755616,52.3950666],[5.575591,52.3950666],[5.5756204,52.3950666],[5.5756497,52.3950666],[5.5756791,52.3950666],[5.5757085,52.3950666],[5.5757379,52.3950666],[5.5757673,52.3950666],[5.5757967,52.3950666],[5.575826,52.3950667],[5.5758554,52.3950667],[5.5758848,52.3950667],[5.5759142,52.3950667],[5.5759436,52.3950667],[5.5759729,52.3950667],[5.5760023,52.3950667],[5.5760317,52.3950667],[5.5760611,52.3950667],[5.5760905,52.3950668],[5.5761198,52.3950668],[5.5761492,52.3950668],[5.5761786,52.3950668],[5.576208,52.3950668],[5.5762374,52.3950668],[5.5762667,52.3950668],[5.5762961,52.3950668],[5.5763255,52.3950668],[5.5763549,52.3950669],[5.5763843,52.3950669],[5.5764136,52.3950669],[5.576443,52.3950669],[5.5764724,52.3950669],[5.5765018,52.3950669],[5.5765312,52.3950669],[5.5765606,52.3950669],[5.5765899,52.3950669],[5.5766193,52.395067],[5.5766487,52.395067],[5.5766781,52.395067],[5.5767075,52.395067],[5.5767368,52.395067],[5.5767662,52.395067],[5.5767956,52.395067],[5.576825,52.395067],[5.5768544,52.395067],[5.5768837,52.3950671],[5.5769131,52.3950671],[5.5769425,52.3950671],[5.5769719,52.3950671],[5.5770013,52.3950671],[5.5770306,52.3950671],[5.57706,52.3950671],[5.5770894,52.3950671],[5.5771188,52.3950671],[5.5771482,52.3950671],[5.5771775,52.3950672],[5.5772069,52.3950672],[5.5772363,52.3950672],[5.5772657,52.3950672],[5.5772951,52.3950672],[5.5773245,52.3950672],[5.5773538,52.3950672],[5.5773832,52.3950672],[5.5774126,52.3950672],[5.577442,52.3950673],[5.5774714,52.3950673],[5.5775007,52.3950673],[5.5775301,52.3950673],[5.5775595,52.3950673],[5.5775889,52.3950673],[5.5776183,52.3950673],[5.5776476,52.3950673],[5.577677,52.3950673],[5.5777064,52.3950673],[5.5777358,52.3950674],[5.5777652,52.3950674],[5.5777945,52.3950674],[5.5778239,52.3950674],[5.5778533,52.3950674],[5.5778827,52.3950674],[5.5779121,52.3950674],[5.5779414,52.3950674],[5.5779708,52.3950674],[5.5780002,52.3950675],[5.5780296,52.3950675],[5.578059,52.3950675],[5.5780884,52.3950675],[5.5781177,52.3950675],[5.5781471,52.3950675],[5.5781765,52.3950675],[5.5782059,52.3950675],[5.5782353,52.3950675],[5.5782646,52.3950675],[5.578294,52.3950676],[5.5783234,52.3950676],[5.5783528,52.3950676],[5.5783822,52.3950676],[5.5784115,52.3950676],[5.5784409,52.3950676],[5.5784703,52.3950676],[5.5784997,52.3950676],[5.5785291,52.3950676],[5.5785584,52.3950676],[5.5785878,52.3950677],[5.5786172,52.3950677],[5.5786466,52.3950677],[5.578676,52.3950677],[5.5787053,52.3950677],[5.5787347,52.3950677],[5.5787641,52.3950677],[5.5787935,52.3950677],[5.5788229,52.3950677],[5.5788522,52.3950678],[5.5788816,52.3950678],[5.578911,52.3950678],[5.5789404,52.3950678],[5.5789698,52.3950678],[5.5789992,52.3950678],[5.5790285,52.3950678],[5.5790579,52.3950678],[5.5790873,52.3950678],[5.5791167,52.3950678],[5.5791461,52.3950679],[5.5791754,52.3950679],[5.5792048,52.3950679],[5.5792342,52.3950679],[5.5792636,52.3950679],[5.579293,52.3950679],[5.5793223,52.3950679],[5.5793517,52.3950679],[5.5793811,52.3950679],[5.5794105,52.3950679],[5.5794399,52.395068],[5.5794692,52.395068],[5.5794986,52.395068],[5.579528,52.395068],[5.5795574,52.395068],[5.5795868,52.395068],[5.5796161,52.395068],[5.5796455,52.395068],[5.5796749,52.395068],[5.5797043,52.395068],[5.5797337,52.3950681],[5.5797631,52.3950681],[5.5797924,52.3950681],[5.5798218,52.3950681],[5.5798512,52.3950681],[5.5798806,52.3950681],[5.57991,52.3950681],[5.5799393,52.3950681],[5.5799687,52.3950681],[5.5799981,52.3950681],[5.5800275,52.3950682],[5.5800569,52.3950682],[5.5800862,52.3950682],[5.5801156,52.3950682],[5.580145,52.3950682],[5.5801744,52.3950682],[5.5802038,52.3950682],[5.5802331,52.3950682],[5.5802625,52.3950682],[5.5802919,52.3950682],[5.5803213,52.3950683],[5.5803507,52.3950683],[5.58038,52.3950683],[5.5804094,52.3950683],[5.5804388,52.3950683],[5.5804682,52.3950683],[5.5804976,52.3950683],[5.580527,52.3950683],[5.5805563,52.3950683],[5.5805857,52.3950683],[5.5806151,52.3950684],[5.5806445,52.3950684],[5.5806739,52.3950684],[5.5807032,52.3950684],[5.5807326,52.3950684],[5.580762,52.3950684],[5.5807914,52.3950684],[5.5808208,52.3950684],[5.5808501,52.3950684],[5.5808795,52.3950684],[5.5809089,52.3950684],[5.5809383,52.3950685],[5.5809677,52.3950685],[5.580997,52.3950685],[5.5810264,52.3950685],[5.5810558,52.3950685],[5.5810852,52.3950685],[5.5811146,52.3950685],[5.5811439,52.3950685],[5.5811733,52.3950685],[5.5812027,52.3950685],[5.5812321,52.3950686],[5.5812615,52.3950686],[5.5812909,52.3950686],[5.5813202,52.3950686],[5.5813496,52.3950686],[5.581379,52.3950686],[5.5814084,52.3950686],[5.5814378,52.3950686],[5.5814671,52.3950686],[5.5814965,52.3950686],[5.5815259,52.3950687],[5.5815553,52.3950687],[5.5815847,52.3950687],[5.581614,52.3950687],[5.5816434,52.3950687],[5.5816728,52.3950687],[5.5817022,52.3950687],[5.5817316,52.3950687],[5.5817609,52.3950687],[5.5817903,52.3950687],[5.5818197,52.3950687],[5.5818491,52.3950688],[5.5818785,52.3950688],[5.5819078,52.3950688],[5.5819372,52.3950688],[5.5819666,52.3950688],[5.581996,52.3950688],[5.5820254,52.3950688],[5.5820547,52.3950688],[5.5820841,52.3950688],[5.5821135,52.3950688],[5.5821429,52.3950689],[5.5821723,52.3950689],[5.5822017,52.3950689],[5.582231,52.3950689],[5.5822604,52.3950689],[5.5822898,52.3950689],[5.5823192,52.3950689],[5.5823486,52.3950689],[5.5823779,52.3950689],[5.5824073,52.3950689],[5.5824367,52.3950689],[5.5824661,52.395069],[5.5824955,52.395069],[5.5825248,52.395069],[5.5825542,52.395069],[5.5825836,52.395069],[5.582613,52.395069],[5.5826424,52.395069],[5.5826717,52.395069],[5.5827011,52.395069],[5.5827305,52.395069],[5.5827599,52.395069],[5.5827893,52.3950691],[5.5828186,52.3950691],[5.582848,52.3950691],[5.5828774,52.3950691],[5.5829068,52.3950691],[5.5829362,52.3950691],[5.5829656,52.3950691],[5.5829949,52.3950691],[5.5830243,52.3950691],[5.5830537,52.3950691],[5.5830831,52.3950691],[5.5831125,52.3950692],[5.5831418,52.3950692],[5.5831712,52.3950692],[5.5832006,52.3950692],[5.58323,52.3950692],[5.5832594,52.3950692],[5.5832887,52.3950692],[5.5833181,52.3950692],[5.5833475,52.3950692],[5.5833769,52.3950692],[5.5834063,52.3950692],[5.5834356,52.3950693],[5.583465,52.3950693],[5.5834944,52.3950693],[5.5835238,52.3950693],[5.5835532,52.3950693],[5.5835825,52.3950693],[5.5836119,52.3950693],[5.5836413,52.3950693],[5.5836707,52.3950693],[5.5837001,52.3950693],[5.5837295,52.3950693],[5.5837588,52.3950694],[5.5837882,52.3950694],[5.5838176,52.3950694],[5.583847,52.3950694],[5.5838764,52.3950694],[5.5839057,52.3950694],[5.5839351,52.3950694],[5.5839645,52.3950694],[5.5839939,52.3950694],[5.5840233,52.3950694],[5.5840526,52.3950694],[5.584082,52.3950695],[5.5841114,52.3950695],[5.5841408,52.3950695],[5.5841702,52.3950695],[5.5841995,52.3950695],[5.5842289,52.3950695],[5.5842583,52.3950695],[5.5842877,52.3950695],[5.5843171,52.3950695],[5.5843464,52.3950695],[5.5843758,52.3950695],[5.5844052,52.3950696],[5.5844346,52.3950696],[5.584464,52.3950696],[5.5844934,52.3950696],[5.5845227,52.3950696],[5.5845521,52.3950696],[5.5845815,52.3950696],[5.5846109,52.3950696],[5.5846403,52.3950696],[5.5846696,52.3950696],[5.584699,52.3950696],[5.5847284,52.3950697],[5.5847578,52.3950697],[5.5847872,52.3950697],[5.5848165,52.3950697],[5.5848459,52.3950697],[5.5848753,52.3950697],[5.5849047,52.3950697],[5.5849341,52.3950697],[5.5849634,52.3950697],[5.5849928,52.3950697],[5.5850222,52.3950697],[5.5850516,52.3950697],[5.585081,52.3950698],[5.5851103,52.3950698],[5.5851397,52.3950698],[5.5851691,52.3950698],[5.5851985,52.3950698],[5.5852279,52.3950698],[5.5852572,52.3950698],[5.5852866,52.3950698],[5.585316,52.3950698],[5.5853454,52.3950698],[5.5853748,52.3950698],[5.5854042,52.3950699],[5.5854335,52.3950699],[5.5854629,52.3950699],[5.5854923,52.3950699],[5.5855217,52.3950699],[5.5855511,52.3950699],[5.5855804,52.3950699],[5.5856098,52.3950699],[5.5856392,52.3950699],[5.5856686,52.3950699],[5.585698,52.3950699],[5.5857273,52.3950699],[5.5857567,52.39507],[5.5857861,52.39507],[5.5858155,52.39507],[5.5858449,52.39507],[5.5858742,52.39507],[5.5859036,52.39507],[5.585933,52.39507],[5.5859624,52.39507],[5.5859918,52.39507],[5.5860211,52.39507],[5.5860505,52.39507],[5.5860799,52.39507],[5.5861093,52.3950701],[5.5861387,52.3950701],[5.5861681,52.3950701],[5.5861974,52.3950701],[5.5862268,52.3950701],[5.5862562,52.3950701],[5.5862856,52.3950701],[5.586315,52.3950701],[5.5863443,52.3950701],[5.5863737,52.3950701],[5.5864031,52.3950701],[5.5864325,52.3950701],[5.5864619,52.3950702],[5.5864912,52.3950702],[5.5865206,52.3950702],[5.58655,52.3950702],[5.5865794,52.3950702],[5.5866088,52.3950702],[5.5866381,52.3950702],[5.5866675,52.3950702],[5.5866969,52.3950702],[5.5867263,52.3950702],[5.5867557,52.3950702],[5.586785,52.3950702],[5.5868144,52.3950703],[5.5868438,52.3950703],[5.5868732,52.3950703],[5.5869026,52.3950703],[5.586932,52.3950703],[5.5869613,52.3950703],[5.5869907,52.3950703],[5.5870201,52.3950703],[5.5870495,52.3950703],[5.5870789,52.3950703],[5.5871082,52.3950703],[5.5871376,52.3950703],[5.587167,52.3950704],[5.5871964,52.3950704],[5.5872258,52.3950704],[5.5872551,52.3950704],[5.5872845,52.3950704],[5.5873139,52.3950704],[5.5873433,52.3950704],[5.5873727,52.3950704],[5.587402,52.3950704],[5.5874314,52.3950704],[5.5874608,52.3950704],[5.5874902,52.3950704],[5.5875196,52.3950705],[5.5875489,52.3950705],[5.5875783,52.3950705],[5.5876077,52.3950705],[5.5876371,52.3950705],[5.5876665,52.3950705],[5.5876959,52.3950705],[5.5877252,52.3950705],[5.5877546,52.3950705],[5.587784,52.3950705],[5.5878134,52.3950705],[5.5878428,52.3950705],[5.5878721,52.3950705],[5.5879015,52.3950706],[5.5879309,52.3950706],[5.5879603,52.3950706],[5.5879897,52.3950706],[5.588019,52.3950706],[5.5880484,52.3950706],[5.5880778,52.3950706],[5.5881072,52.3950706],[5.5881366,52.3950706],[5.5881659,52.3950706],[5.5881953,52.3950706],[5.5882247,52.3950706],[5.5882541,52.3950707],[5.5882835,52.3950707],[5.5883128,52.3950707],[5.5883422,52.3950707],[5.5883716,52.3950707],[5.588401,52.3950707],[5.5884304,52.3950707],[5.5884598,52.3950707],[5.5884891,52.3950707],[5.5885185,52.3950707],[5.5885479,52.3950707],[5.5885773,52.3950707],[5.5886067,52.3950707],[5.588636,52.3950708],[5.5886654,52.3950708],[5.5886948,52.3950708],[5.5887242,52.3950708],[5.5887536,52.3950708],[5.5887829,52.3950708],[5.5888123,52.3950708],[5.5888417,52.3950708],[5.5888711,52.3950708],[5.5889005,52.3950708],[5.5889298,52.3950708],[5.5889592,52.3950708],[5.5889886,52.3950708],[5.589018,52.3950709],[5.5890474,52.3950709],[5.5890767,52.3950709],[5.5891061,52.3950709],[5.5891355,52.3950709],[5.5891649,52.3950709],[5.5891943,52.3950709],[5.5892236,52.3950709],[5.589253,52.3950709],[5.5892824,52.3950709],[5.5893118,52.3950709],[5.5893412,52.3950709],[5.5893706,52.3950709],[5.5893999,52.395071],[5.5894293,52.395071],[5.5894587,52.395071],[5.5894881,52.395071],[5.5895175,52.395071],[5.5895468,52.395071],[5.5895762,52.395071],[5.5896056,52.395071],[5.589635,52.395071],[5.5896644,52.395071],[5.5896937,52.395071],[5.5897231,52.395071],[5.5897525,52.395071],[5.5897819,52.3950711],[5.5898113,52.3950711],[5.5898406,52.3950711],[5.58987,52.3950711],[5.5898994,52.3950711],[5.5899288,52.3950711],[5.5899582,52.3950711],[5.5899875,52.3950711],[5.5900169,52.3950711],[5.5900463,52.3950711],[5.5900757,52.3950711],[5.5901051,52.3950711],[5.5901345,52.3950711],[5.5901638,52.3950711],[5.5901932,52.3950712],[5.5902226,52.3950712],[5.590252,52.3950712],[5.5902814,52.3950712],[5.5903107,52.3950712],[5.5903401,52.3950712],[5.5903695,52.3950712],[5.5903989,52.3950712],[5.5904283,52.3950712],[5.5904576,52.3950712],[5.590487,52.3950712],[5.5905164,52.3950712],[5.5905458,52.3950712],[5.5905752,52.3950713],[5.5906045,52.3950713],[5.5906339,52.3950713],[5.5906633,52.3950713],[5.5906927,52.3950713],[5.5907221,52.3950713],[5.5907514,52.3950713],[5.5907808,52.3950713],[5.5908102,52.3950713],[5.5908396,52.3950713],[5.590869,52.3950713],[5.5908984,52.3950713],[5.5909277,52.3950713],[5.5909571,52.3950713],[5.5909865,52.3950714],[5.5910159,52.3950714],[5.5910453,52.3950714],[5.5910746,52.3950714],[5.591104,52.3950714],[5.5911334,52.3950714],[5.5911628,52.3950714],[5.5911922,52.3950714],[5.5912215,52.3950714],[5.5912509,52.3950714],[5.5912803,52.3950714],[5.5913097,52.3950714],[5.5913391,52.3950714],[5.5913684,52.3950714],[5.5913978,52.3950715],[5.5914272,52.3950715],[5.5914566,52.3950715],[5.591486,52.3950715],[5.5915153,52.3950715],[5.5915447,52.3950715],[5.5915741,52.3950715],[5.5916035,52.3950715],[5.5916329,52.3950715],[5.5916623,52.3950715],[5.5916916,52.3950715],[5.591721,52.3950715],[5.5917504,52.3950715],[5.5917798,52.3950715],[5.5918092,52.3950716],[5.5918385,52.3950716],[5.5918679,52.3950716],[5.5918973,52.3950716],[5.5919267,52.3950716],[5.5919561,52.3950716],[5.5919854,52.3950716],[5.5920148,52.3950716],[5.5920442,52.3950716],[5.5920736,52.3950716],[5.592103,52.3950716],[5.5921323,52.3950716],[5.5921617,52.3950716],[5.5921911,52.3950716],[5.5922205,52.3950716],[5.5922499,52.3950717],[5.5922792,52.3950717],[5.5923086,52.3950717],[5.592338,52.3950717],[5.5923674,52.3950717],[5.5923968,52.3950717],[5.5924262,52.3950717],[5.5924555,52.3950717],[5.5924849,52.3950717],[5.5925143,52.3950717],[5.5925437,52.3950717],[5.5925731,52.3950717],[5.5926024,52.3950717],[5.5926318,52.3950717],[5.5926612,52.3950718],[5.5926906,52.3950718],[5.59272,52.3950718],[5.5927493,52.3950718],[5.5927787,52.3950718],[5.5928081,52.3950718],[5.5928375,52.3950718],[5.5928669,52.3950718],[5.5928962,52.3950718],[5.5929256,52.3950718],[5.592955,52.3950718],[5.5929844,52.3950718],[5.5930138,52.3950718],[5.5930431,52.3950718],[5.5930725,52.3950718],[5.5931019,52.3950719],[5.5931313,52.3950719],[5.5931607,52.3950719],[5.59319,52.3950719],[5.5932194,52.3950719],[5.5932488,52.3950719],[5.5932782,52.3950719],[5.5933076,52.3950719],[5.593337,52.3950719],[5.5933663,52.3950719],[5.5933957,52.3950719],[5.5934251,52.3950719],[5.5934545,52.3950719],[5.5934839,52.3950719],[5.5935132,52.3950719],[5.5935426,52.395072],[5.593572,52.395072],[5.5936014,52.395072],[5.5936308,52.395072],[5.5936601,52.395072],[5.5936895,52.395072],[5.5937189,52.395072],[5.5937483,52.395072],[5.5937777,52.395072],[5.593807,52.395072],[5.5938364,52.395072],[5.5938658,52.395072],[5.5938952,52.395072],[5.5939246,52.395072],[5.5939539,52.395072],[5.5939833,52.3950721],[5.5940127,52.3950721],[5.5940421,52.3950721],[5.5940715,52.3950721],[5.5941009,52.3950721],[5.5941302,52.3950721],[5.5941596,52.3950721],[5.594189,52.3950721],[5.5942184,52.3950721],[5.5942478,52.3950721],[5.5942771,52.3950721],[5.5943065,52.3950721],[5.5943359,52.3950721],[5.5943653,52.3950721],[5.5943947,52.3950721],[5.594424,52.3950721],[5.5944534,52.3950722],[5.5944828,52.3950722],[5.5945122,52.3950722],[5.5945416,52.3950722],[5.5945709,52.3950722],[5.5946003,52.3950722],[5.5946297,52.3950722],[5.5946591,52.3950722],[5.5946885,52.3950722],[5.5947178,52.3950722],[5.5947472,52.3950722],[5.5947766,52.3950722],[5.594806,52.3950722],[5.5948354,52.3950722],[5.5948648,52.3950722],[5.5948941,52.3950722],[5.5949235,52.3950723],[5.5949529,52.3950723],[5.5949823,52.3950723],[5.5950117,52.3950723],[5.595041,52.3950723],[5.5950704,52.3950723],[5.5950998,52.3950723],[5.5951292,52.3950723],[5.5951586,52.3950723],[5.5951879,52.3950723],[5.5952173,52.3950723],[5.5952467,52.3950723],[5.5952761,52.3950723],[5.5953055,52.3950723],[5.5953348,52.3950723],[5.5953642,52.3950723],[5.5953936,52.3950724],[5.595423,52.3950724],[5.5954524,52.3950724],[5.5954817,52.3950724],[5.5955111,52.3950724],[5.5955405,52.3950724],[5.5955699,52.3950724],[5.5955993,52.3950724],[5.5956287,52.3950724],[5.595658,52.3950724],[5.5956874,52.3950724],[5.5957168,52.3950724],[5.5957462,52.3950724],[5.5957756,52.3950724],[5.5958049,52.3950724],[5.5958343,52.3950724],[5.5958637,52.3950724],[5.5958931,52.3950725],[5.5959225,52.3950725],[5.5959518,52.3950725],[5.5959812,52.3950725],[5.5960106,52.3950725],[5.59604,52.3950725],[5.5960694,52.3950725],[5.5960987,52.3950725],[5.5961281,52.3950725],[5.5961575,52.3950725],[5.5961869,52.3950725],[5.5962163,52.3950725],[5.5962456,52.3950725],[5.596275,52.3950725],[5.5963044,52.3950725],[5.5963338,52.3950725],[5.5963632,52.3950725],[5.5963926,52.3950726],[5.5964219,52.3950726],[5.5964513,52.3950726],[5.5964807,52.3950726],[5.5965101,52.3950726],[5.5965395,52.3950726],[5.5965688,52.3950726],[5.5965982,52.3950726],[5.5966276,52.3950726],[5.596657,52.3950726],[5.5966864,52.3950726],[5.5967157,52.3950726],[5.5967451,52.3950726],[5.5967745,52.3950726],[5.5968039,52.3950726],[5.5968333,52.3950726],[5.5968626,52.3950726],[5.596892,52.3950727],[5.5969214,52.3950727],[5.5969508,52.3950727],[5.5969802,52.3950727],[5.5970095,52.3950727],[5.5970389,52.3950727],[5.5970683,52.3950727],[5.5970977,52.3950727],[5.5971271,52.3950727],[5.5971565,52.3950727],[5.5971858,52.3950727],[5.5972152,52.3950727],[5.5972446,52.3950727],[5.597274,52.3950727],[5.5973034,52.3950727],[5.5973327,52.3950727],[5.5973621,52.3950727],[5.5973915,52.3950728],[5.5974209,52.3950728],[5.5974503,52.3950728],[5.5974796,52.3950728],[5.597509,52.3950728],[5.5975384,52.3950728],[5.5975678,52.3950728],[5.5975972,52.3950728],[5.5976265,52.3950728],[5.5976559,52.3950728],[5.5976853,52.3950728],[5.5977147,52.3950728],[5.5977441,52.3950728],[5.5977734,52.3950728],[5.5978028,52.3950728],[5.5978322,52.3950728],[5.5978616,52.3950728],[5.597891,52.3950728],[5.5979203,52.3950729],[5.5979497,52.3950729],[5.5979791,52.3950729],[5.5980085,52.3950729],[5.5980379,52.3950729],[5.5980673,52.3950729],[5.5980966,52.3950729],[5.598126,52.3950729],[5.5981554,52.3950729],[5.5981848,52.3950729],[5.5982142,52.3950729],[5.5982435,52.3950729],[5.5982729,52.3950729],[5.5983023,52.3950729],[5.5983317,52.3950729],[5.5983611,52.3950729],[5.5983904,52.3950729],[5.5984198,52.3950729],[5.5984492,52.3950729],[5.5984786,52.395073],[5.598508,52.395073],[5.5985373,52.395073],[5.5985667,52.395073],[5.5985961,52.395073],[5.5986255,52.395073],[5.5986549,52.395073],[5.5986842,52.395073],[5.5987136,52.395073],[5.598743,52.395073],[5.5987724,52.395073],[5.5988018,52.395073],[5.5988312,52.395073],[5.5988605,52.395073],[5.5988899,52.395073],[5.5989193,52.395073],[5.5989487,52.395073],[5.5989781,52.395073],[5.5990074,52.395073],[5.5990368,52.3950731],[5.5990662,52.3950731],[5.5990956,52.3950731],[5.599125,52.3950731],[5.5991543,52.3950731],[5.5991837,52.3950731],[5.5992131,52.3950731],[5.5992425,52.3950731],[5.5992719,52.3950731],[5.5993012,52.3950731],[5.5993306,52.3950731],[5.59936,52.3950731],[5.5993894,52.3950731],[5.5994188,52.3950731],[5.5994481,52.3950731],[5.5994775,52.3950731],[5.5995069,52.3950731],[5.5995363,52.3950731],[5.5995657,52.3950731],[5.5995951,52.3950732],[5.5996244,52.3950732],[5.5996538,52.3950732],[5.5996832,52.3950732],[5.5997126,52.3950732],[5.599742,52.3950732],[5.5997713,52.3950732],[5.5998007,52.3950732],[5.5998301,52.3950732],[5.5998595,52.3950732],[5.5998889,52.3950732],[5.5999182,52.3950732],[5.5999476,52.3950732],[5.599977,52.3950732],[5.6000064,52.3950732],[5.6000358,52.3950732],[5.6000651,52.3950732],[5.6000945,52.3950732],[5.6001239,52.3950732],[5.6001533,52.3950732],[5.6001827,52.3950733],[5.600212,52.3950733],[5.6002414,52.3950733],[5.6002708,52.3950733],[5.6003002,52.3950733],[5.6003296,52.3950733],[5.600359,52.3950733],[5.6003883,52.3950733],[5.6004177,52.3950733],[5.6004471,52.3950733],[5.6004765,52.3950733],[5.6005059,52.3950733],[5.6005352,52.3950733],[5.6005646,52.3950733],[5.600594,52.3950733],[5.6006234,52.3950733],[5.6006528,52.3950733],[5.6006821,52.3950733],[5.6007115,52.3950733],[5.6007409,52.3950733],[5.6007703,52.3950733],[5.6007997,52.3950734],[5.600829,52.3950734],[5.6008584,52.3950734],[5.6008878,52.3950734],[5.6009172,52.3950734],[5.6009466,52.3950734],[5.6009759,52.3950734],[5.6010053,52.3950734],[5.6010347,52.3950734],[5.6010641,52.3950734],[5.6010935,52.3950734],[5.6011229,52.3950734],[5.6011522,52.3950734],[5.6011816,52.3950734],[5.601211,52.3950734],[5.6012404,52.3950734],[5.6012698,52.3950734],[5.6012991,52.3950734],[5.6013285,52.3950734],[5.6013579,52.3950734],[5.6013873,52.3950734],[5.6014167,52.3950735],[5.601446,52.3950735],[5.6014754,52.3950735],[5.6015048,52.3950735],[5.6015342,52.3950735],[5.6015636,52.3950735],[5.6015929,52.3950735],[5.6016223,52.3950735],[5.6016517,52.3950735],[5.6016811,52.3950735],[5.6017105,52.3950735],[5.6017398,52.3950735],[5.6017692,52.3950735],[5.6017986,52.3950735],[5.601828,52.3950735],[5.6018574,52.3950735],[5.6018867,52.3950735],[5.6019161,52.3950735],[5.6019455,52.3950735],[5.6019749,52.3950735],[5.6020043,52.3950735],[5.6020337,52.3950735],[5.602063,52.3950736],[5.6020924,52.3950736],[5.6021218,52.3950736],[5.6021512,52.3950736],[5.6021806,52.3950736],[5.6022099,52.3950736],[5.6022393,52.3950736],[5.6022687,52.3950736],[5.6022981,52.3950736],[5.6023275,52.3950736],[5.6023568,52.3950736],[5.6023862,52.3950736],[5.6024156,52.3950736],[5.602445,52.3950736],[5.6024744,52.3950736],[5.6025037,52.3950736],[5.6025331,52.3950736],[5.6025625,52.3950736],[5.6025919,52.3950736],[5.6026213,52.3950736],[5.6026506,52.3950736],[5.60268,52.3950736],[5.6027094,52.3950736],[5.6027388,52.3950737],[5.6027682,52.3950737],[5.6027976,52.3950737],[5.6028269,52.3950737],[5.6028563,52.3950737],[5.6028857,52.3950737],[5.6029151,52.3950737],[5.6029445,52.3950737],[5.6029738,52.3950737],[5.6030032,52.3950737],[5.6030326,52.3950737],[5.603062,52.3950737],[5.6030914,52.3950737],[5.6031207,52.3950737],[5.6031501,52.3950737],[5.6031795,52.3950737],[5.6032089,52.3950737],[5.6032383,52.3950737],[5.6032676,52.3950737],[5.603297,52.3950737],[5.6033264,52.3950737],[5.6033558,52.3950737],[5.6033852,52.3950737],[5.6034145,52.3950737],[5.6034439,52.3950738],[5.6034733,52.3950738],[5.6035027,52.3950738],[5.6035321,52.3950738],[5.6035615,52.3950738],[5.6035908,52.3950738],[5.6036202,52.3950738],[5.6036496,52.3950738],[5.603679,52.3950738],[5.6037084,52.3950738],[5.6037377,52.3950738],[5.6037671,52.3950738],[5.6037965,52.3950738],[5.6038259,52.3950738],[5.6038553,52.3950738],[5.6038846,52.3950738],[5.603914,52.3950738],[5.6039434,52.3950738],[5.6039728,52.3950738],[5.6040022,52.3950738],[5.6040315,52.3950738],[5.6040609,52.3950738],[5.6040903,52.3950738],[5.6041197,52.3950738],[5.6041491,52.3950739],[5.6041784,52.3950739],[5.6042078,52.3950739],[5.6042372,52.3950739],[5.6042666,52.3950739],[5.604296,52.3950739],[5.6043254,52.3950739],[5.6043547,52.3950739],[5.6043841,52.3950739],[5.6044135,52.3950739],[5.6044429,52.3950739],[5.6044723,52.3950739],[5.6045016,52.3950739],[5.604531,52.3950739],[5.6045604,52.3950739],[5.6045898,52.3950739],[5.6046192,52.3950739],[5.6046485,52.3950739],[5.6046779,52.3950739],[5.6047073,52.3950739],[5.6047367,52.3950739],[5.6047661,52.3950739],[5.6047954,52.3950739],[5.6048248,52.3950739],[5.6048542,52.3950739],[5.6048836,52.3950739],[5.604913,52.395074],[5.6049423,52.395074],[5.6049717,52.395074],[5.6050011,52.395074],[5.6050305,52.395074],[5.6050599,52.395074],[5.6050893,52.395074],[5.6051186,52.395074],[5.605148,52.395074],[5.6051774,52.395074],[5.6052068,52.395074],[5.6052362,52.395074],[5.6052655,52.395074],[5.6052949,52.395074],[5.6053243,52.395074],[5.6053537,52.395074],[5.6053831,52.395074],[5.6054124,52.395074],[5.6054418,52.395074],[5.6054712,52.395074],[5.6055006,52.395074],[5.60553,52.395074],[5.6055593,52.395074],[5.6055887,52.395074],[5.6056181,52.395074],[5.6056475,52.395074],[5.6056769,52.395074],[5.6057062,52.395074],[5.6057356,52.3950741],[5.605765,52.3950741],[5.6057944,52.3950741],[5.6058238,52.3950741],[5.6058532,52.3950741],[5.6058825,52.3950741],[5.6059119,52.3950741],[5.6059413,52.3950741],[5.6059707,52.3950741],[5.6060001,52.3950741],[5.6060294,52.3950741],[5.6060588,52.3950741],[5.6060882,52.3950741],[5.6061176,52.3950741],[5.606147,52.3950741],[5.6061763,52.3950741],[5.6062057,52.3950741],[5.6062351,52.3950741],[5.6062645,52.3950741],[5.6062939,52.3950741],[5.6063232,52.3950741],[5.6063526,52.3950741],[5.606382,52.3950741],[5.6064114,52.3950741],[5.6064408,52.3950741],[5.6064701,52.3950741],[5.6064995,52.3950741],[5.6065289,52.3950741],[5.6065583,52.3950741],[5.6065877,52.3950742],[5.606617,52.3950742],[5.6066464,52.3950742],[5.6066758,52.3950742],[5.6067052,52.3950742],[5.6067346,52.3950742],[5.606764,52.3950742],[5.6067933,52.3950742],[5.6068227,52.3950742],[5.6068521,52.3950742],[5.6068815,52.3950742],[5.6069109,52.3950742],[5.6069402,52.3950742],[5.6069696,52.3950742],[5.606999,52.3950742],[5.6070284,52.3950742],[5.6070578,52.3950742],[5.6070871,52.3950742],[5.6071165,52.3950742],[5.6071459,52.3950742],[5.6071753,52.3950742],[5.6072047,52.3950742],[5.607234,52.3950742],[5.6072634,52.3950742],[5.6072928,52.3950742],[5.6073222,52.3950742],[5.6073516,52.3950742],[5.6073809,52.3950742],[5.6074103,52.3950742],[5.6074397,52.3950742],[5.6074691,52.3950742],[5.6074985,52.3950743],[5.6075279,52.3950743],[5.6075572,52.3950743],[5.6075866,52.3950743],[5.607616,52.3950743],[5.6076454,52.3950743],[5.6076748,52.3950743],[5.6077041,52.3950743],[5.6077335,52.3950743],[5.6077629,52.3950743],[5.6077923,52.3950743],[5.6078217,52.3950743],[5.607851,52.3950743],[5.6078804,52.3950743],[5.6079098,52.3950743],[5.6079392,52.3950743],[5.6079686,52.3950743],[5.6079979,52.3950743],[5.6080273,52.3950743],[5.6080567,52.3950743],[5.6080861,52.3950743],[5.6081155,52.3950743],[5.6081448,52.3950743],[5.6081742,52.3950743],[5.6082036,52.3950743],[5.608233,52.3950743],[5.6082624,52.3950743],[5.6082918,52.3950743],[5.6083211,52.3950743],[5.6083505,52.3950743],[5.6083799,52.3950743],[5.6084093,52.3950743],[5.6084387,52.3950743],[5.608468,52.3950744],[5.6084974,52.3950744],[5.6085268,52.3950744],[5.6085562,52.3950744],[5.6085856,52.3950744],[5.6086149,52.3950744],[5.6086443,52.3950744],[5.6086737,52.3950744],[5.6087031,52.3950744],[5.6087325,52.3950744],[5.6087618,52.3950744],[5.6087912,52.3950744],[5.6088206,52.3950744],[5.60885,52.3950744],[5.6088794,52.3950744],[5.6089087,52.3950744],[5.6089381,52.3950744],[5.6089675,52.3950744],[5.6089969,52.3950744],[5.6090263,52.3950744],[5.6090557,52.3950744],[5.609085,52.3950744],[5.6091144,52.3950744],[5.6091438,52.3950744],[5.6091732,52.3950744],[5.6092026,52.3950744],[5.6092319,52.3950744],[5.6092613,52.3950744],[5.6092907,52.3950744],[5.6093201,52.3950744],[5.6093495,52.3950744],[5.6093788,52.3950744],[5.6094082,52.3950744],[5.6094376,52.3950744],[5.609467,52.3950744],[5.6094964,52.3950744],[5.6095257,52.3950744],[5.6095551,52.3950745],[5.6095845,52.3950745],[5.6096139,52.3950745],[5.6096433,52.3950745],[5.6096726,52.3950745],[5.609702,52.3950745],[5.6097314,52.3950745],[5.6097608,52.3950745],[5.6097902,52.3950745],[5.6098196,52.3950745],[5.6098489,52.3950745],[5.6098783,52.3950745],[5.6099077,52.3950745],[5.6099371,52.3950745],[5.6099665,52.3950745],[5.6099958,52.3950745],[5.6100252,52.3950745],[5.6100546,52.3950745],[5.610084,52.3950745],[5.6101134,52.3950745],[5.6101427,52.3950745],[5.6101721,52.3950745],[5.6102015,52.3950745],[5.6102309,52.3950745],[5.6102603,52.3950745],[5.6102896,52.3950745],[5.610319,52.3950745],[5.6103484,52.3950745],[5.6103778,52.3950745],[5.6104072,52.3950745],[5.6104365,52.3950745],[5.6104659,52.3950745],[5.6104953,52.3950745],[5.6105247,52.3950745],[5.6105541,52.3950745],[5.6105835,52.3950745],[5.6106128,52.3950745],[5.6106422,52.3950745],[5.6106716,52.3950745],[5.610701,52.3950745],[5.6107304,52.3950745],[5.6107597,52.3950746],[5.6107891,52.3950746],[5.6108185,52.3950746],[5.6108479,52.3950746],[5.6108773,52.3950746],[5.6109066,52.3950746],[5.610936,52.3950746],[5.6109654,52.3950746],[5.6109948,52.3950746],[5.6110242,52.3950746],[5.6110535,52.3950746],[5.6110829,52.3950746],[5.6111123,52.3950746],[5.6111417,52.3950746],[5.6111711,52.3950746],[5.6112004,52.3950746],[5.6112298,52.3950746],[5.6112592,52.3950746],[5.6112886,52.3950746],[5.611318,52.3950746],[5.6113474,52.3950746],[5.6113767,52.3950746],[5.6114061,52.3950746],[5.6114355,52.3950746],[5.6114649,52.3950746],[5.6114943,52.3950746],[5.6115236,52.3950746],[5.611553,52.3950746],[5.6115824,52.3950746],[5.6116118,52.3950746],[5.6116412,52.3950746],[5.6116705,52.3950746],[5.6116999,52.3950746],[5.6117293,52.3950746],[5.6117587,52.3950746],[5.6117881,52.3950746],[5.6118174,52.3950746],[5.6118468,52.3950746],[5.6118762,52.3950746],[5.6119056,52.3950746],[5.611935,52.3950746],[5.6119643,52.3950746],[5.6119937,52.3950746],[5.6120231,52.3950746],[5.6120525,52.3950746],[5.6120819,52.3950746],[5.6121112,52.3950746],[5.6121406,52.3950747],[5.61217,52.3950747],[5.6121994,52.3950747],[5.6122288,52.3950747],[5.6122582,52.3950747],[5.6122875,52.3950747],[5.6123169,52.3950747],[5.6123463,52.3950747],[5.6123757,52.3950747],[5.6124051,52.3950747],[5.6124344,52.3950747],[5.6124638,52.3950747],[5.6124932,52.3950747],[5.6125226,52.3950747],[5.612552,52.3950747],[5.6125813,52.3950747],[5.6126107,52.3950747],[5.6126401,52.3950747],[5.6126695,52.3950747],[5.6126989,52.3950747],[5.6127282,52.3950747],[5.6127576,52.3950747],[5.612787,52.3950747],[5.6128164,52.3950747],[5.6128458,52.3950747],[5.6128751,52.3950747],[5.6129045,52.3950747],[5.6129339,52.3950747],[5.6129633,52.3950747],[5.6129927,52.3950747],[5.6130221,52.3950747],[5.6130514,52.3950747],[5.6130808,52.3950747],[5.6131102,52.3950747],[5.6131396,52.3950747],[5.613169,52.3950747],[5.6131983,52.3950747],[5.6132277,52.3950747],[5.6132571,52.3950747],[5.6132865,52.3950747],[5.6133159,52.3950747],[5.6133452,52.3950747],[5.6133746,52.3950747],[5.613404,52.3950747],[5.6134334,52.3950747],[5.6134628,52.3950747],[5.6134921,52.3950747],[5.6135215,52.3950747],[5.6135509,52.3950747],[5.6135803,52.3950747],[5.6136097,52.3950747],[5.613639,52.3950747],[5.6136684,52.3950747],[5.6136978,52.3950747],[5.6137272,52.3950747],[5.6137566,52.3950747],[5.613786,52.3950747],[5.6138153,52.3950748],[5.6138447,52.3950748],[5.6138741,52.3950748],[5.6139035,52.3950748],[5.6139329,52.3950748],[5.6139622,52.3950748],[5.6139916,52.3950748],[5.614021,52.3950748],[5.6140504,52.3950748],[5.6140798,52.3950748],[5.6141091,52.3950748],[5.6141385,52.3950748],[5.6141679,52.3950748],[5.6141973,52.3950748],[5.6142267,52.3950748],[5.614256,52.3950748],[5.6142854,52.3950748],[5.6143148,52.3950748],[5.6143442,52.3950748],[5.6143736,52.3950748],[5.6144029,52.3950748],[5.6144323,52.3950748],[5.6144617,52.3950748],[5.6144911,52.3950748],[5.6145205,52.3950748],[5.6145499,52.3950748],[5.6145792,52.3950748],[5.6146086,52.3950748],[5.614638,52.3950748],[5.6146674,52.3950748],[5.6146968,52.3950748],[5.6147261,52.3950748],[5.6147555,52.3950748],[5.6147849,52.3950748],[5.6148143,52.3950748],[5.6148437,52.3950748],[5.614873,52.3950748],[5.6149024,52.3950748],[5.6149318,52.3950748],[5.6149612,52.3950748],[5.6149906,52.3950748],[5.6150199,52.3950748],[5.6150493,52.3950748],[5.6150787,52.3950748],[5.6151081,52.3950748],[5.6151375,52.3950748],[5.6151668,52.3950748],[5.6151962,52.3950748],[5.6152256,52.3950748],[5.615255,52.3950748],[5.6152844,52.3950748],[5.6153138,52.3950748],[5.6153431,52.3950748],[5.6153725,52.3950748],[5.6154019,52.3950748],[5.6154313,52.3950748],[5.6154607,52.3950748],[5.61549,52.3950748],[5.6155194,52.3950748],[5.6155488,52.3950748],[5.6155782,52.3950748],[5.6156076,52.3950748],[5.6156369,52.3950748],[5.6156663,52.3950748],[5.6156957,52.3950748],[5.6157251,52.3950748],[5.6157545,52.3950748],[5.6157838,52.3950748],[5.6158132,52.3950748],[5.6158426,52.3950748],[5.615872,52.3950748],[5.6159014,52.3950748],[5.6159307,52.3950748],[5.6159601,52.3950748],[5.6159895,52.3950748],[5.6160189,52.3950748],[5.6160483,52.3950748],[5.6160777,52.3950748],[5.616107,52.3950748],[5.6161364,52.3950748],[5.6161658,52.3950749],[5.6161952,52.3950749],[5.6162246,52.3950749],[5.6162539,52.3950749],[5.6162833,52.3950749],[5.6163127,52.3950749],[5.6163421,52.3950749],[5.6163715,52.3950749],[5.6164008,52.3950749],[5.6164302,52.3950749],[5.6164596,52.3950749],[5.616489,52.3950749],[5.6165184,52.3950749],[5.6165477,52.3950749],[5.6165771,52.3950749],[5.6166065,52.3950749],[5.6166359,52.3950749],[5.6166653,52.3950749],[5.6166946,52.3950749],[5.616724,52.3950749],[5.6167534,52.3950749],[5.6167828,52.3950749],[5.6168122,52.3950749],[5.6168415,52.3950749],[5.6168709,52.3950749],[5.6169003,52.3950749],[5.6169297,52.3950749],[5.6169591,52.3950749],[5.6169885,52.3950749],[5.6170178,52.3950749],[5.6170472,52.3950749],[5.6170766,52.3950749],[5.617106,52.3950749],[5.6171354,52.3950749],[5.6171647,52.3950749],[5.6171941,52.3950749],[5.6172235,52.3950749],[5.6172529,52.3950749],[5.6172823,52.3950749],[5.6173116,52.3950749],[5.617341,52.3950749],[5.6173704,52.3950749],[5.6173998,52.3950749],[5.6174292,52.3950749],[5.6174585,52.3950749],[5.6174879,52.3950749],[5.6175173,52.3950749],[5.6175467,52.3950749],[5.6175761,52.3950749],[5.6176054,52.3950749],[5.6176348,52.3950749],[5.6176642,52.3950749],[5.6176936,52.3950749],[5.617723,52.3950749],[5.6177524,52.3950749],[5.6177817,52.3950749],[5.6178111,52.3950749],[5.6178405,52.3950749],[5.6178699,52.3950749],[5.6178993,52.3950749],[5.6179286,52.3950749],[5.617958,52.3950749],[5.6179874,52.3950749],[5.6180168,52.3950749],[5.6180462,52.3950749],[5.6180755,52.3950749],[5.6181049,52.3950749],[5.6181343,52.3950749],[5.6181637,52.3950749],[5.6181931,52.3950749],[5.6182224,52.3950749],[5.6182518,52.3950749],[5.6182812,52.3950749],[5.6183106,52.3950749],[5.61834,52.3950749],[5.6183693,52.3950749],[5.6183987,52.3950749],[5.6184281,52.3950749],[5.6184575,52.3950749],[5.6184869,52.3950749],[5.6185163,52.3950749],[5.6185456,52.3950749],[5.618575,52.3950749],[5.6186044,52.3950749],[5.6186338,52.3950749],[5.6186632,52.3950749],[5.6186925,52.3950749],[5.6187219,52.3950749],[5.6187513,52.3950749],[5.6187807,52.3950749],[5.6188101,52.3950749],[5.6188394,52.3950749],[5.6188688,52.3950749],[5.6188982,52.3950749],[5.6189276,52.3950749],[5.618957,52.3950749],[5.6189863,52.3950749],[5.6190157,52.3950749],[5.6190451,52.3950749],[5.6190745,52.3950749],[5.6191039,52.3950749],[5.6191332,52.3950749],[5.6191626,52.3950749],[5.619192,52.3950749],[5.6192214,52.3950749],[5.6192508,52.3950749],[5.6192802,52.3950749],[5.6193095,52.3950749],[5.6193389,52.3950749],[5.6193683,52.3950749],[5.6193977,52.3950749],[5.6194271,52.3950749],[5.6194564,52.3950749],[5.6194858,52.3950749],[5.6195152,52.3950749],[5.6195446,52.3950749],[5.619574,52.3950749],[5.6196033,52.3950749],[5.6196327,52.3950749],[5.6196621,52.3950749],[5.6196915,52.3950749],[5.6197209,52.3950749],[5.6197502,52.3950749],[5.6197796,52.3950749],[5.619809,52.3950749],[5.6198384,52.3950749],[5.6198678,52.3950749],[5.6198971,52.3950749],[5.6199265,52.3950749],[5.6199559,52.3950749],[5.6199853,52.3950749],[5.6200147,52.3950749],[5.6200441,52.3950749],[5.6200734,52.3950749],[5.6201028,52.3950749],[5.6201322,52.3950749],[5.6201616,52.3950749],[5.620191,52.3950749],[5.6202203,52.3950749],[5.6202497,52.3950749],[5.6202791,52.3950749],[5.6203085,52.3950749],[5.6203379,52.3950749],[5.6203672,52.3950749],[5.6203966,52.3950749],[5.620426,52.3950749],[5.6204554,52.3950749],[5.6204848,52.3950749],[5.6205141,52.3950749],[5.6205435,52.3950749],[5.6205729,52.3950749],[5.6206023,52.3950749],[5.6206317,52.3950749],[5.620661,52.3950749],[5.6206904,52.3950749],[5.6207198,52.3950749],[5.6207492,52.3950749],[5.6207786,52.3950749],[5.620808,52.3950749],[5.6208373,52.3950749],[5.6208667,52.3950749],[5.6208961,52.3950749],[5.6209255,52.3950749],[5.6209549,52.3950749],[5.6209842,52.3950749],[5.6210136,52.3950749],[5.621043,52.3950749],[5.6210724,52.3950749],[5.6211018,52.3950749],[5.6211311,52.3950749],[5.6211605,52.3950749],[5.6211899,52.3950749],[5.6212193,52.3950749],[5.6212487,52.3950749],[5.621278,52.3950749],[5.6213074,52.3950749],[5.6213368,52.3950749],[5.6213662,52.3950749],[5.6213956,52.3950749],[5.6214249,52.3950749],[5.6214543,52.3950749],[5.6214837,52.3950749],[5.6215131,52.3950749],[5.6215425,52.3950749],[5.6215719,52.3950749],[5.6216012,52.3950749],[5.6216306,52.3950749],[5.62166,52.3950749],[5.6216894,52.3950749],[5.6217188,52.3950749],[5.6217481,52.3950749],[5.6217775,52.3950749],[5.6218069,52.3950749],[5.6218363,52.3950749],[5.6218657,52.3950749],[5.621895,52.3950749],[5.6219244,52.3950749],[5.6219538,52.3950749],[5.6219832,52.3950749],[5.6220126,52.3950749],[5.6220419,52.3950749],[5.6220713,52.3950749],[5.6221007,52.3950749],[5.6221301,52.3950749],[5.6221595,52.3950749],[5.6221888,52.3950749],[5.6222182,52.3950749],[5.6222476,52.3950749],[5.622277,52.3950749],[5.6223064,52.3950749],[5.6223357,52.3950749],[5.6223651,52.3950749],[5.6223945,52.3950749],[5.6224239,52.3950749],[5.6224533,52.3950749],[5.6224827,52.3950749],[5.622512,52.3950749],[5.6225414,52.3950749],[5.6225708,52.3950749],[5.6226002,52.3950749],[5.6226296,52.3950749],[5.6226589,52.3950749],[5.6226883,52.3950749],[5.6227177,52.3950749],[5.6227471,52.3950749],[5.6227765,52.3950749],[5.6228058,52.3950749],[5.6228352,52.3950749],[5.6228646,52.3950749],[5.622894,52.3950749],[5.6229234,52.3950749],[5.6229527,52.3950749],[5.6229821,52.3950749],[5.6230115,52.3950749],[5.6230409,52.3950749],[5.6230703,52.3950749],[5.6230996,52.3950749],[5.623129,52.3950749],[5.6231584,52.3950749],[5.6231878,52.3950749],[5.6232172,52.3950749],[5.6232466,52.3950749],[5.6232759,52.3950749],[5.6233053,52.3950749],[5.6233347,52.3950749],[5.6233641,52.3950749],[5.6233935,52.3950749],[5.6234228,52.3950749],[5.6234522,52.3950749],[5.6234816,52.3950749],[5.623511,52.3950749],[5.6235404,52.3950749],[5.6235697,52.3950749],[5.6235991,52.3950749],[5.6236285,52.3950749],[5.6236579,52.3950749],[5.6236873,52.3950749],[5.6237166,52.3950749],[5.623746,52.3950749],[5.6237754,52.3950749],[5.6238048,52.3950749],[5.6238342,52.3950749],[5.6238635,52.3950748],[5.6238929,52.3950748],[5.6239223,52.3950748],[5.6239517,52.3950748],[5.6239811,52.3950748],[5.6240105,52.3950748],[5.6240398,52.3950748],[5.6240692,52.3950748],[5.6240986,52.3950748],[5.624128,52.3950748],[5.6241574,52.3950748],[5.6241867,52.3950748],[5.6242161,52.3950748],[5.6242455,52.3950748],[5.6242749,52.3950748],[5.6243043,52.3950748],[5.6243336,52.3950748],[5.624363,52.3950748],[5.6243924,52.3950748],[5.6244218,52.3950748],[5.6244512,52.3950748],[5.6244805,52.3950748],[5.6245099,52.3950748],[5.6245393,52.3950748],[5.6245687,52.3950748],[5.6245981,52.3950748],[5.6246274,52.3950748],[5.6246568,52.3950748],[5.6246862,52.3950748],[5.6247156,52.3950748],[5.624745,52.3950748],[5.6247744,52.3950748],[5.6248037,52.3950748],[5.6248331,52.3950748],[5.6248625,52.3950748],[5.6248919,52.3950748],[5.6249213,52.3950748],[5.6249506,52.3950748],[5.62498,52.3950748],[5.6250094,52.3950748],[5.6250388,52.3950748],[5.6250682,52.3950748],[5.6250975,52.3950748],[5.6251269,52.3950748],[5.6251563,52.3950748],[5.6251857,52.3950748],[5.6252151,52.3950748],[5.6252444,52.3950748],[5.6252738,52.3950748],[5.6253032,52.3950748],[5.6253326,52.3950748],[5.625362,52.3950748],[5.6253913,52.3950748],[5.6254207,52.3950748],[5.6254501,52.3950748],[5.6254795,52.3950748],[5.6255089,52.3950748],[5.6255383,52.3950748],[5.6255676,52.3950748],[5.625597,52.3950748],[5.6256264,52.3950748],[5.6256558,52.3950748],[5.6256852,52.3950748],[5.6257145,52.3950748],[5.6257439,52.3950748],[5.6257733,52.3950748],[5.6258027,52.3950748],[5.6258321,52.3950748],[5.6258614,52.3950748],[5.6258908,52.3950748],[5.6259202,52.3950748],[5.6259496,52.3950748],[5.625979,52.3950748],[5.6260083,52.3950748],[5.6260377,52.3950748],[5.6260671,52.3950748],[5.6260965,52.3950748],[5.6261259,52.3950748],[5.6261552,52.3950748],[5.6261846,52.3950748],[5.626214,52.3950747],[5.6262434,52.3950747],[5.6262728,52.3950747],[5.6263022,52.3950747],[5.6263315,52.3950747],[5.6263609,52.3950747],[5.6263903,52.3950747],[5.6264197,52.3950747],[5.6264491,52.3950747],[5.6264784,52.3950747],[5.6265078,52.3950747],[5.6265372,52.3950747],[5.6265666,52.3950747],[5.626596,52.3950747],[5.6266253,52.3950747],[5.6266547,52.3950747],[5.6266841,52.3950747],[5.6267135,52.3950747],[5.6267429,52.3950747],[5.6267722,52.3950747],[5.6268016,52.3950747],[5.626831,52.3950747],[5.6268604,52.3950747],[5.6268898,52.3950747],[5.6269191,52.3950747],[5.6269485,52.3950747],[5.6269779,52.3950747]]}},{"type":"Feature","properties":{"landuse":"forest","leaf_type":"mixed","height":20},"geometry":{"type":"Polygon","coordinates":[[[5.6569712,52.389749],[5.6696034,52.3897443],[5.6696088,52.3945972],[5.6569753,52.3946018],[5.6569712,52.389749]]]}},{"type":"Feature","properties":{"building":"house","height":8,"roof:shape":"gabled"},"geometry":{"type":"Polygon","coordinates":[[[5.6205905,52.4399326],[5.6206934,52.4400202],[5.6205859,52.4400674],[5.620483,52.4399798],[5.6205905,52.4399326]]]}},{"type":"Feature","properties":{"building":"barn","height":10},"geometry":{"type":"Polygon","coordinates":[[[5.6208031,52.4399634],[5.6212104,52.4400671],[5.6211086,52.4402164],[5.6207013,52.4401127],[5.6208031,52.4399634]]]}},{"type":"Feature","properties":{"natural":"tree_row","leaf_type":"broadleaved","height":14},"geometry":{"type":"LineString","coordinates":[[5.6202941,52.4398203],[5.6208823,52.4397753]]}},{"type":"Feature","properties":{"building":"house","height":8,"roof:shape":"gabled"},"geometry":{"type":"Polygon","coordinates":[[[5.6193283,52.4597264],[5.6195044,52.4597342],[5.6194948,52.4598149],[5.6193187,52.4598071],[5.6193283,52.4597264]]]}},{"type":"Feature","properties":{"building":"barn","height":10},"geometry":{"type":"Polygon","coordinates":[[[5.6189216,52.4597222],[5.6193011,52.4598598],[5.6191659,52.4599989],[5.6187864,52.4598613],[5.6189216,52.4597222]]]}},{"type":"Feature","properties":{"natural":"tree_row","leaf_type":"broadleaved","height":14},"geometry":{"type":"LineString","coordinates":[[5.6191173,52.4595909],[5.6197058,52.459546]]}},{"type":"Feature","properties":{"building":"house","height":8,"roof:shape":"gabled"},"geometry":{"type":"Polygon","coordinates":[[[5.6205515,52.4794779],[5.6206989,52.4795372],[5.620626,52.4796047],[5.6204786,52.4795454],[5.6205515,52.4794779]]]}},{"type":"Feature","properties":{"building":"barn","height":10},"geometry":{"type":"Polygon","coordinates":[[[5.6209257,52.4794751],[5.6211968,52.4796879],[5.6209877,52.4797872],[5.6207166,52.4795744],[5.6209257,52.4794751]]]}},{"type":"Feature","properties":{"natural":"tree_row","leaf_type":"broadleaved","height":14},"geometry":{"type":"LineString","coordinates":[[5.6202944,52.4793616],[5.6208831,52.4793166]]}},{"type":"Feature","properties":{"building":"house","height":8,"roof:shape":"gabled"},"geometry":{"type":"Polygon","coordinates":[[[5.6285719,52.4944519],[5.6287484,52.4944559],[5.6287435,52.4945367],[5.6285669,52.4945327],[5.6285719,52.4944519]]]}},{"type":"Feature","properties":{"building":"barn","height":10},"geometry":{"type":"Polygon","coordinates":[[[5.6281449,52.4944541],[5.6285457,52.4945674],[5.6284344,52.4947142],[5.6280335,52.4946009],[5.6281449,52.4944541]]]}},{"type":"Feature","properties":{"natural":"tree_row","leaf_type":"broadleaved","height":14},"geometry":{"type":"LineString","coordinates":[[5.6283632,52.4943146],[5.6289521,52.4942696]]}},{"type":"Feature","properties":{"building":"house","height":8,"roof:shape":"gabled"},"geometry":{"type":"Polygon","coordinates":[[[5.6609793,52.4944354],[5.6611509,52.494461],[5.6611194,52.4945396],[5.6609478,52.4945139],[5.6609793,52.4944354]]]}},{"type":"Feature","properties":{"building":"barn","height":10},"geometry":{"type":"Polygon","coordinates":[[[5.6605624,52.494438],[5.6609389,52.4945791],[5.6608003,52.4947169],[5.6604238,52.4945759],[5.6605624,52.494438]]]}},{"type":"Feature","properties":{"natural":"tree_row","leaf_type":"broadleaved","height":14},"geometry":{"type":"LineString","coordinates":[[5.6607547,52.4943078],[5.6613436,52.4942627]]}},{"type":"Feature","properties":{"building":"house","height":8,"roof:shape":"gabled"},"geometry":{"type":"Polygon","coordinates":[[[5.6934298,52.4944048],[5.6935496,52.494484],[5.6934522,52.4945389],[5.6933324,52.4944596],[5.6934298,52.4944048]]]}},{"type":"Feature","properties":{"building":"barn","height":10},"geometry":{"type":"Polygon","coordinates":[[[5.6928701,52.4944651],[5.6933085,52.4944981],[5.693276,52.4946587],[5.6928376,52.4946257],[5.6928701,52.4944651]]]}},{"type":"Feature","properties":{"natural":"tree_row","leaf_type":"broadleaved","height":14},"geometry":{"type":"LineString","coordinates":[[5.6931462,52.4942923],[5.6937351,52.494247]]}},{"type":"Feature","properties":{"building":"house","height":8,"roof:shape":"gabled"},"geometry":{"type":"Polygon","coordinates":[[[5.6938373,52.513342],[5.6939802,52.5134055],[5.6939021,52.5134708],[5.6937593,52.5134073],[5.6938373,52.513342]]]}},{"type":"Feature","properties":{"building":"barn","height":10},"geometry":{"type":"Polygon","coordinates":[[[5.6933899,52.5133548],[5.6937591,52.513503],[5.6936133,52.5136382],[5.6932442,52.51349],[5.6933899,52.5133548]]]}},{"type":"Feature","properties":{"natural":"tree_row","leaf_type":"broadleaved","height":14},"geometry":{"type":"LineString","coordinates":[[5.6935748,52.5132269],[5.6941639,52.5131816]]}},{"type":"Feature","properties":{"building":"house","height":8,"roof:shape":"gabled"},"geometry":{"type":"Polygon","coordinates":[[[5.6899694,52.5301319],[5.6901177,52.5301907],[5.6900455,52.5302585],[5.6898972,52.5301998],[5.6899694,52.5301319]]]}},{"type":"Feature","properties":{"building":"barn","height":10},"geometry":{"type":"Polygon","coordinates":[[[5.6894864,52.5301587],[5.6898943,52.5302626],[5.689792,52.5304119],[5.6893841,52.530308],[5.6894864,52.5301587]]]}},{"type":"Feature","properties":{"natural":"tree_row","leaf_type":"broadleaved","height":14},"geometry":{"type":"LineString","coordinates":[[5.6897125,52.5300157],[5.6903018,52.5299704]]}},{"type":"Feature","properties":{"building":"house","height":8,"roof:shape":"gabled"},"geometry":{"type":"Polygon","coordinates":[[[5.6575043,52.5301671],[5.6576809,52.530172],[5.6576748,52.5302528],[5.6574982,52.5302479],[5.6575043,52.5301671]]]}},{"type":"Feature","properties":{"building":"barn","height":10},"geometry":{"type":"Polygon","coordinates":[[[5.657177,52.5301451],[5.6574661,52.530349],[5.6572654,52.5304548],[5.6569763,52.5302509],[5.657177,52.5301451]]]}},{"type":"Feature","properties":{"natural":"tree_row","leaf_type":"broadleaved","height":14},"geometry":{"type":"LineString","coordinates":[[5.6572947,52.5300303],[5.657884,52.5299852]]}},{"type":"Feature","properties":{"building":"house","height":8,"roof:shape":"gabled"},"geometry":{"type":"Polygon","coordinates":[[[5.6251179,52.5308759],[5.6252794,52.5309197],[5.6252255,52.5309936],[5.6250639,52.5309497],[5.6251179,52.5308759]]]}},{"type":"Feature","properties":{"building":"barn","height":10},"geometry":{"type":"Polygon","coordinates":[[[5.6254188,52.5308859],[5.6257979,52.5310246],[5.6256614,52.5311633],[5.6252823,52.5310246],[5.6254188,52.5308859]]]}},{"type":"Feature","properties":{"natural":"tree_row","leaf_type":"broadleaved","height":14},"geometry":{"type":"LineString","coordinates":[[5.624877,52.530755],[5.6254664,52.5307101]]}},{"type":"Feature","properties":{"building":"house","height":8,"roof:shape":"gabled"},"geometry":{"type":"Polygon","coordinates":[[[5.5927136,52.5308688],[5.5928634,52.5309261],[5.5927928,52.5309946],[5.5926431,52.5309373],[5.5927136,52.5308688]]]}},{"type":"Feature","properties":{"building":"barn","height":10},"geometry":{"type":"Polygon","coordinates":[[[5.5930337,52.5308739],[5.5933767,52.5310439],[5.5932095,52.5311694],[5.5928664,52.5309994],[5.5930337,52.5308739]]]}},{"type":"Feature","properties":{"natural":"tree_row","leaf_type":"broadleaved","height":14},"geometry":{"type":"LineString","coordinates":[[5.5924586,52.5307519],[5.5930481,52.5307071]]}},{"type":"Feature","properties":{"building":"house","height":8,"roof:shape":"gabled"},"geometry":{"type":"Polygon","coordinates":[[[5.5816351,52.3954366],[5.5817824,52.3954959],[5.5817097,52.3955635],[5.5815625,52.3955042],[5.5816351,52.3954366]]]}},{"type":"Feature","properties":{"building":"barn","height":10},"geometry":{"type":"Polygon","coordinates":[[[5.5812072,52.3954445],[5.5815608,52.3956054],[5.581403,52.3957352],[5.5810494,52.3955743],[5.5812072,52.3954445]]]}},{"type":"Feature","properties":{"natural":"tree_row","leaf_type":"broadleaved","height":14},"geometry":{"type":"LineString","coordinates":[[5.5813788,52.3953202],[5.5819664,52.3952755]]}},{"type":"Feature","properties":{"building":"house","height":8,"roof:shape":"gabled"},"geometry":{"type":"Polygon","coordinates":[[[5.6139104,52.3947417],[5.6140858,52.3947522],[5.6140729,52.3948327],[5.6138975,52.3948222],[5.6139104,52.3947417]]]}},{"type":"Feature","properties":{"building":"barn","height":10},"geometry":{"type":"Polygon","coordinates":[[[5.6142785,52.3947278],[5.6146121,52.3949039],[5.6144393,52.3950264],[5.6141057,52.3948502],[5.6142785,52.3947278]]]}},{"type":"Feature","properties":{"natural":"tree_row","leaf_type":"broadleaved","height":14},"geometry":{"type":"LineString","coordinates":[[5.6136979,52.3946074],[5.6142855,52.3945625]]}},{"type":"Feature","properties":{"building":"house","height":8,"roof:shape":"gabled"},"geometry":{"type":"Polygon","coordinates":[[[5.6462772,52.3954391],[5.6464208,52.3955017],[5.6463442,52.3955676],[5.6462005,52.395505],[5.6462772,52.3954391]]]}},{"type":"Feature","properties":{"building":"barn","height":10},"geometry":{"type":"Polygon","coordinates":[[[5.6458126,52.395458],[5.6462002,52.3955863],[5.6460744,52.3957286],[5.6456868,52.3956003],[5.6458126,52.395458]]]}},{"type":"Feature","properties":{"natural":"tree_row","leaf_type":"broadleaved","height":14},"geometry":{"type":"LineString","coordinates":[[5.6460168,52.3953237],[5.6466044,52.3952786]]}},{"type":"Feature","properties":{"building":"house","height":8,"roof:shape":"gabled"},"geometry":{"type":"Polygon","coordinates":[[[5.6786123,52.3947062],[5.6787381,52.3947817],[5.6786454,52.3948394],[5.6785197,52.3947639],[5.6786123,52.3947062]]]}},{"type":"Feature","properties":{"building":"barn","height":10},"geometry":{"type":"Polygon","coordinates":[[[5.6788585,52.3947298],[5.6792525,52.3948506],[5.679134,52.3949952],[5.67874,52.3948744],[5.6788585,52.3947298]]]}},{"type":"Feature","properties":{"natural":"tree_row","leaf_type":"broadleaved","height":14},"geometry":{"type":"LineString","coordinates":[[5.6783348,52.3945932],[5.6789224,52.394548]]}},{"type":"Feature","properties":{"building":"house","height":8,"roof:shape":"gabled"},"geometry":{"type":"Polygon","coordinates":[[[5.7019969,52.4009749],[5.7021619,52.401013],[5.7021152,52.4010886],[5.7019503,52.4010506],[5.7019969,52.4009749]]]}},{"type":"Feature","properties":{"building":"barn","height":10},"geometry":{"type":"Polygon","coordinates":[[[5.7022422,52.40101],[5.7026696,52.401076],[5.7026049,52.4012328],[5.7021775,52.4011668],[5.7022422,52.40101]]]}},{"type":"Feature","properties":{"natural":"tree_row","leaf_type":"broadleaved","height":14},"geometry":{"type":"LineString","coordinates":[[5.7017619,52.4008523],[5.7023495,52.4008069]]}},{"type":"Feature","properties":{"building":"house","height":8,"roof:shape":"gabled"},"geometry":{"type":"Polygon","coordinates":[[[5.7008918,52.4207378],[5.7010269,52.4208071],[5.7009419,52.420869],[5.7008068,52.4207997],[5.7008918,52.4207378]]]}},{"type":"Feature","properties":{"building":"barn","height":10},"geometry":{"type":"Polygon","coordinates":[[[5.7003674,52.4207826],[5.7007954,52.4208474],[5.7007317,52.4210044],[5.7003037,52.4209396],[5.7003674,52.4207826]]]}},{"type":"Feature","properties":{"natural":"tree_row","leaf_type":"broadleaved","height":14},"geometry":{"type":"LineString","coordinates":[[5.7006226,52.4206239],[5.7012104,52.4205785]]}},{"type":"Feature","properties":{"building":"house","height":8,"roof:shape":"gabled"},"geometry":{"type":"Polygon","coordinates":[[[5.7011598,52.440754],[5.7013126,52.440808],[5.7012464,52.440878],[5.7010936,52.440824],[5.7011598,52.440754]]]}},{"type":"Feature","properties":{"building":"barn","height":10},"geometry":{"type":"Polygon","coordinates":[[[5.7015308,52.4407503],[5.7018139,52.4409571],[5.7016109,52.4410609],[5.7013278,52.4408541],[5.7015308,52.4407503]]]}},{"type":"Feature","properties":{"natural":"tree_row","leaf_type":"broadleaved","height":14},"geometry":{"type":"LineString","coordinates":[[5.7009086,52.4406365],[5.7014968,52.4405911]]}},{"type":"Feature","properties":{"building":"house","height":8,"roof:shape":"gabled"},"geometry":{"type":"Polygon","coordinates":[[[5.6687736,52.4407797],[5.6689429,52.4408103],[5.6689054,52.4408878],[5.6687361,52.4408573],[5.6687736,52.4407797]]]}},{"type":"Feature","properties":{"building":"barn","height":10},"geometry":{"type":"Polygon","coordinates":[[[5.6691941,52.4407665],[5.6694401,52.4409903],[5.6692203,52.4410805],[5.6689744,52.4408567],[5.6691941,52.4407665]]]}},{"type":"Feature","properties":{"natural":"tree_row","leaf_type":"broadleaved","height":14},"geometry":{"type":"LineString","coordinates":[[5.6685452,52.4406542],[5.6691333,52.440609]]}},{"type":"Feature","properties":{"building":"house","height":8,"roof:shape":"gabled"},"geometry":{"type":"Polygon","coordinates":[[[5.6364311,52.4400621],[5.6365849,52.4401149],[5.6365201,52.4401855],[5.6363663,52.4401326],[5.6364311,52.4400621]]]}},{"type":"Feature","properties":{"building":"barn","height":10},"geometry":{"type":"Polygon","coordinates":[[[5.6359121,52.4401118],[5.6363473,52.440156],[5.6363039,52.4403156],[5.6358687,52.4402714],[5.6359121,52.4401118]]]}},{"type":"Feature","properties":{"natural":"tree_row","leaf_type":"broadleaved","height":14},"geometry":{"type":"LineString","coordinates":[[5.6361814,52.4399441],[5.6367696,52.4398991]]}},{"type":"Feature","properties":{"landuse":"farmland"},"geometry":{"type":"Polygon","coordinates":[[[5.5684156,52.4130286],[5.9874044,52.4124691],[5.9891325,52.619156],[5.568173,52.6197197],[5.5684156,52.4130286]]]}}]}