<?xml version="1.0" encoding="UTF-8"?>
<gpx version="1.1" creator="rideprep-fixtures" xmlns="http://www.topografix.com/GPX/1/1">
  <metadata><name>polder_coastal_60k</name></metadata>
  <wpt lat="52.4400000" lon="5.6200000"><name>Start/Finish</name><type>start</type></wpt>
  <wpt lat="52.4627781" lon="5.5683575"><name>Aid station dike</name><type>aid_station</type></wpt>
  <trk><name>polder_coastal_60k</name><trkseg>
    <trkpt lat="52.4400051" lon="5.6199730"><ele>-3.8</ele><time>2025-09-21T07:40:00Z</time></trkpt>
    <trkpt lat="52.4400720" lon="5.6199887"><ele>-4.2</ele><time>2025-09-21T07:40:01Z</time></trkpt>
    <trkpt lat="52.4401945" lon="5.6200105"><ele>-4.7</ele><time>2025-09-21T07:40:02Z</time></trkpt>
    <trkpt lat="52.4402791" lon="5.6199715"><ele>-4.0</ele><time>2025-09-21T07:40:03Z</time></trkpt>
    <trkpt lat="52.4403727" lon="5.6200338"><ele>-4.2</ele><time>2025-09-21T07:40:05Z</time></trkpt>
    <trkpt lat="52.4404840" lon="5.6199940"><ele>-4.3</ele><time>2025-09-21T07:40:06Z</time></trkpt>
    <trkpt lat="52.4405239" lon="5.6199827"><ele>-4.2</ele><time>2025-09-21T07:40:07Z</time></trkpt>
    <trkpt lat="52.4406244" lon="5.6200032"><ele>-4.2</ele><time>2025-09-21T07:40:08Z</time></trkpt>
    <trkpt lat="52.4407283" lon="5.6200060"><ele>-3.8</ele><time>2025-09-21T07:40:10Z</time></trkpt>
    <trkpt lat="52.4407847" lon="5.6200046"><ele>-3.9</ele><time>2025-09-21T07:40:11Z</time></trkpt>
    <trkpt lat="52.4408964" lon="5.6199687"><ele>-4.8</ele><time>2025-09-21T07:40:12Z</time></trkpt>
    <trkpt lat="52.4409780" lon="5.6200000"><ele>-4.1</ele><time>2025-09-21T07:40:13Z</time></trkpt>
    <trkpt lat="52.4410777" lon="5.6200728"><ele>-3.9</ele><time>2025-09-21T07:40:15Z</time></trkpt>
    <trkpt lat="52.4411644" lon="5.6199708"><ele>-3.9</ele><time>2025-09-21T07:40:16Z</time></trkpt>
    <trkpt lat="52.4412631" lon="5.6199980"><ele>-4.1</ele><time>2025-09-21T07:40:17Z</time></trkpt>
    <trkpt lat="52.4413556" lon="5.6199778"><ele>-4.5</ele><time>2025-09-21T07:40:18Z</time></trkpt>
    <trkpt lat="52.4414311" lon="5.6200413"><ele>-3.9</ele><time>2025-09-21T07:40:20Z</time></trkpt>
    <trkpt lat="52.4415406" lon="5.6200001"><ele>-4.4</ele><time>2025-09-21T07:40:21Z</time></trkpt>
    <trkpt lat="52.4416159" lon="5.6200220"><ele>-3.7</ele><time>2025-09-21T07:40:22Z</time></trkpt>
    <trkpt lat="52.4417094" lon="5.6200138"><ele>-4.5</ele><time>2025-09-21T07:40:23Z</time></trkpt>
    <trkpt lat="52.4418036" lon="5.6200169"><ele>-3.5</ele><time>2025-09-21T07:40:25Z</time></trkpt>
    <trkpt lat="52.4418947" lon="5.6199917"><ele>-4.0</ele><time>2025-09-21T07:40:26Z</time></trkpt>
    <trkpt lat="52.4419799" lon="5.6200062"><ele>-4.1</ele><time>2025-09-21T07:40:27Z</time></trkpt>
    <trkpt lat="52.4420533" lon="5.6199868"><ele>-4.3</ele><time>2025-09-21T07:40:28Z</time></trkpt>
    <trkpt lat="52.4421772" lon="5.6200130"><ele>-3.8</ele><time>2025-09-21T07:40:30Z</time></trkpt>
    <trkpt lat="52.4422571" lon="5.6200232"><ele>-3.9</ele><time>2025-09-21T07:40:31Z</time></trkpt>
    <trkpt lat="52.4423469" lon="5.6200040"><ele>-3.5</ele><time>2025-09-21T07:40:32Z</time></trkpt>
    <trkpt lat="52.4424171" lon="5.6199928"><ele>-3.4</ele><time>2025-09-21T07:40:33Z</time></trkpt>
    <trkpt lat="52.4425294" lon="5.6200054"><ele>-3.8</ele><time>2025-09-21T07:40:35Z</time></trkpt>
    <trkpt lat="52.4426389" lon="5.6199749"><ele>-3.5</ele><time>2025-09-21T07:40:36Z</time></trkpt>
    <trkpt lat="52.4427061" lon="5.6200039"><ele>-4.1</ele><time>2025-09-21T07:40:37Z</time></trkpt>
    <trkpt lat="52.4427844" lon="5.6199805"><ele>-4.0</ele><time>2025-09-21T07:40:38Z</time></trkpt>
    <trkpt lat="52.4428853" lon="5.6200246"><ele>-4.1</ele><time>2025-09-21T07:40:40Z</time></trkpt>
    <trkpt lat="52.4429554" lon="5.6200299"><ele>-3.8</ele><time>2025-09-21T07:40:41Z</time></trkpt>
    <trkpt lat="52.4430515" lon="5.6200245"><ele>-4.9</ele><time>2025-09-21T07:40:42Z</time></trkpt>
    <trkpt lat="52.4431485" lon="5.6199800"><ele>-4.0</ele><time>2025-09-21T07:40:43Z</time></trkpt>
    <trkpt lat="52.4432217" lon="5.6200342"><ele>-4.2</ele><time>2025-09-21T07:40:45Z</time></trkpt>
    <trkpt lat="52.4433229" lon="5.6200143"><ele>-5.1</ele><time>2025-09-21T07:40:46Z</time></trkpt>
    <trkpt lat="52.4434461" lon="5.6200178"><ele>-3.8</ele><time>2025-09-21T07:40:47Z</time></trkpt>
    <trkpt lat="52.4434992" lon="5.6199798"><ele>-4.1</ele><time>2025-09-21T07:40:48Z</time></trkpt>
    <trkpt lat="52.4436030" lon="5.6200549"><ele>-4.1</ele><time>2025-09-21T07:40:50Z</time></trkpt>
    <trkpt lat="52.4436834" lon="5.6200344"><ele>-3.4</ele><time>2025-09-21T07:40:51Z</time></trkpt>
    <trkpt lat="52.4437680" lon="5.6199849"><ele>-3.9</ele><time>2025-09-21T07:40:52Z</time></trkpt>
    <trkpt lat="52.4438731" lon="5.6200314"><ele>-4.0</ele><time>2025-09-21T07:40:53Z</time></trkpt>
    <trkpt lat="52.4439445" lon="5.6199598"><ele>-4.4</ele><time>2025-09-21T07:40:55Z</time></trkpt>
    <trkpt lat="52.4440519" lon="5.6199882"><ele>-4.3</ele><time>2025-09-21T07:40:56Z</time></trkpt>
    <trkpt lat="52.4441350" lon="5.6200174"><ele>-4.3</ele><time>2025-09-21T07:40:57Z</time></trkpt>
    <trkpt lat="52.4442295" lon="5.6200026"><ele>-3.8</ele><time>2025-09-21T07:40:58Z</time></trkpt>
    <trkpt lat="52.4443105" lon="5.6199895"><ele>-4.7</ele><time>2025-09-21T07:41:00Z</time></trkpt>
    <trkpt lat="52.4444230" lon="5.6200354"><ele>-4.2</ele><time>2025-09-21T07:41:01Z</time></trkpt>
    <trkpt lat="52.4444767" lon="5.6199894"><ele>-4.1</ele><time>2025-09-21T07:41:02Z</time></trkpt>
    <trkpt lat="52.4446126" lon="5.6200046"><ele>-4.1</ele><time>2025-09-21T07:41:03Z</time></trkpt>
    <trkpt lat="52.4446401" lon="5.6199828"><ele>-3.6</ele><time>2025-09-21T07:41:05Z</time></trkpt>
    <trkpt lat="52.4447412" lon="5.6200042"><ele>-4.1</ele><time>2025-09-21T07:41:06Z</time></trkpt>
    <trkpt lat="52.4448997" lon="5.6199645"><ele>-3.7</ele><time>2025-09-21T07:41:07Z</time></trkpt>
    <trkpt lat="52.4449403" lon="5.6200126"><ele>-5.0</ele><time>2025-09-21T07:41:08Z</time></trkpt>
    <trkpt lat="52.4450116" lon="5.6199972"><ele>-3.9</ele><time>2025-09-21T07:41:10Z</time></trkpt>
    <trkpt lat="52.4451102" lon="5.6199528"><ele>-3.7</ele><time>2025-09-21T07:41:11Z</time></trkpt>
    <trkpt lat="52.4451964" lon="5.6200363"><ele>-4.8</ele><time>2025-09-21T07:41:12Z</time></trkpt>
    <trkpt lat="52.4453136" lon="5.6200194"><ele>-4.5</ele><time>2025-09-21T07:41:13Z</time></trkpt>
    <trkpt lat="52.4453827" lon="5.6199847"><ele>-4.6</ele><time>2025-09-21T07:41:15Z</time></trkpt>
    <trkpt lat="52.4454987" lon="5.6199850"><ele>-3.9</ele><time>2025-09-21T07:41:16Z</time></trkpt>
    <trkpt lat="52.4455706" lon="5.6200454"><ele>-4.2</ele><time>2025-09-21T07:41:17Z</time></trkpt>
    <trkpt lat="52.4456599" lon="5.6199783"><ele>-4.7</ele><time>2025-09-21T07:41:18Z</time></trkpt>
    <trkpt lat="52.4457609" lon="5.6199608"><ele>-3.6</ele><time>2025-09-21T07:41:20Z</time></trkpt>
    <trkpt lat="52.4458593" lon="5.6200185"><ele>-4.0</ele><time>2025-09-21T07:41:21Z</time></trkpt>
    <trkpt lat="52.4459324" lon="5.6199842"><ele>-4.3</ele><time>2025-09-21T07:41:22Z</time></trkpt>
    <trkpt lat="52.4459983" lon="5.6199755"><ele>-4.7</ele><time>2025-09-21T07:41:23Z</time></trkpt>
    <trkpt lat="52.4461130" lon="5.6199999"><ele>-4.3</ele><time>2025-09-21T07:41:25Z</time></trkpt>
    <trkpt lat="52.4462032" lon="5.6200315"><ele>-3.9</ele><time>2025-09-21T07:41:26Z</time></trkpt>
    <trkpt lat="52.4462796" lon="5.6200269"><ele>-4.9</ele><time>2025-09-21T07:41:27Z</time></trkpt>
    <trkpt lat="52.4463713" lon="5.6200166"><ele>-3.6</ele><time>2025-09-21T07:41:28Z</time></trkpt>
    <trkpt lat="52.4464840" lon="5.6200074"><ele>-3.8</ele><time>2025-09-21T07:41:30Z</time></trkpt>
    <trkpt lat="52.4465700" lon="5.6199541"><ele>-4.4</ele><time>2025-09-21T07:41:31Z</time></trkpt>
    <trkpt lat="52.4466443" lon="5.6199833"><ele>-3.8</ele><time>2025-09-21T07:41:32Z</time></trkpt>
    <trkpt lat="52.4467536" lon="5.6200195"><ele>-4.8</ele><time>2025-09-21T07:41:33Z</time></trkpt>
    <trkpt lat="52.4467979" lon="5.6199870"><ele>-4.2</ele><time>2025-09-21T07:41:35Z</time></trkpt>
    <trkpt lat="52.4469094" lon="5.6200132"><ele>-4.0</ele><time>2025-09-21T07:41:36Z</time></trkpt>
    <trkpt lat="52.4470232" lon="5.6200051"><ele>-4.5</ele><time>2025-09-21T07:41:37Z</time></trkpt>
    <trkpt lat="52.4470892" lon="5.6199817"><ele>-3.4</ele><time>2025-09-21T07:41:38Z</time></trkpt>
    <trkpt lat="52.4471877" lon="5.6200241"><ele>-4.0</ele><time>2025-09-21T07:41:40Z</time></trkpt>
    <trkpt lat="52.4472819" lon="5.6200025"><ele>-4.2</ele><time>2025-09-21T07:41:41Z</time></trkpt>
    <trkpt lat="52.4473521" lon="5.6199926"><ele>-4.4</ele><time>2025-09-21T07:41:42Z</time></trkpt>
    <trkpt lat="52.4474662" lon="5.6200364"><ele>-4.1</ele><time>2025-09-21T07:41:43Z</time></trkpt>
    <trkpt lat="52.4475497" lon="5.6199953"><ele>-4.0</ele><time>2025-09-21T07:41:45Z</time></trkpt>
    <trkpt lat="52.4476413" lon="5.6199857"><ele>-4.0</ele><time>2025-09-21T07:41:46Z</time></trkpt>
    <trkpt lat="52.4477179" lon="5.6199835"><ele>-4.5</ele><time>2025-09-21T07:41:47Z</time></trkpt>
    <trkpt lat="52.4478304" lon="5.6199765"><ele>-5.1</ele><time>2025-09-21T07:41:48Z</time></trkpt>
    <trkpt lat="52.4479000" lon="5.6199941"><ele>-4.4</ele><time>2025-09-21T07:41:50Z</time></trkpt>
    <trkpt lat="52.4480134" lon="5.6200022"><ele>-4.1</ele><time>2025-09-21T07:41:51Z</time></trkpt>
    <trkpt lat="52.4480798" lon="5.6199969"><ele>-4.2</ele><time>2025-09-21T07:41:52Z</time></trkpt>
    <trkpt lat="52.4481726" lon="5.6200201"><ele>-4.6</ele><time>2025-09-21T07:41:53Z</time></trkpt>
    <trkpt lat="52.4482528" lon="5.6199721"><ele>-4.7</ele><time>2025-09-21T07:41:55Z</time></trkpt>
    <trkpt lat="52.4483624" lon="5.6200242"><ele>-4.2</ele><time>2025-09-21T07:41:56Z</time></trkpt>
    <trkpt lat="52.4484386" lon="5.6200322"><ele>-3.8</ele><time>2025-09-21T07:41:57Z</time></trkpt>
    <trkpt lat="52.4485165" lon="5.6200177"><ele>-4.7</ele><time>2025-09-21T07:41:58Z</time></trkpt>
    <trkpt lat="52.4486394" lon="5.6199795"><ele>-3.6</ele><time>2025-09-21T07:42:00Z</time></trkpt>
    <trkpt lat="52.4487312" lon="5.6199729"><ele>-4.3</ele><time>2025-09-21T07:42:01Z</time></trkpt>
    <trkpt lat="52.4487995" lon="5.6199913"><ele>-4.2</ele><time>2025-09-21T07:42:02Z</time></trkpt>
    <trkpt lat="52.4488833" lon="5.6199599"><ele>-4.6</ele><time>2025-09-21T07:42:03Z</time></trkpt>
    <trkpt lat="52.4490148" lon="5.6200108"><ele>-3.0</ele><time>2025-09-21T07:42:05Z</time></trkpt>
    <trkpt lat="52.4490533" lon="5.6199926"><ele>-4.3</ele><time>2025-09-21T07:42:06Z</time></trkpt>
    <trkpt lat="52.4491931" lon="5.6199793"><ele>-3.9</ele><time>2025-09-21T07:42:07Z</time></trkpt>
    <trkpt lat="52.4492689" lon="5.6199839"><ele>-3.9</ele><time>2025-09-21T07:42:08Z</time></trkpt>
    <trkpt lat="52.4493390" lon="5.6199641"><ele>-4.2</ele><time>2025-09-21T07:42:10Z</time></trkpt>
    <trkpt lat="52.4494378" lon="5.6200004"><ele>-4.2</ele><time>2025-09-21T07:42:11Z</time></trkpt>
    <trkpt lat="52.4495180" lon="5.6200042"><ele>-4.5</ele><time>2025-09-21T07:42:12Z</time></trkpt>
    <trkpt lat="52.4496206" lon="5.6200334"><ele>-3.9</ele><time>2025-09-21T07:42:13Z</time></trkpt>
    <trkpt lat="52.4497034" lon="5.6199648"><ele>-3.8</ele><time>2025-09-21T07:42:15Z</time></trkpt>
    <trkpt lat="52.4498103" lon="5.6199715"><ele>-4.2</ele><time>2025-09-21T07:42:16Z</time></trkpt>
    <trkpt lat="52.4498836" lon="5.6200089"><ele>-4.0</ele><time>2025-09-21T07:42:17Z</time></trkpt>
    <trkpt lat="52.4499698" lon="5.6200266"><ele>-3.5</ele><time>2025-09-21T07:42:18Z</time></trkpt>
    <trkpt lat="52.4500525" lon="5.6199827"><ele>-3.8</ele><time>2025-09-21T07:42:20Z</time></trkpt>
    <trkpt lat="52.4501500" lon="5.6199765"><ele>-3.7</ele><time>2025-09-21T07:42:21Z</time></trkpt>
    <trkpt lat="52.4502209" lon="5.6200267"><ele>-3.9</ele><time>2025-09-21T07:42:22Z</time></trkpt>
    <trkpt lat="52.4503508" lon="5.6200416"><ele>-4.2</ele><time>2025-09-21T07:42:23Z</time></trkpt>
    <trkpt lat="52.4504206" lon="5.6199867"><ele>-4.5</ele><time>2025-09-21T07:42:25Z</time></trkpt>
    <trkpt lat="52.4505119" lon="5.6199942"><ele>-4.1</ele><time>2025-09-21T07:42:26Z</time></trkpt>
    <trkpt lat="52.4506012" lon="5.6200261"><ele>-4.7</ele><time>2025-09-21T07:42:27Z</time></trkpt>
    <trkpt lat="52.4506797" lon="5.6200232"><ele>-4.3</ele><time>2025-09-21T07:42:28Z</time></trkpt>
    <trkpt lat="52.4507794" lon="5.6199970"><ele>-4.5</ele><time>2025-09-21T07:42:30Z</time></trkpt>
    <trkpt lat="52.4509033" lon="5.6199945"><ele>-4.3</ele><time>2025-09-21T07:42:31Z</time></trkpt>
    <trkpt lat="52.4509789" lon="5.6199970"><ele>-3.8</ele><time>2025-09-21T07:42:32Z</time></trkpt>
    <trkpt lat="52.4510652" lon="5.6200168"><ele>-4.9</ele><time>2025-09-21T07:42:33Z</time></trkpt>
    <trkpt lat="52.4511452" lon="5.6199809"><ele>-3.9</ele><time>2025-09-21T07:42:35Z</time></trkpt>
    <trkpt lat="52.4512397" lon="5.6200286"><ele>-4.2</ele><time>2025-09-21T07:42:36Z</time></trkpt>
    <trkpt lat="52.4513204" lon="5.6200009"><ele>-4.0</ele><time>2025-09-21T07:42:37Z</time></trkpt>
    <trkpt lat="52.4514085" lon="5.6200149"><ele>-4.4</ele><time>2025-09-21T07:42:38Z</time></trkpt>
    <trkpt lat="52.4515177" lon="5.6199811"><ele>-3.6</ele><time>2025-09-21T07:42:40Z</time></trkpt>
    <trkpt lat="52.4516044" lon="5.6200219"><ele>-3.7</ele><time>2025-09-21T07:42:41Z</time></trkpt>
    <trkpt lat="52.4516916" lon="5.6199999"><ele>-4.5</ele><time>2025-09-21T07:42:42Z</time></trkpt>
    <trkpt lat="52.4517627" lon="5.6199955"><ele>-3.8</ele><time>2025-09-21T07:42:43Z</time></trkpt>
    <trkpt lat="52.4518610" lon="5.6199872"><ele>-3.9</ele><time>2025-09-21T07:42:45Z</time></trkpt>
    <trkpt lat="52.4519416" lon="5.6200299"><ele>-4.4</ele><time>2025-09-21T07:42:46Z</time></trkpt>
    <trkpt lat="52.4520272" lon="5.6200180"><ele>-3.9</ele><time>2025-09-21T07:42:47Z</time></trkpt>
    <trkpt lat="52.4521306" lon="5.6199874"><ele>-4.8</ele><time>2025-09-21T07:42:48Z</time></trkpt>
    <trkpt lat="52.4522151" lon="5.6200157"><ele>-4.4</ele><time>2025-09-21T07:42:50Z</time></trkpt>
    <trkpt lat="52.4523213" lon="5.6200458"><ele>-2.7</ele><time>2025-09-21T07:42:51Z</time></trkpt>
    <trkpt lat="52.4523969" lon="5.6200090"><ele>-4.0</ele><time>2025-09-21T07:42:52Z</time></trkpt>
    <trkpt lat="52.4524911" lon="5.6200355"><ele>-3.9</ele><time>2025-09-21T07:42:53Z</time></trkpt>
    <trkpt lat="52.4525691" lon="5.6200114"><ele>-4.0</ele><time>2025-09-21T07:42:55Z</time></trkpt>
    <trkpt lat="52.4526544" lon="5.6199889"><ele>-3.7</ele><time>2025-09-21T07:42:56Z</time></trkpt>
    <trkpt lat="52.4527621" lon="5.6200147"><ele>-4.4</ele><time>2025-09-21T07:42:57Z</time></trkpt>
    <trkpt lat="52.4528575" lon="5.6199557"><ele>-4.1</ele><time>2025-09-21T07:42:58Z</time></trkpt>
    <trkpt lat="52.4529400" lon="5.6199628"><ele>-4.7</ele><time>2025-09-21T07:43:00Z</time></trkpt>
    <trkpt lat="52.4530326" lon="5.6199994"><ele>-3.9</ele><time>2025-09-21T07:43:01Z</time></trkpt>
    <trkpt lat="52.4531229" lon="5.6200048"><ele>-4.5</ele><time>2025-09-21T07:43:02Z</time></trkpt>
    <trkpt lat="52.4532035" lon="5.6199915"><ele>-4.2</ele><time>2025-09-21T07:43:03Z</time></trkpt>
    <trkpt lat="52.4533086" lon="5.6200060"><ele>-3.4</ele><time>2025-09-21T07:43:05Z</time></trkpt>
    <trkpt lat="52.4533956" lon="5.6199433"><ele>-4.1</ele><time>2025-09-21T07:43:06Z</time></trkpt>
    <trkpt lat="52.4534926" lon="5.6200502"><ele>-4.7</ele><time>2025-09-21T07:43:07Z</time></trkpt>
    <trkpt lat="52.4535629" lon="5.6200089"><ele>-3.7</ele><time>2025-09-21T07:43:08Z</time></trkpt>
    <trkpt lat="52.4536584" lon="5.6199767"><ele>-4.1</ele><time>2025-09-21T07:43:10Z</time></trkpt>
    <trkpt lat="52.4537417" lon="5.6199979"><ele>-4.8</ele><time>2025-09-21T07:43:11Z</time></trkpt>
    <trkpt lat="52.4538530" lon="5.6200102"><ele>-4.1</ele><time>2025-09-21T07:43:12Z</time></trkpt>
    <trkpt lat="52.4539321" lon="5.6199776"><ele>-3.8</ele><time>2025-09-21T07:43:13Z</time></trkpt>
    <trkpt lat="52.4540190" lon="5.6199961"><ele>-3.5</ele><time>2025-09-21T07:43:15Z</time></trkpt>
    <trkpt lat="52.4541016" lon="5.6199753"><ele>-4.8</ele><time>2025-09-21T07:43:16Z</time></trkpt>
    <trkpt lat="52.4541890" lon="5.6199846"><ele>-4.4</ele><time>2025-09-21T07:43:17Z</time></trkpt>
    <trkpt lat="52.4543130" lon="5.6199847"><ele>-4.1</ele><time>2025-09-21T07:43:18Z</time></trkpt>
    <trkpt lat="52.4544083" lon="5.6199975"><ele>-4.1</ele><time>2025-09-21T07:43:20Z</time></trkpt>
    <trkpt lat="52.4544740" lon="5.6199617"><ele>-4.4</ele><time>2025-09-21T07:43:21Z</time></trkpt>
    <trkpt lat="52.4545416" lon="5.6200362"><ele>-4.3</ele><time>2025-09-21T07:43:22Z</time></trkpt>
    <trkpt lat="52.4546496" lon="5.6199646"><ele>-4.5</ele><time>2025-09-21T07:43:23Z</time></trkpt>
    <trkpt lat="52.4547331" lon="5.6199986"><ele>-4.3</ele><time>2025-09-21T07:43:25Z</time></trkpt>
    <trkpt lat="52.4548406" lon="5.6200208"><ele>-4.0</ele><time>2025-09-21T07:43:26Z</time></trkpt>
    <trkpt lat="52.4549035" lon="5.6199801"><ele>-3.9</ele><time>2025-09-21T07:43:27Z</time></trkpt>
    <trkpt lat="52.4550016" lon="5.6200528"><ele>-4.4</ele><time>2025-09-21T07:43:28Z</time></trkpt>
    <trkpt lat="52.4550829" lon="5.6199846"><ele>-4.4</ele><time>2025-09-21T07:43:30Z</time></trkpt>
    <trkpt lat="52.4552068" lon="5.6199955"><ele>-4.0</ele><time>2025-09-21T07:43:31Z</time></trkpt>
    <trkpt lat="52.4552556" lon="5.6199887"><ele>-4.0</ele><time>2025-09-21T07:43:32Z</time></trkpt>
    <trkpt lat="52.4553507" lon="5.6199994"><ele>-4.5</ele><time>2025-09-21T07:43:33Z</time></trkpt>
    <trkpt lat="52.4554707" lon="5.6199991"><ele>-3.8</ele><time>2025-09-21T07:43:35Z</time></trkpt>
    <trkpt lat="52.4555426" lon="5.6200045"><ele>-3.9</ele><time>2025-09-21T07:43:36Z</time></trkpt>
    <trkpt lat="52.4556661" lon="5.6199997"><ele>-4.5</ele><time>2025-09-21T07:43:37Z</time></trkpt>
    <trkpt lat="52.4557438" lon="5.6199919"><ele>-4.1</ele><time>2025-09-21T07:43:38Z</time></trkpt>
    <trkpt lat="52.4558160" lon="5.6200314"><ele>-4.0</ele><time>2025-09-21T07:43:40Z</time></trkpt>
    <trkpt lat="52.4558878" lon="5.6199918"><ele>-4.4</ele><time>2025-09-21T07:43:41Z</time></trkpt>
    <trkpt lat="52.4560050" lon="5.6200489"><ele>-3.8</ele><time>2025-09-21T07:43:42Z</time></trkpt>
    <trkpt lat="52.4560938" lon="5.6200210"><ele>-3.6</ele><time>2025-09-21T07:43:43Z</time></trkpt>
    <trkpt lat="52.4561730" lon="5.6199941"><ele>-3.6</ele><time>2025-09-21T07:43:45Z</time></trkpt>
    <trkpt lat="52.4562479" lon="5.6199922"><ele>-4.1</ele><time>2025-09-21T07:43:46Z</time></trkpt>
    <trkpt lat="52.4563640" lon="5.6199880"><ele>-4.3</ele><time>2025-09-21T07:43:47Z</time></trkpt>
    <trkpt lat="52.4564411" lon="5.6199766"><ele>-3.4</ele><time>2025-09-21T07:43:48Z</time></trkpt>
    <trkpt lat="52.4565377" lon="5.6199989"><ele>-4.0</ele><time>2025-09-21T07:43:50Z</time></trkpt>
    <trkpt lat="52.4566379" lon="5.6200065"><ele>-3.5</ele><time>2025-09-21T07:43:51Z</time></trkpt>
    <trkpt lat="52.4567336" lon="5.6199637"><ele>-4.0</ele><time>2025-09-21T07:43:52Z</time></trkpt>
    <trkpt lat="52.4568374" lon="5.6199929"><ele>-4.1</ele><time>2025-09-21T07:43:53Z</time></trkpt>
    <trkpt lat="52.4569080" lon="5.6200429"><ele>-4.4</ele><time>2025-09-21T07:43:55Z</time></trkpt>
    <trkpt lat="52.4569947" lon="5.6200108"><ele>-4.1</ele><time>2025-09-21T07:43:56Z</time></trkpt>
    <trkpt lat="52.4570700" lon="5.6199486"><ele>-4.1</ele><time>2025-09-21T07:43:57Z</time></trkpt>
    <trkpt lat="52.4571892" lon="5.6199756"><ele>-4.1</ele><time>2025-09-21T07:43:58Z</time></trkpt>
    <trkpt lat="52.4572504" lon="5.6199913"><ele>-4.3</ele><time>2025-09-21T07:44:00Z</time></trkpt>
    <trkpt lat="52.4573455" lon="5.6199829"><ele>-3.9</ele><time>2025-09-21T07:44:01Z</time></trkpt>
    <trkpt lat="52.4574329" lon="5.6199888"><ele>-4.6</ele><time>2025-09-21T07:44:02Z</time></trkpt>
    <trkpt lat="52.4575139" lon="5.6200115"><ele>-3.9</ele><time>2025-09-21T07:44:03Z</time></trkpt>
    <trkpt lat="52.4576069" lon="5.6199800"><ele>-3.9</ele><time>2025-09-21T07:44:05Z</time></trkpt>
    <trkpt lat="52.4577370" lon="5.6199733"><ele>-4.0</ele><time>2025-09-21T07:44:06Z</time></trkpt>
    <trkpt lat="52.4577837" lon="5.6199984"><ele>-3.4</ele><time>2025-09-21T07:44:07Z</time></trkpt>
    <trkpt lat="52.4578875" lon="5.6200306"><ele>-4.6</ele><time>2025-09-21T07:44:08Z</time></trkpt>
    <trkpt lat="52.4579817" lon="5.6199889"><ele>-4.2</ele><time>2025-09-21T07:44:10Z</time></trkpt>
    <trkpt lat="52.4580472" lon="5.6199739"><ele>-4.3</ele><time>2025-09-21T07:44:11Z</time></trkpt>
    <trkpt lat="52.4581443" lon="5.6200003"><ele>-4.0</ele><time>2025-09-21T07:44:12Z</time></trkpt>
    <trkpt lat="52.4582668" lon="5.6200616"><ele>-4.4</ele><time>2025-09-21T07:44:13Z</time></trkpt>
    <trkpt lat="52.4583340" lon="5.6200076"><ele>-4.1</ele><time>2025-09-21T07:44:15Z</time></trkpt>
    <trkpt lat="52.4584182" lon="5.6200230"><ele>-4.1</ele><time>2025-09-21T07:44:16Z</time></trkpt>
    <trkpt lat="52.4585112" lon="5.6199917"><ele>-3.5</ele><time>2025-09-21T07:44:17Z</time></trkpt>
    <trkpt lat="52.4585843" lon="5.6200171"><ele>-4.2</ele><time>2025-09-21T07:44:18Z</time></trkpt>
    <trkpt lat="52.4587033" lon="5.6199824"><ele>-3.9</ele><time>2025-09-21T07:44:20Z</time></trkpt>
    <trkpt lat="52.4587813" lon="5.6200196"><ele>-4.8</ele><time>2025-09-21T07:44:21Z</time></trkpt>
    <trkpt lat="52.4588751" lon="5.6200100"><ele>-3.8</ele><time>2025-09-21T07:44:22Z</time></trkpt>
    <trkpt lat="52.4589630" lon="5.6199713"><ele>-4.3</ele><time>2025-09-21T07:44:23Z</time></trkpt>
    <trkpt lat="52.4590565" lon="5.6199848"><ele>-3.9</ele><time>2025-09-21T07:44:25Z</time></trkpt>
    <trkpt lat="52.4591185" lon="5.6199803"><ele>-5.0</ele><time>2025-09-21T07:44:26Z</time></trkpt>
    <trkpt lat="52.4592466" lon="5.6199873"><ele>-4.0</ele><time>2025-09-21T07:44:27Z</time></trkpt>
    <trkpt lat="52.4593097" lon="5.6199503"><ele>-3.8</ele><time>2025-09-21T07:44:28Z</time></trkpt>
    <trkpt lat="52.4594270" lon="5.6200369"><ele>-3.9</ele><time>2025-09-21T07:44:30Z</time></trkpt>
    <trkpt lat="52.4594868" lon="5.6200044"><ele>-4.2</ele><time>2025-09-21T07:44:31Z</time></trkpt>
    <trkpt lat="52.4595805" lon="5.6199926"><ele>-4.0</ele><time>2025-09-21T07:44:32Z</time></trkpt>
    <trkpt lat="52.4596854" lon="5.6199913"><ele>-3.4</ele><time>2025-09-21T07:44:33Z</time></trkpt>
    <trkpt lat="52.4597763" lon="5.6200164"><ele>-4.1</ele><time>2025-09-21T07:44:35Z</time></trkpt>
    <trkpt lat="52.4598590" lon="5.6199665"><ele>-3.8</ele><time>2025-09-21T07:44:36Z</time></trkpt>
    <trkpt lat="52.4599673" lon="5.6199777"><ele>-4.1</ele><time>2025-09-21T07:44:37Z</time></trkpt>
    <trkpt lat="52.4600359" lon="5.6200082"><ele>-4.5</ele><time>2025-09-21T07:44:38Z</time></trkpt>
    <trkpt lat="52.4601145" lon="5.6200456"><ele>-3.6</ele><time>2025-09-21T07:44:40Z</time></trkpt>
    <trkpt lat="52.4602238" lon="5.6199877"><ele>-4.3</ele><time>2025-09-21T07:44:41Z</time></trkpt>
    <trkpt lat="52.4603223" lon="5.6199908"><ele>-3.2</ele><time>2025-09-21T07:44:42Z</time></trkpt>
    <trkpt lat="52.4603999" lon="5.6199813"><ele>-3.6</ele><time>2025-09-21T07:44:43Z</time></trkpt>
    <trkpt lat="52.4604992" lon="5.6199861"><ele>-4.3</ele><time>2025-09-21T07:44:45Z</time></trkpt>
    <trkpt lat="52.4605854" lon="5.6200133"><ele>-3.5</ele><time>2025-09-21T07:44:46Z</time></trkpt>
    <trkpt lat="52.4606533" lon="5.6200080"><ele>-3.7</ele><time>2025-09-21T07:44:47Z</time></trkpt>
    <trkpt lat="52.4607693" lon="5.6199757"><ele>-3.4</ele><time>2025-09-21T07:44:48Z</time></trkpt>
    <trkpt lat="52.4608416" lon="5.6200131"><ele>-3.5</ele><time>2025-09-21T07:44:50Z</time></trkpt>
    <trkpt lat="52.4609222" lon="5.6200037"><ele>-4.1</ele><time>2025-09-21T07:44:51Z</time></trkpt>
    <trkpt lat="52.4610247" lon="5.6200313"><ele>-3.9</ele><time>2025-09-21T07:44:52Z</time></trkpt>
    <trkpt lat="52.4610960" lon="5.6199924"><ele>-4.2</ele><time>2025-09-21T07:44:53Z</time></trkpt>
    <trkpt lat="52.4612113" lon="5.6200079"><ele>-4.1</ele><time>2025-09-21T07:44:55Z</time></trkpt>
    <trkpt lat="52.4613149" lon="5.6199529"><ele>-3.7</ele><time>2025-09-21T07:44:56Z</time></trkpt>
    <trkpt lat="52.4614058" lon="5.6200226"><ele>-4.2</ele><time>2025-09-21T07:44:57Z</time></trkpt>
    <trkpt lat="52.4614824" lon="5.6199867"><ele>-3.3</ele><time>2025-09-21T07:44:58Z</time></trkpt>
    <trkpt lat="52.4615649" lon="5.6199628"><ele>-4.3</ele><time>2025-09-21T07:45:00Z</time></trkpt>
    <trkpt lat="52.4616776" lon="5.6200123"><ele>-4.1</ele><time>2025-09-21T07:45:01Z</time></trkpt>
    <trkpt lat="52.4617484" lon="5.6199726"><ele>-4.1</ele><time>2025-09-21T07:45:02Z</time></trkpt>
    <trkpt lat="52.4618495" lon="5.6199659"><ele>-4.2</ele><time>2025-09-21T07:45:03Z</time></trkpt>
    <trkpt lat="52.4619097" lon="5.6200151"><ele>-3.5</ele><time>2025-09-21T07:45:05Z</time></trkpt>
    <trkpt lat="52.4620315" lon="5.6199682"><ele>-4.7</ele><time>2025-09-21T07:45:06Z</time></trkpt>
    <trkpt lat="52.4621022" lon="5.6200305"><ele>-4.6</ele><time>2025-09-21T07:45:07Z</time></trkpt>
    <trkpt lat="52.4622016" lon="5.6199948"><ele>-4.4</ele><time>2025-09-21T07:45:08Z</time></trkpt>
    <trkpt lat="52.4622906" lon="5.6199891"><ele>-4.0</ele><time>2025-09-21T07:45:10Z</time></trkpt>
    <trkpt lat="52.4623710" lon="5.6199324"><ele>-3.8</ele><time>2025-09-21T07:45:11Z</time></trkpt>
    <trkpt lat="52.4624803" lon="5.6200066"><ele>-4.3</ele><time>2025-09-21T07:45:12Z</time></trkpt>
    <trkpt lat="52.4625673" lon="5.6200564"><ele>-3.9</ele><time>2025-09-21T07:45:13Z</time></trkpt>
    <trkpt lat="52.4626593" lon="5.6200239"><ele>-3.9</ele><time>2025-09-21T07:45:15Z</time></trkpt>
    <trkpt lat="52.4627501" lon="5.6199863"><ele>-3.8</ele><time>2025-09-21T07:45:16Z</time></trkpt>
    <trkpt lat="52.4628113" lon="5.6199582"><ele>-3.8</ele><time>2025-09-21T07:45:17Z</time></trkpt>
    <trkpt lat="52.4629198" lon="5.6200024"><ele>-3.7</ele><time>2025-09-21T07:45:18Z</time></trkpt>
    <trkpt lat="52.4630272" lon="5.6200032"><ele>-4.2</ele><time>2025-09-21T07:45:20Z</time></trkpt>
    <trkpt lat="52.4631001" lon="5.6199912"><ele>-3.7</ele><time>2025-09-21T07:45:21Z</time></trkpt>
    <trkpt lat="52.4632057" lon="5.6200174"><ele>-4.2</ele><time>2025-09-21T07:45:22Z</time></trkpt>
    <trkpt lat="52.4632818" lon="5.6200258"><ele>-4.4</ele><time>2025-09-21T07:45:23Z</time></trkpt>
    <trkpt lat="52.4633935" lon="5.6199970"><ele>-3.7</ele><time>2025-09-21T07:45:25Z</time></trkpt>
    <trkpt lat="52.4634229" lon="5.6199896"><ele>-4.3</ele><time>2025-09-21T07:45:26Z</time></trkpt>
    <trkpt lat="52.4635461" lon="5.6199845"><ele>-3.0</ele><time>2025-09-21T07:45:27Z</time></trkpt>
    <trkpt lat="52.4636392" lon="5.6200165"><ele>-4.3</ele><time>2025-09-21T07:45:28Z</time></trkpt>
    <trkpt lat="52.4637220" lon="5.6199738"><ele>-4.2</ele><time>2025-09-21T07:45:30Z</time></trkpt>
    <trkpt lat="52.4638092" lon="5.6200664"><ele>-4.2</ele><time>2025-09-21T07:45:31Z</time></trkpt>
    <trkpt lat="52.4639056" lon="5.6200249"><ele>-4.5</ele><time>2025-09-21T07:45:32Z</time></trkpt>
    <trkpt lat="52.4639902" lon="5.6200285"><ele>-4.5</ele><time>2025-09-21T07:45:33Z</time></trkpt>
    <trkpt lat="52.4640909" lon="5.6200071"><ele>-4.1</ele><time>2025-09-21T07:45:35Z</time></trkpt>
    <trkpt lat="52.4641852" lon="5.6200154"><ele>-4.3</ele><time>2025-09-21T07:45:36Z</time></trkpt>
    <trkpt lat="52.4642318" lon="5.6199546"><ele>-4.0</ele><time>2025-09-21T07:45:37Z</time></trkpt>
    <trkpt lat="52.4643674" lon="5.6200271"><ele>-3.4</ele><time>2025-09-21T07:45:38Z</time></trkpt>
    <trkpt lat="52.4644440" lon="5.6200410"><ele>-3.5</ele><time>2025-09-21T07:45:40Z</time></trkpt>
    <trkpt lat="52.4645429" lon="5.6199663"><ele>-3.8</ele><time>2025-09-21T07:45:41Z</time></trkpt>
    <trkpt lat="52.4646175" lon="5.6199979"><ele>-4.4</ele><time>2025-09-21T07:45:42Z</time></trkpt>
    <trkpt lat="52.4647306" lon="5.6200031"><ele>-4.1</ele><time>2025-09-21T07:45:43Z</time></trkpt>
    <trkpt lat="52.4647943" lon="5.6200117"><ele>-3.9</ele><time>2025-09-21T07:45:45Z</time></trkpt>
    <trkpt lat="52.4648982" lon="5.6199778"><ele>-4.0</ele><time>2025-09-21T07:45:46Z</time></trkpt>
    <trkpt lat="52.4649748" lon="5.6200070"><ele>-4.4</ele><time>2025-09-21T07:45:47Z</time></trkpt>
    <trkpt lat="52.4650868" lon="5.6199927"><ele>-3.3</ele><time>2025-09-21T07:45:48Z</time></trkpt>
    <trkpt lat="52.4651734" lon="5.6199928"><ele>-3.7</ele><time>2025-09-21T07:45:50Z</time></trkpt>
    <trkpt lat="52.4652316" lon="5.6200087"><ele>-3.8</ele><time>2025-09-21T07:45:51Z</time></trkpt>
    <trkpt lat="52.4653583" lon="5.6199786"><ele>-3.6</ele><time>2025-09-21T07:45:52Z</time></trkpt>
    <trkpt lat="52.4653981" lon="5.6200136"><ele>-3.7</ele><time>2025-09-21T07:45:53Z</time></trkpt>
    <trkpt lat="52.4655049" lon="5.6200154"><ele>-3.6</ele><time>2025-09-21T07:45:55Z</time></trkpt>
    <trkpt lat="52.4656095" lon="5.6200017"><ele>-4.2</ele><time>2025-09-21T07:45:56Z</time></trkpt>
    <trkpt lat="52.4656960" lon="5.6199775"><ele>-2.7</ele><time>2025-09-21T07:45:57Z</time></trkpt>
    <trkpt lat="52.4657945" lon="5.6200045"><ele>-4.2</ele><time>2025-09-21T07:45:58Z</time></trkpt>
    <trkpt lat="52.4658742" lon="5.6199864"><ele>-4.3</ele><time>2025-09-21T07:46:00Z</time></trkpt>
    <trkpt lat="52.4659678" lon="5.6200193"><ele>-3.6</ele><time>2025-09-21T07:46:01Z</time></trkpt>
    <trkpt lat="52.4660739" lon="5.6199745"><ele>-4.0</ele><time>2025-09-21T07:46:02Z</time></trkpt>
    <trkpt lat="52.4661498" lon="5.6200147"><ele>-4.3</ele><time>2025-09-21T07:46:03Z</time></trkpt>
    <trkpt lat="52.4662352" lon="5.6200267"><ele>-4.0</ele><time>2025-09-21T07:46:05Z</time></trkpt>
    <trkpt lat="52.4663337" lon="5.6199805"><ele>-4.1</ele><time>2025-09-21T07:46:06Z</time></trkpt>
    <trkpt lat="52.4664254" lon="5.6200062"><ele>-4.2</ele><time>2025-09-21T07:46:07Z</time></trkpt>
    <trkpt lat="52.4665165" lon="5.6199689"><ele>-3.6</ele><time>2025-09-21T07:46:08Z</time></trkpt>
    <trkpt lat="52.4665851" lon="5.6200154"><ele>-3.7</ele><time>2025-09-21T07:46:10Z</time></trkpt>
    <trkpt lat="52.4666942" lon="5.6200085"><ele>-3.8</ele><time>2025-09-21T07:46:11Z</time></trkpt>
    <trkpt lat="52.4667832" lon="5.6199929"><ele>-3.6</ele><time>2025-09-21T07:46:12Z</time></trkpt>
    <trkpt lat="52.4668507" lon="5.6199889"><ele>-4.0</ele><time>2025-09-21T07:46:13Z</time></trkpt>
    <trkpt lat="52.4669351" lon="5.6200043"><ele>-4.2</ele><time>2025-09-21T07:46:15Z</time></trkpt>
    <trkpt lat="52.4670478" lon="5.6200130"><ele>-3.9</ele><time>2025-09-21T07:46:16Z</time></trkpt>
    <trkpt lat="52.4671520" lon="5.6199722"><ele>-3.2</ele><time>2025-09-21T07:46:17Z</time></trkpt>
    <trkpt lat="52.4672197" lon="5.6199956"><ele>-4.4</ele><time>2025-09-21T07:46:18Z</time></trkpt>
    <trkpt lat="52.4673209" lon="5.6200197"><ele>-4.3</ele><time>2025-09-21T07:46:20Z</time></trkpt>
    <trkpt lat="52.4674196" lon="5.6200268"><ele>-3.7</ele><time>2025-09-21T07:46:21Z</time></trkpt>
    <trkpt lat="52.4674978" lon="5.6199612"><ele>-3.7</ele><time>2025-09-21T07:46:22Z</time></trkpt>
    <trkpt lat="52.4676016" lon="5.6199730"><ele>-3.4</ele><time>2025-09-21T07:46:23Z</time></trkpt>
    <trkpt lat="52.4676692" lon="5.6200228"><ele>-4.2</ele><time>2025-09-21T07:46:25Z</time></trkpt>
    <trkpt lat="52.4677822" lon="5.6200208"><ele>-3.5</ele><time>2025-09-21T07:46:26Z</time></trkpt>
    <trkpt lat="52.4678573" lon="5.6200265"><ele>-4.1</ele><time>2025-09-21T07:46:27Z</time></trkpt>
    <trkpt lat="52.4679591" lon="5.6199591"><ele>-3.0</ele><time>2025-09-21T07:46:28Z</time></trkpt>
    <trkpt lat="52.4680320" lon="5.6199898"><ele>-3.7</ele><time>2025-09-21T07:46:30Z</time></trkpt>
    <trkpt lat="52.4681098" lon="5.6200083"><ele>-4.2</ele><time>2025-09-21T07:46:31Z</time></trkpt>
    <trkpt lat="52.4682454" lon="5.6199758"><ele>-4.2</ele><time>2025-09-21T07:46:32Z</time></trkpt>
    <trkpt lat="52.4683339" lon="5.6200188"><ele>-3.2</ele><time>2025-09-21T07:46:33Z</time></trkpt>
    <trkpt lat="52.4684198" lon="5.6200315"><ele>-4.4</ele><time>2025-09-21T07:46:35Z</time></trkpt>
    <trkpt lat="52.4684779" lon="5.6199924"><ele>-4.1</ele><time>2025-09-21T07:46:36Z</time></trkpt>
    <trkpt lat="52.4685550" lon="5.6200579"><ele>-3.7</ele><time>2025-09-21T07:46:37Z</time></trkpt>
    <trkpt lat="52.4686855" lon="5.6199727"><ele>-3.4</ele><time>2025-09-21T07:46:38Z</time></trkpt>
    <trkpt lat="52.4687852" lon="5.6199887"><ele>-3.9</ele><time>2025-09-21T07:46:40Z</time></trkpt>
    <trkpt lat="52.4688514" lon="5.6200288"><ele>-4.2</ele><time>2025-09-21T07:46:41Z</time></trkpt>
    <trkpt lat="52.4689355" lon="5.6199916"><ele>-3.7</ele><time>2025-09-21T07:46:42Z</time></trkpt>
    <trkpt lat="52.4690587" lon="5.6200028"><ele>-4.0</ele><time>2025-09-21T07:46:43Z</time></trkpt>
    <trkpt lat="52.4691071" lon="5.6199897"><ele>-4.2</ele><time>2025-09-21T07:46:45Z</time></trkpt>
    <trkpt lat="52.4691934" lon="5.6199682"><ele>-3.6</ele><time>2025-09-21T07:46:46Z</time></trkpt>
    <trkpt lat="52.4692942" lon="5.6200013"><ele>-3.8</ele><time>2025-09-21T07:46:47Z</time></trkpt>
    <trkpt lat="52.4693947" lon="5.6200236"><ele>-3.6</ele><time>2025-09-21T07:46:48Z</time></trkpt>
    <trkpt lat="52.4694727" lon="5.6199876"><ele>-4.2</ele><time>2025-09-21T07:46:50Z</time></trkpt>
    <trkpt lat="52.4695551" lon="5.6199979"><ele>-4.1</ele><time>2025-09-21T07:46:51Z</time></trkpt>
    <trkpt lat="52.4696531" lon="5.6199961"><ele>-4.0</ele><time>2025-09-21T07:46:52Z</time></trkpt>
    <trkpt lat="52.4697635" lon="5.6199891"><ele>-4.1</ele><time>2025-09-21T07:46:53Z</time></trkpt>
    <trkpt lat="52.4698383" lon="5.6199777"><ele>-4.4</ele><time>2025-09-21T07:46:55Z</time></trkpt>
    <trkpt lat="52.4699267" lon="5.6199763"><ele>-4.6</ele><time>2025-09-21T07:46:56Z</time></trkpt>
    <trkpt lat="52.4700193" lon="5.6199289"><ele>-3.5</ele><time>2025-09-21T07:46:57Z</time></trkpt>
    <trkpt lat="52.4700932" lon="5.6199631"><ele>-3.7</ele><time>2025-09-21T07:46:58Z</time></trkpt>
    <trkpt lat="52.4701834" lon="5.6199561"><ele>-4.4</ele><time>2025-09-21T07:47:00Z</time></trkpt>
    <trkpt lat="52.4702585" lon="5.6199956"><ele>-3.6</ele><time>2025-09-21T07:47:01Z</time></trkpt>
    <trkpt lat="52.4703790" lon="5.6199968"><ele>-4.1</ele><time>2025-09-21T07:47:02Z</time></trkpt>
    <trkpt lat="52.4704627" lon="5.6199532"><ele>-4.5</ele><time>2025-09-21T07:47:03Z</time></trkpt>
    <trkpt lat="52.4705432" lon="5.6200002"><ele>-4.1</ele><time>2025-09-21T07:47:05Z</time></trkpt>
    <trkpt lat="52.4706549" lon="5.6199953"><ele>-3.6</ele><time>2025-09-21T07:47:06Z</time></trkpt>
    <trkpt lat="52.4707342" lon="5.6199778"><ele>-3.3</ele><time>2025-09-21T07:47:07Z</time></trkpt>
    <trkpt lat="52.4708144" lon="5.6200109"><ele>-4.0</ele><time>2025-09-21T07:47:08Z</time></trkpt>
    <trkpt lat="52.4709268" lon="5.6199923"><ele>-3.9</ele><time>2025-09-21T07:47:10Z</time></trkpt>
    <trkpt lat="52.4710338" lon="5.6200083"><ele>-4.5</ele><time>2025-09-21T07:47:11Z</time></trkpt>
    <trkpt lat="52.4710705" lon="5.6199776"><ele>-4.6</ele><time>2025-09-21T07:47:12Z</time></trkpt>
    <trkpt lat="52.4711877" lon="5.6200189"><ele>-3.3</ele><time>2025-09-21T07:47:13Z</time></trkpt>
    <trkpt lat="52.4712617" lon="5.6199564"><ele>-3.3</ele><time>2025-09-21T07:47:15Z</time></trkpt>
    <trkpt lat="52.4713754" lon="5.6200227"><ele>-3.6</ele><time>2025-09-21T07:47:16Z</time></trkpt>
    <trkpt lat="52.4714532" lon="5.6200007"><ele>-3.9</ele><time>2025-09-21T07:47:17Z</time></trkpt>
    <trkpt lat="52.4715410" lon="5.6200186"><ele>-3.8</ele><time>2025-09-21T07:47:18Z</time></trkpt>
    <trkpt lat="52.4716179" lon="5.6200321"><ele>-4.2</ele><time>2025-09-21T07:47:20Z</time></trkpt>
    <trkpt lat="52.4717194" lon="5.6200125"><ele>-4.0</ele><time>2025-09-21T07:47:21Z</time></trkpt>
    <trkpt lat="52.4718184" lon="5.6200463"><ele>-4.1</ele><time>2025-09-21T07:47:22Z</time></trkpt>
    <trkpt lat="52.4719366" lon="5.6200242"><ele>-4.4</ele><time>2025-09-21T07:47:23Z</time></trkpt>
    <trkpt lat="52.4719941" lon="5.6199852"><ele>-4.2</ele><time>2025-09-21T07:47:25Z</time></trkpt>
    <trkpt lat="52.4720895" lon="5.6200479"><ele>-4.1</ele><time>2025-09-21T07:47:26Z</time></trkpt>
    <trkpt lat="52.4721615" lon="5.6200108"><ele>-4.2</ele><time>2025-09-21T07:47:27Z</time></trkpt>
    <trkpt lat="52.4722943" lon="5.6200023"><ele>-4.8</ele><time>2025-09-21T07:47:28Z</time></trkpt>
    <trkpt lat="52.4723702" lon="5.6200093"><ele>-3.6</ele><time>2025-09-21T07:47:30Z</time></trkpt>
    <trkpt lat="52.4724479" lon="5.6200424"><ele>-3.9</ele><time>2025-09-21T07:47:31Z</time></trkpt>
    <trkpt lat="52.4725202" lon="5.6199971"><ele>-3.3</ele><time>2025-09-21T07:47:32Z</time></trkpt>
    <trkpt lat="52.4726199" lon="5.6199739"><ele>-4.1</ele><time>2025-09-21T07:47:33Z</time></trkpt>
    <trkpt lat="52.4726815" lon="5.6199827"><ele>-4.1</ele><time>2025-09-21T07:47:35Z</time></trkpt>
    <trkpt lat="52.4728033" lon="5.6200030"><ele>-3.6</ele><time>2025-09-21T07:47:36Z</time></trkpt>
    <trkpt lat="52.4728825" lon="5.6199964"><ele>-3.8</ele><time>2025-09-21T07:47:37Z</time></trkpt>
    <trkpt lat="52.4729689" lon="5.6200147"><ele>-4.5</ele><time>2025-09-21T07:47:38Z</time></trkpt>
    <trkpt lat="52.4730852" lon="5.6199774"><ele>-3.5</ele><time>2025-09-21T07:47:40Z</time></trkpt>
    <trkpt lat="52.4731623" lon="5.6199804"><ele>-3.6</ele><time>2025-09-21T07:47:41Z</time></trkpt>
    <trkpt lat="52.4732418" lon="5.6200293"><ele>-4.0</ele><time>2025-09-21T07:47:42Z</time></trkpt>
    <trkpt lat="52.4733730" lon="5.6200311"><ele>-3.3</ele><time>2025-09-21T07:47:43Z</time></trkpt>
    <trkpt lat="52.4734364" lon="5.6199748"><ele>-4.0</ele><time>2025-09-21T07:47:45Z</time></trkpt>
    <trkpt lat="52.4735113" lon="5.6199987"><ele>-4.1</ele><time>2025-09-21T07:47:46Z</time></trkpt>
    <trkpt lat="52.4736344" lon="5.6199998"><ele>-3.6</ele><time>2025-09-21T07:47:47Z</time></trkpt>
    <trkpt lat="52.4737003" lon="5.6200094"><ele>-4.2</ele><time>2025-09-21T07:47:48Z</time></trkpt>
    <trkpt lat="52.4738066" lon="5.6199949"><ele>-3.6</ele><time>2025-09-21T07:47:50Z</time></trkpt>
    <trkpt lat="52.4738832" lon="5.6200434"><ele>-3.9</ele><time>2025-09-21T07:47:51Z</time></trkpt>
    <trkpt lat="52.4739749" lon="5.6199643"><ele>-4.6</ele><time>2025-09-21T07:47:52Z</time></trkpt>
    <trkpt lat="52.4740510" lon="5.6200337"><ele>-3.9</ele><time>2025-09-21T07:47:53Z</time></trkpt>
    <trkpt lat="52.4741426" lon="5.6199702"><ele>-4.3</ele><time>2025-09-21T07:47:55Z</time></trkpt>
    <trkpt lat="52.4742425" lon="5.6200250"><ele>-4.4</ele><time>2025-09-21T07:47:56Z</time></trkpt>
    <trkpt lat="52.4743281" lon="5.6199574"><ele>-4.1</ele><time>2025-09-21T07:47:57Z</time></trkpt>
    <trkpt lat="52.4744269" lon="5.6199755"><ele>-4.0</ele><time>2025-09-21T07:47:58Z</time></trkpt>
    <trkpt lat="52.4745008" lon="5.6200025"><ele>-4.1</ele><time>2025-09-21T07:48:00Z</time></trkpt>
    <trkpt lat="52.4745770" lon="5.6199898"><ele>-3.7</ele><time>2025-09-21T07:48:01Z</time></trkpt>
    <trkpt lat="52.4746653" lon="5.6200089"><ele>-3.9</ele><time>2025-09-21T07:48:02Z</time></trkpt>
    <trkpt lat="52.4747816" lon="5.6200255"><ele>-3.4</ele><time>2025-09-21T07:48:03Z</time></trkpt>
    <trkpt lat="52.4748683" lon="5.6199941"><ele>-4.4</ele><time>2025-09-21T07:48:05Z</time></trkpt>
    <trkpt lat="52.4749335" lon="5.6199800"><ele>-4.3</ele><time>2025-09-21T07:48:06Z</time></trkpt>
    <trkpt lat="52.4750550" lon="5.6200054"><ele>-3.4</ele><time>2025-09-21T07:48:07Z</time></trkpt>
    <trkpt lat="52.4751245" lon="5.6200029"><ele>-3.7</ele><time>2025-09-21T07:48:08Z</time></trkpt>
    <trkpt lat="52.4752518" lon="5.6199968"><ele>-3.1</ele><time>2025-09-21T07:48:10Z</time></trkpt>
    <trkpt lat="52.4753023" lon="5.6200212"><ele>-4.1</ele><time>2025-09-21T07:48:11Z</time></trkpt>
    <trkpt lat="52.4753978" lon="5.6200042"><ele>-3.7</ele><time>2025-09-21T07:48:12Z</time></trkpt>
    <trkpt lat="52.4755086" lon="5.6200151"><ele>-3.8</ele><time>2025-09-21T07:48:13Z</time></trkpt>
    <trkpt lat="52.4755758" lon="5.6199805"><ele>-4.0</ele><time>2025-09-21T07:48:15Z</time></trkpt>
    <trkpt lat="52.4756983" lon="5.6200293"><ele>-3.5</ele><time>2025-09-21T07:48:16Z</time></trkpt>
    <trkpt lat="52.4757760" lon="5.6200080"><ele>-3.6</ele><time>2025-09-21T07:48:17Z</time></trkpt>
    <trkpt lat="52.4758683" lon="5.6200285"><ele>-4.5</ele><time>2025-09-21T07:48:18Z</time></trkpt>
    <trkpt lat="52.4759518" lon="5.6200210"><ele>-4.1</ele><time>2025-09-21T07:48:20Z</time></trkpt>
    <trkpt lat="52.4760404" lon="5.6200116"><ele>-3.9</ele><time>2025-09-21T07:48:21Z</time></trkpt>
    <trkpt lat="52.4761279" lon="5.6199627"><ele>-3.7</ele><time>2025-09-21T07:48:22Z</time></trkpt>
    <trkpt lat="52.4761948" lon="5.6199989"><ele>-3.7</ele><time>2025-09-21T07:48:23Z</time></trkpt>
    <trkpt lat="52.4763085" lon="5.6200159"><ele>-3.7</ele><time>2025-09-21T07:48:25Z</time></trkpt>
    <trkpt lat="52.4763871" lon="5.6199922"><ele>-3.7</ele><time>2025-09-21T07:48:26Z</time></trkpt>
    <trkpt lat="52.4764883" lon="5.6199922"><ele>-2.6</ele><time>2025-09-21T07:48:27Z</time></trkpt>
    <trkpt lat="52.4765775" lon="5.6200157"><ele>-4.6</ele><time>2025-09-21T07:48:28Z</time></trkpt>
    <trkpt lat="52.4766758" lon="5.6200021"><ele>-4.2</ele><time>2025-09-21T07:48:30Z</time></trkpt>
    <trkpt lat="52.4767251" lon="5.6199947"><ele>-3.7</ele><time>2025-09-21T07:48:31Z</time></trkpt>
    <trkpt lat="52.4768545" lon="5.6199869"><ele>-3.4</ele><time>2025-09-21T07:48:32Z</time></trkpt>
    <trkpt lat="52.4769484" lon="5.6199964"><ele>-3.8</ele><time>2025-09-21T07:48:33Z</time></trkpt>
    <trkpt lat="52.4770213" lon="5.6199955"><ele>-4.2</ele><time>2025-09-21T07:48:35Z</time></trkpt>
    <trkpt lat="52.4771268" lon="5.6200283"><ele>-4.3</ele><time>2025-09-21T07:48:36Z</time></trkpt>
    <trkpt lat="52.4771949" lon="5.6200186"><ele>-4.5</ele><time>2025-09-21T07:48:37Z</time></trkpt>
    <trkpt lat="52.4772774" lon="5.6200265"><ele>-3.4</ele><time>2025-09-21T07:48:38Z</time></trkpt>
    <trkpt lat="52.4773967" lon="5.6200044"><ele>-3.7</ele><time>2025-09-21T07:48:40Z</time></trkpt>
    <trkpt lat="52.4774791" lon="5.6200255"><ele>-3.7</ele><time>2025-09-21T07:48:41Z</time></trkpt>
    <trkpt lat="52.4775790" lon="5.6200055"><ele>-4.1</ele><time>2025-09-21T07:48:42Z</time></trkpt>
    <trkpt lat="52.4776744" lon="5.6200224"><ele>-3.9</ele><time>2025-09-21T07:48:43Z</time></trkpt>
    <trkpt lat="52.4777370" lon="5.6200097"><ele>-4.0</ele><time>2025-09-21T07:48:45Z</time></trkpt>
    <trkpt lat="52.4778292" lon="5.6200058"><ele>-4.3</ele><time>2025-09-21T07:48:46Z</time></trkpt>
    <trkpt lat="52.4779263" lon="5.6199993"><ele>-3.8</ele><time>2025-09-21T07:48:47Z</time></trkpt>
    <trkpt lat="52.4779897" lon="5.6200157"><ele>-3.3</ele><time>2025-09-21T07:48:48Z</time></trkpt>
    <trkpt lat="52.4780930" lon="5.6199962"><ele>-4.1</ele><time>2025-09-21T07:48:50Z</time></trkpt>
    <trkpt lat="52.4782050" lon="5.6200098"><ele>-4.1</ele><time>2025-09-21T07:48:51Z</time></trkpt>
    <trkpt lat="52.4782617" lon="5.6200035"><ele>-3.8</ele><time>2025-09-21T07:48:52Z</time></trkpt>
    <trkpt lat="52.4783672" lon="5.6199975"><ele>-3.5</ele><time>2025-09-21T07:48:53Z</time></trkpt>
    <trkpt lat="52.4784768" lon="5.6200396"><ele>-4.2</ele><time>2025-09-21T07:48:55Z</time></trkpt>
    <trkpt lat="52.4785483" lon="5.6200337"><ele>-3.9</ele><time>2025-09-21T07:48:56Z</time></trkpt>
    <trkpt lat="52.4786488" lon="5.6199872"><ele>-3.7</ele><time>2025-09-21T07:48:57Z</time></trkpt>
    <trkpt lat="52.4787297" lon="5.6200032"><ele>-4.0</ele><time>2025-09-21T07:48:58Z</time></trkpt>
    <trkpt lat="52.4788355" lon="5.6199912"><ele>-4.1</ele><time>2025-09-21T07:49:00Z</time></trkpt>
    <trkpt lat="52.4789094" lon="5.6199967"><ele>-4.2</ele><time>2025-09-21T07:49:01Z</time></trkpt>
    <trkpt lat="52.4789824" lon="5.6199950"><ele>-3.7</ele><time>2025-09-21T07:49:02Z</time></trkpt>
    <trkpt lat="52.4790879" lon="5.6200119"><ele>-3.3</ele><time>2025-09-21T07:49:03Z</time></trkpt>
    <trkpt lat="52.4791893" lon="5.6199819"><ele>-3.7</ele><time>2025-09-21T07:49:05Z</time></trkpt>
    <trkpt lat="52.4792685" lon="5.6199882"><ele>-3.5</ele><time>2025-09-21T07:49:06Z</time></trkpt>
    <trkpt lat="52.4793654" lon="5.6200014"><ele>-3.3</ele><time>2025-09-21T07:49:07Z</time></trkpt>
    <trkpt lat="52.4794290" lon="5.6200048"><ele>-4.2</ele><time>2025-09-21T07:49:08Z</time></trkpt>
    <trkpt lat="52.4795396" lon="5.6200184"><ele>-4.3</ele><time>2025-09-21T07:49:10Z</time></trkpt>
    <trkpt lat="52.4796355" lon="5.6199565"><ele>-3.3</ele><time>2025-09-21T07:49:11Z</time></trkpt>
    <trkpt lat="52.4796919" lon="5.6199725"><ele>-3.7</ele><time>2025-09-21T07:49:12Z</time></trkpt>
    <trkpt lat="52.4798070" lon="5.6199881"><ele>-4.0</ele><time>2025-09-21T07:49:13Z</time></trkpt>
    <trkpt lat="52.4799067" lon="5.6199802"><ele>-3.5</ele><time>2025-09-21T07:49:15Z</time></trkpt>
    <trkpt lat="52.4799832" lon="5.6200080"><ele>-3.5</ele><time>2025-09-21T07:49:16Z</time></trkpt>
    <trkpt lat="52.4800883" lon="5.6199976"><ele>-4.3</ele><time>2025-09-21T07:49:17Z</time></trkpt>
    <trkpt lat="52.4801803" lon="5.6200144"><ele>-3.4</ele><time>2025-09-21T07:49:18Z</time></trkpt>
    <trkpt lat="52.4802662" lon="5.6200006"><ele>-4.1</ele><time>2025-09-21T07:49:20Z</time></trkpt>
    <trkpt lat="52.4803605" lon="5.6200194"><ele>-3.5</ele><time>2025-09-21T07:49:21Z</time></trkpt>
    <trkpt lat="52.4804236" lon="5.6199916"><ele>-3.9</ele><time>2025-09-21T07:49:22Z</time></trkpt>
    <trkpt lat="52.4805199" lon="5.6199955"><ele>-3.7</ele><time>2025-09-21T07:49:23Z</time></trkpt>
    <trkpt lat="52.4806250" lon="5.6200207"><ele>-3.5</ele><time>2025-09-21T07:49:25Z</time></trkpt>
    <trkpt lat="52.4806965" lon="5.6200087"><ele>-4.1</ele><time>2025-09-21T07:49:26Z</time></trkpt>
    <trkpt lat="52.4808086" lon="5.6199923"><ele>-3.5</ele><time>2025-09-21T07:49:27Z</time></trkpt>
    <trkpt lat="52.4809028" lon="5.6200030"><ele>-4.2</ele><time>2025-09-21T07:49:28Z</time></trkpt>
    <trkpt lat="52.4809991" lon="5.6199976"><ele>-3.7</ele><time>2025-09-21T07:49:30Z</time></trkpt>
    <trkpt lat="52.4810439" lon="5.6200229"><ele>-4.6</ele><time>2025-09-21T07:49:31Z</time></trkpt>
    <trkpt lat="52.4811723" lon="5.6199812"><ele>-3.3</ele><time>2025-09-21T07:49:32Z</time></trkpt>
    <trkpt lat="52.4812357" lon="5.6199866"><ele>-4.3</ele><time>2025-09-21T07:49:33Z</time></trkpt>
    <trkpt lat="52.4813460" lon="5.6199806"><ele>-4.0</ele><time>2025-09-21T07:49:35Z</time></trkpt>
    <trkpt lat="52.4814381" lon="5.6200410"><ele>-4.2</ele><time>2025-09-21T07:49:36Z</time></trkpt>
    <trkpt lat="52.4815163" lon="5.6200052"><ele>-3.6</ele><time>2025-09-21T07:49:37Z</time></trkpt>
    <trkpt lat="52.4816036" lon="5.6200198"><ele>-3.5</ele><time>2025-09-21T07:49:38Z</time></trkpt>
    <trkpt lat="52.4816970" lon="5.6200124"><ele>-3.8</ele><time>2025-09-21T07:49:40Z</time></trkpt>
    <trkpt lat="52.4817838" lon="5.6200149"><ele>-4.2</ele><time>2025-09-21T07:49:41Z</time></trkpt>
    <trkpt lat="52.4818779" lon="5.6200277"><ele>-4.1</ele><time>2025-09-21T07:49:42Z</time></trkpt>
    <trkpt lat="52.4819482" lon="5.6200101"><ele>-3.9</ele><time>2025-09-21T07:49:43Z</time></trkpt>
    <trkpt lat="52.4820519" lon="5.6199705"><ele>-4.6</ele><time>2025-09-21T07:49:45Z</time></trkpt>
    <trkpt lat="52.4821593" lon="5.6199845"><ele>-4.0</ele><time>2025-09-21T07:49:46Z</time></trkpt>
    <trkpt lat="52.4822604" lon="5.6199737"><ele>-4.1</ele><time>2025-09-21T07:49:47Z</time></trkpt>
    <trkpt lat="52.4823202" lon="5.6200323"><ele>-4.5</ele><time>2025-09-21T07:49:48Z</time></trkpt>
    <trkpt lat="52.4824114" lon="5.6200401"><ele>-3.6</ele><time>2025-09-21T07:49:50Z</time></trkpt>
    <trkpt lat="52.4824895" lon="5.6200259"><ele>-3.9</ele><time>2025-09-21T07:49:51Z</time></trkpt>
    <trkpt lat="52.4826048" lon="5.6199876"><ele>-3.9</ele><time>2025-09-21T07:49:52Z</time></trkpt>
    <trkpt lat="52.4826874" lon="5.6199727"><ele>-3.6</ele><time>2025-09-21T07:49:53Z</time></trkpt>
    <trkpt lat="52.4827840" lon="5.6199937"><ele>-4.1</ele><time>2025-09-21T07:49:55Z</time></trkpt>
    <trkpt lat="52.4828710" lon="5.6199990"><ele>-3.8</ele><time>2025-09-21T07:49:56Z</time></trkpt>
    <trkpt lat="52.4829688" lon="5.6200276"><ele>-3.6</ele><time>2025-09-21T07:49:57Z</time></trkpt>
    <trkpt lat="52.4830482" lon="5.6200157"><ele>-4.4</ele><time>2025-09-21T07:49:58Z</time></trkpt>
    <trkpt lat="52.4831590" lon="5.6200231"><ele>-3.8</ele><time>2025-09-21T07:50:00Z</time></trkpt>
    <trkpt lat="52.4832254" lon="5.6199947"><ele>-3.4</ele><time>2025-09-21T07:50:01Z</time></trkpt>
    <trkpt lat="52.4833028" lon="5.6200063"><ele>-4.0</ele><time>2025-09-21T07:50:02Z</time></trkpt>
    <trkpt lat="52.4834030" lon="5.6199836"><ele>-4.2</ele><time>2025-09-21T07:50:03Z</time></trkpt>
    <trkpt lat="52.4835151" lon="5.6199813"><ele>-3.5</ele><time>2025-09-21T07:50:05Z</time></trkpt>
    <trkpt lat="52.4835724" lon="5.6199654"><ele>-4.1</ele><time>2025-09-21T07:50:06Z</time></trkpt>
    <trkpt lat="52.4836570" lon="5.6199918"><ele>-3.6</ele><time>2025-09-21T07:50:07Z</time></trkpt>
    <trkpt lat="52.4837743" lon="5.6199653"><ele>-3.6</ele><time>2025-09-21T07:50:08Z</time></trkpt>
    <trkpt lat="52.4838463" lon="5.6199922"><ele>-3.9</ele><time>2025-09-21T07:50:10Z</time></trkpt>
    <trkpt lat="52.4839172" lon="5.6200034"><ele>-4.4</ele><time>2025-09-21T07:50:11Z</time></trkpt>
    <trkpt lat="52.4840333" lon="5.6200116"><ele>-4.1</ele><time>2025-09-21T07:50:12Z</time></trkpt>
    <trkpt lat="52.4841153" lon="5.6199787"><ele>-4.2</ele><time>2025-09-21T07:50:13Z</time></trkpt>
    <trkpt lat="52.4841979" lon="5.6200605"><ele>-3.3</ele><time>2025-09-21T07:50:15Z</time></trkpt>
    <trkpt lat="52.4843071" lon="5.6200105"><ele>-3.8</ele><time>2025-09-21T07:50:16Z</time></trkpt>
    <trkpt lat="52.4844154" lon="5.6199920"><ele>-3.7</ele><time>2025-09-21T07:50:17Z</time></trkpt>
    <trkpt lat="52.4844824" lon="5.6199996"><ele>-3.8</ele><time>2025-09-21T07:50:18Z</time></trkpt>
    <trkpt lat="52.4845697" lon="5.6199755"><ele>-4.1</ele><time>2025-09-21T07:50:20Z</time></trkpt>
    <trkpt lat="52.4846717" lon="5.6200136"><ele>-4.6</ele><time>2025-09-21T07:50:21Z</time></trkpt>
    <trkpt lat="52.4847667" lon="5.6199954"><ele>-4.4</ele><time>2025-09-21T07:50:22Z</time></trkpt>
    <trkpt lat="52.4848567" lon="5.6199746"><ele>-3.9</ele><time>2025-09-21T07:50:23Z</time></trkpt>
    <trkpt lat="52.4849174" lon="5.6199904"><ele>-3.8</ele><time>2025-09-21T07:50:25Z</time></trkpt>
    <trkpt lat="52.4850260" lon="5.6199882"><ele>-3.7</ele><time>2025-09-21T07:50:26Z</time></trkpt>
    <trkpt lat="52.4851088" lon="5.6200154"><ele>-4.1</ele><time>2025-09-21T07:50:27Z</time></trkpt>
    <trkpt lat="52.4852017" lon="5.6200008"><ele>-3.8</ele><time>2025-09-21T07:50:28Z</time></trkpt>
    <trkpt lat="52.4852897" lon="5.6199887"><ele>-4.1</ele><time>2025-09-21T07:50:30Z</time></trkpt>
    <trkpt lat="52.4853848" lon="5.6199875"><ele>-3.4</ele><time>2025-09-21T07:50:31Z</time></trkpt>
    <trkpt lat="52.4854803" lon="5.6199886"><ele>-3.8</ele><time>2025-09-21T07:50:32Z</time></trkpt>
    <trkpt lat="52.4855714" lon="5.6200025"><ele>-4.1</ele><time>2025-09-21T07:50:33Z</time></trkpt>
    <trkpt lat="52.4856562" lon="5.6200123"><ele>-5.3</ele><time>2025-09-21T07:50:35Z</time></trkpt>
    <trkpt lat="52.4857501" lon="5.6200079"><ele>-3.1</ele><time>2025-09-21T07:50:36Z</time></trkpt>
    <trkpt lat="52.4858333" lon="5.6199773"><ele>-3.8</ele><time>2025-09-21T07:50:37Z</time></trkpt>
    <trkpt lat="52.4859377" lon="5.6199792"><ele>-3.7</ele><time>2025-09-21T07:50:38Z</time></trkpt>
    <trkpt lat="52.4859960" lon="5.6199830"><ele>-4.1</ele><time>2025-09-21T07:50:40Z</time></trkpt>
    <trkpt lat="52.4861301" lon="5.6200515"><ele>-4.9</ele><time>2025-09-21T07:50:41Z</time></trkpt>
    <trkpt lat="52.4862003" lon="5.6199608"><ele>-3.9</ele><time>2025-09-21T07:50:42Z</time></trkpt>
    <trkpt lat="52.4862893" lon="5.6199864"><ele>-3.9</ele><time>2025-09-21T07:50:43Z</time></trkpt>
    <trkpt lat="52.4863747" lon="5.6200064"><ele>-4.3</ele><time>2025-09-21T07:50:45Z</time></trkpt>
    <trkpt lat="52.4864550" lon="5.6200286"><ele>-3.5</ele><time>2025-09-21T07:50:46Z</time></trkpt>
    <trkpt lat="52.4865515" lon="5.6200151"><ele>-3.8</ele><time>2025-09-21T07:50:47Z</time></trkpt>
    <trkpt lat="52.4866165" lon="5.6199992"><ele>-4.0</ele><time>2025-09-21T07:50:48Z</time></trkpt>
    <trkpt lat="52.4867094" lon="5.6200095"><ele>-4.5</ele><time>2025-09-21T07:50:50Z</time></trkpt>
    <trkpt lat="52.4868313" lon="5.6200235"><ele>-4.5</ele><time>2025-09-21T07:50:51Z</time></trkpt>
    <trkpt lat="52.4869098" lon="5.6200101"><ele>-3.5</ele><time>2025-09-21T07:50:52Z</time></trkpt>
    <trkpt lat="52.4869974" lon="5.6199931"><ele>-4.2</ele><time>2025-09-21T07:50:53Z</time></trkpt>
    <trkpt lat="52.4870885" lon="5.6200041"><ele>-4.2</ele><time>2025-09-21T07:50:55Z</time></trkpt>
    <trkpt lat="52.4871700" lon="5.6199926"><ele>-3.7</ele><time>2025-09-21T07:50:56Z</time></trkpt>
    <trkpt lat="52.4872493" lon="5.6199778"><ele>-4.3</ele><time>2025-09-21T07:50:57Z</time></trkpt>
    <trkpt lat="52.4873530" lon="5.6200237"><ele>-3.6</ele><time>2025-09-21T07:50:58Z</time></trkpt>
    <trkpt lat="52.4874429" lon="5.6200161"><ele>-3.6</ele><time>2025-09-21T07:51:00Z</time></trkpt>
    <trkpt lat="52.4875389" lon="5.6200111"><ele>-4.2</ele><time>2025-09-21T07:51:01Z</time></trkpt>
    <trkpt lat="52.4876123" lon="5.6199988"><ele>-4.0</ele><time>2025-09-21T07:51:02Z</time></trkpt>
    <trkpt lat="52.4877250" lon="5.6199875"><ele>-3.8</ele><time>2025-09-21T07:51:03Z</time></trkpt>
    <trkpt lat="52.4878205" lon="5.6199862"><ele>-3.4</ele><time>2025-09-21T07:51:05Z</time></trkpt>
    <trkpt lat="52.4878891" lon="5.6200015"><ele>-3.7</ele><time>2025-09-21T07:51:06Z</time></trkpt>
    <trkpt lat="52.4879810" lon="5.6199470"><ele>-3.7</ele><time>2025-09-21T07:51:07Z</time></trkpt>
    <trkpt lat="52.4880689" lon="5.6200437"><ele>-3.3</ele><time>2025-09-21T07:51:08Z</time></trkpt>
    <trkpt lat="52.4881936" lon="5.6200508"><ele>-4.8</ele><time>2025-09-21T07:51:10Z</time></trkpt>
    <trkpt lat="52.4882609" lon="5.6200241"><ele>-3.5</ele><time>2025-09-21T07:51:11Z</time></trkpt>
    <trkpt lat="52.4883401" lon="5.6199962"><ele>-4.0</ele><time>2025-09-21T07:51:12Z</time></trkpt>
    <trkpt lat="52.4884493" lon="5.6200329"><ele>-4.0</ele><time>2025-09-21T07:51:13Z</time></trkpt>
    <trkpt lat="52.4885395" lon="5.6200084"><ele>-3.7</ele><time>2025-09-21T07:51:15Z</time></trkpt>
    <trkpt lat="52.4886091" lon="5.6199992"><ele>-4.2</ele><time>2025-09-21T07:51:16Z</time></trkpt>
    <trkpt lat="52.4887003" lon="5.6199906"><ele>-4.5</ele><time>2025-09-21T07:51:17Z</time></trkpt>
    <trkpt lat="52.4888093" lon="5.6199692"><ele>-4.4</ele><time>2025-09-21T07:51:18Z</time></trkpt>
    <trkpt lat="52.4888868" lon="5.6199714"><ele>-3.3</ele><time>2025-09-21T07:51:20Z</time></trkpt>
    <trkpt lat="52.4889718" lon="5.6200277"><ele>-4.3</ele><time>2025-09-21T07:51:21Z</time></trkpt>
    <trkpt lat="52.4890550" lon="5.6199883"><ele>-4.1</ele><time>2025-09-21T07:51:22Z</time></trkpt>
    <trkpt lat="52.4891428" lon="5.6200106"><ele>-4.2</ele><time>2025-09-21T07:51:23Z</time></trkpt>
    <trkpt lat="52.4892465" lon="5.6199944"><ele>-4.2</ele><time>2025-09-21T07:51:25Z</time></trkpt>
    <trkpt lat="52.4893216" lon="5.6199828"><ele>-4.2</ele><time>2025-09-21T07:51:26Z</time></trkpt>
    <trkpt lat="52.4894234" lon="5.6200115"><ele>-5.1</ele><time>2025-09-21T07:51:27Z</time></trkpt>
    <trkpt lat="52.4895156" lon="5.6200136"><ele>-4.3</ele><time>2025-09-21T07:51:28Z</time></trkpt>
    <trkpt lat="52.4895658" lon="5.6199945"><ele>-4.6</ele><time>2025-09-21T07:51:30Z</time></trkpt>
    <trkpt lat="52.4897248" lon="5.6200256"><ele>-3.0</ele><time>2025-09-21T07:51:31Z</time></trkpt>
    <trkpt lat="52.4897866" lon="5.6199839"><ele>-3.6</ele><time>2025-09-21T07:51:32Z</time></trkpt>
    <trkpt lat="52.4898993" lon="5.6199730"><ele>-4.2</ele><time>2025-09-21T07:51:33Z</time></trkpt>
    <trkpt lat="52.4899504" lon="5.6200078"><ele>-3.8</ele><time>2025-09-21T07:51:35Z</time></trkpt>
    <trkpt lat="52.4900702" lon="5.6199997"><ele>-4.4</ele><time>2025-09-21T07:51:36Z</time></trkpt>
    <trkpt lat="52.4901700" lon="5.6199998"><ele>-4.4</ele><time>2025-09-21T07:51:37Z</time></trkpt>
    <trkpt lat="52.4902413" lon="5.6200078"><ele>-4.1</ele><time>2025-09-21T07:51:38Z</time></trkpt>
    <trkpt lat="52.4903443" lon="5.6199941"><ele>-3.5</ele><time>2025-09-21T07:51:40Z</time></trkpt>
    <trkpt lat="52.4904187" lon="5.6200125"><ele>-4.4</ele><time>2025-09-21T07:51:41Z</time></trkpt>
    <trkpt lat="52.4905291" lon="5.6200020"><ele>-3.5</ele><time>2025-09-21T07:51:42Z</time></trkpt>
    <trkpt lat="52.4905669" lon="5.6199701"><ele>-4.2</ele><time>2025-09-21T07:51:43Z</time></trkpt>
    <trkpt lat="52.4906773" lon="5.6200037"><ele>-4.0</ele><time>2025-09-21T07:51:45Z</time></trkpt>
    <trkpt lat="52.4907867" lon="5.6200076"><ele>-3.8</ele><time>2025-09-21T07:51:46Z</time></trkpt>
    <trkpt lat="52.4908453" lon="5.6200276"><ele>-3.7</ele><time>2025-09-21T07:51:47Z</time></trkpt>
    <trkpt lat="52.4909342" lon="5.6200094"><ele>-3.4</ele><time>2025-09-21T07:51:48Z</time></trkpt>
    <trkpt lat="52.4910247" lon="5.6199647"><ele>-2.8</ele><time>2025-09-21T07:51:50Z</time></trkpt>
    <trkpt lat="52.4911391" lon="5.6200286"><ele>-3.4</ele><time>2025-09-21T07:51:51Z</time></trkpt>
    <trkpt lat="52.4912087" lon="5.6200254"><ele>-3.7</ele><time>2025-09-21T07:51:52Z</time></trkpt>
    <trkpt lat="52.4913116" lon="5.6200310"><ele>-3.9</ele><time>2025-09-21T07:51:53Z</time></trkpt>
    <trkpt lat="52.4914136" lon="5.6199897"><ele>-4.1</ele><time>2025-09-21T07:51:55Z</time></trkpt>
    <trkpt lat="52.4914769" lon="5.6199870"><ele>-4.3</ele><time>2025-09-21T07:51:56Z</time></trkpt>
    <trkpt lat="52.4915898" lon="5.6200049"><ele>-4.1</ele><time>2025-09-21T07:51:57Z</time></trkpt>
    <trkpt lat="52.4916778" lon="5.6199768"><ele>-3.8</ele><time>2025-09-21T07:51:58Z</time></trkpt>
    <trkpt lat="52.4917564" lon="5.6200283"><ele>-4.1</ele><time>2025-09-21T07:52:00Z</time></trkpt>
    <trkpt lat="52.4918736" lon="5.6200114"><ele>-3.9</ele><time>2025-09-21T07:52:01Z</time></trkpt>
    <trkpt lat="52.4919301" lon="5.6199982"><ele>-4.1</ele><time>2025-09-21T07:52:02Z</time></trkpt>
    <trkpt lat="52.4920442" lon="5.6200210"><ele>-3.5</ele><time>2025-09-21T07:52:03Z</time></trkpt>
    <trkpt lat="52.4921339" lon="5.6199636"><ele>-4.3</ele><time>2025-09-21T07:52:05Z</time></trkpt>
    <trkpt lat="52.4921803" lon="5.6200132"><ele>-4.0</ele><time>2025-09-21T07:52:06Z</time></trkpt>
    <trkpt lat="52.4923196" lon="5.6199804"><ele>-3.9</ele><time>2025-09-21T07:52:07Z</time></trkpt>
    <trkpt lat="52.4923862" lon="5.6200289"><ele>-3.1</ele><time>2025-09-21T07:52:08Z</time></trkpt>
    <trkpt lat="52.4925078" lon="5.6199901"><ele>-4.1</ele><time>2025-09-21T07:52:10Z</time></trkpt>
    <trkpt lat="52.4925841" lon="5.6199782"><ele>-4.1</ele><time>2025-09-21T07:52:11Z</time></trkpt>
    <trkpt lat="52.4926435" lon="5.6199987"><ele>-4.1</ele><time>2025-09-21T07:52:12Z</time></trkpt>
    <trkpt lat="52.4927421" lon="5.6200026"><ele>-3.8</ele><time>2025-09-21T07:52:13Z</time></trkpt>
    <trkpt lat="52.4928536" lon="5.6199488"><ele>-4.1</ele><time>2025-09-21T07:52:15Z</time></trkpt>
    <trkpt lat="52.4929266" lon="5.6200328"><ele>-4.2</ele><time>2025-09-21T07:52:16Z</time></trkpt>
    <trkpt lat="52.4930250" lon="5.6199900"><ele>-3.7</ele><time>2025-09-21T07:52:17Z</time></trkpt>
    <trkpt lat="52.4931003" lon="5.6199897"><ele>-3.7</ele><time>2025-09-21T07:52:18Z</time></trkpt>
    <trkpt lat="52.4931772" lon="5.6200185"><ele>-4.3</ele><time>2025-09-21T07:52:20Z</time></trkpt>
    <trkpt lat="52.4933141" lon="5.6199850"><ele>-3.4</ele><time>2025-09-21T07:52:21Z</time></trkpt>
    <trkpt lat="52.4933874" lon="5.6200178"><ele>-4.4</ele><time>2025-09-21T07:52:22Z</time></trkpt>
    <trkpt lat="52.4934645" lon="5.6200251"><ele>-4.2</ele><time>2025-09-21T07:52:23Z</time></trkpt>
    <trkpt lat="52.4935407" lon="5.6200433"><ele>-3.4</ele><time>2025-09-21T07:52:25Z</time></trkpt>
    <trkpt lat="52.4936377" lon="5.6200045"><ele>-3.9</ele><time>2025-09-21T07:52:26Z</time></trkpt>
    <trkpt lat="52.4937427" lon="5.6199812"><ele>-4.2</ele><time>2025-09-21T07:52:27Z</time></trkpt>
    <trkpt lat="52.4938663" lon="5.6199735"><ele>-4.1</ele><time>2025-09-21T07:52:28Z</time></trkpt>
    <trkpt lat="52.4939193" lon="5.6200221"><ele>-3.7</ele><time>2025-09-21T07:52:30Z</time></trkpt>
    <trkpt lat="52.4939951" lon="5.6200089"><ele>-5.3</ele><time>2025-09-21T07:52:31Z</time></trkpt>
    <trkpt lat="52.4940882" lon="5.6201524"><ele>-4.4</ele><time>2025-09-21T07:52:32Z</time></trkpt>
    <trkpt lat="52.4941341" lon="5.6202816"><ele>-2.7</ele><time>2025-09-21T07:52:33Z</time></trkpt>
    <trkpt lat="52.4941477" lon="5.6204179"><ele>-3.7</ele><time>2025-09-21T07:52:35Z</time></trkpt>
    <trkpt lat="52.4941348" lon="5.6205771"><ele>-4.1</ele><time>2025-09-21T07:52:36Z</time></trkpt>
    <trkpt lat="52.4941520" lon="5.6207229"><ele>-4.4</ele><time>2025-09-21T07:52:37Z</time></trkpt>
    <trkpt lat="52.4941346" lon="5.6208289"><ele>-3.2</ele><time>2025-09-21T07:52:38Z</time></trkpt>
    <trkpt lat="52.4941120" lon="5.6209969"><ele>-3.6</ele><time>2025-09-21T07:52:40Z</time></trkpt>
    <trkpt lat="52.4941617" lon="5.6211657"><ele>-3.9</ele><time>2025-09-21T07:52:41Z</time></trkpt>
    <trkpt lat="52.4941253" lon="5.6213401"><ele>-3.6</ele><time>2025-09-21T07:52:42Z</time></trkpt>
    <trkpt lat="52.4941189" lon="5.6214463"><ele>-4.0</ele><time>2025-09-21T07:52:43Z</time></trkpt>
    <trkpt lat="52.4941504" lon="5.6216202"><ele>-4.1</ele><time>2025-09-21T07:52:45Z</time></trkpt>
    <trkpt lat="52.4941475" lon="5.6217626"><ele>-3.6</ele><time>2025-09-21T07:52:46Z</time></trkpt>
    <trkpt lat="52.4941393" lon="5.6218914"><ele>-4.3</ele><time>2025-09-21T07:52:47Z</time></trkpt>
    <trkpt lat="52.4941369" lon="5.6220307"><ele>-4.2</ele><time>2025-09-21T07:52:48Z</time></trkpt>
    <trkpt lat="52.4941374" lon="5.6221730"><ele>-3.8</ele><time>2025-09-21T07:52:50Z</time></trkpt>
    <trkpt lat="52.4941211" lon="5.6223503"><ele>-4.1</ele><time>2025-09-21T07:52:51Z</time></trkpt>
    <trkpt lat="52.4941300" lon="5.6224799"><ele>-3.8</ele><time>2025-09-21T07:52:52Z</time></trkpt>
    <trkpt lat="52.4941513" lon="5.6226107"><ele>-4.0</ele><time>2025-09-21T07:52:53Z</time></trkpt>
    <trkpt lat="52.4941454" lon="5.6227430"><ele>-3.3</ele><time>2025-09-21T07:52:55Z</time></trkpt>
    <trkpt lat="52.4941334" lon="5.6228726"><ele>-3.9</ele><time>2025-09-21T07:52:56Z</time></trkpt>
    <trkpt lat="52.4941556" lon="5.6230859"><ele>-4.0</ele><time>2025-09-21T07:52:57Z</time></trkpt>
    <trkpt lat="52.4941443" lon="5.6231753"><ele>-3.5</ele><time>2025-09-21T07:52:58Z</time></trkpt>
    <trkpt lat="52.4941362" lon="5.6233677"><ele>-4.3</ele><time>2025-09-21T07:53:00Z</time></trkpt>
    <trkpt lat="52.4941188" lon="5.6235590"><ele>-4.5</ele><time>2025-09-21T07:53:01Z</time></trkpt>
    <trkpt lat="52.4941391" lon="5.6236736"><ele>-3.7</ele><time>2025-09-21T07:53:02Z</time></trkpt>
    <trkpt lat="52.4941581" lon="5.6238070"><ele>-3.4</ele><time>2025-09-21T07:53:03Z</time></trkpt>
    <trkpt lat="52.4941488" lon="5.6239340"><ele>-4.4</ele><time>2025-09-21T07:53:05Z</time></trkpt>
    <trkpt lat="52.4941515" lon="5.6240554"><ele>-4.1</ele><time>2025-09-21T07:53:06Z</time></trkpt>
    <trkpt lat="52.4941349" lon="5.6241928"><ele>-4.2</ele><time>2025-09-21T07:53:07Z</time></trkpt>
    <trkpt lat="52.4941344" lon="5.6243993"><ele>-4.3</ele><time>2025-09-21T07:53:08Z</time></trkpt>
    <trkpt lat="52.4941456" lon="5.6245193"><ele>-4.3</ele><time>2025-09-21T07:53:10Z</time></trkpt>
    <trkpt lat="52.4941217" lon="5.6246853"><ele>-3.8</ele><time>2025-09-21T07:53:11Z</time></trkpt>
    <trkpt lat="52.4941429" lon="5.6248695"><ele>-3.5</ele><time>2025-09-21T07:53:12Z</time></trkpt>
    <trkpt lat="52.4941220" lon="5.6249870"><ele>-4.1</ele><time>2025-09-21T07:53:13Z</time></trkpt>
    <trkpt lat="52.4941411" lon="5.6251257"><ele>-4.2</ele><time>2025-09-21T07:53:15Z</time></trkpt>
    <trkpt lat="52.4941253" lon="5.6252851"><ele>-3.9</ele><time>2025-09-21T07:53:16Z</time></trkpt>
    <trkpt lat="52.4941194" lon="5.6254184"><ele>-3.5</ele><time>2025-09-21T07:53:17Z</time></trkpt>
    <trkpt lat="52.4941366" lon="5.6255670"><ele>-4.0</ele><time>2025-09-21T07:53:18Z</time></trkpt>
    <trkpt lat="52.4941160" lon="5.6256661"><ele>-4.3</ele><time>2025-09-21T07:53:20Z</time></trkpt>
    <trkpt lat="52.4941272" lon="5.6258825"><ele>-3.7</ele><time>2025-09-21T07:53:21Z</time></trkpt>
    <trkpt lat="52.4941236" lon="5.6259846"><ele>-4.1</ele><time>2025-09-21T07:53:22Z</time></trkpt>
    <trkpt lat="52.4941125" lon="5.6261784"><ele>-4.0</ele><time>2025-09-21T07:53:23Z</time></trkpt>
    <trkpt lat="52.4941369" lon="5.6263111"><ele>-4.0</ele><time>2025-09-21T07:53:25Z</time></trkpt>
    <trkpt lat="52.4941390" lon="5.6264666"><ele>-4.4</ele><time>2025-09-21T07:53:26Z</time></trkpt>
    <trkpt lat="52.4941244" lon="5.6266106"><ele>-4.1</ele><time>2025-09-21T07:53:27Z</time></trkpt>
    <trkpt lat="52.4941683" lon="5.6267761"><ele>-3.4</ele><time>2025-09-21T07:53:28Z</time></trkpt>
    <trkpt lat="52.4941245" lon="5.6269005"><ele>-4.3</ele><time>2025-09-21T07:53:30Z</time></trkpt>
    <trkpt lat="52.4941395" lon="5.6270753"><ele>-4.5</ele><time>2025-09-21T07:53:31Z</time></trkpt>
    <trkpt lat="52.4941429" lon="5.6272204"><ele>-3.4</ele><time>2025-09-21T07:53:32Z</time></trkpt>
    <trkpt lat="52.4941057" lon="5.6273417"><ele>-4.2</ele><time>2025-09-21T07:53:33Z</time></trkpt>
    <trkpt lat="52.4941327" lon="5.6274767"><ele>-3.3</ele><time>2025-09-21T07:53:35Z</time></trkpt>
    <trkpt lat="52.4941336" lon="5.6276122"><ele>-4.0</ele><time>2025-09-21T07:53:36Z</time></trkpt>
    <trkpt lat="52.4941209" lon="5.6277723"><ele>-4.4</ele><time>2025-09-21T07:53:37Z</time></trkpt>
    <trkpt lat="52.4941395" lon="5.6278642"><ele>-4.0</ele><time>2025-09-21T07:53:38Z</time></trkpt>
    <trkpt lat="52.4941206" lon="5.6280733"><ele>-4.0</ele><time>2025-09-21T07:53:40Z</time></trkpt>
    <trkpt lat="52.4941212" lon="5.6281944"><ele>-3.8</ele><time>2025-09-21T07:53:41Z</time></trkpt>
    <trkpt lat="52.4941428" lon="5.6283775"><ele>-4.0</ele><time>2025-09-21T07:53:42Z</time></trkpt>
    <trkpt lat="52.4941539" lon="5.6285019"><ele>-3.5</ele><time>2025-09-21T07:53:43Z</time></trkpt>
    <trkpt lat="52.4941201" lon="5.6286436"><ele>-3.8</ele><time>2025-09-21T07:53:45Z</time></trkpt>
    <trkpt lat="52.4941225" lon="5.6288121"><ele>-3.0</ele><time>2025-09-21T07:53:46Z</time></trkpt>
    <trkpt lat="52.4941235" lon="5.6289057"><ele>-3.9</ele><time>2025-09-21T07:53:47Z</time></trkpt>
    <trkpt lat="52.4941097" lon="5.6291215"><ele>-4.1</ele><time>2025-09-21T07:53:48Z</time></trkpt>
    <trkpt lat="52.4941540" lon="5.6292787"><ele>-4.1</ele><time>2025-09-21T07:53:50Z</time></trkpt>
    <trkpt lat="52.4941228" lon="5.6293947"><ele>-3.8</ele><time>2025-09-21T07:53:51Z</time></trkpt>
    <trkpt lat="52.4941072" lon="5.6295178"><ele>-4.6</ele><time>2025-09-21T07:53:52Z</time></trkpt>
    <trkpt lat="52.4941169" lon="5.6296896"><ele>-3.5</ele><time>2025-09-21T07:53:53Z</time></trkpt>
    <trkpt lat="52.4941484" lon="5.6298642"><ele>-3.7</ele><time>2025-09-21T07:53:55Z</time></trkpt>
    <trkpt lat="52.4941384" lon="5.6300081"><ele>-3.6</ele><time>2025-09-21T07:53:56Z</time></trkpt>
    <trkpt lat="52.4941454" lon="5.6301405"><ele>-4.4</ele><time>2025-09-21T07:53:57Z</time></trkpt>
    <trkpt lat="52.4941212" lon="5.6302627"><ele>-3.6</ele><time>2025-09-21T07:53:58Z</time></trkpt>
    <trkpt lat="52.4941241" lon="5.6304358"><ele>-4.4</ele><time>2025-09-21T07:54:00Z</time></trkpt>
    <trkpt lat="52.4941466" lon="5.6305590"><ele>-4.0</ele><time>2025-09-21T07:54:01Z</time></trkpt>
    <trkpt lat="52.4941253" lon="5.6307137"><ele>-4.0</ele><time>2025-09-21T07:54:02Z</time></trkpt>
    <trkpt lat="52.4941254" lon="5.6309018"><ele>-4.1</ele><time>2025-09-21T07:54:03Z</time></trkpt>
    <trkpt lat="52.4941445" lon="5.6310513"><ele>-4.4</ele><time>2025-09-21T07:54:05Z</time></trkpt>
    <trkpt lat="52.4941176" lon="5.6311850"><ele>-3.7</ele><time>2025-09-21T07:54:06Z</time></trkpt>
    <trkpt lat="52.4941212" lon="5.6312518"><ele>-3.6</ele><time>2025-09-21T07:54:07Z</time></trkpt>
    <trkpt lat="52.4941248" lon="5.6314420"><ele>-3.9</ele><time>2025-09-21T07:54:08Z</time></trkpt>
    <trkpt lat="52.4941283" lon="5.6316025"><ele>-4.2</ele><time>2025-09-21T07:54:10Z</time></trkpt>
    <trkpt lat="52.4941549" lon="5.6317897"><ele>-3.8</ele><time>2025-09-21T07:54:11Z</time></trkpt>
    <trkpt lat="52.4941275" lon="5.6318713"><ele>-4.1</ele><time>2025-09-21T07:54:12Z</time></trkpt>
    <trkpt lat="52.4941564" lon="5.6320550"><ele>-4.2</ele><time>2025-09-21T07:54:13Z</time></trkpt>
    <trkpt lat="52.4941288" lon="5.6321947"><ele>-3.9</ele><time>2025-09-21T07:54:15Z</time></trkpt>
    <trkpt lat="52.4941397" lon="5.6323233"><ele>-3.5</ele><time>2025-09-21T07:54:16Z</time></trkpt>
    <trkpt lat="52.4941301" lon="5.6324770"><ele>-3.9</ele><time>2025-09-21T07:54:17Z</time></trkpt>
    <trkpt lat="52.4941591" lon="5.6326039"><ele>-4.5</ele><time>2025-09-21T07:54:18Z</time></trkpt>
    <trkpt lat="52.4941225" lon="5.6327723"><ele>-3.4</ele><time>2025-09-21T07:54:20Z</time></trkpt>
    <trkpt lat="52.4941277" lon="5.6329167"><ele>-3.2</ele><time>2025-09-21T07:54:21Z</time></trkpt>
    <trkpt lat="52.4941240" lon="5.6330721"><ele>-4.0</ele><time>2025-09-21T07:54:22Z</time></trkpt>
    <trkpt lat="52.4941244" lon="5.6332263"><ele>-4.0</ele><time>2025-09-21T07:54:23Z</time></trkpt>
    <trkpt lat="52.4941443" lon="5.6333646"><ele>-3.7</ele><time>2025-09-21T07:54:25Z</time></trkpt>
    <trkpt lat="52.4941328" lon="5.6335350"><ele>-3.7</ele><time>2025-09-21T07:54:26Z</time></trkpt>
    <trkpt lat="52.4941502" lon="5.6336590"><ele>-3.8</ele><time>2025-09-21T07:54:27Z</time></trkpt>
    <trkpt lat="52.4941512" lon="5.6338015"><ele>-4.6</ele><time>2025-09-21T07:54:28Z</time></trkpt>
    <trkpt lat="52.4941236" lon="5.6339366"><ele>-4.0</ele><time>2025-09-21T07:54:30Z</time></trkpt>
    <trkpt lat="52.4941181" lon="5.6340781"><ele>-4.7</ele><time>2025-09-21T07:54:31Z</time></trkpt>
    <trkpt lat="52.4941239" lon="5.6342552"><ele>-3.1</ele><time>2025-09-21T07:54:32Z</time></trkpt>
    <trkpt lat="52.4941188" lon="5.6344171"><ele>-3.4</ele><time>2025-09-21T07:54:33Z</time></trkpt>
    <trkpt lat="52.4941490" lon="5.6345495"><ele>-4.4</ele><time>2025-09-21T07:54:35Z</time></trkpt>
    <trkpt lat="52.4941492" lon="5.6347202"><ele>-4.1</ele><time>2025-09-21T07:54:36Z</time></trkpt>
    <trkpt lat="52.4941292" lon="5.6348227"><ele>-3.9</ele><time>2025-09-21T07:54:37Z</time></trkpt>
    <trkpt lat="52.4941588" lon="5.6350424"><ele>-3.4</ele><time>2025-09-21T07:54:38Z</time></trkpt>
    <trkpt lat="52.4941298" lon="5.6351312"><ele>-3.8</ele><time>2025-09-21T07:54:40Z</time></trkpt>
    <trkpt lat="52.4941279" lon="5.6352772"><ele>-4.1</ele><time>2025-09-21T07:54:41Z</time></trkpt>
    <trkpt lat="52.4941333" lon="5.6354493"><ele>-3.9</ele><time>2025-09-21T07:54:42Z</time></trkpt>
    <trkpt lat="52.4941316" lon="5.6355719"><ele>-4.1</ele><time>2025-09-21T07:54:43Z</time></trkpt>
    <trkpt lat="52.4941373" lon="5.6357531"><ele>-3.4</ele><time>2025-09-21T07:54:45Z</time></trkpt>
    <trkpt lat="52.4941486" lon="5.6358685"><ele>-4.5</ele><time>2025-09-21T07:54:46Z</time></trkpt>
    <trkpt lat="52.4941333" lon="5.6360105"><ele>-4.2</ele><time>2025-09-21T07:54:47Z</time></trkpt>
    <trkpt lat="52.4941216" lon="5.6361641"><ele>-4.1</ele><time>2025-09-21T07:54:48Z</time></trkpt>
    <trkpt lat="52.4941341" lon="5.6362991"><ele>-4.1</ele><time>2025-09-21T07:54:50Z</time></trkpt>
    <trkpt lat="52.4941286" lon="5.6364390"><ele>-4.0</ele><time>2025-09-21T07:54:51Z</time></trkpt>
    <trkpt lat="52.4941354" lon="5.6365801"><ele>-3.5</ele><time>2025-09-21T07:54:52Z</time></trkpt>
    <trkpt lat="52.4941415" lon="5.6367506"><ele>-3.7</ele><time>2025-09-21T07:54:53Z</time></trkpt>
    <trkpt lat="52.4941519" lon="5.6368851"><ele>-3.0</ele><time>2025-09-21T07:54:55Z</time></trkpt>
    <trkpt lat="52.4941631" lon="5.6370273"><ele>-4.3</ele><time>2025-09-21T07:54:56Z</time></trkpt>
    <trkpt lat="52.4941094" lon="5.6372297"><ele>-3.5</ele><time>2025-09-21T07:54:57Z</time></trkpt>
    <trkpt lat="52.4941166" lon="5.6373476"><ele>-4.3</ele><time>2025-09-21T07:54:58Z</time></trkpt>
    <trkpt lat="52.4941218" lon="5.6374685"><ele>-3.8</ele><time>2025-09-21T07:55:00Z</time></trkpt>
    <trkpt lat="52.4940999" lon="5.6376350"><ele>-4.1</ele><time>2025-09-21T07:55:01Z</time></trkpt>
    <trkpt lat="52.4941351" lon="5.6377966"><ele>-3.3</ele><time>2025-09-21T07:55:02Z</time></trkpt>
    <trkpt lat="52.4941372" lon="5.6378927"><ele>-4.0</ele><time>2025-09-21T07:55:03Z</time></trkpt>
    <trkpt lat="52.4941157" lon="5.6380968"><ele>-4.5</ele><time>2025-09-21T07:55:05Z</time></trkpt>
    <trkpt lat="52.4941349" lon="5.6382242"><ele>-4.7</ele><time>2025-09-21T07:55:06Z</time></trkpt>
    <trkpt lat="52.4941337" lon="5.6383833"><ele>-3.7</ele><time>2025-09-21T07:55:07Z</time></trkpt>
    <trkpt lat="52.4941406" lon="5.6384645"><ele>-4.4</ele><time>2025-09-21T07:55:08Z</time></trkpt>
    <trkpt lat="52.4941443" lon="5.6386591"><ele>-3.3</ele><time>2025-09-21T07:55:10Z</time></trkpt>
    <trkpt lat="52.4941323" lon="5.6388203"><ele>-3.5</ele><time>2025-09-21T07:55:11Z</time></trkpt>
    <trkpt lat="52.4941316" lon="5.6389443"><ele>-4.2</ele><time>2025-09-21T07:55:12Z</time></trkpt>
    <trkpt lat="52.4941363" lon="5.6390895"><ele>-3.2</ele><time>2025-09-21T07:55:13Z</time></trkpt>
    <trkpt lat="52.4941404" lon="5.6392641"><ele>-4.0</ele><time>2025-09-21T07:55:15Z</time></trkpt>
    <trkpt lat="52.4941361" lon="5.6394309"><ele>-4.4</ele><time>2025-09-21T07:55:16Z</time></trkpt>
    <trkpt lat="52.4941531" lon="5.6395553"><ele>-4.0</ele><time>2025-09-21T07:55:17Z</time></trkpt>
    <trkpt lat="52.4941326" lon="5.6397269"><ele>-3.2</ele><time>2025-09-21T07:55:18Z</time></trkpt>
    <trkpt lat="52.4941424" lon="5.6398538"><ele>-4.1</ele><time>2025-09-21T07:55:20Z</time></trkpt>
    <trkpt lat="52.4941305" lon="5.6400133"><ele>-4.6</ele><time>2025-09-21T07:55:21Z</time></trkpt>
    <trkpt lat="52.4941172" lon="5.6401487"><ele>-3.4</ele><time>2025-09-21T07:55:22Z</time></trkpt>
    <trkpt lat="52.4941337" lon="5.6403068"><ele>-3.7</ele><time>2025-09-21T07:55:23Z</time></trkpt>
    <trkpt lat="52.4941543" lon="5.6403789"><ele>-4.3</ele><time>2025-09-21T07:55:25Z</time></trkpt>
    <trkpt lat="52.4941682" lon="5.6405986"><ele>-4.7</ele><time>2025-09-21T07:55:26Z</time></trkpt>
    <trkpt lat="52.4941381" lon="5.6407217"><ele>-3.8</ele><time>2025-09-21T07:55:27Z</time></trkpt>
    <trkpt lat="52.4941208" lon="5.6408406"><ele>-3.4</ele><time>2025-09-21T07:55:28Z</time></trkpt>
    <trkpt lat="52.4941409" lon="5.6410120"><ele>-4.6</ele><time>2025-09-21T07:55:30Z</time></trkpt>
    <trkpt lat="52.4941086" lon="5.6411524"><ele>-3.9</ele><time>2025-09-21T07:55:31Z</time></trkpt>
    <trkpt lat="52.4941346" lon="5.6413456"><ele>-4.1</ele><time>2025-09-21T07:55:32Z</time></trkpt>
    <trkpt lat="52.4941396" lon="5.6414725"><ele>-4.1</ele><time>2025-09-21T07:55:33Z</time></trkpt>
    <trkpt lat="52.4941597" lon="5.6416267"><ele>-3.1</ele><time>2025-09-21T07:55:35Z</time></trkpt>
    <trkpt lat="52.4941161" lon="5.6417488"><ele>-3.2</ele><time>2025-09-21T07:55:36Z</time></trkpt>
    <trkpt lat="52.4941497" lon="5.6419306"><ele>-3.8</ele><time>2025-09-21T07:55:37Z</time></trkpt>
    <trkpt lat="52.4941464" lon="5.6420510"><ele>-3.6</ele><time>2025-09-21T07:55:38Z</time></trkpt>
    <trkpt lat="52.4941184" lon="5.6422294"><ele>-3.6</ele><time>2025-09-21T07:55:40Z</time></trkpt>
    <trkpt lat="52.4941283" lon="5.6423427"><ele>-3.9</ele><time>2025-09-21T07:55:41Z</time></trkpt>
    <trkpt lat="52.4941645" lon="5.6424901"><ele>-3.8</ele><time>2025-09-21T07:55:42Z</time></trkpt>
    <trkpt lat="52.4941305" lon="5.6426510"><ele>-3.9</ele><time>2025-09-21T07:55:43Z</time></trkpt>
    <trkpt lat="52.4941410" lon="5.6427871"><ele>-3.7</ele><time>2025-09-21T07:55:45Z</time></trkpt>
    <trkpt lat="52.4941160" lon="5.6429581"><ele>-4.2</ele><time>2025-09-21T07:55:46Z</time></trkpt>
    <trkpt lat="52.4941164" lon="5.6430886"><ele>-3.9</ele><time>2025-09-21T07:55:47Z</time></trkpt>
    <trkpt lat="52.4941338" lon="5.6432308"><ele>-3.9</ele><time>2025-09-21T07:55:48Z</time></trkpt>
    <trkpt lat="52.4941541" lon="5.6433674"><ele>-3.6</ele><time>2025-09-21T07:55:50Z</time></trkpt>
    <trkpt lat="52.4941392" lon="5.6435162"><ele>-3.7</ele><time>2025-09-21T07:55:51Z</time></trkpt>
    <trkpt lat="52.4941281" lon="5.6436587"><ele>-3.7</ele><time>2025-09-21T07:55:52Z</time></trkpt>
    <trkpt lat="52.4941150" lon="5.6437656"><ele>-3.9</ele><time>2025-09-21T07:55:53Z</time></trkpt>
    <trkpt lat="52.4941203" lon="5.6439839"><ele>-3.7</ele><time>2025-09-21T07:55:55Z</time></trkpt>
    <trkpt lat="52.4941356" lon="5.6441666"><ele>-4.0</ele><time>2025-09-21T07:55:56Z</time></trkpt>
    <trkpt lat="52.4941191" lon="5.6442662"><ele>-3.8</ele><time>2025-09-21T07:55:57Z</time></trkpt>
    <trkpt lat="52.4941428" lon="5.6444158"><ele>-3.5</ele><time>2025-09-21T07:55:58Z</time></trkpt>
    <trkpt lat="52.4941352" lon="5.6445599"><ele>-3.9</ele><time>2025-09-21T07:56:00Z</time></trkpt>
    <trkpt lat="52.4941129" lon="5.6447449"><ele>-4.0</ele><time>2025-09-21T07:56:01Z</time></trkpt>
    <trkpt lat="52.4941344" lon="5.6448396"><ele>-3.7</ele><time>2025-09-21T07:56:02Z</time></trkpt>
    <trkpt lat="52.4941426" lon="5.6450023"><ele>-4.0</ele><time>2025-09-21T07:56:03Z</time></trkpt>
    <trkpt lat="52.4941237" lon="5.6451322"><ele>-4.6</ele><time>2025-09-21T07:56:05Z</time></trkpt>
    <trkpt lat="52.4941272" lon="5.6453002"><ele>-3.7</ele><time>2025-09-21T07:56:06Z</time></trkpt>
    <trkpt lat="52.4941205" lon="5.6454640"><ele>-4.5</ele><time>2025-09-21T07:56:07Z</time></trkpt>
    <trkpt lat="52.4941206" lon="5.6456032"><ele>-4.0</ele><time>2025-09-21T07:56:08Z</time></trkpt>
    <trkpt lat="52.4941273" lon="5.6457505"><ele>-3.3</ele><time>2025-09-21T07:56:10Z</time></trkpt>
    <trkpt lat="52.4941382" lon="5.6458670"><ele>-4.2</ele><time>2025-09-21T07:56:11Z</time></trkpt>
    <trkpt lat="52.4941301" lon="5.6459675"><ele>-4.1</ele><time>2025-09-21T07:56:12Z</time></trkpt>
    <trkpt lat="52.4941306" lon="5.6461915"><ele>-4.3</ele><time>2025-09-21T07:56:13Z</time></trkpt>
    <trkpt lat="52.4941282" lon="5.6463145"><ele>-3.7</ele><time>2025-09-21T07:56:15Z</time></trkpt>
    <trkpt lat="52.4941490" lon="5.6464670"><ele>-3.7</ele><time>2025-09-21T07:56:16Z</time></trkpt>
    <trkpt lat="52.4941463" lon="5.6466039"><ele>-5.0</ele><time>2025-09-21T07:56:17Z</time></trkpt>
    <trkpt lat="52.4941190" lon="5.6467682"><ele>-4.1</ele><time>2025-09-21T07:56:18Z</time></trkpt>
    <trkpt lat="52.4941322" lon="5.6469405"><ele>-4.1</ele><time>2025-09-21T07:56:20Z</time></trkpt>
    <trkpt lat="52.4941219" lon="5.6470905"><ele>-4.4</ele><time>2025-09-21T07:56:21Z</time></trkpt>
    <trkpt lat="52.4941405" lon="5.6472309"><ele>-4.6</ele><time>2025-09-21T07:56:22Z</time></trkpt>
    <trkpt lat="52.4941427" lon="5.6473599"><ele>-4.1</ele><time>2025-09-21T07:56:23Z</time></trkpt>
    <trkpt lat="52.4941339" lon="5.6474948"><ele>-4.0</ele><time>2025-09-21T07:56:25Z</time></trkpt>
    <trkpt lat="52.4941434" lon="5.6476354"><ele>-4.7</ele><time>2025-09-21T07:56:26Z</time></trkpt>
    <trkpt lat="52.4941610" lon="5.6477966"><ele>-4.5</ele><time>2025-09-21T07:56:27Z</time></trkpt>
    <trkpt lat="52.4941012" lon="5.6479446"><ele>-4.4</ele><time>2025-09-21T07:56:28Z</time></trkpt>
    <trkpt lat="52.4941328" lon="5.6480672"><ele>-4.2</ele><time>2025-09-21T07:56:30Z</time></trkpt>
    <trkpt lat="52.4941194" lon="5.6482807"><ele>-4.1</ele><time>2025-09-21T07:56:31Z</time></trkpt>
    <trkpt lat="52.4941406" lon="5.6483920"><ele>-3.7</ele><time>2025-09-21T07:56:32Z</time></trkpt>
    <trkpt lat="52.4941615" lon="5.6484998"><ele>-4.2</ele><time>2025-09-21T07:56:33Z</time></trkpt>
    <trkpt lat="52.4941095" lon="5.6486657"><ele>-4.2</ele><time>2025-09-21T07:56:35Z</time></trkpt>
    <trkpt lat="52.4941343" lon="5.6487896"><ele>-4.3</ele><time>2025-09-21T07:56:36Z</time></trkpt>
    <trkpt lat="52.4941211" lon="5.6489833"><ele>-4.0</ele><time>2025-09-21T07:56:37Z</time></trkpt>
    <trkpt lat="52.4941475" lon="5.6491726"><ele>-4.0</ele><time>2025-09-21T07:56:38Z</time></trkpt>
    <trkpt lat="52.4941514" lon="5.6492487"><ele>-4.7</ele><time>2025-09-21T07:56:40Z</time></trkpt>
    <trkpt lat="52.4941491" lon="5.6493865"><ele>-4.3</ele><time>2025-09-21T07:56:41Z</time></trkpt>
    <trkpt lat="52.4941393" lon="5.6495949"><ele>-3.2</ele><time>2025-09-21T07:56:42Z</time></trkpt>
    <trkpt lat="52.4941394" lon="5.6497518"><ele>-4.3</ele><time>2025-09-21T07:56:43Z</time></trkpt>
    <trkpt lat="52.4941505" lon="5.6498726"><ele>-4.0</ele><time>2025-09-21T07:56:45Z</time></trkpt>
    <trkpt lat="52.4941263" lon="5.6499426"><ele>-4.2</ele><time>2025-09-21T07:56:46Z</time></trkpt>
    <trkpt lat="52.4941267" lon="5.6501526"><ele>-3.6</ele><time>2025-09-21T07:56:47Z</time></trkpt>
    <trkpt lat="52.4941373" lon="5.6502731"><ele>-4.9</ele><time>2025-09-21T07:56:48Z</time></trkpt>
    <trkpt lat="52.4941176" lon="5.6504002"><ele>-4.4</ele><time>2025-09-21T07:56:50Z</time></trkpt>
    <trkpt lat="52.4941218" lon="5.6505757"><ele>-3.8</ele><time>2025-09-21T07:56:51Z</time></trkpt>
    <trkpt lat="52.4941323" lon="5.6507556"><ele>-4.0</ele><time>2025-09-21T07:56:52Z</time></trkpt>
    <trkpt lat="52.4941178" lon="5.6508746"><ele>-4.6</ele><time>2025-09-21T07:56:53Z</time></trkpt>
    <trkpt lat="52.4941158" lon="5.6510280"><ele>-4.2</ele><time>2025-09-21T07:56:55Z</time></trkpt>
    <trkpt lat="52.4941385" lon="5.6512005"><ele>-3.5</ele><time>2025-09-21T07:56:56Z</time></trkpt>
    <trkpt lat="52.4941013" lon="5.6513110"><ele>-4.5</ele><time>2025-09-21T07:56:57Z</time></trkpt>
    <trkpt lat="52.4941404" lon="5.6515230"><ele>-4.3</ele><time>2025-09-21T07:56:58Z</time></trkpt>
    <trkpt lat="52.4941253" lon="5.6516554"><ele>-3.4</ele><time>2025-09-21T07:57:00Z</time></trkpt>
    <trkpt lat="52.4941254" lon="5.6517644"><ele>-3.8</ele><time>2025-09-21T07:57:01Z</time></trkpt>
    <trkpt lat="52.4941286" lon="5.6518952"><ele>-3.3</ele><time>2025-09-21T07:57:02Z</time></trkpt>
    <trkpt lat="52.4941159" lon="5.6520775"><ele>-4.2</ele><time>2025-09-21T07:57:03Z</time></trkpt>
    <trkpt lat="52.4941205" lon="5.6522144"><ele>-3.9</ele><time>2025-09-21T07:57:05Z</time></trkpt>
    <trkpt lat="52.4941314" lon="5.6523899"><ele>-3.7</ele><time>2025-09-21T07:57:06Z</time></trkpt>
    <trkpt lat="52.4941325" lon="5.6525160"><ele>-4.4</ele><time>2025-09-21T07:57:07Z</time></trkpt>
    <trkpt lat="52.4941489" lon="5.6526780"><ele>-4.3</ele><time>2025-09-21T07:57:08Z</time></trkpt>
    <trkpt lat="52.4941376" lon="5.6527846"><ele>-4.0</ele><time>2025-09-21T07:57:10Z</time></trkpt>
    <trkpt lat="52.4941372" lon="5.6529761"><ele>-4.1</ele><time>2025-09-21T07:57:11Z</time></trkpt>
    <trkpt lat="52.4941389" lon="5.6530677"><ele>-4.0</ele><time>2025-09-21T07:57:12Z</time></trkpt>
    <trkpt lat="52.4941104" lon="5.6532176"><ele>-4.8</ele><time>2025-09-21T07:57:13Z</time></trkpt>
    <trkpt lat="52.4941245" lon="5.6534066"><ele>-5.4</ele><time>2025-09-21T07:57:15Z</time></trkpt>
    <trkpt lat="52.4941218" lon="5.6535206"><ele>-4.1</ele><time>2025-09-21T07:57:16Z</time></trkpt>
    <trkpt lat="52.4941257" lon="5.6536881"><ele>-3.8</ele><time>2025-09-21T07:57:17Z</time></trkpt>
    <trkpt lat="52.4941272" lon="5.6538572"><ele>-3.5</ele><time>2025-09-21T07:57:18Z</time></trkpt>
    <trkpt lat="52.4941186" lon="5.6539790"><ele>-4.0</ele><time>2025-09-21T07:57:20Z</time></trkpt>
    <trkpt lat="52.4941262" lon="5.6540973"><ele>-4.5</ele><time>2025-09-21T07:57:21Z</time></trkpt>
    <trkpt lat="52.4941328" lon="5.6542667"><ele>-5.1</ele><time>2025-09-21T07:57:22Z</time></trkpt>
    <trkpt lat="52.4941336" lon="5.6544321"><ele>-4.2</ele><time>2025-09-21T07:57:23Z</time></trkpt>
    <trkpt lat="52.4941347" lon="5.6545865"><ele>-4.2</ele><time>2025-09-21T07:57:25Z</time></trkpt>
    <trkpt lat="52.4941399" lon="5.6546957"><ele>-3.8</ele><time>2025-09-21T07:57:26Z</time></trkpt>
    <trkpt lat="52.4941201" lon="5.6548325"><ele>-4.6</ele><time>2025-09-21T07:57:27Z</time></trkpt>
    <trkpt lat="52.4941221" lon="5.6550307"><ele>-4.6</ele><time>2025-09-21T07:57:28Z</time></trkpt>
    <trkpt lat="52.4941360" lon="5.6551930"><ele>-4.0</ele><time>2025-09-21T07:57:30Z</time></trkpt>
    <trkpt lat="52.4941274" lon="5.6553123"><ele>-4.1</ele><time>2025-09-21T07:57:31Z</time></trkpt>
    <trkpt lat="52.4941357" lon="5.6554739"><ele>-4.3</ele><time>2025-09-21T07:57:32Z</time></trkpt>
    <trkpt lat="52.4941550" lon="5.6556034"><ele>-4.3</ele><time>2025-09-21T07:57:33Z</time></trkpt>
    <trkpt lat="52.4941312" lon="5.6557193"><ele>-4.6</ele><time>2025-09-21T07:57:35Z</time></trkpt>
    <trkpt lat="52.4941380" lon="5.6559539"><ele>-3.9</ele><time>2025-09-21T07:57:36Z</time></trkpt>
    <trkpt lat="52.4941562" lon="5.6560511"><ele>-4.5</ele><time>2025-09-21T07:57:37Z</time></trkpt>
    <trkpt lat="52.4941069" lon="5.6561890"><ele>-3.6</ele><time>2025-09-21T07:57:38Z</time></trkpt>
    <trkpt lat="52.4941534" lon="5.6563357"><ele>-4.2</ele><time>2025-09-21T07:57:40Z</time></trkpt>
    <trkpt lat="52.4941199" lon="5.6564615"><ele>-3.8</ele><time>2025-09-21T07:57:41Z</time></trkpt>
    <trkpt lat="52.4941329" lon="5.6566136"><ele>-4.4</ele><time>2025-09-21T07:57:42Z</time></trkpt>
    <trkpt lat="52.4941217" lon="5.6567633"><ele>-3.5</ele><time>2025-09-21T07:57:43Z</time></trkpt>
    <trkpt lat="52.4941336" lon="5.6569024"><ele>-3.8</ele><time>2025-09-21T07:57:45Z</time></trkpt>
    <trkpt lat="52.4941088" lon="5.6570570"><ele>-3.5</ele><time>2025-09-21T07:57:46Z</time></trkpt>
    <trkpt lat="52.4941258" lon="5.6572593"><ele>-4.6</ele><time>2025-09-21T07:57:47Z</time></trkpt>
    <trkpt lat="52.4941286" lon="5.6573873"><ele>-4.4</ele><time>2025-09-21T07:57:48Z</time></trkpt>
    <trkpt lat="52.4940967" lon="5.6575066"><ele>-4.4</ele><time>2025-09-21T07:57:50Z</time></trkpt>
    <trkpt lat="52.4941111" lon="5.6576354"><ele>-3.9</ele><time>2025-09-21T07:57:51Z</time></trkpt>
    <trkpt lat="52.4941520" lon="5.6578156"><ele>-5.2</ele><time>2025-09-21T07:57:52Z</time></trkpt>
    <trkpt lat="52.4941175" lon="5.6579421"><ele>-3.6</ele><time>2025-09-21T07:57:53Z</time></trkpt>
    <trkpt lat="52.4941305" lon="5.6581271"><ele>-4.1</ele><time>2025-09-21T07:57:55Z</time></trkpt>
    <trkpt lat="52.4941218" lon="5.6582345"><ele>-4.3</ele><time>2025-09-21T07:57:56Z</time></trkpt>
    <trkpt lat="52.4941545" lon="5.6583424"><ele>-3.8</ele><time>2025-09-21T07:57:57Z</time></trkpt>
    <trkpt lat="52.4941454" lon="5.6585921"><ele>-3.9</ele><time>2025-09-21T07:57:58Z</time></trkpt>
    <trkpt lat="52.4941056" lon="5.6587115"><ele>-4.5</ele><time>2025-09-21T07:58:00Z</time></trkpt>
    <trkpt lat="52.4941234" lon="5.6588591"><ele>-4.8</ele><time>2025-09-21T07:58:01Z</time></trkpt>
    <trkpt lat="52.4941110" lon="5.6589871"><ele>-4.1</ele><time>2025-09-21T07:58:02Z</time></trkpt>
    <trkpt lat="52.4941130" lon="5.6591695"><ele>-4.3</ele><time>2025-09-21T07:58:03Z</time></trkpt>
    <trkpt lat="52.4941280" lon="5.6592941"><ele>-4.1</ele><time>2025-09-21T07:58:05Z</time></trkpt>
    <trkpt lat="52.4941237" lon="5.6594102"><ele>-5.1</ele><time>2025-09-21T07:58:06Z</time></trkpt>
    <trkpt lat="52.4941458" lon="5.6595723"><ele>-4.6</ele><time>2025-09-21T07:58:07Z</time></trkpt>
    <trkpt lat="52.4941379" lon="5.6597193"><ele>-3.6</ele><time>2025-09-21T07:58:08Z</time></trkpt>
    <trkpt lat="52.4941161" lon="5.6598967"><ele>-4.3</ele><time>2025-09-21T07:58:10Z</time></trkpt>
    <trkpt lat="52.4941217" lon="5.6600572"><ele>-4.0</ele><time>2025-09-21T07:58:11Z</time></trkpt>
    <trkpt lat="52.4941191" lon="5.6601463"><ele>-5.3</ele><time>2025-09-21T07:58:12Z</time></trkpt>
    <trkpt lat="52.4940980" lon="5.6603002"><ele>-4.6</ele><time>2025-09-21T07:58:13Z</time></trkpt>
    <trkpt lat="52.4941464" lon="5.6604377"><ele>-3.8</ele><time>2025-09-21T07:58:15Z</time></trkpt>
    <trkpt lat="52.4941208" lon="5.6606158"><ele>-4.7</ele><time>2025-09-21T07:58:16Z</time></trkpt>
    <trkpt lat="52.4941165" lon="5.6607648"><ele>-4.2</ele><time>2025-09-21T07:58:17Z</time></trkpt>
    <trkpt lat="52.4941252" lon="5.6609224"><ele>-4.2</ele><time>2025-09-21T07:58:18Z</time></trkpt>
    <trkpt lat="52.4941420" lon="5.6610262"><ele>-3.9</ele><time>2025-09-21T07:58:20Z</time></trkpt>
    <trkpt lat="52.4941498" lon="5.6612116"><ele>-4.8</ele><time>2025-09-21T07:58:21Z</time></trkpt>
    <trkpt lat="52.4941363" lon="5.6613435"><ele>-4.0</ele><time>2025-09-21T07:58:22Z</time></trkpt>
    <trkpt lat="52.4941339" lon="5.6614970"><ele>-4.8</ele><time>2025-09-21T07:58:23Z</time></trkpt>
    <trkpt lat="52.4941434" lon="5.6616356"><ele>-4.2</ele><time>2025-09-21T07:58:25Z</time></trkpt>
    <trkpt lat="52.4941390" lon="5.6617802"><ele>-4.9</ele><time>2025-09-21T07:58:26Z</time></trkpt>
    <trkpt lat="52.4941481" lon="5.6619407"><ele>-4.3</ele><time>2025-09-21T07:58:27Z</time></trkpt>
    <trkpt lat="52.4941345" lon="5.6620606"><ele>-4.3</ele><time>2025-09-21T07:58:28Z</time></trkpt>
    <trkpt lat="52.4941295" lon="5.6622080"><ele>-4.8</ele><time>2025-09-21T07:58:30Z</time></trkpt>
    <trkpt lat="52.4941108" lon="5.6623885"><ele>-4.4</ele><time>2025-09-21T07:58:31Z</time></trkpt>
    <trkpt lat="52.4941267" lon="5.6625370"><ele>-4.1</ele><time>2025-09-21T07:58:32Z</time></trkpt>
    <trkpt lat="52.4941478" lon="5.6626989"><ele>-3.3</ele><time>2025-09-21T07:58:33Z</time></trkpt>
    <trkpt lat="52.4941396" lon="5.6628029"><ele>-4.8</ele><time>2025-09-21T07:58:35Z</time></trkpt>
    <trkpt lat="52.4941448" lon="5.6629804"><ele>-4.5</ele><time>2025-09-21T07:58:36Z</time></trkpt>
    <trkpt lat="52.4941384" lon="5.6631201"><ele>-4.2</ele><time>2025-09-21T07:58:37Z</time></trkpt>
    <trkpt lat="52.4941475" lon="5.6632427"><ele>-4.7</ele><time>2025-09-21T07:58:38Z</time></trkpt>
    <trkpt lat="52.4941399" lon="5.6634079"><ele>-4.1</ele><time>2025-09-21T07:58:40Z</time></trkpt>
    <trkpt lat="52.4941470" lon="5.6635869"><ele>-4.0</ele><time>2025-09-21T07:58:41Z</time></trkpt>
    <trkpt lat="52.4941370" lon="5.6637383"><ele>-4.7</ele><time>2025-09-21T07:58:42Z</time></trkpt>
    <trkpt lat="52.4941304" lon="5.6638386"><ele>-4.1</ele><time>2025-09-21T07:58:43Z</time></trkpt>
    <trkpt lat="52.4941581" lon="5.6639552"><ele>-4.8</ele><time>2025-09-21T07:58:45Z</time></trkpt>
    <trkpt lat="52.4941327" lon="5.6641150"><ele>-4.1</ele><time>2025-09-21T07:58:46Z</time></trkpt>
    <trkpt lat="52.4941296" lon="5.6643220"><ele>-4.0</ele><time>2025-09-21T07:58:47Z</time></trkpt>
    <trkpt lat="52.4941164" lon="5.6644511"><ele>-4.7</ele><time>2025-09-21T07:58:48Z</time></trkpt>
    <trkpt lat="52.4941403" lon="5.6645717"><ele>-4.3</ele><time>2025-09-21T07:58:50Z</time></trkpt>
    <trkpt lat="52.4941188" lon="5.6647573"><ele>-3.9</ele><time>2025-09-21T07:58:51Z</time></trkpt>
    <trkpt lat="52.4941378" lon="5.6648772"><ele>-4.2</ele><time>2025-09-21T07:58:52Z</time></trkpt>
    <trkpt lat="52.4941199" lon="5.6650283"><ele>-3.7</ele><time>2025-09-21T07:58:53Z</time></trkpt>
    <trkpt lat="52.4941331" lon="5.6651703"><ele>-3.9</ele><time>2025-09-21T07:58:55Z</time></trkpt>
    <trkpt lat="52.4941148" lon="5.6652983"><ele>-4.2</ele><time>2025-09-21T07:58:56Z</time></trkpt>
    <trkpt lat="52.4941117" lon="5.6654941"><ele>-4.6</ele><time>2025-09-21T07:58:57Z</time></trkpt>
    <trkpt lat="52.4941207" lon="5.6655907"><ele>-4.6</ele><time>2025-09-21T07:58:58Z</time></trkpt>
    <trkpt lat="52.4941332" lon="5.6657417"><ele>-4.6</ele><time>2025-09-21T07:59:00Z</time></trkpt>
    <trkpt lat="52.4941099" lon="5.6659071"><ele>-4.3</ele><time>2025-09-21T07:59:01Z</time></trkpt>
    <trkpt lat="52.4940985" lon="5.6660661"><ele>-4.2</ele><time>2025-09-21T07:59:02Z</time></trkpt>
    <trkpt lat="52.4941250" lon="5.6662068"><ele>-4.1</ele><time>2025-09-21T07:59:03Z</time></trkpt>
    <trkpt lat="52.4941081" lon="5.6663582"><ele>-4.2</ele><time>2025-09-21T07:59:05Z</time></trkpt>
    <trkpt lat="52.4941434" lon="5.6665107"><ele>-4.7</ele><time>2025-09-21T07:59:06Z</time></trkpt>
    <trkpt lat="52.4941070" lon="5.6666301"><ele>-4.2</ele><time>2025-09-21T07:59:07Z</time></trkpt>
    <trkpt lat="52.4941122" lon="5.6667668"><ele>-3.9</ele><time>2025-09-21T07:59:08Z</time></trkpt>
    <trkpt lat="52.4940974" lon="5.6669881"><ele>-3.5</ele><time>2025-09-21T07:59:10Z</time></trkpt>
    <trkpt lat="52.4941348" lon="5.6670647"><ele>-4.0</ele><time>2025-09-21T07:59:11Z</time></trkpt>
    <trkpt lat="52.4941226" lon="5.6672600"><ele>-4.5</ele><time>2025-09-21T07:59:12Z</time></trkpt>
    <trkpt lat="52.4941362" lon="5.6673783"><ele>-4.5</ele><time>2025-09-21T07:59:13Z</time></trkpt>
    <trkpt lat="52.4941253" lon="5.6675360"><ele>-4.1</ele><time>2025-09-21T07:59:15Z</time></trkpt>
    <trkpt lat="52.4941335" lon="5.6676744"><ele>-3.9</ele><time>2025-09-21T07:59:16Z</time></trkpt>
    <trkpt lat="52.4941205" lon="5.6678149"><ele>-5.1</ele><time>2025-09-21T07:59:17Z</time></trkpt>
    <trkpt lat="52.4941044" lon="5.6679490"><ele>-3.9</ele><time>2025-09-21T07:59:18Z</time></trkpt>
    <trkpt lat="52.4941156" lon="5.6680918"><ele>-4.0</ele><time>2025-09-21T07:59:20Z</time></trkpt>
    <trkpt lat="52.4941416" lon="5.6682853"><ele>-4.5</ele><time>2025-09-21T07:59:21Z</time></trkpt>
    <trkpt lat="52.4941396" lon="5.6684157"><ele>-4.5</ele><time>2025-09-21T07:59:22Z</time></trkpt>
    <trkpt lat="52.4941084" lon="5.6685525"><ele>-4.5</ele><time>2025-09-21T07:59:23Z</time></trkpt>
    <trkpt lat="52.4941262" lon="5.6687206"><ele>-4.3</ele><time>2025-09-21T07:59:25Z</time></trkpt>
    <trkpt lat="52.4941455" lon="5.6688396"><ele>-3.9</ele><time>2025-09-21T07:59:26Z</time></trkpt>
    <trkpt lat="52.4941543" lon="5.6689717"><ele>-4.4</ele><time>2025-09-21T07:59:27Z</time></trkpt>
    <trkpt lat="52.4941181" lon="5.6691432"><ele>-4.4</ele><time>2025-09-21T07:59:28Z</time></trkpt>
    <trkpt lat="52.4941050" lon="5.6693080"><ele>-4.2</ele><time>2025-09-21T07:59:30Z</time></trkpt>
    <trkpt lat="52.4941484" lon="5.6694338"><ele>-4.0</ele><time>2025-09-21T07:59:31Z</time></trkpt>
    <trkpt lat="52.4941317" lon="5.6695980"><ele>-4.0</ele><time>2025-09-21T07:59:32Z</time></trkpt>
    <trkpt lat="52.4940912" lon="5.6697382"><ele>-4.0</ele><time>2025-09-21T07:59:33Z</time></trkpt>
    <trkpt lat="52.4941340" lon="5.6698756"><ele>-4.1</ele><time>2025-09-21T07:59:35Z</time></trkpt>
    <trkpt lat="52.4941123" lon="5.6700178"><ele>-4.6</ele><time>2025-09-21T07:59:36Z</time></trkpt>
    <trkpt lat="52.4941229" lon="5.6701836"><ele>-4.6</ele><time>2025-09-21T07:59:37Z</time></trkpt>
    <trkpt lat="52.4941290" lon="5.6703163"><ele>-4.5</ele><time>2025-09-21T07:59:38Z</time></trkpt>
    <trkpt lat="52.4941159" lon="5.6704689"><ele>-5.3</ele><time>2025-09-21T07:59:40Z</time></trkpt>
    <trkpt lat="52.4941250" lon="5.6706210"><ele>-3.9</ele><time>2025-09-21T07:59:41Z</time></trkpt>
    <trkpt lat="52.4941142" lon="5.6707952"><ele>-4.0</ele><time>2025-09-21T07:59:42Z</time></trkpt>
    <trkpt lat="52.4941251" lon="5.6709194"><ele>-3.9</ele><time>2025-09-21T07:59:43Z</time></trkpt>
    <trkpt lat="52.4941068" lon="5.6710801"><ele>-3.6</ele><time>2025-09-21T07:59:45Z</time></trkpt>
    <trkpt lat="52.4941149" lon="5.6712039"><ele>-4.5</ele><time>2025-09-21T07:59:46Z</time></trkpt>
    <trkpt lat="52.4941086" lon="5.6713501"><ele>-3.8</ele><time>2025-09-21T07:59:47Z</time></trkpt>
    <trkpt lat="52.4941115" lon="5.6715119"><ele>-3.9</ele><time>2025-09-21T07:59:48Z</time></trkpt>
    <trkpt lat="52.4941248" lon="5.6716548"><ele>-3.8</ele><time>2025-09-21T07:59:50Z</time></trkpt>
    <trkpt lat="52.4941201" lon="5.6717948"><ele>-4.0</ele><time>2025-09-21T07:59:51Z</time></trkpt>
    <trkpt lat="52.4941073" lon="5.6719033"><ele>-4.0</ele><time>2025-09-21T07:59:52Z</time></trkpt>
    <trkpt lat="52.4941007" lon="5.6721151"><ele>-4.2</ele><time>2025-09-21T07:59:53Z</time></trkpt>
    <trkpt lat="52.4941196" lon="5.6722238"><ele>-4.0</ele><time>2025-09-21T07:59:55Z</time></trkpt>
    <trkpt lat="52.4941473" lon="5.6724190"><ele>-3.8</ele><time>2025-09-21T07:59:56Z</time></trkpt>
    <trkpt lat="52.4941253" lon="5.6725472"><ele>-5.0</ele><time>2025-09-21T07:59:57Z</time></trkpt>
    <trkpt lat="52.4941071" lon="5.6726890"><ele>-4.7</ele><time>2025-09-21T07:59:58Z</time></trkpt>
    <trkpt lat="52.4941018" lon="5.6728301"><ele>-3.5</ele><time>2025-09-21T08:00:00Z</time></trkpt>
    <trkpt lat="52.4941281" lon="5.6729881"><ele>-4.0</ele><time>2025-09-21T08:00:01Z</time></trkpt>
    <trkpt lat="52.4941240" lon="5.6731273"><ele>-3.9</ele><time>2025-09-21T08:00:02Z</time></trkpt>
    <trkpt lat="52.4941267" lon="5.6732543"><ele>-4.2</ele><time>2025-09-21T08:00:03Z</time></trkpt>
    <trkpt lat="52.4941080" lon="5.6734337"><ele>-4.1</ele><time>2025-09-21T08:00:05Z</time></trkpt>
    <trkpt lat="52.4941314" lon="5.6735608"><ele>-4.0</ele><time>2025-09-21T08:00:06Z</time></trkpt>
    <trkpt lat="52.4941291" lon="5.6737150"><ele>-4.0</ele><time>2025-09-21T08:00:07Z</time></trkpt>
    <trkpt lat="52.4941269" lon="5.6738884"><ele>-4.0</ele><time>2025-09-21T08:00:08Z</time></trkpt>
    <trkpt lat="52.4941199" lon="5.6739847"><ele>-3.9</ele><time>2025-09-21T08:00:10Z</time></trkpt>
    <trkpt lat="52.4941094" lon="5.6741759"><ele>-4.2</ele><time>2025-09-21T08:00:11Z</time></trkpt>
    <trkpt lat="52.4941233" lon="5.6742938"><ele>-4.4</ele><time>2025-09-21T08:00:12Z</time></trkpt>
    <trkpt lat="52.4941217" lon="5.6744377"><ele>-4.2</ele><time>2025-09-21T08:00:13Z</time></trkpt>
    <trkpt lat="52.4941109" lon="5.6746169"><ele>-4.6</ele><time>2025-09-21T08:00:15Z</time></trkpt>
    <trkpt lat="52.4941291" lon="5.6747590"><ele>-4.3</ele><time>2025-09-21T08:00:16Z</time></trkpt>
    <trkpt lat="52.4941366" lon="5.6748632"><ele>-4.7</ele><time>2025-09-21T08:00:17Z</time></trkpt>
    <trkpt lat="52.4941256" lon="5.6750611"><ele>-4.3</ele><time>2025-09-21T08:00:18Z</time></trkpt>
    <trkpt lat="52.4941332" lon="5.6751795"><ele>-4.2</ele><time>2025-09-21T08:00:20Z</time></trkpt>
    <trkpt lat="52.4941126" lon="5.6752920"><ele>-5.1</ele><time>2025-09-21T08:00:21Z</time></trkpt>
    <trkpt lat="52.4941345" lon="5.6754866"><ele>-3.8</ele><time>2025-09-21T08:00:22Z</time></trkpt>
    <trkpt lat="52.4941507" lon="5.6755951"><ele>-3.5</ele><time>2025-09-21T08:00:23Z</time></trkpt>
    <trkpt lat="52.4940950" lon="5.6757697"><ele>-4.6</ele><time>2025-09-21T08:00:25Z</time></trkpt>
    <trkpt lat="52.4941497" lon="5.6759426"><ele>-4.5</ele><time>2025-09-21T08:00:26Z</time></trkpt>
    <trkpt lat="52.4941087" lon="5.6760258"><ele>-3.5</ele><time>2025-09-21T08:00:27Z</time></trkpt>
    <trkpt lat="52.4941027" lon="5.6762138"><ele>-5.1</ele><time>2025-09-21T08:00:28Z</time></trkpt>
    <trkpt lat="52.4941325" lon="5.6763752"><ele>-4.4</ele><time>2025-09-21T08:00:30Z</time></trkpt>
    <trkpt lat="52.4941226" lon="5.6765039"><ele>-4.4</ele><time>2025-09-21T08:00:31Z</time></trkpt>
    <trkpt lat="52.4941137" lon="5.6766434"><ele>-4.5</ele><time>2025-09-21T08:00:32Z</time></trkpt>
    <trkpt lat="52.4941268" lon="5.6768301"><ele>-3.8</ele><time>2025-09-21T08:00:33Z</time></trkpt>
    <trkpt lat="52.4940904" lon="5.6769907"><ele>-4.3</ele><time>2025-09-21T08:00:35Z</time></trkpt>
    <trkpt lat="52.4941183" lon="5.6771185"><ele>-4.5</ele><time>2025-09-21T08:00:36Z</time></trkpt>
    <trkpt lat="52.4941140" lon="5.6772533"><ele>-4.6</ele><time>2025-09-21T08:00:37Z</time></trkpt>
    <trkpt lat="52.4941218" lon="5.6773849"><ele>-4.2</ele><time>2025-09-21T08:00:38Z</time></trkpt>
    <trkpt lat="52.4941213" lon="5.6775589"><ele>-4.4</ele><time>2025-09-21T08:00:40Z</time></trkpt>
    <trkpt lat="52.4941178" lon="5.6777536"><ele>-4.4</ele><time>2025-09-21T08:00:41Z</time></trkpt>
    <trkpt lat="52.4941114" lon="5.6778302"><ele>-4.9</ele><time>2025-09-21T08:00:42Z</time></trkpt>
    <trkpt lat="52.4941405" lon="5.6779850"><ele>-5.0</ele><time>2025-09-21T08:00:43Z</time></trkpt>
    <trkpt lat="52.4941265" lon="5.6781111"><ele>-4.5</ele><time>2025-09-21T08:00:45Z</time></trkpt>
    <trkpt lat="52.4941200" lon="5.6782868"><ele>-4.7</ele><time>2025-09-21T08:00:46Z</time></trkpt>
    <trkpt lat="52.4941136" lon="5.6784176"><ele>-4.0</ele><time>2025-09-21T08:00:47Z</time></trkpt>
    <trkpt lat="52.4941261" lon="5.6785134"><ele>-3.7</ele><time>2025-09-21T08:00:48Z</time></trkpt>
    <trkpt lat="52.4941236" lon="5.6787201"><ele>-4.5</ele><time>2025-09-21T08:00:50Z</time></trkpt>
    <trkpt lat="52.4941184" lon="5.6788715"><ele>-4.8</ele><time>2025-09-21T08:00:51Z</time></trkpt>
    <trkpt lat="52.4940890" lon="5.6789850"><ele>-4.1</ele><time>2025-09-21T08:00:52Z</time></trkpt>
    <trkpt lat="52.4941349" lon="5.6791624"><ele>-4.2</ele><time>2025-09-21T08:00:53Z</time></trkpt>
    <trkpt lat="52.4941020" lon="5.6793211"><ele>-5.0</ele><time>2025-09-21T08:00:55Z</time></trkpt>
    <trkpt lat="52.4941156" lon="5.6794403"><ele>-4.1</ele><time>2025-09-21T08:00:56Z</time></trkpt>
    <trkpt lat="52.4941177" lon="5.6795973"><ele>-4.3</ele><time>2025-09-21T08:00:57Z</time></trkpt>
    <trkpt lat="52.4941226" lon="5.6797531"><ele>-4.1</ele><time>2025-09-21T08:00:58Z</time></trkpt>
    <trkpt lat="52.4941186" lon="5.6798836"><ele>-4.9</ele><time>2025-09-21T08:01:00Z</time></trkpt>
    <trkpt lat="52.4941161" lon="5.6800172"><ele>-4.1</ele><time>2025-09-21T08:01:01Z</time></trkpt>
    <trkpt lat="52.4941007" lon="5.6801724"><ele>-3.9</ele><time>2025-09-21T08:01:02Z</time></trkpt>
    <trkpt lat="52.4940964" lon="5.6803179"><ele>-4.7</ele><time>2025-09-21T08:01:03Z</time></trkpt>
    <trkpt lat="52.4940869" lon="5.6804573"><ele>-4.4</ele><time>2025-09-21T08:01:05Z</time></trkpt>
    <trkpt lat="52.4941094" lon="5.6806681"><ele>-4.6</ele><time>2025-09-21T08:01:06Z</time></trkpt>
    <trkpt lat="52.4941205" lon="5.6808034"><ele>-4.3</ele><time>2025-09-21T08:01:07Z</time></trkpt>
    <trkpt lat="52.4941034" lon="5.6809554"><ele>-4.3</ele><time>2025-09-21T08:01:08Z</time></trkpt>
    <trkpt lat="52.4941220" lon="5.6810837"><ele>-4.7</ele><time>2025-09-21T08:01:10Z</time></trkpt>
    <trkpt lat="52.4941432" lon="5.6811992"><ele>-4.3</ele><time>2025-09-21T08:01:11Z</time></trkpt>
    <trkpt lat="52.4941336" lon="5.6813612"><ele>-5.0</ele><time>2025-09-21T08:01:12Z</time></trkpt>
    <trkpt lat="52.4940952" lon="5.6815130"><ele>-3.7</ele><time>2025-09-21T08:01:13Z</time></trkpt>
    <trkpt lat="52.4941204" lon="5.6816396"><ele>-4.6</ele><time>2025-09-21T08:01:15Z</time></trkpt>
    <trkpt lat="52.4941231" lon="5.6818116"><ele>-4.3</ele><time>2025-09-21T08:01:16Z</time></trkpt>
    <trkpt lat="52.4941222" lon="5.6819489"><ele>-4.4</ele><time>2025-09-21T08:01:17Z</time></trkpt>
    <trkpt lat="52.4941272" lon="5.6820921"><ele>-3.9</ele><time>2025-09-21T08:01:18Z</time></trkpt>
    <trkpt lat="52.4941051" lon="5.6822206"><ele>-4.6</ele><time>2025-09-21T08:01:20Z</time></trkpt>
    <trkpt lat="52.4940996" lon="5.6824042"><ele>-3.7</ele><time>2025-09-21T08:01:21Z</time></trkpt>
    <trkpt lat="52.4941206" lon="5.6825459"><ele>-3.9</ele><time>2025-09-21T08:01:22Z</time></trkpt>
    <trkpt lat="52.4941234" lon="5.6826757"><ele>-4.1</ele><time>2025-09-21T08:01:23Z</time></trkpt>
    <trkpt lat="52.4941042" lon="5.6828679"><ele>-3.7</ele><time>2025-09-21T08:01:25Z</time></trkpt>
    <trkpt lat="52.4941217" lon="5.6829998"><ele>-3.9</ele><time>2025-09-21T08:01:26Z</time></trkpt>
    <trkpt lat="52.4941156" lon="5.6831284"><ele>-4.0</ele><time>2025-09-21T08:01:27Z</time></trkpt>
    <trkpt lat="52.4941327" lon="5.6832734"><ele>-3.7</ele><time>2025-09-21T08:01:28Z</time></trkpt>
    <trkpt lat="52.4941205" lon="5.6834332"><ele>-4.5</ele><time>2025-09-21T08:01:30Z</time></trkpt>
    <trkpt lat="52.4941374" lon="5.6835555"><ele>-4.7</ele><time>2025-09-21T08:01:31Z</time></trkpt>
    <trkpt lat="52.4941219" lon="5.6837248"><ele>-4.6</ele><time>2025-09-21T08:01:32Z</time></trkpt>
    <trkpt lat="52.4941084" lon="5.6838551"><ele>-3.4</ele><time>2025-09-21T08:01:33Z</time></trkpt>
    <trkpt lat="52.4941365" lon="5.6840256"><ele>-3.5</ele><time>2025-09-21T08:01:35Z</time></trkpt>
    <trkpt lat="52.4941355" lon="5.6841870"><ele>-4.5</ele><time>2025-09-21T08:01:36Z</time></trkpt>
    <trkpt lat="52.4941372" lon="5.6842968"><ele>-3.7</ele><time>2025-09-21T08:01:37Z</time></trkpt>
    <trkpt lat="52.4941330" lon="5.6844368"><ele>-4.2</ele><time>2025-09-21T08:01:38Z</time></trkpt>
    <trkpt lat="52.4941305" lon="5.6846241"><ele>-3.5</ele><time>2025-09-21T08:01:40Z</time></trkpt>
    <trkpt lat="52.4941176" lon="5.6847400"><ele>-3.8</ele><time>2025-09-21T08:01:41Z</time></trkpt>
    <trkpt lat="52.4941248" lon="5.6848953"><ele>-4.3</ele><time>2025-09-21T08:01:42Z</time></trkpt>
    <trkpt lat="52.4941100" lon="5.6850108"><ele>-3.9</ele><time>2025-09-21T08:01:43Z</time></trkpt>
    <trkpt lat="52.4940967" lon="5.6851835"><ele>-4.5</ele><time>2025-09-21T08:01:45Z</time></trkpt>
    <trkpt lat="52.4941239" lon="5.6853451"><ele>-4.2</ele><time>2025-09-21T08:01:46Z</time></trkpt>
    <trkpt lat="52.4941030" lon="5.6855017"><ele>-4.5</ele><time>2025-09-21T08:01:47Z</time></trkpt>
    <trkpt lat="52.4941112" lon="5.6856204"><ele>-4.1</ele><time>2025-09-21T08:01:48Z</time></trkpt>
    <trkpt lat="52.4941139" lon="5.6858140"><ele>-3.9</ele><time>2025-09-21T08:01:50Z</time></trkpt>
    <trkpt lat="52.4941016" lon="5.6859563"><ele>-4.6</ele><time>2025-09-21T08:01:51Z</time></trkpt>
    <trkpt lat="52.4940984" lon="5.6860825"><ele>-3.6</ele><time>2025-09-21T08:01:52Z</time></trkpt>
    <trkpt lat="52.4941004" lon="5.6861850"><ele>-4.0</ele><time>2025-09-21T08:01:53Z</time></trkpt>
    <trkpt lat="52.4941264" lon="5.6863572"><ele>-4.7</ele><time>2025-09-21T08:01:55Z</time></trkpt>
    <trkpt lat="52.4941089" lon="5.6865442"><ele>-4.0</ele><time>2025-09-21T08:01:56Z</time></trkpt>
    <trkpt lat="52.4940965" lon="5.6866902"><ele>-4.7</ele><time>2025-09-21T08:01:57Z</time></trkpt>
    <trkpt lat="52.4941017" lon="5.6867768"><ele>-3.9</ele><time>2025-09-21T08:01:58Z</time></trkpt>
    <trkpt lat="52.4941279" lon="5.6869620"><ele>-3.7</ele><time>2025-09-21T08:02:00Z</time></trkpt>
    <trkpt lat="52.4941262" lon="5.6871327"><ele>-4.5</ele><time>2025-09-21T08:02:01Z</time></trkpt>
    <trkpt lat="52.4941207" lon="5.6872486"><ele>-4.0</ele><time>2025-09-21T08:02:02Z</time></trkpt>
    <trkpt lat="52.4941203" lon="5.6874284"><ele>-4.4</ele><time>2025-09-21T08:02:03Z</time></trkpt>
    <trkpt lat="52.4941386" lon="5.6875500"><ele>-4.2</ele><time>2025-09-21T08:02:05Z</time></trkpt>
    <trkpt lat="52.4941066" lon="5.6877430"><ele>-4.0</ele><time>2025-09-21T08:02:06Z</time></trkpt>
    <trkpt lat="52.4941263" lon="5.6878510"><ele>-4.6</ele><time>2025-09-21T08:02:07Z</time></trkpt>
    <trkpt lat="52.4941152" lon="5.6880009"><ele>-4.4</ele><time>2025-09-21T08:02:08Z</time></trkpt>
    <trkpt lat="52.4940969" lon="5.6881144"><ele>-4.4</ele><time>2025-09-21T08:02:10Z</time></trkpt>
    <trkpt lat="52.4941194" lon="5.6883000"><ele>-4.2</ele><time>2025-09-21T08:02:11Z</time></trkpt>
    <trkpt lat="52.4940977" lon="5.6884423"><ele>-3.9</ele><time>2025-09-21T08:02:12Z</time></trkpt>
    <trkpt lat="52.4941056" lon="5.6885840"><ele>-4.5</ele><time>2025-09-21T08:02:13Z</time></trkpt>
    <trkpt lat="52.4941182" lon="5.6887515"><ele>-5.0</ele><time>2025-09-21T08:02:15Z</time></trkpt>
    <trkpt lat="52.4940957" lon="5.6889232"><ele>-3.6</ele><time>2025-09-21T08:02:16Z</time></trkpt>
    <trkpt lat="52.4941020" lon="5.6890429"><ele>-3.8</ele><time>2025-09-21T08:02:17Z</time></trkpt>
    <trkpt lat="52.4941294" lon="5.6891992"><ele>-4.1</ele><time>2025-09-21T08:02:18Z</time></trkpt>
    <trkpt lat="52.4941182" lon="5.6893258"><ele>-4.5</ele><time>2025-09-21T08:02:20Z</time></trkpt>
    <trkpt lat="52.4941324" lon="5.6894720"><ele>-4.4</ele><time>2025-09-21T08:02:21Z</time></trkpt>
    <trkpt lat="52.4940943" lon="5.6896564"><ele>-4.3</ele><time>2025-09-21T08:02:22Z</time></trkpt>
    <trkpt lat="52.4940915" lon="5.6897277"><ele>-4.2</ele><time>2025-09-21T08:02:23Z</time></trkpt>
    <trkpt lat="52.4941076" lon="5.6899005"><ele>-4.7</ele><time>2025-09-21T08:02:25Z</time></trkpt>
    <trkpt lat="52.4940932" lon="5.6900497"><ele>-4.4</ele><time>2025-09-21T08:02:26Z</time></trkpt>
    <trkpt lat="52.4940981" lon="5.6901905"><ele>-4.2</ele><time>2025-09-21T08:02:27Z</time></trkpt>
    <trkpt lat="52.4941206" lon="5.6903085"><ele>-4.2</ele><time>2025-09-21T08:02:28Z</time></trkpt>
    <trkpt lat="52.4941165" lon="5.6905082"><ele>-4.0</ele><time>2025-09-21T08:02:30Z</time></trkpt>
    <trkpt lat="52.4941001" lon="5.6906381"><ele>-4.2</ele><time>2025-09-21T08:02:31Z</time></trkpt>
    <trkpt lat="52.4941097" lon="5.6907737"><ele>-4.3</ele><time>2025-09-21T08:02:32Z</time></trkpt>
    <trkpt lat="52.4941276" lon="5.6909179"><ele>-4.9</ele><time>2025-09-21T08:02:33Z</time></trkpt>
    <trkpt lat="52.4941139" lon="5.6911125"><ele>-3.6</ele><time>2025-09-21T08:02:35Z</time></trkpt>
    <trkpt lat="52.4941233" lon="5.6912572"><ele>-4.2</ele><time>2025-09-21T08:02:36Z</time></trkpt>
    <trkpt lat="52.4940957" lon="5.6913826"><ele>-4.5</ele><time>2025-09-21T08:02:37Z</time></trkpt>
    <trkpt lat="52.4941045" lon="5.6915066"><ele>-4.4</ele><time>2025-09-21T08:02:38Z</time></trkpt>
    <trkpt lat="52.4941159" lon="5.6916570"><ele>-4.4</ele><time>2025-09-21T08:02:40Z</time></trkpt>
    <trkpt lat="52.4941191" lon="5.6918115"><ele>-4.1</ele><time>2025-09-21T08:02:41Z</time></trkpt>
    <trkpt lat="52.4941096" lon="5.6919395"><ele>-3.2</ele><time>2025-09-21T08:02:42Z</time></trkpt>
    <trkpt lat="52.4941199" lon="5.6921165"><ele>-4.7</ele><time>2025-09-21T08:02:43Z</time></trkpt>
    <trkpt lat="52.4941342" lon="5.6922849"><ele>-4.1</ele><time>2025-09-21T08:02:45Z</time></trkpt>
    <trkpt lat="52.4941139" lon="5.6924078"><ele>-5.1</ele><time>2025-09-21T08:02:46Z</time></trkpt>
    <trkpt lat="52.4941093" lon="5.6925709"><ele>-4.2</ele><time>2025-09-21T08:02:47Z</time></trkpt>
    <trkpt lat="52.4941162" lon="5.6927133"><ele>-3.5</ele><time>2025-09-21T08:02:48Z</time></trkpt>
    <trkpt lat="52.4941045" lon="5.6928726"><ele>-4.1</ele><time>2025-09-21T08:02:50Z</time></trkpt>
    <trkpt lat="52.4941137" lon="5.6930135"><ele>-3.8</ele><time>2025-09-21T08:02:51Z</time></trkpt>
    <trkpt lat="52.4940896" lon="5.6931387"><ele>-4.8</ele><time>2025-09-21T08:02:52Z</time></trkpt>
    <trkpt lat="52.4940997" lon="5.6933025"><ele>-4.3</ele><time>2025-09-21T08:02:53Z</time></trkpt>
    <trkpt lat="52.4941181" lon="5.6934081"><ele>-4.4</ele><time>2025-09-21T08:02:55Z</time></trkpt>
    <trkpt lat="52.4941054" lon="5.6935685"><ele>-4.4</ele><time>2025-09-21T08:02:56Z</time></trkpt>
    <trkpt lat="52.4941159" lon="5.6937558"><ele>-4.4</ele><time>2025-09-21T08:02:57Z</time></trkpt>
    <trkpt lat="52.4941245" lon="5.6938865"><ele>-4.2</ele><time>2025-09-21T08:02:58Z</time></trkpt>
    <trkpt lat="52.4941041" lon="5.6940693"><ele>-4.0</ele><time>2025-09-21T08:03:00Z</time></trkpt>
    <trkpt lat="52.4941300" lon="5.6941782"><ele>-4.1</ele><time>2025-09-21T08:03:01Z</time></trkpt>
    <trkpt lat="52.4942043" lon="5.6943166"><ele>-4.1</ele><time>2025-09-21T08:03:02Z</time></trkpt>
    <trkpt lat="52.4942683" lon="5.6943657"><ele>-4.2</ele><time>2025-09-21T08:03:04Z</time></trkpt>
    <trkpt lat="52.4943558" lon="5.6944621"><ele>-4.3</ele><time>2025-09-21T08:03:05Z</time></trkpt>
    <trkpt lat="52.4944457" lon="5.6944621"><ele>-4.5</ele><time>2025-09-21T08:03:06Z</time></trkpt>
    <trkpt lat="52.4945451" lon="5.6944342"><ele>-4.3</ele><time>2025-09-21T08:03:07Z</time></trkpt>
    <trkpt lat="52.4946193" lon="5.6943913"><ele>-3.9</ele><time>2025-09-21T08:03:09Z</time></trkpt>
    <trkpt lat="52.4947260" lon="5.6944120"><ele>-4.3</ele><time>2025-09-21T08:03:10Z</time></trkpt>
    <trkpt lat="52.4948151" lon="5.6944109"><ele>-5.2</ele><time>2025-09-21T08:03:11Z</time></trkpt>
    <trkpt lat="52.4948735" lon="5.6943826"><ele>-4.1</ele><time>2025-09-21T08:03:12Z</time></trkpt>
    <trkpt lat="52.4949926" lon="5.6944227"><ele>-4.4</ele><time>2025-09-21T08:03:14Z</time></trkpt>
    <trkpt lat="52.4950670" lon="5.6944317"><ele>-4.5</ele><time>2025-09-21T08:03:15Z</time></trkpt>
    <trkpt lat="52.4951741" lon="5.6944507"><ele>-4.9</ele><time>2025-09-21T08:03:16Z</time></trkpt>
    <trkpt lat="52.4952807" lon="5.6944418"><ele>-4.0</ele><time>2025-09-21T08:03:17Z</time></trkpt>
    <trkpt lat="52.4953535" lon="5.6944087"><ele>-4.3</ele><time>2025-09-21T08:03:19Z</time></trkpt>
    <trkpt lat="52.4954464" lon="5.6944225"><ele>-3.9</ele><time>2025-09-21T08:03:20Z</time></trkpt>
    <trkpt lat="52.4955249" lon="5.6944182"><ele>-4.5</ele><time>2025-09-21T08:03:21Z</time></trkpt>
    <trkpt lat="52.4956344" lon="5.6944299"><ele>-4.5</ele><time>2025-09-21T08:03:22Z</time></trkpt>
    <trkpt lat="52.4957065" lon="5.6944424"><ele>-4.3</ele><time>2025-09-21T08:03:24Z</time></trkpt>
    <trkpt lat="52.4958012" lon="5.6944055"><ele>-4.8</ele><time>2025-09-21T08:03:25Z</time></trkpt>
    <trkpt lat="52.4958816" lon="5.6944461"><ele>-4.3</ele><time>2025-09-21T08:03:26Z</time></trkpt>
    <trkpt lat="52.4959612" lon="5.6944203"><ele>-4.8</ele><time>2025-09-21T08:03:27Z</time></trkpt>
    <trkpt lat="52.4960614" lon="5.6944308"><ele>-4.2</ele><time>2025-09-21T08:03:29Z</time></trkpt>
    <trkpt lat="52.4961627" lon="5.6944244"><ele>-4.3</ele><time>2025-09-21T08:03:30Z</time></trkpt>
    <trkpt lat="52.4962390" lon="5.6944335"><ele>-4.4</ele><time>2025-09-21T08:03:31Z</time></trkpt>
    <trkpt lat="52.4963227" lon="5.6944452"><ele>-4.8</ele><time>2025-09-21T08:03:32Z</time></trkpt>
    <trkpt lat="52.4964276" lon="5.6944396"><ele>-4.3</ele><time>2025-09-21T08:03:34Z</time></trkpt>
    <trkpt lat="52.4964945" lon="5.6944365"><ele>-4.7</ele><time>2025-09-21T08:03:35Z</time></trkpt>
    <trkpt lat="52.4966013" lon="5.6944314"><ele>-4.9</ele><time>2025-09-21T08:03:36Z</time></trkpt>
    <trkpt lat="52.4966663" lon="5.6944417"><ele>-3.9</ele><time>2025-09-21T08:03:37Z</time></trkpt>
    <trkpt lat="52.4967740" lon="5.6944088"><ele>-4.8</ele><time>2025-09-21T08:03:39Z</time></trkpt>
    <trkpt lat="52.4968671" lon="5.6944025"><ele>-5.1</ele><time>2025-09-21T08:03:40Z</time></trkpt>
    <trkpt lat="52.4969634" lon="5.6944247"><ele>-4.5</ele><time>2025-09-21T08:03:41Z</time></trkpt>
    <trkpt lat="52.4970318" lon="5.6944316"><ele>-5.1</ele><time>2025-09-21T08:03:42Z</time></trkpt>
    <trkpt lat="52.4971549" lon="5.6944035"><ele>-4.2</ele><time>2025-09-21T08:03:44Z</time></trkpt>
    <trkpt lat="52.4972534" lon="5.6943935"><ele>-4.1</ele><time>2025-09-21T08:03:45Z</time></trkpt>
    <trkpt lat="52.4973339" lon="5.6944562"><ele>-3.9</ele><time>2025-09-21T08:03:46Z</time></trkpt>
    <trkpt lat="52.4974115" lon="5.6943960"><ele>-4.7</ele><time>2025-09-21T08:03:47Z</time></trkpt>
    <trkpt lat="52.4975094" lon="5.6944749"><ele>-4.4</ele><time>2025-09-21T08:03:49Z</time></trkpt>
    <trkpt lat="52.4975621" lon="5.6944274"><ele>-4.3</ele><time>2025-09-21T08:03:50Z</time></trkpt>
    <trkpt lat="52.4976980" lon="5.6944149"><ele>-4.1</ele><time>2025-09-21T08:03:51Z</time></trkpt>
    <trkpt lat="52.4977647" lon="5.6944316"><ele>-3.9</ele><time>2025-09-21T08:03:52Z</time></trkpt>
    <trkpt lat="52.4978743" lon="5.6944219"><ele>-4.3</ele><time>2025-09-21T08:03:54Z</time></trkpt>
    <trkpt lat="52.4979545" lon="5.6944273"><ele>-3.7</ele><time>2025-09-21T08:03:55Z</time></trkpt>
    <trkpt lat="52.4980494" lon="5.6943989"><ele>-4.1</ele><time>2025-09-21T08:03:56Z</time></trkpt>
    <trkpt lat="52.4981488" lon="5.6944283"><ele>-4.1</ele><time>2025-09-21T08:03:57Z</time></trkpt>
    <trkpt lat="52.4982058" lon="5.6944459"><ele>-4.2</ele><time>2025-09-21T08:03:59Z</time></trkpt>
    <trkpt lat="52.4983158" lon="5.6944061"><ele>-3.5</ele><time>2025-09-21T08:04:00Z</time></trkpt>
    <trkpt lat="52.4984196" lon="5.6944148"><ele>-4.8</ele><time>2025-09-21T08:04:01Z</time></trkpt>
    <trkpt lat="52.4984983" lon="5.6944360"><ele>-5.0</ele><time>2025-09-21T08:04:02Z</time></trkpt>
    <trkpt lat="52.4985684" lon="5.6944418"><ele>-4.6</ele><time>2025-09-21T08:04:04Z</time></trkpt>
    <trkpt lat="52.4986674" lon="5.6944531"><ele>-4.2</ele><time>2025-09-21T08:04:05Z</time></trkpt>
    <trkpt lat="52.4987634" lon="5.6944353"><ele>-3.8</ele><time>2025-09-21T08:04:06Z</time></trkpt>
    <trkpt lat="52.4988445" lon="5.6944378"><ele>-4.4</ele><time>2025-09-21T08:04:07Z</time></trkpt>
    <trkpt lat="52.4989442" lon="5.6944509"><ele>-5.2</ele><time>2025-09-21T08:04:09Z</time></trkpt>
    <trkpt lat="52.4990338" lon="5.6944338"><ele>-3.4</ele><time>2025-09-21T08:04:10Z</time></trkpt>
    <trkpt lat="52.4991142" lon="5.6944226"><ele>-4.8</ele><time>2025-09-21T08:04:11Z</time></trkpt>
    <trkpt lat="52.4991842" lon="5.6944341"><ele>-4.7</ele><time>2025-09-21T08:04:12Z</time></trkpt>
    <trkpt lat="52.4992775" lon="5.6944340"><ele>-4.5</ele><time>2025-09-21T08:04:14Z</time></trkpt>
    <trkpt lat="52.4994042" lon="5.6944211"><ele>-3.8</ele><time>2025-09-21T08:04:15Z</time></trkpt>
    <trkpt lat="52.4994791" lon="5.6944822"><ele>-4.1</ele><time>2025-09-21T08:04:16Z</time></trkpt>
    <trkpt lat="52.4995585" lon="5.6944879"><ele>-3.7</ele><time>2025-09-21T08:04:17Z</time></trkpt>
    <trkpt lat="52.4996711" lon="5.6944165"><ele>-5.0</ele><time>2025-09-21T08:04:19Z</time></trkpt>
    <trkpt lat="52.4997443" lon="5.6944279"><ele>-4.5</ele><time>2025-09-21T08:04:20Z</time></trkpt>
    <trkpt lat="52.4998384" lon="5.6943943"><ele>-4.5</ele><time>2025-09-21T08:04:21Z</time></trkpt>
    <trkpt lat="52.4999344" lon="5.6944693"><ele>-5.3</ele><time>2025-09-21T08:04:22Z</time></trkpt>
    <trkpt lat="52.5000307" lon="5.6944399"><ele>-4.4</ele><time>2025-09-21T08:04:24Z</time></trkpt>
    <trkpt lat="52.5000881" lon="5.6944217"><ele>-4.5</ele><time>2025-09-21T08:04:25Z</time></trkpt>
    <trkpt lat="52.5001925" lon="5.6944167"><ele>-4.5</ele><time>2025-09-21T08:04:26Z</time></trkpt>
    <trkpt lat="52.5002729" lon="5.6944654"><ele>-4.3</ele><time>2025-09-21T08:04:27Z</time></trkpt>
    <trkpt lat="52.5003796" lon="5.6944136"><ele>-4.0</ele><time>2025-09-21T08:04:29Z</time></trkpt>
    <trkpt lat="52.5004500" lon="5.6944253"><ele>-4.4</ele><time>2025-09-21T08:04:30Z</time></trkpt>
    <trkpt lat="52.5005471" lon="5.6944384"><ele>-4.2</ele><time>2025-09-21T08:04:31Z</time></trkpt>
    <trkpt lat="52.5006545" lon="5.6944396"><ele>-4.9</ele><time>2025-09-21T08:04:32Z</time></trkpt>
    <trkpt lat="52.5007523" lon="5.6944547"><ele>-4.7</ele><time>2025-09-21T08:04:34Z</time></trkpt>
    <trkpt lat="52.5008283" lon="5.6944817"><ele>-4.9</ele><time>2025-09-21T08:04:35Z</time></trkpt>
    <trkpt lat="52.5009052" lon="5.6944151"><ele>-4.7</ele><time>2025-09-21T08:04:36Z</time></trkpt>
    <trkpt lat="52.5010090" lon="5.6944334"><ele>-4.5</ele><time>2025-09-21T08:04:37Z</time></trkpt>
    <trkpt lat="52.5010820" lon="5.6944318"><ele>-5.2</ele><time>2025-09-21T08:04:39Z</time></trkpt>
    <trkpt lat="52.5011683" lon="5.6944234"><ele>-4.1</ele><time>2025-09-21T08:04:40Z</time></trkpt>
    <trkpt lat="52.5012899" lon="5.6943861"><ele>-5.5</ele><time>2025-09-21T08:04:41Z</time></trkpt>
    <trkpt lat="52.5013646" lon="5.6944349"><ele>-4.8</ele><time>2025-09-21T08:04:42Z</time></trkpt>
    <trkpt lat="52.5014660" lon="5.6944180"><ele>-4.8</ele><time>2025-09-21T08:04:44Z</time></trkpt>
    <trkpt lat="52.5015447" lon="5.6944375"><ele>-4.1</ele><time>2025-09-21T08:04:45Z</time></trkpt>
    <trkpt lat="52.5016516" lon="5.6944120"><ele>-4.5</ele><time>2025-09-21T08:04:46Z</time></trkpt>
    <trkpt lat="52.5017049" lon="5.6944620"><ele>-4.0</ele><time>2025-09-21T08:04:47Z</time></trkpt>
    <trkpt lat="52.5018242" lon="5.6944379"><ele>-4.7</ele><time>2025-09-21T08:04:49Z</time></trkpt>
    <trkpt lat="52.5019040" lon="5.6944590"><ele>-5.2</ele><time>2025-09-21T08:04:50Z</time></trkpt>
    <trkpt lat="52.5019845" lon="5.6944951"><ele>-4.2</ele><time>2025-09-21T08:04:51Z</time></trkpt>
    <trkpt lat="52.5020773" lon="5.6944361"><ele>-4.6</ele><time>2025-09-21T08:04:52Z</time></trkpt>
    <trkpt lat="52.5021857" lon="5.6944608"><ele>-4.0</ele><time>2025-09-21T08:04:54Z</time></trkpt>
    <trkpt lat="52.5022740" lon="5.6944049"><ele>-5.0</ele><time>2025-09-21T08:04:55Z</time></trkpt>
    <trkpt lat="52.5023581" lon="5.6944917"><ele>-4.0</ele><time>2025-09-21T08:04:56Z</time></trkpt>
    <trkpt lat="52.5024447" lon="5.6944409"><ele>-4.7</ele><time>2025-09-21T08:04:57Z</time></trkpt>
    <trkpt lat="52.5025282" lon="5.6944850"><ele>-4.0</ele><time>2025-09-21T08:04:59Z</time></trkpt>
    <trkpt lat="52.5026206" lon="5.6944235"><ele>-4.6</ele><time>2025-09-21T08:05:00Z</time></trkpt>
    <trkpt lat="52.5027056" lon="5.6944391"><ele>-4.2</ele><time>2025-09-21T08:05:01Z</time></trkpt>
    <trkpt lat="52.5027807" lon="5.6944561"><ele>-4.6</ele><time>2025-09-21T08:05:02Z</time></trkpt>
    <trkpt lat="52.5029066" lon="5.6944129"><ele>-4.9</ele><time>2025-09-21T08:05:04Z</time></trkpt>
    <trkpt lat="52.5029840" lon="5.6944523"><ele>-4.4</ele><time>2025-09-21T08:05:05Z</time></trkpt>
    <trkpt lat="52.5030947" lon="5.6943992"><ele>-4.5</ele><time>2025-09-21T08:05:06Z</time></trkpt>
    <trkpt lat="52.5031759" lon="5.6944573"><ele>-4.8</ele><time>2025-09-21T08:05:07Z</time></trkpt>
    <trkpt lat="52.5032747" lon="5.6944206"><ele>-3.6</ele><time>2025-09-21T08:05:09Z</time></trkpt>
    <trkpt lat="52.5033404" lon="5.6944245"><ele>-4.0</ele><time>2025-09-21T08:05:10Z</time></trkpt>
    <trkpt lat="52.5034491" lon="5.6944395"><ele>-4.2</ele><time>2025-09-21T08:05:11Z</time></trkpt>
    <trkpt lat="52.5035302" lon="5.6944413"><ele>-4.6</ele><time>2025-09-21T08:05:12Z</time></trkpt>
    <trkpt lat="52.5036022" lon="5.6944709"><ele>-3.9</ele><time>2025-09-21T08:05:14Z</time></trkpt>
    <trkpt lat="52.5036774" lon="5.6944985"><ele>-3.7</ele><time>2025-09-21T08:05:15Z</time></trkpt>
    <trkpt lat="52.5037899" lon="5.6944106"><ele>-3.7</ele><time>2025-09-21T08:05:16Z</time></trkpt>
    <trkpt lat="52.5038898" lon="5.6944675"><ele>-4.3</ele><time>2025-09-21T08:05:17Z</time></trkpt>
    <trkpt lat="52.5039768" lon="5.6944476"><ele>-4.5</ele><time>2025-09-21T08:05:19Z</time></trkpt>
    <trkpt lat="52.5040439" lon="5.6944376"><ele>-3.7</ele><time>2025-09-21T08:05:20Z</time></trkpt>
    <trkpt lat="52.5041760" lon="5.6944436"><ele>-4.1</ele><time>2025-09-21T08:05:21Z</time></trkpt>
    <trkpt lat="52.5042254" lon="5.6944542"><ele>-4.5</ele><time>2025-09-21T08:05:22Z</time></trkpt>
    <trkpt lat="52.5043284" lon="5.6944453"><ele>-4.5</ele><time>2025-09-21T08:05:24Z</time></trkpt>
    <trkpt lat="52.5044145" lon="5.6943941"><ele>-4.5</ele><time>2025-09-21T08:05:25Z</time></trkpt>
    <trkpt lat="52.5045055" lon="5.6944340"><ele>-5.1</ele><time>2025-09-21T08:05:26Z</time></trkpt>
    <trkpt lat="52.5046196" lon="5.6944259"><ele>-4.8</ele><time>2025-09-21T08:05:27Z</time></trkpt>
    <trkpt lat="52.5046784" lon="5.6944333"><ele>-4.5</ele><time>2025-09-21T08:05:29Z</time></trkpt>
    <trkpt lat="52.5048064" lon="5.6944337"><ele>-4.8</ele><time>2025-09-21T08:05:30Z</time></trkpt>
    <trkpt lat="52.5048629" lon="5.6944752"><ele>-4.2</ele><time>2025-09-21T08:05:31Z</time></trkpt>
    <trkpt lat="52.5049589" lon="5.6945015"><ele>-4.4</ele><time>2025-09-21T08:05:32Z</time></trkpt>
    <trkpt lat="52.5050445" lon="5.6943822"><ele>-4.5</ele><time>2025-09-21T08:05:34Z</time></trkpt>
    <trkpt lat="52.5051420" lon="5.6944486"><ele>-4.9</ele><time>2025-09-21T08:05:35Z</time></trkpt>
    <trkpt lat="52.5052391" lon="5.6944251"><ele>-4.5</ele><time>2025-09-21T08:05:36Z</time></trkpt>
    <trkpt lat="52.5053276" lon="5.6944469"><ele>-4.4</ele><time>2025-09-21T08:05:37Z</time></trkpt>
    <trkpt lat="52.5053939" lon="5.6944496"><ele>-4.4</ele><time>2025-09-21T08:05:39Z</time></trkpt>
    <trkpt lat="52.5055223" lon="5.6944089"><ele>-4.7</ele><time>2025-09-21T08:05:40Z</time></trkpt>
    <trkpt lat="52.5055815" lon="5.6944838"><ele>-4.5</ele><time>2025-09-21T08:05:41Z</time></trkpt>
    <trkpt lat="52.5056810" lon="5.6944756"><ele>-4.4</ele><time>2025-09-21T08:05:42Z</time></trkpt>
    <trkpt lat="52.5057645" lon="5.6944410"><ele>-4.7</ele><time>2025-09-21T08:05:44Z</time></trkpt>
    <trkpt lat="52.5058338" lon="5.6944300"><ele>-4.5</ele><time>2025-09-21T08:05:45Z</time></trkpt>
    <trkpt lat="52.5059668" lon="5.6944300"><ele>-3.6</ele><time>2025-09-21T08:05:46Z</time></trkpt>
    <trkpt lat="52.5060216" lon="5.6944896"><ele>-4.6</ele><time>2025-09-21T08:05:47Z</time></trkpt>
    <trkpt lat="52.5061068" lon="5.6944447"><ele>-3.8</ele><time>2025-09-21T08:05:49Z</time></trkpt>
    <trkpt lat="52.5062214" lon="5.6944636"><ele>-3.7</ele><time>2025-09-21T08:05:50Z</time></trkpt>
    <trkpt lat="52.5063032" lon="5.6944589"><ele>-4.3</ele><time>2025-09-21T08:05:51Z</time></trkpt>
    <trkpt lat="52.5064037" lon="5.6944378"><ele>-5.0</ele><time>2025-09-21T08:05:52Z</time></trkpt>
    <trkpt lat="52.5064830" lon="5.6944596"><ele>-4.6</ele><time>2025-09-21T08:05:54Z</time></trkpt>
    <trkpt lat="52.5065753" lon="5.6944400"><ele>-5.1</ele><time>2025-09-21T08:05:55Z</time></trkpt>
    <trkpt lat="52.5066641" lon="5.6944619"><ele>-3.7</ele><time>2025-09-21T08:05:56Z</time></trkpt>
    <trkpt lat="52.5067694" lon="5.6944485"><ele>-4.4</ele><time>2025-09-21T08:05:57Z</time></trkpt>
    <trkpt lat="52.5068301" lon="5.6944460"><ele>-4.6</ele><time>2025-09-21T08:05:59Z</time></trkpt>
    <trkpt lat="52.5069037" lon="5.6944361"><ele>-4.6</ele><time>2025-09-21T08:06:00Z</time></trkpt>
    <trkpt lat="52.5070304" lon="5.6944334"><ele>-4.0</ele><time>2025-09-21T08:06:01Z</time></trkpt>
    <trkpt lat="52.5071322" lon="5.6944428"><ele>-3.9</ele><time>2025-09-21T08:06:02Z</time></trkpt>
    <trkpt lat="52.5072016" lon="5.6944666"><ele>-4.4</ele><time>2025-09-21T08:06:04Z</time></trkpt>
    <trkpt lat="52.5073168" lon="5.6944861"><ele>-4.0</ele><time>2025-09-21T08:06:05Z</time></trkpt>
    <trkpt lat="52.5073551" lon="5.6944116"><ele>-3.7</ele><time>2025-09-21T08:06:06Z</time></trkpt>
    <trkpt lat="52.5074939" lon="5.6944660"><ele>-4.2</ele><time>2025-09-21T08:06:07Z</time></trkpt>
    <trkpt lat="52.5075718" lon="5.6944436"><ele>-4.5</ele><time>2025-09-21T08:06:09Z</time></trkpt>
    <trkpt lat="52.5076668" lon="5.6944837"><ele>-4.8</ele><time>2025-09-21T08:06:10Z</time></trkpt>
    <trkpt lat="52.5077590" lon="5.6944338"><ele>-4.1</ele><time>2025-09-21T08:06:11Z</time></trkpt>
    <trkpt lat="52.5078398" lon="5.6944572"><ele>-4.9</ele><time>2025-09-21T08:06:12Z</time></trkpt>
    <trkpt lat="52.5079322" lon="5.6944320"><ele>-5.2</ele><time>2025-09-21T08:06:14Z</time></trkpt>
    <trkpt lat="52.5080228" lon="5.6944621"><ele>-4.2</ele><time>2025-09-21T08:06:15Z</time></trkpt>
    <trkpt lat="52.5081306" lon="5.6944702"><ele>-4.3</ele><time>2025-09-21T08:06:16Z</time></trkpt>
    <trkpt lat="52.5081715" lon="5.6944333"><ele>-5.3</ele><time>2025-09-21T08:06:17Z</time></trkpt>
    <trkpt lat="52.5082966" lon="5.6944538"><ele>-5.1</ele><time>2025-09-21T08:06:19Z</time></trkpt>
    <trkpt lat="52.5083647" lon="5.6944557"><ele>-4.5</ele><time>2025-09-21T08:06:20Z</time></trkpt>
    <trkpt lat="52.5084648" lon="5.6944568"><ele>-4.9</ele><time>2025-09-21T08:06:21Z</time></trkpt>
    <trkpt lat="52.5085523" lon="5.6944689"><ele>-5.2</ele><time>2025-09-21T08:06:22Z</time></trkpt>
    <trkpt lat="52.5086654" lon="5.6944695"><ele>-4.6</ele><time>2025-09-21T08:06:24Z</time></trkpt>
    <trkpt lat="52.5087124" lon="5.6944880"><ele>-4.5</ele><time>2025-09-21T08:06:25Z</time></trkpt>
    <trkpt lat="52.5088415" lon="5.6944815"><ele>-4.2</ele><time>2025-09-21T08:06:26Z</time></trkpt>
    <trkpt lat="52.5089080" lon="5.6944764"><ele>-4.2</ele><time>2025-09-21T08:06:27Z</time></trkpt>
    <trkpt lat="52.5090163" lon="5.6944742"><ele>-4.3</ele><time>2025-09-21T08:06:29Z</time></trkpt>
    <trkpt lat="52.5090992" lon="5.6944717"><ele>-4.2</ele><time>2025-09-21T08:06:30Z</time></trkpt>
    <trkpt lat="52.5091914" lon="5.6944188"><ele>-4.8</ele><time>2025-09-21T08:06:31Z</time></trkpt>
    <trkpt lat="52.5092739" lon="5.6944450"><ele>-4.3</ele><time>2025-09-21T08:06:32Z</time></trkpt>
    <trkpt lat="52.5093558" lon="5.6944242"><ele>-4.3</ele><time>2025-09-21T08:06:34Z</time></trkpt>
    <trkpt lat="52.5094532" lon="5.6944445"><ele>-4.4</ele><time>2025-09-21T08:06:35Z</time></trkpt>
    <trkpt lat="52.5095353" lon="5.6944585"><ele>-4.4</ele><time>2025-09-21T08:06:36Z</time></trkpt>
    <trkpt lat="52.5096153" lon="5.6944667"><ele>-4.1</ele><time>2025-09-21T08:06:37Z</time></trkpt>
    <trkpt lat="52.5097274" lon="5.6944319"><ele>-4.2</ele><time>2025-09-21T08:06:39Z</time></trkpt>
    <trkpt lat="52.5097963" lon="5.6944684"><ele>-4.8</ele><time>2025-09-21T08:06:40Z</time></trkpt>
    <trkpt lat="52.5099099" lon="5.6944281"><ele>-4.4</ele><time>2025-09-21T08:06:41Z</time></trkpt>
    <trkpt lat="52.5100020" lon="5.6944144"><ele>-4.0</ele><time>2025-09-21T08:06:42Z</time></trkpt>
    <trkpt lat="52.5100808" lon="5.6944430"><ele>-4.3</ele><time>2025-09-21T08:06:44Z</time></trkpt>
    <trkpt lat="52.5101659" lon="5.6944323"><ele>-4.2</ele><time>2025-09-21T08:06:45Z</time></trkpt>
    <trkpt lat="52.5102614" lon="5.6944473"><ele>-4.4</ele><time>2025-09-21T08:06:46Z</time></trkpt>
    <trkpt lat="52.5103550" lon="5.6944932"><ele>-4.3</ele><time>2025-09-21T08:06:47Z</time></trkpt>
    <trkpt lat="52.5104581" lon="5.6944447"><ele>-4.4</ele><time>2025-09-21T08:06:49Z</time></trkpt>
    <trkpt lat="52.5105489" lon="5.6944548"><ele>-3.9</ele><time>2025-09-21T08:06:50Z</time></trkpt>
    <trkpt lat="52.5106168" lon="5.6944349"><ele>-3.9</ele><time>2025-09-21T08:06:51Z</time></trkpt>
    <trkpt lat="52.5107321" lon="5.6944452"><ele>-4.5</ele><time>2025-09-21T08:06:52Z</time></trkpt>
    <trkpt lat="52.5107875" lon="5.6944990"><ele>-5.2</ele><time>2025-09-21T08:06:54Z</time></trkpt>
    <trkpt lat="52.5109174" lon="5.6944237"><ele>-4.7</ele><time>2025-09-21T08:06:55Z</time></trkpt>
    <trkpt lat="52.5109726" lon="5.6944464"><ele>-4.8</ele><time>2025-09-21T08:06:56Z</time></trkpt>
    <trkpt lat="52.5110720" lon="5.6944597"><ele>-4.7</ele><time>2025-09-21T08:06:57Z</time></trkpt>
    <trkpt lat="52.5111783" lon="5.6944446"><ele>-4.1</ele><time>2025-09-21T08:06:59Z</time></trkpt>
    <trkpt lat="52.5112668" lon="5.6944785"><ele>-4.5</ele><time>2025-09-21T08:07:00Z</time></trkpt>
    <trkpt lat="52.5113622" lon="5.6944762"><ele>-4.8</ele><time>2025-09-21T08:07:01Z</time></trkpt>
    <trkpt lat="52.5113964" lon="5.6944869"><ele>-5.2</ele><time>2025-09-21T08:07:02Z</time></trkpt>
    <trkpt lat="52.5115061" lon="5.6944244"><ele>-4.8</ele><time>2025-09-21T08:07:04Z</time></trkpt>
    <trkpt lat="52.5116205" lon="5.6944462"><ele>-4.8</ele><time>2025-09-21T08:07:05Z</time></trkpt>
    <trkpt lat="52.5116817" lon="5.6944489"><ele>-5.1</ele><time>2025-09-21T08:07:06Z</time></trkpt>
    <trkpt lat="52.5117790" lon="5.6944532"><ele>-4.1</ele><time>2025-09-21T08:07:07Z</time></trkpt>
    <trkpt lat="52.5118544" lon="5.6944599"><ele>-4.2</ele><time>2025-09-21T08:07:09Z</time></trkpt>
    <trkpt lat="52.5119635" lon="5.6944309"><ele>-4.9</ele><time>2025-09-21T08:07:10Z</time></trkpt>
    <trkpt lat="52.5120505" lon="5.6944393"><ele>-4.9</ele><time>2025-09-21T08:07:11Z</time></trkpt>
    <trkpt lat="52.5121447" lon="5.6944414"><ele>-4.2</ele><time>2025-09-21T08:07:12Z</time></trkpt>
    <trkpt lat="52.5122625" lon="5.6944736"><ele>-5.1</ele><time>2025-09-21T08:07:14Z</time></trkpt>
    <trkpt lat="52.5123446" lon="5.6944494"><ele>-4.9</ele><time>2025-09-21T08:07:15Z</time></trkpt>
    <trkpt lat="52.5124279" lon="5.6944545"><ele>-3.8</ele><time>2025-09-21T08:07:16Z</time></trkpt>
    <trkpt lat="52.5125123" lon="5.6944711"><ele>-4.5</ele><time>2025-09-21T08:07:17Z</time></trkpt>
    <trkpt lat="52.5125991" lon="5.6944722"><ele>-4.3</ele><time>2025-09-21T08:07:19Z</time></trkpt>
    <trkpt lat="52.5126859" lon="5.6944443"><ele>-4.8</ele><time>2025-09-21T08:07:20Z</time></trkpt>
    <trkpt lat="52.5127661" lon="5.6944345"><ele>-4.8</ele><time>2025-09-21T08:07:21Z</time></trkpt>
    <trkpt lat="52.5128595" lon="5.6944439"><ele>-5.1</ele><time>2025-09-21T08:07:22Z</time></trkpt>
    <trkpt lat="52.5129614" lon="5.6944657"><ele>-3.8</ele><time>2025-09-21T08:07:24Z</time></trkpt>
    <trkpt lat="52.5130279" lon="5.6944068"><ele>-4.9</ele><time>2025-09-21T08:07:25Z</time></trkpt>
    <trkpt lat="52.5131377" lon="5.6944398"><ele>-4.8</ele><time>2025-09-21T08:07:26Z</time></trkpt>
    <trkpt lat="52.5132366" lon="5.6944422"><ele>-4.5</ele><time>2025-09-21T08:07:27Z</time></trkpt>
    <trkpt lat="52.5133294" lon="5.6944237"><ele>-3.6</ele><time>2025-09-21T08:07:29Z</time></trkpt>
    <trkpt lat="52.5134042" lon="5.6944846"><ele>-3.9</ele><time>2025-09-21T08:07:30Z</time></trkpt>
    <trkpt lat="52.5134916" lon="5.6944582"><ele>-4.4</ele><time>2025-09-21T08:07:31Z</time></trkpt>
    <trkpt lat="52.5135877" lon="5.6944886"><ele>-4.6</ele><time>2025-09-21T08:07:32Z</time></trkpt>
    <trkpt lat="52.5136786" lon="5.6944294"><ele>-4.9</ele><time>2025-09-21T08:07:34Z</time></trkpt>
    <trkpt lat="52.5137472" lon="5.6944580"><ele>-4.8</ele><time>2025-09-21T08:07:35Z</time></trkpt>
    <trkpt lat="52.5138468" lon="5.6944388"><ele>-4.9</ele><time>2025-09-21T08:07:36Z</time></trkpt>
    <trkpt lat="52.5139561" lon="5.6944877"><ele>-4.6</ele><time>2025-09-21T08:07:37Z</time></trkpt>
    <trkpt lat="52.5140503" lon="5.6944376"><ele>-4.6</ele><time>2025-09-21T08:07:39Z</time></trkpt>
    <trkpt lat="52.5141389" lon="5.6944734"><ele>-4.6</ele><time>2025-09-21T08:07:40Z</time></trkpt>
    <trkpt lat="52.5142213" lon="5.6944706"><ele>-4.6</ele><time>2025-09-21T08:07:41Z</time></trkpt>
    <trkpt lat="52.5142967" lon="5.6944572"><ele>-5.8</ele><time>2025-09-21T08:07:42Z</time></trkpt>
    <trkpt lat="52.5144172" lon="5.6944526"><ele>-4.1</ele><time>2025-09-21T08:07:44Z</time></trkpt>
    <trkpt lat="52.5144858" lon="5.6945215"><ele>-4.1</ele><time>2025-09-21T08:07:45Z</time></trkpt>
    <trkpt lat="52.5145646" lon="5.6944478"><ele>-4.8</ele><time>2025-09-21T08:07:46Z</time></trkpt>
    <trkpt lat="52.5146750" lon="5.6944717"><ele>-5.2</ele><time>2025-09-21T08:07:47Z</time></trkpt>
    <trkpt lat="52.5147667" lon="5.6944773"><ele>-4.2</ele><time>2025-09-21T08:07:49Z</time></trkpt>
    <trkpt lat="52.5148470" lon="5.6944338"><ele>-4.3</ele><time>2025-09-21T08:07:50Z</time></trkpt>
    <trkpt lat="52.5149189" lon="5.6944326"><ele>-3.6</ele><time>2025-09-21T08:07:51Z</time></trkpt>
    <trkpt lat="52.5150174" lon="5.6944473"><ele>-5.3</ele><time>2025-09-21T08:07:52Z</time></trkpt>
    <trkpt lat="52.5151321" lon="5.6944488"><ele>-4.3</ele><time>2025-09-21T08:07:54Z</time></trkpt>
    <trkpt lat="52.5152042" lon="5.6944438"><ele>-4.3</ele><time>2025-09-21T08:07:55Z</time></trkpt>
    <trkpt lat="52.5152802" lon="5.6944756"><ele>-4.3</ele><time>2025-09-21T08:07:56Z</time></trkpt>
    <trkpt lat="52.5153767" lon="5.6944481"><ele>-4.8</ele><time>2025-09-21T08:07:57Z</time></trkpt>
    <trkpt lat="52.5154798" lon="5.6944453"><ele>-5.2</ele><time>2025-09-21T08:07:59Z</time></trkpt>
    <trkpt lat="52.5155997" lon="5.6944675"><ele>-4.8</ele><time>2025-09-21T08:08:00Z</time></trkpt>
    <trkpt lat="52.5156521" lon="5.6944570"><ele>-3.9</ele><time>2025-09-21T08:08:01Z</time></trkpt>
    <trkpt lat="52.5157505" lon="5.6944320"><ele>-4.5</ele><time>2025-09-21T08:08:02Z</time></trkpt>
    <trkpt lat="52.5158299" lon="5.6945068"><ele>-3.7</ele><time>2025-09-21T08:08:04Z</time></trkpt>
    <trkpt lat="52.5159274" lon="5.6944424"><ele>-4.9</ele><time>2025-09-21T08:08:05Z</time></trkpt>
    <trkpt lat="52.5159956" lon="5.6944507"><ele>-4.6</ele><time>2025-09-21T08:08:06Z</time></trkpt>
    <trkpt lat="52.5160951" lon="5.6944981"><ele>-3.5</ele><time>2025-09-21T08:08:07Z</time></trkpt>
    <trkpt lat="52.5161963" lon="5.6944996"><ele>-4.5</ele><time>2025-09-21T08:08:09Z</time></trkpt>
    <trkpt lat="52.5162719" lon="5.6944711"><ele>-4.2</ele><time>2025-09-21T08:08:10Z</time></trkpt>
    <trkpt lat="52.5163456" lon="5.6944664"><ele>-4.5</ele><time>2025-09-21T08:08:11Z</time></trkpt>
    <trkpt lat="52.5164625" lon="5.6944773"><ele>-4.4</ele><time>2025-09-21T08:08:12Z</time></trkpt>
    <trkpt lat="52.5165451" lon="5.6944648"><ele>-4.1</ele><time>2025-09-21T08:08:14Z</time></trkpt>
    <trkpt lat="52.5166374" lon="5.6944957"><ele>-4.2</ele><time>2025-09-21T08:08:15Z</time></trkpt>
    <trkpt lat="52.5167481" lon="5.6944412"><ele>-4.8</ele><time>2025-09-21T08:08:16Z</time></trkpt>
    <trkpt lat="52.5168339" lon="5.6944660"><ele>-4.7</ele><time>2025-09-21T08:08:17Z</time></trkpt>
    <trkpt lat="52.5169246" lon="5.6944662"><ele>-4.7</ele><time>2025-09-21T08:08:19Z</time></trkpt>
    <trkpt lat="52.5170156" lon="5.6944729"><ele>-4.4</ele><time>2025-09-21T08:08:20Z</time></trkpt>
    <trkpt lat="52.5170855" lon="5.6944485"><ele>-4.6</ele><time>2025-09-21T08:08:21Z</time></trkpt>
    <trkpt lat="52.5171891" lon="5.6944661"><ele>-5.1</ele><time>2025-09-21T08:08:22Z</time></trkpt>
    <trkpt lat="52.5172732" lon="5.6944643"><ele>-3.9</ele><time>2025-09-21T08:08:24Z</time></trkpt>
    <trkpt lat="52.5173486" lon="5.6944340"><ele>-4.1</ele><time>2025-09-21T08:08:25Z</time></trkpt>
    <trkpt lat="52.5174648" lon="5.6944652"><ele>-4.5</ele><time>2025-09-21T08:08:26Z</time></trkpt>
    <trkpt lat="52.5175394" lon="5.6944521"><ele>-4.0</ele><time>2025-09-21T08:08:27Z</time></trkpt>
    <trkpt lat="52.5176326" lon="5.6944822"><ele>-4.4</ele><time>2025-09-21T08:08:29Z</time></trkpt>
    <trkpt lat="52.5177281" lon="5.6944901"><ele>-4.4</ele><time>2025-09-21T08:08:30Z</time></trkpt>
    <trkpt lat="52.5178110" lon="5.6944826"><ele>-4.9</ele><time>2025-09-21T08:08:31Z</time></trkpt>
    <trkpt lat="52.5179155" lon="5.6944866"><ele>-3.9</ele><time>2025-09-21T08:08:32Z</time></trkpt>
    <trkpt lat="52.5179734" lon="5.6944656"><ele>-4.3</ele><time>2025-09-21T08:08:34Z</time></trkpt>
    <trkpt lat="52.5180545" lon="5.6944544"><ele>-4.4</ele><time>2025-09-21T08:08:35Z</time></trkpt>
    <trkpt lat="52.5181701" lon="5.6944507"><ele>-4.7</ele><time>2025-09-21T08:08:36Z</time></trkpt>
    <trkpt lat="52.5182703" lon="5.6944853"><ele>-4.3</ele><time>2025-09-21T08:08:37Z</time></trkpt>
    <trkpt lat="52.5183418" lon="5.6944933"><ele>-3.6</ele><time>2025-09-21T08:08:39Z</time></trkpt>
    <trkpt lat="52.5184486" lon="5.6944303"><ele>-4.1</ele><time>2025-09-21T08:08:40Z</time></trkpt>
    <trkpt lat="52.5185302" lon="5.6944593"><ele>-5.0</ele><time>2025-09-21T08:08:41Z</time></trkpt>
    <trkpt lat="52.5186224" lon="5.6944585"><ele>-5.0</ele><time>2025-09-21T08:08:42Z</time></trkpt>
    <trkpt lat="52.5187037" lon="5.6944260"><ele>-4.8</ele><time>2025-09-21T08:08:44Z</time></trkpt>
    <trkpt lat="52.5187960" lon="5.6944475"><ele>-5.0</ele><time>2025-09-21T08:08:45Z</time></trkpt>
    <trkpt lat="52.5189033" lon="5.6944922"><ele>-4.5</ele><time>2025-09-21T08:08:46Z</time></trkpt>
    <trkpt lat="52.5189771" lon="5.6944559"><ele>-4.5</ele><time>2025-09-21T08:08:47Z</time></trkpt>
    <trkpt lat="52.5190592" lon="5.6944517"><ele>-4.3</ele><time>2025-09-21T08:08:49Z</time></trkpt>
    <trkpt lat="52.5191492" lon="5.6944494"><ele>-4.7</ele><time>2025-09-21T08:08:50Z</time></trkpt>
    <trkpt lat="52.5192509" lon="5.6944475"><ele>-5.0</ele><time>2025-09-21T08:08:51Z</time></trkpt>
    <trkpt lat="52.5193468" lon="5.6944893"><ele>-4.5</ele><time>2025-09-21T08:08:52Z</time></trkpt>
    <trkpt lat="52.5194416" lon="5.6944877"><ele>-4.6</ele><time>2025-09-21T08:08:54Z</time></trkpt>
    <trkpt lat="52.5195091" lon="5.6944683"><ele>-4.6</ele><time>2025-09-21T08:08:55Z</time></trkpt>
    <trkpt lat="52.5196080" lon="5.6944613"><ele>-4.3</ele><time>2025-09-21T08:08:56Z</time></trkpt>
    <trkpt lat="52.5197012" lon="5.6945172"><ele>-4.1</ele><time>2025-09-21T08:08:57Z</time></trkpt>
    <trkpt lat="52.5198084" lon="5.6944651"><ele>-4.4</ele><time>2025-09-21T08:08:59Z</time></trkpt>
    <trkpt lat="52.5198729" lon="5.6944663"><ele>-4.5</ele><time>2025-09-21T08:09:00Z</time></trkpt>
    <trkpt lat="52.5199687" lon="5.6944618"><ele>-3.8</ele><time>2025-09-21T08:09:01Z</time></trkpt>
    <trkpt lat="52.5200463" lon="5.6944719"><ele>-5.2</ele><time>2025-09-21T08:09:02Z</time></trkpt>
    <trkpt lat="52.5201329" lon="5.6944682"><ele>-4.8</ele><time>2025-09-21T08:09:04Z</time></trkpt>
    <trkpt lat="52.5202405" lon="5.6944738"><ele>-4.3</ele><time>2025-09-21T08:09:05Z</time></trkpt>
    <trkpt lat="52.5203133" lon="5.6944955"><ele>-4.8</ele><time>2025-09-21T08:09:06Z</time></trkpt>
    <trkpt lat="52.5204025" lon="5.6944520"><ele>-4.8</ele><time>2025-09-21T08:09:07Z</time></trkpt>
    <trkpt lat="52.5205145" lon="5.6944529"><ele>-4.9</ele><time>2025-09-21T08:09:09Z</time></trkpt>
    <trkpt lat="52.5205684" lon="5.6945182"><ele>-4.2</ele><time>2025-09-21T08:09:10Z</time></trkpt>
    <trkpt lat="52.5206789" lon="5.6944376"><ele>-5.0</ele><time>2025-09-21T08:09:11Z</time></trkpt>
    <trkpt lat="52.5207813" lon="5.6944715"><ele>-4.7</ele><time>2025-09-21T08:09:12Z</time></trkpt>
    <trkpt lat="52.5208519" lon="5.6944573"><ele>-4.8</ele><time>2025-09-21T08:09:14Z</time></trkpt>
    <trkpt lat="52.5209459" lon="5.6944534"><ele>-4.5</ele><time>2025-09-21T08:09:15Z</time></trkpt>
    <trkpt lat="52.5210354" lon="5.6944906"><ele>-5.3</ele><time>2025-09-21T08:09:16Z</time></trkpt>
    <trkpt lat="52.5211451" lon="5.6944640"><ele>-4.9</ele><time>2025-09-21T08:09:17Z</time></trkpt>
    <trkpt lat="52.5212091" lon="5.6944796"><ele>-5.0</ele><time>2025-09-21T08:09:19Z</time></trkpt>
    <trkpt lat="52.5212898" lon="5.6944767"><ele>-4.7</ele><time>2025-09-21T08:09:20Z</time></trkpt>
    <trkpt lat="52.5213902" lon="5.6944141"><ele>-4.4</ele><time>2025-09-21T08:09:21Z</time></trkpt>
    <trkpt lat="52.5214844" lon="5.6944614"><ele>-4.3</ele><time>2025-09-21T08:09:22Z</time></trkpt>
    <trkpt lat="52.5215685" lon="5.6944525"><ele>-4.7</ele><time>2025-09-21T08:09:24Z</time></trkpt>
    <trkpt lat="52.5216752" lon="5.6944708"><ele>-4.6</ele><time>2025-09-21T08:09:25Z</time></trkpt>
    <trkpt lat="52.5217705" lon="5.6944978"><ele>-4.6</ele><time>2025-09-21T08:09:26Z</time></trkpt>
    <trkpt lat="52.5218326" lon="5.6945217"><ele>-4.4</ele><time>2025-09-21T08:09:27Z</time></trkpt>
    <trkpt lat="52.5219709" lon="5.6944561"><ele>-4.4</ele><time>2025-09-21T08:09:29Z</time></trkpt>
    <trkpt lat="52.5220379" lon="5.6944904"><ele>-3.9</ele><time>2025-09-21T08:09:30Z</time></trkpt>
    <trkpt lat="52.5221344" lon="5.6944613"><ele>-5.2</ele><time>2025-09-21T08:09:31Z</time></trkpt>
    <trkpt lat="52.5222272" lon="5.6944852"><ele>-4.2</ele><time>2025-09-21T08:09:32Z</time></trkpt>
    <trkpt lat="52.5222779" lon="5.6944860"><ele>-4.5</ele><time>2025-09-21T08:09:34Z</time></trkpt>
    <trkpt lat="52.5224120" lon="5.6944661"><ele>-4.3</ele><time>2025-09-21T08:09:35Z</time></trkpt>
    <trkpt lat="52.5224990" lon="5.6944875"><ele>-4.3</ele><time>2025-09-21T08:09:36Z</time></trkpt>
    <trkpt lat="52.5225614" lon="5.6944445"><ele>-5.3</ele><time>2025-09-21T08:09:37Z</time></trkpt>
    <trkpt lat="52.5226592" lon="5.6944996"><ele>-5.0</ele><time>2025-09-21T08:09:39Z</time></trkpt>
    <trkpt lat="52.5227460" lon="5.6944844"><ele>-4.6</ele><time>2025-09-21T08:09:40Z</time></trkpt>
    <trkpt lat="52.5228146" lon="5.6945018"><ele>-5.1</ele><time>2025-09-21T08:09:41Z</time></trkpt>
    <trkpt lat="52.5229280" lon="5.6944721"><ele>-4.1</ele><time>2025-09-21T08:09:42Z</time></trkpt>
    <trkpt lat="52.5230280" lon="5.6944667"><ele>-3.8</ele><time>2025-09-21T08:09:44Z</time></trkpt>
    <trkpt lat="52.5230924" lon="5.6944452"><ele>-4.8</ele><time>2025-09-21T08:09:45Z</time></trkpt>
    <trkpt lat="52.5231865" lon="5.6944701"><ele>-4.4</ele><time>2025-09-21T08:09:46Z</time></trkpt>
    <trkpt lat="52.5233055" lon="5.6944582"><ele>-4.3</ele><time>2025-09-21T08:09:47Z</time></trkpt>
    <trkpt lat="52.5233834" lon="5.6944894"><ele>-4.4</ele><time>2025-09-21T08:09:49Z</time></trkpt>
    <trkpt lat="52.5234675" lon="5.6944402"><ele>-5.2</ele><time>2025-09-21T08:09:50Z</time></trkpt>
    <trkpt lat="52.5235455" lon="5.6945034"><ele>-4.9</ele><time>2025-09-21T08:09:51Z</time></trkpt>
    <trkpt lat="52.5236788" lon="5.6944656"><ele>-4.9</ele><time>2025-09-21T08:09:52Z</time></trkpt>
    <trkpt lat="52.5237418" lon="5.6945112"><ele>-3.5</ele><time>2025-09-21T08:09:54Z</time></trkpt>
    <trkpt lat="52.5238227" lon="5.6944709"><ele>-4.5</ele><time>2025-09-21T08:09:55Z</time></trkpt>
    <trkpt lat="52.5239104" lon="5.6944639"><ele>-4.2</ele><time>2025-09-21T08:09:56Z</time></trkpt>
    <trkpt lat="52.5240212" lon="5.6944662"><ele>-4.3</ele><time>2025-09-21T08:09:57Z</time></trkpt>
    <trkpt lat="52.5241200" lon="5.6944959"><ele>-4.1</ele><time>2025-09-21T08:09:59Z</time></trkpt>
    <trkpt lat="52.5242068" lon="5.6944560"><ele>-5.5</ele><time>2025-09-21T08:10:00Z</time></trkpt>
    <trkpt lat="52.5242951" lon="5.6945035"><ele>-4.9</ele><time>2025-09-21T08:10:01Z</time></trkpt>
    <trkpt lat="52.5243445" lon="5.6945039"><ele>-4.1</ele><time>2025-09-21T08:10:02Z</time></trkpt>
    <trkpt lat="52.5244553" lon="5.6944679"><ele>-4.6</ele><time>2025-09-21T08:10:04Z</time></trkpt>
    <trkpt lat="52.5245584" lon="5.6944648"><ele>-4.5</ele><time>2025-09-21T08:10:05Z</time></trkpt>
    <trkpt lat="52.5246394" lon="5.6944760"><ele>-4.7</ele><time>2025-09-21T08:10:06Z</time></trkpt>
    <trkpt lat="52.5247364" lon="5.6944555"><ele>-4.2</ele><time>2025-09-21T08:10:07Z</time></trkpt>
    <trkpt lat="52.5248310" lon="5.6944520"><ele>-4.0</ele><time>2025-09-21T08:10:09Z</time></trkpt>
    <trkpt lat="52.5249274" lon="5.6944812"><ele>-5.4</ele><time>2025-09-21T08:10:10Z</time></trkpt>
    <trkpt lat="52.5249885" lon="5.6945071"><ele>-4.4</ele><time>2025-09-21T08:10:11Z</time></trkpt>
    <trkpt lat="52.5251201" lon="5.6944582"><ele>-4.7</ele><time>2025-09-21T08:10:12Z</time></trkpt>
    <trkpt lat="52.5251588" lon="5.6944922"><ele>-4.6</ele><time>2025-09-21T08:10:14Z</time></trkpt>
    <trkpt lat="52.5252663" lon="5.6944873"><ele>-4.8</ele><time>2025-09-21T08:10:15Z</time></trkpt>
    <trkpt lat="52.5253375" lon="5.6945102"><ele>-4.5</ele><time>2025-09-21T08:10:16Z</time></trkpt>
    <trkpt lat="52.5254427" lon="5.6944748"><ele>-4.3</ele><time>2025-09-21T08:10:17Z</time></trkpt>
    <trkpt lat="52.5255350" lon="5.6944837"><ele>-4.3</ele><time>2025-09-21T08:10:19Z</time></trkpt>
    <trkpt lat="52.5256342" lon="5.6944771"><ele>-4.0</ele><time>2025-09-21T08:10:20Z</time></trkpt>
    <trkpt lat="52.5257180" lon="5.6944841"><ele>-4.7</ele><time>2025-09-21T08:10:21Z</time></trkpt>
    <trkpt lat="52.5258196" lon="5.6945095"><ele>-4.3</ele><time>2025-09-21T08:10:22Z</time></trkpt>
    <trkpt lat="52.5258860" lon="5.6944858"><ele>-4.5</ele><time>2025-09-21T08:10:24Z</time></trkpt>
    <trkpt lat="52.5259716" lon="5.6944859"><ele>-4.9</ele><time>2025-09-21T08:10:25Z</time></trkpt>
    <trkpt lat="52.5261017" lon="5.6944772"><ele>-4.4</ele><time>2025-09-21T08:10:26Z</time></trkpt>
    <trkpt lat="52.5261831" lon="5.6944487"><ele>-4.2</ele><time>2025-09-21T08:10:27Z</time></trkpt>
    <trkpt lat="52.5262492" lon="5.6944951"><ele>-4.6</ele><time>2025-09-21T08:10:29Z</time></trkpt>
    <trkpt lat="52.5263608" lon="5.6945270"><ele>-2.7</ele><time>2025-09-21T08:10:30Z</time></trkpt>
    <trkpt lat="52.5264155" lon="5.6944412"><ele>-4.7</ele><time>2025-09-21T08:10:31Z</time></trkpt>
    <trkpt lat="52.5265173" lon="5.6944608"><ele>-4.2</ele><time>2025-09-21T08:10:32Z</time></trkpt>
    <trkpt lat="52.5265972" lon="5.6945091"><ele>-4.3</ele><time>2025-09-21T08:10:34Z</time></trkpt>
    <trkpt lat="52.5267091" lon="5.6944992"><ele>-4.0</ele><time>2025-09-21T08:10:35Z</time></trkpt>
    <trkpt lat="52.5267850" lon="5.6945059"><ele>-4.5</ele><time>2025-09-21T08:10:36Z</time></trkpt>
    <trkpt lat="52.5268698" lon="5.6944869"><ele>-4.6</ele><time>2025-09-21T08:10:37Z</time></trkpt>
    <trkpt lat="52.5269805" lon="5.6945032"><ele>-4.5</ele><time>2025-09-21T08:10:39Z</time></trkpt>
    <trkpt lat="52.5270735" lon="5.6945370"><ele>-4.1</ele><time>2025-09-21T08:10:40Z</time></trkpt>
    <trkpt lat="52.5271711" lon="5.6944630"><ele>-4.7</ele><time>2025-09-21T08:10:41Z</time></trkpt>
    <trkpt lat="52.5272396" lon="5.6944780"><ele>-5.0</ele><time>2025-09-21T08:10:42Z</time></trkpt>
    <trkpt lat="52.5273187" lon="5.6944943"><ele>-4.2</ele><time>2025-09-21T08:10:44Z</time></trkpt>
    <trkpt lat="52.5274415" lon="5.6944648"><ele>-4.4</ele><time>2025-09-21T08:10:45Z</time></trkpt>
    <trkpt lat="52.5275001" lon="5.6945075"><ele>-4.3</ele><time>2025-09-21T08:10:46Z</time></trkpt>
    <trkpt lat="52.5276082" lon="5.6944984"><ele>-4.5</ele><time>2025-09-21T08:10:47Z</time></trkpt>
    <trkpt lat="52.5276517" lon="5.6944700"><ele>-4.3</ele><time>2025-09-21T08:10:49Z</time></trkpt>
    <trkpt lat="52.5277706" lon="5.6944554"><ele>-4.4</ele><time>2025-09-21T08:10:50Z</time></trkpt>
    <trkpt lat="52.5278641" lon="5.6944258"><ele>-4.2</ele><time>2025-09-21T08:10:51Z</time></trkpt>
    <trkpt lat="52.5279612" lon="5.6944837"><ele>-4.8</ele><time>2025-09-21T08:10:52Z</time></trkpt>
    <trkpt lat="52.5280336" lon="5.6944871"><ele>-4.7</ele><time>2025-09-21T08:10:54Z</time></trkpt>
    <trkpt lat="52.5281317" lon="5.6945007"><ele>-4.5</ele><time>2025-09-21T08:10:55Z</time></trkpt>
    <trkpt lat="52.5282172" lon="5.6944756"><ele>-5.3</ele><time>2025-09-21T08:10:56Z</time></trkpt>
    <trkpt lat="52.5283134" lon="5.6944649"><ele>-4.9</ele><time>2025-09-21T08:10:57Z</time></trkpt>
    <trkpt lat="52.5284174" lon="5.6944827"><ele>-4.3</ele><time>2025-09-21T08:10:59Z</time></trkpt>
    <trkpt lat="52.5284878" lon="5.6944918"><ele>-4.0</ele><time>2025-09-21T08:11:00Z</time></trkpt>
    <trkpt lat="52.5286028" lon="5.6944919"><ele>-5.0</ele><time>2025-09-21T08:11:01Z</time></trkpt>
    <trkpt lat="52.5287132" lon="5.6945079"><ele>-4.3</ele><time>2025-09-21T08:11:02Z</time></trkpt>
    <trkpt lat="52.5287652" lon="5.6945088"><ele>-4.4</ele><time>2025-09-21T08:11:04Z</time></trkpt>
    <trkpt lat="52.5288715" lon="5.6944836"><ele>-4.4</ele><time>2025-09-21T08:11:05Z</time></trkpt>
    <trkpt lat="52.5289406" lon="5.6944907"><ele>-5.0</ele><time>2025-09-21T08:11:06Z</time></trkpt>
    <trkpt lat="52.5290758" lon="5.6944849"><ele>-4.9</ele><time>2025-09-21T08:11:07Z</time></trkpt>
    <trkpt lat="52.5291500" lon="5.6944968"><ele>-4.7</ele><time>2025-09-21T08:11:09Z</time></trkpt>
    <trkpt lat="52.5292272" lon="5.6944499"><ele>-4.5</ele><time>2025-09-21T08:11:10Z</time></trkpt>
    <trkpt lat="52.5293321" lon="5.6944669"><ele>-4.2</ele><time>2025-09-21T08:11:11Z</time></trkpt>
    <trkpt lat="52.5293838" lon="5.6944855"><ele>-4.0</ele><time>2025-09-21T08:11:12Z</time></trkpt>
    <trkpt lat="52.5295029" lon="5.6945106"><ele>-3.9</ele><time>2025-09-21T08:11:14Z</time></trkpt>
    <trkpt lat="52.5295686" lon="5.6944636"><ele>-4.1</ele><time>2025-09-21T08:11:15Z</time></trkpt>
    <trkpt lat="52.5296710" lon="5.6944960"><ele>-4.7</ele><time>2025-09-21T08:11:16Z</time></trkpt>
    <trkpt lat="52.5297649" lon="5.6945087"><ele>-4.1</ele><time>2025-09-21T08:11:17Z</time></trkpt>
    <trkpt lat="52.5298521" lon="5.6944618"><ele>-4.3</ele><time>2025-09-21T08:11:19Z</time></trkpt>
    <trkpt lat="52.5299191" lon="5.6945089"><ele>-4.6</ele><time>2025-09-21T08:11:20Z</time></trkpt>
    <trkpt lat="52.5300312" lon="5.6944727"><ele>-4.5</ele><time>2025-09-21T08:11:21Z</time></trkpt>
    <trkpt lat="52.5301315" lon="5.6944963"><ele>-4.4</ele><time>2025-09-21T08:11:22Z</time></trkpt>
    <trkpt lat="52.5302226" lon="5.6944857"><ele>-3.9</ele><time>2025-09-21T08:11:24Z</time></trkpt>
    <trkpt lat="52.5302901" lon="5.6944888"><ele>-3.8</ele><time>2025-09-21T08:11:25Z</time></trkpt>
    <trkpt lat="52.5304205" lon="5.6944927"><ele>-4.6</ele><time>2025-09-21T08:11:26Z</time></trkpt>
    <trkpt lat="52.5304704" lon="5.6943922"><ele>-4.5</ele><time>2025-09-21T08:11:27Z</time></trkpt>
    <trkpt lat="52.5305406" lon="5.6942496"><ele>-5.1</ele><time>2025-09-21T08:11:29Z</time></trkpt>
    <trkpt lat="52.5305516" lon="5.6940744"><ele>-4.9</ele><time>2025-09-21T08:11:30Z</time></trkpt>
    <trkpt lat="52.5305368" lon="5.6939923"><ele>-5.0</ele><time>2025-09-21T08:11:31Z</time></trkpt>
    <trkpt lat="52.5305356" lon="5.6937944"><ele>-4.6</ele><time>2025-09-21T08:11:32Z</time></trkpt>
    <trkpt lat="52.5305614" lon="5.6937386"><ele>-4.7</ele><time>2025-09-21T08:11:34Z</time></trkpt>
    <trkpt lat="52.5305558" lon="5.6935740"><ele>-5.2</ele><time>2025-09-21T08:11:35Z</time></trkpt>
    <trkpt lat="52.5305325" lon="5.6933589"><ele>-4.7</ele><time>2025-09-21T08:11:36Z</time></trkpt>
    <trkpt lat="52.5305446" lon="5.6932506"><ele>-4.7</ele><time>2025-09-21T08:11:37Z</time></trkpt>
    <trkpt lat="52.5305551" lon="5.6930819"><ele>-4.2</ele><time>2025-09-21T08:11:39Z</time></trkpt>
    <trkpt lat="52.5305696" lon="5.6929317"><ele>-4.8</ele><time>2025-09-21T08:11:40Z</time></trkpt>
    <trkpt lat="52.5305753" lon="5.6928016"><ele>-4.2</ele><time>2025-09-21T08:11:41Z</time></trkpt>
    <trkpt lat="52.5305275" lon="5.6926614"><ele>-4.4</ele><time>2025-09-21T08:11:42Z</time></trkpt>
    <trkpt lat="52.5305503" lon="5.6925053"><ele>-4.0</ele><time>2025-09-21T08:11:44Z</time></trkpt>
    <trkpt lat="52.5305773" lon="5.6923538"><ele>-4.5</ele><time>2025-09-21T08:11:45Z</time></trkpt>
    <trkpt lat="52.5305492" lon="5.6922220"><ele>-4.4</ele><time>2025-09-21T08:11:46Z</time></trkpt>
    <trkpt lat="52.5305567" lon="5.6921007"><ele>-4.9</ele><time>2025-09-21T08:11:47Z</time></trkpt>
    <trkpt lat="52.5305692" lon="5.6919068"><ele>-4.3</ele><time>2025-09-21T08:11:49Z</time></trkpt>
    <trkpt lat="52.5305520" lon="5.6917576"><ele>-4.4</ele><time>2025-09-21T08:11:50Z</time></trkpt>
    <trkpt lat="52.5305409" lon="5.6916416"><ele>-4.4</ele><time>2025-09-21T08:11:51Z</time></trkpt>
    <trkpt lat="52.5305435" lon="5.6914531"><ele>-4.6</ele><time>2025-09-21T08:11:52Z</time></trkpt>
    <trkpt lat="52.5305527" lon="5.6913640"><ele>-3.8</ele><time>2025-09-21T08:11:54Z</time></trkpt>
    <trkpt lat="52.5305713" lon="5.6911953"><ele>-4.5</ele><time>2025-09-21T08:11:55Z</time></trkpt>
    <trkpt lat="52.5305249" lon="5.6910000"><ele>-4.6</ele><time>2025-09-21T08:11:56Z</time></trkpt>
    <trkpt lat="52.5305521" lon="5.6909312"><ele>-4.7</ele><time>2025-09-21T08:11:57Z</time></trkpt>
    <trkpt lat="52.5305493" lon="5.6907583"><ele>-4.6</ele><time>2025-09-21T08:11:59Z</time></trkpt>
    <trkpt lat="52.5305597" lon="5.6906018"><ele>-4.7</ele><time>2025-09-21T08:12:00Z</time></trkpt>
    <trkpt lat="52.5305760" lon="5.6904323"><ele>-4.8</ele><time>2025-09-21T08:12:01Z</time></trkpt>
    <trkpt lat="52.5305521" lon="5.6902829"><ele>-4.5</ele><time>2025-09-21T08:12:02Z</time></trkpt>
    <trkpt lat="52.5305756" lon="5.6901620"><ele>-4.0</ele><time>2025-09-21T08:12:04Z</time></trkpt>
    <trkpt lat="52.5305563" lon="5.6900072"><ele>-4.1</ele><time>2025-09-21T08:12:05Z</time></trkpt>
    <trkpt lat="52.5305571" lon="5.6898580"><ele>-4.9</ele><time>2025-09-21T08:12:06Z</time></trkpt>
    <trkpt lat="52.5305538" lon="5.6897222"><ele>-5.0</ele><time>2025-09-21T08:12:07Z</time></trkpt>
    <trkpt lat="52.5305847" lon="5.6895713"><ele>-4.3</ele><time>2025-09-21T08:12:09Z</time></trkpt>
    <trkpt lat="52.5305723" lon="5.6894011"><ele>-4.3</ele><time>2025-09-21T08:12:10Z</time></trkpt>
    <trkpt lat="52.5305755" lon="5.6892755"><ele>-4.1</ele><time>2025-09-21T08:12:11Z</time></trkpt>
    <trkpt lat="52.5305445" lon="5.6891698"><ele>-4.6</ele><time>2025-09-21T08:12:12Z</time></trkpt>
    <trkpt lat="52.5305580" lon="5.6889747"><ele>-4.9</ele><time>2025-09-21T08:12:14Z</time></trkpt>
    <trkpt lat="52.5305367" lon="5.6888355"><ele>-4.7</ele><time>2025-09-21T08:12:15Z</time></trkpt>
    <trkpt lat="52.5305589" lon="5.6886764"><ele>-4.3</ele><time>2025-09-21T08:12:16Z</time></trkpt>
    <trkpt lat="52.5305602" lon="5.6885178"><ele>-4.3</ele><time>2025-09-21T08:12:17Z</time></trkpt>
    <trkpt lat="52.5305560" lon="5.6883851"><ele>-4.7</ele><time>2025-09-21T08:12:19Z</time></trkpt>
    <trkpt lat="52.5305741" lon="5.6882797"><ele>-4.4</ele><time>2025-09-21T08:12:20Z</time></trkpt>
    <trkpt lat="52.5305441" lon="5.6881216"><ele>-4.7</ele><time>2025-09-21T08:12:21Z</time></trkpt>
    <trkpt lat="52.5305619" lon="5.6879379"><ele>-4.6</ele><time>2025-09-21T08:12:22Z</time></trkpt>
    <trkpt lat="52.5305359" lon="5.6877776"><ele>-4.9</ele><time>2025-09-21T08:12:24Z</time></trkpt>
    <trkpt lat="52.5305625" lon="5.6876709"><ele>-5.0</ele><time>2025-09-21T08:12:25Z</time></trkpt>
    <trkpt lat="52.5305497" lon="5.6875439"><ele>-4.6</ele><time>2025-09-21T08:12:26Z</time></trkpt>
    <trkpt lat="52.5305568" lon="5.6873520"><ele>-4.6</ele><time>2025-09-21T08:12:27Z</time></trkpt>
    <trkpt lat="52.5305667" lon="5.6872075"><ele>-4.1</ele><time>2025-09-21T08:12:29Z</time></trkpt>
    <trkpt lat="52.5305542" lon="5.6870460"><ele>-4.8</ele><time>2025-09-21T08:12:30Z</time></trkpt>
    <trkpt lat="52.5305552" lon="5.6869040"><ele>-4.6</ele><time>2025-09-21T08:12:31Z</time></trkpt>
    <trkpt lat="52.5305442" lon="5.6867793"><ele>-4.3</ele><time>2025-09-21T08:12:32Z</time></trkpt>
    <trkpt lat="52.5305525" lon="5.6866351"><ele>-4.6</ele><time>2025-09-21T08:12:34Z</time></trkpt>
    <trkpt lat="52.5305517" lon="5.6864848"><ele>-4.6</ele><time>2025-09-21T08:12:35Z</time></trkpt>
    <trkpt lat="52.5305237" lon="5.6863287"><ele>-4.2</ele><time>2025-09-21T08:12:36Z</time></trkpt>
    <trkpt lat="52.5305647" lon="5.6861821"><ele>-5.0</ele><time>2025-09-21T08:12:37Z</time></trkpt>
    <trkpt lat="52.5305629" lon="5.6860203"><ele>-4.2</ele><time>2025-09-21T08:12:39Z</time></trkpt>
    <trkpt lat="52.5305510" lon="5.6858691"><ele>-3.9</ele><time>2025-09-21T08:12:40Z</time></trkpt>
    <trkpt lat="52.5305737" lon="5.6857406"><ele>-5.0</ele><time>2025-09-21T08:12:41Z</time></trkpt>
    <trkpt lat="52.5305499" lon="5.6855967"><ele>-4.7</ele><time>2025-09-21T08:12:42Z</time></trkpt>
    <trkpt lat="52.5305432" lon="5.6854678"><ele>-4.8</ele><time>2025-09-21T08:12:44Z</time></trkpt>
    <trkpt lat="52.5305542" lon="5.6852774"><ele>-4.4</ele><time>2025-09-21T08:12:45Z</time></trkpt>
    <trkpt lat="52.5305741" lon="5.6851546"><ele>-4.3</ele><time>2025-09-21T08:12:46Z</time></trkpt>
    <trkpt lat="52.5305718" lon="5.6850367"><ele>-4.2</ele><time>2025-09-21T08:12:47Z</time></trkpt>
    <trkpt lat="52.5305761" lon="5.6848474"><ele>-4.6</ele><time>2025-09-21T08:12:49Z</time></trkpt>
    <trkpt lat="52.5305582" lon="5.6847249"><ele>-4.7</ele><time>2025-09-21T08:12:50Z</time></trkpt>
    <trkpt lat="52.5305670" lon="5.6845705"><ele>-4.3</ele><time>2025-09-21T08:12:51Z</time></trkpt>
    <trkpt lat="52.5305595" lon="5.6844325"><ele>-4.7</ele><time>2025-09-21T08:12:52Z</time></trkpt>
    <trkpt lat="52.5305829" lon="5.6842630"><ele>-4.8</ele><time>2025-09-21T08:12:54Z</time></trkpt>
    <trkpt lat="52.5305581" lon="5.6840740"><ele>-4.9</ele><time>2025-09-21T08:12:55Z</time></trkpt>
    <trkpt lat="52.5305603" lon="5.6839959"><ele>-4.8</ele><time>2025-09-21T08:12:56Z</time></trkpt>
    <trkpt lat="52.5305457" lon="5.6838178"><ele>-4.3</ele><time>2025-09-21T08:12:57Z</time></trkpt>
    <trkpt lat="52.5305745" lon="5.6836922"><ele>-4.0</ele><time>2025-09-21T08:12:59Z</time></trkpt>
    <trkpt lat="52.5305742" lon="5.6835241"><ele>-4.3</ele><time>2025-09-21T08:13:00Z</time></trkpt>
    <trkpt lat="52.5305767" lon="5.6833492"><ele>-4.8</ele><time>2025-09-21T08:13:01Z</time></trkpt>
    <trkpt lat="52.5305378" lon="5.6832168"><ele>-4.8</ele><time>2025-09-21T08:13:02Z</time></trkpt>
    <trkpt lat="52.5305422" lon="5.6830362"><ele>-4.8</ele><time>2025-09-21T08:13:04Z</time></trkpt>
    <trkpt lat="52.5305535" lon="5.6829090"><ele>-4.1</ele><time>2025-09-21T08:13:05Z</time></trkpt>
    <trkpt lat="52.5305646" lon="5.6827809"><ele>-4.0</ele><time>2025-09-21T08:13:06Z</time></trkpt>
    <trkpt lat="52.5305786" lon="5.6826271"><ele>-4.5</ele><time>2025-09-21T08:13:07Z</time></trkpt>
    <trkpt lat="52.5305637" lon="5.6824918"><ele>-3.9</ele><time>2025-09-21T08:13:09Z</time></trkpt>
    <trkpt lat="52.5305713" lon="5.6823190"><ele>-4.6</ele><time>2025-09-21T08:13:10Z</time></trkpt>
    <trkpt lat="52.5305456" lon="5.6822002"><ele>-5.4</ele><time>2025-09-21T08:13:11Z</time></trkpt>
    <trkpt lat="52.5305693" lon="5.6820765"><ele>-4.9</ele><time>2025-09-21T08:13:12Z</time></trkpt>
    <trkpt lat="52.5305432" lon="5.6818835"><ele>-4.5</ele><time>2025-09-21T08:13:14Z</time></trkpt>
    <trkpt lat="52.5305574" lon="5.6818008"><ele>-5.1</ele><time>2025-09-21T08:13:15Z</time></trkpt>
    <trkpt lat="52.5305473" lon="5.6816249"><ele>-5.1</ele><time>2025-09-21T08:13:16Z</time></trkpt>
    <trkpt lat="52.5305594" lon="5.6814699"><ele>-4.4</ele><time>2025-09-21T08:13:17Z</time></trkpt>
    <trkpt lat="52.5305723" lon="5.6813297"><ele>-5.3</ele><time>2025-09-21T08:13:19Z</time></trkpt>
    <trkpt lat="52.5305750" lon="5.6811705"><ele>-4.0</ele><time>2025-09-21T08:13:20Z</time></trkpt>
    <trkpt lat="52.5305353" lon="5.6809967"><ele>-4.9</ele><time>2025-09-21T08:13:21Z</time></trkpt>
    <trkpt lat="52.5305570" lon="5.6808806"><ele>-4.1</ele><time>2025-09-21T08:13:22Z</time></trkpt>
    <trkpt lat="52.5305429" lon="5.6807207"><ele>-4.9</ele><time>2025-09-21T08:13:24Z</time></trkpt>
    <trkpt lat="52.5305710" lon="5.6805722"><ele>-3.9</ele><time>2025-09-21T08:13:25Z</time></trkpt>
    <trkpt lat="52.5305659" lon="5.6804080"><ele>-4.5</ele><time>2025-09-21T08:13:26Z</time></trkpt>
    <trkpt lat="52.5305443" lon="5.6802571"><ele>-3.8</ele><time>2025-09-21T08:13:27Z</time></trkpt>
    <trkpt lat="52.5305590" lon="5.6801256"><ele>-4.3</ele><time>2025-09-21T08:13:29Z</time></trkpt>
    <trkpt lat="52.5305694" lon="5.6799958"><ele>-4.8</ele><time>2025-09-21T08:13:30Z</time></trkpt>
    <trkpt lat="52.5305637" lon="5.6798321"><ele>-4.3</ele><time>2025-09-21T08:13:31Z</time></trkpt>
    <trkpt lat="52.5305376" lon="5.6796771"><ele>-4.1</ele><time>2025-09-21T08:13:32Z</time></trkpt>
    <trkpt lat="52.5305731" lon="5.6795644"><ele>-4.5</ele><time>2025-09-21T08:13:34Z</time></trkpt>
    <trkpt lat="52.5305552" lon="5.6793590"><ele>-3.6</ele><time>2025-09-21T08:13:35Z</time></trkpt>
    <trkpt lat="52.5305639" lon="5.6792577"><ele>-5.1</ele><time>2025-09-21T08:13:36Z</time></trkpt>
    <trkpt lat="52.5305737" lon="5.6790896"><ele>-4.3</ele><time>2025-09-21T08:13:37Z</time></trkpt>
    <trkpt lat="52.5305775" lon="5.6789535"><ele>-4.2</ele><time>2025-09-21T08:13:39Z</time></trkpt>
    <trkpt lat="52.5305585" lon="5.6788210"><ele>-4.3</ele><time>2025-09-21T08:13:40Z</time></trkpt>
    <trkpt lat="52.5305651" lon="5.6786844"><ele>-4.9</ele><time>2025-09-21T08:13:41Z</time></trkpt>
    <trkpt lat="52.5305572" lon="5.6785104"><ele>-4.3</ele><time>2025-09-21T08:13:42Z</time></trkpt>
    <trkpt lat="52.5305600" lon="5.6783948"><ele>-4.6</ele><time>2025-09-21T08:13:44Z</time></trkpt>
    <trkpt lat="52.5305674" lon="5.6782358"><ele>-4.7</ele><time>2025-09-21T08:13:45Z</time></trkpt>
    <trkpt lat="52.5305637" lon="5.6780824"><ele>-4.3</ele><time>2025-09-21T08:13:46Z</time></trkpt>
    <trkpt lat="52.5305348" lon="5.6778914"><ele>-5.0</ele><time>2025-09-21T08:13:47Z</time></trkpt>
    <trkpt lat="52.5305743" lon="5.6777405"><ele>-4.0</ele><time>2025-09-21T08:13:49Z</time></trkpt>
    <trkpt lat="52.5305810" lon="5.6776019"><ele>-4.9</ele><time>2025-09-21T08:13:50Z</time></trkpt>
    <trkpt lat="52.5305904" lon="5.6774652"><ele>-4.9</ele><time>2025-09-21T08:13:51Z</time></trkpt>
    <trkpt lat="52.5305725" lon="5.6773509"><ele>-4.0</ele><time>2025-09-21T08:13:52Z</time></trkpt>
    <trkpt lat="52.5305649" lon="5.6772026"><ele>-3.8</ele><time>2025-09-21T08:13:54Z</time></trkpt>
    <trkpt lat="52.5305630" lon="5.6770391"><ele>-4.3</ele><time>2025-09-21T08:13:55Z</time></trkpt>
    <trkpt lat="52.5305598" lon="5.6768860"><ele>-3.9</ele><time>2025-09-21T08:13:56Z</time></trkpt>
    <trkpt lat="52.5305699" lon="5.6767816"><ele>-4.5</ele><time>2025-09-21T08:13:57Z</time></trkpt>
    <trkpt lat="52.5305567" lon="5.6765879"><ele>-4.6</ele><time>2025-09-21T08:13:59Z</time></trkpt>
    <trkpt lat="52.5305608" lon="5.6764417"><ele>-4.5</ele><time>2025-09-21T08:14:00Z</time></trkpt>
    <trkpt lat="52.5305431" lon="5.6763276"><ele>-4.6</ele><time>2025-09-21T08:14:01Z</time></trkpt>
    <trkpt lat="52.5305567" lon="5.6761745"><ele>-4.6</ele><time>2025-09-21T08:14:02Z</time></trkpt>
    <trkpt lat="52.5305611" lon="5.6760215"><ele>-4.8</ele><time>2025-09-21T08:14:04Z</time></trkpt>
    <trkpt lat="52.5305708" lon="5.6758653"><ele>-5.1</ele><time>2025-09-21T08:14:05Z</time></trkpt>
    <trkpt lat="52.5305394" lon="5.6757346"><ele>-4.1</ele><time>2025-09-21T08:14:06Z</time></trkpt>
    <trkpt lat="52.5305655" lon="5.6755385"><ele>-4.4</ele><time>2025-09-21T08:14:07Z</time></trkpt>
    <trkpt lat="52.5305615" lon="5.6754425"><ele>-4.6</ele><time>2025-09-21T08:14:09Z</time></trkpt>
    <trkpt lat="52.5305654" lon="5.6752563"><ele>-4.5</ele><time>2025-09-21T08:14:10Z</time></trkpt>
    <trkpt lat="52.5305682" lon="5.6751446"><ele>-3.9</ele><time>2025-09-21T08:14:11Z</time></trkpt>
    <trkpt lat="52.5305651" lon="5.6749936"><ele>-4.4</ele><time>2025-09-21T08:14:12Z</time></trkpt>
    <trkpt lat="52.5305731" lon="5.6748444"><ele>-4.9</ele><time>2025-09-21T08:14:14Z</time></trkpt>
    <trkpt lat="52.5305581" lon="5.6746920"><ele>-4.3</ele><time>2025-09-21T08:14:15Z</time></trkpt>
    <trkpt lat="52.5305373" lon="5.6745534"><ele>-4.5</ele><time>2025-09-21T08:14:16Z</time></trkpt>
    <trkpt lat="52.5305398" lon="5.6744105"><ele>-4.3</ele><time>2025-09-21T08:14:17Z</time></trkpt>
    <trkpt lat="52.5305556" lon="5.6742416"><ele>-4.1</ele><time>2025-09-21T08:14:19Z</time></trkpt>
    <trkpt lat="52.5305635" lon="5.6741142"><ele>-3.8</ele><time>2025-09-21T08:14:20Z</time></trkpt>
    <trkpt lat="52.5305660" lon="5.6739787"><ele>-4.1</ele><time>2025-09-21T08:14:21Z</time></trkpt>
    <trkpt lat="52.5305865" lon="5.6738185"><ele>-4.1</ele><time>2025-09-21T08:14:22Z</time></trkpt>
    <trkpt lat="52.5305651" lon="5.6736670"><ele>-4.1</ele><time>2025-09-21T08:14:24Z</time></trkpt>
    <trkpt lat="52.5305626" lon="5.6735392"><ele>-4.4</ele><time>2025-09-21T08:14:25Z</time></trkpt>
    <trkpt lat="52.5305980" lon="5.6733363"><ele>-4.6</ele><time>2025-09-21T08:14:26Z</time></trkpt>
    <trkpt lat="52.5305562" lon="5.6731991"><ele>-3.9</ele><time>2025-09-21T08:14:27Z</time></trkpt>
    <trkpt lat="52.5305367" lon="5.6730705"><ele>-4.3</ele><time>2025-09-21T08:14:29Z</time></trkpt>
    <trkpt lat="52.5305633" lon="5.6729555"><ele>-4.4</ele><time>2025-09-21T08:14:30Z</time></trkpt>
    <trkpt lat="52.5305607" lon="5.6728312"><ele>-4.5</ele><time>2025-09-21T08:14:31Z</time></trkpt>
    <trkpt lat="52.5305965" lon="5.6726347"><ele>-4.2</ele><time>2025-09-21T08:14:32Z</time></trkpt>
    <trkpt lat="52.5305622" lon="5.6724379"><ele>-4.5</ele><time>2025-09-21T08:14:34Z</time></trkpt>
    <trkpt lat="52.5305594" lon="5.6723425"><ele>-4.3</ele><time>2025-09-21T08:14:35Z</time></trkpt>
    <trkpt lat="52.5305475" lon="5.6721507"><ele>-4.4</ele><time>2025-09-21T08:14:36Z</time></trkpt>
    <trkpt lat="52.5305514" lon="5.6720672"><ele>-5.0</ele><time>2025-09-21T08:14:37Z</time></trkpt>
    <trkpt lat="52.5305697" lon="5.6719099"><ele>-4.1</ele><time>2025-09-21T08:14:39Z</time></trkpt>
    <trkpt lat="52.5305679" lon="5.6717330"><ele>-4.4</ele><time>2025-09-21T08:14:40Z</time></trkpt>
    <trkpt lat="52.5305885" lon="5.6715895"><ele>-4.5</ele><time>2025-09-21T08:14:41Z</time></trkpt>
    <trkpt lat="52.5305648" lon="5.6714334"><ele>-4.5</ele><time>2025-09-21T08:14:42Z</time></trkpt>
    <trkpt lat="52.5305626" lon="5.6713318"><ele>-4.2</ele><time>2025-09-21T08:14:44Z</time></trkpt>
    <trkpt lat="52.5305722" lon="5.6711205"><ele>-4.1</ele><time>2025-09-21T08:14:45Z</time></trkpt>
    <trkpt lat="52.5305435" lon="5.6710145"><ele>-4.6</ele><time>2025-09-21T08:14:46Z</time></trkpt>
    <trkpt lat="52.5305874" lon="5.6707950"><ele>-4.4</ele><time>2025-09-21T08:14:47Z</time></trkpt>
    <trkpt lat="52.5305908" lon="5.6707413"><ele>-4.0</ele><time>2025-09-21T08:14:49Z</time></trkpt>
    <trkpt lat="52.5305623" lon="5.6705440"><ele>-4.1</ele><time>2025-09-21T08:14:50Z</time></trkpt>
    <trkpt lat="52.5305838" lon="5.6703677"><ele>-3.8</ele><time>2025-09-21T08:14:51Z</time></trkpt>
    <trkpt lat="52.5305615" lon="5.6702824"><ele>-4.2</ele><time>2025-09-21T08:14:52Z</time></trkpt>
    <trkpt lat="52.5305526" lon="5.6700809"><ele>-4.6</ele><time>2025-09-21T08:14:54Z</time></trkpt>
    <trkpt lat="52.5305877" lon="5.6699520"><ele>-4.2</ele><time>2025-09-21T08:14:55Z</time></trkpt>
    <trkpt lat="52.5305809" lon="5.6697682"><ele>-4.2</ele><time>2025-09-21T08:14:56Z</time></trkpt>
    <trkpt lat="52.5305559" lon="5.6696687"><ele>-3.6</ele><time>2025-09-21T08:14:57Z</time></trkpt>
    <trkpt lat="52.5305691" lon="5.6695318"><ele>-5.0</ele><time>2025-09-21T08:14:59Z</time></trkpt>
    <trkpt lat="52.5305777" lon="5.6693665"><ele>-4.3</ele><time>2025-09-21T08:15:00Z</time></trkpt>
    <trkpt lat="52.5305616" lon="5.6692219"><ele>-5.0</ele><time>2025-09-21T08:15:01Z</time></trkpt>
    <trkpt lat="52.5305729" lon="5.6690304"><ele>-4.9</ele><time>2025-09-21T08:15:02Z</time></trkpt>
    <trkpt lat="52.5305700" lon="5.6689025"><ele>-4.0</ele><time>2025-09-21T08:15:04Z</time></trkpt>
    <trkpt lat="52.5305806" lon="5.6687821"><ele>-4.4</ele><time>2025-09-21T08:15:05Z</time></trkpt>
    <trkpt lat="52.5305877" lon="5.6685734"><ele>-4.8</ele><time>2025-09-21T08:15:06Z</time></trkpt>
    <trkpt lat="52.5305621" lon="5.6685297"><ele>-4.4</ele><time>2025-09-21T08:15:07Z</time></trkpt>
    <trkpt lat="52.5305525" lon="5.6683372"><ele>-4.1</ele><time>2025-09-21T08:15:09Z</time></trkpt>
    <trkpt lat="52.5305834" lon="5.6682370"><ele>-4.6</ele><time>2025-09-21T08:15:10Z</time></trkpt>
    <trkpt lat="52.5305802" lon="5.6680639"><ele>-4.1</ele><time>2025-09-21T08:15:11Z</time></trkpt>
    <trkpt lat="52.5305938" lon="5.6678769"><ele>-4.7</ele><time>2025-09-21T08:15:12Z</time></trkpt>
    <trkpt lat="52.5305681" lon="5.6677399"><ele>-4.3</ele><time>2025-09-21T08:15:14Z</time></trkpt>
    <trkpt lat="52.5305487" lon="5.6675985"><ele>-4.9</ele><time>2025-09-21T08:15:15Z</time></trkpt>
    <trkpt lat="52.5305410" lon="5.6674635"><ele>-3.9</ele><time>2025-09-21T08:15:16Z</time></trkpt>
    <trkpt lat="52.5305693" lon="5.6673304"><ele>-4.3</ele><time>2025-09-21T08:15:17Z</time></trkpt>
    <trkpt lat="52.5305590" lon="5.6671494"><ele>-4.0</ele><time>2025-09-21T08:15:19Z</time></trkpt>
    <trkpt lat="52.5305879" lon="5.6670100"><ele>-4.0</ele><time>2025-09-21T08:15:20Z</time></trkpt>
    <trkpt lat="52.5305634" lon="5.6668892"><ele>-4.7</ele><time>2025-09-21T08:15:21Z</time></trkpt>
    <trkpt lat="52.5305537" lon="5.6667232"><ele>-4.5</ele><time>2025-09-21T08:15:22Z</time></trkpt>
    <trkpt lat="52.5305591" lon="5.6665714"><ele>-3.9</ele><time>2025-09-21T08:15:24Z</time></trkpt>
    <trkpt lat="52.5305566" lon="5.6664123"><ele>-3.9</ele><time>2025-09-21T08:15:25Z</time></trkpt>
    <trkpt lat="52.5305735" lon="5.6662902"><ele>-4.6</ele><time>2025-09-21T08:15:26Z</time></trkpt>
    <trkpt lat="52.5305845" lon="5.6661445"><ele>-4.4</ele><time>2025-09-21T08:15:27Z</time></trkpt>
    <trkpt lat="52.5305833" lon="5.6659993"><ele>-4.1</ele><time>2025-09-21T08:15:29Z</time></trkpt>
    <trkpt lat="52.5305509" lon="5.6658697"><ele>-5.1</ele><time>2025-09-21T08:15:30Z</time></trkpt>
    <trkpt lat="52.5305728" lon="5.6656703"><ele>-4.6</ele><time>2025-09-21T08:15:31Z</time></trkpt>
    <trkpt lat="52.5305914" lon="5.6655033"><ele>-3.8</ele><time>2025-09-21T08:15:32Z</time></trkpt>
    <trkpt lat="52.5305582" lon="5.6653885"><ele>-4.6</ele><time>2025-09-21T08:15:34Z</time></trkpt>
    <trkpt lat="52.5305732" lon="5.6652690"><ele>-4.3</ele><time>2025-09-21T08:15:35Z</time></trkpt>
    <trkpt lat="52.5305561" lon="5.6651360"><ele>-4.8</ele><time>2025-09-21T08:15:36Z</time></trkpt>
    <trkpt lat="52.5305666" lon="5.6649583"><ele>-4.3</ele><time>2025-09-21T08:15:37Z</time></trkpt>
    <trkpt lat="52.5305465" lon="5.6648200"><ele>-3.7</ele><time>2025-09-21T08:15:39Z</time></trkpt>
    <trkpt lat="52.5305718" lon="5.6646241"><ele>-4.2</ele><time>2025-09-21T08:15:40Z</time></trkpt>
    <trkpt lat="52.5305704" lon="5.6645344"><ele>-4.7</ele><time>2025-09-21T08:15:41Z</time></trkpt>
    <trkpt lat="52.5305490" lon="5.6643645"><ele>-4.4</ele><time>2025-09-21T08:15:42Z</time></trkpt>
    <trkpt lat="52.5305423" lon="5.6642164"><ele>-3.5</ele><time>2025-09-21T08:15:44Z</time></trkpt>
    <trkpt lat="52.5305749" lon="5.6640608"><ele>-3.8</ele><time>2025-09-21T08:15:45Z</time></trkpt>
    <trkpt lat="52.5305621" lon="5.6639260"><ele>-4.8</ele><time>2025-09-21T08:15:46Z</time></trkpt>
    <trkpt lat="52.5305579" lon="5.6637631"><ele>-4.4</ele><time>2025-09-21T08:15:47Z</time></trkpt>
    <trkpt lat="52.5305703" lon="5.6636495"><ele>-3.7</ele><time>2025-09-21T08:15:49Z</time></trkpt>
    <trkpt lat="52.5305709" lon="5.6634935"><ele>-5.6</ele><time>2025-09-21T08:15:50Z</time></trkpt>
    <trkpt lat="52.5305714" lon="5.6633337"><ele>-4.9</ele><time>2025-09-21T08:15:51Z</time></trkpt>
    <trkpt lat="52.5305584" lon="5.6631885"><ele>-4.4</ele><time>2025-09-21T08:15:52Z</time></trkpt>
    <trkpt lat="52.5305641" lon="5.6630417"><ele>-4.4</ele><time>2025-09-21T08:15:54Z</time></trkpt>
    <trkpt lat="52.5305722" lon="5.6629030"><ele>-4.6</ele><time>2025-09-21T08:15:55Z</time></trkpt>
    <trkpt lat="52.5305687" lon="5.6627680"><ele>-4.2</ele><time>2025-09-21T08:15:56Z</time></trkpt>
    <trkpt lat="52.5305905" lon="5.6626390"><ele>-3.5</ele><time>2025-09-21T08:15:57Z</time></trkpt>
    <trkpt lat="52.5305737" lon="5.6624479"><ele>-4.1</ele><time>2025-09-21T08:15:59Z</time></trkpt>
    <trkpt lat="52.5305662" lon="5.6623080"><ele>-4.0</ele><time>2025-09-21T08:16:00Z</time></trkpt>
    <trkpt lat="52.5305978" lon="5.6621836"><ele>-4.6</ele><time>2025-09-21T08:16:01Z</time></trkpt>
    <trkpt lat="52.5305582" lon="5.6620213"><ele>-4.4</ele><time>2025-09-21T08:16:02Z</time></trkpt>
    <trkpt lat="52.5305969" lon="5.6618115"><ele>-5.0</ele><time>2025-09-21T08:16:04Z</time></trkpt>
    <trkpt lat="52.5305444" lon="5.6617187"><ele>-4.5</ele><time>2025-09-21T08:16:05Z</time></trkpt>
    <trkpt lat="52.5305403" lon="5.6615463"><ele>-4.8</ele><time>2025-09-21T08:16:06Z</time></trkpt>
    <trkpt lat="52.5305668" lon="5.6614166"><ele>-5.1</ele><time>2025-09-21T08:16:07Z</time></trkpt>
    <trkpt lat="52.5305642" lon="5.6612882"><ele>-4.8</ele><time>2025-09-21T08:16:09Z</time></trkpt>
    <trkpt lat="52.5305591" lon="5.6611604"><ele>-4.2</ele><time>2025-09-21T08:16:10Z</time></trkpt>
    <trkpt lat="52.5305694" lon="5.6610129"><ele>-4.4</ele><time>2025-09-21T08:16:11Z</time></trkpt>
    <trkpt lat="52.5305628" lon="5.6608533"><ele>-4.3</ele><time>2025-09-21T08:16:12Z</time></trkpt>
    <trkpt lat="52.5305635" lon="5.6606814"><ele>-4.0</ele><time>2025-09-21T08:16:14Z</time></trkpt>
    <trkpt lat="52.5305878" lon="5.6605435"><ele>-4.2</ele><time>2025-09-21T08:16:15Z</time></trkpt>
    <trkpt lat="52.5305741" lon="5.6603589"><ele>-4.4</ele><time>2025-09-21T08:16:16Z</time></trkpt>
    <trkpt lat="52.5305818" lon="5.6602371"><ele>-4.2</ele><time>2025-09-21T08:16:17Z</time></trkpt>
    <trkpt lat="52.5305959" lon="5.6600600"><ele>-4.4</ele><time>2025-09-21T08:16:19Z</time></trkpt>
    <trkpt lat="52.5305645" lon="5.6599119"><ele>-4.1</ele><time>2025-09-21T08:16:20Z</time></trkpt>
    <trkpt lat="52.5305574" lon="5.6597758"><ele>-5.0</ele><time>2025-09-21T08:16:21Z</time></trkpt>
    <trkpt lat="52.5305619" lon="5.6596592"><ele>-3.7</ele><time>2025-09-21T08:16:22Z</time></trkpt>
    <trkpt lat="52.5305723" lon="5.6595119"><ele>-4.6</ele><time>2025-09-21T08:16:24Z</time></trkpt>
    <trkpt lat="52.5305506" lon="5.6593801"><ele>-4.2</ele><time>2025-09-21T08:16:25Z</time></trkpt>
    <trkpt lat="52.5305586" lon="5.6592218"><ele>-4.8</ele><time>2025-09-21T08:16:26Z</time></trkpt>
    <trkpt lat="52.5305938" lon="5.6590893"><ele>-4.2</ele><time>2025-09-21T08:16:27Z</time></trkpt>
    <trkpt lat="52.5305754" lon="5.6589569"><ele>-4.4</ele><time>2025-09-21T08:16:29Z</time></trkpt>
    <trkpt lat="52.5305528" lon="5.6587602"><ele>-4.0</ele><time>2025-09-21T08:16:30Z</time></trkpt>
    <trkpt lat="52.5305607" lon="5.6586092"><ele>-4.2</ele><time>2025-09-21T08:16:31Z</time></trkpt>
    <trkpt lat="52.5305594" lon="5.6584850"><ele>-4.2</ele><time>2025-09-21T08:16:32Z</time></trkpt>
    <trkpt lat="52.5305712" lon="5.6583235"><ele>-4.4</ele><time>2025-09-21T08:16:34Z</time></trkpt>
    <trkpt lat="52.5305367" lon="5.6581703"><ele>-4.6</ele><time>2025-09-21T08:16:35Z</time></trkpt>
    <trkpt lat="52.5305650" lon="5.6580585"><ele>-4.2</ele><time>2025-09-21T08:16:36Z</time></trkpt>
    <trkpt lat="52.5305560" lon="5.6578982"><ele>-4.3</ele><time>2025-09-21T08:16:37Z</time></trkpt>
    <trkpt lat="52.5305744" lon="5.6577316"><ele>-4.1</ele><time>2025-09-21T08:16:39Z</time></trkpt>
    <trkpt lat="52.5305667" lon="5.6575918"><ele>-3.9</ele><time>2025-09-21T08:16:40Z</time></trkpt>
    <trkpt lat="52.5305497" lon="5.6574455"><ele>-3.8</ele><time>2025-09-21T08:16:41Z</time></trkpt>
    <trkpt lat="52.5305618" lon="5.6573055"><ele>-4.3</ele><time>2025-09-21T08:16:42Z</time></trkpt>
    <trkpt lat="52.5305716" lon="5.6571270"><ele>-4.9</ele><time>2025-09-21T08:16:44Z</time></trkpt>
    <trkpt lat="52.5305761" lon="5.6570229"><ele>-4.7</ele><time>2025-09-21T08:16:45Z</time></trkpt>
    <trkpt lat="52.5305502" lon="5.6568644"><ele>-4.5</ele><time>2025-09-21T08:16:46Z</time></trkpt>
    <trkpt lat="52.5305791" lon="5.6566838"><ele>-4.0</ele><time>2025-09-21T08:16:47Z</time></trkpt>
    <trkpt lat="52.5305723" lon="5.6565288"><ele>-4.1</ele><time>2025-09-21T08:16:49Z</time></trkpt>
    <trkpt lat="52.5306026" lon="5.6564037"><ele>-4.9</ele><time>2025-09-21T08:16:50Z</time></trkpt>
    <trkpt lat="52.5305902" lon="5.6562932"><ele>-4.4</ele><time>2025-09-21T08:16:51Z</time></trkpt>
    <trkpt lat="52.5305862" lon="5.6560915"><ele>-5.3</ele><time>2025-09-21T08:16:52Z</time></trkpt>
    <trkpt lat="52.5305508" lon="5.6559683"><ele>-4.3</ele><time>2025-09-21T08:16:54Z</time></trkpt>
    <trkpt lat="52.5305525" lon="5.6558091"><ele>-4.1</ele><time>2025-09-21T08:16:55Z</time></trkpt>
    <trkpt lat="52.5305517" lon="5.6557000"><ele>-4.0</ele><time>2025-09-21T08:16:56Z</time></trkpt>
    <trkpt lat="52.5305610" lon="5.6555291"><ele>-4.5</ele><time>2025-09-21T08:16:57Z</time></trkpt>
    <trkpt lat="52.5305853" lon="5.6553919"><ele>-4.4</ele><time>2025-09-21T08:16:59Z</time></trkpt>
    <trkpt lat="52.5305810" lon="5.6551778"><ele>-4.1</ele><time>2025-09-21T08:17:00Z</time></trkpt>
    <trkpt lat="52.5305632" lon="5.6550420"><ele>-4.3</ele><time>2025-09-21T08:17:01Z</time></trkpt>
    <trkpt lat="52.5305743" lon="5.6549310"><ele>-4.7</ele><time>2025-09-21T08:17:02Z</time></trkpt>
    <trkpt lat="52.5305333" lon="5.6548043"><ele>-4.2</ele><time>2025-09-21T08:17:04Z</time></trkpt>
    <trkpt lat="52.5305687" lon="5.6546297"><ele>-4.0</ele><time>2025-09-21T08:17:05Z</time></trkpt>
    <trkpt lat="52.5305566" lon="5.6545254"><ele>-4.3</ele><time>2025-09-21T08:17:06Z</time></trkpt>
    <trkpt lat="52.5305710" lon="5.6543253"><ele>-4.5</ele><time>2025-09-21T08:17:07Z</time></trkpt>
    <trkpt lat="52.5305855" lon="5.6541740"><ele>-4.2</ele><time>2025-09-21T08:17:09Z</time></trkpt>
    <trkpt lat="52.5305883" lon="5.6540533"><ele>-5.0</ele><time>2025-09-21T08:17:10Z</time></trkpt>
    <trkpt lat="52.5305922" lon="5.6539146"><ele>-4.4</ele><time>2025-09-21T08:17:11Z</time></trkpt>
    <trkpt lat="52.5305598" lon="5.6537392"><ele>-3.8</ele><time>2025-09-21T08:17:12Z</time></trkpt>
    <trkpt lat="52.5305749" lon="5.6536346"><ele>-3.9</ele><time>2025-09-21T08:17:14Z</time></trkpt>
    <trkpt lat="52.5305653" lon="5.6534489"><ele>-4.0</ele><time>2025-09-21T08:17:15Z</time></trkpt>
    <trkpt lat="52.5305735" lon="5.6532955"><ele>-4.3</ele><time>2025-09-21T08:17:16Z</time></trkpt>
    <trkpt lat="52.5305734" lon="5.6531502"><ele>-4.8</ele><time>2025-09-21T08:17:17Z</time></trkpt>
    <trkpt lat="52.5305439" lon="5.6530073"><ele>-4.8</ele><time>2025-09-21T08:17:19Z</time></trkpt>
    <trkpt lat="52.5305755" lon="5.6528547"><ele>-4.3</ele><time>2025-09-21T08:17:20Z</time></trkpt>
    <trkpt lat="52.5305673" lon="5.6526990"><ele>-3.4</ele><time>2025-09-21T08:17:21Z</time></trkpt>
    <trkpt lat="52.5305762" lon="5.6525811"><ele>-5.1</ele><time>2025-09-21T08:17:22Z</time></trkpt>
    <trkpt lat="52.5305861" lon="5.6524209"><ele>-4.9</ele><time>2025-09-21T08:17:24Z</time></trkpt>
    <trkpt lat="52.5305607" lon="5.6522647"><ele>-4.3</ele><time>2025-09-21T08:17:25Z</time></trkpt>
    <trkpt lat="52.5305471" lon="5.6521505"><ele>-4.0</ele><time>2025-09-21T08:17:26Z</time></trkpt>
    <trkpt lat="52.5305584" lon="5.6519315"><ele>-4.1</ele><time>2025-09-21T08:17:27Z</time></trkpt>
    <trkpt lat="52.5305593" lon="5.6518166"><ele>-4.5</ele><time>2025-09-21T08:17:29Z</time></trkpt>
    <trkpt lat="52.5305571" lon="5.6517305"><ele>-3.9</ele><time>2025-09-21T08:17:30Z</time></trkpt>
    <trkpt lat="52.5305655" lon="5.6515911"><ele>-4.6</ele><time>2025-09-21T08:17:31Z</time></trkpt>
    <trkpt lat="52.5305571" lon="5.6514001"><ele>-4.4</ele><time>2025-09-21T08:17:32Z</time></trkpt>
    <trkpt lat="52.5305506" lon="5.6512290"><ele>-4.9</ele><time>2025-09-21T08:17:34Z</time></trkpt>
    <trkpt lat="52.5305615" lon="5.6511257"><ele>-4.8</ele><time>2025-09-21T08:17:35Z</time></trkpt>
    <trkpt lat="52.5305683" lon="5.6509816"><ele>-4.4</ele><time>2025-09-21T08:17:36Z</time></trkpt>
    <trkpt lat="52.5305707" lon="5.6507936"><ele>-4.4</ele><time>2025-09-21T08:17:37Z</time></trkpt>
    <trkpt lat="52.5305684" lon="5.6506534"><ele>-4.0</ele><time>2025-09-21T08:17:39Z</time></trkpt>
    <trkpt lat="52.5305885" lon="5.6505114"><ele>-3.9</ele><time>2025-09-21T08:17:40Z</time></trkpt>
    <trkpt lat="52.5305577" lon="5.6503455"><ele>-4.8</ele><time>2025-09-21T08:17:41Z</time></trkpt>
    <trkpt lat="52.5305806" lon="5.6502040"><ele>-4.4</ele><time>2025-09-21T08:17:42Z</time></trkpt>
    <trkpt lat="52.5305722" lon="5.6500625"><ele>-5.2</ele><time>2025-09-21T08:17:44Z</time></trkpt>
    <trkpt lat="52.5305682" lon="5.6499333"><ele>-4.0</ele><time>2025-09-21T08:17:45Z</time></trkpt>
    <trkpt lat="52.5305844" lon="5.6497721"><ele>-3.9</ele><time>2025-09-21T08:17:46Z</time></trkpt>
    <trkpt lat="52.5305786" lon="5.6496247"><ele>-4.7</ele><time>2025-09-21T08:17:47Z</time></trkpt>
    <trkpt lat="52.5305560" lon="5.6494681"><ele>-4.4</ele><time>2025-09-21T08:17:49Z</time></trkpt>
    <trkpt lat="52.5305561" lon="5.6493095"><ele>-4.4</ele><time>2025-09-21T08:17:50Z</time></trkpt>
    <trkpt lat="52.5305789" lon="5.6491566"><ele>-4.7</ele><time>2025-09-21T08:17:51Z</time></trkpt>
    <trkpt lat="52.5305668" lon="5.6490363"><ele>-3.9</ele><time>2025-09-21T08:17:52Z</time></trkpt>
    <trkpt lat="52.5305677" lon="5.6489078"><ele>-4.5</ele><time>2025-09-21T08:17:54Z</time></trkpt>
    <trkpt lat="52.5305691" lon="5.6487662"><ele>-4.7</ele><time>2025-09-21T08:17:55Z</time></trkpt>
    <trkpt lat="52.5305796" lon="5.6486025"><ele>-4.3</ele><time>2025-09-21T08:17:56Z</time></trkpt>
    <trkpt lat="52.5305911" lon="5.6484535"><ele>-4.5</ele><time>2025-09-21T08:17:57Z</time></trkpt>
    <trkpt lat="52.5305924" lon="5.6483219"><ele>-3.6</ele><time>2025-09-21T08:17:59Z</time></trkpt>
    <trkpt lat="52.5305783" lon="5.6481319"><ele>-4.2</ele><time>2025-09-21T08:18:00Z</time></trkpt>
    <trkpt lat="52.5305885" lon="5.6480635"><ele>-3.9</ele><time>2025-09-21T08:18:01Z</time></trkpt>
    <trkpt lat="52.5305788" lon="5.6478893"><ele>-4.7</ele><time>2025-09-21T08:18:02Z</time></trkpt>
    <trkpt lat="52.5305482" lon="5.6477653"><ele>-4.0</ele><time>2025-09-21T08:18:04Z</time></trkpt>
    <trkpt lat="52.5305740" lon="5.6475856"><ele>-3.9</ele><time>2025-09-21T08:18:05Z</time></trkpt>
    <trkpt lat="52.5305824" lon="5.6474205"><ele>-4.2</ele><time>2025-09-21T08:18:06Z</time></trkpt>
    <trkpt lat="52.5305848" lon="5.6472574"><ele>-4.5</ele><time>2025-09-21T08:18:07Z</time></trkpt>
    <trkpt lat="52.5305573" lon="5.6471404"><ele>-4.2</ele><time>2025-09-21T08:18:09Z</time></trkpt>
    <trkpt lat="52.5305872" lon="5.6469912"><ele>-4.7</ele><time>2025-09-21T08:18:10Z</time></trkpt>
    <trkpt lat="52.5305714" lon="5.6468195"><ele>-4.7</ele><time>2025-09-21T08:18:11Z</time></trkpt>
    <trkpt lat="52.5306038" lon="5.6466978"><ele>-4.0</ele><time>2025-09-21T08:18:12Z</time></trkpt>
    <trkpt lat="52.5305604" lon="5.6465509"><ele>-4.0</ele><time>2025-09-21T08:18:14Z</time></trkpt>
    <trkpt lat="52.5305984" lon="5.6464015"><ele>-4.4</ele><time>2025-09-21T08:18:15Z</time></trkpt>
    <trkpt lat="52.5305670" lon="5.6462698"><ele>-4.4</ele><time>2025-09-21T08:18:16Z</time></trkpt>
    <trkpt lat="52.5305755" lon="5.6460854"><ele>-4.9</ele><time>2025-09-21T08:18:17Z</time></trkpt>
    <trkpt lat="52.5305920" lon="5.6459394"><ele>-5.0</ele><time>2025-09-21T08:18:19Z</time></trkpt>
    <trkpt lat="52.5305823" lon="5.6458200"><ele>-4.4</ele><time>2025-09-21T08:18:20Z</time></trkpt>
    <trkpt lat="52.5305874" lon="5.6456356"><ele>-4.4</ele><time>2025-09-21T08:18:21Z</time></trkpt>
    <trkpt lat="52.5305690" lon="5.6455123"><ele>-4.7</ele><time>2025-09-21T08:18:22Z</time></trkpt>
    <trkpt lat="52.5305809" lon="5.6453813"><ele>-4.6</ele><time>2025-09-21T08:18:24Z</time></trkpt>
    <trkpt lat="52.5305550" lon="5.6452355"><ele>-4.8</ele><time>2025-09-21T08:18:25Z</time></trkpt>
    <trkpt lat="52.5305662" lon="5.6450826"><ele>-4.3</ele><time>2025-09-21T08:18:26Z</time></trkpt>
    <trkpt lat="52.5305574" lon="5.6449517"><ele>-4.0</ele><time>2025-09-21T08:18:27Z</time></trkpt>
    <trkpt lat="52.5305734" lon="5.6447598"><ele>-4.3</ele><time>2025-09-21T08:18:29Z</time></trkpt>
    <trkpt lat="52.5305728" lon="5.6446038"><ele>-4.6</ele><time>2025-09-21T08:18:30Z</time></trkpt>
    <trkpt lat="52.5305592" lon="5.6444745"><ele>-4.4</ele><time>2025-09-21T08:18:31Z</time></trkpt>
    <trkpt lat="52.5305532" lon="5.6443297"><ele>-4.3</ele><time>2025-09-21T08:18:32Z</time></trkpt>
    <trkpt lat="52.5305738" lon="5.6441950"><ele>-3.9</ele><time>2025-09-21T08:18:34Z</time></trkpt>
    <trkpt lat="52.5305802" lon="5.6440098"><ele>-4.1</ele><time>2025-09-21T08:18:35Z</time></trkpt>
    <trkpt lat="52.5305722" lon="5.6438233"><ele>-3.9</ele><time>2025-09-21T08:18:36Z</time></trkpt>
    <trkpt lat="52.5305728" lon="5.6437359"><ele>-4.3</ele><time>2025-09-21T08:18:37Z</time></trkpt>
    <trkpt lat="52.5305582" lon="5.6435865"><ele>-4.5</ele><time>2025-09-21T08:18:39Z</time></trkpt>
    <trkpt lat="52.5306007" lon="5.6433937"><ele>-4.3</ele><time>2025-09-21T08:18:40Z</time></trkpt>
    <trkpt lat="52.5305809" lon="5.6433002"><ele>-4.0</ele><time>2025-09-21T08:18:41Z</time></trkpt>
    <trkpt lat="52.5305511" lon="5.6431462"><ele>-4.7</ele><time>2025-09-21T08:18:42Z</time></trkpt>
    <trkpt lat="52.5305782" lon="5.6430381"><ele>-4.0</ele><time>2025-09-21T08:18:44Z</time></trkpt>
    <trkpt lat="52.5305660" lon="5.6428297"><ele>-4.1</ele><time>2025-09-21T08:18:45Z</time></trkpt>
    <trkpt lat="52.5305888" lon="5.6426886"><ele>-4.6</ele><time>2025-09-21T08:18:46Z</time></trkpt>
    <trkpt lat="52.5305569" lon="5.6425488"><ele>-4.1</ele><time>2025-09-21T08:18:47Z</time></trkpt>
    <trkpt lat="52.5305755" lon="5.6424399"><ele>-4.2</ele><time>2025-09-21T08:18:49Z</time></trkpt>
    <trkpt lat="52.5305834" lon="5.6422557"><ele>-4.2</ele><time>2025-09-21T08:18:50Z</time></trkpt>
    <trkpt lat="52.5305690" lon="5.6421555"><ele>-4.4</ele><time>2025-09-21T08:18:51Z</time></trkpt>
    <trkpt lat="52.5305468" lon="5.6419574"><ele>-4.1</ele><time>2025-09-21T08:18:52Z</time></trkpt>
    <trkpt lat="52.5305510" lon="5.6418245"><ele>-4.7</ele><time>2025-09-21T08:18:54Z</time></trkpt>
    <trkpt lat="52.5305684" lon="5.6416505"><ele>-4.6</ele><time>2025-09-21T08:18:55Z</time></trkpt>
    <trkpt lat="52.5305889" lon="5.6415439"><ele>-4.5</ele><time>2025-09-21T08:18:56Z</time></trkpt>
    <trkpt lat="52.5305584" lon="5.6413801"><ele>-3.7</ele><time>2025-09-21T08:18:57Z</time></trkpt>
    <trkpt lat="52.5305621" lon="5.6412081"><ele>-4.2</ele><time>2025-09-21T08:18:59Z</time></trkpt>
    <trkpt lat="52.5306091" lon="5.6410669"><ele>-4.3</ele><time>2025-09-21T08:19:00Z</time></trkpt>
    <trkpt lat="52.5305594" lon="5.6409321"><ele>-4.3</ele><time>2025-09-21T08:19:01Z</time></trkpt>
    <trkpt lat="52.5305672" lon="5.6407766"><ele>-3.8</ele><time>2025-09-21T08:19:02Z</time></trkpt>
    <trkpt lat="52.5305785" lon="5.6406296"><ele>-4.5</ele><time>2025-09-21T08:19:04Z</time></trkpt>
    <trkpt lat="52.5305626" lon="5.6405177"><ele>-4.6</ele><time>2025-09-21T08:19:05Z</time></trkpt>
    <trkpt lat="52.5305898" lon="5.6403426"><ele>-4.4</ele><time>2025-09-21T08:19:06Z</time></trkpt>
    <trkpt lat="52.5305709" lon="5.6401814"><ele>-4.5</ele><time>2025-09-21T08:19:07Z</time></trkpt>
    <trkpt lat="52.5305638" lon="5.6400592"><ele>-4.1</ele><time>2025-09-21T08:19:09Z</time></trkpt>
    <trkpt lat="52.5305797" lon="5.6399258"><ele>-3.6</ele><time>2025-09-21T08:19:10Z</time></trkpt>
    <trkpt lat="52.5305979" lon="5.6397654"><ele>-3.7</ele><time>2025-09-21T08:19:11Z</time></trkpt>
    <trkpt lat="52.5305836" lon="5.6396053"><ele>-4.5</ele><time>2025-09-21T08:19:12Z</time></trkpt>
    <trkpt lat="52.5305719" lon="5.6394595"><ele>-4.5</ele><time>2025-09-21T08:19:14Z</time></trkpt>
    <trkpt lat="52.5305719" lon="5.6393234"><ele>-3.4</ele><time>2025-09-21T08:19:15Z</time></trkpt>
    <trkpt lat="52.5305699" lon="5.6391863"><ele>-4.5</ele><time>2025-09-21T08:19:16Z</time></trkpt>
    <trkpt lat="52.5305639" lon="5.6390100"><ele>-4.5</ele><time>2025-09-21T08:19:17Z</time></trkpt>
    <trkpt lat="52.5305550" lon="5.6388748"><ele>-4.3</ele><time>2025-09-21T08:19:19Z</time></trkpt>
    <trkpt lat="52.5305654" lon="5.6387380"><ele>-4.7</ele><time>2025-09-21T08:19:20Z</time></trkpt>
    <trkpt lat="52.5305848" lon="5.6385688"><ele>-4.5</ele><time>2025-09-21T08:19:21Z</time></trkpt>
    <trkpt lat="52.5305509" lon="5.6384668"><ele>-4.5</ele><time>2025-09-21T08:19:22Z</time></trkpt>
    <trkpt lat="52.5305914" lon="5.6382986"><ele>-4.3</ele><time>2025-09-21T08:19:24Z</time></trkpt>
    <trkpt lat="52.5305695" lon="5.6381013"><ele>-4.6</ele><time>2025-09-21T08:19:25Z</time></trkpt>
    <trkpt lat="52.5305683" lon="5.6379753"><ele>-4.5</ele><time>2025-09-21T08:19:26Z</time></trkpt>
    <trkpt lat="52.5305753" lon="5.6378421"><ele>-4.3</ele><time>2025-09-21T08:19:27Z</time></trkpt>
    <trkpt lat="52.5305709" lon="5.6376564"><ele>-5.3</ele><time>2025-09-21T08:19:29Z</time></trkpt>
    <trkpt lat="52.5305677" lon="5.6375499"><ele>-4.6</ele><time>2025-09-21T08:19:30Z</time></trkpt>
    <trkpt lat="52.5305957" lon="5.6374471"><ele>-3.7</ele><time>2025-09-21T08:19:31Z</time></trkpt>
    <trkpt lat="52.5305668" lon="5.6372584"><ele>-4.0</ele><time>2025-09-21T08:19:32Z</time></trkpt>
    <trkpt lat="52.5305722" lon="5.6371421"><ele>-4.3</ele><time>2025-09-21T08:19:34Z</time></trkpt>
    <trkpt lat="52.5305726" lon="5.6369460"><ele>-3.9</ele><time>2025-09-21T08:19:35Z</time></trkpt>
    <trkpt lat="52.5305877" lon="5.6367915"><ele>-4.2</ele><time>2025-09-21T08:19:36Z</time></trkpt>
    <trkpt lat="52.5305761" lon="5.6367133"><ele>-3.7</ele><time>2025-09-21T08:19:37Z</time></trkpt>
    <trkpt lat="52.5306060" lon="5.6364951"><ele>-4.2</ele><time>2025-09-21T08:19:39Z</time></trkpt>
    <trkpt lat="52.5305937" lon="5.6363679"><ele>-4.1</ele><time>2025-09-21T08:19:40Z</time></trkpt>
    <trkpt lat="52.5305818" lon="5.6361951"><ele>-4.0</ele><time>2025-09-21T08:19:41Z</time></trkpt>
    <trkpt lat="52.5305674" lon="5.6360746"><ele>-4.8</ele><time>2025-09-21T08:19:42Z</time></trkpt>
    <trkpt lat="52.5305678" lon="5.6359645"><ele>-4.1</ele><time>2025-09-21T08:19:44Z</time></trkpt>
    <trkpt lat="52.5305642" lon="5.6357692"><ele>-4.1</ele><time>2025-09-21T08:19:45Z</time></trkpt>
    <trkpt lat="52.5305863" lon="5.6356135"><ele>-4.8</ele><time>2025-09-21T08:19:46Z</time></trkpt>
    <trkpt lat="52.5305896" lon="5.6354987"><ele>-4.4</ele><time>2025-09-21T08:19:47Z</time></trkpt>
    <trkpt lat="52.5305849" lon="5.6353430"><ele>-4.4</ele><time>2025-09-21T08:19:49Z</time></trkpt>
    <trkpt lat="52.5305713" lon="5.6351859"><ele>-3.1</ele><time>2025-09-21T08:19:50Z</time></trkpt>
    <trkpt lat="52.5305716" lon="5.6350256"><ele>-4.4</ele><time>2025-09-21T08:19:51Z</time></trkpt>
    <trkpt lat="52.5305615" lon="5.6348842"><ele>-4.4</ele><time>2025-09-21T08:19:52Z</time></trkpt>
    <trkpt lat="52.5305895" lon="5.6347523"><ele>-3.5</ele><time>2025-09-21T08:19:54Z</time></trkpt>
    <trkpt lat="52.5305609" lon="5.6345733"><ele>-4.2</ele><time>2025-09-21T08:19:55Z</time></trkpt>
    <trkpt lat="52.5305636" lon="5.6344327"><ele>-4.3</ele><time>2025-09-21T08:19:56Z</time></trkpt>
    <trkpt lat="52.5305627" lon="5.6342945"><ele>-4.1</ele><time>2025-09-21T08:19:57Z</time></trkpt>
    <trkpt lat="52.5305704" lon="5.6341424"><ele>-4.1</ele><time>2025-09-21T08:19:59Z</time></trkpt>
    <trkpt lat="52.5305768" lon="5.6340279"><ele>-3.7</ele><time>2025-09-21T08:20:00Z</time></trkpt>
    <trkpt lat="52.5305543" lon="5.6338681"><ele>-3.6</ele><time>2025-09-21T08:20:01Z</time></trkpt>
    <trkpt lat="52.5305849" lon="5.6337801"><ele>-3.5</ele><time>2025-09-21T08:20:02Z</time></trkpt>
    <trkpt lat="52.5305682" lon="5.6335943"><ele>-3.9</ele><time>2025-09-21T08:20:04Z</time></trkpt>
    <trkpt lat="52.5305665" lon="5.6334076"><ele>-4.0</ele><time>2025-09-21T08:20:05Z</time></trkpt>
    <trkpt lat="52.5305654" lon="5.6332774"><ele>-4.7</ele><time>2025-09-21T08:20:06Z</time></trkpt>
    <trkpt lat="52.5305742" lon="5.6331457"><ele>-4.1</ele><time>2025-09-21T08:20:07Z</time></trkpt>
    <trkpt lat="52.5305638" lon="5.6329614"><ele>-4.2</ele><time>2025-09-21T08:20:09Z</time></trkpt>
    <trkpt lat="52.5305904" lon="5.6327925"><ele>-4.2</ele><time>2025-09-21T08:20:10Z</time></trkpt>
    <trkpt lat="52.5305871" lon="5.6327100"><ele>-4.4</ele><time>2025-09-21T08:20:11Z</time></trkpt>
    <trkpt lat="52.5305594" lon="5.6325499"><ele>-4.5</ele><time>2025-09-21T08:20:12Z</time></trkpt>
    <trkpt lat="52.5305672" lon="5.6324206"><ele>-4.5</ele><time>2025-09-21T08:20:14Z</time></trkpt>
    <trkpt lat="52.5305747" lon="5.6322544"><ele>-3.8</ele><time>2025-09-21T08:20:15Z</time></trkpt>
    <trkpt lat="52.5305710" lon="5.6320687"><ele>-4.6</ele><time>2025-09-21T08:20:16Z</time></trkpt>
    <trkpt lat="52.5305707" lon="5.6319499"><ele>-4.5</ele><time>2025-09-21T08:20:17Z</time></trkpt>
    <trkpt lat="52.5305563" lon="5.6317638"><ele>-3.8</ele><time>2025-09-21T08:20:19Z</time></trkpt>
    <trkpt lat="52.5305598" lon="5.6316465"><ele>-4.1</ele><time>2025-09-21T08:20:20Z</time></trkpt>
    <trkpt lat="52.5305868" lon="5.6314827"><ele>-3.8</ele><time>2025-09-21T08:20:21Z</time></trkpt>
    <trkpt lat="52.5305668" lon="5.6313608"><ele>-4.9</ele><time>2025-09-21T08:20:22Z</time></trkpt>
    <trkpt lat="52.5306016" lon="5.6312232"><ele>-4.1</ele><time>2025-09-21T08:20:24Z</time></trkpt>
    <trkpt lat="52.5305852" lon="5.6310534"><ele>-4.3</ele><time>2025-09-21T08:20:25Z</time></trkpt>
    <trkpt lat="52.5305730" lon="5.6308911"><ele>-3.9</ele><time>2025-09-21T08:20:26Z</time></trkpt>
    <trkpt lat="52.5305884" lon="5.6307304"><ele>-3.5</ele><time>2025-09-21T08:20:27Z</time></trkpt>
    <trkpt lat="52.5305681" lon="5.6306227"><ele>-4.7</ele><time>2025-09-21T08:20:29Z</time></trkpt>
    <trkpt lat="52.5305708" lon="5.6304877"><ele>-3.7</ele><time>2025-09-21T08:20:30Z</time></trkpt>
    <trkpt lat="52.5305912" lon="5.6303627"><ele>-4.1</ele><time>2025-09-21T08:20:31Z</time></trkpt>
    <trkpt lat="52.5305923" lon="5.6301412"><ele>-4.3</ele><time>2025-09-21T08:20:32Z</time></trkpt>
    <trkpt lat="52.5305890" lon="5.6300232"><ele>-4.0</ele><time>2025-09-21T08:20:34Z</time></trkpt>
    <trkpt lat="52.5305701" lon="5.6298635"><ele>-4.3</ele><time>2025-09-21T08:20:35Z</time></trkpt>
    <trkpt lat="52.5305589" lon="5.6297358"><ele>-3.6</ele><time>2025-09-21T08:20:36Z</time></trkpt>
    <trkpt lat="52.5305835" lon="5.6295889"><ele>-3.7</ele><time>2025-09-21T08:20:37Z</time></trkpt>
    <trkpt lat="52.5305844" lon="5.6294920"><ele>-4.4</ele><time>2025-09-21T08:20:39Z</time></trkpt>
    <trkpt lat="52.5305864" lon="5.6292875"><ele>-3.5</ele><time>2025-09-21T08:20:40Z</time></trkpt>
    <trkpt lat="52.5306004" lon="5.6291177"><ele>-4.4</ele><time>2025-09-21T08:20:41Z</time></trkpt>
    <trkpt lat="52.5305690" lon="5.6289982"><ele>-3.9</ele><time>2025-09-21T08:20:42Z</time></trkpt>
    <trkpt lat="52.5305742" lon="5.6288508"><ele>-4.5</ele><time>2025-09-21T08:20:44Z</time></trkpt>
    <trkpt lat="52.5305796" lon="5.6287397"><ele>-4.2</ele><time>2025-09-21T08:20:45Z</time></trkpt>
    <trkpt lat="52.5305835" lon="5.6286070"><ele>-3.6</ele><time>2025-09-21T08:20:46Z</time></trkpt>
    <trkpt lat="52.5305767" lon="5.6284071"><ele>-4.2</ele><time>2025-09-21T08:20:47Z</time></trkpt>
    <trkpt lat="52.5305787" lon="5.6282847"><ele>-4.8</ele><time>2025-09-21T08:20:49Z</time></trkpt>
    <trkpt lat="52.5305719" lon="5.6281310"><ele>-4.0</ele><time>2025-09-21T08:20:50Z</time></trkpt>
    <trkpt lat="52.5305712" lon="5.6279921"><ele>-3.9</ele><time>2025-09-21T08:20:51Z</time></trkpt>
    <trkpt lat="52.5305737" lon="5.6278241"><ele>-4.3</ele><time>2025-09-21T08:20:52Z</time></trkpt>
    <trkpt lat="52.5305708" lon="5.6276740"><ele>-3.8</ele><time>2025-09-21T08:20:54Z</time></trkpt>
    <trkpt lat="52.5305826" lon="5.6274785"><ele>-4.2</ele><time>2025-09-21T08:20:55Z</time></trkpt>
    <trkpt lat="52.5305854" lon="5.6273586"><ele>-4.1</ele><time>2025-09-21T08:20:56Z</time></trkpt>
    <trkpt lat="52.5305929" lon="5.6272465"><ele>-4.0</ele><time>2025-09-21T08:20:57Z</time></trkpt>
    <trkpt lat="52.5305536" lon="5.6270521"><ele>-4.1</ele><time>2025-09-21T08:20:59Z</time></trkpt>
    <trkpt lat="52.5306037" lon="5.6269132"><ele>-4.2</ele><time>2025-09-21T08:21:00Z</time></trkpt>
    <trkpt lat="52.5305460" lon="5.6267529"><ele>-4.3</ele><time>2025-09-21T08:21:01Z</time></trkpt>
    <trkpt lat="52.5305815" lon="5.6265919"><ele>-5.0</ele><time>2025-09-21T08:21:02Z</time></trkpt>
    <trkpt lat="52.5305685" lon="5.6265167"><ele>-3.7</ele><time>2025-09-21T08:21:04Z</time></trkpt>
    <trkpt lat="52.5305689" lon="5.6263245"><ele>-3.7</ele><time>2025-09-21T08:21:05Z</time></trkpt>
    <trkpt lat="52.5305840" lon="5.6261674"><ele>-3.5</ele><time>2025-09-21T08:21:06Z</time></trkpt>
    <trkpt lat="52.5305730" lon="5.6260336"><ele>-3.5</ele><time>2025-09-21T08:21:07Z</time></trkpt>
    <trkpt lat="52.5305968" lon="5.6259407"><ele>-4.2</ele><time>2025-09-21T08:21:09Z</time></trkpt>
    <trkpt lat="52.5305728" lon="5.6257528"><ele>-4.3</ele><time>2025-09-21T08:21:10Z</time></trkpt>
    <trkpt lat="52.5305864" lon="5.6256315"><ele>-3.9</ele><time>2025-09-21T08:21:11Z</time></trkpt>
    <trkpt lat="52.5305856" lon="5.6254511"><ele>-3.9</ele><time>2025-09-21T08:21:12Z</time></trkpt>
    <trkpt lat="52.5305916" lon="5.6253239"><ele>-4.3</ele><time>2025-09-21T08:21:14Z</time></trkpt>
    <trkpt lat="52.5305899" lon="5.6251742"><ele>-4.4</ele><time>2025-09-21T08:21:15Z</time></trkpt>
    <trkpt lat="52.5305851" lon="5.6250436"><ele>-3.5</ele><time>2025-09-21T08:21:16Z</time></trkpt>
    <trkpt lat="52.5305675" lon="5.6249053"><ele>-3.4</ele><time>2025-09-21T08:21:17Z</time></trkpt>
    <trkpt lat="52.5305594" lon="5.6247194"><ele>-4.2</ele><time>2025-09-21T08:21:19Z</time></trkpt>
    <trkpt lat="52.5305633" lon="5.6245745"><ele>-3.7</ele><time>2025-09-21T08:21:20Z</time></trkpt>
    <trkpt lat="52.5305836" lon="5.6244461"><ele>-4.6</ele><time>2025-09-21T08:21:21Z</time></trkpt>
    <trkpt lat="52.5305816" lon="5.6243276"><ele>-3.6</ele><time>2025-09-21T08:21:22Z</time></trkpt>
    <trkpt lat="52.5305803" lon="5.6241479"><ele>-3.8</ele><time>2025-09-21T08:21:24Z</time></trkpt>
    <trkpt lat="52.5305938" lon="5.6239964"><ele>-4.3</ele><time>2025-09-21T08:21:25Z</time></trkpt>
    <trkpt lat="52.5305706" lon="5.6238009"><ele>-4.1</ele><time>2025-09-21T08:21:26Z</time></trkpt>
    <trkpt lat="52.5305767" lon="5.6237072"><ele>-3.9</ele><time>2025-09-21T08:21:27Z</time></trkpt>
    <trkpt lat="52.5305731" lon="5.6235606"><ele>-3.9</ele><time>2025-09-21T08:21:29Z</time></trkpt>
    <trkpt lat="52.5305651" lon="5.6234157"><ele>-4.8</ele><time>2025-09-21T08:21:30Z</time></trkpt>
    <trkpt lat="52.5305821" lon="5.6232610"><ele>-3.7</ele><time>2025-09-21T08:21:31Z</time></trkpt>
    <trkpt lat="52.5305793" lon="5.6231333"><ele>-3.6</ele><time>2025-09-21T08:21:32Z</time></trkpt>
    <trkpt lat="52.5305692" lon="5.6229489"><ele>-3.6</ele><time>2025-09-21T08:21:34Z</time></trkpt>
    <trkpt lat="52.5305752" lon="5.6227880"><ele>-4.5</ele><time>2025-09-21T08:21:35Z</time></trkpt>
    <trkpt lat="52.5306039" lon="5.6226403"><ele>-4.8</ele><time>2025-09-21T08:21:36Z</time></trkpt>
    <trkpt lat="52.5305695" lon="5.6225584"><ele>-4.4</ele><time>2025-09-21T08:21:37Z</time></trkpt>
    <trkpt lat="52.5305784" lon="5.6223357"><ele>-3.8</ele><time>2025-09-21T08:21:39Z</time></trkpt>
    <trkpt lat="52.5305633" lon="5.6222376"><ele>-3.4</ele><time>2025-09-21T08:21:40Z</time></trkpt>
    <trkpt lat="52.5305825" lon="5.6220819"><ele>-3.8</ele><time>2025-09-21T08:21:41Z</time></trkpt>
    <trkpt lat="52.5305712" lon="5.6219424"><ele>-3.9</ele><time>2025-09-21T08:21:42Z</time></trkpt>
    <trkpt lat="52.5305790" lon="5.6217670"><ele>-4.5</ele><time>2025-09-21T08:21:44Z</time></trkpt>
    <trkpt lat="52.5305676" lon="5.6216041"><ele>-4.1</ele><time>2025-09-21T08:21:45Z</time></trkpt>
    <trkpt lat="52.5305715" lon="5.6214730"><ele>-4.3</ele><time>2025-09-21T08:21:46Z</time></trkpt>
    <trkpt lat="52.5305988" lon="5.6213417"><ele>-3.8</ele><time>2025-09-21T08:21:47Z</time></trkpt>
    <trkpt lat="52.5305888" lon="5.6212118"><ele>-3.7</ele><time>2025-09-21T08:21:49Z</time></trkpt>
    <trkpt lat="52.5305868" lon="5.6210551"><ele>-3.6</ele><time>2025-09-21T08:21:50Z</time></trkpt>
    <trkpt lat="52.5305719" lon="5.6208951"><ele>-4.1</ele><time>2025-09-21T08:21:51Z</time></trkpt>
    <trkpt lat="52.5305817" lon="5.6207501"><ele>-4.2</ele><time>2025-09-21T08:21:52Z</time></trkpt>
    <trkpt lat="52.5305787" lon="5.6205949"><ele>-3.9</ele><time>2025-09-21T08:21:54Z</time></trkpt>
    <trkpt lat="52.5305558" lon="5.6204544"><ele>-4.2</ele><time>2025-09-21T08:21:55Z</time></trkpt>
    <trkpt lat="52.5305726" lon="5.6203275"><ele>-3.6</ele><time>2025-09-21T08:21:56Z</time></trkpt>
    <trkpt lat="52.5305723" lon="5.6201509"><ele>-3.8</ele><time>2025-09-21T08:21:57Z</time></trkpt>
    <trkpt lat="52.5305717" lon="5.6200397"><ele>-3.5</ele><time>2025-09-21T08:21:59Z</time></trkpt>
    <trkpt lat="52.5305809" lon="5.6198714"><ele>-3.4</ele><time>2025-09-21T08:22:00Z</time></trkpt>
    <trkpt lat="52.5305728" lon="5.6197380"><ele>-4.1</ele><time>2025-09-21T08:22:01Z</time></trkpt>
    <trkpt lat="52.5305904" lon="5.6195528"><ele>-3.9</ele><time>2025-09-21T08:22:02Z</time></trkpt>
    <trkpt lat="52.5305918" lon="5.6194657"><ele>-4.1</ele><time>2025-09-21T08:22:04Z</time></trkpt>
    <trkpt lat="52.5305714" lon="5.6192647"><ele>-3.6</ele><time>2025-09-21T08:22:05Z</time></trkpt>
    <trkpt lat="52.5305908" lon="5.6191278"><ele>-3.6</ele><time>2025-09-21T08:22:06Z</time></trkpt>
    <trkpt lat="52.5305790" lon="5.6190156"><ele>-3.8</ele><time>2025-09-21T08:22:07Z</time></trkpt>
    <trkpt lat="52.5305802" lon="5.6188082"><ele>-4.0</ele><time>2025-09-21T08:22:09Z</time></trkpt>
    <trkpt lat="52.5305525" lon="5.6187087"><ele>-4.2</ele><time>2025-09-21T08:22:10Z</time></trkpt>
    <trkpt lat="52.5305779" lon="5.6185910"><ele>-4.2</ele><time>2025-09-21T08:22:11Z</time></trkpt>
    <trkpt lat="52.5305739" lon="5.6183961"><ele>-4.2</ele><time>2025-09-21T08:22:12Z</time></trkpt>
    <trkpt lat="52.5305793" lon="5.6182594"><ele>-3.6</ele><time>2025-09-21T08:22:14Z</time></trkpt>
    <trkpt lat="52.5305853" lon="5.6181536"><ele>-3.9</ele><time>2025-09-21T08:22:15Z</time></trkpt>
    <trkpt lat="52.5305574" lon="5.6179837"><ele>-3.3</ele><time>2025-09-21T08:22:16Z</time></trkpt>
    <trkpt lat="52.5305695" lon="5.6177798"><ele>-4.0</ele><time>2025-09-21T08:22:17Z</time></trkpt>
    <trkpt lat="52.5305674" lon="5.6176282"><ele>-4.0</ele><time>2025-09-21T08:22:19Z</time></trkpt>
    <trkpt lat="52.5305573" lon="5.6175187"><ele>-5.2</ele><time>2025-09-21T08:22:20Z</time></trkpt>
    <trkpt lat="52.5305537" lon="5.6173767"><ele>-3.9</ele><time>2025-09-21T08:22:21Z</time></trkpt>
    <trkpt lat="52.5305863" lon="5.6172252"><ele>-4.3</ele><time>2025-09-21T08:22:22Z</time></trkpt>
    <trkpt lat="52.5306165" lon="5.6170546"><ele>-4.1</ele><time>2025-09-21T08:22:24Z</time></trkpt>
    <trkpt lat="52.5305584" lon="5.6168982"><ele>-4.1</ele><time>2025-09-21T08:22:25Z</time></trkpt>
    <trkpt lat="52.5305849" lon="5.6168101"><ele>-4.4</ele><time>2025-09-21T08:22:26Z</time></trkpt>
    <trkpt lat="52.5305675" lon="5.6165955"><ele>-4.1</ele><time>2025-09-21T08:22:27Z</time></trkpt>
    <trkpt lat="52.5305821" lon="5.6164844"><ele>-3.6</ele><time>2025-09-21T08:22:29Z</time></trkpt>
    <trkpt lat="52.5305552" lon="5.6163019"><ele>-4.1</ele><time>2025-09-21T08:22:30Z</time></trkpt>
    <trkpt lat="52.5305683" lon="5.6161963"><ele>-3.9</ele><time>2025-09-21T08:22:31Z</time></trkpt>
    <trkpt lat="52.5305909" lon="5.6160342"><ele>-4.1</ele><time>2025-09-21T08:22:32Z</time></trkpt>
    <trkpt lat="52.5305823" lon="5.6158787"><ele>-3.6</ele><time>2025-09-21T08:22:34Z</time></trkpt>
    <trkpt lat="52.5305742" lon="5.6157273"><ele>-4.3</ele><time>2025-09-21T08:22:35Z</time></trkpt>
    <trkpt lat="52.5306079" lon="5.6155695"><ele>-4.3</ele><time>2025-09-21T08:22:36Z</time></trkpt>
    <trkpt lat="52.5305711" lon="5.6154396"><ele>-4.4</ele><time>2025-09-21T08:22:37Z</time></trkpt>
    <trkpt lat="52.5305743" lon="5.6152964"><ele>-3.9</ele><time>2025-09-21T08:22:39Z</time></trkpt>
    <trkpt lat="52.5305569" lon="5.6151398"><ele>-4.1</ele><time>2025-09-21T08:22:40Z</time></trkpt>
    <trkpt lat="52.5305924" lon="5.6150199"><ele>-4.1</ele><time>2025-09-21T08:22:41Z</time></trkpt>
    <trkpt lat="52.5305657" lon="5.6148514"><ele>-3.4</ele><time>2025-09-21T08:22:42Z</time></trkpt>
    <trkpt lat="52.5305687" lon="5.6146969"><ele>-4.1</ele><time>2025-09-21T08:22:44Z</time></trkpt>
    <trkpt lat="52.5305764" lon="5.6145575"><ele>-3.9</ele><time>2025-09-21T08:22:45Z</time></trkpt>
    <trkpt lat="52.5305823" lon="5.6144521"><ele>-3.9</ele><time>2025-09-21T08:22:46Z</time></trkpt>
    <trkpt lat="52.5306049" lon="5.6142358"><ele>-3.8</ele><time>2025-09-21T08:22:47Z</time></trkpt>
    <trkpt lat="52.5305712" lon="5.6141397"><ele>-4.1</ele><time>2025-09-21T08:22:49Z</time></trkpt>
    <trkpt lat="52.5305733" lon="5.6139649"><ele>-4.2</ele><time>2025-09-21T08:22:50Z</time></trkpt>
    <trkpt lat="52.5305897" lon="5.6138429"><ele>-4.0</ele><time>2025-09-21T08:22:51Z</time></trkpt>
    <trkpt lat="52.5305867" lon="5.6136719"><ele>-4.1</ele><time>2025-09-21T08:22:52Z</time></trkpt>
    <trkpt lat="52.5305669" lon="5.6135431"><ele>-3.5</ele><time>2025-09-21T08:22:54Z</time></trkpt>
    <trkpt lat="52.5305830" lon="5.6133736"><ele>-3.4</ele><time>2025-09-21T08:22:55Z</time></trkpt>
    <trkpt lat="52.5305720" lon="5.6132451"><ele>-3.7</ele><time>2025-09-21T08:22:56Z</time></trkpt>
    <trkpt lat="52.5305462" lon="5.6131222"><ele>-4.2</ele><time>2025-09-21T08:22:57Z</time></trkpt>
    <trkpt lat="52.5305869" lon="5.6129385"><ele>-4.6</ele><time>2025-09-21T08:22:59Z</time></trkpt>
    <trkpt lat="52.5305764" lon="5.6128119"><ele>-3.8</ele><time>2025-09-21T08:23:00Z</time></trkpt>
    <trkpt lat="52.5305925" lon="5.6126248"><ele>-3.0</ele><time>2025-09-21T08:23:01Z</time></trkpt>
    <trkpt lat="52.5305834" lon="5.6125024"><ele>-4.4</ele><time>2025-09-21T08:23:02Z</time></trkpt>
    <trkpt lat="52.5305744" lon="5.6122906"><ele>-4.1</ele><time>2025-09-21T08:23:04Z</time></trkpt>
    <trkpt lat="52.5305763" lon="5.6122196"><ele>-4.5</ele><time>2025-09-21T08:23:05Z</time></trkpt>
    <trkpt lat="52.5305901" lon="5.6120089"><ele>-3.6</ele><time>2025-09-21T08:23:06Z</time></trkpt>
    <trkpt lat="52.5305722" lon="5.6119072"><ele>-3.7</ele><time>2025-09-21T08:23:07Z</time></trkpt>
    <trkpt lat="52.5305583" lon="5.6117513"><ele>-3.5</ele><time>2025-09-21T08:23:09Z</time></trkpt>
    <trkpt lat="52.5305700" lon="5.6115851"><ele>-3.5</ele><time>2025-09-21T08:23:10Z</time></trkpt>
    <trkpt lat="52.5305899" lon="5.6114785"><ele>-3.4</ele><time>2025-09-21T08:23:11Z</time></trkpt>
    <trkpt lat="52.5305558" lon="5.6113251"><ele>-4.7</ele><time>2025-09-21T08:23:12Z</time></trkpt>
    <trkpt lat="52.5305853" lon="5.6111251"><ele>-4.6</ele><time>2025-09-21T08:23:14Z</time></trkpt>
    <trkpt lat="52.5305767" lon="5.6110233"><ele>-3.9</ele><time>2025-09-21T08:23:15Z</time></trkpt>
    <trkpt lat="52.5305925" lon="5.6108782"><ele>-3.9</ele><time>2025-09-21T08:23:16Z</time></trkpt>
    <trkpt lat="52.5305743" lon="5.6107548"><ele>-4.0</ele><time>2025-09-21T08:23:17Z</time></trkpt>
    <trkpt lat="52.5305818" lon="5.6105877"><ele>-3.7</ele><time>2025-09-21T08:23:19Z</time></trkpt>
    <trkpt lat="52.5305837" lon="5.6104259"><ele>-2.9</ele><time>2025-09-21T08:23:20Z</time></trkpt>
    <trkpt lat="52.5305838" lon="5.6102303"><ele>-4.1</ele><time>2025-09-21T08:23:21Z</time></trkpt>
    <trkpt lat="52.5305674" lon="5.6101371"><ele>-4.5</ele><time>2025-09-21T08:23:22Z</time></trkpt>
    <trkpt lat="52.5305656" lon="5.6100002"><ele>-3.4</ele><time>2025-09-21T08:23:24Z</time></trkpt>
    <trkpt lat="52.5305988" lon="5.6098542"><ele>-4.0</ele><time>2025-09-21T08:23:25Z</time></trkpt>
    <trkpt lat="52.5305810" lon="5.6096683"><ele>-3.9</ele><time>2025-09-21T08:23:26Z</time></trkpt>
    <trkpt lat="52.5305430" lon="5.6095713"><ele>-4.0</ele><time>2025-09-21T08:23:27Z</time></trkpt>
    <trkpt lat="52.5305763" lon="5.6094373"><ele>-4.8</ele><time>2025-09-21T08:23:29Z</time></trkpt>
    <trkpt lat="52.5305818" lon="5.6092671"><ele>-3.4</ele><time>2025-09-21T08:23:30Z</time></trkpt>
    <trkpt lat="52.5305618" lon="5.6091230"><ele>-3.5</ele><time>2025-09-21T08:23:31Z</time></trkpt>
    <trkpt lat="52.5305914" lon="5.6089786"><ele>-4.1</ele><time>2025-09-21T08:23:32Z</time></trkpt>
    <trkpt lat="52.5305470" lon="5.6088387"><ele>-4.5</ele><time>2025-09-21T08:23:34Z</time></trkpt>
    <trkpt lat="52.5305968" lon="5.6086817"><ele>-3.8</ele><time>2025-09-21T08:23:35Z</time></trkpt>
    <trkpt lat="52.5305730" lon="5.6085248"><ele>-4.2</ele><time>2025-09-21T08:23:36Z</time></trkpt>
    <trkpt lat="52.5305511" lon="5.6083982"><ele>-3.9</ele><time>2025-09-21T08:23:37Z</time></trkpt>
    <trkpt lat="52.5305528" lon="5.6082598"><ele>-4.9</ele><time>2025-09-21T08:23:39Z</time></trkpt>
    <trkpt lat="52.5305752" lon="5.6080572"><ele>-3.8</ele><time>2025-09-21T08:23:40Z</time></trkpt>
    <trkpt lat="52.5305857" lon="5.6079190"><ele>-4.2</ele><time>2025-09-21T08:23:41Z</time></trkpt>
    <trkpt lat="52.5305889" lon="5.6077486"><ele>-4.0</ele><time>2025-09-21T08:23:42Z</time></trkpt>
    <trkpt lat="52.5305529" lon="5.6076223"><ele>-5.0</ele><time>2025-09-21T08:23:44Z</time></trkpt>
    <trkpt lat="52.5305848" lon="5.6074661"><ele>-4.4</ele><time>2025-09-21T08:23:45Z</time></trkpt>
    <trkpt lat="52.5305645" lon="5.6073124"><ele>-3.8</ele><time>2025-09-21T08:23:46Z</time></trkpt>
    <trkpt lat="52.5305917" lon="5.6072080"><ele>-4.3</ele><time>2025-09-21T08:23:47Z</time></trkpt>
    <trkpt lat="52.5305966" lon="5.6070809"><ele>-3.8</ele><time>2025-09-21T08:23:49Z</time></trkpt>
    <trkpt lat="52.5305976" lon="5.6069233"><ele>-3.8</ele><time>2025-09-21T08:23:50Z</time></trkpt>
    <trkpt lat="52.5305822" lon="5.6067336"><ele>-3.8</ele><time>2025-09-21T08:23:51Z</time></trkpt>
    <trkpt lat="52.5306107" lon="5.6066209"><ele>-4.0</ele><time>2025-09-21T08:23:52Z</time></trkpt>
    <trkpt lat="52.5305918" lon="5.6064529"><ele>-4.0</ele><time>2025-09-21T08:23:54Z</time></trkpt>
    <trkpt lat="52.5305794" lon="5.6062833"><ele>-3.6</ele><time>2025-09-21T08:23:55Z</time></trkpt>
    <trkpt lat="52.5305981" lon="5.6061274"><ele>-3.2</ele><time>2025-09-21T08:23:56Z</time></trkpt>
    <trkpt lat="52.5305784" lon="5.6059913"><ele>-3.8</ele><time>2025-09-21T08:23:57Z</time></trkpt>
    <trkpt lat="52.5305788" lon="5.6058814"><ele>-3.7</ele><time>2025-09-21T08:23:59Z</time></trkpt>
    <trkpt lat="52.5305717" lon="5.6057043"><ele>-4.0</ele><time>2025-09-21T08:24:00Z</time></trkpt>
    <trkpt lat="52.5306014" lon="5.6055840"><ele>-3.6</ele><time>2025-09-21T08:24:01Z</time></trkpt>
    <trkpt lat="52.5305801" lon="5.6054035"><ele>-3.2</ele><time>2025-09-21T08:24:02Z</time></trkpt>
    <trkpt lat="52.5305980" lon="5.6053251"><ele>-3.9</ele><time>2025-09-21T08:24:04Z</time></trkpt>
    <trkpt lat="52.5305775" lon="5.6051489"><ele>-4.4</ele><time>2025-09-21T08:24:05Z</time></trkpt>
    <trkpt lat="52.5305695" lon="5.6049861"><ele>-4.5</ele><time>2025-09-21T08:24:06Z</time></trkpt>
    <trkpt lat="52.5305696" lon="5.6048341"><ele>-4.1</ele><time>2025-09-21T08:24:07Z</time></trkpt>
    <trkpt lat="52.5305605" lon="5.6047063"><ele>-3.9</ele><time>2025-09-21T08:24:09Z</time></trkpt>
    <trkpt lat="52.5305788" lon="5.6045509"><ele>-3.9</ele><time>2025-09-21T08:24:10Z</time></trkpt>
    <trkpt lat="52.5305534" lon="5.6043973"><ele>-4.8</ele><time>2025-09-21T08:24:11Z</time></trkpt>
    <trkpt lat="52.5305694" lon="5.6042350"><ele>-4.3</ele><time>2025-09-21T08:24:12Z</time></trkpt>
    <trkpt lat="52.5305693" lon="5.6040832"><ele>-3.3</ele><time>2025-09-21T08:24:14Z</time></trkpt>
    <trkpt lat="52.5305858" lon="5.6039509"><ele>-3.7</ele><time>2025-09-21T08:24:15Z</time></trkpt>
    <trkpt lat="52.5305879" lon="5.6038097"><ele>-4.2</ele><time>2025-09-21T08:24:16Z</time></trkpt>
    <trkpt lat="52.5305588" lon="5.6036544"><ele>-4.0</ele><time>2025-09-21T08:24:17Z</time></trkpt>
    <trkpt lat="52.5305627" lon="5.6035310"><ele>-4.0</ele><time>2025-09-21T08:24:19Z</time></trkpt>
    <trkpt lat="52.5305739" lon="5.6033581"><ele>-4.1</ele><time>2025-09-21T08:24:20Z</time></trkpt>
    <trkpt lat="52.5305578" lon="5.6032228"><ele>-3.9</ele><time>2025-09-21T08:24:21Z</time></trkpt>
    <trkpt lat="52.5305597" lon="5.6031064"><ele>-3.6</ele><time>2025-09-21T08:24:22Z</time></trkpt>
    <trkpt lat="52.5305669" lon="5.6029061"><ele>-3.2</ele><time>2025-09-21T08:24:24Z</time></trkpt>
    <trkpt lat="52.5305831" lon="5.6027894"><ele>-3.3</ele><time>2025-09-21T08:24:25Z</time></trkpt>
    <trkpt lat="52.5305732" lon="5.6026416"><ele>-4.9</ele><time>2025-09-21T08:24:26Z</time></trkpt>
    <trkpt lat="52.5305977" lon="5.6024954"><ele>-4.1</ele><time>2025-09-21T08:24:27Z</time></trkpt>
    <trkpt lat="52.5305512" lon="5.6023053"><ele>-3.7</ele><time>2025-09-21T08:24:29Z</time></trkpt>
    <trkpt lat="52.5305796" lon="5.6021316"><ele>-3.6</ele><time>2025-09-21T08:24:30Z</time></trkpt>
    <trkpt lat="52.5305602" lon="5.6020273"><ele>-4.1</ele><time>2025-09-21T08:24:31Z</time></trkpt>
    <trkpt lat="52.5305587" lon="5.6019248"><ele>-4.3</ele><time>2025-09-21T08:24:32Z</time></trkpt>
    <trkpt lat="52.5305658" lon="5.6017545"><ele>-3.4</ele><time>2025-09-21T08:24:34Z</time></trkpt>
    <trkpt lat="52.5305578" lon="5.6015791"><ele>-4.6</ele><time>2025-09-21T08:24:35Z</time></trkpt>
    <trkpt lat="52.5305893" lon="5.6014430"><ele>-4.0</ele><time>2025-09-21T08:24:36Z</time></trkpt>
    <trkpt lat="52.5305535" lon="5.6012876"><ele>-3.9</ele><time>2025-09-21T08:24:37Z</time></trkpt>
    <trkpt lat="52.5306057" lon="5.6011382"><ele>-4.4</ele><time>2025-09-21T08:24:39Z</time></trkpt>
    <trkpt lat="52.5305567" lon="5.6009756"><ele>-3.9</ele><time>2025-09-21T08:24:40Z</time></trkpt>
    <trkpt lat="52.5305772" lon="5.6008715"><ele>-3.5</ele><time>2025-09-21T08:24:41Z</time></trkpt>
    <trkpt lat="52.5305660" lon="5.6007267"><ele>-3.3</ele><time>2025-09-21T08:24:42Z</time></trkpt>
    <trkpt lat="52.5305770" lon="5.6005463"><ele>-3.9</ele><time>2025-09-21T08:24:44Z</time></trkpt>
    <trkpt lat="52.5305736" lon="5.6004419"><ele>-3.8</ele><time>2025-09-21T08:24:45Z</time></trkpt>
    <trkpt lat="52.5305730" lon="5.6002253"><ele>-3.9</ele><time>2025-09-21T08:24:46Z</time></trkpt>
    <trkpt lat="52.5305505" lon="5.6001555"><ele>-4.4</ele><time>2025-09-21T08:24:47Z</time></trkpt>
    <trkpt lat="52.5306055" lon="5.5999931"><ele>-3.9</ele><time>2025-09-21T08:24:49Z</time></trkpt>
    <trkpt lat="52.5305497" lon="5.5997799"><ele>-4.1</ele><time>2025-09-21T08:24:50Z</time></trkpt>
    <trkpt lat="52.5305806" lon="5.5996598"><ele>-3.5</ele><time>2025-09-21T08:24:51Z</time></trkpt>
    <trkpt lat="52.5305611" lon="5.5995498"><ele>-4.2</ele><time>2025-09-21T08:24:52Z</time></trkpt>
    <trkpt lat="52.5305796" lon="5.5993806"><ele>-3.7</ele><time>2025-09-21T08:24:54Z</time></trkpt>
    <trkpt lat="52.5305879" lon="5.5992287"><ele>-3.7</ele><time>2025-09-21T08:24:55Z</time></trkpt>
    <trkpt lat="52.5305766" lon="5.5990835"><ele>-3.3</ele><time>2025-09-21T08:24:56Z</time></trkpt>
    <trkpt lat="52.5305698" lon="5.5989574"><ele>-4.1</ele><time>2025-09-21T08:24:57Z</time></trkpt>
    <trkpt lat="52.5305790" lon="5.5988168"><ele>-3.9</ele><time>2025-09-21T08:24:59Z</time></trkpt>
    <trkpt lat="52.5305702" lon="5.5986319"><ele>-3.9</ele><time>2025-09-21T08:25:00Z</time></trkpt>
    <trkpt lat="52.5305562" lon="5.5985401"><ele>-3.9</ele><time>2025-09-21T08:25:01Z</time></trkpt>
    <trkpt lat="52.5305550" lon="5.5983327"><ele>-3.0</ele><time>2025-09-21T08:25:02Z</time></trkpt>
    <trkpt lat="52.5305903" lon="5.5981777"><ele>-3.5</ele><time>2025-09-21T08:25:04Z</time></trkpt>
    <trkpt lat="52.5305744" lon="5.5980692"><ele>-4.0</ele><time>2025-09-21T08:25:05Z</time></trkpt>
    <trkpt lat="52.5305790" lon="5.5979225"><ele>-3.7</ele><time>2025-09-21T08:25:06Z</time></trkpt>
    <trkpt lat="52.5305514" lon="5.5977784"><ele>-4.5</ele><time>2025-09-21T08:25:07Z</time></trkpt>
    <trkpt lat="52.5305730" lon="5.5976159"><ele>-4.5</ele><time>2025-09-21T08:25:09Z</time></trkpt>
    <trkpt lat="52.5305802" lon="5.5974905"><ele>-3.8</ele><time>2025-09-21T08:25:10Z</time></trkpt>
    <trkpt lat="52.5305821" lon="5.5973453"><ele>-4.0</ele><time>2025-09-21T08:25:11Z</time></trkpt>
    <trkpt lat="52.5305892" lon="5.5971612"><ele>-4.1</ele><time>2025-09-21T08:25:12Z</time></trkpt>
    <trkpt lat="52.5305607" lon="5.5970109"><ele>-3.7</ele><time>2025-09-21T08:25:14Z</time></trkpt>
    <trkpt lat="52.5305713" lon="5.5968858"><ele>-3.6</ele><time>2025-09-21T08:25:15Z</time></trkpt>
    <trkpt lat="52.5305847" lon="5.5967141"><ele>-4.2</ele><time>2025-09-21T08:25:16Z</time></trkpt>
    <trkpt lat="52.5305707" lon="5.5965819"><ele>-3.9</ele><time>2025-09-21T08:25:17Z</time></trkpt>
    <trkpt lat="52.5305653" lon="5.5964688"><ele>-3.5</ele><time>2025-09-21T08:25:19Z</time></trkpt>
    <trkpt lat="52.5305712" lon="5.5963182"><ele>-4.2</ele><time>2025-09-21T08:25:20Z</time></trkpt>
    <trkpt lat="52.5305724" lon="5.5961177"><ele>-2.8</ele><time>2025-09-21T08:25:21Z</time></trkpt>
    <trkpt lat="52.5305750" lon="5.5959917"><ele>-4.3</ele><time>2025-09-21T08:25:22Z</time></trkpt>
    <trkpt lat="52.5305768" lon="5.5958583"><ele>-3.5</ele><time>2025-09-21T08:25:24Z</time></trkpt>
    <trkpt lat="52.5305870" lon="5.5957477"><ele>-4.3</ele><time>2025-09-21T08:25:25Z</time></trkpt>
    <trkpt lat="52.5305556" lon="5.5955508"><ele>-4.1</ele><time>2025-09-21T08:25:26Z</time></trkpt>
    <trkpt lat="52.5305886" lon="5.5953750"><ele>-4.8</ele><time>2025-09-21T08:25:27Z</time></trkpt>
    <trkpt lat="52.5305749" lon="5.5952724"><ele>-4.6</ele><time>2025-09-21T08:25:29Z</time></trkpt>
    <trkpt lat="52.5305907" lon="5.5951291"><ele>-3.2</ele><time>2025-09-21T08:25:30Z</time></trkpt>
    <trkpt lat="52.5305833" lon="5.5949586"><ele>-3.9</ele><time>2025-09-21T08:25:31Z</time></trkpt>
    <trkpt lat="52.5305730" lon="5.5948491"><ele>-3.5</ele><time>2025-09-21T08:25:32Z</time></trkpt>
    <trkpt lat="52.5305640" lon="5.5946470"><ele>-4.4</ele><time>2025-09-21T08:25:34Z</time></trkpt>
    <trkpt lat="52.5305558" lon="5.5945183"><ele>-3.9</ele><time>2025-09-21T08:25:35Z</time></trkpt>
    <trkpt lat="52.5305540" lon="5.5943621"><ele>-3.8</ele><time>2025-09-21T08:25:36Z</time></trkpt>
    <trkpt lat="52.5305798" lon="5.5942528"><ele>-3.8</ele><time>2025-09-21T08:25:37Z</time></trkpt>
    <trkpt lat="52.5305704" lon="5.5940748"><ele>-4.6</ele><time>2025-09-21T08:25:39Z</time></trkpt>
    <trkpt lat="52.5305501" lon="5.5939766"><ele>-4.3</ele><time>2025-09-21T08:25:40Z</time></trkpt>
    <trkpt lat="52.5305582" lon="5.5937623"><ele>-3.9</ele><time>2025-09-21T08:25:41Z</time></trkpt>
    <trkpt lat="52.5305651" lon="5.5936215"><ele>-3.8</ele><time>2025-09-21T08:25:42Z</time></trkpt>
    <trkpt lat="52.5305575" lon="5.5934637"><ele>-3.8</ele><time>2025-09-21T08:25:44Z</time></trkpt>
    <trkpt lat="52.5305476" lon="5.5933322"><ele>-3.7</ele><time>2025-09-21T08:25:45Z</time></trkpt>
    <trkpt lat="52.5305724" lon="5.5931636"><ele>-3.9</ele><time>2025-09-21T08:25:46Z</time></trkpt>
    <trkpt lat="52.5305762" lon="5.5930549"><ele>-4.1</ele><time>2025-09-21T08:25:47Z</time></trkpt>
    <trkpt lat="52.5305500" lon="5.5929004"><ele>-3.8</ele><time>2025-09-21T08:25:49Z</time></trkpt>
    <trkpt lat="52.5305823" lon="5.5927116"><ele>-4.2</ele><time>2025-09-21T08:25:50Z</time></trkpt>
    <trkpt lat="52.5305716" lon="5.5926257"><ele>-3.7</ele><time>2025-09-21T08:25:51Z</time></trkpt>
    <trkpt lat="52.5305689" lon="5.5924487"><ele>-3.7</ele><time>2025-09-21T08:25:52Z</time></trkpt>
    <trkpt lat="52.5305670" lon="5.5923260"><ele>-5.0</ele><time>2025-09-21T08:25:54Z</time></trkpt>
    <trkpt lat="52.5305819" lon="5.5921674"><ele>-3.4</ele><time>2025-09-21T08:25:55Z</time></trkpt>
    <trkpt lat="52.5305867" lon="5.5920111"><ele>-5.4</ele><time>2025-09-21T08:25:56Z</time></trkpt>
    <trkpt lat="52.5305635" lon="5.5918604"><ele>-3.1</ele><time>2025-09-21T08:25:57Z</time></trkpt>
    <trkpt lat="52.5306074" lon="5.5917166"><ele>-3.9</ele><time>2025-09-21T08:25:59Z</time></trkpt>
    <trkpt lat="52.5305641" lon="5.5915650"><ele>-4.3</ele><time>2025-09-21T08:26:00Z</time></trkpt>
    <trkpt lat="52.5305741" lon="5.5914303"><ele>-4.3</ele><time>2025-09-21T08:26:01Z</time></trkpt>
    <trkpt lat="52.5305864" lon="5.5913197"><ele>-4.1</ele><time>2025-09-21T08:26:02Z</time></trkpt>
    <trkpt lat="52.5305697" lon="5.5911445"><ele>-4.1</ele><time>2025-09-21T08:26:04Z</time></trkpt>
    <trkpt lat="52.5305629" lon="5.5909663"><ele>-3.2</ele><time>2025-09-21T08:26:05Z</time></trkpt>
    <trkpt lat="52.5305702" lon="5.5908758"><ele>-4.1</ele><time>2025-09-21T08:26:06Z</time></trkpt>
    <trkpt lat="52.5305603" lon="5.5907162"><ele>-3.6</ele><time>2025-09-21T08:26:07Z</time></trkpt>
    <trkpt lat="52.5305773" lon="5.5905090"><ele>-3.6</ele><time>2025-09-21T08:26:09Z</time></trkpt>
    <trkpt lat="52.5305934" lon="5.5904147"><ele>-3.4</ele><time>2025-09-21T08:26:10Z</time></trkpt>
    <trkpt lat="52.5305531" lon="5.5902391"><ele>-4.9</ele><time>2025-09-21T08:26:11Z</time></trkpt>
    <trkpt lat="52.5305697" lon="5.5900774"><ele>-4.2</ele><time>2025-09-21T08:26:12Z</time></trkpt>
    <trkpt lat="52.5305779" lon="5.5900171"><ele>-3.8</ele><time>2025-09-21T08:26:14Z</time></trkpt>
    <trkpt lat="52.5305690" lon="5.5898094"><ele>-3.8</ele><time>2025-09-21T08:26:15Z</time></trkpt>
    <trkpt lat="52.5305726" lon="5.5896847"><ele>-3.5</ele><time>2025-09-21T08:26:16Z</time></trkpt>
    <trkpt lat="52.5305747" lon="5.5895441"><ele>-3.6</ele><time>2025-09-21T08:26:17Z</time></trkpt>
    <trkpt lat="52.5305881" lon="5.5893725"><ele>-3.6</ele><time>2025-09-21T08:26:19Z</time></trkpt>
    <trkpt lat="52.5305882" lon="5.5892226"><ele>-3.4</ele><time>2025-09-21T08:26:20Z</time></trkpt>
    <trkpt lat="52.5305552" lon="5.5890755"><ele>-3.2</ele><time>2025-09-21T08:26:21Z</time></trkpt>
    <trkpt lat="52.5305819" lon="5.5889286"><ele>-3.8</ele><time>2025-09-21T08:26:22Z</time></trkpt>
    <trkpt lat="52.5305558" lon="5.5887691"><ele>-3.9</ele><time>2025-09-21T08:26:24Z</time></trkpt>
    <trkpt lat="52.5305791" lon="5.5886241"><ele>-4.0</ele><time>2025-09-21T08:26:25Z</time></trkpt>
    <trkpt lat="52.5305822" lon="5.5884802"><ele>-3.9</ele><time>2025-09-21T08:26:26Z</time></trkpt>
    <trkpt lat="52.5305784" lon="5.5883205"><ele>-4.0</ele><time>2025-09-21T08:26:27Z</time></trkpt>
    <trkpt lat="52.5305572" lon="5.5881632"><ele>-4.3</ele><time>2025-09-21T08:26:29Z</time></trkpt>
    <trkpt lat="52.5305408" lon="5.5880256"><ele>-4.5</ele><time>2025-09-21T08:26:30Z</time></trkpt>
    <trkpt lat="52.5305660" lon="5.5878780"><ele>-4.0</ele><time>2025-09-21T08:26:31Z</time></trkpt>
    <trkpt lat="52.5305567" lon="5.5877571"><ele>-3.3</ele><time>2025-09-21T08:26:32Z</time></trkpt>
    <trkpt lat="52.5305383" lon="5.5876050"><ele>-3.9</ele><time>2025-09-21T08:26:34Z</time></trkpt>
    <trkpt lat="52.5305785" lon="5.5874270"><ele>-3.2</ele><time>2025-09-21T08:26:35Z</time></trkpt>
    <trkpt lat="52.5305727" lon="5.5872704"><ele>-4.4</ele><time>2025-09-21T08:26:36Z</time></trkpt>
    <trkpt lat="52.5305800" lon="5.5871212"><ele>-3.6</ele><time>2025-09-21T08:26:37Z</time></trkpt>
    <trkpt lat="52.5305657" lon="5.5869919"><ele>-4.4</ele><time>2025-09-21T08:26:39Z</time></trkpt>
    <trkpt lat="52.5305678" lon="5.5868447"><ele>-4.0</ele><time>2025-09-21T08:26:40Z</time></trkpt>
    <trkpt lat="52.5305738" lon="5.5867285"><ele>-3.9</ele><time>2025-09-21T08:26:41Z</time></trkpt>
    <trkpt lat="52.5305796" lon="5.5865674"><ele>-3.7</ele><time>2025-09-21T08:26:42Z</time></trkpt>
    <trkpt lat="52.5305683" lon="5.5863870"><ele>-3.7</ele><time>2025-09-21T08:26:44Z</time></trkpt>
    <trkpt lat="52.5305508" lon="5.5862528"><ele>-4.3</ele><time>2025-09-21T08:26:45Z</time></trkpt>
    <trkpt lat="52.5305678" lon="5.5860953"><ele>-4.0</ele><time>2025-09-21T08:26:46Z</time></trkpt>
    <trkpt lat="52.5305443" lon="5.5859876"><ele>-3.7</ele><time>2025-09-21T08:26:47Z</time></trkpt>
    <trkpt lat="52.5306072" lon="5.5858466"><ele>-4.0</ele><time>2025-09-21T08:26:49Z</time></trkpt>
    <trkpt lat="52.5305467" lon="5.5856978"><ele>-3.5</ele><time>2025-09-21T08:26:50Z</time></trkpt>
    <trkpt lat="52.5305744" lon="5.5855707"><ele>-4.2</ele><time>2025-09-21T08:26:51Z</time></trkpt>
    <trkpt lat="52.5305574" lon="5.5854202"><ele>-3.2</ele><time>2025-09-21T08:26:52Z</time></trkpt>
    <trkpt lat="52.5305771" lon="5.5852145"><ele>-3.8</ele><time>2025-09-21T08:26:54Z</time></trkpt>
    <trkpt lat="52.5305624" lon="5.5850957"><ele>-4.3</ele><time>2025-09-21T08:26:55Z</time></trkpt>
    <trkpt lat="52.5305768" lon="5.5849754"><ele>-4.3</ele><time>2025-09-21T08:26:56Z</time></trkpt>
    <trkpt lat="52.5305810" lon="5.5847671"><ele>-3.4</ele><time>2025-09-21T08:26:57Z</time></trkpt>
    <trkpt lat="52.5305644" lon="5.5846481"><ele>-3.7</ele><time>2025-09-21T08:26:59Z</time></trkpt>
    <trkpt lat="52.5305872" lon="5.5845132"><ele>-4.0</ele><time>2025-09-21T08:27:00Z</time></trkpt>
    <trkpt lat="52.5305693" lon="5.5843388"><ele>-4.5</ele><time>2025-09-21T08:27:01Z</time></trkpt>
    <trkpt lat="52.5305627" lon="5.5841826"><ele>-4.0</ele><time>2025-09-21T08:27:02Z</time></trkpt>
    <trkpt lat="52.5305506" lon="5.5840615"><ele>-4.1</ele><time>2025-09-21T08:27:04Z</time></trkpt>
    <trkpt lat="52.5305464" lon="5.5839573"><ele>-4.1</ele><time>2025-09-21T08:27:05Z</time></trkpt>
    <trkpt lat="52.5305787" lon="5.5837543"><ele>-4.2</ele><time>2025-09-21T08:27:06Z</time></trkpt>
    <trkpt lat="52.5305624" lon="5.5836691"><ele>-3.8</ele><time>2025-09-21T08:27:07Z</time></trkpt>
    <trkpt lat="52.5305890" lon="5.5834739"><ele>-3.7</ele><time>2025-09-21T08:27:09Z</time></trkpt>
    <trkpt lat="52.5305706" lon="5.5832918"><ele>-4.2</ele><time>2025-09-21T08:27:10Z</time></trkpt>
    <trkpt lat="52.5305773" lon="5.5832018"><ele>-3.8</ele><time>2025-09-21T08:27:11Z</time></trkpt>
    <trkpt lat="52.5305600" lon="5.5830264"><ele>-3.5</ele><time>2025-09-21T08:27:12Z</time></trkpt>
    <trkpt lat="52.5306010" lon="5.5829016"><ele>-4.0</ele><time>2025-09-21T08:27:14Z</time></trkpt>
    <trkpt lat="52.5305551" lon="5.5827590"><ele>-3.7</ele><time>2025-09-21T08:27:15Z</time></trkpt>
    <trkpt lat="52.5305550" lon="5.5825866"><ele>-4.2</ele><time>2025-09-21T08:27:16Z</time></trkpt>
    <trkpt lat="52.5305666" lon="5.5824414"><ele>-4.0</ele><time>2025-09-21T08:27:17Z</time></trkpt>
    <trkpt lat="52.5305696" lon="5.5822852"><ele>-4.1</ele><time>2025-09-21T08:27:19Z</time></trkpt>
    <trkpt lat="52.5305713" lon="5.5821060"><ele>-3.2</ele><time>2025-09-21T08:27:20Z</time></trkpt>
    <trkpt lat="52.5305716" lon="5.5819928"><ele>-4.2</ele><time>2025-09-21T08:27:21Z</time></trkpt>
    <trkpt lat="52.5305564" lon="5.5818314"><ele>-4.4</ele><time>2025-09-21T08:27:22Z</time></trkpt>
    <trkpt lat="52.5305568" lon="5.5817028"><ele>-3.8</ele><time>2025-09-21T08:27:24Z</time></trkpt>
    <trkpt lat="52.5305498" lon="5.5815571"><ele>-3.0</ele><time>2025-09-21T08:27:25Z</time></trkpt>
    <trkpt lat="52.5305711" lon="5.5813992"><ele>-4.1</ele><time>2025-09-21T08:27:26Z</time></trkpt>
    <trkpt lat="52.5305687" lon="5.5812338"><ele>-3.7</ele><time>2025-09-21T08:27:27Z</time></trkpt>
    <trkpt lat="52.5305696" lon="5.5810654"><ele>-3.9</ele><time>2025-09-21T08:27:29Z</time></trkpt>
    <trkpt lat="52.5305421" lon="5.5810063"><ele>-4.2</ele><time>2025-09-21T08:27:30Z</time></trkpt>
    <trkpt lat="52.5305589" lon="5.5808431"><ele>-3.6</ele><time>2025-09-21T08:27:31Z</time></trkpt>
    <trkpt lat="52.5305532" lon="5.5806482"><ele>-3.6</ele><time>2025-09-21T08:27:32Z</time></trkpt>
    <trkpt lat="52.5305541" lon="5.5805107"><ele>-3.9</ele><time>2025-09-21T08:27:34Z</time></trkpt>
    <trkpt lat="52.5305673" lon="5.5804022"><ele>-3.0</ele><time>2025-09-21T08:27:35Z</time></trkpt>
    <trkpt lat="52.5305915" lon="5.5801995"><ele>-3.8</ele><time>2025-09-21T08:27:36Z</time></trkpt>
    <trkpt lat="52.5305789" lon="5.5801007"><ele>-4.0</ele><time>2025-09-21T08:27:37Z</time></trkpt>
    <trkpt lat="52.5305504" lon="5.5799270"><ele>-4.2</ele><time>2025-09-21T08:27:39Z</time></trkpt>
    <trkpt lat="52.5305822" lon="5.5797703"><ele>-4.1</ele><time>2025-09-21T08:27:40Z</time></trkpt>
    <trkpt lat="52.5305675" lon="5.5796465"><ele>-3.0</ele><time>2025-09-21T08:27:41Z</time></trkpt>
    <trkpt lat="52.5305557" lon="5.5794735"><ele>-3.6</ele><time>2025-09-21T08:27:42Z</time></trkpt>
    <trkpt lat="52.5305689" lon="5.5793046"><ele>-4.3</ele><time>2025-09-21T08:27:44Z</time></trkpt>
    <trkpt lat="52.5305654" lon="5.5791779"><ele>-3.1</ele><time>2025-09-21T08:27:45Z</time></trkpt>
    <trkpt lat="52.5305797" lon="5.5790692"><ele>-3.7</ele><time>2025-09-21T08:27:46Z</time></trkpt>
    <trkpt lat="52.5305589" lon="5.5789134"><ele>-3.8</ele><time>2025-09-21T08:27:47Z</time></trkpt>
    <trkpt lat="52.5305768" lon="5.5787522"><ele>-3.6</ele><time>2025-09-21T08:27:49Z</time></trkpt>
    <trkpt lat="52.5305501" lon="5.5785815"><ele>-3.3</ele><time>2025-09-21T08:27:50Z</time></trkpt>
    <trkpt lat="52.5305845" lon="5.5784352"><ele>-2.8</ele><time>2025-09-21T08:27:51Z</time></trkpt>
    <trkpt lat="52.5305724" lon="5.5783364"><ele>-4.0</ele><time>2025-09-21T08:27:52Z</time></trkpt>
    <trkpt lat="52.5305804" lon="5.5781692"><ele>-2.7</ele><time>2025-09-21T08:27:54Z</time></trkpt>
    <trkpt lat="52.5305656" lon="5.5780379"><ele>-3.3</ele><time>2025-09-21T08:27:55Z</time></trkpt>
    <trkpt lat="52.5305858" lon="5.5778705"><ele>-3.8</ele><time>2025-09-21T08:27:56Z</time></trkpt>
    <trkpt lat="52.5305783" lon="5.5777282"><ele>-4.0</ele><time>2025-09-21T08:27:57Z</time></trkpt>
    <trkpt lat="52.5305669" lon="5.5775611"><ele>-3.9</ele><time>2025-09-21T08:27:59Z</time></trkpt>
    <trkpt lat="52.5305781" lon="5.5774203"><ele>-3.8</ele><time>2025-09-21T08:28:00Z</time></trkpt>
    <trkpt lat="52.5305631" lon="5.5772877"><ele>-3.8</ele><time>2025-09-21T08:28:01Z</time></trkpt>
    <trkpt lat="52.5305636" lon="5.5771495"><ele>-4.0</ele><time>2025-09-21T08:28:02Z</time></trkpt>
    <trkpt lat="52.5305709" lon="5.5769924"><ele>-4.1</ele><time>2025-09-21T08:28:04Z</time></trkpt>
    <trkpt lat="52.5305735" lon="5.5768579"><ele>-3.1</ele><time>2025-09-21T08:28:05Z</time></trkpt>
    <trkpt lat="52.5305501" lon="5.5766659"><ele>-3.8</ele><time>2025-09-21T08:28:06Z</time></trkpt>
    <trkpt lat="52.5305804" lon="5.5765871"><ele>-3.9</ele><time>2025-09-21T08:28:07Z</time></trkpt>
    <trkpt lat="52.5305716" lon="5.5763804"><ele>-4.1</ele><time>2025-09-21T08:28:09Z</time></trkpt>
    <trkpt lat="52.5305685" lon="5.5762316"><ele>-4.2</ele><time>2025-09-21T08:28:10Z</time></trkpt>
    <trkpt lat="52.5305573" lon="5.5760954"><ele>-4.0</ele><time>2025-09-21T08:28:11Z</time></trkpt>
    <trkpt lat="52.5305679" lon="5.5759657"><ele>-3.8</ele><time>2025-09-21T08:28:12Z</time></trkpt>
    <trkpt lat="52.5305474" lon="5.5757842"><ele>-3.9</ele><time>2025-09-21T08:28:14Z</time></trkpt>
    <trkpt lat="52.5305758" lon="5.5756597"><ele>-4.5</ele><time>2025-09-21T08:28:15Z</time></trkpt>
    <trkpt lat="52.5305653" lon="5.5755330"><ele>-4.3</ele><time>2025-09-21T08:28:16Z</time></trkpt>
    <trkpt lat="52.5305605" lon="5.5753523"><ele>-3.4</ele><time>2025-09-21T08:28:17Z</time></trkpt>
    <trkpt lat="52.5305712" lon="5.5752080"><ele>-4.3</ele><time>2025-09-21T08:28:19Z</time></trkpt>
    <trkpt lat="52.5305568" lon="5.5750402"><ele>-4.6</ele><time>2025-09-21T08:28:20Z</time></trkpt>
    <trkpt lat="52.5305635" lon="5.5749159"><ele>-3.2</ele><time>2025-09-21T08:28:21Z</time></trkpt>
    <trkpt lat="52.5305815" lon="5.5747650"><ele>-3.6</ele><time>2025-09-21T08:28:22Z</time></trkpt>
    <trkpt lat="52.5305692" lon="5.5746463"><ele>-4.0</ele><time>2025-09-21T08:28:24Z</time></trkpt>
    <trkpt lat="52.5305822" lon="5.5744918"><ele>-4.2</ele><time>2025-09-21T08:28:25Z</time></trkpt>
    <trkpt lat="52.5305582" lon="5.5743058"><ele>-4.5</ele><time>2025-09-21T08:28:26Z</time></trkpt>
    <trkpt lat="52.5305618" lon="5.5741765"><ele>-4.2</ele><time>2025-09-21T08:28:27Z</time></trkpt>
    <trkpt lat="52.5305825" lon="5.5740344"><ele>-3.9</ele><time>2025-09-21T08:28:29Z</time></trkpt>
    <trkpt lat="52.5305640" lon="5.5739164"><ele>-3.9</ele><time>2025-09-21T08:28:30Z</time></trkpt>
    <trkpt lat="52.5305829" lon="5.5737138"><ele>-3.8</ele><time>2025-09-21T08:28:31Z</time></trkpt>
    <trkpt lat="52.5305649" lon="5.5736294"><ele>-4.2</ele><time>2025-09-21T08:28:32Z</time></trkpt>
    <trkpt lat="52.5305510" lon="5.5734957"><ele>-4.7</ele><time>2025-09-21T08:28:34Z</time></trkpt>
    <trkpt lat="52.5305516" lon="5.5733195"><ele>-4.4</ele><time>2025-09-21T08:28:35Z</time></trkpt>
    <trkpt lat="52.5305550" lon="5.5731607"><ele>-3.2</ele><time>2025-09-21T08:28:36Z</time></trkpt>
    <trkpt lat="52.5305953" lon="5.5730541"><ele>-4.1</ele><time>2025-09-21T08:28:37Z</time></trkpt>
    <trkpt lat="52.5305570" lon="5.5728806"><ele>-4.1</ele><time>2025-09-21T08:28:39Z</time></trkpt>
    <trkpt lat="52.5305631" lon="5.5727073"><ele>-3.8</ele><time>2025-09-21T08:28:40Z</time></trkpt>
    <trkpt lat="52.5305845" lon="5.5725581"><ele>-4.5</ele><time>2025-09-21T08:28:41Z</time></trkpt>
    <trkpt lat="52.5305440" lon="5.5724269"><ele>-3.7</ele><time>2025-09-21T08:28:42Z</time></trkpt>
    <trkpt lat="52.5305864" lon="5.5722974"><ele>-3.7</ele><time>2025-09-21T08:28:44Z</time></trkpt>
    <trkpt lat="52.5305567" lon="5.5721273"><ele>-4.1</ele><time>2025-09-21T08:28:45Z</time></trkpt>
    <trkpt lat="52.5305553" lon="5.5719797"><ele>-4.4</ele><time>2025-09-21T08:28:46Z</time></trkpt>
    <trkpt lat="52.5305724" lon="5.5718573"><ele>-3.7</ele><time>2025-09-21T08:28:47Z</time></trkpt>
    <trkpt lat="52.5305745" lon="5.5716720"><ele>-4.1</ele><time>2025-09-21T08:28:49Z</time></trkpt>
    <trkpt lat="52.5305661" lon="5.5715435"><ele>-3.9</ele><time>2025-09-21T08:28:50Z</time></trkpt>
    <trkpt lat="52.5305746" lon="5.5713725"><ele>-4.2</ele><time>2025-09-21T08:28:51Z</time></trkpt>
    <trkpt lat="52.5305777" lon="5.5712749"><ele>-4.0</ele><time>2025-09-21T08:28:52Z</time></trkpt>
    <trkpt lat="52.5305767" lon="5.5711026"><ele>-3.9</ele><time>2025-09-21T08:28:54Z</time></trkpt>
    <trkpt lat="52.5305690" lon="5.5709197"><ele>-4.0</ele><time>2025-09-21T08:28:55Z</time></trkpt>
    <trkpt lat="52.5305933" lon="5.5707930"><ele>-3.9</ele><time>2025-09-21T08:28:56Z</time></trkpt>
    <trkpt lat="52.5305749" lon="5.5706186"><ele>-3.5</ele><time>2025-09-21T08:28:57Z</time></trkpt>
    <trkpt lat="52.5305645" lon="5.5704846"><ele>-4.2</ele><time>2025-09-21T08:28:59Z</time></trkpt>
    <trkpt lat="52.5305807" lon="5.5703617"><ele>-2.8</ele><time>2025-09-21T08:29:00Z</time></trkpt>
    <trkpt lat="52.5305671" lon="5.5702030"><ele>-3.3</ele><time>2025-09-21T08:29:01Z</time></trkpt>
    <trkpt lat="52.5305772" lon="5.5700555"><ele>-4.2</ele><time>2025-09-21T08:29:02Z</time></trkpt>
    <trkpt lat="52.5305536" lon="5.5699846"><ele>-3.6</ele><time>2025-09-21T08:29:04Z</time></trkpt>
    <trkpt lat="52.5305782" lon="5.5698027"><ele>-3.3</ele><time>2025-09-21T08:29:05Z</time></trkpt>
    <trkpt lat="52.5305653" lon="5.5696399"><ele>-3.6</ele><time>2025-09-21T08:29:06Z</time></trkpt>
    <trkpt lat="52.5305679" lon="5.5694912"><ele>-3.5</ele><time>2025-09-21T08:29:07Z</time></trkpt>
    <trkpt lat="52.5305536" lon="5.5693182"><ele>-3.3</ele><time>2025-09-21T08:29:09Z</time></trkpt>
    <trkpt lat="52.5305870" lon="5.5691812"><ele>-3.1</ele><time>2025-09-21T08:29:10Z</time></trkpt>
    <trkpt lat="52.5305872" lon="5.5690201"><ele>1.1</ele><time>2025-09-21T08:29:11Z</time></trkpt>
    <trkpt lat="52.5305411" lon="5.5688915"><ele>1.5</ele><time>2025-09-21T08:29:12Z</time></trkpt>
    <trkpt lat="52.5305472" lon="5.5687291"><ele>2.0</ele><time>2025-09-21T08:29:14Z</time></trkpt>
    <trkpt lat="52.5305255" lon="5.5685569"><ele>3.4</ele><time>2025-09-21T08:29:15Z</time></trkpt>
    <trkpt lat="52.5304521" lon="5.5684918"><ele>3.3</ele><time>2025-09-21T08:29:16Z</time></trkpt>
    <trkpt lat="52.5304009" lon="5.5684214"><ele>4.4</ele><time>2025-09-21T08:29:18Z</time></trkpt>
    <trkpt lat="52.5303062" lon="5.5683329"><ele>4.4</ele><time>2025-09-21T08:29:19Z</time></trkpt>
    <trkpt lat="52.5302381" lon="5.5682985"><ele>4.9</ele><time>2025-09-21T08:29:20Z</time></trkpt>
    <trkpt lat="52.5301623" lon="5.5682695"><ele>3.9</ele><time>2025-09-21T08:29:21Z</time></trkpt>
    <trkpt lat="52.5300491" lon="5.5682296"><ele>4.6</ele><time>2025-09-21T08:29:23Z</time></trkpt>
    <trkpt lat="52.5299338" lon="5.5682783"><ele>4.0</ele><time>2025-09-21T08:29:24Z</time></trkpt>
    <trkpt lat="52.5298840" lon="5.5682711"><ele>5.0</ele><time>2025-09-21T08:29:25Z</time></trkpt>
    <trkpt lat="52.5297656" lon="5.5683162"><ele>4.3</ele><time>2025-09-21T08:29:26Z</time></trkpt>
    <trkpt lat="52.5296759" lon="5.5682404"><ele>4.0</ele><time>2025-09-21T08:29:28Z</time></trkpt>
    <trkpt lat="52.5295910" lon="5.5682762"><ele>4.6</ele><time>2025-09-21T08:29:29Z</time></trkpt>
    <trkpt lat="52.5295089" lon="5.5683106"><ele>4.3</ele><time>2025-09-21T08:29:30Z</time></trkpt>
    <trkpt lat="52.5294202" lon="5.5682797"><ele>4.4</ele><time>2025-09-21T08:29:31Z</time></trkpt>
    <trkpt lat="52.5293345" lon="5.5682645"><ele>4.3</ele><time>2025-09-21T08:29:33Z</time></trkpt>
    <trkpt lat="52.5292453" lon="5.5682894"><ele>4.9</ele><time>2025-09-21T08:29:34Z</time></trkpt>
    <trkpt lat="52.5291602" lon="5.5682920"><ele>4.5</ele><time>2025-09-21T08:29:35Z</time></trkpt>
    <trkpt lat="52.5290712" lon="5.5682697"><ele>4.2</ele><time>2025-09-21T08:29:36Z</time></trkpt>
    <trkpt lat="52.5289960" lon="5.5682888"><ele>4.2</ele><time>2025-09-21T08:29:38Z</time></trkpt>
    <trkpt lat="52.5288920" lon="5.5682948"><ele>4.5</ele><time>2025-09-21T08:29:39Z</time></trkpt>
    <trkpt lat="52.5287877" lon="5.5683040"><ele>4.0</ele><time>2025-09-21T08:29:40Z</time></trkpt>
    <trkpt lat="52.5287104" lon="5.5682919"><ele>4.6</ele><time>2025-09-21T08:29:41Z</time></trkpt>
    <trkpt lat="52.5285995" lon="5.5683006"><ele>4.2</ele><time>2025-09-21T08:29:43Z</time></trkpt>
    <trkpt lat="52.5285204" lon="5.5683204"><ele>4.9</ele><time>2025-09-21T08:29:44Z</time></trkpt>
    <trkpt lat="52.5284085" lon="5.5682900"><ele>4.3</ele><time>2025-09-21T08:29:45Z</time></trkpt>
    <trkpt lat="52.5283470" lon="5.5683422"><ele>4.8</ele><time>2025-09-21T08:29:46Z</time></trkpt>
    <trkpt lat="52.5282530" lon="5.5682525"><ele>4.1</ele><time>2025-09-21T08:29:48Z</time></trkpt>
    <trkpt lat="52.5281665" lon="5.5682747"><ele>4.2</ele><time>2025-09-21T08:29:49Z</time></trkpt>
    <trkpt lat="52.5280828" lon="5.5682505"><ele>4.7</ele><time>2025-09-21T08:29:50Z</time></trkpt>
    <trkpt lat="52.5279756" lon="5.5682703"><ele>4.9</ele><time>2025-09-21T08:29:51Z</time></trkpt>
    <trkpt lat="52.5279111" lon="5.5682782"><ele>4.8</ele><time>2025-09-21T08:29:53Z</time></trkpt>
    <trkpt lat="52.5278189" lon="5.5682753"><ele>3.8</ele><time>2025-09-21T08:29:54Z</time></trkpt>
    <trkpt lat="52.5277162" lon="5.5682609"><ele>4.9</ele><time>2025-09-21T08:29:55Z</time></trkpt>
    <trkpt lat="52.5276329" lon="5.5683003"><ele>4.2</ele><time>2025-09-21T08:29:56Z</time></trkpt>
    <trkpt lat="52.5275609" lon="5.5682803"><ele>4.8</ele><time>2025-09-21T08:29:58Z</time></trkpt>
    <trkpt lat="52.5274474" lon="5.5683055"><ele>4.0</ele><time>2025-09-21T08:29:59Z</time></trkpt>
    <trkpt lat="52.5273734" lon="5.5682738"><ele>4.2</ele><time>2025-09-21T08:30:00Z</time></trkpt>
    <trkpt lat="52.5272729" lon="5.5683100"><ele>3.8</ele><time>2025-09-21T08:30:01Z</time></trkpt>
    <trkpt lat="52.5271693" lon="5.5682837"><ele>4.4</ele><time>2025-09-21T08:30:03Z</time></trkpt>
    <trkpt lat="52.5270676" lon="5.5683147"><ele>3.9</ele><time>2025-09-21T08:30:04Z</time></trkpt>
    <trkpt lat="52.5269981" lon="5.5682750"><ele>4.6</ele><time>2025-09-21T08:30:05Z</time></trkpt>
    <trkpt lat="52.5268949" lon="5.5682855"><ele>4.4</ele><time>2025-09-21T08:30:06Z</time></trkpt>
    <trkpt lat="52.5268235" lon="5.5683294"><ele>4.8</ele><time>2025-09-21T08:30:08Z</time></trkpt>
    <trkpt lat="52.5267300" lon="5.5682906"><ele>3.9</ele><time>2025-09-21T08:30:09Z</time></trkpt>
    <trkpt lat="52.5266708" lon="5.5682937"><ele>3.8</ele><time>2025-09-21T08:30:10Z</time></trkpt>
    <trkpt lat="52.5265299" lon="5.5682962"><ele>4.8</ele><time>2025-09-21T08:30:11Z</time></trkpt>
    <trkpt lat="52.5264559" lon="5.5682903"><ele>4.0</ele><time>2025-09-21T08:30:13Z</time></trkpt>
    <trkpt lat="52.5263852" lon="5.5682708"><ele>4.4</ele><time>2025-09-21T08:30:14Z</time></trkpt>
    <trkpt lat="52.5262848" lon="5.5682822"><ele>4.3</ele><time>2025-09-21T08:30:15Z</time></trkpt>
    <trkpt lat="52.5261675" lon="5.5682788"><ele>5.3</ele><time>2025-09-21T08:30:16Z</time></trkpt>
    <trkpt lat="52.5261061" lon="5.5682894"><ele>4.3</ele><time>2025-09-21T08:30:18Z</time></trkpt>
    <trkpt lat="52.5260179" lon="5.5682605"><ele>4.3</ele><time>2025-09-21T08:30:19Z</time></trkpt>
    <trkpt lat="52.5259041" lon="5.5682847"><ele>5.4</ele><time>2025-09-21T08:30:20Z</time></trkpt>
    <trkpt lat="52.5258326" lon="5.5682818"><ele>4.9</ele><time>2025-09-21T08:30:21Z</time></trkpt>
    <trkpt lat="52.5257407" lon="5.5682591"><ele>4.0</ele><time>2025-09-21T08:30:23Z</time></trkpt>
    <trkpt lat="52.5256599" lon="5.5682654"><ele>5.0</ele><time>2025-09-21T08:30:24Z</time></trkpt>
    <trkpt lat="52.5255461" lon="5.5682941"><ele>4.5</ele><time>2025-09-21T08:30:25Z</time></trkpt>
    <trkpt lat="52.5254634" lon="5.5683008"><ele>4.4</ele><time>2025-09-21T08:30:26Z</time></trkpt>
    <trkpt lat="52.5253899" lon="5.5682886"><ele>4.3</ele><time>2025-09-21T08:30:28Z</time></trkpt>
    <trkpt lat="52.5252816" lon="5.5682505"><ele>4.4</ele><time>2025-09-21T08:30:29Z</time></trkpt>
    <trkpt lat="52.5252029" lon="5.5682796"><ele>4.9</ele><time>2025-09-21T08:30:30Z</time></trkpt>
    <trkpt lat="52.5251145" lon="5.5682839"><ele>4.2</ele><time>2025-09-21T08:30:31Z</time></trkpt>
    <trkpt lat="52.5250267" lon="5.5682825"><ele>4.0</ele><time>2025-09-21T08:30:33Z</time></trkpt>
    <trkpt lat="52.5249182" lon="5.5683064"><ele>4.4</ele><time>2025-09-21T08:30:34Z</time></trkpt>
    <trkpt lat="52.5248474" lon="5.5682969"><ele>4.5</ele><time>2025-09-21T08:30:35Z</time></trkpt>
    <trkpt lat="52.5247754" lon="5.5682712"><ele>4.5</ele><time>2025-09-21T08:30:36Z</time></trkpt>
    <trkpt lat="52.5246608" lon="5.5682858"><ele>4.6</ele><time>2025-09-21T08:30:38Z</time></trkpt>
    <trkpt lat="52.5245623" lon="5.5682792"><ele>4.1</ele><time>2025-09-21T08:30:39Z</time></trkpt>
    <trkpt lat="52.5244895" lon="5.5682603"><ele>5.2</ele><time>2025-09-21T08:30:40Z</time></trkpt>
    <trkpt lat="52.5243923" lon="5.5682893"><ele>4.4</ele><time>2025-09-21T08:30:41Z</time></trkpt>
    <trkpt lat="52.5243257" lon="5.5682770"><ele>4.6</ele><time>2025-09-21T08:30:43Z</time></trkpt>
    <trkpt lat="52.5242243" lon="5.5682971"><ele>3.4</ele><time>2025-09-21T08:30:44Z</time></trkpt>
    <trkpt lat="52.5241200" lon="5.5683001"><ele>4.5</ele><time>2025-09-21T08:30:45Z</time></trkpt>
    <trkpt lat="52.5240397" lon="5.5682881"><ele>4.7</ele><time>2025-09-21T08:30:46Z</time></trkpt>
    <trkpt lat="52.5239354" lon="5.5683218"><ele>4.7</ele><time>2025-09-21T08:30:48Z</time></trkpt>
    <trkpt lat="52.5238436" lon="5.5683061"><ele>4.4</ele><time>2025-09-21T08:30:49Z</time></trkpt>
    <trkpt lat="52.5237643" lon="5.5682995"><ele>4.5</ele><time>2025-09-21T08:30:50Z</time></trkpt>
    <trkpt lat="52.5237073" lon="5.5682919"><ele>4.3</ele><time>2025-09-21T08:30:51Z</time></trkpt>
    <trkpt lat="52.5235840" lon="5.5682630"><ele>3.8</ele><time>2025-09-21T08:30:53Z</time></trkpt>
    <trkpt lat="52.5234660" lon="5.5682725"><ele>5.0</ele><time>2025-09-21T08:30:54Z</time></trkpt>
    <trkpt lat="52.5233989" lon="5.5683036"><ele>3.6</ele><time>2025-09-21T08:30:55Z</time></trkpt>
    <trkpt lat="52.5232980" lon="5.5682605"><ele>5.7</ele><time>2025-09-21T08:30:56Z</time></trkpt>
    <trkpt lat="52.5232219" lon="5.5682537"><ele>4.8</ele><time>2025-09-21T08:30:58Z</time></trkpt>
    <trkpt lat="52.5231271" lon="5.5682993"><ele>4.3</ele><time>2025-09-21T08:30:59Z</time></trkpt>
    <trkpt lat="52.5230398" lon="5.5683087"><ele>3.9</ele><time>2025-09-21T08:31:00Z</time></trkpt>
    <trkpt lat="52.5229444" lon="5.5682713"><ele>5.1</ele><time>2025-09-21T08:31:01Z</time></trkpt>
    <trkpt lat="52.5228394" lon="5.5682830"><ele>4.3</ele><time>2025-09-21T08:31:03Z</time></trkpt>
    <trkpt lat="52.5227600" lon="5.5683055"><ele>4.3</ele><time>2025-09-21T08:31:04Z</time></trkpt>
    <trkpt lat="52.5226858" lon="5.5682591"><ele>4.5</ele><time>2025-09-21T08:31:05Z</time></trkpt>
    <trkpt lat="52.5225946" lon="5.5682751"><ele>4.7</ele><time>2025-09-21T08:31:06Z</time></trkpt>
    <trkpt lat="52.5225021" lon="5.5682726"><ele>4.7</ele><time>2025-09-21T08:31:08Z</time></trkpt>
    <trkpt lat="52.5223915" lon="5.5682813"><ele>4.7</ele><time>2025-09-21T08:31:09Z</time></trkpt>
    <trkpt lat="52.5223288" lon="5.5682859"><ele>4.6</ele><time>2025-09-21T08:31:10Z</time></trkpt>
    <trkpt lat="52.5222145" lon="5.5683221"><ele>5.3</ele><time>2025-09-21T08:31:11Z</time></trkpt>
    <trkpt lat="52.5221531" lon="5.5682984"><ele>4.1</ele><time>2025-09-21T08:31:13Z</time></trkpt>
    <trkpt lat="52.5220520" lon="5.5682887"><ele>4.7</ele><time>2025-09-21T08:31:14Z</time></trkpt>
    <trkpt lat="52.5219631" lon="5.5682514"><ele>3.7</ele><time>2025-09-21T08:31:15Z</time></trkpt>
    <trkpt lat="52.5218649" lon="5.5683349"><ele>4.2</ele><time>2025-09-21T08:31:16Z</time></trkpt>
    <trkpt lat="52.5217923" lon="5.5682765"><ele>4.9</ele><time>2025-09-21T08:31:18Z</time></trkpt>
    <trkpt lat="52.5216709" lon="5.5683025"><ele>4.3</ele><time>2025-09-21T08:31:19Z</time></trkpt>
    <trkpt lat="52.5216060" lon="5.5682934"><ele>4.8</ele><time>2025-09-21T08:31:20Z</time></trkpt>
    <trkpt lat="52.5215102" lon="5.5682772"><ele>3.7</ele><time>2025-09-21T08:31:21Z</time></trkpt>
    <trkpt lat="52.5214330" lon="5.5682861"><ele>4.6</ele><time>2025-09-21T08:31:23Z</time></trkpt>
    <trkpt lat="52.5213343" lon="5.5682705"><ele>4.5</ele><time>2025-09-21T08:31:24Z</time></trkpt>
    <trkpt lat="52.5212378" lon="5.5682683"><ele>4.6</ele><time>2025-09-21T08:31:25Z</time></trkpt>
    <trkpt lat="52.5211810" lon="5.5683031"><ele>4.1</ele><time>2025-09-21T08:31:26Z</time></trkpt>
    <trkpt lat="52.5210762" lon="5.5682820"><ele>4.3</ele><time>2025-09-21T08:31:28Z</time></trkpt>
    <trkpt lat="52.5209500" lon="5.5683066"><ele>5.2</ele><time>2025-09-21T08:31:29Z</time></trkpt>
    <trkpt lat="52.5208869" lon="5.5683103"><ele>4.0</ele><time>2025-09-21T08:31:30Z</time></trkpt>
    <trkpt lat="52.5207849" lon="5.5682804"><ele>5.1</ele><time>2025-09-21T08:31:31Z</time></trkpt>
    <trkpt lat="52.5207091" lon="5.5682783"><ele>4.7</ele><time>2025-09-21T08:31:33Z</time></trkpt>
    <trkpt lat="52.5206071" lon="5.5682817"><ele>3.6</ele><time>2025-09-21T08:31:34Z</time></trkpt>
    <trkpt lat="52.5205459" lon="5.5683078"><ele>4.6</ele><time>2025-09-21T08:31:35Z</time></trkpt>
    <trkpt lat="52.5204426" lon="5.5682699"><ele>4.4</ele><time>2025-09-21T08:31:36Z</time></trkpt>
    <trkpt lat="52.5203419" lon="5.5682291"><ele>3.7</ele><time>2025-09-21T08:31:38Z</time></trkpt>
    <trkpt lat="52.5202406" lon="5.5682830"><ele>4.8</ele><time>2025-09-21T08:31:39Z</time></trkpt>
    <trkpt lat="52.5201685" lon="5.5682556"><ele>4.4</ele><time>2025-09-21T08:31:40Z</time></trkpt>
    <trkpt lat="52.5200773" lon="5.5682553"><ele>4.2</ele><time>2025-09-21T08:31:41Z</time></trkpt>
    <trkpt lat="52.5199672" lon="5.5682680"><ele>4.5</ele><time>2025-09-21T08:31:43Z</time></trkpt>
    <trkpt lat="52.5198948" lon="5.5682767"><ele>4.5</ele><time>2025-09-21T08:31:44Z</time></trkpt>
    <trkpt lat="52.5198036" lon="5.5683221"><ele>4.5</ele><time>2025-09-21T08:31:45Z</time></trkpt>
    <trkpt lat="52.5197107" lon="5.5683208"><ele>5.0</ele><time>2025-09-21T08:31:46Z</time></trkpt>
    <trkpt lat="52.5196015" lon="5.5683009"><ele>5.1</ele><time>2025-09-21T08:31:48Z</time></trkpt>
    <trkpt lat="52.5195218" lon="5.5682874"><ele>4.4</ele><time>2025-09-21T08:31:49Z</time></trkpt>
    <trkpt lat="52.5194505" lon="5.5682944"><ele>5.3</ele><time>2025-09-21T08:31:50Z</time></trkpt>
    <trkpt lat="52.5193620" lon="5.5682529"><ele>4.3</ele><time>2025-09-21T08:31:51Z</time></trkpt>
    <trkpt lat="52.5192616" lon="5.5682811"><ele>4.2</ele><time>2025-09-21T08:31:53Z</time></trkpt>
    <trkpt lat="52.5191800" lon="5.5683265"><ele>4.5</ele><time>2025-09-21T08:31:54Z</time></trkpt>
    <trkpt lat="52.5190674" lon="5.5682979"><ele>4.4</ele><time>2025-09-21T08:31:55Z</time></trkpt>
    <trkpt lat="52.5189852" lon="5.5682798"><ele>5.0</ele><time>2025-09-21T08:31:56Z</time></trkpt>
    <trkpt lat="52.5189164" lon="5.5682956"><ele>4.3</ele><time>2025-09-21T08:31:58Z</time></trkpt>
    <trkpt lat="52.5188180" lon="5.5682936"><ele>4.7</ele><time>2025-09-21T08:31:59Z</time></trkpt>
    <trkpt lat="52.5187348" lon="5.5682944"><ele>4.2</ele><time>2025-09-21T08:32:00Z</time></trkpt>
    <trkpt lat="52.5186443" lon="5.5683025"><ele>4.7</ele><time>2025-09-21T08:32:01Z</time></trkpt>
    <trkpt lat="52.5185520" lon="5.5682852"><ele>4.5</ele><time>2025-09-21T08:32:03Z</time></trkpt>
    <trkpt lat="52.5184587" lon="5.5682986"><ele>4.3</ele><time>2025-09-21T08:32:04Z</time></trkpt>
    <trkpt lat="52.5183707" lon="5.5682806"><ele>4.1</ele><time>2025-09-21T08:32:05Z</time></trkpt>
    <trkpt lat="52.5182778" lon="5.5682382"><ele>4.3</ele><time>2025-09-21T08:32:06Z</time></trkpt>
    <trkpt lat="52.5181972" lon="5.5682970"><ele>4.6</ele><time>2025-09-21T08:32:08Z</time></trkpt>
    <trkpt lat="52.5181016" lon="5.5682866"><ele>3.8</ele><time>2025-09-21T08:32:09Z</time></trkpt>
    <trkpt lat="52.5179976" lon="5.5683045"><ele>4.2</ele><time>2025-09-21T08:32:10Z</time></trkpt>
    <trkpt lat="52.5179111" lon="5.5683031"><ele>4.1</ele><time>2025-09-21T08:32:11Z</time></trkpt>
    <trkpt lat="52.5178162" lon="5.5682865"><ele>4.8</ele><time>2025-09-21T08:32:13Z</time></trkpt>
    <trkpt lat="52.5177384" lon="5.5682681"><ele>4.9</ele><time>2025-09-21T08:32:14Z</time></trkpt>
    <trkpt lat="52.5176802" lon="5.5682987"><ele>4.9</ele><time>2025-09-21T08:32:15Z</time></trkpt>
    <trkpt lat="52.5175439" lon="5.5682998"><ele>4.7</ele><time>2025-09-21T08:32:16Z</time></trkpt>
    <trkpt lat="52.5174828" lon="5.5683197"><ele>4.7</ele><time>2025-09-21T08:32:18Z</time></trkpt>
    <trkpt lat="52.5173787" lon="5.5683068"><ele>4.6</ele><time>2025-09-21T08:32:19Z</time></trkpt>
    <trkpt lat="52.5172909" lon="5.5683015"><ele>5.0</ele><time>2025-09-21T08:32:20Z</time></trkpt>
    <trkpt lat="52.5172174" lon="5.5682745"><ele>4.3</ele><time>2025-09-21T08:32:21Z</time></trkpt>
    <trkpt lat="52.5171068" lon="5.5682709"><ele>4.2</ele><time>2025-09-21T08:32:23Z</time></trkpt>
    <trkpt lat="52.5170293" lon="5.5682879"><ele>5.0</ele><time>2025-09-21T08:32:24Z</time></trkpt>
    <trkpt lat="52.5168958" lon="5.5683106"><ele>5.0</ele><time>2025-09-21T08:32:25Z</time></trkpt>
    <trkpt lat="52.5168464" lon="5.5682777"><ele>5.0</ele><time>2025-09-21T08:32:26Z</time></trkpt>
    <trkpt lat="52.5167745" lon="5.5683171"><ele>4.5</ele><time>2025-09-21T08:32:28Z</time></trkpt>
    <trkpt lat="52.5166493" lon="5.5682729"><ele>5.3</ele><time>2025-09-21T08:32:29Z</time></trkpt>
    <trkpt lat="52.5165741" lon="5.5682863"><ele>4.3</ele><time>2025-09-21T08:32:30Z</time></trkpt>
    <trkpt lat="52.5165017" lon="5.5682744"><ele>5.0</ele><time>2025-09-21T08:32:31Z</time></trkpt>
    <trkpt lat="52.5164008" lon="5.5682983"><ele>4.2</ele><time>2025-09-21T08:32:33Z</time></trkpt>
    <trkpt lat="52.5162950" lon="5.5682918"><ele>4.9</ele><time>2025-09-21T08:32:34Z</time></trkpt>
    <trkpt lat="52.5162049" lon="5.5683216"><ele>3.8</ele><time>2025-09-21T08:32:35Z</time></trkpt>
    <trkpt lat="52.5161496" lon="5.5683122"><ele>4.1</ele><time>2025-09-21T08:32:36Z</time></trkpt>
    <trkpt lat="52.5160367" lon="5.5683346"><ele>4.6</ele><time>2025-09-21T08:32:38Z</time></trkpt>
    <trkpt lat="52.5159401" lon="5.5682608"><ele>3.9</ele><time>2025-09-21T08:32:39Z</time></trkpt>
    <trkpt lat="52.5158831" lon="5.5683089"><ele>4.6</ele><time>2025-09-21T08:32:40Z</time></trkpt>
    <trkpt lat="52.5157547" lon="5.5682797"><ele>4.4</ele><time>2025-09-21T08:32:41Z</time></trkpt>
    <trkpt lat="52.5156921" lon="5.5682984"><ele>4.5</ele><time>2025-09-21T08:32:43Z</time></trkpt>
    <trkpt lat="52.5155697" lon="5.5682979"><ele>4.1</ele><time>2025-09-21T08:32:44Z</time></trkpt>
    <trkpt lat="52.5154919" lon="5.5683001"><ele>4.4</ele><time>2025-09-21T08:32:45Z</time></trkpt>
    <trkpt lat="52.5154247" lon="5.5683062"><ele>4.1</ele><time>2025-09-21T08:32:46Z</time></trkpt>
    <trkpt lat="52.5153263" lon="5.5683103"><ele>4.3</ele><time>2025-09-21T08:32:48Z</time></trkpt>
    <trkpt lat="52.5152073" lon="5.5682676"><ele>4.6</ele><time>2025-09-21T08:32:49Z</time></trkpt>
    <trkpt lat="52.5151388" lon="5.5682981"><ele>4.8</ele><time>2025-09-21T08:32:50Z</time></trkpt>
    <trkpt lat="52.5150617" lon="5.5683182"><ele>5.2</ele><time>2025-09-21T08:32:51Z</time></trkpt>
    <trkpt lat="52.5149565" lon="5.5682954"><ele>4.1</ele><time>2025-09-21T08:32:53Z</time></trkpt>
    <trkpt lat="52.5148640" lon="5.5682705"><ele>4.1</ele><time>2025-09-21T08:32:54Z</time></trkpt>
    <trkpt lat="52.5147644" lon="5.5683252"><ele>5.2</ele><time>2025-09-21T08:32:55Z</time></trkpt>
    <trkpt lat="52.5146827" lon="5.5682808"><ele>4.9</ele><time>2025-09-21T08:32:56Z</time></trkpt>
    <trkpt lat="52.5146133" lon="5.5683052"><ele>4.2</ele><time>2025-09-21T08:32:58Z</time></trkpt>
    <trkpt lat="52.5144994" lon="5.5683128"><ele>4.7</ele><time>2025-09-21T08:32:59Z</time></trkpt>
    <trkpt lat="52.5144036" lon="5.5682670"><ele>4.4</ele><time>2025-09-21T08:33:00Z</time></trkpt>
    <trkpt lat="52.5143112" lon="5.5683065"><ele>4.1</ele><time>2025-09-21T08:33:01Z</time></trkpt>
    <trkpt lat="52.5142278" lon="5.5682576"><ele>5.1</ele><time>2025-09-21T08:33:03Z</time></trkpt>
    <trkpt lat="52.5141197" lon="5.5682838"><ele>3.9</ele><time>2025-09-21T08:33:04Z</time></trkpt>
    <trkpt lat="52.5140494" lon="5.5682728"><ele>4.6</ele><time>2025-09-21T08:33:05Z</time></trkpt>
    <trkpt lat="52.5139589" lon="5.5683163"><ele>4.7</ele><time>2025-09-21T08:33:06Z</time></trkpt>
    <trkpt lat="52.5138845" lon="5.5682955"><ele>4.9</ele><time>2025-09-21T08:33:08Z</time></trkpt>
    <trkpt lat="52.5137638" lon="5.5683149"><ele>4.8</ele><time>2025-09-21T08:33:09Z</time></trkpt>
    <trkpt lat="52.5136656" lon="5.5682899"><ele>4.7</ele><time>2025-09-21T08:33:10Z</time></trkpt>
    <trkpt lat="52.5135896" lon="5.5682923"><ele>3.7</ele><time>2025-09-21T08:33:11Z</time></trkpt>
    <trkpt lat="52.5135202" lon="5.5683085"><ele>4.7</ele><time>2025-09-21T08:33:13Z</time></trkpt>
    <trkpt lat="52.5134529" lon="5.5682999"><ele>4.2</ele><time>2025-09-21T08:33:14Z</time></trkpt>
    <trkpt lat="52.5133378" lon="5.5682996"><ele>5.1</ele><time>2025-09-21T08:33:15Z</time></trkpt>
    <trkpt lat="52.5132392" lon="5.5683259"><ele>5.0</ele><time>2025-09-21T08:33:16Z</time></trkpt>
    <trkpt lat="52.5131680" lon="5.5682838"><ele>3.9</ele><time>2025-09-21T08:33:18Z</time></trkpt>
    <trkpt lat="52.5130801" lon="5.5682591"><ele>4.7</ele><time>2025-09-21T08:33:19Z</time></trkpt>
    <trkpt lat="52.5129543" lon="5.5682899"><ele>4.3</ele><time>2025-09-21T08:33:20Z</time></trkpt>
    <trkpt lat="52.5128971" lon="5.5682859"><ele>4.5</ele><time>2025-09-21T08:33:21Z</time></trkpt>
    <trkpt lat="52.5127871" lon="5.5682553"><ele>4.0</ele><time>2025-09-21T08:33:23Z</time></trkpt>
    <trkpt lat="52.5126911" lon="5.5682833"><ele>4.9</ele><time>2025-09-21T08:33:24Z</time></trkpt>
    <trkpt lat="52.5126150" lon="5.5683237"><ele>4.2</ele><time>2025-09-21T08:33:25Z</time></trkpt>
    <trkpt lat="52.5125273" lon="5.5682779"><ele>5.4</ele><time>2025-09-21T08:33:26Z</time></trkpt>
    <trkpt lat="52.5124445" lon="5.5683199"><ele>5.0</ele><time>2025-09-21T08:33:28Z</time></trkpt>
    <trkpt lat="52.5123412" lon="5.5682862"><ele>4.7</ele><time>2025-09-21T08:33:29Z</time></trkpt>
    <trkpt lat="52.5122745" lon="5.5682740"><ele>4.3</ele><time>2025-09-21T08:33:30Z</time></trkpt>
    <trkpt lat="52.5121808" lon="5.5682717"><ele>4.4</ele><time>2025-09-21T08:33:31Z</time></trkpt>
    <trkpt lat="52.5120970" lon="5.5682931"><ele>5.1</ele><time>2025-09-21T08:33:33Z</time></trkpt>
    <trkpt lat="52.5120046" lon="5.5682851"><ele>3.9</ele><time>2025-09-21T08:33:34Z</time></trkpt>
    <trkpt lat="52.5119016" lon="5.5683311"><ele>4.5</ele><time>2025-09-21T08:33:35Z</time></trkpt>
    <trkpt lat="52.5118148" lon="5.5683334"><ele>3.8</ele><time>2025-09-21T08:33:36Z</time></trkpt>
    <trkpt lat="52.5117314" lon="5.5683079"><ele>4.9</ele><time>2025-09-21T08:33:38Z</time></trkpt>
    <trkpt lat="52.5116245" lon="5.5683349"><ele>4.0</ele><time>2025-09-21T08:33:39Z</time></trkpt>
    <trkpt lat="52.5115329" lon="5.5682660"><ele>4.3</ele><time>2025-09-21T08:33:40Z</time></trkpt>
    <trkpt lat="52.5114719" lon="5.5683044"><ele>4.3</ele><time>2025-09-21T08:33:41Z</time></trkpt>
    <trkpt lat="52.5113603" lon="5.5682722"><ele>4.6</ele><time>2025-09-21T08:33:43Z</time></trkpt>
    <trkpt lat="52.5112887" lon="5.5683162"><ele>4.7</ele><time>2025-09-21T08:33:44Z</time></trkpt>
    <trkpt lat="52.5111703" lon="5.5683075"><ele>4.6</ele><time>2025-09-21T08:33:45Z</time></trkpt>
    <trkpt lat="52.5110854" lon="5.5683230"><ele>5.2</ele><time>2025-09-21T08:33:46Z</time></trkpt>
    <trkpt lat="52.5110108" lon="5.5683013"><ele>3.8</ele><time>2025-09-21T08:33:48Z</time></trkpt>
    <trkpt lat="52.5109089" lon="5.5683257"><ele>4.3</ele><time>2025-09-21T08:33:49Z</time></trkpt>
    <trkpt lat="52.5108240" lon="5.5683058"><ele>4.2</ele><time>2025-09-21T08:33:50Z</time></trkpt>
    <trkpt lat="52.5107362" lon="5.5682732"><ele>4.8</ele><time>2025-09-21T08:33:51Z</time></trkpt>
    <trkpt lat="52.5106374" lon="5.5683056"><ele>4.4</ele><time>2025-09-21T08:33:53Z</time></trkpt>
    <trkpt lat="52.5105443" lon="5.5682603"><ele>4.2</ele><time>2025-09-21T08:33:54Z</time></trkpt>
    <trkpt lat="52.5104307" lon="5.5682985"><ele>4.0</ele><time>2025-09-21T08:33:55Z</time></trkpt>
    <trkpt lat="52.5103462" lon="5.5682908"><ele>4.0</ele><time>2025-09-21T08:33:56Z</time></trkpt>
    <trkpt lat="52.5102781" lon="5.5683341"><ele>4.3</ele><time>2025-09-21T08:33:58Z</time></trkpt>
    <trkpt lat="52.5101774" lon="5.5683028"><ele>4.5</ele><time>2025-09-21T08:33:59Z</time></trkpt>
    <trkpt lat="52.5100876" lon="5.5682912"><ele>4.5</ele><time>2025-09-21T08:34:00Z</time></trkpt>
    <trkpt lat="52.5100117" lon="5.5683169"><ele>4.0</ele><time>2025-09-21T08:34:01Z</time></trkpt>
    <trkpt lat="52.5099132" lon="5.5683041"><ele>4.3</ele><time>2025-09-21T08:34:03Z</time></trkpt>
    <trkpt lat="52.5098379" lon="5.5683060"><ele>4.8</ele><time>2025-09-21T08:34:04Z</time></trkpt>
    <trkpt lat="52.5097752" lon="5.5682940"><ele>4.9</ele><time>2025-09-21T08:34:05Z</time></trkpt>
    <trkpt lat="52.5096758" lon="5.5683189"><ele>5.0</ele><time>2025-09-21T08:34:06Z</time></trkpt>
    <trkpt lat="52.5095785" lon="5.5683373"><ele>4.3</ele><time>2025-09-21T08:34:08Z</time></trkpt>
    <trkpt lat="52.5094880" lon="5.5683218"><ele>4.8</ele><time>2025-09-21T08:34:09Z</time></trkpt>
    <trkpt lat="52.5093915" lon="5.5683324"><ele>4.2</ele><time>2025-09-21T08:34:10Z</time></trkpt>
    <trkpt lat="52.5092804" lon="5.5682994"><ele>4.0</ele><time>2025-09-21T08:34:11Z</time></trkpt>
    <trkpt lat="52.5092149" lon="5.5683479"><ele>5.0</ele><time>2025-09-21T08:34:13Z</time></trkpt>
    <trkpt lat="52.5091241" lon="5.5682753"><ele>4.3</ele><time>2025-09-21T08:34:14Z</time></trkpt>
    <trkpt lat="52.5090336" lon="5.5683195"><ele>5.0</ele><time>2025-09-21T08:34:15Z</time></trkpt>
    <trkpt lat="52.5089508" lon="5.5682869"><ele>4.9</ele><time>2025-09-21T08:34:16Z</time></trkpt>
    <trkpt lat="52.5088295" lon="5.5683123"><ele>4.0</ele><time>2025-09-21T08:34:18Z</time></trkpt>
    <trkpt lat="52.5087325" lon="5.5682677"><ele>4.8</ele><time>2025-09-21T08:34:19Z</time></trkpt>
    <trkpt lat="52.5086537" lon="5.5682687"><ele>4.6</ele><time>2025-09-21T08:34:20Z</time></trkpt>
    <trkpt lat="52.5085807" lon="5.5682936"><ele>5.0</ele><time>2025-09-21T08:34:21Z</time></trkpt>
    <trkpt lat="52.5084933" lon="5.5682933"><ele>4.9</ele><time>2025-09-21T08:34:23Z</time></trkpt>
    <trkpt lat="52.5084080" lon="5.5683041"><ele>4.5</ele><time>2025-09-21T08:34:24Z</time></trkpt>
    <trkpt lat="52.5083170" lon="5.5683088"><ele>4.4</ele><time>2025-09-21T08:34:25Z</time></trkpt>
    <trkpt lat="52.5082224" lon="5.5683013"><ele>4.9</ele><time>2025-09-21T08:34:26Z</time></trkpt>
    <trkpt lat="52.5081402" lon="5.5682820"><ele>4.6</ele><time>2025-09-21T08:34:28Z</time></trkpt>
    <trkpt lat="52.5080539" lon="5.5683102"><ele>4.2</ele><time>2025-09-21T08:34:29Z</time></trkpt>
    <trkpt lat="52.5079305" lon="5.5682860"><ele>4.6</ele><time>2025-09-21T08:34:30Z</time></trkpt>
    <trkpt lat="52.5078358" lon="5.5683165"><ele>4.7</ele><time>2025-09-21T08:34:31Z</time></trkpt>
    <trkpt lat="52.5077688" lon="5.5682795"><ele>5.4</ele><time>2025-09-21T08:34:33Z</time></trkpt>
    <trkpt lat="52.5076762" lon="5.5683307"><ele>4.9</ele><time>2025-09-21T08:34:34Z</time></trkpt>
    <trkpt lat="52.5075547" lon="5.5683232"><ele>4.2</ele><time>2025-09-21T08:34:35Z</time></trkpt>
    <trkpt lat="52.5075039" lon="5.5683230"><ele>4.1</ele><time>2025-09-21T08:34:36Z</time></trkpt>
    <trkpt lat="52.5074121" lon="5.5683166"><ele>4.5</ele><time>2025-09-21T08:34:38Z</time></trkpt>
    <trkpt lat="52.5073421" lon="5.5683067"><ele>4.8</ele><time>2025-09-21T08:34:39Z</time></trkpt>
    <trkpt lat="52.5072041" lon="5.5683263"><ele>4.4</ele><time>2025-09-21T08:34:40Z</time></trkpt>
    <trkpt lat="52.5071402" lon="5.5683248"><ele>4.5</ele><time>2025-09-21T08:34:41Z</time></trkpt>
    <trkpt lat="52.5070514" lon="5.5682865"><ele>4.5</ele><time>2025-09-21T08:34:43Z</time></trkpt>
    <trkpt lat="52.5069914" lon="5.5682721"><ele>4.5</ele><time>2025-09-21T08:34:44Z</time></trkpt>
    <trkpt lat="52.5068477" lon="5.5682672"><ele>4.3</ele><time>2025-09-21T08:34:45Z</time></trkpt>
    <trkpt lat="52.5067660" lon="5.5682973"><ele>4.5</ele><time>2025-09-21T08:34:46Z</time></trkpt>
    <trkpt lat="52.5066737" lon="5.5683395"><ele>5.0</ele><time>2025-09-21T08:34:48Z</time></trkpt>
    <trkpt lat="52.5065826" lon="5.5683253"><ele>4.0</ele><time>2025-09-21T08:34:49Z</time></trkpt>
    <trkpt lat="52.5065212" lon="5.5683240"><ele>4.8</ele><time>2025-09-21T08:34:50Z</time></trkpt>
    <trkpt lat="52.5064090" lon="5.5683212"><ele>4.8</ele><time>2025-09-21T08:34:51Z</time></trkpt>
    <trkpt lat="52.5063361" lon="5.5682842"><ele>4.9</ele><time>2025-09-21T08:34:53Z</time></trkpt>
    <trkpt lat="52.5062561" lon="5.5683239"><ele>4.8</ele><time>2025-09-21T08:34:54Z</time></trkpt>
    <trkpt lat="52.5061510" lon="5.5683315"><ele>5.2</ele><time>2025-09-21T08:34:55Z</time></trkpt>
    <trkpt lat="52.5060785" lon="5.5683077"><ele>4.3</ele><time>2025-09-21T08:34:56Z</time></trkpt>
    <trkpt lat="52.5059719" lon="5.5682832"><ele>4.5</ele><time>2025-09-21T08:34:58Z</time></trkpt>
    <trkpt lat="52.5058685" lon="5.5682982"><ele>4.9</ele><time>2025-09-21T08:34:59Z</time></trkpt>
    <trkpt lat="52.5058013" lon="5.5683185"><ele>4.4</ele><time>2025-09-21T08:35:00Z</time></trkpt>
    <trkpt lat="52.5056860" lon="5.5683170"><ele>4.3</ele><time>2025-09-21T08:35:01Z</time></trkpt>
    <trkpt lat="52.5056202" lon="5.5683266"><ele>4.6</ele><time>2025-09-21T08:35:03Z</time></trkpt>
    <trkpt lat="52.5055095" lon="5.5683358"><ele>5.1</ele><time>2025-09-21T08:35:04Z</time></trkpt>
    <trkpt lat="52.5054281" lon="5.5683062"><ele>4.2</ele><time>2025-09-21T08:35:05Z</time></trkpt>
    <trkpt lat="52.5053267" lon="5.5683396"><ele>5.1</ele><time>2025-09-21T08:35:06Z</time></trkpt>
    <trkpt lat="52.5052255" lon="5.5683403"><ele>4.5</ele><time>2025-09-21T08:35:08Z</time></trkpt>
    <trkpt lat="52.5051533" lon="5.5682846"><ele>4.5</ele><time>2025-09-21T08:35:09Z</time></trkpt>
    <trkpt lat="52.5050793" lon="5.5683032"><ele>4.7</ele><time>2025-09-21T08:35:10Z</time></trkpt>
    <trkpt lat="52.5049637" lon="5.5682711"><ele>4.0</ele><time>2025-09-21T08:35:11Z</time></trkpt>
    <trkpt lat="52.5048976" lon="5.5682796"><ele>4.5</ele><time>2025-09-21T08:35:13Z</time></trkpt>
    <trkpt lat="52.5047722" lon="5.5683112"><ele>4.4</ele><time>2025-09-21T08:35:14Z</time></trkpt>
    <trkpt lat="52.5047101" lon="5.5682607"><ele>4.3</ele><time>2025-09-21T08:35:15Z</time></trkpt>
    <trkpt lat="52.5046276" lon="5.5683195"><ele>4.9</ele><time>2025-09-21T08:35:16Z</time></trkpt>
    <trkpt lat="52.5045360" lon="5.5683047"><ele>4.1</ele><time>2025-09-21T08:35:18Z</time></trkpt>
    <trkpt lat="52.5044428" lon="5.5683592"><ele>4.1</ele><time>2025-09-21T08:35:19Z</time></trkpt>
    <trkpt lat="52.5043660" lon="5.5683113"><ele>4.2</ele><time>2025-09-21T08:35:20Z</time></trkpt>
    <trkpt lat="52.5042568" lon="5.5683355"><ele>5.0</ele><time>2025-09-21T08:35:21Z</time></trkpt>
    <trkpt lat="52.5041596" lon="5.5683109"><ele>4.6</ele><time>2025-09-21T08:35:23Z</time></trkpt>
    <trkpt lat="52.5040557" lon="5.5683373"><ele>4.1</ele><time>2025-09-21T08:35:24Z</time></trkpt>
    <trkpt lat="52.5039769" lon="5.5683187"><ele>3.8</ele><time>2025-09-21T08:35:25Z</time></trkpt>
    <trkpt lat="52.5038948" lon="5.5683108"><ele>4.4</ele><time>2025-09-21T08:35:26Z</time></trkpt>
    <trkpt lat="52.5038156" lon="5.5683014"><ele>4.2</ele><time>2025-09-21T08:35:28Z</time></trkpt>
    <trkpt lat="52.5037182" lon="5.5682758"><ele>4.4</ele><time>2025-09-21T08:35:29Z</time></trkpt>
    <trkpt lat="52.5036327" lon="5.5683062"><ele>4.2</ele><time>2025-09-21T08:35:30Z</time></trkpt>
    <trkpt lat="52.5035479" lon="5.5682760"><ele>5.1</ele><time>2025-09-21T08:35:31Z</time></trkpt>
    <trkpt lat="52.5034539" lon="5.5683216"><ele>4.8</ele><time>2025-09-21T08:35:33Z</time></trkpt>
    <trkpt lat="52.5033430" lon="5.5683031"><ele>3.7</ele><time>2025-09-21T08:35:34Z</time></trkpt>
    <trkpt lat="52.5032571" lon="5.5683126"><ele>4.1</ele><time>2025-09-21T08:35:35Z</time></trkpt>
    <trkpt lat="52.5031953" lon="5.5683199"><ele>5.1</ele><time>2025-09-21T08:35:36Z</time></trkpt>
    <trkpt lat="52.5030892" lon="5.5682731"><ele>4.2</ele><time>2025-09-21T08:35:38Z</time></trkpt>
    <trkpt lat="52.5030019" lon="5.5683125"><ele>4.7</ele><time>2025-09-21T08:35:39Z</time></trkpt>
    <trkpt lat="52.5028968" lon="5.5683055"><ele>3.7</ele><time>2025-09-21T08:35:40Z</time></trkpt>
    <trkpt lat="52.5028142" lon="5.5683504"><ele>4.8</ele><time>2025-09-21T08:35:41Z</time></trkpt>
    <trkpt lat="52.5027434" lon="5.5683138"><ele>4.5</ele><time>2025-09-21T08:35:43Z</time></trkpt>
    <trkpt lat="52.5026295" lon="5.5683373"><ele>4.7</ele><time>2025-09-21T08:35:44Z</time></trkpt>
    <trkpt lat="52.5025422" lon="5.5683214"><ele>4.1</ele><time>2025-09-21T08:35:45Z</time></trkpt>
    <trkpt lat="52.5024802" lon="5.5682946"><ele>4.3</ele><time>2025-09-21T08:35:46Z</time></trkpt>
    <trkpt lat="52.5023678" lon="5.5683301"><ele>4.6</ele><time>2025-09-21T08:35:48Z</time></trkpt>
    <trkpt lat="52.5022861" lon="5.5683254"><ele>4.3</ele><time>2025-09-21T08:35:49Z</time></trkpt>
    <trkpt lat="52.5022188" lon="5.5683005"><ele>5.1</ele><time>2025-09-21T08:35:50Z</time></trkpt>
    <trkpt lat="52.5020961" lon="5.5683247"><ele>4.7</ele><time>2025-09-21T08:35:51Z</time></trkpt>
    <trkpt lat="52.5020048" lon="5.5683528"><ele>4.5</ele><time>2025-09-21T08:35:53Z</time></trkpt>
    <trkpt lat="52.5019189" lon="5.5683231"><ele>4.4</ele><time>2025-09-21T08:35:54Z</time></trkpt>
    <trkpt lat="52.5018300" lon="5.5683303"><ele>4.4</ele><time>2025-09-21T08:35:55Z</time></trkpt>
    <trkpt lat="52.5017269" lon="5.5683187"><ele>4.5</ele><time>2025-09-21T08:35:56Z</time></trkpt>
    <trkpt lat="52.5016692" lon="5.5683359"><ele>3.8</ele><time>2025-09-21T08:35:58Z</time></trkpt>
    <trkpt lat="52.5015883" lon="5.5683086"><ele>4.1</ele><time>2025-09-21T08:35:59Z</time></trkpt>
    <trkpt lat="52.5014792" lon="5.5682933"><ele>4.2</ele><time>2025-09-21T08:36:00Z</time></trkpt>
    <trkpt lat="52.5013749" lon="5.5682951"><ele>4.6</ele><time>2025-09-21T08:36:01Z</time></trkpt>
    <trkpt lat="52.5012998" lon="5.5683185"><ele>3.9</ele><time>2025-09-21T08:36:03Z</time></trkpt>
    <trkpt lat="52.5012155" lon="5.5682761"><ele>4.5</ele><time>2025-09-21T08:36:04Z</time></trkpt>
    <trkpt lat="52.5011206" lon="5.5683152"><ele>5.1</ele><time>2025-09-21T08:36:05Z</time></trkpt>
    <trkpt lat="52.5010179" lon="5.5683378"><ele>4.8</ele><time>2025-09-21T08:36:06Z</time></trkpt>
    <trkpt lat="52.5009551" lon="5.5683243"><ele>4.9</ele><time>2025-09-21T08:36:08Z</time></trkpt>
    <trkpt lat="52.5008760" lon="5.5683639"><ele>4.6</ele><time>2025-09-21T08:36:09Z</time></trkpt>
    <trkpt lat="52.5007634" lon="5.5682928"><ele>4.2</ele><time>2025-09-21T08:36:10Z</time></trkpt>
    <trkpt lat="52.5006798" lon="5.5683130"><ele>4.3</ele><time>2025-09-21T08:36:11Z</time></trkpt>
    <trkpt lat="52.5005683" lon="5.5682702"><ele>4.1</ele><time>2025-09-21T08:36:13Z</time></trkpt>
    <trkpt lat="52.5004943" lon="5.5682776"><ele>4.7</ele><time>2025-09-21T08:36:14Z</time></trkpt>
    <trkpt lat="52.5004118" lon="5.5683196"><ele>4.4</ele><time>2025-09-21T08:36:15Z</time></trkpt>
    <trkpt lat="52.5003097" lon="5.5683606"><ele>4.9</ele><time>2025-09-21T08:36:16Z</time></trkpt>
    <trkpt lat="52.5002230" lon="5.5682977"><ele>4.4</ele><time>2025-09-21T08:36:18Z</time></trkpt>
    <trkpt lat="52.5001301" lon="5.5682889"><ele>4.1</ele><time>2025-09-21T08:36:19Z</time></trkpt>
    <trkpt lat="52.5000148" lon="5.5683355"><ele>3.7</ele><time>2025-09-21T08:36:20Z</time></trkpt>
    <trkpt lat="52.4999555" lon="5.5683437"><ele>4.4</ele><time>2025-09-21T08:36:21Z</time></trkpt>
    <trkpt lat="52.4998483" lon="5.5682717"><ele>4.6</ele><time>2025-09-21T08:36:23Z</time></trkpt>
    <trkpt lat="52.4997589" lon="5.5683582"><ele>5.2</ele><time>2025-09-21T08:36:24Z</time></trkpt>
    <trkpt lat="52.4996997" lon="5.5682762"><ele>4.8</ele><time>2025-09-21T08:36:25Z</time></trkpt>
    <trkpt lat="52.4996060" lon="5.5682993"><ele>4.5</ele><time>2025-09-21T08:36:26Z</time></trkpt>
    <trkpt lat="52.4994929" lon="5.5682976"><ele>4.9</ele><time>2025-09-21T08:36:28Z</time></trkpt>
    <trkpt lat="52.4993981" lon="5.5683030"><ele>4.4</ele><time>2025-09-21T08:36:29Z</time></trkpt>
    <trkpt lat="52.4993012" lon="5.5683115"><ele>5.1</ele><time>2025-09-21T08:36:30Z</time></trkpt>
    <trkpt lat="52.4992266" lon="5.5683564"><ele>4.7</ele><time>2025-09-21T08:36:31Z</time></trkpt>
    <trkpt lat="52.4991241" lon="5.5683110"><ele>4.6</ele><time>2025-09-21T08:36:33Z</time></trkpt>
    <trkpt lat="52.4990279" lon="5.5682932"><ele>4.3</ele><time>2025-09-21T08:36:34Z</time></trkpt>
    <trkpt lat="52.4989526" lon="5.5683244"><ele>4.8</ele><time>2025-09-21T08:36:35Z</time></trkpt>
    <trkpt lat="52.4988821" lon="5.5683316"><ele>5.1</ele><time>2025-09-21T08:36:36Z</time></trkpt>
    <trkpt lat="52.4987892" lon="5.5683041"><ele>4.8</ele><time>2025-09-21T08:36:38Z</time></trkpt>
    <trkpt lat="52.4986818" lon="5.5683245"><ele>4.7</ele><time>2025-09-21T08:36:39Z</time></trkpt>
    <trkpt lat="52.4986095" lon="5.5683199"><ele>4.5</ele><time>2025-09-21T08:36:40Z</time></trkpt>
    <trkpt lat="52.4984895" lon="5.5683045"><ele>4.5</ele><time>2025-09-21T08:36:41Z</time></trkpt>
    <trkpt lat="52.4984225" lon="5.5683562"><ele>4.5</ele><time>2025-09-21T08:36:43Z</time></trkpt>
    <trkpt lat="52.4983341" lon="5.5682993"><ele>4.6</ele><time>2025-09-21T08:36:44Z</time></trkpt>
    <trkpt lat="52.4982365" lon="5.5683205"><ele>4.1</ele><time>2025-09-21T08:36:45Z</time></trkpt>
    <trkpt lat="52.4981414" lon="5.5682977"><ele>4.1</ele><time>2025-09-21T08:36:46Z</time></trkpt>
    <trkpt lat="52.4980642" lon="5.5682927"><ele>4.5</ele><time>2025-09-21T08:36:48Z</time></trkpt>
    <trkpt lat="52.4979679" lon="5.5683061"><ele>5.0</ele><time>2025-09-21T08:36:49Z</time></trkpt>
    <trkpt lat="52.4978893" lon="5.5682902"><ele>3.7</ele><time>2025-09-21T08:36:50Z</time></trkpt>
    <trkpt lat="52.4977968" lon="5.5683527"><ele>5.4</ele><time>2025-09-21T08:36:51Z</time></trkpt>
    <trkpt lat="52.4977028" lon="5.5683568"><ele>4.8</ele><time>2025-09-21T08:36:53Z</time></trkpt>
    <trkpt lat="52.4975840" lon="5.5683277"><ele>4.9</ele><time>2025-09-21T08:36:54Z</time></trkpt>
    <trkpt lat="52.4975323" lon="5.5683346"><ele>4.6</ele><time>2025-09-21T08:36:55Z</time></trkpt>
    <trkpt lat="52.4974218" lon="5.5682922"><ele>3.0</ele><time>2025-09-21T08:36:56Z</time></trkpt>
    <trkpt lat="52.4973310" lon="5.5683225"><ele>4.3</ele><time>2025-09-21T08:36:58Z</time></trkpt>
    <trkpt lat="52.4972509" lon="5.5683419"><ele>3.4</ele><time>2025-09-21T08:36:59Z</time></trkpt>
    <trkpt lat="52.4971418" lon="5.5683394"><ele>4.0</ele><time>2025-09-21T08:37:00Z</time></trkpt>
    <trkpt lat="52.4970878" lon="5.5682952"><ele>4.0</ele><time>2025-09-21T08:37:01Z</time></trkpt>
    <trkpt lat="52.4969897" lon="5.5683249"><ele>3.6</ele><time>2025-09-21T08:37:03Z</time></trkpt>
    <trkpt lat="52.4968817" lon="5.5683491"><ele>5.2</ele><time>2025-09-21T08:37:04Z</time></trkpt>
    <trkpt lat="52.4968218" lon="5.5683081"><ele>5.3</ele><time>2025-09-21T08:37:05Z</time></trkpt>
    <trkpt lat="52.4966953" lon="5.5682699"><ele>4.3</ele><time>2025-09-21T08:37:06Z</time></trkpt>
    <trkpt lat="52.4966447" lon="5.5683390"><ele>4.5</ele><time>2025-09-21T08:37:08Z</time></trkpt>
    <trkpt lat="52.4965424" lon="5.5683291"><ele>4.1</ele><time>2025-09-21T08:37:09Z</time></trkpt>
    <trkpt lat="52.4964441" lon="5.5683041"><ele>5.0</ele><time>2025-09-21T08:37:10Z</time></trkpt>
    <trkpt lat="52.4963610" lon="5.5683026"><ele>4.2</ele><time>2025-09-21T08:37:11Z</time></trkpt>
    <trkpt lat="52.4962642" lon="5.5682920"><ele>4.6</ele><time>2025-09-21T08:37:13Z</time></trkpt>
    <trkpt lat="52.4961619" lon="5.5683208"><ele>4.3</ele><time>2025-09-21T08:37:14Z</time></trkpt>
    <trkpt lat="52.4960634" lon="5.5683390"><ele>4.2</ele><time>2025-09-21T08:37:15Z</time></trkpt>
    <trkpt lat="52.4959937" lon="5.5682934"><ele>5.0</ele><time>2025-09-21T08:37:16Z</time></trkpt>
    <trkpt lat="52.4958938" lon="5.5683102"><ele>4.4</ele><time>2025-09-21T08:37:18Z</time></trkpt>
    <trkpt lat="52.4958063" lon="5.5683206"><ele>4.1</ele><time>2025-09-21T08:37:19Z</time></trkpt>
    <trkpt lat="52.4957439" lon="5.5683258"><ele>4.6</ele><time>2025-09-21T08:37:20Z</time></trkpt>
    <trkpt lat="52.4956511" lon="5.5683042"><ele>4.5</ele><time>2025-09-21T08:37:21Z</time></trkpt>
    <trkpt lat="52.4955417" lon="5.5683282"><ele>4.7</ele><time>2025-09-21T08:37:23Z</time></trkpt>
    <trkpt lat="52.4954529" lon="5.5682907"><ele>4.4</ele><time>2025-09-21T08:37:24Z</time></trkpt>
    <trkpt lat="52.4953661" lon="5.5683141"><ele>5.6</ele><time>2025-09-21T08:37:25Z</time></trkpt>
    <trkpt lat="52.4952695" lon="5.5682982"><ele>4.0</ele><time>2025-09-21T08:37:26Z</time></trkpt>
    <trkpt lat="52.4951768" lon="5.5683214"><ele>4.9</ele><time>2025-09-21T08:37:28Z</time></trkpt>
    <trkpt lat="52.4950922" lon="5.5683175"><ele>4.5</ele><time>2025-09-21T08:37:29Z</time></trkpt>
    <trkpt lat="52.4950192" lon="5.5683638"><ele>4.7</ele><time>2025-09-21T08:37:30Z</time></trkpt>
    <trkpt lat="52.4949110" lon="5.5683445"><ele>3.9</ele><time>2025-09-21T08:37:31Z</time></trkpt>
    <trkpt lat="52.4948318" lon="5.5682884"><ele>4.6</ele><time>2025-09-21T08:37:33Z</time></trkpt>
    <trkpt lat="52.4947213" lon="5.5683073"><ele>4.8</ele><time>2025-09-21T08:37:34Z</time></trkpt>
    <trkpt lat="52.4946284" lon="5.5683101"><ele>4.8</ele><time>2025-09-21T08:37:35Z</time></trkpt>
    <trkpt lat="52.4945380" lon="5.5683236"><ele>5.1</ele><time>2025-09-21T08:37:36Z</time></trkpt>
    <trkpt lat="52.4944578" lon="5.5683073"><ele>4.2</ele><time>2025-09-21T08:37:38Z</time></trkpt>
    <trkpt lat="52.4943954" lon="5.5683130"><ele>4.4</ele><time>2025-09-21T08:37:39Z</time></trkpt>
    <trkpt lat="52.4942760" lon="5.5683366"><ele>5.0</ele><time>2025-09-21T08:37:40Z</time></trkpt>
    <trkpt lat="52.4942065" lon="5.5683492"><ele>5.2</ele><time>2025-09-21T08:37:41Z</time></trkpt>
    <trkpt lat="52.4940788" lon="5.5683258"><ele>4.0</ele><time>2025-09-21T08:37:43Z</time></trkpt>
    <trkpt lat="52.4940264" lon="5.5683070"><ele>4.6</ele><time>2025-09-21T08:37:44Z</time></trkpt>
    <trkpt lat="52.4939291" lon="5.5683268"><ele>4.4</ele><time>2025-09-21T08:37:45Z</time></trkpt>
    <trkpt lat="52.4938281" lon="5.5683195"><ele>4.5</ele><time>2025-09-21T08:37:46Z</time></trkpt>
    <trkpt lat="52.4937685" lon="5.5683362"><ele>5.1</ele><time>2025-09-21T08:37:48Z</time></trkpt>
    <trkpt lat="52.4936498" lon="5.5683188"><ele>4.3</ele><time>2025-09-21T08:37:49Z</time></trkpt>
    <trkpt lat="52.4935792" lon="5.5682801"><ele>4.9</ele><time>2025-09-21T08:37:50Z</time></trkpt>
    <trkpt lat="52.4934769" lon="5.5683310"><ele>4.8</ele><time>2025-09-21T08:37:51Z</time></trkpt>
    <trkpt lat="52.4934044" lon="5.5683427"><ele>3.9</ele><time>2025-09-21T08:37:53Z</time></trkpt>
    <trkpt lat="52.4932875" lon="5.5683763"><ele>5.1</ele><time>2025-09-21T08:37:54Z</time></trkpt>
    <trkpt lat="52.4932243" lon="5.5682969"><ele>5.6</ele><time>2025-09-21T08:37:55Z</time></trkpt>
    <trkpt lat="52.4931173" lon="5.5683453"><ele>5.2</ele><time>2025-09-21T08:37:56Z</time></trkpt>
    <trkpt lat="52.4930294" lon="5.5683203"><ele>4.3</ele><time>2025-09-21T08:37:58Z</time></trkpt>
    <trkpt lat="52.4929391" lon="5.5683194"><ele>4.2</ele><time>2025-09-21T08:37:59Z</time></trkpt>
    <trkpt lat="52.4928526" lon="5.5683484"><ele>4.0</ele><time>2025-09-21T08:38:00Z</time></trkpt>
    <trkpt lat="52.4927565" lon="5.5683062"><ele>4.4</ele><time>2025-09-21T08:38:01Z</time></trkpt>
    <trkpt lat="52.4926539" lon="5.5683557"><ele>4.5</ele><time>2025-09-21T08:38:03Z</time></trkpt>
    <trkpt lat="52.4925755" lon="5.5683202"><ele>4.8</ele><time>2025-09-21T08:38:04Z</time></trkpt>
    <trkpt lat="52.4924807" lon="5.5683357"><ele>4.3</ele><time>2025-09-21T08:38:05Z</time></trkpt>
    <trkpt lat="52.4923973" lon="5.5683320"><ele>4.3</ele><time>2025-09-21T08:38:06Z</time></trkpt>
    <trkpt lat="52.4923130" lon="5.5682868"><ele>4.3</ele><time>2025-09-21T08:38:08Z</time></trkpt>
    <trkpt lat="52.4922096" lon="5.5683351"><ele>4.5</ele><time>2025-09-21T08:38:09Z</time></trkpt>
    <trkpt lat="52.4921040" lon="5.5683174"><ele>4.5</ele><time>2025-09-21T08:38:10Z</time></trkpt>
    <trkpt lat="52.4920372" lon="5.5683303"><ele>4.5</ele><time>2025-09-21T08:38:11Z</time></trkpt>
    <trkpt lat="52.4919216" lon="5.5683553"><ele>4.1</ele><time>2025-09-21T08:38:13Z</time></trkpt>
    <trkpt lat="52.4918480" lon="5.5683087"><ele>4.3</ele><time>2025-09-21T08:38:14Z</time></trkpt>
    <trkpt lat="52.4917643" lon="5.5682940"><ele>4.7</ele><time>2025-09-21T08:38:15Z</time></trkpt>
    <trkpt lat="52.4916879" lon="5.5683085"><ele>4.8</ele><time>2025-09-21T08:38:16Z</time></trkpt>
    <trkpt lat="52.4915928" lon="5.5683420"><ele>3.7</ele><time>2025-09-21T08:38:18Z</time></trkpt>
    <trkpt lat="52.4914656" lon="5.5683212"><ele>3.9</ele><time>2025-09-21T08:38:19Z</time></trkpt>
    <trkpt lat="52.4913715" lon="5.5683380"><ele>4.8</ele><time>2025-09-21T08:38:20Z</time></trkpt>
    <trkpt lat="52.4913286" lon="5.5683108"><ele>5.1</ele><time>2025-09-21T08:38:21Z</time></trkpt>
    <trkpt lat="52.4912160" lon="5.5683227"><ele>4.7</ele><time>2025-09-21T08:38:23Z</time></trkpt>
    <trkpt lat="52.4911403" lon="5.5682956"><ele>4.5</ele><time>2025-09-21T08:38:24Z</time></trkpt>
    <trkpt lat="52.4910266" lon="5.5683486"><ele>4.6</ele><time>2025-09-21T08:38:25Z</time></trkpt>
    <trkpt lat="52.4909580" lon="5.5683666"><ele>5.3</ele><time>2025-09-21T08:38:26Z</time></trkpt>
    <trkpt lat="52.4908484" lon="5.5683454"><ele>4.7</ele><time>2025-09-21T08:38:28Z</time></trkpt>
    <trkpt lat="52.4907710" lon="5.5683329"><ele>4.4</ele><time>2025-09-21T08:38:29Z</time></trkpt>
    <trkpt lat="52.4907139" lon="5.5682840"><ele>4.7</ele><time>2025-09-21T08:38:30Z</time></trkpt>
    <trkpt lat="52.4906123" lon="5.5683180"><ele>5.1</ele><time>2025-09-21T08:38:31Z</time></trkpt>
    <trkpt lat="52.4905101" lon="5.5683224"><ele>4.7</ele><time>2025-09-21T08:38:33Z</time></trkpt>
    <trkpt lat="52.4904451" lon="5.5683216"><ele>4.9</ele><time>2025-09-21T08:38:34Z</time></trkpt>
    <trkpt lat="52.4903256" lon="5.5683299"><ele>3.7</ele><time>2025-09-21T08:38:35Z</time></trkpt>
    <trkpt lat="52.4902707" lon="5.5683009"><ele>4.5</ele><time>2025-09-21T08:38:36Z</time></trkpt>
    <trkpt lat="52.4901246" lon="5.5683531"><ele>4.0</ele><time>2025-09-21T08:38:38Z</time></trkpt>
    <trkpt lat="52.4900769" lon="5.5683462"><ele>3.9</ele><time>2025-09-21T08:38:39Z</time></trkpt>
    <trkpt lat="52.4899569" lon="5.5682911"><ele>4.5</ele><time>2025-09-21T08:38:40Z</time></trkpt>
    <trkpt lat="52.4899046" lon="5.5682759"><ele>4.0</ele><time>2025-09-21T08:38:41Z</time></trkpt>
    <trkpt lat="52.4898032" lon="5.5683338"><ele>4.5</ele><time>2025-09-21T08:38:43Z</time></trkpt>
    <trkpt lat="52.4896964" lon="5.5683261"><ele>5.3</ele><time>2025-09-21T08:38:44Z</time></trkpt>
    <trkpt lat="52.4896098" lon="5.5683514"><ele>4.3</ele><time>2025-09-21T08:38:45Z</time></trkpt>
    <trkpt lat="52.4894919" lon="5.5683251"><ele>4.3</ele><time>2025-09-21T08:38:46Z</time></trkpt>
    <trkpt lat="52.4894509" lon="5.5683147"><ele>4.7</ele><time>2025-09-21T08:38:48Z</time></trkpt>
    <trkpt lat="52.4893232" lon="5.5683042"><ele>4.8</ele><time>2025-09-21T08:38:49Z</time></trkpt>
    <trkpt lat="52.4892638" lon="5.5683353"><ele>4.5</ele><time>2025-09-21T08:38:50Z</time></trkpt>
    <trkpt lat="52.4891639" lon="5.5683346"><ele>5.3</ele><time>2025-09-21T08:38:51Z</time></trkpt>
    <trkpt lat="52.4890593" lon="5.5683266"><ele>4.9</ele><time>2025-09-21T08:38:53Z</time></trkpt>
    <trkpt lat="52.4889789" lon="5.5683443"><ele>5.0</ele><time>2025-09-21T08:38:54Z</time></trkpt>
    <trkpt lat="52.4888833" lon="5.5683399"><ele>4.2</ele><time>2025-09-21T08:38:55Z</time></trkpt>
    <trkpt lat="52.4888163" lon="5.5683637"><ele>4.0</ele><time>2025-09-21T08:38:56Z</time></trkpt>
    <trkpt lat="52.4887400" lon="5.5683013"><ele>5.6</ele><time>2025-09-21T08:38:58Z</time></trkpt>
    <trkpt lat="52.4886229" lon="5.5683529"><ele>4.4</ele><time>2025-09-21T08:38:59Z</time></trkpt>
    <trkpt lat="52.4885549" lon="5.5683464"><ele>4.7</ele><time>2025-09-21T08:39:00Z</time></trkpt>
    <trkpt lat="52.4884244" lon="5.5683235"><ele>4.0</ele><time>2025-09-21T08:39:01Z</time></trkpt>
    <trkpt lat="52.4883273" lon="5.5683023"><ele>4.7</ele><time>2025-09-21T08:39:03Z</time></trkpt>
    <trkpt lat="52.4882887" lon="5.5683181"><ele>4.9</ele><time>2025-09-21T08:39:04Z</time></trkpt>
    <trkpt lat="52.4882019" lon="5.5683287"><ele>4.9</ele><time>2025-09-21T08:39:05Z</time></trkpt>
    <trkpt lat="52.4880854" lon="5.5683220"><ele>4.2</ele><time>2025-09-21T08:39:06Z</time></trkpt>
    <trkpt lat="52.4879941" lon="5.5683167"><ele>4.3</ele><time>2025-09-21T08:39:08Z</time></trkpt>
    <trkpt lat="52.4879021" lon="5.5683193"><ele>4.5</ele><time>2025-09-21T08:39:09Z</time></trkpt>
    <trkpt lat="52.4878123" lon="5.5683584"><ele>4.3</ele><time>2025-09-21T08:39:10Z</time></trkpt>
    <trkpt lat="52.4877283" lon="5.5683417"><ele>4.0</ele><time>2025-09-21T08:39:11Z</time></trkpt>
    <trkpt lat="52.4876336" lon="5.5683225"><ele>4.2</ele><time>2025-09-21T08:39:13Z</time></trkpt>
    <trkpt lat="52.4875502" lon="5.5683470"><ele>4.3</ele><time>2025-09-21T08:39:14Z</time></trkpt>
    <trkpt lat="52.4874605" lon="5.5683547"><ele>4.5</ele><time>2025-09-21T08:39:15Z</time></trkpt>
    <trkpt lat="52.4873776" lon="5.5683348"><ele>4.8</ele><time>2025-09-21T08:39:16Z</time></trkpt>
    <trkpt lat="52.4872804" lon="5.5683133"><ele>4.5</ele><time>2025-09-21T08:39:18Z</time></trkpt>
    <trkpt lat="52.4871816" lon="5.5683222"><ele>5.0</ele><time>2025-09-21T08:39:19Z</time></trkpt>
    <trkpt lat="52.4871311" lon="5.5683311"><ele>4.3</ele><time>2025-09-21T08:39:20Z</time></trkpt>
    <trkpt lat="52.4870216" lon="5.5683498"><ele>4.4</ele><time>2025-09-21T08:39:21Z</time></trkpt>
    <trkpt lat="52.4869315" lon="5.5683318"><ele>5.3</ele><time>2025-09-21T08:39:23Z</time></trkpt>
    <trkpt lat="52.4868244" lon="5.5683270"><ele>4.6</ele><time>2025-09-21T08:39:24Z</time></trkpt>
    <trkpt lat="52.4867314" lon="5.5683461"><ele>4.9</ele><time>2025-09-21T08:39:25Z</time></trkpt>
    <trkpt lat="52.4866477" lon="5.5683408"><ele>4.1</ele><time>2025-09-21T08:39:26Z</time></trkpt>
    <trkpt lat="52.4865267" lon="5.5683467"><ele>4.1</ele><time>2025-09-21T08:39:28Z</time></trkpt>
    <trkpt lat="52.4864621" lon="5.5682895"><ele>4.4</ele><time>2025-09-21T08:39:29Z</time></trkpt>
    <trkpt lat="52.4863677" lon="5.5683224"><ele>4.8</ele><time>2025-09-21T08:39:30Z</time></trkpt>
    <trkpt lat="52.4862666" lon="5.5682860"><ele>4.6</ele><time>2025-09-21T08:39:31Z</time></trkpt>
    <trkpt lat="52.4862026" lon="5.5683576"><ele>4.0</ele><time>2025-09-21T08:39:33Z</time></trkpt>
    <trkpt lat="52.4861155" lon="5.5682885"><ele>4.6</ele><time>2025-09-21T08:39:34Z</time></trkpt>
    <trkpt lat="52.4859990" lon="5.5683324"><ele>3.5</ele><time>2025-09-21T08:39:35Z</time></trkpt>
    <trkpt lat="52.4859523" lon="5.5683486"><ele>4.8</ele><time>2025-09-21T08:39:36Z</time></trkpt>
    <trkpt lat="52.4858444" lon="5.5683430"><ele>4.4</ele><time>2025-09-21T08:39:38Z</time></trkpt>
    <trkpt lat="52.4857491" lon="5.5683246"><ele>4.2</ele><time>2025-09-21T08:39:39Z</time></trkpt>
    <trkpt lat="52.4856406" lon="5.5683393"><ele>4.5</ele><time>2025-09-21T08:39:40Z</time></trkpt>
    <trkpt lat="52.4855890" lon="5.5683699"><ele>4.2</ele><time>2025-09-21T08:39:41Z</time></trkpt>
    <trkpt lat="52.4854865" lon="5.5683508"><ele>4.9</ele><time>2025-09-21T08:39:43Z</time></trkpt>
    <trkpt lat="52.4853852" lon="5.5683409"><ele>5.0</ele><time>2025-09-21T08:39:44Z</time></trkpt>
    <trkpt lat="52.4852822" lon="5.5683558"><ele>4.5</ele><time>2025-09-21T08:39:45Z</time></trkpt>
    <trkpt lat="52.4851948" lon="5.5683240"><ele>4.5</ele><time>2025-09-21T08:39:46Z</time></trkpt>
    <trkpt lat="52.4850911" lon="5.5683243"><ele>5.3</ele><time>2025-09-21T08:39:48Z</time></trkpt>
    <trkpt lat="52.4850274" lon="5.5683335"><ele>4.6</ele><time>2025-09-21T08:39:49Z</time></trkpt>
    <trkpt lat="52.4849278" lon="5.5683116"><ele>5.2</ele><time>2025-09-21T08:39:50Z</time></trkpt>
    <trkpt lat="52.4848263" lon="5.5683220"><ele>4.6</ele><time>2025-09-21T08:39:51Z</time></trkpt>
    <trkpt lat="52.4847491" lon="5.5683523"><ele>4.3</ele><time>2025-09-21T08:39:53Z</time></trkpt>
    <trkpt lat="52.4846822" lon="5.5683611"><ele>4.0</ele><time>2025-09-21T08:39:54Z</time></trkpt>
    <trkpt lat="52.4845742" lon="5.5683223"><ele>4.4</ele><time>2025-09-21T08:39:55Z</time></trkpt>
    <trkpt lat="52.4844873" lon="5.5683025"><ele>4.1</ele><time>2025-09-21T08:39:56Z</time></trkpt>
    <trkpt lat="52.4844024" lon="5.5683486"><ele>4.3</ele><time>2025-09-21T08:39:58Z</time></trkpt>
    <trkpt lat="52.4843038" lon="5.5683253"><ele>4.9</ele><time>2025-09-21T08:39:59Z</time></trkpt>
    <trkpt lat="52.4842288" lon="5.5683436"><ele>3.7</ele><time>2025-09-21T08:40:00Z</time></trkpt>
    <trkpt lat="52.4841292" lon="5.5683477"><ele>4.3</ele><time>2025-09-21T08:40:01Z</time></trkpt>
    <trkpt lat="52.4840560" lon="5.5683014"><ele>5.1</ele><time>2025-09-21T08:40:03Z</time></trkpt>
    <trkpt lat="52.4839486" lon="5.5683327"><ele>4.2</ele><time>2025-09-21T08:40:04Z</time></trkpt>
    <trkpt lat="52.4838618" lon="5.5683517"><ele>4.2</ele><time>2025-09-21T08:40:05Z</time></trkpt>
    <trkpt lat="52.4837781" lon="5.5683617"><ele>4.6</ele><time>2025-09-21T08:40:06Z</time></trkpt>
    <trkpt lat="52.4836773" lon="5.5683319"><ele>4.2</ele><time>2025-09-21T08:40:08Z</time></trkpt>
    <trkpt lat="52.4835841" lon="5.5683212"><ele>4.9</ele><time>2025-09-21T08:40:09Z</time></trkpt>
    <trkpt lat="52.4835215" lon="5.5683120"><ele>4.9</ele><time>2025-09-21T08:40:10Z</time></trkpt>
    <trkpt lat="52.4834010" lon="5.5683188"><ele>3.8</ele><time>2025-09-21T08:40:11Z</time></trkpt>
    <trkpt lat="52.4833312" lon="5.5683527"><ele>5.2</ele><time>2025-09-21T08:40:13Z</time></trkpt>
    <trkpt lat="52.4832375" lon="5.5683398"><ele>4.4</ele><time>2025-09-21T08:40:14Z</time></trkpt>
    <trkpt lat="52.4831506" lon="5.5683064"><ele>4.4</ele><time>2025-09-21T08:40:15Z</time></trkpt>
    <trkpt lat="52.4830417" lon="5.5683323"><ele>4.7</ele><time>2025-09-21T08:40:16Z</time></trkpt>
    <trkpt lat="52.4829450" lon="5.5682966"><ele>4.9</ele><time>2025-09-21T08:40:18Z</time></trkpt>
    <trkpt lat="52.4828593" lon="5.5683470"><ele>4.6</ele><time>2025-09-21T08:40:19Z</time></trkpt>
    <trkpt lat="52.4827962" lon="5.5683426"><ele>4.9</ele><time>2025-09-21T08:40:20Z</time></trkpt>
    <trkpt lat="52.4826850" lon="5.5683566"><ele>5.3</ele><time>2025-09-21T08:40:21Z</time></trkpt>
    <trkpt lat="52.4826119" lon="5.5683349"><ele>4.7</ele><time>2025-09-21T08:40:23Z</time></trkpt>
    <trkpt lat="52.4825274" lon="5.5683673"><ele>3.8</ele><time>2025-09-21T08:40:24Z</time></trkpt>
    <trkpt lat="52.4824210" lon="5.5683032"><ele>4.2</ele><time>2025-09-21T08:40:25Z</time></trkpt>
    <trkpt lat="52.4823538" lon="5.5683561"><ele>5.0</ele><time>2025-09-21T08:40:26Z</time></trkpt>
    <trkpt lat="52.4822502" lon="5.5683122"><ele>4.9</ele><time>2025-09-21T08:40:28Z</time></trkpt>
    <trkpt lat="52.4821662" lon="5.5683508"><ele>5.6</ele><time>2025-09-21T08:40:29Z</time></trkpt>
    <trkpt lat="52.4820691" lon="5.5683534"><ele>4.7</ele><time>2025-09-21T08:40:30Z</time></trkpt>
    <trkpt lat="52.4819685" lon="5.5683420"><ele>4.5</ele><time>2025-09-21T08:40:31Z</time></trkpt>
    <trkpt lat="52.4818701" lon="5.5683152"><ele>4.5</ele><time>2025-09-21T08:40:33Z</time></trkpt>
    <trkpt lat="52.4817858" lon="5.5683152"><ele>4.2</ele><time>2025-09-21T08:40:34Z</time></trkpt>
    <trkpt lat="52.4816671" lon="5.5683104"><ele>4.8</ele><time>2025-09-21T08:40:35Z</time></trkpt>
    <trkpt lat="52.4816171" lon="5.5683655"><ele>4.2</ele><time>2025-09-21T08:40:36Z</time></trkpt>
    <trkpt lat="52.4815292" lon="5.5683607"><ele>4.0</ele><time>2025-09-21T08:40:38Z</time></trkpt>
    <trkpt lat="52.4814352" lon="5.5683337"><ele>4.1</ele><time>2025-09-21T08:40:39Z</time></trkpt>
    <trkpt lat="52.4813246" lon="5.5683479"><ele>4.5</ele><time>2025-09-21T08:40:40Z</time></trkpt>
    <trkpt lat="52.4812292" lon="5.5683519"><ele>4.7</ele><time>2025-09-21T08:40:41Z</time></trkpt>
    <trkpt lat="52.4811531" lon="5.5683552"><ele>4.0</ele><time>2025-09-21T08:40:43Z</time></trkpt>
    <trkpt lat="52.4810749" lon="5.5683314"><ele>4.4</ele><time>2025-09-21T08:40:44Z</time></trkpt>
    <trkpt lat="52.4809694" lon="5.5683293"><ele>3.8</ele><time>2025-09-21T08:40:45Z</time></trkpt>
    <trkpt lat="52.4809078" lon="5.5683196"><ele>4.8</ele><time>2025-09-21T08:40:46Z</time></trkpt>
    <trkpt lat="52.4808023" lon="5.5683522"><ele>4.3</ele><time>2025-09-21T08:40:48Z</time></trkpt>
    <trkpt lat="52.4807176" lon="5.5683246"><ele>3.9</ele><time>2025-09-21T08:40:49Z</time></trkpt>
    <trkpt lat="52.4806313" lon="5.5683444"><ele>4.3</ele><time>2025-09-21T08:40:50Z</time></trkpt>
    <trkpt lat="52.4805452" lon="5.5683564"><ele>3.6</ele><time>2025-09-21T08:40:51Z</time></trkpt>
    <trkpt lat="52.4804440" lon="5.5683278"><ele>3.6</ele><time>2025-09-21T08:40:53Z</time></trkpt>
    <trkpt lat="52.4803688" lon="5.5683504"><ele>4.7</ele><time>2025-09-21T08:40:54Z</time></trkpt>
    <trkpt lat="52.4802855" lon="5.5683337"><ele>4.5</ele><time>2025-09-21T08:40:55Z</time></trkpt>
    <trkpt lat="52.4801827" lon="5.5683436"><ele>4.9</ele><time>2025-09-21T08:40:56Z</time></trkpt>
    <trkpt lat="52.4800987" lon="5.5682998"><ele>4.6</ele><time>2025-09-21T08:40:58Z</time></trkpt>
    <trkpt lat="52.4799993" lon="5.5683685"><ele>4.5</ele><time>2025-09-21T08:40:59Z</time></trkpt>
    <trkpt lat="52.4799072" lon="5.5683224"><ele>4.3</ele><time>2025-09-21T08:41:00Z</time></trkpt>
    <trkpt lat="52.4798173" lon="5.5683488"><ele>4.2</ele><time>2025-09-21T08:41:01Z</time></trkpt>
    <trkpt lat="52.4797260" lon="5.5683526"><ele>4.3</ele><time>2025-09-21T08:41:03Z</time></trkpt>
    <trkpt lat="52.4796430" lon="5.5683681"><ele>4.7</ele><time>2025-09-21T08:41:04Z</time></trkpt>
    <trkpt lat="52.4795644" lon="5.5683214"><ele>4.7</ele><time>2025-09-21T08:41:05Z</time></trkpt>
    <trkpt lat="52.4794534" lon="5.5683114"><ele>5.0</ele><time>2025-09-21T08:41:06Z</time></trkpt>
    <trkpt lat="52.4793660" lon="5.5683591"><ele>4.6</ele><time>2025-09-21T08:41:08Z</time></trkpt>
    <trkpt lat="52.4792461" lon="5.5683423"><ele>4.8</ele><time>2025-09-21T08:41:09Z</time></trkpt>
    <trkpt lat="52.4791802" lon="5.5683700"><ele>4.5</ele><time>2025-09-21T08:41:10Z</time></trkpt>
    <trkpt lat="52.4791012" lon="5.5683598"><ele>4.9</ele><time>2025-09-21T08:41:11Z</time></trkpt>
    <trkpt lat="52.4790046" lon="5.5683393"><ele>4.2</ele><time>2025-09-21T08:41:13Z</time></trkpt>
    <trkpt lat="52.4789007" lon="5.5683366"><ele>4.0</ele><time>2025-09-21T08:41:14Z</time></trkpt>
    <trkpt lat="52.4788159" lon="5.5683407"><ele>4.6</ele><time>2025-09-21T08:41:15Z</time></trkpt>
    <trkpt lat="52.4787363" lon="5.5683366"><ele>4.7</ele><time>2025-09-21T08:41:16Z</time></trkpt>
    <trkpt lat="52.4786344" lon="5.5683287"><ele>4.4</ele><time>2025-09-21T08:41:18Z</time></trkpt>
    <trkpt lat="52.4785765" lon="5.5683345"><ele>4.9</ele><time>2025-09-21T08:41:19Z</time></trkpt>
    <trkpt lat="52.4784445" lon="5.5683096"><ele>4.0</ele><time>2025-09-21T08:41:20Z</time></trkpt>
    <trkpt lat="52.4783541" lon="5.5683514"><ele>4.9</ele><time>2025-09-21T08:41:21Z</time></trkpt>
    <trkpt lat="52.4783041" lon="5.5683321"><ele>4.6</ele><time>2025-09-21T08:41:23Z</time></trkpt>
    <trkpt lat="52.4781936" lon="5.5683187"><ele>4.6</ele><time>2025-09-21T08:41:24Z</time></trkpt>
    <trkpt lat="52.4781055" lon="5.5683648"><ele>4.3</ele><time>2025-09-21T08:41:25Z</time></trkpt>
    <trkpt lat="52.4780089" lon="5.5683421"><ele>4.7</ele><time>2025-09-21T08:41:26Z</time></trkpt>
    <trkpt lat="52.4779414" lon="5.5683479"><ele>4.2</ele><time>2025-09-21T08:41:28Z</time></trkpt>
    <trkpt lat="52.4778777" lon="5.5683649"><ele>5.1</ele><time>2025-09-21T08:41:29Z</time></trkpt>
    <trkpt lat="52.4777483" lon="5.5683417"><ele>3.9</ele><time>2025-09-21T08:41:30Z</time></trkpt>
    <trkpt lat="52.4776875" lon="5.5683502"><ele>4.7</ele><time>2025-09-21T08:41:31Z</time></trkpt>
    <trkpt lat="52.4775691" lon="5.5683484"><ele>4.0</ele><time>2025-09-21T08:41:33Z</time></trkpt>
    <trkpt lat="52.4774756" lon="5.5683923"><ele>5.1</ele><time>2025-09-21T08:41:34Z</time></trkpt>
    <trkpt lat="52.4773892" lon="5.5683411"><ele>4.1</ele><time>2025-09-21T08:41:35Z</time></trkpt>
    <trkpt lat="52.4773030" lon="5.5683432"><ele>4.4</ele><time>2025-09-21T08:41:36Z</time></trkpt>
    <trkpt lat="52.4772081" lon="5.5683383"><ele>4.1</ele><time>2025-09-21T08:41:38Z</time></trkpt>
    <trkpt lat="52.4771563" lon="5.5683251"><ele>4.0</ele><time>2025-09-21T08:41:39Z</time></trkpt>
    <trkpt lat="52.4770122" lon="5.5683559"><ele>4.1</ele><time>2025-09-21T08:41:40Z</time></trkpt>
    <trkpt lat="52.4769214" lon="5.5683616"><ele>4.8</ele><time>2025-09-21T08:41:41Z</time></trkpt>
    <trkpt lat="52.4768483" lon="5.5683731"><ele>4.8</ele><time>2025-09-21T08:41:43Z</time></trkpt>
    <trkpt lat="52.4767332" lon="5.5683635"><ele>4.3</ele><time>2025-09-21T08:41:44Z</time></trkpt>
    <trkpt lat="52.4766837" lon="5.5683316"><ele>4.3</ele><time>2025-09-21T08:41:45Z</time></trkpt>
    <trkpt lat="52.4765633" lon="5.5683131"><ele>4.5</ele><time>2025-09-21T08:41:46Z</time></trkpt>
    <trkpt lat="52.4764975" lon="5.5683427"><ele>4.0</ele><time>2025-09-21T08:41:48Z</time></trkpt>
    <trkpt lat="52.4764001" lon="5.5683522"><ele>4.1</ele><time>2025-09-21T08:41:49Z</time></trkpt>
    <trkpt lat="52.4763412" lon="5.5683132"><ele>4.7</ele><time>2025-09-21T08:41:50Z</time></trkpt>
    <trkpt lat="52.4762297" lon="5.5683335"><ele>4.2</ele><time>2025-09-21T08:41:51Z</time></trkpt>
    <trkpt lat="52.4761400" lon="5.5683792"><ele>3.6</ele><time>2025-09-21T08:41:53Z</time></trkpt>
    <trkpt lat="52.4760388" lon="5.5683334"><ele>4.5</ele><time>2025-09-21T08:41:54Z</time></trkpt>
    <trkpt lat="52.4759656" lon="5.5683156"><ele>4.6</ele><time>2025-09-21T08:41:55Z</time></trkpt>
    <trkpt lat="52.4758654" lon="5.5683744"><ele>5.1</ele><time>2025-09-21T08:41:56Z</time></trkpt>
    <trkpt lat="52.4757744" lon="5.5683768"><ele>4.6</ele><time>2025-09-21T08:41:58Z</time></trkpt>
    <trkpt lat="52.4756892" lon="5.5683634"><ele>4.5</ele><time>2025-09-21T08:41:59Z</time></trkpt>
    <trkpt lat="52.4756093" lon="5.5683943"><ele>4.7</ele><time>2025-09-21T08:42:00Z</time></trkpt>
    <trkpt lat="52.4754884" lon="5.5683162"><ele>4.4</ele><time>2025-09-21T08:42:01Z</time></trkpt>
    <trkpt lat="52.4753938" lon="5.5683176"><ele>4.7</ele><time>2025-09-21T08:42:03Z</time></trkpt>
    <trkpt lat="52.4753156" lon="5.5683585"><ele>4.5</ele><time>2025-09-21T08:42:04Z</time></trkpt>
    <trkpt lat="52.4752458" lon="5.5683676"><ele>5.2</ele><time>2025-09-21T08:42:05Z</time></trkpt>
    <trkpt lat="52.4751388" lon="5.5683390"><ele>4.8</ele><time>2025-09-21T08:42:06Z</time></trkpt>
    <trkpt lat="52.4750520" lon="5.5683840"><ele>4.4</ele><time>2025-09-21T08:42:08Z</time></trkpt>
    <trkpt lat="52.4749793" lon="5.5683381"><ele>5.0</ele><time>2025-09-21T08:42:09Z</time></trkpt>
    <trkpt lat="52.4748888" lon="5.5683215"><ele>4.8</ele><time>2025-09-21T08:42:10Z</time></trkpt>
    <trkpt lat="52.4747778" lon="5.5683723"><ele>4.5</ele><time>2025-09-21T08:42:11Z</time></trkpt>
    <trkpt lat="52.4747018" lon="5.5683551"><ele>4.1</ele><time>2025-09-21T08:42:13Z</time></trkpt>
    <trkpt lat="52.4746128" lon="5.5683607"><ele>4.4</ele><time>2025-09-21T08:42:14Z</time></trkpt>
    <trkpt lat="52.4745303" lon="5.5683531"><ele>4.5</ele><time>2025-09-21T08:42:15Z</time></trkpt>
    <trkpt lat="52.4744109" lon="5.5683461"><ele>4.5</ele><time>2025-09-21T08:42:16Z</time></trkpt>
    <trkpt lat="52.4743219" lon="5.5683287"><ele>4.9</ele><time>2025-09-21T08:42:18Z</time></trkpt>
    <trkpt lat="52.4742496" lon="5.5683547"><ele>4.6</ele><time>2025-09-21T08:42:19Z</time></trkpt>
    <trkpt lat="52.4741324" lon="5.5683745"><ele>5.1</ele><time>2025-09-21T08:42:20Z</time></trkpt>
    <trkpt lat="52.4740533" lon="5.5683346"><ele>4.2</ele><time>2025-09-21T08:42:21Z</time></trkpt>
    <trkpt lat="52.4739738" lon="5.5683253"><ele>4.8</ele><time>2025-09-21T08:42:23Z</time></trkpt>
    <trkpt lat="52.4738965" lon="5.5683268"><ele>4.3</ele><time>2025-09-21T08:42:24Z</time></trkpt>
    <trkpt lat="52.4738150" lon="5.5683447"><ele>4.4</ele><time>2025-09-21T08:42:25Z</time></trkpt>
    <trkpt lat="52.4737069" lon="5.5683203"><ele>4.7</ele><time>2025-09-21T08:42:26Z</time></trkpt>
    <trkpt lat="52.4736107" lon="5.5683368"><ele>4.8</ele><time>2025-09-21T08:42:28Z</time></trkpt>
    <trkpt lat="52.4735244" lon="5.5683248"><ele>4.2</ele><time>2025-09-21T08:42:29Z</time></trkpt>
    <trkpt lat="52.4734308" lon="5.5683587"><ele>4.6</ele><time>2025-09-21T08:42:30Z</time></trkpt>
    <trkpt lat="52.4733455" lon="5.5683447"><ele>4.2</ele><time>2025-09-21T08:42:31Z</time></trkpt>
    <trkpt lat="52.4732497" lon="5.5683731"><ele>4.4</ele><time>2025-09-21T08:42:33Z</time></trkpt>
    <trkpt lat="52.4731678" lon="5.5683177"><ele>4.2</ele><time>2025-09-21T08:42:34Z</time></trkpt>
    <trkpt lat="52.4730906" lon="5.5683219"><ele>4.8</ele><time>2025-09-21T08:42:35Z</time></trkpt>
    <trkpt lat="52.4729897" lon="5.5683523"><ele>4.7</ele><time>2025-09-21T08:42:36Z</time></trkpt>
    <trkpt lat="52.4729002" lon="5.5683456"><ele>4.1</ele><time>2025-09-21T08:42:38Z</time></trkpt>
    <trkpt lat="52.4728051" lon="5.5683377"><ele>3.5</ele><time>2025-09-21T08:42:39Z</time></trkpt>
    <trkpt lat="52.4727060" lon="5.5683194"><ele>5.3</ele><time>2025-09-21T08:42:40Z</time></trkpt>
    <trkpt lat="52.4726023" lon="5.5683114"><ele>4.8</ele><time>2025-09-21T08:42:41Z</time></trkpt>
    <trkpt lat="52.4725443" lon="5.5683242"><ele>4.5</ele><time>2025-09-21T08:42:43Z</time></trkpt>
    <trkpt lat="52.4724477" lon="5.5683826"><ele>4.8</ele><time>2025-09-21T08:42:44Z</time></trkpt>
    <trkpt lat="52.4723587" lon="5.5683425"><ele>4.5</ele><time>2025-09-21T08:42:45Z</time></trkpt>
    <trkpt lat="52.4722872" lon="5.5683455"><ele>5.1</ele><time>2025-09-21T08:42:46Z</time></trkpt>
    <trkpt lat="52.4721754" lon="5.5683472"><ele>4.6</ele><time>2025-09-21T08:42:48Z</time></trkpt>
    <trkpt lat="52.4720981" lon="5.5683690"><ele>4.5</ele><time>2025-09-21T08:42:49Z</time></trkpt>
    <trkpt lat="52.4720297" lon="5.5683118"><ele>5.1</ele><time>2025-09-21T08:42:50Z</time></trkpt>
    <trkpt lat="52.4719131" lon="5.5683578"><ele>5.0</ele><time>2025-09-21T08:42:51Z</time></trkpt>
    <trkpt lat="52.4718204" lon="5.5683838"><ele>4.6</ele><time>2025-09-21T08:42:53Z</time></trkpt>
    <trkpt lat="52.4717552" lon="5.5683434"><ele>4.4</ele><time>2025-09-21T08:42:54Z</time></trkpt>
    <trkpt lat="52.4716534" lon="5.5683380"><ele>4.8</ele><time>2025-09-21T08:42:55Z</time></trkpt>
    <trkpt lat="52.4715607" lon="5.5683477"><ele>4.6</ele><time>2025-09-21T08:42:56Z</time></trkpt>
    <trkpt lat="52.4714643" lon="5.5683473"><ele>4.7</ele><time>2025-09-21T08:42:58Z</time></trkpt>
    <trkpt lat="52.4713762" lon="5.5683529"><ele>4.6</ele><time>2025-09-21T08:42:59Z</time></trkpt>
    <trkpt lat="52.4712674" lon="5.5683597"><ele>5.2</ele><time>2025-09-21T08:43:00Z</time></trkpt>
    <trkpt lat="52.4711942" lon="5.5683708"><ele>4.8</ele><time>2025-09-21T08:43:01Z</time></trkpt>
    <trkpt lat="52.4711067" lon="5.5683883"><ele>4.0</ele><time>2025-09-21T08:43:03Z</time></trkpt>
    <trkpt lat="52.4709836" lon="5.5683573"><ele>4.4</ele><time>2025-09-21T08:43:04Z</time></trkpt>
    <trkpt lat="52.4709060" lon="5.5683804"><ele>3.9</ele><time>2025-09-21T08:43:05Z</time></trkpt>
    <trkpt lat="52.4708358" lon="5.5683413"><ele>5.3</ele><time>2025-09-21T08:43:06Z</time></trkpt>
    <trkpt lat="52.4707400" lon="5.5683432"><ele>4.0</ele><time>2025-09-21T08:43:08Z</time></trkpt>
    <trkpt lat="52.4706487" lon="5.5683952"><ele>4.7</ele><time>2025-09-21T08:43:09Z</time></trkpt>
    <trkpt lat="52.4705593" lon="5.5683716"><ele>4.2</ele><time>2025-09-21T08:43:10Z</time></trkpt>
    <trkpt lat="52.4704699" lon="5.5683391"><ele>4.9</ele><time>2025-09-21T08:43:11Z</time></trkpt>
    <trkpt lat="52.4703745" lon="5.5683720"><ele>4.4</ele><time>2025-09-21T08:43:13Z</time></trkpt>
    <trkpt lat="52.4702918" lon="5.5683191"><ele>5.4</ele><time>2025-09-21T08:43:14Z</time></trkpt>
    <trkpt lat="52.4701975" lon="5.5683593"><ele>5.1</ele><time>2025-09-21T08:43:15Z</time></trkpt>
    <trkpt lat="52.4701271" lon="5.5683595"><ele>5.2</ele><time>2025-09-21T08:43:16Z</time></trkpt>
    <trkpt lat="52.4700227" lon="5.5683225"><ele>4.4</ele><time>2025-09-21T08:43:18Z</time></trkpt>
    <trkpt lat="52.4699306" lon="5.5683769"><ele>4.6</ele><time>2025-09-21T08:43:19Z</time></trkpt>
    <trkpt lat="52.4698356" lon="5.5683055"><ele>4.3</ele><time>2025-09-21T08:43:20Z</time></trkpt>
    <trkpt lat="52.4697542" lon="5.5683280"><ele>4.4</ele><time>2025-09-21T08:43:21Z</time></trkpt>
    <trkpt lat="52.4696745" lon="5.5683543"><ele>4.7</ele><time>2025-09-21T08:43:23Z</time></trkpt>
    <trkpt lat="52.4695767" lon="5.5683509"><ele>4.1</ele><time>2025-09-21T08:43:24Z</time></trkpt>
    <trkpt lat="52.4694751" lon="5.5683417"><ele>5.3</ele><time>2025-09-21T08:43:25Z</time></trkpt>
    <trkpt lat="52.4693876" lon="5.5683230"><ele>4.7</ele><time>2025-09-21T08:43:26Z</time></trkpt>
    <trkpt lat="52.4693115" lon="5.5683397"><ele>4.0</ele><time>2025-09-21T08:43:28Z</time></trkpt>
    <trkpt lat="52.4692156" lon="5.5683725"><ele>3.6</ele><time>2025-09-21T08:43:29Z</time></trkpt>
    <trkpt lat="52.4691061" lon="5.5683193"><ele>4.4</ele><time>2025-09-21T08:43:30Z</time></trkpt>
    <trkpt lat="52.4690375" lon="5.5683430"><ele>4.8</ele><time>2025-09-21T08:43:31Z</time></trkpt>
    <trkpt lat="52.4689495" lon="5.5683637"><ele>4.2</ele><time>2025-09-21T08:43:33Z</time></trkpt>
    <trkpt lat="52.4688370" lon="5.5683186"><ele>4.7</ele><time>2025-09-21T08:43:34Z</time></trkpt>
    <trkpt lat="52.4687473" lon="5.5683294"><ele>4.2</ele><time>2025-09-21T08:43:35Z</time></trkpt>
    <trkpt lat="52.4686558" lon="5.5683597"><ele>4.4</ele><time>2025-09-21T08:43:36Z</time></trkpt>
    <trkpt lat="52.4685948" lon="5.5683668"><ele>3.8</ele><time>2025-09-21T08:43:38Z</time></trkpt>
    <trkpt lat="52.4684862" lon="5.5683505"><ele>5.5</ele><time>2025-09-21T08:43:39Z</time></trkpt>
    <trkpt lat="52.4683852" lon="5.5683457"><ele>4.3</ele><time>2025-09-21T08:43:40Z</time></trkpt>
    <trkpt lat="52.4683076" lon="5.5683509"><ele>4.8</ele><time>2025-09-21T08:43:41Z</time></trkpt>
    <trkpt lat="52.4682248" lon="5.5683426"><ele>5.9</ele><time>2025-09-21T08:43:43Z</time></trkpt>
    <trkpt lat="52.4681456" lon="5.5683612"><ele>4.5</ele><time>2025-09-21T08:43:44Z</time></trkpt>
    <trkpt lat="52.4680670" lon="5.5682978"><ele>4.3</ele><time>2025-09-21T08:43:45Z</time></trkpt>
    <trkpt lat="52.4679356" lon="5.5683668"><ele>4.6</ele><time>2025-09-21T08:43:46Z</time></trkpt>
    <trkpt lat="52.4678501" lon="5.5683756"><ele>5.3</ele><time>2025-09-21T08:43:48Z</time></trkpt>
    <trkpt lat="52.4677800" lon="5.5683735"><ele>4.4</ele><time>2025-09-21T08:43:49Z</time></trkpt>
    <trkpt lat="52.4676578" lon="5.5683726"><ele>5.0</ele><time>2025-09-21T08:43:50Z</time></trkpt>
    <trkpt lat="52.4675882" lon="5.5683089"><ele>5.0</ele><time>2025-09-21T08:43:51Z</time></trkpt>
    <trkpt lat="52.4674801" lon="5.5683594"><ele>3.8</ele><time>2025-09-21T08:43:53Z</time></trkpt>
    <trkpt lat="52.4674082" lon="5.5683244"><ele>4.2</ele><time>2025-09-21T08:43:54Z</time></trkpt>
    <trkpt lat="52.4673208" lon="5.5683736"><ele>5.2</ele><time>2025-09-21T08:43:55Z</time></trkpt>
    <trkpt lat="52.4672190" lon="5.5683821"><ele>5.0</ele><time>2025-09-21T08:43:56Z</time></trkpt>
    <trkpt lat="52.4671303" lon="5.5683815"><ele>4.4</ele><time>2025-09-21T08:43:58Z</time></trkpt>
    <trkpt lat="52.4670423" lon="5.5683344"><ele>4.5</ele><time>2025-09-21T08:43:59Z</time></trkpt>
    <trkpt lat="52.4669550" lon="5.5683595"><ele>3.9</ele><time>2025-09-21T08:44:00Z</time></trkpt>
    <trkpt lat="52.4668940" lon="5.5683668"><ele>5.0</ele><time>2025-09-21T08:44:01Z</time></trkpt>
    <trkpt lat="52.4667794" lon="5.5683215"><ele>4.4</ele><time>2025-09-21T08:44:03Z</time></trkpt>
    <trkpt lat="52.4667107" lon="5.5683380"><ele>4.1</ele><time>2025-09-21T08:44:04Z</time></trkpt>
    <trkpt lat="52.4666115" lon="5.5683465"><ele>4.5</ele><time>2025-09-21T08:44:05Z</time></trkpt>
    <trkpt lat="52.4665147" lon="5.5683588"><ele>4.7</ele><time>2025-09-21T08:44:06Z</time></trkpt>
    <trkpt lat="52.4664276" lon="5.5683604"><ele>4.7</ele><time>2025-09-21T08:44:08Z</time></trkpt>
    <trkpt lat="52.4663464" lon="5.5683626"><ele>4.7</ele><time>2025-09-21T08:44:09Z</time></trkpt>
    <trkpt lat="52.4662519" lon="5.5683636"><ele>4.2</ele><time>2025-09-21T08:44:10Z</time></trkpt>
    <trkpt lat="52.4661532" lon="5.5683431"><ele>4.2</ele><time>2025-09-21T08:44:11Z</time></trkpt>
    <trkpt lat="52.4660583" lon="5.5683433"><ele>4.2</ele><time>2025-09-21T08:44:13Z</time></trkpt>
    <trkpt lat="52.4660177" lon="5.5683610"><ele>5.3</ele><time>2025-09-21T08:44:14Z</time></trkpt>
    <trkpt lat="52.4658885" lon="5.5683538"><ele>4.4</ele><time>2025-09-21T08:44:15Z</time></trkpt>
    <trkpt lat="52.4658054" lon="5.5683490"><ele>4.7</ele><time>2025-09-21T08:44:16Z</time></trkpt>
    <trkpt lat="52.4657202" lon="5.5683604"><ele>4.3</ele><time>2025-09-21T08:44:18Z</time></trkpt>
    <trkpt lat="52.4656202" lon="5.5683705"><ele>4.1</ele><time>2025-09-21T08:44:19Z</time></trkpt>
    <trkpt lat="52.4655157" lon="5.5683821"><ele>4.8</ele><time>2025-09-21T08:44:20Z</time></trkpt>
    <trkpt lat="52.4654289" lon="5.5683388"><ele>5.0</ele><time>2025-09-21T08:44:21Z</time></trkpt>
    <trkpt lat="52.4653483" lon="5.5683635"><ele>4.2</ele><time>2025-09-21T08:44:23Z</time></trkpt>
    <trkpt lat="52.4652519" lon="5.5683172"><ele>4.4</ele><time>2025-09-21T08:44:24Z</time></trkpt>
    <trkpt lat="52.4651685" lon="5.5683744"><ele>4.9</ele><time>2025-09-21T08:44:25Z</time></trkpt>
    <trkpt lat="52.4650910" lon="5.5683430"><ele>4.8</ele><time>2025-09-21T08:44:26Z</time></trkpt>
    <trkpt lat="52.4650000" lon="5.5683496"><ele>5.2</ele><time>2025-09-21T08:44:28Z</time></trkpt>
    <trkpt lat="52.4648815" lon="5.5683250"><ele>4.2</ele><time>2025-09-21T08:44:29Z</time></trkpt>
    <trkpt lat="52.4647965" lon="5.5683428"><ele>4.6</ele><time>2025-09-21T08:44:30Z</time></trkpt>
    <trkpt lat="52.4647435" lon="5.5683252"><ele>4.5</ele><time>2025-09-21T08:44:31Z</time></trkpt>
    <trkpt lat="52.4646270" lon="5.5683600"><ele>4.3</ele><time>2025-09-21T08:44:33Z</time></trkpt>
    <trkpt lat="52.4645377" lon="5.5683581"><ele>4.6</ele><time>2025-09-21T08:44:34Z</time></trkpt>
    <trkpt lat="52.4644387" lon="5.5683721"><ele>3.8</ele><time>2025-09-21T08:44:35Z</time></trkpt>
    <trkpt lat="52.4643631" lon="5.5683412"><ele>3.7</ele><time>2025-09-21T08:44:36Z</time></trkpt>
    <trkpt lat="52.4642713" lon="5.5683657"><ele>4.0</ele><time>2025-09-21T08:44:38Z</time></trkpt>
    <trkpt lat="52.4641925" lon="5.5683606"><ele>4.5</ele><time>2025-09-21T08:44:39Z</time></trkpt>
    <trkpt lat="52.4640979" lon="5.5683667"><ele>5.0</ele><time>2025-09-21T08:44:40Z</time></trkpt>
    <trkpt lat="52.4639905" lon="5.5683820"><ele>4.4</ele><time>2025-09-21T08:44:41Z</time></trkpt>
    <trkpt lat="52.4638972" lon="5.5683571"><ele>4.6</ele><time>2025-09-21T08:44:43Z</time></trkpt>
    <trkpt lat="52.4638250" lon="5.5683644"><ele>3.8</ele><time>2025-09-21T08:44:44Z</time></trkpt>
    <trkpt lat="52.4636977" lon="5.5683427"><ele>4.5</ele><time>2025-09-21T08:44:45Z</time></trkpt>
    <trkpt lat="52.4636515" lon="5.5683560"><ele>4.9</ele><time>2025-09-21T08:44:46Z</time></trkpt>
    <trkpt lat="52.4635497" lon="5.5683361"><ele>4.6</ele><time>2025-09-21T08:44:48Z</time></trkpt>
    <trkpt lat="52.4634767" lon="5.5683737"><ele>4.4</ele><time>2025-09-21T08:44:49Z</time></trkpt>
    <trkpt lat="52.4633818" lon="5.5683249"><ele>4.4</ele><time>2025-09-21T08:44:50Z</time></trkpt>
    <trkpt lat="52.4632838" lon="5.5683176"><ele>4.2</ele><time>2025-09-21T08:44:51Z</time></trkpt>
    <trkpt lat="52.4632074" lon="5.5683579"><ele>4.5</ele><time>2025-09-21T08:44:53Z</time></trkpt>
    <trkpt lat="52.4631074" lon="5.5683397"><ele>4.4</ele><time>2025-09-21T08:44:54Z</time></trkpt>
    <trkpt lat="52.4630250" lon="5.5683596"><ele>4.6</ele><time>2025-09-21T08:44:55Z</time></trkpt>
    <trkpt lat="52.4629213" lon="5.5683679"><ele>4.5</ele><time>2025-09-21T08:44:56Z</time></trkpt>
    <trkpt lat="52.4628219" lon="5.5683351"><ele>4.9</ele><time>2025-09-21T08:44:58Z</time></trkpt>
    <trkpt lat="52.4627278" lon="5.5683860"><ele>4.8</ele><time>2025-09-21T08:44:59Z</time></trkpt>
    <trkpt lat="52.4626418" lon="5.5683771"><ele>4.8</ele><time>2025-09-21T08:45:00Z</time></trkpt>
    <trkpt lat="52.4625786" lon="5.5683703"><ele>5.2</ele><time>2025-09-21T08:45:01Z</time></trkpt>
    <trkpt lat="52.4624778" lon="5.5683585"><ele>4.2</ele><time>2025-09-21T08:45:03Z</time></trkpt>
    <trkpt lat="52.4623833" lon="5.5683640"><ele>4.4</ele><time>2025-09-21T08:45:04Z</time></trkpt>
    <trkpt lat="52.4623044" lon="5.5683613"><ele>4.9</ele><time>2025-09-21T08:45:05Z</time></trkpt>
    <trkpt lat="52.4622270" lon="5.5683748"><ele>3.9</ele><time>2025-09-21T08:45:06Z</time></trkpt>
    <trkpt lat="52.4621121" lon="5.5683555"><ele>4.4</ele><time>2025-09-21T08:45:08Z</time></trkpt>
    <trkpt lat="52.4620050" lon="5.5683489"><ele>4.4</ele><time>2025-09-21T08:45:09Z</time></trkpt>
    <trkpt lat="52.4619276" lon="5.5683855"><ele>4.5</ele><time>2025-09-21T08:45:10Z</time></trkpt>
    <trkpt lat="52.4618437" lon="5.5683680"><ele>4.1</ele><time>2025-09-21T08:45:11Z</time></trkpt>
    <trkpt lat="52.4617692" lon="5.5683481"><ele>4.2</ele><time>2025-09-21T08:45:13Z</time></trkpt>
    <trkpt lat="52.4616894" lon="5.5683323"><ele>4.6</ele><time>2025-09-21T08:45:14Z</time></trkpt>
    <trkpt lat="52.4615508" lon="5.5683354"><ele>4.2</ele><time>2025-09-21T08:45:15Z</time></trkpt>
    <trkpt lat="52.4614824" lon="5.5683309"><ele>4.9</ele><time>2025-09-21T08:45:16Z</time></trkpt>
    <trkpt lat="52.4613895" lon="5.5683767"><ele>4.8</ele><time>2025-09-21T08:45:18Z</time></trkpt>
    <trkpt lat="52.4612708" lon="5.5683502"><ele>4.8</ele><time>2025-09-21T08:45:19Z</time></trkpt>
    <trkpt lat="52.4612019" lon="5.5683423"><ele>4.9</ele><time>2025-09-21T08:45:20Z</time></trkpt>
    <trkpt lat="52.4611364" lon="5.5683608"><ele>4.9</ele><time>2025-09-21T08:45:21Z</time></trkpt>
    <trkpt lat="52.4610333" lon="5.5683765"><ele>5.3</ele><time>2025-09-21T08:45:23Z</time></trkpt>
    <trkpt lat="52.4609580" lon="5.5683381"><ele>5.2</ele><time>2025-09-21T08:45:24Z</time></trkpt>
    <trkpt lat="52.4608471" lon="5.5683565"><ele>4.8</ele><time>2025-09-21T08:45:25Z</time></trkpt>
    <trkpt lat="52.4607730" lon="5.5683838"><ele>4.3</ele><time>2025-09-21T08:45:26Z</time></trkpt>
    <trkpt lat="52.4606561" lon="5.5683640"><ele>4.9</ele><time>2025-09-21T08:45:28Z</time></trkpt>
    <trkpt lat="52.4605834" lon="5.5683848"><ele>4.7</ele><time>2025-09-21T08:45:29Z</time></trkpt>
    <trkpt lat="52.4604965" lon="5.5683545"><ele>4.6</ele><time>2025-09-21T08:45:30Z</time></trkpt>
    <trkpt lat="52.4604450" lon="5.5683560"><ele>4.4</ele><time>2025-09-21T08:45:31Z</time></trkpt>
    <trkpt lat="52.4603043" lon="5.5683833"><ele>4.6</ele><time>2025-09-21T08:45:33Z</time></trkpt>
    <trkpt lat="52.4602154" lon="5.5683600"><ele>4.8</ele><time>2025-09-21T08:45:34Z</time></trkpt>
    <trkpt lat="52.4601536" lon="5.5683782"><ele>4.7</ele><time>2025-09-21T08:45:35Z</time></trkpt>
    <trkpt lat="52.4600576" lon="5.5683389"><ele>4.6</ele><time>2025-09-21T08:45:36Z</time></trkpt>
    <trkpt lat="52.4599254" lon="5.5684017"><ele>4.5</ele><time>2025-09-21T08:45:38Z</time></trkpt>
    <trkpt lat="52.4598808" lon="5.5683634"><ele>4.0</ele><time>2025-09-21T08:45:39Z</time></trkpt>
    <trkpt lat="52.4597806" lon="5.5683862"><ele>3.7</ele><time>2025-09-21T08:45:40Z</time></trkpt>
    <trkpt lat="52.4596588" lon="5.5684122"><ele>4.1</ele><time>2025-09-21T08:45:41Z</time></trkpt>
    <trkpt lat="52.4596030" lon="5.5683436"><ele>4.3</ele><time>2025-09-21T08:45:43Z</time></trkpt>
    <trkpt lat="52.4594973" lon="5.5683596"><ele>4.7</ele><time>2025-09-21T08:45:44Z</time></trkpt>
    <trkpt lat="52.4594402" lon="5.5683801"><ele>3.9</ele><time>2025-09-21T08:45:45Z</time></trkpt>
    <trkpt lat="52.4593197" lon="5.5683459"><ele>4.3</ele><time>2025-09-21T08:45:46Z</time></trkpt>
    <trkpt lat="52.4592459" lon="5.5683591"><ele>4.3</ele><time>2025-09-21T08:45:48Z</time></trkpt>
    <trkpt lat="52.4591647" lon="5.5683481"><ele>5.0</ele><time>2025-09-21T08:45:49Z</time></trkpt>
    <trkpt lat="52.4590845" lon="5.5684031"><ele>4.2</ele><time>2025-09-21T08:45:50Z</time></trkpt>
    <trkpt lat="52.4589778" lon="5.5683911"><ele>4.5</ele><time>2025-09-21T08:45:51Z</time></trkpt>
    <trkpt lat="52.4588696" lon="5.5683764"><ele>4.1</ele><time>2025-09-21T08:45:53Z</time></trkpt>
    <trkpt lat="52.4587683" lon="5.5683569"><ele>4.3</ele><time>2025-09-21T08:45:54Z</time></trkpt>
    <trkpt lat="52.4586851" lon="5.5683646"><ele>4.2</ele><time>2025-09-21T08:45:55Z</time></trkpt>
    <trkpt lat="52.4585931" lon="5.5683201"><ele>4.5</ele><time>2025-09-21T08:45:56Z</time></trkpt>
    <trkpt lat="52.4585204" lon="5.5683488"><ele>4.3</ele><time>2025-09-21T08:45:58Z</time></trkpt>
    <trkpt lat="52.4584069" lon="5.5683518"><ele>5.2</ele><time>2025-09-21T08:45:59Z</time></trkpt>
    <trkpt lat="52.4583505" lon="5.5683579"><ele>4.2</ele><time>2025-09-21T08:46:00Z</time></trkpt>
    <trkpt lat="52.4582529" lon="5.5683377"><ele>4.3</ele><time>2025-09-21T08:46:01Z</time></trkpt>
    <trkpt lat="52.4581674" lon="5.5683619"><ele>4.8</ele><time>2025-09-21T08:46:03Z</time></trkpt>
    <trkpt lat="52.4580721" lon="5.5683802"><ele>3.7</ele><time>2025-09-21T08:46:04Z</time></trkpt>
    <trkpt lat="52.4579993" lon="5.5683743"><ele>4.7</ele><time>2025-09-21T08:46:05Z</time></trkpt>
    <trkpt lat="52.4578963" lon="5.5683857"><ele>4.7</ele><time>2025-09-21T08:46:06Z</time></trkpt>
    <trkpt lat="52.4577798" lon="5.5683772"><ele>3.7</ele><time>2025-09-21T08:46:08Z</time></trkpt>
    <trkpt lat="52.4577183" lon="5.5683651"><ele>4.7</ele><time>2025-09-21T08:46:09Z</time></trkpt>
    <trkpt lat="52.4576135" lon="5.5683583"><ele>4.1</ele><time>2025-09-21T08:46:10Z</time></trkpt>
    <trkpt lat="52.4575348" lon="5.5683712"><ele>4.8</ele><time>2025-09-21T08:46:11Z</time></trkpt>
    <trkpt lat="52.4574569" lon="5.5683618"><ele>4.2</ele><time>2025-09-21T08:46:13Z</time></trkpt>
    <trkpt lat="52.4573400" lon="5.5683881"><ele>5.1</ele><time>2025-09-21T08:46:14Z</time></trkpt>
    <trkpt lat="52.4572474" lon="5.5683859"><ele>4.7</ele><time>2025-09-21T08:46:15Z</time></trkpt>
    <trkpt lat="52.4571952" lon="5.5683428"><ele>4.9</ele><time>2025-09-21T08:46:16Z</time></trkpt>
    <trkpt lat="52.4570856" lon="5.5683670"><ele>4.5</ele><time>2025-09-21T08:46:18Z</time></trkpt>
    <trkpt lat="52.4569765" lon="5.5683545"><ele>4.5</ele><time>2025-09-21T08:46:19Z</time></trkpt>
    <trkpt lat="52.4569056" lon="5.5683874"><ele>5.0</ele><time>2025-09-21T08:46:20Z</time></trkpt>
    <trkpt lat="52.4568187" lon="5.5683870"><ele>4.2</ele><time>2025-09-21T08:46:21Z</time></trkpt>
    <trkpt lat="52.4567162" lon="5.5683441"><ele>3.6</ele><time>2025-09-21T08:46:23Z</time></trkpt>
    <trkpt lat="52.4566329" lon="5.5683311"><ele>5.0</ele><time>2025-09-21T08:46:24Z</time></trkpt>
    <trkpt lat="52.4565440" lon="5.5684138"><ele>4.9</ele><time>2025-09-21T08:46:25Z</time></trkpt>
    <trkpt lat="52.4564402" lon="5.5683730"><ele>4.9</ele><time>2025-09-21T08:46:26Z</time></trkpt>
    <trkpt lat="52.4563702" lon="5.5683650"><ele>3.8</ele><time>2025-09-21T08:46:28Z</time></trkpt>
    <trkpt lat="52.4562855" lon="5.5683582"><ele>4.4</ele><time>2025-09-21T08:46:29Z</time></trkpt>
    <trkpt lat="52.4561938" lon="5.5683659"><ele>5.1</ele><time>2025-09-21T08:46:30Z</time></trkpt>
    <trkpt lat="52.4560945" lon="5.5683956"><ele>4.3</ele><time>2025-09-21T08:46:31Z</time></trkpt>
    <trkpt lat="52.4559939" lon="5.5683874"><ele>4.0</ele><time>2025-09-21T08:46:33Z</time></trkpt>
    <trkpt lat="52.4559123" lon="5.5683483"><ele>4.2</ele><time>2025-09-21T08:46:34Z</time></trkpt>
    <trkpt lat="52.4558359" lon="5.5683485"><ele>4.1</ele><time>2025-09-21T08:46:35Z</time></trkpt>
    <trkpt lat="52.4557340" lon="5.5683399"><ele>4.8</ele><time>2025-09-21T08:46:36Z</time></trkpt>
    <trkpt lat="52.4556301" lon="5.5683553"><ele>5.5</ele><time>2025-09-21T08:46:38Z</time></trkpt>
    <trkpt lat="52.4555895" lon="5.5683574"><ele>4.2</ele><time>2025-09-21T08:46:39Z</time></trkpt>
    <trkpt lat="52.4554472" lon="5.5683957"><ele>5.2</ele><time>2025-09-21T08:46:40Z</time></trkpt>
    <trkpt lat="52.4553776" lon="5.5683789"><ele>4.3</ele><time>2025-09-21T08:46:41Z</time></trkpt>
    <trkpt lat="52.4553019" lon="5.5684028"><ele>4.6</ele><time>2025-09-21T08:46:43Z</time></trkpt>
    <trkpt lat="52.4551857" lon="5.5683726"><ele>4.8</ele><time>2025-09-21T08:46:44Z</time></trkpt>
    <trkpt lat="52.4551117" lon="5.5683619"><ele>3.8</ele><time>2025-09-21T08:46:45Z</time></trkpt>
    <trkpt lat="52.4550287" lon="5.5683780"><ele>4.6</ele><time>2025-09-21T08:46:46Z</time></trkpt>
    <trkpt lat="52.4549147" lon="5.5684039"><ele>5.0</ele><time>2025-09-21T08:46:48Z</time></trkpt>
    <trkpt lat="52.4548366" lon="5.5683718"><ele>4.7</ele><time>2025-09-21T08:46:49Z</time></trkpt>
    <trkpt lat="52.4547218" lon="5.5683996"><ele>4.6</ele><time>2025-09-21T08:46:50Z</time></trkpt>
    <trkpt lat="52.4546664" lon="5.5683669"><ele>4.5</ele><time>2025-09-21T08:46:51Z</time></trkpt>
    <trkpt lat="52.4545689" lon="5.5683597"><ele>4.9</ele><time>2025-09-21T08:46:53Z</time></trkpt>
    <trkpt lat="52.4544786" lon="5.5683545"><ele>4.5</ele><time>2025-09-21T08:46:54Z</time></trkpt>
    <trkpt lat="52.4543859" lon="5.5683572"><ele>5.3</ele><time>2025-09-21T08:46:55Z</time></trkpt>
    <trkpt lat="52.4543041" lon="5.5683592"><ele>4.7</ele><time>2025-09-21T08:46:56Z</time></trkpt>
    <trkpt lat="52.4542018" lon="5.5683967"><ele>4.1</ele><time>2025-09-21T08:46:58Z</time></trkpt>
    <trkpt lat="52.4540894" lon="5.5683855"><ele>4.6</ele><time>2025-09-21T08:46:59Z</time></trkpt>
    <trkpt lat="52.4540347" lon="5.5683920"><ele>4.6</ele><time>2025-09-21T08:47:00Z</time></trkpt>
    <trkpt lat="52.4539301" lon="5.5683650"><ele>4.9</ele><time>2025-09-21T08:47:01Z</time></trkpt>
    <trkpt lat="52.4538307" lon="5.5683340"><ele>4.3</ele><time>2025-09-21T08:47:03Z</time></trkpt>
    <trkpt lat="52.4537638" lon="5.5683657"><ele>4.4</ele><time>2025-09-21T08:47:04Z</time></trkpt>
    <trkpt lat="52.4536595" lon="5.5683719"><ele>5.0</ele><time>2025-09-21T08:47:05Z</time></trkpt>
    <trkpt lat="52.4535547" lon="5.5683883"><ele>5.0</ele><time>2025-09-21T08:47:06Z</time></trkpt>
    <trkpt lat="52.4534883" lon="5.5683781"><ele>4.9</ele><time>2025-09-21T08:47:08Z</time></trkpt>
    <trkpt lat="52.4534000" lon="5.5683804"><ele>4.7</ele><time>2025-09-21T08:47:09Z</time></trkpt>
    <trkpt lat="52.4533128" lon="5.5683319"><ele>4.6</ele><time>2025-09-21T08:47:10Z</time></trkpt>
    <trkpt lat="52.4532103" lon="5.5683471"><ele>4.8</ele><time>2025-09-21T08:47:11Z</time></trkpt>
    <trkpt lat="52.4531143" lon="5.5683612"><ele>4.4</ele><time>2025-09-21T08:47:13Z</time></trkpt>
    <trkpt lat="52.4530394" lon="5.5683584"><ele>5.0</ele><time>2025-09-21T08:47:14Z</time></trkpt>
    <trkpt lat="52.4529477" lon="5.5684160"><ele>4.7</ele><time>2025-09-21T08:47:15Z</time></trkpt>
    <trkpt lat="52.4528675" lon="5.5683493"><ele>4.7</ele><time>2025-09-21T08:47:16Z</time></trkpt>
    <trkpt lat="52.4527774" lon="5.5683575"><ele>4.3</ele><time>2025-09-21T08:47:18Z</time></trkpt>
    <trkpt lat="52.4526821" lon="5.5683741"><ele>4.6</ele><time>2025-09-21T08:47:19Z</time></trkpt>
    <trkpt lat="52.4525942" lon="5.5683786"><ele>4.3</ele><time>2025-09-21T08:47:20Z</time></trkpt>
    <trkpt lat="52.4525082" lon="5.5683757"><ele>4.9</ele><time>2025-09-21T08:47:21Z</time></trkpt>
    <trkpt lat="52.4524031" lon="5.5683533"><ele>4.4</ele><time>2025-09-21T08:47:23Z</time></trkpt>
    <trkpt lat="52.4523248" lon="5.5683436"><ele>5.3</ele><time>2025-09-21T08:47:24Z</time></trkpt>
    <trkpt lat="52.4522247" lon="5.5683589"><ele>4.4</ele><time>2025-09-21T08:47:25Z</time></trkpt>
    <trkpt lat="52.4521279" lon="5.5683700"><ele>5.3</ele><time>2025-09-21T08:47:26Z</time></trkpt>
    <trkpt lat="52.4520580" lon="5.5683498"><ele>4.9</ele><time>2025-09-21T08:47:28Z</time></trkpt>
    <trkpt lat="52.4519788" lon="5.5683749"><ele>3.9</ele><time>2025-09-21T08:47:29Z</time></trkpt>
    <trkpt lat="52.4518780" lon="5.5683082"><ele>4.7</ele><time>2025-09-21T08:47:30Z</time></trkpt>
    <trkpt lat="52.4517829" lon="5.5683689"><ele>4.2</ele><time>2025-09-21T08:47:31Z</time></trkpt>
    <trkpt lat="52.4516793" lon="5.5683506"><ele>4.5</ele><time>2025-09-21T08:47:33Z</time></trkpt>
    <trkpt lat="52.4516258" lon="5.5683849"><ele>4.4</ele><time>2025-09-21T08:47:34Z</time></trkpt>
    <trkpt lat="52.4515219" lon="5.5683361"><ele>4.4</ele><time>2025-09-21T08:47:35Z</time></trkpt>
    <trkpt lat="52.4514294" lon="5.5683505"><ele>3.8</ele><time>2025-09-21T08:47:36Z</time></trkpt>
    <trkpt lat="52.4513545" lon="5.5683446"><ele>4.3</ele><time>2025-09-21T08:47:38Z</time></trkpt>
    <trkpt lat="52.4512578" lon="5.5683831"><ele>4.0</ele><time>2025-09-21T08:47:39Z</time></trkpt>
    <trkpt lat="52.4511656" lon="5.5683761"><ele>4.9</ele><time>2025-09-21T08:47:40Z</time></trkpt>
    <trkpt lat="52.4510941" lon="5.5684028"><ele>5.3</ele><time>2025-09-21T08:47:41Z</time></trkpt>
    <trkpt lat="52.4509625" lon="5.5683887"><ele>4.9</ele><time>2025-09-21T08:47:43Z</time></trkpt>
    <trkpt lat="52.4508568" lon="5.5683587"><ele>4.0</ele><time>2025-09-21T08:47:44Z</time></trkpt>
    <trkpt lat="52.4507902" lon="5.5683741"><ele>4.3</ele><time>2025-09-21T08:47:45Z</time></trkpt>
    <trkpt lat="52.4506993" lon="5.5683970"><ele>4.2</ele><time>2025-09-21T08:47:46Z</time></trkpt>
    <trkpt lat="52.4506106" lon="5.5683731"><ele>4.8</ele><time>2025-09-21T08:47:48Z</time></trkpt>
    <trkpt lat="52.4505335" lon="5.5683723"><ele>4.4</ele><time>2025-09-21T08:47:49Z</time></trkpt>
    <trkpt lat="52.4504390" lon="5.5683706"><ele>4.2</ele><time>2025-09-21T08:47:50Z</time></trkpt>
    <trkpt lat="52.4503441" lon="5.5683781"><ele>4.9</ele><time>2025-09-21T08:47:51Z</time></trkpt>
    <trkpt lat="52.4502685" lon="5.5683201"><ele>4.4</ele><time>2025-09-21T08:47:53Z</time></trkpt>
    <trkpt lat="52.4501808" lon="5.5683753"><ele>4.7</ele><time>2025-09-21T08:47:54Z</time></trkpt>
    <trkpt lat="52.4500679" lon="5.5683432"><ele>4.8</ele><time>2025-09-21T08:47:55Z</time></trkpt>
    <trkpt lat="52.4499871" lon="5.5683677"><ele>4.9</ele><time>2025-09-21T08:47:56Z</time></trkpt>
    <trkpt lat="52.4498832" lon="5.5684173"><ele>3.9</ele><time>2025-09-21T08:47:58Z</time></trkpt>
    <trkpt lat="52.4497962" lon="5.5683581"><ele>4.9</ele><time>2025-09-21T08:47:59Z</time></trkpt>
    <trkpt lat="52.4497292" lon="5.5683800"><ele>4.6</ele><time>2025-09-21T08:48:00Z</time></trkpt>
    <trkpt lat="52.4496279" lon="5.5683453"><ele>4.3</ele><time>2025-09-21T08:48:01Z</time></trkpt>
    <trkpt lat="52.4495113" lon="5.5683815"><ele>4.8</ele><time>2025-09-21T08:48:03Z</time></trkpt>
    <trkpt lat="52.4494374" lon="5.5683523"><ele>4.9</ele><time>2025-09-21T08:48:04Z</time></trkpt>
    <trkpt lat="52.4493411" lon="5.5683697"><ele>5.1</ele><time>2025-09-21T08:48:05Z</time></trkpt>
    <trkpt lat="52.4492763" lon="5.5683676"><ele>4.5</ele><time>2025-09-21T08:48:06Z</time></trkpt>
    <trkpt lat="52.4491706" lon="5.5683355"><ele>4.7</ele><time>2025-09-21T08:48:08Z</time></trkpt>
    <trkpt lat="52.4491057" lon="5.5683716"><ele>3.9</ele><time>2025-09-21T08:48:09Z</time></trkpt>
    <trkpt lat="52.4490019" lon="5.5683592"><ele>5.0</ele><time>2025-09-21T08:48:10Z</time></trkpt>
    <trkpt lat="52.4488909" lon="5.5683938"><ele>4.7</ele><time>2025-09-21T08:48:11Z</time></trkpt>
    <trkpt lat="52.4488376" lon="5.5683866"><ele>5.4</ele><time>2025-09-21T08:48:13Z</time></trkpt>
    <trkpt lat="52.4487325" lon="5.5683860"><ele>4.8</ele><time>2025-09-21T08:48:14Z</time></trkpt>
    <trkpt lat="52.4486379" lon="5.5683733"><ele>4.7</ele><time>2025-09-21T08:48:15Z</time></trkpt>
    <trkpt lat="52.4485533" lon="5.5683787"><ele>4.5</ele><time>2025-09-21T08:48:16Z</time></trkpt>
    <trkpt lat="52.4484693" lon="5.5683634"><ele>4.9</ele><time>2025-09-21T08:48:18Z</time></trkpt>
    <trkpt lat="52.4483725" lon="5.5683599"><ele>4.2</ele><time>2025-09-21T08:48:19Z</time></trkpt>
    <trkpt lat="52.4482653" lon="5.5683831"><ele>4.3</ele><time>2025-09-21T08:48:20Z</time></trkpt>
    <trkpt lat="52.4481726" lon="5.5683853"><ele>4.8</ele><time>2025-09-21T08:48:21Z</time></trkpt>
    <trkpt lat="52.4480916" lon="5.5684114"><ele>4.2</ele><time>2025-09-21T08:48:23Z</time></trkpt>
    <trkpt lat="52.4480019" lon="5.5683849"><ele>3.9</ele><time>2025-09-21T08:48:24Z</time></trkpt>
    <trkpt lat="52.4479087" lon="5.5684239"><ele>5.3</ele><time>2025-09-21T08:48:25Z</time></trkpt>
    <trkpt lat="52.4478343" lon="5.5683957"><ele>4.7</ele><time>2025-09-21T08:48:26Z</time></trkpt>
    <trkpt lat="52.4477437" lon="5.5683696"><ele>4.3</ele><time>2025-09-21T08:48:28Z</time></trkpt>
    <trkpt lat="52.4476339" lon="5.5683853"><ele>4.5</ele><time>2025-09-21T08:48:29Z</time></trkpt>
    <trkpt lat="52.4475484" lon="5.5683140"><ele>4.7</ele><time>2025-09-21T08:48:30Z</time></trkpt>
    <trkpt lat="52.4474699" lon="5.5683788"><ele>4.7</ele><time>2025-09-21T08:48:31Z</time></trkpt>
    <trkpt lat="52.4473692" lon="5.5684149"><ele>3.1</ele><time>2025-09-21T08:48:33Z</time></trkpt>
    <trkpt lat="52.4472889" lon="5.5683883"><ele>4.5</ele><time>2025-09-21T08:48:34Z</time></trkpt>
    <trkpt lat="52.4472171" lon="5.5683930"><ele>4.6</ele><time>2025-09-21T08:48:35Z</time></trkpt>
    <trkpt lat="52.4471162" lon="5.5683574"><ele>4.3</ele><time>2025-09-21T08:48:36Z</time></trkpt>
    <trkpt lat="52.4470023" lon="5.5683444"><ele>4.5</ele><time>2025-09-21T08:48:38Z</time></trkpt>
    <trkpt lat="52.4469215" lon="5.5683477"><ele>4.7</ele><time>2025-09-21T08:48:39Z</time></trkpt>
    <trkpt lat="52.4468530" lon="5.5683277"><ele>5.3</ele><time>2025-09-21T08:48:40Z</time></trkpt>
    <trkpt lat="52.4467455" lon="5.5683743"><ele>4.4</ele><time>2025-09-21T08:48:41Z</time></trkpt>
    <trkpt lat="52.4466594" lon="5.5683129"><ele>3.9</ele><time>2025-09-21T08:48:43Z</time></trkpt>
    <trkpt lat="52.4465527" lon="5.5683745"><ele>4.2</ele><time>2025-09-21T08:48:44Z</time></trkpt>
    <trkpt lat="52.4464634" lon="5.5683619"><ele>3.7</ele><time>2025-09-21T08:48:45Z</time></trkpt>
    <trkpt lat="52.4463727" lon="5.5684036"><ele>4.9</ele><time>2025-09-21T08:48:46Z</time></trkpt>
    <trkpt lat="52.4462933" lon="5.5683944"><ele>4.5</ele><time>2025-09-21T08:48:48Z</time></trkpt>
    <trkpt lat="52.4462143" lon="5.5683793"><ele>4.7</ele><time>2025-09-21T08:48:49Z</time></trkpt>
    <trkpt lat="52.4461171" lon="5.5683721"><ele>4.9</ele><time>2025-09-21T08:48:50Z</time></trkpt>
    <trkpt lat="52.4460054" lon="5.5683608"><ele>3.7</ele><time>2025-09-21T08:48:51Z</time></trkpt>
    <trkpt lat="52.4459506" lon="5.5683705"><ele>5.3</ele><time>2025-09-21T08:48:53Z</time></trkpt>
    <trkpt lat="52.4458502" lon="5.5683659"><ele>4.2</ele><time>2025-09-21T08:48:54Z</time></trkpt>
    <trkpt lat="52.4457558" lon="5.5683810"><ele>4.9</ele><time>2025-09-21T08:48:55Z</time></trkpt>
    <trkpt lat="52.4456740" lon="5.5683959"><ele>4.6</ele><time>2025-09-21T08:48:56Z</time></trkpt>
    <trkpt lat="52.4455758" lon="5.5683978"><ele>5.0</ele><time>2025-09-21T08:48:58Z</time></trkpt>
    <trkpt lat="52.4454997" lon="5.5684107"><ele>5.2</ele><time>2025-09-21T08:48:59Z</time></trkpt>
    <trkpt lat="52.4454052" lon="5.5683654"><ele>4.6</ele><time>2025-09-21T08:49:00Z</time></trkpt>
    <trkpt lat="52.4453132" lon="5.5683635"><ele>4.5</ele><time>2025-09-21T08:49:01Z</time></trkpt>
    <trkpt lat="52.4452210" lon="5.5683895"><ele>4.8</ele><time>2025-09-21T08:49:03Z</time></trkpt>
    <trkpt lat="52.4451291" lon="5.5683727"><ele>4.9</ele><time>2025-09-21T08:49:04Z</time></trkpt>
    <trkpt lat="52.4450415" lon="5.5684076"><ele>3.8</ele><time>2025-09-21T08:49:05Z</time></trkpt>
    <trkpt lat="52.4449578" lon="5.5683994"><ele>4.1</ele><time>2025-09-21T08:49:06Z</time></trkpt>
    <trkpt lat="52.4448387" lon="5.5683366"><ele>3.9</ele><time>2025-09-21T08:49:08Z</time></trkpt>
    <trkpt lat="52.4447637" lon="5.5684183"><ele>4.5</ele><time>2025-09-21T08:49:09Z</time></trkpt>
    <trkpt lat="52.4446993" lon="5.5683960"><ele>4.6</ele><time>2025-09-21T08:49:10Z</time></trkpt>
    <trkpt lat="52.4446036" lon="5.5683786"><ele>5.0</ele><time>2025-09-21T08:49:11Z</time></trkpt>
    <trkpt lat="52.4444928" lon="5.5683858"><ele>4.1</ele><time>2025-09-21T08:49:13Z</time></trkpt>
    <trkpt lat="52.4443973" lon="5.5683989"><ele>4.3</ele><time>2025-09-21T08:49:14Z</time></trkpt>
    <trkpt lat="52.4443042" lon="5.5683332"><ele>4.8</ele><time>2025-09-21T08:49:15Z</time></trkpt>
    <trkpt lat="52.4442406" lon="5.5683681"><ele>4.5</ele><time>2025-09-21T08:49:16Z</time></trkpt>
    <trkpt lat="52.4441527" lon="5.5683686"><ele>4.6</ele><time>2025-09-21T08:49:18Z</time></trkpt>
    <trkpt lat="52.4440708" lon="5.5683736"><ele>4.1</ele><time>2025-09-21T08:49:19Z</time></trkpt>
    <trkpt lat="52.4439612" lon="5.5683559"><ele>4.5</ele><time>2025-09-21T08:49:20Z</time></trkpt>
    <trkpt lat="52.4438668" lon="5.5683403"><ele>4.4</ele><time>2025-09-21T08:49:21Z</time></trkpt>
    <trkpt lat="52.4437838" lon="5.5683616"><ele>3.7</ele><time>2025-09-21T08:49:23Z</time></trkpt>
    <trkpt lat="52.4437047" lon="5.5683903"><ele>5.4</ele><time>2025-09-21T08:49:24Z</time></trkpt>
    <trkpt lat="52.4436139" lon="5.5683524"><ele>4.2</ele><time>2025-09-21T08:49:25Z</time></trkpt>
    <trkpt lat="52.4435110" lon="5.5683462"><ele>4.2</ele><time>2025-09-21T08:49:26Z</time></trkpt>
    <trkpt lat="52.4434104" lon="5.5683681"><ele>4.7</ele><time>2025-09-21T08:49:28Z</time></trkpt>
    <trkpt lat="52.4433371" lon="5.5683776"><ele>4.6</ele><time>2025-09-21T08:49:29Z</time></trkpt>
    <trkpt lat="52.4432424" lon="5.5683907"><ele>4.0</ele><time>2025-09-21T08:49:30Z</time></trkpt>
    <trkpt lat="52.4431467" lon="5.5683961"><ele>4.5</ele><time>2025-09-21T08:49:31Z</time></trkpt>
    <trkpt lat="52.4430638" lon="5.5683844"><ele>4.2</ele><time>2025-09-21T08:49:33Z</time></trkpt>
    <trkpt lat="52.4429597" lon="5.5683690"><ele>4.4</ele><time>2025-09-21T08:49:34Z</time></trkpt>
    <trkpt lat="52.4428704" lon="5.5683972"><ele>4.6</ele><time>2025-09-21T08:49:35Z</time></trkpt>
    <trkpt lat="52.4427733" lon="5.5684195"><ele>4.5</ele><time>2025-09-21T08:49:36Z</time></trkpt>
    <trkpt lat="52.4426995" lon="5.5683886"><ele>4.3</ele><time>2025-09-21T08:49:38Z</time></trkpt>
    <trkpt lat="52.4426110" lon="5.5683980"><ele>4.6</ele><time>2025-09-21T08:49:39Z</time></trkpt>
    <trkpt lat="52.4425391" lon="5.5683576"><ele>5.3</ele><time>2025-09-21T08:49:40Z</time></trkpt>
    <trkpt lat="52.4424384" lon="5.5683763"><ele>4.3</ele><time>2025-09-21T08:49:41Z</time></trkpt>
    <trkpt lat="52.4423489" lon="5.5684090"><ele>4.6</ele><time>2025-09-21T08:49:43Z</time></trkpt>
    <trkpt lat="52.4422402" lon="5.5683805"><ele>4.6</ele><time>2025-09-21T08:49:44Z</time></trkpt>
    <trkpt lat="52.4421393" lon="5.5683903"><ele>4.6</ele><time>2025-09-21T08:49:45Z</time></trkpt>
    <trkpt lat="52.4420939" lon="5.5683427"><ele>4.6</ele><time>2025-09-21T08:49:46Z</time></trkpt>
    <trkpt lat="52.4419736" lon="5.5683934"><ele>5.2</ele><time>2025-09-21T08:49:48Z</time></trkpt>
    <trkpt lat="52.4418951" lon="5.5683913"><ele>4.5</ele><time>2025-09-21T08:49:49Z</time></trkpt>
    <trkpt lat="52.4417991" lon="5.5683647"><ele>4.4</ele><time>2025-09-21T08:49:50Z</time></trkpt>
    <trkpt lat="52.4417285" lon="5.5683573"><ele>3.9</ele><time>2025-09-21T08:49:51Z</time></trkpt>
    <trkpt lat="52.4416409" lon="5.5683921"><ele>4.6</ele><time>2025-09-21T08:49:53Z</time></trkpt>
    <trkpt lat="52.4415286" lon="5.5683911"><ele>4.1</ele><time>2025-09-21T08:49:54Z</time></trkpt>
    <trkpt lat="52.4414252" lon="5.5684215"><ele>4.7</ele><time>2025-09-21T08:49:55Z</time></trkpt>
    <trkpt lat="52.4413618" lon="5.5683597"><ele>4.8</ele><time>2025-09-21T08:49:56Z</time></trkpt>
    <trkpt lat="52.4412650" lon="5.5684090"><ele>4.5</ele><time>2025-09-21T08:49:58Z</time></trkpt>
    <trkpt lat="52.4411751" lon="5.5683771"><ele>4.5</ele><time>2025-09-21T08:49:59Z</time></trkpt>
    <trkpt lat="52.4410825" lon="5.5684017"><ele>4.4</ele><time>2025-09-21T08:50:00Z</time></trkpt>
    <trkpt lat="52.4409795" lon="5.5684334"><ele>4.6</ele><time>2025-09-21T08:50:01Z</time></trkpt>
    <trkpt lat="52.4408881" lon="5.5684381"><ele>5.1</ele><time>2025-09-21T08:50:03Z</time></trkpt>
    <trkpt lat="52.4408294" lon="5.5683888"><ele>4.8</ele><time>2025-09-21T08:50:04Z</time></trkpt>
    <trkpt lat="52.4407378" lon="5.5683524"><ele>4.4</ele><time>2025-09-21T08:50:05Z</time></trkpt>
    <trkpt lat="52.4406420" lon="5.5683520"><ele>4.1</ele><time>2025-09-21T08:50:06Z</time></trkpt>
    <trkpt lat="52.4405498" lon="5.5683806"><ele>3.9</ele><time>2025-09-21T08:50:08Z</time></trkpt>
    <trkpt lat="52.4404660" lon="5.5684018"><ele>4.6</ele><time>2025-09-21T08:50:09Z</time></trkpt>
    <trkpt lat="52.4403649" lon="5.5684045"><ele>5.1</ele><time>2025-09-21T08:50:10Z</time></trkpt>
    <trkpt lat="52.4402789" lon="5.5683756"><ele>4.8</ele><time>2025-09-21T08:50:11Z</time></trkpt>
    <trkpt lat="52.4401659" lon="5.5683953"><ele>4.4</ele><time>2025-09-21T08:50:13Z</time></trkpt>
    <trkpt lat="52.4400895" lon="5.5684098"><ele>3.9</ele><time>2025-09-21T08:50:14Z</time></trkpt>
    <trkpt lat="52.4399937" lon="5.5683947"><ele>5.0</ele><time>2025-09-21T08:50:15Z</time></trkpt>
    <trkpt lat="52.4398847" lon="5.5683714"><ele>4.0</ele><time>2025-09-21T08:50:16Z</time></trkpt>
    <trkpt lat="52.4398175" lon="5.5683618"><ele>4.6</ele><time>2025-09-21T08:50:18Z</time></trkpt>
    <trkpt lat="52.4397488" lon="5.5683867"><ele>4.2</ele><time>2025-09-21T08:50:19Z</time></trkpt>
    <trkpt lat="52.4396518" lon="5.5683746"><ele>4.7</ele><time>2025-09-21T08:50:20Z</time></trkpt>
    <trkpt lat="52.4395372" lon="5.5684035"><ele>4.6</ele><time>2025-09-21T08:50:21Z</time></trkpt>
    <trkpt lat="52.4394740" lon="5.5683947"><ele>4.4</ele><time>2025-09-21T08:50:23Z</time></trkpt>
    <trkpt lat="52.4393545" lon="5.5683908"><ele>4.1</ele><time>2025-09-21T08:50:24Z</time></trkpt>
    <trkpt lat="52.4392760" lon="5.5684103"><ele>4.6</ele><time>2025-09-21T08:50:25Z</time></trkpt>
    <trkpt lat="52.4391760" lon="5.5684331"><ele>4.1</ele><time>2025-09-21T08:50:26Z</time></trkpt>
    <trkpt lat="52.4391115" lon="5.5683886"><ele>4.6</ele><time>2025-09-21T08:50:28Z</time></trkpt>
    <trkpt lat="52.4390017" lon="5.5683892"><ele>4.4</ele><time>2025-09-21T08:50:29Z</time></trkpt>
    <trkpt lat="52.4389136" lon="5.5684072"><ele>4.4</ele><time>2025-09-21T08:50:30Z</time></trkpt>
    <trkpt lat="52.4388499" lon="5.5683854"><ele>4.2</ele><time>2025-09-21T08:50:31Z</time></trkpt>
    <trkpt lat="52.4387520" lon="5.5684149"><ele>4.6</ele><time>2025-09-21T08:50:33Z</time></trkpt>
    <trkpt lat="52.4386497" lon="5.5683814"><ele>4.0</ele><time>2025-09-21T08:50:34Z</time></trkpt>
    <trkpt lat="52.4385681" lon="5.5684027"><ele>4.8</ele><time>2025-09-21T08:50:35Z</time></trkpt>
    <trkpt lat="52.4384669" lon="5.5684027"><ele>4.6</ele><time>2025-09-21T08:50:36Z</time></trkpt>
    <trkpt lat="52.4383641" lon="5.5683721"><ele>4.9</ele><time>2025-09-21T08:50:38Z</time></trkpt>
    <trkpt lat="52.4383000" lon="5.5683888"><ele>5.0</ele><time>2025-09-21T08:50:39Z</time></trkpt>
    <trkpt lat="52.4382241" lon="5.5683622"><ele>4.3</ele><time>2025-09-21T08:50:40Z</time></trkpt>
    <trkpt lat="52.4381200" lon="5.5683943"><ele>4.2</ele><time>2025-09-21T08:50:41Z</time></trkpt>
    <trkpt lat="52.4380429" lon="5.5683557"><ele>4.3</ele><time>2025-09-21T08:50:43Z</time></trkpt>
    <trkpt lat="52.4379331" lon="5.5683953"><ele>4.6</ele><time>2025-09-21T08:50:44Z</time></trkpt>
    <trkpt lat="52.4378484" lon="5.5683830"><ele>4.8</ele><time>2025-09-21T08:50:45Z</time></trkpt>
    <trkpt lat="52.4377465" lon="5.5684229"><ele>4.3</ele><time>2025-09-21T08:50:46Z</time></trkpt>
    <trkpt lat="52.4376652" lon="5.5683956"><ele>4.5</ele><time>2025-09-21T08:50:48Z</time></trkpt>
    <trkpt lat="52.4375798" lon="5.5684043"><ele>4.1</ele><time>2025-09-21T08:50:49Z</time></trkpt>
    <trkpt lat="52.4374922" lon="5.5684063"><ele>4.7</ele><time>2025-09-21T08:50:50Z</time></trkpt>
    <trkpt lat="52.4373757" lon="5.5683910"><ele>5.0</ele><time>2025-09-21T08:50:51Z</time></trkpt>
    <trkpt lat="52.4373254" lon="5.5683717"><ele>4.0</ele><time>2025-09-21T08:50:53Z</time></trkpt>
    <trkpt lat="52.4372241" lon="5.5683897"><ele>4.3</ele><time>2025-09-21T08:50:54Z</time></trkpt>
    <trkpt lat="52.4371376" lon="5.5683976"><ele>4.3</ele><time>2025-09-21T08:50:55Z</time></trkpt>
    <trkpt lat="52.4370418" lon="5.5684019"><ele>4.8</ele><time>2025-09-21T08:50:56Z</time></trkpt>
    <trkpt lat="52.4369428" lon="5.5683711"><ele>4.3</ele><time>2025-09-21T08:50:58Z</time></trkpt>
    <trkpt lat="52.4368557" lon="5.5683777"><ele>4.7</ele><time>2025-09-21T08:50:59Z</time></trkpt>
    <trkpt lat="52.4367612" lon="5.5683962"><ele>4.4</ele><time>2025-09-21T08:51:00Z</time></trkpt>
    <trkpt lat="52.4366710" lon="5.5683989"><ele>4.4</ele><time>2025-09-21T08:51:01Z</time></trkpt>
    <trkpt lat="52.4365788" lon="5.5683789"><ele>4.1</ele><time>2025-09-21T08:51:03Z</time></trkpt>
    <trkpt lat="52.4365102" lon="5.5683724"><ele>4.4</ele><time>2025-09-21T08:51:04Z</time></trkpt>
    <trkpt lat="52.4364043" lon="5.5683969"><ele>3.9</ele><time>2025-09-21T08:51:05Z</time></trkpt>
    <trkpt lat="52.4363328" lon="5.5683774"><ele>4.5</ele><time>2025-09-21T08:51:06Z</time></trkpt>
    <trkpt lat="52.4362358" lon="5.5683778"><ele>4.5</ele><time>2025-09-21T08:51:08Z</time></trkpt>
    <trkpt lat="52.4361339" lon="5.5683779"><ele>4.6</ele><time>2025-09-21T08:51:09Z</time></trkpt>
    <trkpt lat="52.4360317" lon="5.5683800"><ele>4.6</ele><time>2025-09-21T08:51:10Z</time></trkpt>
    <trkpt lat="52.4359389" lon="5.5683628"><ele>4.0</ele><time>2025-09-21T08:51:11Z</time></trkpt>
    <trkpt lat="52.4358886" lon="5.5683427"><ele>4.4</ele><time>2025-09-21T08:51:13Z</time></trkpt>
    <trkpt lat="52.4357866" lon="5.5684111"><ele>4.4</ele><time>2025-09-21T08:51:14Z</time></trkpt>
    <trkpt lat="52.4356996" lon="5.5683560"><ele>4.4</ele><time>2025-09-21T08:51:15Z</time></trkpt>
    <trkpt lat="52.4355844" lon="5.5683867"><ele>5.0</ele><time>2025-09-21T08:51:16Z</time></trkpt>
    <trkpt lat="52.4355171" lon="5.5683712"><ele>4.5</ele><time>2025-09-21T08:51:18Z</time></trkpt>
    <trkpt lat="52.4354445" lon="5.5684261"><ele>4.7</ele><time>2025-09-21T08:51:19Z</time></trkpt>
    <trkpt lat="52.4353480" lon="5.5683844"><ele>4.9</ele><time>2025-09-21T08:51:20Z</time></trkpt>
    <trkpt lat="52.4352440" lon="5.5683551"><ele>4.3</ele><time>2025-09-21T08:51:21Z</time></trkpt>
    <trkpt lat="52.4351742" lon="5.5684183"><ele>4.2</ele><time>2025-09-21T08:51:23Z</time></trkpt>
    <trkpt lat="52.4350523" lon="5.5683830"><ele>4.7</ele><time>2025-09-21T08:51:24Z</time></trkpt>
    <trkpt lat="52.4349541" lon="5.5684102"><ele>3.9</ele><time>2025-09-21T08:51:25Z</time></trkpt>
    <trkpt lat="52.4348871" lon="5.5684044"><ele>4.2</ele><time>2025-09-21T08:51:26Z</time></trkpt>
    <trkpt lat="52.4348089" lon="5.5683997"><ele>5.1</ele><time>2025-09-21T08:51:28Z</time></trkpt>
    <trkpt lat="52.4346960" lon="5.5684028"><ele>4.8</ele><time>2025-09-21T08:51:29Z</time></trkpt>
    <trkpt lat="52.4346075" lon="5.5684024"><ele>5.1</ele><time>2025-09-21T08:51:30Z</time></trkpt>
    <trkpt lat="52.4345538" lon="5.5684218"><ele>4.6</ele><time>2025-09-21T08:51:31Z</time></trkpt>
    <trkpt lat="52.4344321" lon="5.5683843"><ele>4.6</ele><time>2025-09-21T08:51:33Z</time></trkpt>
    <trkpt lat="52.4343266" lon="5.5683737"><ele>5.2</ele><time>2025-09-21T08:51:34Z</time></trkpt>
    <trkpt lat="52.4342608" lon="5.5684081"><ele>4.9</ele><time>2025-09-21T08:51:35Z</time></trkpt>
    <trkpt lat="52.4341611" lon="5.5683799"><ele>4.4</ele><time>2025-09-21T08:51:36Z</time></trkpt>
    <trkpt lat="52.4340739" lon="5.5684224"><ele>4.6</ele><time>2025-09-21T08:51:38Z</time></trkpt>
    <trkpt lat="52.4339914" lon="5.5683830"><ele>4.7</ele><time>2025-09-21T08:51:39Z</time></trkpt>
    <trkpt lat="52.4338905" lon="5.5683927"><ele>5.3</ele><time>2025-09-21T08:51:40Z</time></trkpt>
    <trkpt lat="52.4337961" lon="5.5683724"><ele>4.8</ele><time>2025-09-21T08:51:41Z</time></trkpt>
    <trkpt lat="52.4337030" lon="5.5683708"><ele>4.7</ele><time>2025-09-21T08:51:43Z</time></trkpt>
    <trkpt lat="52.4336561" lon="5.5684123"><ele>5.3</ele><time>2025-09-21T08:51:44Z</time></trkpt>
    <trkpt lat="52.4335613" lon="5.5684029"><ele>4.0</ele><time>2025-09-21T08:51:45Z</time></trkpt>
    <trkpt lat="52.4334263" lon="5.5683894"><ele>5.1</ele><time>2025-09-21T08:51:46Z</time></trkpt>
    <trkpt lat="52.4333591" lon="5.5683804"><ele>4.4</ele><time>2025-09-21T08:51:48Z</time></trkpt>
    <trkpt lat="52.4332622" lon="5.5683978"><ele>4.8</ele><time>2025-09-21T08:51:49Z</time></trkpt>
    <trkpt lat="52.4331720" lon="5.5684157"><ele>4.5</ele><time>2025-09-21T08:51:50Z</time></trkpt>
    <trkpt lat="52.4330762" lon="5.5683876"><ele>5.1</ele><time>2025-09-21T08:51:51Z</time></trkpt>
    <trkpt lat="52.4329729" lon="5.5683509"><ele>3.9</ele><time>2025-09-21T08:51:53Z</time></trkpt>
    <trkpt lat="52.4329150" lon="5.5684199"><ele>4.9</ele><time>2025-09-21T08:51:54Z</time></trkpt>
    <trkpt lat="52.4328152" lon="5.5683685"><ele>5.3</ele><time>2025-09-21T08:51:55Z</time></trkpt>
    <trkpt lat="52.4327003" lon="5.5683653"><ele>4.0</ele><time>2025-09-21T08:51:56Z</time></trkpt>
    <trkpt lat="52.4326487" lon="5.5683870"><ele>4.8</ele><time>2025-09-21T08:51:58Z</time></trkpt>
    <trkpt lat="52.4325520" lon="5.5683902"><ele>4.5</ele><time>2025-09-21T08:51:59Z</time></trkpt>
    <trkpt lat="52.4324755" lon="5.5683849"><ele>4.6</ele><time>2025-09-21T08:52:00Z</time></trkpt>
    <trkpt lat="52.4323681" lon="5.5683900"><ele>4.6</ele><time>2025-09-21T08:52:01Z</time></trkpt>
    <trkpt lat="52.4322922" lon="5.5684042"><ele>4.5</ele><time>2025-09-21T08:52:03Z</time></trkpt>
    <trkpt lat="52.4321841" lon="5.5684042"><ele>4.3</ele><time>2025-09-21T08:52:04Z</time></trkpt>
    <trkpt lat="52.4320928" lon="5.5684364"><ele>5.2</ele><time>2025-09-21T08:52:05Z</time></trkpt>
    <trkpt lat="52.4320314" lon="5.5683628"><ele>4.1</ele><time>2025-09-21T08:52:06Z</time></trkpt>
    <trkpt lat="52.4319197" lon="5.5683932"><ele>4.5</ele><time>2025-09-21T08:52:08Z</time></trkpt>
    <trkpt lat="52.4318193" lon="5.5683947"><ele>4.8</ele><time>2025-09-21T08:52:09Z</time></trkpt>
    <trkpt lat="52.4317250" lon="5.5683885"><ele>4.8</ele><time>2025-09-21T08:52:10Z</time></trkpt>
    <trkpt lat="52.4316402" lon="5.5684055"><ele>4.0</ele><time>2025-09-21T08:52:11Z</time></trkpt>
    <trkpt lat="52.4315607" lon="5.5684168"><ele>4.5</ele><time>2025-09-21T08:52:13Z</time></trkpt>
    <trkpt lat="52.4314541" lon="5.5683808"><ele>5.1</ele><time>2025-09-21T08:52:14Z</time></trkpt>
    <trkpt lat="52.4313695" lon="5.5684042"><ele>4.8</ele><time>2025-09-21T08:52:15Z</time></trkpt>
    <trkpt lat="52.4312916" lon="5.5684015"><ele>3.8</ele><time>2025-09-21T08:52:16Z</time></trkpt>
    <trkpt lat="52.4312085" lon="5.5684068"><ele>4.1</ele><time>2025-09-21T08:52:18Z</time></trkpt>
    <trkpt lat="52.4311068" lon="5.5684068"><ele>4.6</ele><time>2025-09-21T08:52:19Z</time></trkpt>
    <trkpt lat="52.4310300" lon="5.5683733"><ele>4.5</ele><time>2025-09-21T08:52:20Z</time></trkpt>
    <trkpt lat="52.4309340" lon="5.5683940"><ele>4.1</ele><time>2025-09-21T08:52:21Z</time></trkpt>
    <trkpt lat="52.4308628" lon="5.5684058"><ele>4.8</ele><time>2025-09-21T08:52:23Z</time></trkpt>
    <trkpt lat="52.4307384" lon="5.5683956"><ele>4.6</ele><time>2025-09-21T08:52:24Z</time></trkpt>
    <trkpt lat="52.4306564" lon="5.5683951"><ele>4.3</ele><time>2025-09-21T08:52:25Z</time></trkpt>
    <trkpt lat="52.4305791" lon="5.5683940"><ele>4.5</ele><time>2025-09-21T08:52:26Z</time></trkpt>
    <trkpt lat="52.4304842" lon="5.5684043"><ele>3.6</ele><time>2025-09-21T08:52:28Z</time></trkpt>
    <trkpt lat="52.4304004" lon="5.5684484"><ele>4.5</ele><time>2025-09-21T08:52:29Z</time></trkpt>
    <trkpt lat="52.4303138" lon="5.5683967"><ele>4.7</ele><time>2025-09-21T08:52:30Z</time></trkpt>
    <trkpt lat="52.4301919" lon="5.5684296"><ele>4.6</ele><time>2025-09-21T08:52:31Z</time></trkpt>
    <trkpt lat="52.4301245" lon="5.5683817"><ele>4.7</ele><time>2025-09-21T08:52:33Z</time></trkpt>
    <trkpt lat="52.4300188" lon="5.5684058"><ele>4.8</ele><time>2025-09-21T08:52:34Z</time></trkpt>
    <trkpt lat="52.4299438" lon="5.5684184"><ele>4.6</ele><time>2025-09-21T08:52:35Z</time></trkpt>
    <trkpt lat="52.4298642" lon="5.5684295"><ele>4.3</ele><time>2025-09-21T08:52:36Z</time></trkpt>
    <trkpt lat="52.4297679" lon="5.5684226"><ele>4.2</ele><time>2025-09-21T08:52:38Z</time></trkpt>
    <trkpt lat="52.4296476" lon="5.5683838"><ele>4.2</ele><time>2025-09-21T08:52:39Z</time></trkpt>
    <trkpt lat="52.4295941" lon="5.5683979"><ele>4.5</ele><time>2025-09-21T08:52:40Z</time></trkpt>
    <trkpt lat="52.4294883" lon="5.5683883"><ele>4.3</ele><time>2025-09-21T08:52:41Z</time></trkpt>
    <trkpt lat="52.4294255" lon="5.5683882"><ele>4.6</ele><time>2025-09-21T08:52:43Z</time></trkpt>
    <trkpt lat="52.4293113" lon="5.5683740"><ele>4.3</ele><time>2025-09-21T08:52:44Z</time></trkpt>
    <trkpt lat="52.4292112" lon="5.5683745"><ele>5.2</ele><time>2025-09-21T08:52:45Z</time></trkpt>
    <trkpt lat="52.4291221" lon="5.5683788"><ele>4.5</ele><time>2025-09-21T08:52:46Z</time></trkpt>
    <trkpt lat="52.4290716" lon="5.5684215"><ele>4.8</ele><time>2025-09-21T08:52:48Z</time></trkpt>
    <trkpt lat="52.4289483" lon="5.5684078"><ele>4.5</ele><time>2025-09-21T08:52:49Z</time></trkpt>
    <trkpt lat="52.4288541" lon="5.5684281"><ele>4.8</ele><time>2025-09-21T08:52:50Z</time></trkpt>
    <trkpt lat="52.4287717" lon="5.5683784"><ele>4.5</ele><time>2025-09-21T08:52:51Z</time></trkpt>
    <trkpt lat="52.4286591" lon="5.5684173"><ele>3.9</ele><time>2025-09-21T08:52:53Z</time></trkpt>
    <trkpt lat="52.4285950" lon="5.5683987"><ele>4.8</ele><time>2025-09-21T08:52:54Z</time></trkpt>
    <trkpt lat="52.4285166" lon="5.5683675"><ele>4.7</ele><time>2025-09-21T08:52:55Z</time></trkpt>
    <trkpt lat="52.4284320" lon="5.5683943"><ele>4.3</ele><time>2025-09-21T08:52:56Z</time></trkpt>
    <trkpt lat="52.4283416" lon="5.5684224"><ele>4.5</ele><time>2025-09-21T08:52:58Z</time></trkpt>
    <trkpt lat="52.4282281" lon="5.5684035"><ele>4.6</ele><time>2025-09-21T08:52:59Z</time></trkpt>
    <trkpt lat="52.4281382" lon="5.5684095"><ele>4.5</ele><time>2025-09-21T08:53:00Z</time></trkpt>
    <trkpt lat="52.4280377" lon="5.5684068"><ele>4.6</ele><time>2025-09-21T08:53:01Z</time></trkpt>
    <trkpt lat="52.4279849" lon="5.5684024"><ele>4.7</ele><time>2025-09-21T08:53:03Z</time></trkpt>
    <trkpt lat="52.4278732" lon="5.5683927"><ele>4.8</ele><time>2025-09-21T08:53:04Z</time></trkpt>
    <trkpt lat="52.4277910" lon="5.5683779"><ele>4.2</ele><time>2025-09-21T08:53:05Z</time></trkpt>
    <trkpt lat="52.4277088" lon="5.5684210"><ele>4.2</ele><time>2025-09-21T08:53:06Z</time></trkpt>
    <trkpt lat="52.4276154" lon="5.5684172"><ele>4.0</ele><time>2025-09-21T08:53:08Z</time></trkpt>
    <trkpt lat="52.4275140" lon="5.5683928"><ele>4.9</ele><time>2025-09-21T08:53:09Z</time></trkpt>
    <trkpt lat="52.4274405" lon="5.5683854"><ele>4.9</ele><time>2025-09-21T08:53:10Z</time></trkpt>
    <trkpt lat="52.4273317" lon="5.5683973"><ele>4.6</ele><time>2025-09-21T08:53:11Z</time></trkpt>
    <trkpt lat="52.4272526" lon="5.5684097"><ele>4.0</ele><time>2025-09-21T08:53:13Z</time></trkpt>
    <trkpt lat="52.4271359" lon="5.5683885"><ele>5.0</ele><time>2025-09-21T08:53:14Z</time></trkpt>
    <trkpt lat="52.4270639" lon="5.5684199"><ele>4.8</ele><time>2025-09-21T08:53:15Z</time></trkpt>
    <trkpt lat="52.4269760" lon="5.5683776"><ele>4.7</ele><time>2025-09-21T08:53:16Z</time></trkpt>
    <trkpt lat="52.4268870" lon="5.5683665"><ele>4.1</ele><time>2025-09-21T08:53:18Z</time></trkpt>
    <trkpt lat="52.4267947" lon="5.5684216"><ele>4.4</ele><time>2025-09-21T08:53:19Z</time></trkpt>
    <trkpt lat="52.4267196" lon="5.5683781"><ele>4.6</ele><time>2025-09-21T08:53:20Z</time></trkpt>
    <trkpt lat="52.4266088" lon="5.5683890"><ele>4.2</ele><time>2025-09-21T08:53:21Z</time></trkpt>
    <trkpt lat="52.4265209" lon="5.5684263"><ele>5.2</ele><time>2025-09-21T08:53:23Z</time></trkpt>
    <trkpt lat="52.4264245" lon="5.5683933"><ele>4.4</ele><time>2025-09-21T08:53:24Z</time></trkpt>
    <trkpt lat="52.4263567" lon="5.5683983"><ele>5.5</ele><time>2025-09-21T08:53:25Z</time></trkpt>
    <trkpt lat="52.4262656" lon="5.5684410"><ele>4.0</ele><time>2025-09-21T08:53:26Z</time></trkpt>
    <trkpt lat="52.4261915" lon="5.5684346"><ele>3.9</ele><time>2025-09-21T08:53:28Z</time></trkpt>
    <trkpt lat="52.4260827" lon="5.5683970"><ele>5.4</ele><time>2025-09-21T08:53:29Z</time></trkpt>
    <trkpt lat="52.4259899" lon="5.5684226"><ele>3.6</ele><time>2025-09-21T08:53:30Z</time></trkpt>
    <trkpt lat="52.4258811" lon="5.5684241"><ele>4.3</ele><time>2025-09-21T08:53:31Z</time></trkpt>
    <trkpt lat="52.4258151" lon="5.5683709"><ele>5.3</ele><time>2025-09-21T08:53:33Z</time></trkpt>
    <trkpt lat="52.4257297" lon="5.5684074"><ele>4.3</ele><time>2025-09-21T08:53:34Z</time></trkpt>
    <trkpt lat="52.4256321" lon="5.5683755"><ele>3.8</ele><time>2025-09-21T08:53:35Z</time></trkpt>
    <trkpt lat="52.4255392" lon="5.5683839"><ele>4.1</ele><time>2025-09-21T08:53:36Z</time></trkpt>
    <trkpt lat="52.4254782" lon="5.5684127"><ele>4.9</ele><time>2025-09-21T08:53:38Z</time></trkpt>
    <trkpt lat="52.4253474" lon="5.5684324"><ele>4.4</ele><time>2025-09-21T08:53:39Z</time></trkpt>
    <trkpt lat="52.4252752" lon="5.5684014"><ele>4.1</ele><time>2025-09-21T08:53:40Z</time></trkpt>
    <trkpt lat="52.4251921" lon="5.5683875"><ele>4.8</ele><time>2025-09-21T08:53:41Z</time></trkpt>
    <trkpt lat="52.4251105" lon="5.5684411"><ele>4.7</ele><time>2025-09-21T08:53:43Z</time></trkpt>
    <trkpt lat="52.4249900" lon="5.5683889"><ele>4.2</ele><time>2025-09-21T08:53:44Z</time></trkpt>
    <trkpt lat="52.4249225" lon="5.5684220"><ele>5.1</ele><time>2025-09-21T08:53:45Z</time></trkpt>
    <trkpt lat="52.4248358" lon="5.5683925"><ele>4.3</ele><time>2025-09-21T08:53:46Z</time></trkpt>
    <trkpt lat="52.4247218" lon="5.5684038"><ele>4.7</ele><time>2025-09-21T08:53:48Z</time></trkpt>
    <trkpt lat="52.4246403" lon="5.5684074"><ele>3.7</ele><time>2025-09-21T08:53:49Z</time></trkpt>
    <trkpt lat="52.4245621" lon="5.5684127"><ele>4.9</ele><time>2025-09-21T08:53:50Z</time></trkpt>
    <trkpt lat="52.4244323" lon="5.5683769"><ele>5.0</ele><time>2025-09-21T08:53:51Z</time></trkpt>
    <trkpt lat="52.4243647" lon="5.5684036"><ele>4.1</ele><time>2025-09-21T08:53:53Z</time></trkpt>
    <trkpt lat="52.4242646" lon="5.5683881"><ele>4.2</ele><time>2025-09-21T08:53:54Z</time></trkpt>
    <trkpt lat="52.4241668" lon="5.5684131"><ele>5.2</ele><time>2025-09-21T08:53:55Z</time></trkpt>
    <trkpt lat="52.4240765" lon="5.5684313"><ele>4.6</ele><time>2025-09-21T08:53:56Z</time></trkpt>
    <trkpt lat="52.4240222" lon="5.5684073"><ele>3.3</ele><time>2025-09-21T08:53:58Z</time></trkpt>
    <trkpt lat="52.4239399" lon="5.5684315"><ele>4.3</ele><time>2025-09-21T08:53:59Z</time></trkpt>
    <trkpt lat="52.4238429" lon="5.5683946"><ele>4.6</ele><time>2025-09-21T08:54:00Z</time></trkpt>
    <trkpt lat="52.4237243" lon="5.5684423"><ele>4.0</ele><time>2025-09-21T08:54:01Z</time></trkpt>
    <trkpt lat="52.4236516" lon="5.5683996"><ele>4.3</ele><time>2025-09-21T08:54:03Z</time></trkpt>
    <trkpt lat="52.4235515" lon="5.5684177"><ele>4.7</ele><time>2025-09-21T08:54:04Z</time></trkpt>
    <trkpt lat="52.4234927" lon="5.5683786"><ele>4.9</ele><time>2025-09-21T08:54:05Z</time></trkpt>
    <trkpt lat="52.4233699" lon="5.5684084"><ele>4.4</ele><time>2025-09-21T08:54:06Z</time></trkpt>
    <trkpt lat="52.4232721" lon="5.5683836"><ele>4.1</ele><time>2025-09-21T08:54:08Z</time></trkpt>
    <trkpt lat="52.4231964" lon="5.5684304"><ele>4.9</ele><time>2025-09-21T08:54:09Z</time></trkpt>
    <trkpt lat="52.4231050" lon="5.5684078"><ele>4.0</ele><time>2025-09-21T08:54:10Z</time></trkpt>
    <trkpt lat="52.4230218" lon="5.5683970"><ele>4.2</ele><time>2025-09-21T08:54:11Z</time></trkpt>
    <trkpt lat="52.4229170" lon="5.5683890"><ele>5.1</ele><time>2025-09-21T08:54:13Z</time></trkpt>
    <trkpt lat="52.4228479" lon="5.5683712"><ele>4.0</ele><time>2025-09-21T08:54:14Z</time></trkpt>
    <trkpt lat="52.4227760" lon="5.5683963"><ele>4.2</ele><time>2025-09-21T08:54:15Z</time></trkpt>
    <trkpt lat="52.4226468" lon="5.5684146"><ele>5.2</ele><time>2025-09-21T08:54:16Z</time></trkpt>
    <trkpt lat="52.4225922" lon="5.5684330"><ele>4.2</ele><time>2025-09-21T08:54:18Z</time></trkpt>
    <trkpt lat="52.4224652" lon="5.5683707"><ele>3.9</ele><time>2025-09-21T08:54:19Z</time></trkpt>
    <trkpt lat="52.4223958" lon="5.5684305"><ele>4.4</ele><time>2025-09-21T08:54:20Z</time></trkpt>
    <trkpt lat="52.4223079" lon="5.5683870"><ele>4.4</ele><time>2025-09-21T08:54:21Z</time></trkpt>
    <trkpt lat="52.4222158" lon="5.5683932"><ele>4.1</ele><time>2025-09-21T08:54:23Z</time></trkpt>
    <trkpt lat="52.4221367" lon="5.5683730"><ele>5.2</ele><time>2025-09-21T08:54:24Z</time></trkpt>
    <trkpt lat="52.4220398" lon="5.5683623"><ele>3.9</ele><time>2025-09-21T08:54:25Z</time></trkpt>
    <trkpt lat="52.4219374" lon="5.5683923"><ele>4.9</ele><time>2025-09-21T08:54:26Z</time></trkpt>
    <trkpt lat="52.4218726" lon="5.5683672"><ele>4.5</ele><time>2025-09-21T08:54:28Z</time></trkpt>
    <trkpt lat="52.4217512" lon="5.5684424"><ele>3.6</ele><time>2025-09-21T08:54:29Z</time></trkpt>
    <trkpt lat="52.4216588" lon="5.5684224"><ele>5.5</ele><time>2025-09-21T08:54:30Z</time></trkpt>
    <trkpt lat="52.4215971" lon="5.5684138"><ele>4.1</ele><time>2025-09-21T08:54:31Z</time></trkpt>
    <trkpt lat="52.4214963" lon="5.5684028"><ele>3.8</ele><time>2025-09-21T08:54:33Z</time></trkpt>
    <trkpt lat="52.4214056" lon="5.5683754"><ele>4.7</ele><time>2025-09-21T08:54:34Z</time></trkpt>
    <trkpt lat="52.4213405" lon="5.5683949"><ele>5.1</ele><time>2025-09-21T08:54:35Z</time></trkpt>
    <trkpt lat="52.4212152" lon="5.5683635"><ele>4.0</ele><time>2025-09-21T08:54:36Z</time></trkpt>
    <trkpt lat="52.4211272" lon="5.5683814"><ele>3.7</ele><time>2025-09-21T08:54:38Z</time></trkpt>
    <trkpt lat="52.4210610" lon="5.5684139"><ele>5.0</ele><time>2025-09-21T08:54:39Z</time></trkpt>
    <trkpt lat="52.4209578" lon="5.5683683"><ele>4.7</ele><time>2025-09-21T08:54:40Z</time></trkpt>
    <trkpt lat="52.4208879" lon="5.5683967"><ele>4.8</ele><time>2025-09-21T08:54:41Z</time></trkpt>
    <trkpt lat="52.4207760" lon="5.5684353"><ele>4.8</ele><time>2025-09-21T08:54:43Z</time></trkpt>
    <trkpt lat="52.4206707" lon="5.5684243"><ele>3.8</ele><time>2025-09-21T08:54:44Z</time></trkpt>
    <trkpt lat="52.4205811" lon="5.5684074"><ele>4.9</ele><time>2025-09-21T08:54:45Z</time></trkpt>
    <trkpt lat="52.4205112" lon="5.5683831"><ele>4.0</ele><time>2025-09-21T08:54:46Z</time></trkpt>
    <trkpt lat="52.4204182" lon="5.5684509"><ele>4.0</ele><time>2025-09-21T08:54:48Z</time></trkpt>
    <trkpt lat="52.4203265" lon="5.5684070"><ele>3.5</ele><time>2025-09-21T08:54:49Z</time></trkpt>
    <trkpt lat="52.4202398" lon="5.5683815"><ele>4.1</ele><time>2025-09-21T08:54:50Z</time></trkpt>
    <trkpt lat="52.4201649" lon="5.5683992"><ele>5.0</ele><time>2025-09-21T08:54:51Z</time></trkpt>
    <trkpt lat="52.4200614" lon="5.5684108"><ele>5.1</ele><time>2025-09-21T08:54:53Z</time></trkpt>
    <trkpt lat="52.4199448" lon="5.5684160"><ele>4.6</ele><time>2025-09-21T08:54:54Z</time></trkpt>
    <trkpt lat="52.4198650" lon="5.5683793"><ele>4.5</ele><time>2025-09-21T08:54:55Z</time></trkpt>
    <trkpt lat="52.4197842" lon="5.5684065"><ele>4.8</ele><time>2025-09-21T08:54:56Z</time></trkpt>
    <trkpt lat="52.4196991" lon="5.5684018"><ele>4.8</ele><time>2025-09-21T08:54:58Z</time></trkpt>
    <trkpt lat="52.4196022" lon="5.5683969"><ele>4.4</ele><time>2025-09-21T08:54:59Z</time></trkpt>
    <trkpt lat="52.4195050" lon="5.5683818"><ele>4.7</ele><time>2025-09-21T08:55:00Z</time></trkpt>
    <trkpt lat="52.4194060" lon="5.5684105"><ele>4.8</ele><time>2025-09-21T08:55:01Z</time></trkpt>
    <trkpt lat="52.4193492" lon="5.5684241"><ele>5.0</ele><time>2025-09-21T08:55:03Z</time></trkpt>
    <trkpt lat="52.4192543" lon="5.5684113"><ele>4.4</ele><time>2025-09-21T08:55:04Z</time></trkpt>
    <trkpt lat="52.4191556" lon="5.5683850"><ele>4.7</ele><time>2025-09-21T08:55:05Z</time></trkpt>
    <trkpt lat="52.4190579" lon="5.5684144"><ele>4.2</ele><time>2025-09-21T08:55:06Z</time></trkpt>
    <trkpt lat="52.4189715" lon="5.5683944"><ele>4.4</ele><time>2025-09-21T08:55:08Z</time></trkpt>
    <trkpt lat="52.4188851" lon="5.5684205"><ele>3.6</ele><time>2025-09-21T08:55:09Z</time></trkpt>
    <trkpt lat="52.4187910" lon="5.5684246"><ele>5.3</ele><time>2025-09-21T08:55:10Z</time></trkpt>
    <trkpt lat="52.4187207" lon="5.5684495"><ele>4.4</ele><time>2025-09-21T08:55:11Z</time></trkpt>
    <trkpt lat="52.4185981" lon="5.5684068"><ele>5.1</ele><time>2025-09-21T08:55:13Z</time></trkpt>
    <trkpt lat="52.4185411" lon="5.5683989"><ele>4.7</ele><time>2025-09-21T08:55:14Z</time></trkpt>
    <trkpt lat="52.4184405" lon="5.5684511"><ele>4.5</ele><time>2025-09-21T08:55:15Z</time></trkpt>
    <trkpt lat="52.4183249" lon="5.5683986"><ele>4.7</ele><time>2025-09-21T08:55:16Z</time></trkpt>
    <trkpt lat="52.4182716" lon="5.5683933"><ele>5.0</ele><time>2025-09-21T08:55:18Z</time></trkpt>
    <trkpt lat="52.4181992" lon="5.5684159"><ele>4.7</ele><time>2025-09-21T08:55:19Z</time></trkpt>
    <trkpt lat="52.4180686" lon="5.5684280"><ele>4.8</ele><time>2025-09-21T08:55:20Z</time></trkpt>
    <trkpt lat="52.4180081" lon="5.5684084"><ele>4.5</ele><time>2025-09-21T08:55:21Z</time></trkpt>
    <trkpt lat="52.4179110" lon="5.5683608"><ele>5.0</ele><time>2025-09-21T08:55:23Z</time></trkpt>
    <trkpt lat="52.4178082" lon="5.5683837"><ele>4.7</ele><time>2025-09-21T08:55:24Z</time></trkpt>
    <trkpt lat="52.4177064" lon="5.5684277"><ele>4.2</ele><time>2025-09-21T08:55:25Z</time></trkpt>
    <trkpt lat="52.4176223" lon="5.5683995"><ele>4.3</ele><time>2025-09-21T08:55:26Z</time></trkpt>
    <trkpt lat="52.4175207" lon="5.5684146"><ele>4.7</ele><time>2025-09-21T08:55:28Z</time></trkpt>
    <trkpt lat="52.4174418" lon="5.5683893"><ele>4.2</ele><time>2025-09-21T08:55:29Z</time></trkpt>
    <trkpt lat="52.4173618" lon="5.5684279"><ele>4.3</ele><time>2025-09-21T08:55:30Z</time></trkpt>
    <trkpt lat="52.4172555" lon="5.5684189"><ele>4.6</ele><time>2025-09-21T08:55:31Z</time></trkpt>
    <trkpt lat="52.4171805" lon="5.5684145"><ele>4.0</ele><time>2025-09-21T08:55:33Z</time></trkpt>
    <trkpt lat="52.4170972" lon="5.5684189"><ele>4.7</ele><time>2025-09-21T08:55:34Z</time></trkpt>
    <trkpt lat="52.4170138" lon="5.5684003"><ele>5.2</ele><time>2025-09-21T08:55:35Z</time></trkpt>
    <trkpt lat="52.4169138" lon="5.5684378"><ele>5.2</ele><time>2025-09-21T08:55:36Z</time></trkpt>
    <trkpt lat="52.4167970" lon="5.5683941"><ele>4.1</ele><time>2025-09-21T08:55:38Z</time></trkpt>
    <trkpt lat="52.4167217" lon="5.5683967"><ele>4.4</ele><time>2025-09-21T08:55:39Z</time></trkpt>
    <trkpt lat="52.4166364" lon="5.5684181"><ele>4.1</ele><time>2025-09-21T08:55:40Z</time></trkpt>
    <trkpt lat="52.4165569" lon="5.5684045"><ele>4.1</ele><time>2025-09-21T08:55:41Z</time></trkpt>
    <trkpt lat="52.4164547" lon="5.5683792"><ele>4.4</ele><time>2025-09-21T08:55:43Z</time></trkpt>
    <trkpt lat="52.4163745" lon="5.5684844"><ele>4.3</ele><time>2025-09-21T08:55:44Z</time></trkpt>
    <trkpt lat="52.4162725" lon="5.5684042"><ele>4.8</ele><time>2025-09-21T08:55:45Z</time></trkpt>
    <trkpt lat="52.4161970" lon="5.5684598"><ele>4.3</ele><time>2025-09-21T08:55:46Z</time></trkpt>
    <trkpt lat="52.4161370" lon="5.5684163"><ele>4.1</ele><time>2025-09-21T08:55:48Z</time></trkpt>
    <trkpt lat="52.4160045" lon="5.5683982"><ele>4.3</ele><time>2025-09-21T08:55:49Z</time></trkpt>
    <trkpt lat="52.4159077" lon="5.5683601"><ele>4.4</ele><time>2025-09-21T08:55:50Z</time></trkpt>
    <trkpt lat="52.4158178" lon="5.5684293"><ele>4.0</ele><time>2025-09-21T08:55:51Z</time></trkpt>
    <trkpt lat="52.4157239" lon="5.5684047"><ele>3.7</ele><time>2025-09-21T08:55:53Z</time></trkpt>
    <trkpt lat="52.4156564" lon="5.5684133"><ele>4.3</ele><time>2025-09-21T08:55:54Z</time></trkpt>
    <trkpt lat="52.4155690" lon="5.5684217"><ele>4.8</ele><time>2025-09-21T08:55:55Z</time></trkpt>
    <trkpt lat="52.4154789" lon="5.5684075"><ele>4.3</ele><time>2025-09-21T08:55:56Z</time></trkpt>
    <trkpt lat="52.4153938" lon="5.5684167"><ele>5.2</ele><time>2025-09-21T08:55:58Z</time></trkpt>
    <trkpt lat="52.4152858" lon="5.5684224"><ele>4.3</ele><time>2025-09-21T08:55:59Z</time></trkpt>
    <trkpt lat="52.4152131" lon="5.5683871"><ele>5.0</ele><time>2025-09-21T08:56:00Z</time></trkpt>
    <trkpt lat="52.4151065" lon="5.5683967"><ele>4.4</ele><time>2025-09-21T08:56:01Z</time></trkpt>
    <trkpt lat="52.4150065" lon="5.5683802"><ele>4.7</ele><time>2025-09-21T08:56:03Z</time></trkpt>
    <trkpt lat="52.4149407" lon="5.5683987"><ele>4.6</ele><time>2025-09-21T08:56:04Z</time></trkpt>
    <trkpt lat="52.4148342" lon="5.5684439"><ele>5.1</ele><time>2025-09-21T08:56:05Z</time></trkpt>
    <trkpt lat="52.4147534" lon="5.5684042"><ele>5.0</ele><time>2025-09-21T08:56:06Z</time></trkpt>
    <trkpt lat="52.4146481" lon="5.5684024"><ele>4.8</ele><time>2025-09-21T08:56:08Z</time></trkpt>
    <trkpt lat="52.4145522" lon="5.5684069"><ele>5.0</ele><time>2025-09-21T08:56:09Z</time></trkpt>
    <trkpt lat="52.4144942" lon="5.5683985"><ele>4.5</ele><time>2025-09-21T08:56:10Z</time></trkpt>
    <trkpt lat="52.4143950" lon="5.5683968"><ele>4.0</ele><time>2025-09-21T08:56:11Z</time></trkpt>
    <trkpt lat="52.4142905" lon="5.5684385"><ele>4.5</ele><time>2025-09-21T08:56:13Z</time></trkpt>
    <trkpt lat="52.4142107" lon="5.5684674"><ele>4.5</ele><time>2025-09-21T08:56:14Z</time></trkpt>
    <trkpt lat="52.4141450" lon="5.5683844"><ele>4.6</ele><time>2025-09-21T08:56:15Z</time></trkpt>
    <trkpt lat="52.4140146" lon="5.5684193"><ele>4.3</ele><time>2025-09-21T08:56:16Z</time></trkpt>
    <trkpt lat="52.4139386" lon="5.5684109"><ele>4.2</ele><time>2025-09-21T08:56:18Z</time></trkpt>
    <trkpt lat="52.4138397" lon="5.5683663"><ele>5.4</ele><time>2025-09-21T08:56:19Z</time></trkpt>
    <trkpt lat="52.4137760" lon="5.5684224"><ele>4.0</ele><time>2025-09-21T08:56:20Z</time></trkpt>
    <trkpt lat="52.4136678" lon="5.5684427"><ele>4.4</ele><time>2025-09-21T08:56:21Z</time></trkpt>
    <trkpt lat="52.4135832" lon="5.5684184"><ele>4.8</ele><time>2025-09-21T08:56:23Z</time></trkpt>
    <trkpt lat="52.4134963" lon="5.5683916"><ele>4.0</ele><time>2025-09-21T08:56:24Z</time></trkpt>
    <trkpt lat="52.4133845" lon="5.5684667"><ele>5.0</ele><time>2025-09-21T08:56:25Z</time></trkpt>
    <trkpt lat="52.4133121" lon="5.5684421"><ele>4.4</ele><time>2025-09-21T08:56:26Z</time></trkpt>
    <trkpt lat="52.4132319" lon="5.5684118"><ele>4.7</ele><time>2025-09-21T08:56:28Z</time></trkpt>
    <trkpt lat="52.4131458" lon="5.5684255"><ele>4.6</ele><time>2025-09-21T08:56:29Z</time></trkpt>
    <trkpt lat="52.4130540" lon="5.5683959"><ele>4.3</ele><time>2025-09-21T08:56:30Z</time></trkpt>
    <trkpt lat="52.4129606" lon="5.5683924"><ele>4.4</ele><time>2025-09-21T08:56:31Z</time></trkpt>
    <trkpt lat="52.4128766" lon="5.5683578"><ele>4.5</ele><time>2025-09-21T08:56:33Z</time></trkpt>
    <trkpt lat="52.4127586" lon="5.5684257"><ele>4.4</ele><time>2025-09-21T08:56:34Z</time></trkpt>
    <trkpt lat="52.4126853" lon="5.5684019"><ele>4.9</ele><time>2025-09-21T08:56:35Z</time></trkpt>
    <trkpt lat="52.4125910" lon="5.5683955"><ele>4.3</ele><time>2025-09-21T08:56:36Z</time></trkpt>
    <trkpt lat="52.4124853" lon="5.5684234"><ele>4.8</ele><time>2025-09-21T08:56:38Z</time></trkpt>
    <trkpt lat="52.4124354" lon="5.5684030"><ele>5.0</ele><time>2025-09-21T08:56:39Z</time></trkpt>
    <trkpt lat="52.4123184" lon="5.5684090"><ele>4.3</ele><time>2025-09-21T08:56:40Z</time></trkpt>
    <trkpt lat="52.4122497" lon="5.5684009"><ele>5.3</ele><time>2025-09-21T08:56:41Z</time></trkpt>
    <trkpt lat="52.4121361" lon="5.5683886"><ele>4.5</ele><time>2025-09-21T08:56:43Z</time></trkpt>
    <trkpt lat="52.4120628" lon="5.5684215"><ele>4.0</ele><time>2025-09-21T08:56:44Z</time></trkpt>
    <trkpt lat="52.4119628" lon="5.5684341"><ele>4.7</ele><time>2025-09-21T08:56:45Z</time></trkpt>
    <trkpt lat="52.4118583" lon="5.5684121"><ele>4.9</ele><time>2025-09-21T08:56:46Z</time></trkpt>
    <trkpt lat="52.4117798" lon="5.5684119"><ele>3.9</ele><time>2025-09-21T08:56:48Z</time></trkpt>
    <trkpt lat="52.4117139" lon="5.5684081"><ele>5.0</ele><time>2025-09-21T08:56:49Z</time></trkpt>
    <trkpt lat="52.4116003" lon="5.5684324"><ele>4.6</ele><time>2025-09-21T08:56:50Z</time></trkpt>
    <trkpt lat="52.4115098" lon="5.5684223"><ele>4.4</ele><time>2025-09-21T08:56:51Z</time></trkpt>
    <trkpt lat="52.4114154" lon="5.5684220"><ele>4.4</ele><time>2025-09-21T08:56:53Z</time></trkpt>
    <trkpt lat="52.4113294" lon="5.5683931"><ele>4.3</ele><time>2025-09-21T08:56:54Z</time></trkpt>
    <trkpt lat="52.4112559" lon="5.5684257"><ele>4.2</ele><time>2025-09-21T08:56:55Z</time></trkpt>
    <trkpt lat="52.4111781" lon="5.5684202"><ele>3.6</ele><time>2025-09-21T08:56:56Z</time></trkpt>
    <trkpt lat="52.4110488" lon="5.5684145"><ele>5.0</ele><time>2025-09-21T08:56:58Z</time></trkpt>
    <trkpt lat="52.4109853" lon="5.5684284"><ele>4.6</ele><time>2025-09-21T08:56:59Z</time></trkpt>
    <trkpt lat="52.4109046" lon="5.5683814"><ele>4.4</ele><time>2025-09-21T08:57:00Z</time></trkpt>
    <trkpt lat="52.4107788" lon="5.5684145"><ele>4.5</ele><time>2025-09-21T08:57:01Z</time></trkpt>
    <trkpt lat="52.4106882" lon="5.5683812"><ele>5.4</ele><time>2025-09-21T08:57:03Z</time></trkpt>
    <trkpt lat="52.4106499" lon="5.5684129"><ele>5.1</ele><time>2025-09-21T08:57:04Z</time></trkpt>
    <trkpt lat="52.4105027" lon="5.5684468"><ele>5.2</ele><time>2025-09-21T08:57:05Z</time></trkpt>
    <trkpt lat="52.4104316" lon="5.5684204"><ele>5.3</ele><time>2025-09-21T08:57:06Z</time></trkpt>
    <trkpt lat="52.4103611" lon="5.5684376"><ele>4.1</ele><time>2025-09-21T08:57:08Z</time></trkpt>
    <trkpt lat="52.4102685" lon="5.5684119"><ele>4.5</ele><time>2025-09-21T08:57:09Z</time></trkpt>
    <trkpt lat="52.4101724" lon="5.5683757"><ele>4.5</ele><time>2025-09-21T08:57:10Z</time></trkpt>
    <trkpt lat="52.4100843" lon="5.5684122"><ele>4.3</ele><time>2025-09-21T08:57:11Z</time></trkpt>
    <trkpt lat="52.4099673" lon="5.5684488"><ele>4.2</ele><time>2025-09-21T08:57:13Z</time></trkpt>
    <trkpt lat="52.4099135" lon="5.5684314"><ele>5.1</ele><time>2025-09-21T08:57:14Z</time></trkpt>
    <trkpt lat="52.4097945" lon="5.5684419"><ele>4.9</ele><time>2025-09-21T08:57:15Z</time></trkpt>
    <trkpt lat="52.4097395" lon="5.5684114"><ele>4.9</ele><time>2025-09-21T08:57:16Z</time></trkpt>
    <trkpt lat="52.4096270" lon="5.5684001"><ele>4.6</ele><time>2025-09-21T08:57:18Z</time></trkpt>
    <trkpt lat="52.4095202" lon="5.5683933"><ele>4.3</ele><time>2025-09-21T08:57:19Z</time></trkpt>
    <trkpt lat="52.4094701" lon="5.5684358"><ele>4.7</ele><time>2025-09-21T08:57:20Z</time></trkpt>
    <trkpt lat="52.4093555" lon="5.5684242"><ele>5.0</ele><time>2025-09-21T08:57:21Z</time></trkpt>
    <trkpt lat="52.4092786" lon="5.5683893"><ele>4.9</ele><time>2025-09-21T08:57:23Z</time></trkpt>
    <trkpt lat="52.4091703" lon="5.5684509"><ele>4.1</ele><time>2025-09-21T08:57:24Z</time></trkpt>
    <trkpt lat="52.4091023" lon="5.5684117"><ele>4.7</ele><time>2025-09-21T08:57:25Z</time></trkpt>
    <trkpt lat="52.4090140" lon="5.5684195"><ele>4.5</ele><time>2025-09-21T08:57:26Z</time></trkpt>
    <trkpt lat="52.4089349" lon="5.5684162"><ele>4.3</ele><time>2025-09-21T08:57:28Z</time></trkpt>
    <trkpt lat="52.4088122" lon="5.5684273"><ele>4.7</ele><time>2025-09-21T08:57:29Z</time></trkpt>
    <trkpt lat="52.4087418" lon="5.5684071"><ele>4.4</ele><time>2025-09-21T08:57:30Z</time></trkpt>
    <trkpt lat="52.4086735" lon="5.5684199"><ele>4.8</ele><time>2025-09-21T08:57:31Z</time></trkpt>
    <trkpt lat="52.4085474" lon="5.5684418"><ele>4.4</ele><time>2025-09-21T08:57:33Z</time></trkpt>
    <trkpt lat="52.4084740" lon="5.5684385"><ele>4.7</ele><time>2025-09-21T08:57:34Z</time></trkpt>
    <trkpt lat="52.4083438" lon="5.5684458"><ele>4.5</ele><time>2025-09-21T08:57:35Z</time></trkpt>
    <trkpt lat="52.4082916" lon="5.5684462"><ele>5.0</ele><time>2025-09-21T08:57:36Z</time></trkpt>
    <trkpt lat="52.4082001" lon="5.5684004"><ele>4.2</ele><time>2025-09-21T08:57:38Z</time></trkpt>
    <trkpt lat="52.4081267" lon="5.5683867"><ele>4.8</ele><time>2025-09-21T08:57:39Z</time></trkpt>
    <trkpt lat="52.4080043" lon="5.5684555"><ele>4.5</ele><time>2025-09-21T08:57:40Z</time></trkpt>
    <trkpt lat="52.4079402" lon="5.5684065"><ele>4.3</ele><time>2025-09-21T08:57:41Z</time></trkpt>
    <trkpt lat="52.4078283" lon="5.5684087"><ele>4.3</ele><time>2025-09-21T08:57:43Z</time></trkpt>
    <trkpt lat="52.4077683" lon="5.5684077"><ele>4.1</ele><time>2025-09-21T08:57:44Z</time></trkpt>
    <trkpt lat="52.4076357" lon="5.5684024"><ele>5.0</ele><time>2025-09-21T08:57:45Z</time></trkpt>
    <trkpt lat="52.4075740" lon="5.5684025"><ele>5.1</ele><time>2025-09-21T08:57:46Z</time></trkpt>
    <trkpt lat="52.4074989" lon="5.5684309"><ele>4.3</ele><time>2025-09-21T08:57:48Z</time></trkpt>
    <trkpt lat="52.4073960" lon="5.5684771"><ele>3.9</ele><time>2025-09-21T08:57:49Z</time></trkpt>
    <trkpt lat="52.4072893" lon="5.5684360"><ele>5.1</ele><time>2025-09-21T08:57:50Z</time></trkpt>
    <trkpt lat="52.4072173" lon="5.5683943"><ele>3.9</ele><time>2025-09-21T08:57:51Z</time></trkpt>
    <trkpt lat="52.4070916" lon="5.5684350"><ele>3.5</ele><time>2025-09-21T08:57:53Z</time></trkpt>
    <trkpt lat="52.4070081" lon="5.5684324"><ele>5.0</ele><time>2025-09-21T08:57:54Z</time></trkpt>
    <trkpt lat="52.4069263" lon="5.5684249"><ele>4.9</ele><time>2025-09-21T08:57:55Z</time></trkpt>
    <trkpt lat="52.4068391" lon="5.5684642"><ele>4.2</ele><time>2025-09-21T08:57:56Z</time></trkpt>
    <trkpt lat="52.4067394" lon="5.5684240"><ele>4.3</ele><time>2025-09-21T08:57:58Z</time></trkpt>
    <trkpt lat="52.4066860" lon="5.5684002"><ele>4.1</ele><time>2025-09-21T08:57:59Z</time></trkpt>
    <trkpt lat="52.4065900" lon="5.5684531"><ele>4.4</ele><time>2025-09-21T08:58:00Z</time></trkpt>
    <trkpt lat="52.4064723" lon="5.5684212"><ele>5.1</ele><time>2025-09-21T08:58:01Z</time></trkpt>
    <trkpt lat="52.4063986" lon="5.5684109"><ele>4.3</ele><time>2025-09-21T08:58:03Z</time></trkpt>
    <trkpt lat="52.4063138" lon="5.5684237"><ele>4.7</ele><time>2025-09-21T08:58:04Z</time></trkpt>
    <trkpt lat="52.4062163" lon="5.5684478"><ele>4.7</ele><time>2025-09-21T08:58:05Z</time></trkpt>
    <trkpt lat="52.4061206" lon="5.5683888"><ele>3.8</ele><time>2025-09-21T08:58:06Z</time></trkpt>
    <trkpt lat="52.4060360" lon="5.5684435"><ele>4.0</ele><time>2025-09-21T08:58:08Z</time></trkpt>
    <trkpt lat="52.4059514" lon="5.5684100"><ele>5.1</ele><time>2025-09-21T08:58:09Z</time></trkpt>
    <trkpt lat="52.4058613" lon="5.5684119"><ele>4.0</ele><time>2025-09-21T08:58:10Z</time></trkpt>
    <trkpt lat="52.4057504" lon="5.5684765"><ele>4.8</ele><time>2025-09-21T08:58:11Z</time></trkpt>
    <trkpt lat="52.4056659" lon="5.5684211"><ele>5.0</ele><time>2025-09-21T08:58:13Z</time></trkpt>
    <trkpt lat="52.4056001" lon="5.5684683"><ele>4.5</ele><time>2025-09-21T08:58:14Z</time></trkpt>
    <trkpt lat="52.4054886" lon="5.5684471"><ele>4.3</ele><time>2025-09-21T08:58:15Z</time></trkpt>
    <trkpt lat="52.4054010" lon="5.5683992"><ele>4.4</ele><time>2025-09-21T08:58:16Z</time></trkpt>
    <trkpt lat="52.4053069" lon="5.5684285"><ele>4.3</ele><time>2025-09-21T08:58:18Z</time></trkpt>
    <trkpt lat="52.4052483" lon="5.5683665"><ele>4.9</ele><time>2025-09-21T08:58:19Z</time></trkpt>
    <trkpt lat="52.4051396" lon="5.5684361"><ele>4.0</ele><time>2025-09-21T08:58:20Z</time></trkpt>
    <trkpt lat="52.4050423" lon="5.5683966"><ele>4.3</ele><time>2025-09-21T08:58:21Z</time></trkpt>
    <trkpt lat="52.4049494" lon="5.5684335"><ele>3.5</ele><time>2025-09-21T08:58:23Z</time></trkpt>
    <trkpt lat="52.4048600" lon="5.5684408"><ele>4.7</ele><time>2025-09-21T08:58:24Z</time></trkpt>
    <trkpt lat="52.4047874" lon="5.5684213"><ele>4.8</ele><time>2025-09-21T08:58:25Z</time></trkpt>
    <trkpt lat="52.4046915" lon="5.5684135"><ele>4.5</ele><time>2025-09-21T08:58:26Z</time></trkpt>
    <trkpt lat="52.4045802" lon="5.5684260"><ele>4.2</ele><time>2025-09-21T08:58:28Z</time></trkpt>
    <trkpt lat="52.4045040" lon="5.5684251"><ele>3.7</ele><time>2025-09-21T08:58:29Z</time></trkpt>
    <trkpt lat="52.4044184" lon="5.5684426"><ele>4.4</ele><time>2025-09-21T08:58:30Z</time></trkpt>
    <trkpt lat="52.4043180" lon="5.5684055"><ele>4.5</ele><time>2025-09-21T08:58:31Z</time></trkpt>
    <trkpt lat="52.4042547" lon="5.5684559"><ele>4.5</ele><time>2025-09-21T08:58:33Z</time></trkpt>
    <trkpt lat="52.4041516" lon="5.5684279"><ele>4.8</ele><time>2025-09-21T08:58:34Z</time></trkpt>
    <trkpt lat="52.4040704" lon="5.5684493"><ele>4.5</ele><time>2025-09-21T08:58:35Z</time></trkpt>
    <trkpt lat="52.4039428" lon="5.5684485"><ele>4.1</ele><time>2025-09-21T08:58:36Z</time></trkpt>
    <trkpt lat="52.4038900" lon="5.5684360"><ele>4.2</ele><time>2025-09-21T08:58:38Z</time></trkpt>
    <trkpt lat="52.4037861" lon="5.5684471"><ele>4.4</ele><time>2025-09-21T08:58:39Z</time></trkpt>
    <trkpt lat="52.4036933" lon="5.5684245"><ele>4.9</ele><time>2025-09-21T08:58:40Z</time></trkpt>
    <trkpt lat="52.4036000" lon="5.5684169"><ele>4.8</ele><time>2025-09-21T08:58:41Z</time></trkpt>
    <trkpt lat="52.4035191" lon="5.5684011"><ele>4.2</ele><time>2025-09-21T08:58:43Z</time></trkpt>
    <trkpt lat="52.4034088" lon="5.5684238"><ele>4.3</ele><time>2025-09-21T08:58:44Z</time></trkpt>
    <trkpt lat="52.4033430" lon="5.5683895"><ele>4.6</ele><time>2025-09-21T08:58:45Z</time></trkpt>
    <trkpt lat="52.4032305" lon="5.5684047"><ele>4.1</ele><time>2025-09-21T08:58:46Z</time></trkpt>
    <trkpt lat="52.4031798" lon="5.5684068"><ele>4.8</ele><time>2025-09-21T08:58:48Z</time></trkpt>
    <trkpt lat="52.4030806" lon="5.5684107"><ele>4.6</ele><time>2025-09-21T08:58:49Z</time></trkpt>
    <trkpt lat="52.4029584" lon="5.5684000"><ele>4.2</ele><time>2025-09-21T08:58:50Z</time></trkpt>
    <trkpt lat="52.4028799" lon="5.5683981"><ele>4.3</ele><time>2025-09-21T08:58:51Z</time></trkpt>
    <trkpt lat="52.4027759" lon="5.5684341"><ele>5.3</ele><time>2025-09-21T08:58:53Z</time></trkpt>
    <trkpt lat="52.4026969" lon="5.5684160"><ele>4.2</ele><time>2025-09-21T08:58:54Z</time></trkpt>
    <trkpt lat="52.4026359" lon="5.5684047"><ele>4.1</ele><time>2025-09-21T08:58:55Z</time></trkpt>
    <trkpt lat="52.4025201" lon="5.5683729"><ele>4.7</ele><time>2025-09-21T08:58:56Z</time></trkpt>
    <trkpt lat="52.4024400" lon="5.5684017"><ele>5.0</ele><time>2025-09-21T08:58:58Z</time></trkpt>
    <trkpt lat="52.4023353" lon="5.5684460"><ele>4.8</ele><time>2025-09-21T08:58:59Z</time></trkpt>
    <trkpt lat="52.4022563" lon="5.5684275"><ele>5.3</ele><time>2025-09-21T08:59:00Z</time></trkpt>
    <trkpt lat="52.4021808" lon="5.5684113"><ele>4.3</ele><time>2025-09-21T08:59:01Z</time></trkpt>
    <trkpt lat="52.4020623" lon="5.5684116"><ele>4.7</ele><time>2025-09-21T08:59:03Z</time></trkpt>
    <trkpt lat="52.4020147" lon="5.5684333"><ele>4.1</ele><time>2025-09-21T08:59:04Z</time></trkpt>
    <trkpt lat="52.4018951" lon="5.5684567"><ele>4.0</ele><time>2025-09-21T08:59:05Z</time></trkpt>
    <trkpt lat="52.4018239" lon="5.5684335"><ele>4.4</ele><time>2025-09-21T08:59:06Z</time></trkpt>
    <trkpt lat="52.4017453" lon="5.5684551"><ele>5.1</ele><time>2025-09-21T08:59:08Z</time></trkpt>
    <trkpt lat="52.4016210" lon="5.5684334"><ele>5.2</ele><time>2025-09-21T08:59:09Z</time></trkpt>
    <trkpt lat="52.4015370" lon="5.5684352"><ele>4.0</ele><time>2025-09-21T08:59:10Z</time></trkpt>
    <trkpt lat="52.4014775" lon="5.5684398"><ele>4.7</ele><time>2025-09-21T08:59:11Z</time></trkpt>
    <trkpt lat="52.4013654" lon="5.5684083"><ele>4.3</ele><time>2025-09-21T08:59:13Z</time></trkpt>
    <trkpt lat="52.4012971" lon="5.5684386"><ele>3.8</ele><time>2025-09-21T08:59:14Z</time></trkpt>
    <trkpt lat="52.4011780" lon="5.5684355"><ele>4.6</ele><time>2025-09-21T08:59:15Z</time></trkpt>
    <trkpt lat="52.4010802" lon="5.5684214"><ele>5.0</ele><time>2025-09-21T08:59:16Z</time></trkpt>
    <trkpt lat="52.4009976" lon="5.5684223"><ele>4.9</ele><time>2025-09-21T08:59:18Z</time></trkpt>
    <trkpt lat="52.4009275" lon="5.5684462"><ele>4.2</ele><time>2025-09-21T08:59:19Z</time></trkpt>
    <trkpt lat="52.4008331" lon="5.5684227"><ele>4.2</ele><time>2025-09-21T08:59:20Z</time></trkpt>
    <trkpt lat="52.4007204" lon="5.5684062"><ele>4.2</ele><time>2025-09-21T08:59:21Z</time></trkpt>
    <trkpt lat="52.4006352" lon="5.5683974"><ele>4.3</ele><time>2025-09-21T08:59:23Z</time></trkpt>
    <trkpt lat="52.4005396" lon="5.5684487"><ele>4.4</ele><time>2025-09-21T08:59:24Z</time></trkpt>
    <trkpt lat="52.4004524" lon="5.5684193"><ele>4.0</ele><time>2025-09-21T08:59:25Z</time></trkpt>
    <trkpt lat="52.4003827" lon="5.5684275"><ele>4.5</ele><time>2025-09-21T08:59:26Z</time></trkpt>
    <trkpt lat="52.4002989" lon="5.5683991"><ele>4.5</ele><time>2025-09-21T08:59:28Z</time></trkpt>
    <trkpt lat="52.4001747" lon="5.5684275"><ele>4.3</ele><time>2025-09-21T08:59:29Z</time></trkpt>
    <trkpt lat="52.4001083" lon="5.5684706"><ele>4.5</ele><time>2025-09-21T08:59:30Z</time></trkpt>
    <trkpt lat="52.4000310" lon="5.5684749"><ele>4.4</ele><time>2025-09-21T08:59:31Z</time></trkpt>
    <trkpt lat="52.3999117" lon="5.5684099"><ele>4.4</ele><time>2025-09-21T08:59:33Z</time></trkpt>
    <trkpt lat="52.3998433" lon="5.5684159"><ele>4.2</ele><time>2025-09-21T08:59:34Z</time></trkpt>
    <trkpt lat="52.3997284" lon="5.5684529"><ele>3.8</ele><time>2025-09-21T08:59:35Z</time></trkpt>
    <trkpt lat="52.3996419" lon="5.5684560"><ele>4.6</ele><time>2025-09-21T08:59:36Z</time></trkpt>
    <trkpt lat="52.3995673" lon="5.5684438"><ele>5.0</ele><time>2025-09-21T08:59:38Z</time></trkpt>
    <trkpt lat="52.3994759" lon="5.5684458"><ele>4.5</ele><time>2025-09-21T08:59:39Z</time></trkpt>
    <trkpt lat="52.3993856" lon="5.5684610"><ele>4.9</ele><time>2025-09-21T08:59:40Z</time></trkpt>
    <trkpt lat="52.3992876" lon="5.5684474"><ele>4.7</ele><time>2025-09-21T08:59:41Z</time></trkpt>
    <trkpt lat="52.3991930" lon="5.5684953"><ele>4.9</ele><time>2025-09-21T08:59:43Z</time></trkpt>
    <trkpt lat="52.3991126" lon="5.5683866"><ele>4.3</ele><time>2025-09-21T08:59:44Z</time></trkpt>
    <trkpt lat="52.3990284" lon="5.5684430"><ele>4.0</ele><time>2025-09-21T08:59:45Z</time></trkpt>
    <trkpt lat="52.3989350" lon="5.5684047"><ele>4.2</ele><time>2025-09-21T08:59:46Z</time></trkpt>
    <trkpt lat="52.3988483" lon="5.5684266"><ele>4.5</ele><time>2025-09-21T08:59:48Z</time></trkpt>
    <trkpt lat="52.3987610" lon="5.5684631"><ele>4.6</ele><time>2025-09-21T08:59:49Z</time></trkpt>
    <trkpt lat="52.3986853" lon="5.5684144"><ele>4.9</ele><time>2025-09-21T08:59:50Z</time></trkpt>
    <trkpt lat="52.3985746" lon="5.5684356"><ele>4.7</ele><time>2025-09-21T08:59:51Z</time></trkpt>
    <trkpt lat="52.3985004" lon="5.5684573"><ele>4.2</ele><time>2025-09-21T08:59:53Z</time></trkpt>
    <trkpt lat="52.3983972" lon="5.5684514"><ele>4.2</ele><time>2025-09-21T08:59:54Z</time></trkpt>
    <trkpt lat="52.3983177" lon="5.5684256"><ele>5.2</ele><time>2025-09-21T08:59:55Z</time></trkpt>
    <trkpt lat="52.3982107" lon="5.5684252"><ele>4.5</ele><time>2025-09-21T08:59:56Z</time></trkpt>
    <trkpt lat="52.3981099" lon="5.5684236"><ele>5.0</ele><time>2025-09-21T08:59:58Z</time></trkpt>
    <trkpt lat="52.3980333" lon="5.5684111"><ele>4.5</ele><time>2025-09-21T08:59:59Z</time></trkpt>
    <trkpt lat="52.3979579" lon="5.5684282"><ele>4.1</ele><time>2025-09-21T09:00:00Z</time></trkpt>
    <trkpt lat="52.3978617" lon="5.5684040"><ele>4.4</ele><time>2025-09-21T09:00:01Z</time></trkpt>
    <trkpt lat="52.3977778" lon="5.5684078"><ele>4.6</ele><time>2025-09-21T09:00:03Z</time></trkpt>
    <trkpt lat="52.3976814" lon="5.5683973"><ele>4.7</ele><time>2025-09-21T09:00:04Z</time></trkpt>
    <trkpt lat="52.3975785" lon="5.5684490"><ele>4.4</ele><time>2025-09-21T09:00:05Z</time></trkpt>
    <trkpt lat="52.3975054" lon="5.5684309"><ele>4.2</ele><time>2025-09-21T09:00:06Z</time></trkpt>
    <trkpt lat="52.3974037" lon="5.5684311"><ele>4.4</ele><time>2025-09-21T09:00:08Z</time></trkpt>
    <trkpt lat="52.3973238" lon="5.5684160"><ele>4.9</ele><time>2025-09-21T09:00:09Z</time></trkpt>
    <trkpt lat="52.3972275" lon="5.5684635"><ele>4.6</ele><time>2025-09-21T09:00:10Z</time></trkpt>
    <trkpt lat="52.3971442" lon="5.5684345"><ele>4.1</ele><time>2025-09-21T09:00:11Z</time></trkpt>
    <trkpt lat="52.3970684" lon="5.5683963"><ele>5.5</ele><time>2025-09-21T09:00:13Z</time></trkpt>
    <trkpt lat="52.3969716" lon="5.5684182"><ele>4.6</ele><time>2025-09-21T09:00:14Z</time></trkpt>
    <trkpt lat="52.3968552" lon="5.5684633"><ele>4.6</ele><time>2025-09-21T09:00:15Z</time></trkpt>
    <trkpt lat="52.3968098" lon="5.5684792"><ele>4.1</ele><time>2025-09-21T09:00:16Z</time></trkpt>
    <trkpt lat="52.3966857" lon="5.5684357"><ele>5.3</ele><time>2025-09-21T09:00:18Z</time></trkpt>
    <trkpt lat="52.3965896" lon="5.5684530"><ele>4.7</ele><time>2025-09-21T09:00:19Z</time></trkpt>
    <trkpt lat="52.3964921" lon="5.5684322"><ele>4.3</ele><time>2025-09-21T09:00:20Z</time></trkpt>
    <trkpt lat="52.3963923" lon="5.5684544"><ele>5.1</ele><time>2025-09-21T09:00:21Z</time></trkpt>
    <trkpt lat="52.3963420" lon="5.5684506"><ele>3.7</ele><time>2025-09-21T09:00:23Z</time></trkpt>
    <trkpt lat="52.3962289" lon="5.5684476"><ele>3.9</ele><time>2025-09-21T09:00:24Z</time></trkpt>
    <trkpt lat="52.3961545" lon="5.5684180"><ele>4.5</ele><time>2025-09-21T09:00:25Z</time></trkpt>
    <trkpt lat="52.3960765" lon="5.5684930"><ele>5.1</ele><time>2025-09-21T09:00:26Z</time></trkpt>
    <trkpt lat="52.3959741" lon="5.5684511"><ele>4.5</ele><time>2025-09-21T09:00:28Z</time></trkpt>
    <trkpt lat="52.3958767" lon="5.5684918"><ele>4.0</ele><time>2025-09-21T09:00:29Z</time></trkpt>
    <trkpt lat="52.3957905" lon="5.5684462"><ele>4.5</ele><time>2025-09-21T09:00:30Z</time></trkpt>
    <trkpt lat="52.3956908" lon="5.5684071"><ele>4.4</ele><time>2025-09-21T09:00:31Z</time></trkpt>
    <trkpt lat="52.3956156" lon="5.5684273"><ele>5.1</ele><time>2025-09-21T09:00:33Z</time></trkpt>
    <trkpt lat="52.3955276" lon="5.5684441"><ele>4.4</ele><time>2025-09-21T09:00:34Z</time></trkpt>
    <trkpt lat="52.3954361" lon="5.5684057"><ele>4.5</ele><time>2025-09-21T09:00:35Z</time></trkpt>
    <trkpt lat="52.3953308" lon="5.5684333"><ele>4.8</ele><time>2025-09-21T09:00:36Z</time></trkpt>
    <trkpt lat="52.3952558" lon="5.5685213"><ele>4.8</ele><time>2025-09-21T09:00:38Z</time></trkpt>
    <trkpt lat="52.3951889" lon="5.5685767"><ele>4.6</ele><time>2025-09-21T09:00:39Z</time></trkpt>
    <trkpt lat="52.3951515" lon="5.5687362"><ele>3.2</ele><time>2025-09-21T09:00:40Z</time></trkpt>
    <trkpt lat="52.3951223" lon="5.5688996"><ele>1.9</ele><time>2025-09-21T09:00:41Z</time></trkpt>
    <trkpt lat="52.3951422" lon="5.5690587"><ele>2.1</ele><time>2025-09-21T09:00:43Z</time></trkpt>
    <trkpt lat="52.3951390" lon="5.5691650"><ele>0.8</ele><time>2025-09-21T09:00:44Z</time></trkpt>
    <trkpt lat="52.3951172" lon="5.5692862"><ele>-3.9</ele><time>2025-09-21T09:00:45Z</time></trkpt>
    <trkpt lat="52.3951292" lon="5.5695158"><ele>-3.4</ele><time>2025-09-21T09:00:46Z</time></trkpt>
    <trkpt lat="52.3951441" lon="5.5696034"><ele>-4.2</ele><time>2025-09-21T09:00:48Z</time></trkpt>
    <trkpt lat="52.3951476" lon="5.5697479"><ele>-4.4</ele><time>2025-09-21T09:00:49Z</time></trkpt>
    <trkpt lat="52.3951480" lon="5.5699307"><ele>-4.4</ele><time>2025-09-21T09:00:50Z</time></trkpt>
    <trkpt lat="52.3951347" lon="5.5700519"><ele>-4.1</ele><time>2025-09-21T09:00:51Z</time></trkpt>
    <trkpt lat="52.3951447" lon="5.5702537"><ele>-4.3</ele><time>2025-09-21T09:00:53Z</time></trkpt>
    <trkpt lat="52.3951336" lon="5.5703641"><ele>-4.1</ele><time>2025-09-21T09:00:54Z</time></trkpt>
    <trkpt lat="52.3951436" lon="5.5705288"><ele>-4.2</ele><time>2025-09-21T09:00:55Z</time></trkpt>
    <trkpt lat="52.3951499" lon="5.5706718"><ele>-3.9</ele><time>2025-09-21T09:00:56Z</time></trkpt>
    <trkpt lat="52.3951567" lon="5.5707891"><ele>-3.5</ele><time>2025-09-21T09:00:58Z</time></trkpt>
    <trkpt lat="52.3951485" lon="5.5709301"><ele>-3.8</ele><time>2025-09-21T09:00:59Z</time></trkpt>
    <trkpt lat="52.3951463" lon="5.5711072"><ele>-4.2</ele><time>2025-09-21T09:01:00Z</time></trkpt>
    <trkpt lat="52.3951789" lon="5.5712372"><ele>-2.9</ele><time>2025-09-21T09:01:01Z</time></trkpt>
    <trkpt lat="52.3951664" lon="5.5713593"><ele>-3.8</ele><time>2025-09-21T09:01:03Z</time></trkpt>
    <trkpt lat="52.3951495" lon="5.5715380"><ele>-3.5</ele><time>2025-09-21T09:01:04Z</time></trkpt>
    <trkpt lat="52.3951434" lon="5.5716862"><ele>-3.5</ele><time>2025-09-21T09:01:05Z</time></trkpt>
    <trkpt lat="52.3951175" lon="5.5718102"><ele>-3.9</ele><time>2025-09-21T09:01:06Z</time></trkpt>
    <trkpt lat="52.3951320" lon="5.5720111"><ele>-3.9</ele><time>2025-09-21T09:01:08Z</time></trkpt>
    <trkpt lat="52.3951369" lon="5.5721142"><ele>-4.1</ele><time>2025-09-21T09:01:09Z</time></trkpt>
    <trkpt lat="52.3951151" lon="5.5723186"><ele>-4.3</ele><time>2025-09-21T09:01:10Z</time></trkpt>
    <trkpt lat="52.3951417" lon="5.5723887"><ele>-3.2</ele><time>2025-09-21T09:01:11Z</time></trkpt>
    <trkpt lat="52.3950991" lon="5.5725194"><ele>-3.8</ele><time>2025-09-21T09:01:13Z</time></trkpt>
    <trkpt lat="52.3951360" lon="5.5727090"><ele>-4.1</ele><time>2025-09-21T09:01:14Z</time></trkpt>
    <trkpt lat="52.3951329" lon="5.5728583"><ele>-4.2</ele><time>2025-09-21T09:01:15Z</time></trkpt>
    <trkpt lat="52.3951300" lon="5.5730072"><ele>-4.2</ele><time>2025-09-21T09:01:16Z</time></trkpt>
    <trkpt lat="52.3951467" lon="5.5731670"><ele>-3.7</ele><time>2025-09-21T09:01:18Z</time></trkpt>
    <trkpt lat="52.3951419" lon="5.5733239"><ele>-3.3</ele><time>2025-09-21T09:01:19Z</time></trkpt>
    <trkpt lat="52.3951407" lon="5.5734577"><ele>-4.9</ele><time>2025-09-21T09:01:20Z</time></trkpt>
    <trkpt lat="52.3951437" lon="5.5736175"><ele>-4.1</ele><time>2025-09-21T09:01:21Z</time></trkpt>
    <trkpt lat="52.3951337" lon="5.5737051"><ele>-4.5</ele><time>2025-09-21T09:01:23Z</time></trkpt>
    <trkpt lat="52.3951417" lon="5.5738841"><ele>-4.1</ele><time>2025-09-21T09:01:24Z</time></trkpt>
    <trkpt lat="52.3951356" lon="5.5740304"><ele>-3.2</ele><time>2025-09-21T09:01:25Z</time></trkpt>
    <trkpt lat="52.3951460" lon="5.5741592"><ele>-4.4</ele><time>2025-09-21T09:01:26Z</time></trkpt>
    <trkpt lat="52.3951533" lon="5.5743206"><ele>-4.5</ele><time>2025-09-21T09:01:28Z</time></trkpt>
    <trkpt lat="52.3951226" lon="5.5744729"><ele>-3.5</ele><time>2025-09-21T09:01:29Z</time></trkpt>
    <trkpt lat="52.3951481" lon="5.5746290"><ele>-4.1</ele><time>2025-09-21T09:01:30Z</time></trkpt>
    <trkpt lat="52.3951209" lon="5.5747915"><ele>-3.8</ele><time>2025-09-21T09:01:31Z</time></trkpt>
    <trkpt lat="52.3951550" lon="5.5748672"><ele>-4.3</ele><time>2025-09-21T09:01:33Z</time></trkpt>
    <trkpt lat="52.3951564" lon="5.5750517"><ele>-4.1</ele><time>2025-09-21T09:01:34Z</time></trkpt>
    <trkpt lat="52.3951315" lon="5.5752216"><ele>-4.2</ele><time>2025-09-21T09:01:35Z</time></trkpt>
    <trkpt lat="52.3951296" lon="5.5753776"><ele>-4.3</ele><time>2025-09-21T09:01:36Z</time></trkpt>
    <trkpt lat="52.3951341" lon="5.5755157"><ele>-4.7</ele><time>2025-09-21T09:01:38Z</time></trkpt>
    <trkpt lat="52.3951608" lon="5.5756451"><ele>-4.3</ele><time>2025-09-21T09:01:39Z</time></trkpt>
    <trkpt lat="52.3951502" lon="5.5757631"><ele>-4.3</ele><time>2025-09-21T09:01:40Z</time></trkpt>
    <trkpt lat="52.3951671" lon="5.5759308"><ele>-4.0</ele><time>2025-09-21T09:01:41Z</time></trkpt>
    <trkpt lat="52.3951466" lon="5.5760659"><ele>-4.2</ele><time>2025-09-21T09:01:43Z</time></trkpt>
    <trkpt lat="52.3951440" lon="5.5762979"><ele>-4.2</ele><time>2025-09-21T09:01:44Z</time></trkpt>
    <trkpt lat="52.3951373" lon="5.5763736"><ele>-4.3</ele><time>2025-09-21T09:01:45Z</time></trkpt>
    <trkpt lat="52.3951659" lon="5.5765473"><ele>-4.8</ele><time>2025-09-21T09:01:46Z</time></trkpt>
    <trkpt lat="52.3951464" lon="5.5766777"><ele>-4.1</ele><time>2025-09-21T09:01:48Z</time></trkpt>
    <trkpt lat="52.3951524" lon="5.5768476"><ele>-4.0</ele><time>2025-09-21T09:01:49Z</time></trkpt>
    <trkpt lat="52.3951525" lon="5.5769580"><ele>-4.3</ele><time>2025-09-21T09:01:50Z</time></trkpt>
    <trkpt lat="52.3951360" lon="5.5771046"><ele>-4.0</ele><time>2025-09-21T09:01:51Z</time></trkpt>
    <trkpt lat="52.3951354" lon="5.5772535"><ele>-4.0</ele><time>2025-09-21T09:01:53Z</time></trkpt>
    <trkpt lat="52.3951297" lon="5.5774372"><ele>-4.4</ele><time>2025-09-21T09:01:54Z</time></trkpt>
    <trkpt lat="52.3951356" lon="5.5775298"><ele>-4.0</ele><time>2025-09-21T09:01:55Z</time></trkpt>
    <trkpt lat="52.3951335" lon="5.5777192"><ele>-4.5</ele><time>2025-09-21T09:01:56Z</time></trkpt>
    <trkpt lat="52.3951523" lon="5.5778255"><ele>-3.8</ele><time>2025-09-21T09:01:58Z</time></trkpt>
    <trkpt lat="52.3951521" lon="5.5780173"><ele>-4.0</ele><time>2025-09-21T09:01:59Z</time></trkpt>
    <trkpt lat="52.3951250" lon="5.5781362"><ele>-4.0</ele><time>2025-09-21T09:02:00Z</time></trkpt>
    <trkpt lat="52.3951243" lon="5.5782878"><ele>-4.3</ele><time>2025-09-21T09:02:01Z</time></trkpt>
    <trkpt lat="52.3951465" lon="5.5784120"><ele>-4.0</ele><time>2025-09-21T09:02:03Z</time></trkpt>
    <trkpt lat="52.3951406" lon="5.5786174"><ele>-4.1</ele><time>2025-09-21T09:02:04Z</time></trkpt>
    <trkpt lat="52.3951437" lon="5.5787511"><ele>-4.9</ele><time>2025-09-21T09:02:05Z</time></trkpt>
    <trkpt lat="52.3951208" lon="5.5788808"><ele>-4.6</ele><time>2025-09-21T09:02:06Z</time></trkpt>
    <trkpt lat="52.3951552" lon="5.5790047"><ele>-3.3</ele><time>2025-09-21T09:02:08Z</time></trkpt>
    <trkpt lat="52.3951473" lon="5.5791660"><ele>-3.7</ele><time>2025-09-21T09:02:09Z</time></trkpt>
    <trkpt lat="52.3951657" lon="5.5793292"><ele>-4.1</ele><time>2025-09-21T09:02:10Z</time></trkpt>
    <trkpt lat="52.3951216" lon="5.5794568"><ele>-4.4</ele><time>2025-09-21T09:02:11Z</time></trkpt>
    <trkpt lat="52.3951133" lon="5.5796145"><ele>-3.6</ele><time>2025-09-21T09:02:13Z</time></trkpt>
    <trkpt lat="52.3951215" lon="5.5797249"><ele>-4.3</ele><time>2025-09-21T09:02:14Z</time></trkpt>
    <trkpt lat="52.3951344" lon="5.5798996"><ele>-4.2</ele><time>2025-09-21T09:02:15Z</time></trkpt>
    <trkpt lat="52.3951340" lon="5.5800954"><ele>-3.8</ele><time>2025-09-21T09:02:16Z</time></trkpt>
    <trkpt lat="52.3951612" lon="5.5801815"><ele>-4.1</ele><time>2025-09-21T09:02:18Z</time></trkpt>
    <trkpt lat="52.3951239" lon="5.5803554"><ele>-4.4</ele><time>2025-09-21T09:02:19Z</time></trkpt>
    <trkpt lat="52.3951214" lon="5.5804972"><ele>-3.9</ele><time>2025-09-21T09:02:20Z</time></trkpt>
    <trkpt lat="52.3950993" lon="5.5806493"><ele>-4.0</ele><time>2025-09-21T09:02:21Z</time></trkpt>
    <trkpt lat="52.3951278" lon="5.5808115"><ele>-3.9</ele><time>2025-09-21T09:02:23Z</time></trkpt>
    <trkpt lat="52.3951392" lon="5.5809746"><ele>-4.1</ele><time>2025-09-21T09:02:24Z</time></trkpt>
    <trkpt lat="52.3951451" lon="5.5811200"><ele>-3.5</ele><time>2025-09-21T09:02:25Z</time></trkpt>
    <trkpt lat="52.3951385" lon="5.5812112"><ele>-3.8</ele><time>2025-09-21T09:02:26Z</time></trkpt>
    <trkpt lat="52.3951531" lon="5.5813913"><ele>-3.7</ele><time>2025-09-21T09:02:28Z</time></trkpt>
    <trkpt lat="52.3951361" lon="5.5815191"><ele>-4.2</ele><time>2025-09-21T09:02:29Z</time></trkpt>
    <trkpt lat="52.3951518" lon="5.5816889"><ele>-4.3</ele><time>2025-09-21T09:02:30Z</time></trkpt>
    <trkpt lat="52.3951362" lon="5.5818296"><ele>-4.3</ele><time>2025-09-21T09:02:31Z</time></trkpt>
    <trkpt lat="52.3951537" lon="5.5819687"><ele>-4.2</ele><time>2025-09-21T09:02:33Z</time></trkpt>
    <trkpt lat="52.3951659" lon="5.5820937"><ele>-3.1</ele><time>2025-09-21T09:02:34Z</time></trkpt>
    <trkpt lat="52.3951354" lon="5.5822419"><ele>-4.0</ele><time>2025-09-21T09:02:35Z</time></trkpt>
    <trkpt lat="52.3951369" lon="5.5824083"><ele>-4.1</ele><time>2025-09-21T09:02:36Z</time></trkpt>
    <trkpt lat="52.3951215" lon="5.5825617"><ele>-4.3</ele><time>2025-09-21T09:02:38Z</time></trkpt>
    <trkpt lat="52.3951365" lon="5.5827331"><ele>-3.6</ele><time>2025-09-21T09:02:39Z</time></trkpt>
    <trkpt lat="52.3951337" lon="5.5828410"><ele>-4.5</ele><time>2025-09-21T09:02:40Z</time></trkpt>
    <trkpt lat="52.3951446" lon="5.5830036"><ele>-5.2</ele><time>2025-09-21T09:02:41Z</time></trkpt>
    <trkpt lat="52.3951606" lon="5.5831288"><ele>-3.6</ele><time>2025-09-21T09:02:43Z</time></trkpt>
    <trkpt lat="52.3951292" lon="5.5833025"><ele>-3.9</ele><time>2025-09-21T09:02:44Z</time></trkpt>
    <trkpt lat="52.3951399" lon="5.5834172"><ele>-3.7</ele><time>2025-09-21T09:02:45Z</time></trkpt>
    <trkpt lat="52.3951189" lon="5.5836081"><ele>-3.6</ele><time>2025-09-21T09:02:46Z</time></trkpt>
    <trkpt lat="52.3951294" lon="5.5837693"><ele>-4.0</ele><time>2025-09-21T09:02:48Z</time></trkpt>
    <trkpt lat="52.3951406" lon="5.5838973"><ele>-3.7</ele><time>2025-09-21T09:02:49Z</time></trkpt>
    <trkpt lat="52.3951512" lon="5.5840251"><ele>-2.9</ele><time>2025-09-21T09:02:50Z</time></trkpt>
    <trkpt lat="52.3951392" lon="5.5841973"><ele>-4.3</ele><time>2025-09-21T09:02:51Z</time></trkpt>
    <trkpt lat="52.3951277" lon="5.5843261"><ele>-4.5</ele><time>2025-09-21T09:02:53Z</time></trkpt>
    <trkpt lat="52.3951437" lon="5.5844508"><ele>-4.2</ele><time>2025-09-21T09:02:54Z</time></trkpt>
    <trkpt lat="52.3951283" lon="5.5846149"><ele>-3.6</ele><time>2025-09-21T09:02:55Z</time></trkpt>
    <trkpt lat="52.3951394" lon="5.5847626"><ele>-4.4</ele><time>2025-09-21T09:02:56Z</time></trkpt>
    <trkpt lat="52.3951361" lon="5.5849012"><ele>-4.1</ele><time>2025-09-21T09:02:58Z</time></trkpt>
    <trkpt lat="52.3951503" lon="5.5850205"><ele>-4.0</ele><time>2025-09-21T09:02:59Z</time></trkpt>
    <trkpt lat="52.3951555" lon="5.5852353"><ele>-4.5</ele><time>2025-09-21T09:03:00Z</time></trkpt>
    <trkpt lat="52.3951481" lon="5.5853288"><ele>-3.9</ele><time>2025-09-21T09:03:01Z</time></trkpt>
    <trkpt lat="52.3951402" lon="5.5854957"><ele>-3.8</ele><time>2025-09-21T09:03:03Z</time></trkpt>
    <trkpt lat="52.3951250" lon="5.5856663"><ele>-4.0</ele><time>2025-09-21T09:03:04Z</time></trkpt>
    <trkpt lat="52.3951234" lon="5.5857604"><ele>-4.4</ele><time>2025-09-21T09:03:05Z</time></trkpt>
    <trkpt lat="52.3951612" lon="5.5859531"><ele>-3.4</ele><time>2025-09-21T09:03:06Z</time></trkpt>
    <trkpt lat="52.3951385" lon="5.5860855"><ele>-4.0</ele><time>2025-09-21T09:03:08Z</time></trkpt>
    <trkpt lat="52.3951355" lon="5.5862367"><ele>-4.0</ele><time>2025-09-21T09:03:09Z</time></trkpt>
    <trkpt lat="52.3951359" lon="5.5863548"><ele>-4.0</ele><time>2025-09-21T09:03:10Z</time></trkpt>
    <trkpt lat="52.3951486" lon="5.5865222"><ele>-3.5</ele><time>2025-09-21T09:03:11Z</time></trkpt>
    <trkpt lat="52.3951505" lon="5.5866832"><ele>-4.3</ele><time>2025-09-21T09:03:13Z</time></trkpt>
    <trkpt lat="52.3951711" lon="5.5868353"><ele>-4.1</ele><time>2025-09-21T09:03:14Z</time></trkpt>
    <trkpt lat="52.3951170" lon="5.5869138"><ele>-3.5</ele><time>2025-09-21T09:03:15Z</time></trkpt>
    <trkpt lat="52.3951431" lon="5.5871263"><ele>-4.1</ele><time>2025-09-21T09:03:16Z</time></trkpt>
    <trkpt lat="52.3951356" lon="5.5872866"><ele>-3.7</ele><time>2025-09-21T09:03:18Z</time></trkpt>
    <trkpt lat="52.3951530" lon="5.5873966"><ele>-3.5</ele><time>2025-09-21T09:03:19Z</time></trkpt>
    <trkpt lat="52.3951573" lon="5.5875645"><ele>-4.1</ele><time>2025-09-21T09:03:20Z</time></trkpt>
    <trkpt lat="52.3951517" lon="5.5877074"><ele>-3.2</ele><time>2025-09-21T09:03:21Z</time></trkpt>
    <trkpt lat="52.3951474" lon="5.5878482"><ele>-4.2</ele><time>2025-09-21T09:03:23Z</time></trkpt>
    <trkpt lat="52.3951207" lon="5.5879988"><ele>-4.1</ele><time>2025-09-21T09:03:24Z</time></trkpt>
    <trkpt lat="52.3951342" lon="5.5881665"><ele>-4.1</ele><time>2025-09-21T09:03:25Z</time></trkpt>
    <trkpt lat="52.3951323" lon="5.5882995"><ele>-3.9</ele><time>2025-09-21T09:03:26Z</time></trkpt>
    <trkpt lat="52.3951376" lon="5.5884080"><ele>-3.5</ele><time>2025-09-21T09:03:28Z</time></trkpt>
    <trkpt lat="52.3951171" lon="5.5885496"><ele>-4.6</ele><time>2025-09-21T09:03:29Z</time></trkpt>
    <trkpt lat="52.3951361" lon="5.5887381"><ele>-3.4</ele><time>2025-09-21T09:03:30Z</time></trkpt>
    <trkpt lat="52.3951469" lon="5.5888346"><ele>-4.9</ele><time>2025-09-21T09:03:31Z</time></trkpt>
    <trkpt lat="52.3951525" lon="5.5890674"><ele>-4.1</ele><time>2025-09-21T09:03:33Z</time></trkpt>
    <trkpt lat="52.3951422" lon="5.5891531"><ele>-4.8</ele><time>2025-09-21T09:03:34Z</time></trkpt>
    <trkpt lat="52.3951254" lon="5.5892661"><ele>-4.2</ele><time>2025-09-21T09:03:35Z</time></trkpt>
    <trkpt lat="52.3951615" lon="5.5894321"><ele>-4.9</ele><time>2025-09-21T09:03:36Z</time></trkpt>
    <trkpt lat="52.3951278" lon="5.5896185"><ele>-4.1</ele><time>2025-09-21T09:03:38Z</time></trkpt>
    <trkpt lat="52.3951454" lon="5.5897370"><ele>-3.8</ele><time>2025-09-21T09:03:39Z</time></trkpt>
    <trkpt lat="52.3951598" lon="5.5898726"><ele>-4.4</ele><time>2025-09-21T09:03:40Z</time></trkpt>
    <trkpt lat="52.3951404" lon="5.5900123"><ele>-3.6</ele><time>2025-09-21T09:03:41Z</time></trkpt>
    <trkpt lat="52.3951383" lon="5.5902012"><ele>-3.4</ele><time>2025-09-21T09:03:43Z</time></trkpt>
    <trkpt lat="52.3951317" lon="5.5903152"><ele>-3.3</ele><time>2025-09-21T09:03:44Z</time></trkpt>
    <trkpt lat="52.3951369" lon="5.5905141"><ele>-3.9</ele><time>2025-09-21T09:03:45Z</time></trkpt>
    <trkpt lat="52.3951469" lon="5.5906220"><ele>-4.0</ele><time>2025-09-21T09:03:46Z</time></trkpt>
    <trkpt lat="52.3951259" lon="5.5907569"><ele>-4.0</ele><time>2025-09-21T09:03:48Z</time></trkpt>
    <trkpt lat="52.3951361" lon="5.5909114"><ele>-4.1</ele><time>2025-09-21T09:03:49Z</time></trkpt>
    <trkpt lat="52.3951657" lon="5.5910713"><ele>-3.9</ele><time>2025-09-21T09:03:50Z</time></trkpt>
    <trkpt lat="52.3951488" lon="5.5912078"><ele>-4.5</ele><time>2025-09-21T09:03:51Z</time></trkpt>
    <trkpt lat="52.3951459" lon="5.5913474"><ele>-4.3</ele><time>2025-09-21T09:03:53Z</time></trkpt>
    <trkpt lat="52.3951640" lon="5.5914936"><ele>-3.3</ele><time>2025-09-21T09:03:54Z</time></trkpt>
    <trkpt lat="52.3951284" lon="5.5916826"><ele>-4.7</ele><time>2025-09-21T09:03:55Z</time></trkpt>
    <trkpt lat="52.3951262" lon="5.5917898"><ele>-4.3</ele><time>2025-09-21T09:03:56Z</time></trkpt>
    <trkpt lat="52.3951480" lon="5.5919459"><ele>-3.1</ele><time>2025-09-21T09:03:58Z</time></trkpt>
    <trkpt lat="52.3951397" lon="5.5920813"><ele>-4.6</ele><time>2025-09-21T09:03:59Z</time></trkpt>
    <trkpt lat="52.3951559" lon="5.5922818"><ele>-3.8</ele><time>2025-09-21T09:04:00Z</time></trkpt>
    <trkpt lat="52.3951414" lon="5.5923787"><ele>-3.9</ele><time>2025-09-21T09:04:01Z</time></trkpt>
    <trkpt lat="52.3951437" lon="5.5924934"><ele>-3.8</ele><time>2025-09-21T09:04:03Z</time></trkpt>
    <trkpt lat="52.3951599" lon="5.5926681"><ele>-4.2</ele><time>2025-09-21T09:04:04Z</time></trkpt>
    <trkpt lat="52.3951552" lon="5.5928489"><ele>-3.7</ele><time>2025-09-21T09:04:05Z</time></trkpt>
    <trkpt lat="52.3951480" lon="5.5929573"><ele>-3.7</ele><time>2025-09-21T09:04:06Z</time></trkpt>
    <trkpt lat="52.3951288" lon="5.5931198"><ele>-3.9</ele><time>2025-09-21T09:04:08Z</time></trkpt>
    <trkpt lat="52.3951629" lon="5.5932933"><ele>-3.4</ele><time>2025-09-21T09:04:09Z</time></trkpt>
    <trkpt lat="52.3951200" lon="5.5934344"><ele>-4.0</ele><time>2025-09-21T09:04:10Z</time></trkpt>
    <trkpt lat="52.3951627" lon="5.5935637"><ele>-3.7</ele><time>2025-09-21T09:04:11Z</time></trkpt>
    <trkpt lat="52.3951252" lon="5.5936909"><ele>-3.9</ele><time>2025-09-21T09:04:13Z</time></trkpt>
    <trkpt lat="52.3951200" lon="5.5938428"><ele>-4.6</ele><time>2025-09-21T09:04:14Z</time></trkpt>
    <trkpt lat="52.3951492" lon="5.5940422"><ele>-4.4</ele><time>2025-09-21T09:04:15Z</time></trkpt>
    <trkpt lat="52.3951363" lon="5.5941549"><ele>-4.3</ele><time>2025-09-21T09:04:16Z</time></trkpt>
    <trkpt lat="52.3951610" lon="5.5943295"><ele>-3.5</ele><time>2025-09-21T09:04:18Z</time></trkpt>
    <trkpt lat="52.3951610" lon="5.5944445"><ele>-4.5</ele><time>2025-09-21T09:04:19Z</time></trkpt>
    <trkpt lat="52.3951344" lon="5.5945588"><ele>-4.2</ele><time>2025-09-21T09:04:20Z</time></trkpt>
    <trkpt lat="52.3951291" lon="5.5947650"><ele>-3.9</ele><time>2025-09-21T09:04:21Z</time></trkpt>
    <trkpt lat="52.3951490" lon="5.5949003"><ele>-4.2</ele><time>2025-09-21T09:04:23Z</time></trkpt>
    <trkpt lat="52.3951320" lon="5.5950315"><ele>-4.0</ele><time>2025-09-21T09:04:24Z</time></trkpt>
    <trkpt lat="52.3951509" lon="5.5951702"><ele>-3.9</ele><time>2025-09-21T09:04:25Z</time></trkpt>
    <trkpt lat="52.3951458" lon="5.5953318"><ele>-3.9</ele><time>2025-09-21T09:04:26Z</time></trkpt>
    <trkpt lat="52.3951592" lon="5.5954997"><ele>-4.7</ele><time>2025-09-21T09:04:28Z</time></trkpt>
    <trkpt lat="52.3951492" lon="5.5956562"><ele>-3.6</ele><time>2025-09-21T09:04:29Z</time></trkpt>
    <trkpt lat="52.3951385" lon="5.5957994"><ele>-4.3</ele><time>2025-09-21T09:04:30Z</time></trkpt>
    <trkpt lat="52.3951687" lon="5.5959435"><ele>-4.2</ele><time>2025-09-21T09:04:31Z</time></trkpt>
    <trkpt lat="52.3951565" lon="5.5960323"><ele>-3.6</ele><time>2025-09-21T09:04:33Z</time></trkpt>
    <trkpt lat="52.3951289" lon="5.5962130"><ele>-3.2</ele><time>2025-09-21T09:04:34Z</time></trkpt>
    <trkpt lat="52.3951474" lon="5.5963559"><ele>-4.2</ele><time>2025-09-21T09:04:35Z</time></trkpt>
    <trkpt lat="52.3951489" lon="5.5965424"><ele>-3.5</ele><time>2025-09-21T09:04:36Z</time></trkpt>
    <trkpt lat="52.3951532" lon="5.5966758"><ele>-4.0</ele><time>2025-09-21T09:04:38Z</time></trkpt>
    <trkpt lat="52.3951358" lon="5.5967964"><ele>-4.1</ele><time>2025-09-21T09:04:39Z</time></trkpt>
    <trkpt lat="52.3951523" lon="5.5969200"><ele>-3.5</ele><time>2025-09-21T09:04:40Z</time></trkpt>
    <trkpt lat="52.3951077" lon="5.5970996"><ele>-4.3</ele><time>2025-09-21T09:04:41Z</time></trkpt>
    <trkpt lat="52.3951398" lon="5.5971998"><ele>-3.4</ele><time>2025-09-21T09:04:43Z</time></trkpt>
    <trkpt lat="52.3951371" lon="5.5973615"><ele>-4.0</ele><time>2025-09-21T09:04:44Z</time></trkpt>
    <trkpt lat="52.3951504" lon="5.5975366"><ele>-3.6</ele><time>2025-09-21T09:04:45Z</time></trkpt>
    <trkpt lat="52.3951400" lon="5.5976954"><ele>-4.6</ele><time>2025-09-21T09:04:46Z</time></trkpt>
    <trkpt lat="52.3951358" lon="5.5978341"><ele>-3.9</ele><time>2025-09-21T09:04:48Z</time></trkpt>
    <trkpt lat="52.3951335" lon="5.5979833"><ele>-3.9</ele><time>2025-09-21T09:04:49Z</time></trkpt>
    <trkpt lat="52.3951221" lon="5.5981248"><ele>-4.1</ele><time>2025-09-21T09:04:50Z</time></trkpt>
    <trkpt lat="52.3951181" lon="5.5982881"><ele>-4.0</ele><time>2025-09-21T09:04:51Z</time></trkpt>
    <trkpt lat="52.3951307" lon="5.5984472"><ele>-4.1</ele><time>2025-09-21T09:04:53Z</time></trkpt>
    <trkpt lat="52.3951655" lon="5.5985350"><ele>-3.8</ele><time>2025-09-21T09:04:54Z</time></trkpt>
    <trkpt lat="52.3951451" lon="5.5987179"><ele>-3.9</ele><time>2025-09-21T09:04:55Z</time></trkpt>
    <trkpt lat="52.3951470" lon="5.5988789"><ele>-4.6</ele><time>2025-09-21T09:04:56Z</time></trkpt>
    <trkpt lat="52.3951808" lon="5.5990188"><ele>-3.5</ele><time>2025-09-21T09:04:58Z</time></trkpt>
    <trkpt lat="52.3951480" lon="5.5991580"><ele>-4.1</ele><time>2025-09-21T09:04:59Z</time></trkpt>
    <trkpt lat="52.3951367" lon="5.5992898"><ele>-4.0</ele><time>2025-09-21T09:05:00Z</time></trkpt>
    <trkpt lat="52.3951442" lon="5.5994466"><ele>-4.5</ele><time>2025-09-21T09:05:01Z</time></trkpt>
    <trkpt lat="52.3951483" lon="5.5995832"><ele>-3.7</ele><time>2025-09-21T09:05:03Z</time></trkpt>
    <trkpt lat="52.3951360" lon="5.5997574"><ele>-3.7</ele><time>2025-09-21T09:05:04Z</time></trkpt>
    <trkpt lat="52.3951601" lon="5.5998895"><ele>-4.2</ele><time>2025-09-21T09:05:05Z</time></trkpt>
    <trkpt lat="52.3951430" lon="5.6000664"><ele>-3.9</ele><time>2025-09-21T09:05:06Z</time></trkpt>
    <trkpt lat="52.3951465" lon="5.6001843"><ele>-4.3</ele><time>2025-09-21T09:05:08Z</time></trkpt>
    <trkpt lat="52.3951393" lon="5.6003434"><ele>-3.5</ele><time>2025-09-21T09:05:09Z</time></trkpt>
    <trkpt lat="52.3951303" lon="5.6004736"><ele>-4.7</ele><time>2025-09-21T09:05:10Z</time></trkpt>
    <trkpt lat="52.3951557" lon="5.6005986"><ele>-3.9</ele><time>2025-09-21T09:05:11Z</time></trkpt>
    <trkpt lat="52.3951557" lon="5.6007925"><ele>-3.7</ele><time>2025-09-21T09:05:13Z</time></trkpt>
    <trkpt lat="52.3951469" lon="5.6008904"><ele>-4.3</ele><time>2025-09-21T09:05:14Z</time></trkpt>
    <trkpt lat="52.3951378" lon="5.6010953"><ele>-3.8</ele><time>2025-09-21T09:05:15Z</time></trkpt>
    <trkpt lat="52.3951504" lon="5.6012008"><ele>-3.3</ele><time>2025-09-21T09:05:16Z</time></trkpt>
    <trkpt lat="52.3951663" lon="5.6013649"><ele>-5.0</ele><time>2025-09-21T09:05:18Z</time></trkpt>
    <trkpt lat="52.3951292" lon="5.6014861"><ele>-3.8</ele><time>2025-09-21T09:05:19Z</time></trkpt>
    <trkpt lat="52.3951689" lon="5.6016264"><ele>-3.9</ele><time>2025-09-21T09:05:20Z</time></trkpt>
    <trkpt lat="52.3951783" lon="5.6018081"><ele>-4.2</ele><time>2025-09-21T09:05:21Z</time></trkpt>
    <trkpt lat="52.3951527" lon="5.6019396"><ele>-4.2</ele><time>2025-09-21T09:05:23Z</time></trkpt>
    <trkpt lat="52.3951267" lon="5.6021020"><ele>-3.8</ele><time>2025-09-21T09:05:24Z</time></trkpt>
    <trkpt lat="52.3951519" lon="5.6022129"><ele>-4.4</ele><time>2025-09-21T09:05:25Z</time></trkpt>
    <trkpt lat="52.3951365" lon="5.6024113"><ele>-3.7</ele><time>2025-09-21T09:05:26Z</time></trkpt>
    <trkpt lat="52.3951528" lon="5.6025097"><ele>-4.8</ele><time>2025-09-21T09:05:28Z</time></trkpt>
    <trkpt lat="52.3951346" lon="5.6026081"><ele>-3.5</ele><time>2025-09-21T09:05:29Z</time></trkpt>
    <trkpt lat="52.3951662" lon="5.6028444"><ele>-3.9</ele><time>2025-09-21T09:05:30Z</time></trkpt>
    <trkpt lat="52.3951460" lon="5.6029486"><ele>-3.7</ele><time>2025-09-21T09:05:31Z</time></trkpt>
    <trkpt lat="52.3951512" lon="5.6031072"><ele>-3.7</ele><time>2025-09-21T09:05:33Z</time></trkpt>
    <trkpt lat="52.3951682" lon="5.6032497"><ele>-4.3</ele><time>2025-09-21T09:05:34Z</time></trkpt>
    <trkpt lat="52.3951442" lon="5.6034050"><ele>-4.0</ele><time>2025-09-21T09:05:35Z</time></trkpt>
    <trkpt lat="52.3951648" lon="5.6035409"><ele>-3.9</ele><time>2025-09-21T09:05:36Z</time></trkpt>
    <trkpt lat="52.3951326" lon="5.6036971"><ele>-3.7</ele><time>2025-09-21T09:05:38Z</time></trkpt>
    <trkpt lat="52.3951374" lon="5.6038597"><ele>-3.8</ele><time>2025-09-21T09:05:39Z</time></trkpt>
    <trkpt lat="52.3951459" lon="5.6040443"><ele>-4.5</ele><time>2025-09-21T09:05:40Z</time></trkpt>
    <trkpt lat="52.3951672" lon="5.6041614"><ele>-4.0</ele><time>2025-09-21T09:05:41Z</time></trkpt>
    <trkpt lat="52.3951534" lon="5.6042804"><ele>-4.0</ele><time>2025-09-21T09:05:43Z</time></trkpt>
    <trkpt lat="52.3951510" lon="5.6044632"><ele>-3.8</ele><time>2025-09-21T09:05:44Z</time></trkpt>
    <trkpt lat="52.3951568" lon="5.6045809"><ele>-3.8</ele><time>2025-09-21T09:05:45Z</time></trkpt>
    <trkpt lat="52.3951515" lon="5.6047246"><ele>-4.1</ele><time>2025-09-21T09:05:46Z</time></trkpt>
    <trkpt lat="52.3951475" lon="5.6049123"><ele>-4.0</ele><time>2025-09-21T09:05:48Z</time></trkpt>
    <trkpt lat="52.3951377" lon="5.6050459"><ele>-4.1</ele><time>2025-09-21T09:05:49Z</time></trkpt>
    <trkpt lat="52.3951665" lon="5.6051950"><ele>-3.7</ele><time>2025-09-21T09:05:50Z</time></trkpt>
    <trkpt lat="52.3951449" lon="5.6052821"><ele>-3.5</ele><time>2025-09-21T09:05:51Z</time></trkpt>
    <trkpt lat="52.3951487" lon="5.6054538"><ele>-4.0</ele><time>2025-09-21T09:05:53Z</time></trkpt>
    <trkpt lat="52.3951580" lon="5.6056434"><ele>-3.6</ele><time>2025-09-21T09:05:54Z</time></trkpt>
    <trkpt lat="52.3951706" lon="5.6057145"><ele>-4.0</ele><time>2025-09-21T09:05:55Z</time></trkpt>
    <trkpt lat="52.3951293" lon="5.6059151"><ele>-4.2</ele><time>2025-09-21T09:05:56Z</time></trkpt>
    <trkpt lat="52.3951336" lon="5.6060831"><ele>-3.8</ele><time>2025-09-21T09:05:58Z</time></trkpt>
    <trkpt lat="52.3951423" lon="5.6062245"><ele>-3.3</ele><time>2025-09-21T09:05:59Z</time></trkpt>
    <trkpt lat="52.3951416" lon="5.6063307"><ele>-3.7</ele><time>2025-09-21T09:06:00Z</time></trkpt>
    <trkpt lat="52.3951394" lon="5.6064645"><ele>-3.8</ele><time>2025-09-21T09:06:01Z</time></trkpt>
    <trkpt lat="52.3951581" lon="5.6066546"><ele>-4.1</ele><time>2025-09-21T09:06:03Z</time></trkpt>
    <trkpt lat="52.3951630" lon="5.6068067"><ele>-3.8</ele><time>2025-09-21T09:06:04Z</time></trkpt>
    <trkpt lat="52.3951509" lon="5.6069134"><ele>-3.0</ele><time>2025-09-21T09:06:05Z</time></trkpt>
    <trkpt lat="52.3951368" lon="5.6070735"><ele>-3.7</ele><time>2025-09-21T09:06:06Z</time></trkpt>
    <trkpt lat="52.3951349" lon="5.6072298"><ele>-3.8</ele><time>2025-09-21T09:06:08Z</time></trkpt>
    <trkpt lat="52.3951500" lon="5.6074105"><ele>-3.4</ele><time>2025-09-21T09:06:09Z</time></trkpt>
    <trkpt lat="52.3951354" lon="5.6075275"><ele>-3.5</ele><time>2025-09-21T09:06:10Z</time></trkpt>
    <trkpt lat="52.3951622" lon="5.6076751"><ele>-3.5</ele><time>2025-09-21T09:06:11Z</time></trkpt>
    <trkpt lat="52.3951485" lon="5.6078306"><ele>-4.0</ele><time>2025-09-21T09:06:13Z</time></trkpt>
    <trkpt lat="52.3951433" lon="5.6079149"><ele>-4.0</ele><time>2025-09-21T09:06:14Z</time></trkpt>
    <trkpt lat="52.3951569" lon="5.6081082"><ele>-4.1</ele><time>2025-09-21T09:06:15Z</time></trkpt>
    <trkpt lat="52.3951563" lon="5.6082435"><ele>-4.3</ele><time>2025-09-21T09:06:16Z</time></trkpt>
    <trkpt lat="52.3951510" lon="5.6084290"><ele>-3.6</ele><time>2025-09-21T09:06:18Z</time></trkpt>
    <trkpt lat="52.3951655" lon="5.6085902"><ele>-3.7</ele><time>2025-09-21T09:06:19Z</time></trkpt>
    <trkpt lat="52.3951745" lon="5.6087028"><ele>-3.8</ele><time>2025-09-21T09:06:20Z</time></trkpt>
    <trkpt lat="52.3951423" lon="5.6088549"><ele>-4.1</ele><time>2025-09-21T09:06:21Z</time></trkpt>
    <trkpt lat="52.3951647" lon="5.6090247"><ele>-3.5</ele><time>2025-09-21T09:06:23Z</time></trkpt>
    <trkpt lat="52.3951564" lon="5.6091124"><ele>-4.5</ele><time>2025-09-21T09:06:24Z</time></trkpt>
    <trkpt lat="52.3951660" lon="5.6092574"><ele>-3.8</ele><time>2025-09-21T09:06:25Z</time></trkpt>
    <trkpt lat="52.3951690" lon="5.6094815"><ele>-4.5</ele><time>2025-09-21T09:06:26Z</time></trkpt>
    <trkpt lat="52.3951699" lon="5.6095482"><ele>-4.3</ele><time>2025-09-21T09:06:28Z</time></trkpt>
    <trkpt lat="52.3951538" lon="5.6097254"><ele>-3.4</ele><time>2025-09-21T09:06:29Z</time></trkpt>
    <trkpt lat="52.3951296" lon="5.6098947"><ele>-3.9</ele><time>2025-09-21T09:06:30Z</time></trkpt>
    <trkpt lat="52.3951659" lon="5.6100268"><ele>-4.1</ele><time>2025-09-21T09:06:31Z</time></trkpt>
    <trkpt lat="52.3951627" lon="5.6102001"><ele>-3.9</ele><time>2025-09-21T09:06:33Z</time></trkpt>
    <trkpt lat="52.3951641" lon="5.6103136"><ele>-3.2</ele><time>2025-09-21T09:06:34Z</time></trkpt>
    <trkpt lat="52.3951219" lon="5.6104407"><ele>-3.9</ele><time>2025-09-21T09:06:35Z</time></trkpt>
    <trkpt lat="52.3951421" lon="5.6106261"><ele>-4.5</ele><time>2025-09-21T09:06:36Z</time></trkpt>
    <trkpt lat="52.3951558" lon="5.6107435"><ele>-4.3</ele><time>2025-09-21T09:06:38Z</time></trkpt>
    <trkpt lat="52.3951500" lon="5.6109302"><ele>-4.0</ele><time>2025-09-21T09:06:39Z</time></trkpt>
    <trkpt lat="52.3951197" lon="5.6110087"><ele>-3.9</ele><time>2025-09-21T09:06:40Z</time></trkpt>
    <trkpt lat="52.3951564" lon="5.6112103"><ele>-3.3</ele><time>2025-09-21T09:06:41Z</time></trkpt>
    <trkpt lat="52.3951451" lon="5.6113482"><ele>-3.7</ele><time>2025-09-21T09:06:43Z</time></trkpt>
    <trkpt lat="52.3951429" lon="5.6115261"><ele>-3.3</ele><time>2025-09-21T09:06:44Z</time></trkpt>
    <trkpt lat="52.3951036" lon="5.6116659"><ele>-3.7</ele><time>2025-09-21T09:06:45Z</time></trkpt>
    <trkpt lat="52.3951477" lon="5.6118281"><ele>-3.4</ele><time>2025-09-21T09:06:46Z</time></trkpt>
    <trkpt lat="52.3951530" lon="5.6119361"><ele>-4.0</ele><time>2025-09-21T09:06:48Z</time></trkpt>
    <trkpt lat="52.3951278" lon="5.6120850"><ele>-4.4</ele><time>2025-09-21T09:06:49Z</time></trkpt>
    <trkpt lat="52.3951622" lon="5.6122079"><ele>-3.5</ele><time>2025-09-21T09:06:50Z</time></trkpt>
    <trkpt lat="52.3951571" lon="5.6123835"><ele>-4.3</ele><time>2025-09-21T09:06:51Z</time></trkpt>
    <trkpt lat="52.3951551" lon="5.6125117"><ele>-4.3</ele><time>2025-09-21T09:06:53Z</time></trkpt>
    <trkpt lat="52.3951190" lon="5.6126317"><ele>-3.3</ele><time>2025-09-21T09:06:54Z</time></trkpt>
    <trkpt lat="52.3951475" lon="5.6128151"><ele>-3.8</ele><time>2025-09-21T09:06:55Z</time></trkpt>
    <trkpt lat="52.3951288" lon="5.6129963"><ele>-4.3</ele><time>2025-09-21T09:06:56Z</time></trkpt>
    <trkpt lat="52.3951756" lon="5.6131008"><ele>-4.5</ele><time>2025-09-21T09:06:58Z</time></trkpt>
    <trkpt lat="52.3951463" lon="5.6132270"><ele>-4.1</ele><time>2025-09-21T09:06:59Z</time></trkpt>
    <trkpt lat="52.3951495" lon="5.6134298"><ele>-3.9</ele><time>2025-09-21T09:07:00Z</time></trkpt>
    <trkpt lat="52.3951217" lon="5.6135845"><ele>-4.5</ele><time>2025-09-21T09:07:01Z</time></trkpt>
    <trkpt lat="52.3951270" lon="5.6137224"><ele>-4.1</ele><time>2025-09-21T09:07:03Z</time></trkpt>
    <trkpt lat="52.3951720" lon="5.6138354"><ele>-3.8</ele><time>2025-09-21T09:07:04Z</time></trkpt>
    <trkpt lat="52.3951606" lon="5.6139999"><ele>-4.3</ele><time>2025-09-21T09:07:05Z</time></trkpt>
    <trkpt lat="52.3951520" lon="5.6141627"><ele>-4.9</ele><time>2025-09-21T09:07:06Z</time></trkpt>
    <trkpt lat="52.3951309" lon="5.6142622"><ele>-3.6</ele><time>2025-09-21T09:07:08Z</time></trkpt>
    <trkpt lat="52.3951654" lon="5.6144422"><ele>-3.6</ele><time>2025-09-21T09:07:09Z</time></trkpt>
    <trkpt lat="52.3951223" lon="5.6145425"><ele>-4.3</ele><time>2025-09-21T09:07:10Z</time></trkpt>
    <trkpt lat="52.3951213" lon="5.6147266"><ele>-4.4</ele><time>2025-09-21T09:07:11Z</time></trkpt>
    <trkpt lat="52.3951304" lon="5.6148760"><ele>-3.9</ele><time>2025-09-21T09:07:13Z</time></trkpt>
    <trkpt lat="52.3951234" lon="5.6150223"><ele>-3.6</ele><time>2025-09-21T09:07:14Z</time></trkpt>
    <trkpt lat="52.3951437" lon="5.6151889"><ele>-3.8</ele><time>2025-09-21T09:07:15Z</time></trkpt>
    <trkpt lat="52.3951528" lon="5.6153172"><ele>-4.6</ele><time>2025-09-21T09:07:16Z</time></trkpt>
    <trkpt lat="52.3951344" lon="5.6154593"><ele>-4.1</ele><time>2025-09-21T09:07:18Z</time></trkpt>
    <trkpt lat="52.3951417" lon="5.6155753"><ele>-4.4</ele><time>2025-09-21T09:07:19Z</time></trkpt>
    <trkpt lat="52.3951367" lon="5.6157884"><ele>-4.3</ele><time>2025-09-21T09:07:20Z</time></trkpt>
    <trkpt lat="52.3951631" lon="5.6159170"><ele>-4.1</ele><time>2025-09-21T09:07:21Z</time></trkpt>
    <trkpt lat="52.3951459" lon="5.6160585"><ele>-4.0</ele><time>2025-09-21T09:07:23Z</time></trkpt>
    <trkpt lat="52.3951563" lon="5.6161984"><ele>-3.8</ele><time>2025-09-21T09:07:24Z</time></trkpt>
    <trkpt lat="52.3951409" lon="5.6163422"><ele>-3.4</ele><time>2025-09-21T09:07:25Z</time></trkpt>
    <trkpt lat="52.3951342" lon="5.6165173"><ele>-3.8</ele><time>2025-09-21T09:07:26Z</time></trkpt>
    <trkpt lat="52.3951445" lon="5.6166555"><ele>-3.9</ele><time>2025-09-21T09:07:28Z</time></trkpt>
    <trkpt lat="52.3951508" lon="5.6168230"><ele>-4.4</ele><time>2025-09-21T09:07:29Z</time></trkpt>
    <trkpt lat="52.3951356" lon="5.6169189"><ele>-4.0</ele><time>2025-09-21T09:07:30Z</time></trkpt>
    <trkpt lat="52.3951504" lon="5.6170808"><ele>-4.0</ele><time>2025-09-21T09:07:31Z</time></trkpt>
    <trkpt lat="52.3951354" lon="5.6171934"><ele>-3.6</ele><time>2025-09-21T09:07:33Z</time></trkpt>
    <trkpt lat="52.3951457" lon="5.6173701"><ele>-4.0</ele><time>2025-09-21T09:07:34Z</time></trkpt>
    <trkpt lat="52.3951449" lon="5.6175542"><ele>-3.7</ele><time>2025-09-21T09:07:35Z</time></trkpt>
    <trkpt lat="52.3951571" lon="5.6176546"><ele>-4.3</ele><time>2025-09-21T09:07:36Z</time></trkpt>
    <trkpt lat="52.3951549" lon="5.6178207"><ele>-4.0</ele><time>2025-09-21T09:07:38Z</time></trkpt>
    <trkpt lat="52.3951546" lon="5.6179517"><ele>-3.0</ele><time>2025-09-21T09:07:39Z</time></trkpt>
    <trkpt lat="52.3951458" lon="5.6181373"><ele>-3.3</ele><time>2025-09-21T09:07:40Z</time></trkpt>
    <trkpt lat="52.3951497" lon="5.6182268"><ele>-3.4</ele><time>2025-09-21T09:07:41Z</time></trkpt>
    <trkpt lat="52.3951543" lon="5.6183927"><ele>-3.5</ele><time>2025-09-21T09:07:43Z</time></trkpt>
    <trkpt lat="52.3951597" lon="5.6185393"><ele>-4.8</ele><time>2025-09-21T09:07:44Z</time></trkpt>
    <trkpt lat="52.3951514" lon="5.6186908"><ele>-4.2</ele><time>2025-09-21T09:07:45Z</time></trkpt>
    <trkpt lat="52.3951439" lon="5.6188177"><ele>-3.9</ele><time>2025-09-21T09:07:46Z</time></trkpt>
    <trkpt lat="52.3951476" lon="5.6189865"><ele>-5.1</ele><time>2025-09-21T09:07:48Z</time></trkpt>
    <trkpt lat="52.3951542" lon="5.6191241"><ele>-3.7</ele><time>2025-09-21T09:07:49Z</time></trkpt>
    <trkpt lat="52.3951603" lon="5.6192987"><ele>-3.1</ele><time>2025-09-21T09:07:50Z</time></trkpt>
    <trkpt lat="52.3951993" lon="5.6194248"><ele>-3.6</ele><time>2025-09-21T09:07:51Z</time></trkpt>
    <trkpt lat="52.3951305" lon="5.6195740"><ele>-3.9</ele><time>2025-09-21T09:07:53Z</time></trkpt>
    <trkpt lat="52.3951715" lon="5.6197478"><ele>-3.7</ele><time>2025-09-21T09:07:54Z</time></trkpt>
    <trkpt lat="52.3951570" lon="5.6198508"><ele>-4.3</ele><time>2025-09-21T09:07:55Z</time></trkpt>
    <trkpt lat="52.3951693" lon="5.6199845"><ele>-4.1</ele><time>2025-09-21T09:07:56Z</time></trkpt>
    <trkpt lat="52.3951364" lon="5.6201946"><ele>-3.8</ele><time>2025-09-21T09:07:58Z</time></trkpt>
    <trkpt lat="52.3951598" lon="5.6202837"><ele>-3.3</ele><time>2025-09-21T09:07:59Z</time></trkpt>
    <trkpt lat="52.3951421" lon="5.6204567"><ele>-4.3</ele><time>2025-09-21T09:08:00Z</time></trkpt>
    <trkpt lat="52.3951645" lon="5.6205708"><ele>-4.1</ele><time>2025-09-21T09:08:01Z</time></trkpt>
    <trkpt lat="52.3951580" lon="5.6207266"><ele>-4.0</ele><time>2025-09-21T09:08:03Z</time></trkpt>
    <trkpt lat="52.3951317" lon="5.6209031"><ele>-3.7</ele><time>2025-09-21T09:08:04Z</time></trkpt>
    <trkpt lat="52.3951486" lon="5.6210052"><ele>-3.9</ele><time>2025-09-21T09:08:05Z</time></trkpt>
    <trkpt lat="52.3951325" lon="5.6212043"><ele>-3.9</ele><time>2025-09-21T09:08:06Z</time></trkpt>
    <trkpt lat="52.3951616" lon="5.6214234"><ele>-4.6</ele><time>2025-09-21T09:08:08Z</time></trkpt>
    <trkpt lat="52.3951625" lon="5.6214519"><ele>-4.0</ele><time>2025-09-21T09:08:09Z</time></trkpt>
    <trkpt lat="52.3951515" lon="5.6216284"><ele>-3.9</ele><time>2025-09-21T09:08:10Z</time></trkpt>
    <trkpt lat="52.3951327" lon="5.6217939"><ele>-3.6</ele><time>2025-09-21T09:08:11Z</time></trkpt>
    <trkpt lat="52.3951324" lon="5.6219572"><ele>-4.3</ele><time>2025-09-21T09:08:13Z</time></trkpt>
    <trkpt lat="52.3951712" lon="5.6220546"><ele>-4.5</ele><time>2025-09-21T09:08:14Z</time></trkpt>
    <trkpt lat="52.3951287" lon="5.6222104"><ele>-3.8</ele><time>2025-09-21T09:08:15Z</time></trkpt>
    <trkpt lat="52.3951624" lon="5.6223804"><ele>-4.3</ele><time>2025-09-21T09:08:16Z</time></trkpt>
    <trkpt lat="52.3951654" lon="5.6224922"><ele>-3.8</ele><time>2025-09-21T09:08:18Z</time></trkpt>
    <trkpt lat="52.3951189" lon="5.6226639"><ele>-4.1</ele><time>2025-09-21T09:08:19Z</time></trkpt>
    <trkpt lat="52.3951456" lon="5.6227450"><ele>-3.8</ele><time>2025-09-21T09:08:20Z</time></trkpt>
    <trkpt lat="52.3951454" lon="5.6229648"><ele>-3.5</ele><time>2025-09-21T09:08:21Z</time></trkpt>
    <trkpt lat="52.3951448" lon="5.6231261"><ele>-3.6</ele><time>2025-09-21T09:08:23Z</time></trkpt>
    <trkpt lat="52.3951749" lon="5.6232806"><ele>-4.5</ele><time>2025-09-21T09:08:24Z</time></trkpt>
    <trkpt lat="52.3951659" lon="5.6234113"><ele>-3.5</ele><time>2025-09-21T09:08:25Z</time></trkpt>
    <trkpt lat="52.3951509" lon="5.6235174"><ele>-3.9</ele><time>2025-09-21T09:08:26Z</time></trkpt>
    <trkpt lat="52.3951463" lon="5.6236911"><ele>-4.4</ele><time>2025-09-21T09:08:28Z</time></trkpt>
    <trkpt lat="52.3951509" lon="5.6238305"><ele>-3.6</ele><time>2025-09-21T09:08:29Z</time></trkpt>
    <trkpt lat="52.3951485" lon="5.6240069"><ele>-3.8</ele><time>2025-09-21T09:08:30Z</time></trkpt>
    <trkpt lat="52.3951466" lon="5.6241142"><ele>-3.9</ele><time>2025-09-21T09:08:31Z</time></trkpt>
    <trkpt lat="52.3951611" lon="5.6242454"><ele>-4.2</ele><time>2025-09-21T09:08:33Z</time></trkpt>
    <trkpt lat="52.3951666" lon="5.6244618"><ele>-3.9</ele><time>2025-09-21T09:08:34Z</time></trkpt>
    <trkpt lat="52.3951484" lon="5.6245796"><ele>-3.8</ele><time>2025-09-21T09:08:35Z</time></trkpt>
    <trkpt lat="52.3951450" lon="5.6246720"><ele>-4.4</ele><time>2025-09-21T09:08:36Z</time></trkpt>
    <trkpt lat="52.3951462" lon="5.6248770"><ele>-4.3</ele><time>2025-09-21T09:08:38Z</time></trkpt>
    <trkpt lat="52.3951633" lon="5.6250215"><ele>-3.9</ele><time>2025-09-21T09:08:39Z</time></trkpt>
    <trkpt lat="52.3951558" lon="5.6251232"><ele>-3.4</ele><time>2025-09-21T09:08:40Z</time></trkpt>
    <trkpt lat="52.3951778" lon="5.6253153"><ele>-4.2</ele><time>2025-09-21T09:08:41Z</time></trkpt>
    <trkpt lat="52.3951532" lon="5.6254273"><ele>-4.3</ele><time>2025-09-21T09:08:43Z</time></trkpt>
    <trkpt lat="52.3951465" lon="5.6256039"><ele>-3.6</ele><time>2025-09-21T09:08:44Z</time></trkpt>
    <trkpt lat="52.3951473" lon="5.6257570"><ele>-4.2</ele><time>2025-09-21T09:08:45Z</time></trkpt>
    <trkpt lat="52.3951559" lon="5.6258751"><ele>-3.8</ele><time>2025-09-21T09:08:46Z</time></trkpt>
    <trkpt lat="52.3951457" lon="5.6260366"><ele>-4.1</ele><time>2025-09-21T09:08:48Z</time></trkpt>
    <trkpt lat="52.3951397" lon="5.6262061"><ele>-3.5</ele><time>2025-09-21T09:08:49Z</time></trkpt>
    <trkpt lat="52.3951488" lon="5.6263672"><ele>-4.0</ele><time>2025-09-21T09:08:50Z</time></trkpt>
    <trkpt lat="52.3951314" lon="5.6264868"><ele>-4.5</ele><time>2025-09-21T09:08:51Z</time></trkpt>
    <trkpt lat="52.3951507" lon="5.6266562"><ele>-3.9</ele><time>2025-09-21T09:08:53Z</time></trkpt>
    <trkpt lat="52.3951524" lon="5.6268013"><ele>-4.5</ele><time>2025-09-21T09:08:54Z</time></trkpt>
    <trkpt lat="52.3951403" lon="5.6269175"><ele>-3.5</ele><time>2025-09-21T09:08:55Z</time></trkpt>
    <trkpt lat="52.3951454" lon="5.6270513"><ele>-3.6</ele><time>2025-09-21T09:08:56Z</time></trkpt>
    <trkpt lat="52.3951433" lon="5.6271990"><ele>-3.5</ele><time>2025-09-21T09:08:58Z</time></trkpt>
    <trkpt lat="52.3951539" lon="5.6273691"><ele>-4.0</ele><time>2025-09-21T09:08:59Z</time></trkpt>
    <trkpt lat="52.3951482" lon="5.6274805"><ele>-3.4</ele><time>2025-09-21T09:09:00Z</time></trkpt>
    <trkpt lat="52.3951458" lon="5.6276246"><ele>-3.7</ele><time>2025-09-21T09:09:01Z</time></trkpt>
    <trkpt lat="52.3951477" lon="5.6278067"><ele>-3.6</ele><time>2025-09-21T09:09:03Z</time></trkpt>
    <trkpt lat="52.3951374" lon="5.6279801"><ele>-4.1</ele><time>2025-09-21T09:09:04Z</time></trkpt>
    <trkpt lat="52.3951352" lon="5.6281147"><ele>-4.2</ele><time>2025-09-21T09:09:05Z</time></trkpt>
    <trkpt lat="52.3951626" lon="5.6282918"><ele>-4.4</ele><time>2025-09-21T09:09:06Z</time></trkpt>
    <trkpt lat="52.3951575" lon="5.6283911"><ele>-3.4</ele><time>2025-09-21T09:09:08Z</time></trkpt>
    <trkpt lat="52.3951351" lon="5.6285539"><ele>-4.1</ele><time>2025-09-21T09:09:09Z</time></trkpt>
    <trkpt lat="52.3951477" lon="5.6287040"><ele>-4.2</ele><time>2025-09-21T09:09:10Z</time></trkpt>
    <trkpt lat="52.3951517" lon="5.6288411"><ele>-4.3</ele><time>2025-09-21T09:09:11Z</time></trkpt>
    <trkpt lat="52.3951498" lon="5.6289627"><ele>-3.6</ele><time>2025-09-21T09:09:13Z</time></trkpt>
    <trkpt lat="52.3951372" lon="5.6291274"><ele>-4.7</ele><time>2025-09-21T09:09:14Z</time></trkpt>
    <trkpt lat="52.3951290" lon="5.6292519"><ele>-3.9</ele><time>2025-09-21T09:09:15Z</time></trkpt>
    <trkpt lat="52.3951514" lon="5.6293932"><ele>-4.5</ele><time>2025-09-21T09:09:16Z</time></trkpt>
    <trkpt lat="52.3951648" lon="5.6295694"><ele>-4.0</ele><time>2025-09-21T09:09:18Z</time></trkpt>
    <trkpt lat="52.3951498" lon="5.6296882"><ele>-3.1</ele><time>2025-09-21T09:09:19Z</time></trkpt>
    <trkpt lat="52.3951298" lon="5.6298482"><ele>-3.4</ele><time>2025-09-21T09:09:20Z</time></trkpt>
    <trkpt lat="52.3951272" lon="5.6300038"><ele>-4.2</ele><time>2025-09-21T09:09:21Z</time></trkpt>
    <trkpt lat="52.3951280" lon="5.6301761"><ele>-4.2</ele><time>2025-09-21T09:09:23Z</time></trkpt>
    <trkpt lat="52.3951398" lon="5.6303255"><ele>-4.4</ele><time>2025-09-21T09:09:24Z</time></trkpt>
    <trkpt lat="52.3951612" lon="5.6304428"><ele>-4.6</ele><time>2025-09-21T09:09:25Z</time></trkpt>
    <trkpt lat="52.3951497" lon="5.6306162"><ele>-3.7</ele><time>2025-09-21T09:09:26Z</time></trkpt>
    <trkpt lat="52.3951450" lon="5.6307531"><ele>-4.7</ele><time>2025-09-21T09:09:28Z</time></trkpt>
    <trkpt lat="52.3951552" lon="5.6308845"><ele>-3.0</ele><time>2025-09-21T09:09:29Z</time></trkpt>
    <trkpt lat="52.3951314" lon="5.6310201"><ele>-3.6</ele><time>2025-09-21T09:09:30Z</time></trkpt>
    <trkpt lat="52.3951414" lon="5.6311535"><ele>-4.2</ele><time>2025-09-21T09:09:31Z</time></trkpt>
    <trkpt lat="52.3951412" lon="5.6313113"><ele>-4.0</ele><time>2025-09-21T09:09:33Z</time></trkpt>
    <trkpt lat="52.3951352" lon="5.6314378"><ele>-3.7</ele><time>2025-09-21T09:09:34Z</time></trkpt>
    <trkpt lat="52.3951324" lon="5.6316193"><ele>-4.1</ele><time>2025-09-21T09:09:35Z</time></trkpt>
    <trkpt lat="52.3951518" lon="5.6317843"><ele>-4.8</ele><time>2025-09-21T09:09:36Z</time></trkpt>
    <trkpt lat="52.3951579" lon="5.6319361"><ele>-4.1</ele><time>2025-09-21T09:09:38Z</time></trkpt>
    <trkpt lat="52.3951521" lon="5.6320722"><ele>-2.9</ele><time>2025-09-21T09:09:39Z</time></trkpt>
    <trkpt lat="52.3951057" lon="5.6321996"><ele>-3.8</ele><time>2025-09-21T09:09:40Z</time></trkpt>
    <trkpt lat="52.3951093" lon="5.6323569"><ele>-4.0</ele><time>2025-09-21T09:09:41Z</time></trkpt>
    <trkpt lat="52.3951494" lon="5.6325162"><ele>-4.0</ele><time>2025-09-21T09:09:43Z</time></trkpt>
    <trkpt lat="52.3951405" lon="5.6326359"><ele>-3.6</ele><time>2025-09-21T09:09:44Z</time></trkpt>
    <trkpt lat="52.3951464" lon="5.6328182"><ele>-4.2</ele><time>2025-09-21T09:09:45Z</time></trkpt>
    <trkpt lat="52.3951307" lon="5.6329386"><ele>-4.0</ele><time>2025-09-21T09:09:46Z</time></trkpt>
    <trkpt lat="52.3951432" lon="5.6331103"><ele>-3.6</ele><time>2025-09-21T09:09:48Z</time></trkpt>
    <trkpt lat="52.3951779" lon="5.6331961"><ele>-3.8</ele><time>2025-09-21T09:09:49Z</time></trkpt>
    <trkpt lat="52.3951438" lon="5.6333660"><ele>-4.4</ele><time>2025-09-21T09:09:50Z</time></trkpt>
    <trkpt lat="52.3951343" lon="5.6335299"><ele>-3.3</ele><time>2025-09-21T09:09:51Z</time></trkpt>
    <trkpt lat="52.3951524" lon="5.6336945"><ele>-4.1</ele><time>2025-09-21T09:09:53Z</time></trkpt>
    <trkpt lat="52.3951349" lon="5.6338043"><ele>-3.4</ele><time>2025-09-21T09:09:54Z</time></trkpt>
    <trkpt lat="52.3951486" lon="5.6339417"><ele>-4.1</ele><time>2025-09-21T09:09:55Z</time></trkpt>
    <trkpt lat="52.3951533" lon="5.6341179"><ele>-3.6</ele><time>2025-09-21T09:09:56Z</time></trkpt>
    <trkpt lat="52.3951482" lon="5.6342823"><ele>-4.2</ele><time>2025-09-21T09:09:58Z</time></trkpt>
    <trkpt lat="52.3951386" lon="5.6343908"><ele>-3.8</ele><time>2025-09-21T09:09:59Z</time></trkpt>
    <trkpt lat="52.3951492" lon="5.6345770"><ele>-3.6</ele><time>2025-09-21T09:10:00Z</time></trkpt>
    <trkpt lat="52.3951341" lon="5.6347068"><ele>-4.2</ele><time>2025-09-21T09:10:01Z</time></trkpt>
    <trkpt lat="52.3951512" lon="5.6348818"><ele>-3.8</ele><time>2025-09-21T09:10:03Z</time></trkpt>
    <trkpt lat="52.3951520" lon="5.6349930"><ele>-3.8</ele><time>2025-09-21T09:10:04Z</time></trkpt>
    <trkpt lat="52.3951460" lon="5.6351339"><ele>-4.1</ele><time>2025-09-21T09:10:05Z</time></trkpt>
    <trkpt lat="52.3951473" lon="5.6352785"><ele>-4.3</ele><time>2025-09-21T09:10:06Z</time></trkpt>
    <trkpt lat="52.3951409" lon="5.6354558"><ele>-3.5</ele><time>2025-09-21T09:10:08Z</time></trkpt>
    <trkpt lat="52.3951338" lon="5.6355641"><ele>-3.2</ele><time>2025-09-21T09:10:09Z</time></trkpt>
    <trkpt lat="52.3951496" lon="5.6357660"><ele>-3.3</ele><time>2025-09-21T09:10:10Z</time></trkpt>
    <trkpt lat="52.3951520" lon="5.6358926"><ele>-3.8</ele><time>2025-09-21T09:10:11Z</time></trkpt>
    <trkpt lat="52.3951596" lon="5.6360618"><ele>-4.4</ele><time>2025-09-21T09:10:13Z</time></trkpt>
    <trkpt lat="52.3951229" lon="5.6361775"><ele>-4.1</ele><time>2025-09-21T09:10:14Z</time></trkpt>
    <trkpt lat="52.3951556" lon="5.6363161"><ele>-3.6</ele><time>2025-09-21T09:10:15Z</time></trkpt>
    <trkpt lat="52.3951461" lon="5.6364602"><ele>-3.4</ele><time>2025-09-21T09:10:16Z</time></trkpt>
    <trkpt lat="52.3951384" lon="5.6366161"><ele>-4.0</ele><time>2025-09-21T09:10:18Z</time></trkpt>
    <trkpt lat="52.3951471" lon="5.6367943"><ele>-3.8</ele><time>2025-09-21T09:10:19Z</time></trkpt>
    <trkpt lat="52.3951525" lon="5.6369090"><ele>-3.9</ele><time>2025-09-21T09:10:20Z</time></trkpt>
    <trkpt lat="52.3951649" lon="5.6370823"><ele>-3.8</ele><time>2025-09-21T09:10:21Z</time></trkpt>
    <trkpt lat="52.3951621" lon="5.6371689"><ele>-3.8</ele><time>2025-09-21T09:10:23Z</time></trkpt>
    <trkpt lat="52.3951164" lon="5.6373511"><ele>-3.7</ele><time>2025-09-21T09:10:24Z</time></trkpt>
    <trkpt lat="52.3951047" lon="5.6375057"><ele>-3.7</ele><time>2025-09-21T09:10:25Z</time></trkpt>
    <trkpt lat="52.3951668" lon="5.6377010"><ele>-3.8</ele><time>2025-09-21T09:10:26Z</time></trkpt>
    <trkpt lat="52.3951373" lon="5.6377861"><ele>-3.3</ele><time>2025-09-21T09:10:28Z</time></trkpt>
    <trkpt lat="52.3951373" lon="5.6379527"><ele>-4.4</ele><time>2025-09-21T09:10:29Z</time></trkpt>
    <trkpt lat="52.3951405" lon="5.6380980"><ele>-3.1</ele><time>2025-09-21T09:10:30Z</time></trkpt>
    <trkpt lat="52.3951482" lon="5.6382528"><ele>-3.7</ele><time>2025-09-21T09:10:31Z</time></trkpt>
    <trkpt lat="52.3951329" lon="5.6383868"><ele>-3.7</ele><time>2025-09-21T09:10:33Z</time></trkpt>
    <trkpt lat="52.3951385" lon="5.6385498"><ele>-4.1</ele><time>2025-09-21T09:10:34Z</time></trkpt>
    <trkpt lat="52.3951430" lon="5.6386811"><ele>-3.4</ele><time>2025-09-21T09:10:35Z</time></trkpt>
    <trkpt lat="52.3951600" lon="5.6388375"><ele>-3.8</ele><time>2025-09-21T09:10:36Z</time></trkpt>
    <trkpt lat="52.3951641" lon="5.6389639"><ele>-3.7</ele><time>2025-09-21T09:10:38Z</time></trkpt>
    <trkpt lat="52.3951645" lon="5.6391238"><ele>-4.2</ele><time>2025-09-21T09:10:39Z</time></trkpt>
    <trkpt lat="52.3951413" lon="5.6392253"><ele>-3.8</ele><time>2025-09-21T09:10:40Z</time></trkpt>
    <trkpt lat="52.3951428" lon="5.6394289"><ele>-4.1</ele><time>2025-09-21T09:10:41Z</time></trkpt>
    <trkpt lat="52.3951443" lon="5.6395404"><ele>-4.1</ele><time>2025-09-21T09:10:43Z</time></trkpt>
    <trkpt lat="52.3951801" lon="5.6397295"><ele>-4.0</ele><time>2025-09-21T09:10:44Z</time></trkpt>
    <trkpt lat="52.3951415" lon="5.6398490"><ele>-3.8</ele><time>2025-09-21T09:10:45Z</time></trkpt>
    <trkpt lat="52.3951439" lon="5.6399784"><ele>-4.2</ele><time>2025-09-21T09:10:46Z</time></trkpt>
    <trkpt lat="52.3951368" lon="5.6401384"><ele>-3.6</ele><time>2025-09-21T09:10:48Z</time></trkpt>
    <trkpt lat="52.3951647" lon="5.6402641"><ele>-3.9</ele><time>2025-09-21T09:10:49Z</time></trkpt>
    <trkpt lat="52.3951271" lon="5.6404082"><ele>-4.2</ele><time>2025-09-21T09:10:50Z</time></trkpt>
    <trkpt lat="52.3951448" lon="5.6405477"><ele>-3.1</ele><time>2025-09-21T09:10:51Z</time></trkpt>
    <trkpt lat="52.3951544" lon="5.6407256"><ele>-3.8</ele><time>2025-09-21T09:10:53Z</time></trkpt>
    <trkpt lat="52.3951699" lon="5.6408713"><ele>-3.7</ele><time>2025-09-21T09:10:54Z</time></trkpt>
    <trkpt lat="52.3951462" lon="5.6409943"><ele>-4.4</ele><time>2025-09-21T09:10:55Z</time></trkpt>
    <trkpt lat="52.3951474" lon="5.6411649"><ele>-3.4</ele><time>2025-09-21T09:10:56Z</time></trkpt>
    <trkpt lat="52.3951358" lon="5.6413209"><ele>-3.8</ele><time>2025-09-21T09:10:58Z</time></trkpt>
    <trkpt lat="52.3951359" lon="5.6414722"><ele>-4.0</ele><time>2025-09-21T09:10:59Z</time></trkpt>
    <trkpt lat="52.3951793" lon="5.6416355"><ele>-3.7</ele><time>2025-09-21T09:11:00Z</time></trkpt>
    <trkpt lat="52.3951572" lon="5.6417409"><ele>-4.2</ele><time>2025-09-21T09:11:01Z</time></trkpt>
    <trkpt lat="52.3951427" lon="5.6418881"><ele>-4.6</ele><time>2025-09-21T09:11:03Z</time></trkpt>
    <trkpt lat="52.3951496" lon="5.6421306"><ele>-3.9</ele><time>2025-09-21T09:11:04Z</time></trkpt>
    <trkpt lat="52.3951293" lon="5.6422127"><ele>-5.0</ele><time>2025-09-21T09:11:05Z</time></trkpt>
    <trkpt lat="52.3951546" lon="5.6423557"><ele>-4.0</ele><time>2025-09-21T09:11:06Z</time></trkpt>
    <trkpt lat="52.3951495" lon="5.6424752"><ele>-4.2</ele><time>2025-09-21T09:11:08Z</time></trkpt>
    <trkpt lat="52.3951442" lon="5.6426650"><ele>-3.6</ele><time>2025-09-21T09:11:09Z</time></trkpt>
    <trkpt lat="52.3951338" lon="5.6427464"><ele>-4.2</ele><time>2025-09-21T09:11:10Z</time></trkpt>
    <trkpt lat="52.3951322" lon="5.6429409"><ele>-4.2</ele><time>2025-09-21T09:11:11Z</time></trkpt>
    <trkpt lat="52.3951402" lon="5.6430507"><ele>-4.6</ele><time>2025-09-21T09:11:13Z</time></trkpt>
    <trkpt lat="52.3951516" lon="5.6432001"><ele>-3.7</ele><time>2025-09-21T09:11:14Z</time></trkpt>
    <trkpt lat="52.3951602" lon="5.6434094"><ele>-3.4</ele><time>2025-09-21T09:11:15Z</time></trkpt>
    <trkpt lat="52.3951350" lon="5.6435321"><ele>-4.3</ele><time>2025-09-21T09:11:16Z</time></trkpt>
    <trkpt lat="52.3951582" lon="5.6436839"><ele>-4.3</ele><time>2025-09-21T09:11:18Z</time></trkpt>
    <trkpt lat="52.3951462" lon="5.6438358"><ele>-3.8</ele><time>2025-09-21T09:11:19Z</time></trkpt>
    <trkpt lat="52.3951168" lon="5.6439398"><ele>-4.5</ele><time>2025-09-21T09:11:20Z</time></trkpt>
    <trkpt lat="52.3951547" lon="5.6441003"><ele>-4.0</ele><time>2025-09-21T09:11:21Z</time></trkpt>
    <trkpt lat="52.3951282" lon="5.6442816"><ele>-3.3</ele><time>2025-09-21T09:11:23Z</time></trkpt>
    <trkpt lat="52.3951368" lon="5.6444074"><ele>-4.1</ele><time>2025-09-21T09:11:24Z</time></trkpt>
    <trkpt lat="52.3951309" lon="5.6445688"><ele>-4.4</ele><time>2025-09-21T09:11:25Z</time></trkpt>
    <trkpt lat="52.3951528" lon="5.6446947"><ele>-4.0</ele><time>2025-09-21T09:11:26Z</time></trkpt>
    <trkpt lat="52.3951594" lon="5.6448359"><ele>-3.9</ele><time>2025-09-21T09:11:28Z</time></trkpt>
    <trkpt lat="52.3951679" lon="5.6449887"><ele>-3.3</ele><time>2025-09-21T09:11:29Z</time></trkpt>
    <trkpt lat="52.3951309" lon="5.6451152"><ele>-4.4</ele><time>2025-09-21T09:11:30Z</time></trkpt>
    <trkpt lat="52.3951524" lon="5.6452952"><ele>-4.0</ele><time>2025-09-21T09:11:31Z</time></trkpt>
    <trkpt lat="52.3951343" lon="5.6454258"><ele>-3.8</ele><time>2025-09-21T09:11:33Z</time></trkpt>
    <trkpt lat="52.3951256" lon="5.6455974"><ele>-4.2</ele><time>2025-09-21T09:11:34Z</time></trkpt>
    <trkpt lat="52.3951479" lon="5.6457402"><ele>-4.0</ele><time>2025-09-21T09:11:35Z</time></trkpt>
    <trkpt lat="52.3951084" lon="5.6458665"><ele>-4.4</ele><time>2025-09-21T09:11:36Z</time></trkpt>
    <trkpt lat="52.3951405" lon="5.6460095"><ele>-4.3</ele><time>2025-09-21T09:11:38Z</time></trkpt>
    <trkpt lat="52.3951434" lon="5.6461576"><ele>-4.4</ele><time>2025-09-21T09:11:39Z</time></trkpt>
    <trkpt lat="52.3951441" lon="5.6463103"><ele>-3.9</ele><time>2025-09-21T09:11:40Z</time></trkpt>
    <trkpt lat="52.3951537" lon="5.6464642"><ele>-3.1</ele><time>2025-09-21T09:11:41Z</time></trkpt>
    <trkpt lat="52.3951715" lon="5.6465534"><ele>-3.9</ele><time>2025-09-21T09:11:43Z</time></trkpt>
    <trkpt lat="52.3951400" lon="5.6467667"><ele>-3.8</ele><time>2025-09-21T09:11:44Z</time></trkpt>
    <trkpt lat="52.3951432" lon="5.6468894"><ele>-3.1</ele><time>2025-09-21T09:11:45Z</time></trkpt>
    <trkpt lat="52.3951303" lon="5.6470550"><ele>-3.5</ele><time>2025-09-21T09:11:46Z</time></trkpt>
    <trkpt lat="52.3951293" lon="5.6471871"><ele>-4.5</ele><time>2025-09-21T09:11:48Z</time></trkpt>
    <trkpt lat="52.3951440" lon="5.6473565"><ele>-3.7</ele><time>2025-09-21T09:11:49Z</time></trkpt>
    <trkpt lat="52.3951256" lon="5.6474517"><ele>-4.0</ele><time>2025-09-21T09:11:50Z</time></trkpt>
    <trkpt lat="52.3951377" lon="5.6476458"><ele>-3.4</ele><time>2025-09-21T09:11:51Z</time></trkpt>
    <trkpt lat="52.3951298" lon="5.6477764"><ele>-3.7</ele><time>2025-09-21T09:11:53Z</time></trkpt>
    <trkpt lat="52.3951494" lon="5.6479410"><ele>-3.8</ele><time>2025-09-21T09:11:54Z</time></trkpt>
    <trkpt lat="52.3951501" lon="5.6480418"><ele>-4.1</ele><time>2025-09-21T09:11:55Z</time></trkpt>
    <trkpt lat="52.3951434" lon="5.6481869"><ele>-4.0</ele><time>2025-09-21T09:11:56Z</time></trkpt>
    <trkpt lat="52.3951517" lon="5.6483520"><ele>-4.2</ele><time>2025-09-21T09:11:58Z</time></trkpt>
    <trkpt lat="52.3951611" lon="5.6484918"><ele>-3.8</ele><time>2025-09-21T09:11:59Z</time></trkpt>
    <trkpt lat="52.3951585" lon="5.6486849"><ele>-3.8</ele><time>2025-09-21T09:12:00Z</time></trkpt>
    <trkpt lat="52.3951169" lon="5.6488384"><ele>-4.0</ele><time>2025-09-21T09:12:01Z</time></trkpt>
    <trkpt lat="52.3951262" lon="5.6489969"><ele>-4.7</ele><time>2025-09-21T09:12:03Z</time></trkpt>
    <trkpt lat="52.3951356" lon="5.6490908"><ele>-4.2</ele><time>2025-09-21T09:12:04Z</time></trkpt>
    <trkpt lat="52.3951354" lon="5.6492428"><ele>-3.9</ele><time>2025-09-21T09:12:05Z</time></trkpt>
    <trkpt lat="52.3951520" lon="5.6493920"><ele>-4.0</ele><time>2025-09-21T09:12:06Z</time></trkpt>
    <trkpt lat="52.3951469" lon="5.6495340"><ele>-4.4</ele><time>2025-09-21T09:12:08Z</time></trkpt>
    <trkpt lat="52.3951495" lon="5.6496834"><ele>-4.1</ele><time>2025-09-21T09:12:09Z</time></trkpt>
    <trkpt lat="52.3951392" lon="5.6498560"><ele>-4.0</ele><time>2025-09-21T09:12:10Z</time></trkpt>
    <trkpt lat="52.3951452" lon="5.6499892"><ele>-3.9</ele><time>2025-09-21T09:12:11Z</time></trkpt>
    <trkpt lat="52.3951431" lon="5.6500892"><ele>-3.0</ele><time>2025-09-21T09:12:13Z</time></trkpt>
    <trkpt lat="52.3951352" lon="5.6502376"><ele>-4.2</ele><time>2025-09-21T09:12:14Z</time></trkpt>
    <trkpt lat="52.3951305" lon="5.6504326"><ele>-4.1</ele><time>2025-09-21T09:12:15Z</time></trkpt>
    <trkpt lat="52.3951227" lon="5.6505621"><ele>-4.0</ele><time>2025-09-21T09:12:16Z</time></trkpt>
    <trkpt lat="52.3951446" lon="5.6507455"><ele>-4.0</ele><time>2025-09-21T09:12:18Z</time></trkpt>
    <trkpt lat="52.3951359" lon="5.6508598"><ele>-4.6</ele><time>2025-09-21T09:12:19Z</time></trkpt>
    <trkpt lat="52.3951520" lon="5.6510113"><ele>-4.7</ele><time>2025-09-21T09:12:20Z</time></trkpt>
    <trkpt lat="52.3951454" lon="5.6511171"><ele>-3.3</ele><time>2025-09-21T09:12:21Z</time></trkpt>
    <trkpt lat="52.3951474" lon="5.6513360"><ele>-4.4</ele><time>2025-09-21T09:12:23Z</time></trkpt>
    <trkpt lat="52.3951426" lon="5.6514930"><ele>-4.3</ele><time>2025-09-21T09:12:24Z</time></trkpt>
    <trkpt lat="52.3951598" lon="5.6515756"><ele>-4.0</ele><time>2025-09-21T09:12:25Z</time></trkpt>
    <trkpt lat="52.3951283" lon="5.6517664"><ele>-3.8</ele><time>2025-09-21T09:12:26Z</time></trkpt>
    <trkpt lat="52.3951561" lon="5.6518760"><ele>-4.6</ele><time>2025-09-21T09:12:28Z</time></trkpt>
    <trkpt lat="52.3951305" lon="5.6520622"><ele>-4.1</ele><time>2025-09-21T09:12:29Z</time></trkpt>
    <trkpt lat="52.3951623" lon="5.6521600"><ele>-4.0</ele><time>2025-09-21T09:12:30Z</time></trkpt>
    <trkpt lat="52.3951324" lon="5.6523338"><ele>-4.1</ele><time>2025-09-21T09:12:31Z</time></trkpt>
    <trkpt lat="52.3951406" lon="5.6524791"><ele>-4.1</ele><time>2025-09-21T09:12:33Z</time></trkpt>
    <trkpt lat="52.3951564" lon="5.6526336"><ele>-3.7</ele><time>2025-09-21T09:12:34Z</time></trkpt>
    <trkpt lat="52.3951435" lon="5.6527780"><ele>-4.3</ele><time>2025-09-21T09:12:35Z</time></trkpt>
    <trkpt lat="52.3951253" lon="5.6529391"><ele>-4.2</ele><time>2025-09-21T09:12:36Z</time></trkpt>
    <trkpt lat="52.3951161" lon="5.6530972"><ele>-4.1</ele><time>2025-09-21T09:12:38Z</time></trkpt>
    <trkpt lat="52.3951470" lon="5.6532165"><ele>-3.6</ele><time>2025-09-21T09:12:39Z</time></trkpt>
    <trkpt lat="52.3951834" lon="5.6533675"><ele>-4.3</ele><time>2025-09-21T09:12:40Z</time></trkpt>
    <trkpt lat="52.3951304" lon="5.6534940"><ele>-3.8</ele><time>2025-09-21T09:12:41Z</time></trkpt>
    <trkpt lat="52.3951483" lon="5.6536848"><ele>-4.0</ele><time>2025-09-21T09:12:43Z</time></trkpt>
    <trkpt lat="52.3951519" lon="5.6538175"><ele>-3.4</ele><time>2025-09-21T09:12:44Z</time></trkpt>
    <trkpt lat="52.3951444" lon="5.6539134"><ele>-3.5</ele><time>2025-09-21T09:12:45Z</time></trkpt>
    <trkpt lat="52.3951261" lon="5.6541021"><ele>-3.7</ele><time>2025-09-21T09:12:46Z</time></trkpt>
    <trkpt lat="52.3951456" lon="5.6542326"><ele>-3.1</ele><time>2025-09-21T09:12:48Z</time></trkpt>
    <trkpt lat="52.3951363" lon="5.6543809"><ele>-3.7</ele><time>2025-09-21T09:12:49Z</time></trkpt>
    <trkpt lat="52.3951480" lon="5.6545203"><ele>-4.4</ele><time>2025-09-21T09:12:50Z</time></trkpt>
    <trkpt lat="52.3951142" lon="5.6546937"><ele>-3.2</ele><time>2025-09-21T09:12:51Z</time></trkpt>
    <trkpt lat="52.3951442" lon="5.6548547"><ele>-3.2</ele><time>2025-09-21T09:12:53Z</time></trkpt>
    <trkpt lat="52.3951420" lon="5.6549857"><ele>-4.3</ele><time>2025-09-21T09:12:54Z</time></trkpt>
    <trkpt lat="52.3951346" lon="5.6551295"><ele>-4.3</ele><time>2025-09-21T09:12:55Z</time></trkpt>
    <trkpt lat="52.3951460" lon="5.6552107"><ele>-3.8</ele><time>2025-09-21T09:12:56Z</time></trkpt>
    <trkpt lat="52.3951256" lon="5.6554338"><ele>-4.0</ele><time>2025-09-21T09:12:58Z</time></trkpt>
    <trkpt lat="52.3951524" lon="5.6555276"><ele>-4.2</ele><time>2025-09-21T09:12:59Z</time></trkpt>
    <trkpt lat="52.3951294" lon="5.6556930"><ele>-4.3</ele><time>2025-09-21T09:13:00Z</time></trkpt>
    <trkpt lat="52.3951288" lon="5.6558749"><ele>-4.4</ele><time>2025-09-21T09:13:01Z</time></trkpt>
    <trkpt lat="52.3951196" lon="5.6560304"><ele>-4.1</ele><time>2025-09-21T09:13:03Z</time></trkpt>
    <trkpt lat="52.3951367" lon="5.6561535"><ele>-3.7</ele><time>2025-09-21T09:13:04Z</time></trkpt>
    <trkpt lat="52.3951440" lon="5.6562897"><ele>-4.1</ele><time>2025-09-21T09:13:05Z</time></trkpt>
    <trkpt lat="52.3951472" lon="5.6564844"><ele>-3.5</ele><time>2025-09-21T09:13:06Z</time></trkpt>
    <trkpt lat="52.3951311" lon="5.6566060"><ele>-4.0</ele><time>2025-09-21T09:13:08Z</time></trkpt>
    <trkpt lat="52.3951367" lon="5.6567464"><ele>-4.6</ele><time>2025-09-21T09:13:09Z</time></trkpt>
    <trkpt lat="52.3951345" lon="5.6568889"><ele>-3.8</ele><time>2025-09-21T09:13:10Z</time></trkpt>
    <trkpt lat="52.3951470" lon="5.6570273"><ele>-4.4</ele><time>2025-09-21T09:13:11Z</time></trkpt>
    <trkpt lat="52.3951385" lon="5.6571570"><ele>-3.7</ele><time>2025-09-21T09:13:13Z</time></trkpt>
    <trkpt lat="52.3951317" lon="5.6573132"><ele>-4.4</ele><time>2025-09-21T09:13:14Z</time></trkpt>
    <trkpt lat="52.3951501" lon="5.6574197"><ele>-4.2</ele><time>2025-09-21T09:13:15Z</time></trkpt>
    <trkpt lat="52.3951462" lon="5.6575851"><ele>-3.9</ele><time>2025-09-21T09:13:16Z</time></trkpt>
    <trkpt lat="52.3951498" lon="5.6578134"><ele>-3.6</ele><time>2025-09-21T09:13:18Z</time></trkpt>
    <trkpt lat="52.3951650" lon="5.6579248"><ele>-3.9</ele><time>2025-09-21T09:13:19Z</time></trkpt>
    <trkpt lat="52.3951442" lon="5.6580794"><ele>-4.2</ele><time>2025-09-21T09:13:20Z</time></trkpt>
    <trkpt lat="52.3951571" lon="5.6581790"><ele>-3.7</ele><time>2025-09-21T09:13:21Z</time></trkpt>
    <trkpt lat="52.3951294" lon="5.6583938"><ele>-5.0</ele><time>2025-09-21T09:13:23Z</time></trkpt>
    <trkpt lat="52.3951080" lon="5.6585201"><ele>-4.1</ele><time>2025-09-21T09:13:24Z</time></trkpt>
    <trkpt lat="52.3951298" lon="5.6586266"><ele>-4.8</ele><time>2025-09-21T09:13:25Z</time></trkpt>
    <trkpt lat="52.3951199" lon="5.6587790"><ele>-4.0</ele><time>2025-09-21T09:13:26Z</time></trkpt>
    <trkpt lat="52.3951428" lon="5.6589261"><ele>-4.7</ele><time>2025-09-21T09:13:28Z</time></trkpt>
    <trkpt lat="52.3951615" lon="5.6591409"><ele>-3.8</ele><time>2025-09-21T09:13:29Z</time></trkpt>
    <trkpt lat="52.3951595" lon="5.6592518"><ele>-4.4</ele><time>2025-09-21T09:13:30Z</time></trkpt>
    <trkpt lat="52.3951652" lon="5.6593858"><ele>-5.0</ele><time>2025-09-21T09:13:31Z</time></trkpt>
    <trkpt lat="52.3951459" lon="5.6595447"><ele>-4.1</ele><time>2025-09-21T09:13:33Z</time></trkpt>
    <trkpt lat="52.3951456" lon="5.6596927"><ele>-4.2</ele><time>2025-09-21T09:13:34Z</time></trkpt>
    <trkpt lat="52.3951369" lon="5.6598369"><ele>-3.6</ele><time>2025-09-21T09:13:35Z</time></trkpt>
    <trkpt lat="52.3951310" lon="5.6599832"><ele>-3.2</ele><time>2025-09-21T09:13:36Z</time></trkpt>
    <trkpt lat="52.3951451" lon="5.6601118"><ele>-4.1</ele><time>2025-09-21T09:13:38Z</time></trkpt>
    <trkpt lat="52.3951298" lon="5.6602924"><ele>-4.3</ele><time>2025-09-21T09:13:39Z</time></trkpt>
    <trkpt lat="52.3951191" lon="5.6604246"><ele>-4.1</ele><time>2025-09-21T09:13:40Z</time></trkpt>
    <trkpt lat="52.3951627" lon="5.6605757"><ele>-4.6</ele><time>2025-09-21T09:13:41Z</time></trkpt>
    <trkpt lat="52.3951305" lon="5.6606737"><ele>-3.8</ele><time>2025-09-21T09:13:43Z</time></trkpt>
    <trkpt lat="52.3951328" lon="5.6608730"><ele>-3.5</ele><time>2025-09-21T09:13:44Z</time></trkpt>
    <trkpt lat="52.3951463" lon="5.6609866"><ele>-4.1</ele><time>2025-09-21T09:13:45Z</time></trkpt>
    <trkpt lat="52.3951585" lon="5.6611871"><ele>-3.5</ele><time>2025-09-21T09:13:46Z</time></trkpt>
    <trkpt lat="52.3951183" lon="5.6612827"><ele>-4.2</ele><time>2025-09-21T09:13:48Z</time></trkpt>
    <trkpt lat="52.3951298" lon="5.6614303"><ele>-4.3</ele><time>2025-09-21T09:13:49Z</time></trkpt>
    <trkpt lat="52.3951463" lon="5.6615793"><ele>-3.5</ele><time>2025-09-21T09:13:50Z</time></trkpt>
    <trkpt lat="52.3951606" lon="5.6617590"><ele>-4.8</ele><time>2025-09-21T09:13:51Z</time></trkpt>
    <trkpt lat="52.3951730" lon="5.6618972"><ele>-3.6</ele><time>2025-09-21T09:13:53Z</time></trkpt>
    <trkpt lat="52.3951522" lon="5.6620483"><ele>-4.0</ele><time>2025-09-21T09:13:54Z</time></trkpt>
    <trkpt lat="52.3951327" lon="5.6621703"><ele>-4.2</ele><time>2025-09-21T09:13:55Z</time></trkpt>
    <trkpt lat="52.3951302" lon="5.6623181"><ele>-3.4</ele><time>2025-09-21T09:13:56Z</time></trkpt>
    <trkpt lat="52.3951526" lon="5.6624845"><ele>-3.3</ele><time>2025-09-21T09:13:58Z</time></trkpt>
    <trkpt lat="52.3951530" lon="5.6626242"><ele>-4.3</ele><time>2025-09-21T09:13:59Z</time></trkpt>
    <trkpt lat="52.3951493" lon="5.6627728"><ele>-4.5</ele><time>2025-09-21T09:14:00Z</time></trkpt>
    <trkpt lat="52.3951401" lon="5.6629279"><ele>-4.2</ele><time>2025-09-21T09:14:01Z</time></trkpt>
    <trkpt lat="52.3951414" lon="5.6630892"><ele>-4.0</ele><time>2025-09-21T09:14:03Z</time></trkpt>
    <trkpt lat="52.3951314" lon="5.6632248"><ele>-4.6</ele><time>2025-09-21T09:14:04Z</time></trkpt>
    <trkpt lat="52.3951542" lon="5.6633712"><ele>-4.2</ele><time>2025-09-21T09:14:05Z</time></trkpt>
    <trkpt lat="52.3951398" lon="5.6635053"><ele>-3.9</ele><time>2025-09-21T09:14:06Z</time></trkpt>
    <trkpt lat="52.3951415" lon="5.6636696"><ele>-3.7</ele><time>2025-09-21T09:14:08Z</time></trkpt>
    <trkpt lat="52.3951350" lon="5.6638123"><ele>-3.8</ele><time>2025-09-21T09:14:09Z</time></trkpt>
    <trkpt lat="52.3951376" lon="5.6639314"><ele>-3.5</ele><time>2025-09-21T09:14:10Z</time></trkpt>
    <trkpt lat="52.3951496" lon="5.6640697"><ele>-4.1</ele><time>2025-09-21T09:14:11Z</time></trkpt>
    <trkpt lat="52.3951416" lon="5.6642231"><ele>-4.2</ele><time>2025-09-21T09:14:13Z</time></trkpt>
    <trkpt lat="52.3951537" lon="5.6643455"><ele>-3.7</ele><time>2025-09-21T09:14:14Z</time></trkpt>
    <trkpt lat="52.3951222" lon="5.6645173"><ele>-4.4</ele><time>2025-09-21T09:14:15Z</time></trkpt>
    <trkpt lat="52.3951261" lon="5.6647135"><ele>-4.3</ele><time>2025-09-21T09:14:16Z</time></trkpt>
    <trkpt lat="52.3951113" lon="5.6648653"><ele>-4.5</ele><time>2025-09-21T09:14:18Z</time></trkpt>
    <trkpt lat="52.3951308" lon="5.6649470"><ele>-4.9</ele><time>2025-09-21T09:14:19Z</time></trkpt>
    <trkpt lat="52.3951209" lon="5.6651185"><ele>-4.6</ele><time>2025-09-21T09:14:20Z</time></trkpt>
    <trkpt lat="52.3951257" lon="5.6652696"><ele>-3.8</ele><time>2025-09-21T09:14:21Z</time></trkpt>
    <trkpt lat="52.3951611" lon="5.6653910"><ele>-4.5</ele><time>2025-09-21T09:14:23Z</time></trkpt>
    <trkpt lat="52.3951231" lon="5.6655623"><ele>-3.4</ele><time>2025-09-21T09:14:24Z</time></trkpt>
    <trkpt lat="52.3951342" lon="5.6656610"><ele>-4.0</ele><time>2025-09-21T09:14:25Z</time></trkpt>
    <trkpt lat="52.3951360" lon="5.6658409"><ele>-4.2</ele><time>2025-09-21T09:14:26Z</time></trkpt>
    <trkpt lat="52.3951425" lon="5.6659846"><ele>-3.2</ele><time>2025-09-21T09:14:28Z</time></trkpt>
    <trkpt lat="52.3951445" lon="5.6661545"><ele>-4.3</ele><time>2025-09-21T09:14:29Z</time></trkpt>
    <trkpt lat="52.3951396" lon="5.6662706"><ele>-4.3</ele><time>2025-09-21T09:14:30Z</time></trkpt>
    <trkpt lat="52.3951380" lon="5.6664746"><ele>-3.4</ele><time>2025-09-21T09:14:31Z</time></trkpt>
    <trkpt lat="52.3951544" lon="5.6665791"><ele>-4.6</ele><time>2025-09-21T09:14:33Z</time></trkpt>
    <trkpt lat="52.3951212" lon="5.6667710"><ele>-3.9</ele><time>2025-09-21T09:14:34Z</time></trkpt>
    <trkpt lat="52.3951366" lon="5.6668743"><ele>-3.7</ele><time>2025-09-21T09:14:35Z</time></trkpt>
    <trkpt lat="52.3951449" lon="5.6670051"><ele>-4.6</ele><time>2025-09-21T09:14:36Z</time></trkpt>
    <trkpt lat="52.3951490" lon="5.6671389"><ele>-3.5</ele><time>2025-09-21T09:14:38Z</time></trkpt>
    <trkpt lat="52.3951457" lon="5.6672965"><ele>-4.2</ele><time>2025-09-21T09:14:39Z</time></trkpt>
    <trkpt lat="52.3951432" lon="5.6675019"><ele>-3.3</ele><time>2025-09-21T09:14:40Z</time></trkpt>
    <trkpt lat="52.3951639" lon="5.6676044"><ele>-4.3</ele><time>2025-09-21T09:14:41Z</time></trkpt>
    <trkpt lat="52.3951479" lon="5.6677986"><ele>-4.6</ele><time>2025-09-21T09:14:43Z</time></trkpt>
    <trkpt lat="52.3951408" lon="5.6679310"><ele>-3.7</ele><time>2025-09-21T09:14:44Z</time></trkpt>
    <trkpt lat="52.3951326" lon="5.6680337"><ele>-4.5</ele><time>2025-09-21T09:14:45Z</time></trkpt>
    <trkpt lat="52.3951373" lon="5.6682369"><ele>-5.0</ele><time>2025-09-21T09:14:46Z</time></trkpt>
    <trkpt lat="52.3951402" lon="5.6683651"><ele>-2.9</ele><time>2025-09-21T09:14:48Z</time></trkpt>
    <trkpt lat="52.3951445" lon="5.6684884"><ele>-4.2</ele><time>2025-09-21T09:14:49Z</time></trkpt>
    <trkpt lat="52.3951513" lon="5.6685715"><ele>-4.2</ele><time>2025-09-21T09:14:50Z</time></trkpt>
    <trkpt lat="52.3951383" lon="5.6688051"><ele>-5.0</ele><time>2025-09-21T09:14:51Z</time></trkpt>
    <trkpt lat="52.3951500" lon="5.6689321"><ele>-3.6</ele><time>2025-09-21T09:14:53Z</time></trkpt>
    <trkpt lat="52.3951301" lon="5.6691040"><ele>-4.5</ele><time>2025-09-21T09:14:54Z</time></trkpt>
    <trkpt lat="52.3951227" lon="5.6692376"><ele>-3.5</ele><time>2025-09-21T09:14:55Z</time></trkpt>
    <trkpt lat="52.3951479" lon="5.6693716"><ele>-3.9</ele><time>2025-09-21T09:14:56Z</time></trkpt>
    <trkpt lat="52.3951433" lon="5.6695422"><ele>-3.8</ele><time>2025-09-21T09:14:58Z</time></trkpt>
    <trkpt lat="52.3951261" lon="5.6696743"><ele>-4.7</ele><time>2025-09-21T09:14:59Z</time></trkpt>
    <trkpt lat="52.3951536" lon="5.6697785"><ele>-4.3</ele><time>2025-09-21T09:15:00Z</time></trkpt>
    <trkpt lat="52.3951106" lon="5.6699728"><ele>-4.2</ele><time>2025-09-21T09:15:01Z</time></trkpt>
    <trkpt lat="52.3951647" lon="5.6701606"><ele>-3.8</ele><time>2025-09-21T09:15:03Z</time></trkpt>
    <trkpt lat="52.3951467" lon="5.6702631"><ele>-3.2</ele><time>2025-09-21T09:15:04Z</time></trkpt>
    <trkpt lat="52.3951377" lon="5.6703770"><ele>-4.2</ele><time>2025-09-21T09:15:05Z</time></trkpt>
    <trkpt lat="52.3951384" lon="5.6704849"><ele>-3.6</ele><time>2025-09-21T09:15:06Z</time></trkpt>
    <trkpt lat="52.3951218" lon="5.6706848"><ele>-3.5</ele><time>2025-09-21T09:15:08Z</time></trkpt>
    <trkpt lat="52.3951332" lon="5.6708318"><ele>-4.2</ele><time>2025-09-21T09:15:09Z</time></trkpt>
    <trkpt lat="52.3951395" lon="5.6709859"><ele>-3.7</ele><time>2025-09-21T09:15:10Z</time></trkpt>
    <trkpt lat="52.3951666" lon="5.6711484"><ele>-4.5</ele><time>2025-09-21T09:15:11Z</time></trkpt>
    <trkpt lat="52.3951341" lon="5.6712918"><ele>-3.1</ele><time>2025-09-21T09:15:13Z</time></trkpt>
    <trkpt lat="52.3951355" lon="5.6713957"><ele>-3.6</ele><time>2025-09-21T09:15:14Z</time></trkpt>
    <trkpt lat="52.3951372" lon="5.6715614"><ele>-4.0</ele><time>2025-09-21T09:15:15Z</time></trkpt>
    <trkpt lat="52.3951392" lon="5.6717369"><ele>-4.5</ele><time>2025-09-21T09:15:16Z</time></trkpt>
    <trkpt lat="52.3951029" lon="5.6718919"><ele>-4.4</ele><time>2025-09-21T09:15:18Z</time></trkpt>
    <trkpt lat="52.3951338" lon="5.6720007"><ele>-4.0</ele><time>2025-09-21T09:15:19Z</time></trkpt>
    <trkpt lat="52.3951573" lon="5.6722459"><ele>-4.1</ele><time>2025-09-21T09:15:20Z</time></trkpt>
    <trkpt lat="52.3951559" lon="5.6723208"><ele>-3.8</ele><time>2025-09-21T09:15:21Z</time></trkpt>
    <trkpt lat="52.3951088" lon="5.6724569"><ele>-4.9</ele><time>2025-09-21T09:15:23Z</time></trkpt>
    <trkpt lat="52.3951516" lon="5.6726195"><ele>-4.1</ele><time>2025-09-21T09:15:24Z</time></trkpt>
    <trkpt lat="52.3951404" lon="5.6728127"><ele>-4.5</ele><time>2025-09-21T09:15:25Z</time></trkpt>
    <trkpt lat="52.3951205" lon="5.6729127"><ele>-3.5</ele><time>2025-09-21T09:15:26Z</time></trkpt>
    <trkpt lat="52.3951302" lon="5.6730397"><ele>-4.1</ele><time>2025-09-21T09:15:28Z</time></trkpt>
    <trkpt lat="52.3951154" lon="5.6732291"><ele>-3.5</ele><time>2025-09-21T09:15:29Z</time></trkpt>
    <trkpt lat="52.3951480" lon="5.6733791"><ele>-4.1</ele><time>2025-09-21T09:15:30Z</time></trkpt>
    <trkpt lat="52.3951283" lon="5.6735119"><ele>-4.4</ele><time>2025-09-21T09:15:31Z</time></trkpt>
    <trkpt lat="52.3951149" lon="5.6736632"><ele>-3.9</ele><time>2025-09-21T09:15:33Z</time></trkpt>
    <trkpt lat="52.3951304" lon="5.6737715"><ele>-4.1</ele><time>2025-09-21T09:15:34Z</time></trkpt>
    <trkpt lat="52.3951537" lon="5.6739175"><ele>-4.4</ele><time>2025-09-21T09:15:35Z</time></trkpt>
    <trkpt lat="52.3951161" lon="5.6740515"><ele>-4.0</ele><time>2025-09-21T09:15:36Z</time></trkpt>
    <trkpt lat="52.3951347" lon="5.6742272"><ele>-4.0</ele><time>2025-09-21T09:15:38Z</time></trkpt>
    <trkpt lat="52.3951399" lon="5.6743451"><ele>-3.7</ele><time>2025-09-21T09:15:39Z</time></trkpt>
    <trkpt lat="52.3951314" lon="5.6744831"><ele>-4.1</ele><time>2025-09-21T09:15:40Z</time></trkpt>
    <trkpt lat="52.3951233" lon="5.6746568"><ele>-4.3</ele><time>2025-09-21T09:15:41Z</time></trkpt>
    <trkpt lat="52.3951577" lon="5.6747865"><ele>-4.6</ele><time>2025-09-21T09:15:43Z</time></trkpt>
    <trkpt lat="52.3951131" lon="5.6749344"><ele>-4.0</ele><time>2025-09-21T09:15:44Z</time></trkpt>
    <trkpt lat="52.3951433" lon="5.6750814"><ele>-4.0</ele><time>2025-09-21T09:15:45Z</time></trkpt>
    <trkpt lat="52.3951449" lon="5.6752604"><ele>-4.1</ele><time>2025-09-21T09:15:46Z</time></trkpt>
    <trkpt lat="52.3951358" lon="5.6753887"><ele>-3.7</ele><time>2025-09-21T09:15:48Z</time></trkpt>
    <trkpt lat="52.3951306" lon="5.6755257"><ele>-3.4</ele><time>2025-09-21T09:15:49Z</time></trkpt>
    <trkpt lat="52.3951524" lon="5.6757003"><ele>-3.8</ele><time>2025-09-21T09:15:50Z</time></trkpt>
    <trkpt lat="52.3951286" lon="5.6758006"><ele>-4.6</ele><time>2025-09-21T09:15:51Z</time></trkpt>
    <trkpt lat="52.3951328" lon="5.6759915"><ele>-3.8</ele><time>2025-09-21T09:15:53Z</time></trkpt>
    <trkpt lat="52.3951287" lon="5.6761392"><ele>-3.6</ele><time>2025-09-21T09:15:54Z</time></trkpt>
    <trkpt lat="52.3951106" lon="5.6762491"><ele>-3.7</ele><time>2025-09-21T09:15:55Z</time></trkpt>
    <trkpt lat="52.3951430" lon="5.6764370"><ele>-4.5</ele><time>2025-09-21T09:15:56Z</time></trkpt>
    <trkpt lat="52.3951433" lon="5.6765889"><ele>-4.1</ele><time>2025-09-21T09:15:58Z</time></trkpt>
    <trkpt lat="52.3951311" lon="5.6767216"><ele>-3.9</ele><time>2025-09-21T09:15:59Z</time></trkpt>
    <trkpt lat="52.3951528" lon="5.6768353"><ele>-4.5</ele><time>2025-09-21T09:16:00Z</time></trkpt>
    <trkpt lat="52.3951507" lon="5.6769911"><ele>-4.1</ele><time>2025-09-21T09:16:01Z</time></trkpt>
    <trkpt lat="52.3951363" lon="5.6771245"><ele>-4.3</ele><time>2025-09-21T09:16:03Z</time></trkpt>
    <trkpt lat="52.3951163" lon="5.6773177"><ele>-4.1</ele><time>2025-09-21T09:16:04Z</time></trkpt>
    <trkpt lat="52.3951566" lon="5.6774452"><ele>-4.5</ele><time>2025-09-21T09:16:05Z</time></trkpt>
    <trkpt lat="52.3951461" lon="5.6776260"><ele>-3.9</ele><time>2025-09-21T09:16:06Z</time></trkpt>
    <trkpt lat="52.3951408" lon="5.6777420"><ele>-4.4</ele><time>2025-09-21T09:16:08Z</time></trkpt>
    <trkpt lat="52.3951088" lon="5.6779201"><ele>-3.5</ele><time>2025-09-21T09:16:09Z</time></trkpt>
    <trkpt lat="52.3951253" lon="5.6780330"><ele>-4.0</ele><time>2025-09-21T09:16:10Z</time></trkpt>
    <trkpt lat="52.3951319" lon="5.6782286"><ele>-3.2</ele><time>2025-09-21T09:16:11Z</time></trkpt>
    <trkpt lat="52.3951385" lon="5.6783336"><ele>-4.7</ele><time>2025-09-21T09:16:13Z</time></trkpt>
    <trkpt lat="52.3951313" lon="5.6784835"><ele>-4.3</ele><time>2025-09-21T09:16:14Z</time></trkpt>
    <trkpt lat="52.3951255" lon="5.6785983"><ele>-4.0</ele><time>2025-09-21T09:16:15Z</time></trkpt>
    <trkpt lat="52.3951574" lon="5.6787936"><ele>-4.9</ele><time>2025-09-21T09:16:16Z</time></trkpt>
    <trkpt lat="52.3951457" lon="5.6789646"><ele>-4.1</ele><time>2025-09-21T09:16:18Z</time></trkpt>
    <trkpt lat="52.3951368" lon="5.6791007"><ele>-4.8</ele><time>2025-09-21T09:16:19Z</time></trkpt>
    <trkpt lat="52.3951133" lon="5.6792335"><ele>-3.8</ele><time>2025-09-21T09:16:20Z</time></trkpt>
    <trkpt lat="52.3951086" lon="5.6793358"><ele>-3.7</ele><time>2025-09-21T09:16:21Z</time></trkpt>
    <trkpt lat="52.3951234" lon="5.6794999"><ele>-3.4</ele><time>2025-09-21T09:16:23Z</time></trkpt>
    <trkpt lat="52.3951541" lon="5.6796596"><ele>-4.2</ele><time>2025-09-21T09:16:24Z</time></trkpt>
    <trkpt lat="52.3951039" lon="5.6798025"><ele>-3.6</ele><time>2025-09-21T09:16:25Z</time></trkpt>
    <trkpt lat="52.3951457" lon="5.6799424"><ele>-4.4</ele><time>2025-09-21T09:16:26Z</time></trkpt>
    <trkpt lat="52.3951365" lon="5.6800556"><ele>-3.7</ele><time>2025-09-21T09:16:28Z</time></trkpt>
    <trkpt lat="52.3951150" lon="5.6801940"><ele>-3.6</ele><time>2025-09-21T09:16:29Z</time></trkpt>
    <trkpt lat="52.3951267" lon="5.6804291"><ele>-4.0</ele><time>2025-09-21T09:16:30Z</time></trkpt>
    <trkpt lat="52.3951374" lon="5.6805536"><ele>-4.6</ele><time>2025-09-21T09:16:31Z</time></trkpt>
    <trkpt lat="52.3951556" lon="5.6807111"><ele>-4.1</ele><time>2025-09-21T09:16:33Z</time></trkpt>
    <trkpt lat="52.3951228" lon="5.6808372"><ele>-3.9</ele><time>2025-09-21T09:16:34Z</time></trkpt>
    <trkpt lat="52.3951238" lon="5.6809955"><ele>-4.8</ele><time>2025-09-21T09:16:35Z</time></trkpt>
    <trkpt lat="52.3951387" lon="5.6810948"><ele>-4.0</ele><time>2025-09-21T09:16:36Z</time></trkpt>
    <trkpt lat="52.3951016" lon="5.6812654"><ele>-4.7</ele><time>2025-09-21T09:16:38Z</time></trkpt>
    <trkpt lat="52.3951172" lon="5.6814592"><ele>-4.5</ele><time>2025-09-21T09:16:39Z</time></trkpt>
    <trkpt lat="52.3951488" lon="5.6815905"><ele>-4.3</ele><time>2025-09-21T09:16:40Z</time></trkpt>
    <trkpt lat="52.3951372" lon="5.6817190"><ele>-3.9</ele><time>2025-09-21T09:16:41Z</time></trkpt>
    <trkpt lat="52.3951313" lon="5.6818507"><ele>-3.9</ele><time>2025-09-21T09:16:43Z</time></trkpt>
    <trkpt lat="52.3951365" lon="5.6820439"><ele>-4.9</ele><time>2025-09-21T09:16:44Z</time></trkpt>
    <trkpt lat="52.3951177" lon="5.6821328"><ele>-3.8</ele><time>2025-09-21T09:16:45Z</time></trkpt>
    <trkpt lat="52.3951374" lon="5.6823367"><ele>-4.6</ele><time>2025-09-21T09:16:46Z</time></trkpt>
    <trkpt lat="52.3951292" lon="5.6824411"><ele>-3.8</ele><time>2025-09-21T09:16:48Z</time></trkpt>
    <trkpt lat="52.3951410" lon="5.6826009"><ele>-4.3</ele><time>2025-09-21T09:16:49Z</time></trkpt>
    <trkpt lat="52.3951128" lon="5.6827866"><ele>-4.2</ele><time>2025-09-21T09:16:50Z</time></trkpt>
    <trkpt lat="52.3951414" lon="5.6829141"><ele>-4.6</ele><time>2025-09-21T09:16:51Z</time></trkpt>
    <trkpt lat="52.3951251" lon="5.6830215"><ele>-3.8</ele><time>2025-09-21T09:16:53Z</time></trkpt>
    <trkpt lat="52.3951087" lon="5.6832037"><ele>-4.2</ele><time>2025-09-21T09:16:54Z</time></trkpt>
    <trkpt lat="52.3951445" lon="5.6833349"><ele>-3.9</ele><time>2025-09-21T09:16:55Z</time></trkpt>
    <trkpt lat="52.3951238" lon="5.6835072"><ele>-4.4</ele><time>2025-09-21T09:16:56Z</time></trkpt>
    <trkpt lat="52.3951337" lon="5.6836280"><ele>-3.1</ele><time>2025-09-21T09:16:58Z</time></trkpt>
    <trkpt lat="52.3951275" lon="5.6837721"><ele>-4.6</ele><time>2025-09-21T09:16:59Z</time></trkpt>
    <trkpt lat="52.3951233" lon="5.6839232"><ele>-3.9</ele><time>2025-09-21T09:17:00Z</time></trkpt>
    <trkpt lat="52.3951178" lon="5.6840621"><ele>-4.5</ele><time>2025-09-21T09:17:01Z</time></trkpt>
    <trkpt lat="52.3951288" lon="5.6841970"><ele>-5.3</ele><time>2025-09-21T09:17:03Z</time></trkpt>
    <trkpt lat="52.3951277" lon="5.6843416"><ele>-4.7</ele><time>2025-09-21T09:17:04Z</time></trkpt>
    <trkpt lat="52.3951245" lon="5.6845196"><ele>-3.9</ele><time>2025-09-21T09:17:05Z</time></trkpt>
    <trkpt lat="52.3951236" lon="5.6846576"><ele>-3.6</ele><time>2025-09-21T09:17:06Z</time></trkpt>
    <trkpt lat="52.3951117" lon="5.6848186"><ele>-4.2</ele><time>2025-09-21T09:17:08Z</time></trkpt>
    <trkpt lat="52.3951203" lon="5.6849152"><ele>-4.2</ele><time>2025-09-21T09:17:09Z</time></trkpt>
    <trkpt lat="52.3951257" lon="5.6850807"><ele>-4.0</ele><time>2025-09-21T09:17:10Z</time></trkpt>
    <trkpt lat="52.3951365" lon="5.6852651"><ele>-3.8</ele><time>2025-09-21T09:17:11Z</time></trkpt>
    <trkpt lat="52.3951234" lon="5.6853727"><ele>-3.8</ele><time>2025-09-21T09:17:13Z</time></trkpt>
    <trkpt lat="52.3951353" lon="5.6855211"><ele>-4.1</ele><time>2025-09-21T09:17:14Z</time></trkpt>
    <trkpt lat="52.3951447" lon="5.6856939"><ele>-4.1</ele><time>2025-09-21T09:17:15Z</time></trkpt>
    <trkpt lat="52.3951176" lon="5.6858153"><ele>-3.4</ele><time>2025-09-21T09:17:16Z</time></trkpt>
    <trkpt lat="52.3951106" lon="5.6859950"><ele>-4.8</ele><time>2025-09-21T09:17:18Z</time></trkpt>
    <trkpt lat="52.3951286" lon="5.6860674"><ele>-4.4</ele><time>2025-09-21T09:17:19Z</time></trkpt>
    <trkpt lat="52.3951311" lon="5.6862115"><ele>-4.2</ele><time>2025-09-21T09:17:20Z</time></trkpt>
    <trkpt lat="52.3951294" lon="5.6864584"><ele>-4.8</ele><time>2025-09-21T09:17:21Z</time></trkpt>
    <trkpt lat="52.3951288" lon="5.6865636"><ele>-4.6</ele><time>2025-09-21T09:17:23Z</time></trkpt>
    <trkpt lat="52.3951190" lon="5.6866787"><ele>-4.2</ele><time>2025-09-21T09:17:24Z</time></trkpt>
    <trkpt lat="52.3951173" lon="5.6868792"><ele>-4.0</ele><time>2025-09-21T09:17:25Z</time></trkpt>
    <trkpt lat="52.3951144" lon="5.6870405"><ele>-4.6</ele><time>2025-09-21T09:17:26Z</time></trkpt>
    <trkpt lat="52.3951348" lon="5.6871353"><ele>-4.6</ele><time>2025-09-21T09:17:28Z</time></trkpt>
    <trkpt lat="52.3951186" lon="5.6873201"><ele>-4.4</ele><time>2025-09-21T09:17:29Z</time></trkpt>
    <trkpt lat="52.3951390" lon="5.6874522"><ele>-4.4</ele><time>2025-09-21T09:17:30Z</time></trkpt>
    <trkpt lat="52.3951394" lon="5.6875872"><ele>-3.4</ele><time>2025-09-21T09:17:31Z</time></trkpt>
    <trkpt lat="52.3951390" lon="5.6877250"><ele>-3.8</ele><time>2025-09-21T09:17:33Z</time></trkpt>
    <trkpt lat="52.3951295" lon="5.6878985"><ele>-4.1</ele><time>2025-09-21T09:17:34Z</time></trkpt>
    <trkpt lat="52.3951247" lon="5.6880063"><ele>-4.5</ele><time>2025-09-21T09:17:35Z</time></trkpt>
    <trkpt lat="52.3951299" lon="5.6881658"><ele>-3.4</ele><time>2025-09-21T09:17:36Z</time></trkpt>
    <trkpt lat="52.3951216" lon="5.6883316"><ele>-3.7</ele><time>2025-09-21T09:17:38Z</time></trkpt>
    <trkpt lat="52.3951392" lon="5.6884500"><ele>-4.5</ele><time>2025-09-21T09:17:39Z</time></trkpt>
    <trkpt lat="52.3951539" lon="5.6886263"><ele>-4.2</ele><time>2025-09-21T09:17:40Z</time></trkpt>
    <trkpt lat="52.3951245" lon="5.6887501"><ele>-3.9</ele><time>2025-09-21T09:17:41Z</time></trkpt>
    <trkpt lat="52.3951547" lon="5.6888631"><ele>-4.6</ele><time>2025-09-21T09:17:43Z</time></trkpt>
    <trkpt lat="52.3951350" lon="5.6890695"><ele>-4.5</ele><time>2025-09-21T09:17:44Z</time></trkpt>
    <trkpt lat="52.3951415" lon="5.6891999"><ele>-4.4</ele><time>2025-09-21T09:17:45Z</time></trkpt>
    <trkpt lat="52.3951255" lon="5.6893681"><ele>-4.2</ele><time>2025-09-21T09:17:46Z</time></trkpt>
    <trkpt lat="52.3951308" lon="5.6895034"><ele>-4.3</ele><time>2025-09-21T09:17:48Z</time></trkpt>
    <trkpt lat="52.3951269" lon="5.6896713"><ele>-4.1</ele><time>2025-09-21T09:17:49Z</time></trkpt>
    <trkpt lat="52.3951035" lon="5.6897428"><ele>-3.9</ele><time>2025-09-21T09:17:50Z</time></trkpt>
    <trkpt lat="52.3951301" lon="5.6899563"><ele>-3.7</ele><time>2025-09-21T09:17:51Z</time></trkpt>
    <trkpt lat="52.3951237" lon="5.6900464"><ele>-3.9</ele><time>2025-09-21T09:17:53Z</time></trkpt>
    <trkpt lat="52.3951407" lon="5.6902533"><ele>-3.9</ele><time>2025-09-21T09:17:54Z</time></trkpt>
    <trkpt lat="52.3951449" lon="5.6903789"><ele>-4.5</ele><time>2025-09-21T09:17:55Z</time></trkpt>
    <trkpt lat="52.3951490" lon="5.6905203"><ele>-4.3</ele><time>2025-09-21T09:17:56Z</time></trkpt>
    <trkpt lat="52.3951147" lon="5.6907066"><ele>-4.2</ele><time>2025-09-21T09:17:58Z</time></trkpt>
    <trkpt lat="52.3951029" lon="5.6908442"><ele>-4.2</ele><time>2025-09-21T09:17:59Z</time></trkpt>
    <trkpt lat="52.3951152" lon="5.6909192"><ele>-4.2</ele><time>2025-09-21T09:18:00Z</time></trkpt>
    <trkpt lat="52.3951387" lon="5.6911156"><ele>-4.6</ele><time>2025-09-21T09:18:01Z</time></trkpt>
    <trkpt lat="52.3951203" lon="5.6913002"><ele>-4.6</ele><time>2025-09-21T09:18:03Z</time></trkpt>
    <trkpt lat="52.3951345" lon="5.6914174"><ele>-3.8</ele><time>2025-09-21T09:18:04Z</time></trkpt>
    <trkpt lat="52.3951135" lon="5.6915690"><ele>-5.0</ele><time>2025-09-21T09:18:05Z</time></trkpt>
    <trkpt lat="52.3951273" lon="5.6917407"><ele>-4.0</ele><time>2025-09-21T09:18:06Z</time></trkpt>
    <trkpt lat="52.3951376" lon="5.6918757"><ele>-4.7</ele><time>2025-09-21T09:18:08Z</time></trkpt>
    <trkpt lat="52.3950995" lon="5.6919604"><ele>-4.8</ele><time>2025-09-21T09:18:09Z</time></trkpt>
    <trkpt lat="52.3951257" lon="5.6921577"><ele>-4.2</ele><time>2025-09-21T09:18:10Z</time></trkpt>
    <trkpt lat="52.3951257" lon="5.6922709"><ele>-4.4</ele><time>2025-09-21T09:18:11Z</time></trkpt>
    <trkpt lat="52.3951326" lon="5.6924366"><ele>-4.2</ele><time>2025-09-21T09:18:13Z</time></trkpt>
    <trkpt lat="52.3951216" lon="5.6925992"><ele>-3.7</ele><time>2025-09-21T09:18:14Z</time></trkpt>
    <trkpt lat="52.3951209" lon="5.6927720"><ele>-4.2</ele><time>2025-09-21T09:18:15Z</time></trkpt>
    <trkpt lat="52.3951182" lon="5.6928757"><ele>-3.7</ele><time>2025-09-21T09:18:16Z</time></trkpt>
    <trkpt lat="52.3950907" lon="5.6930307"><ele>-3.7</ele><time>2025-09-21T09:18:18Z</time></trkpt>
    <trkpt lat="52.3951040" lon="5.6931879"><ele>-4.1</ele><time>2025-09-21T09:18:19Z</time></trkpt>
    <trkpt lat="52.3951274" lon="5.6933123"><ele>-4.2</ele><time>2025-09-21T09:18:20Z</time></trkpt>
    <trkpt lat="52.3951382" lon="5.6935251"><ele>-3.3</ele><time>2025-09-21T09:18:21Z</time></trkpt>
    <trkpt lat="52.3951202" lon="5.6936381"><ele>-3.7</ele><time>2025-09-21T09:18:23Z</time></trkpt>
    <trkpt lat="52.3951177" lon="5.6937986"><ele>-4.0</ele><time>2025-09-21T09:18:24Z</time></trkpt>
    <trkpt lat="52.3951327" lon="5.6939228"><ele>-3.9</ele><time>2025-09-21T09:18:25Z</time></trkpt>
    <trkpt lat="52.3951382" lon="5.6940132"><ele>-3.8</ele><time>2025-09-21T09:18:26Z</time></trkpt>
    <trkpt lat="52.3951467" lon="5.6941954"><ele>-4.1</ele><time>2025-09-21T09:18:28Z</time></trkpt>
    <trkpt lat="52.3951281" lon="5.6943947"><ele>-4.0</ele><time>2025-09-21T09:18:29Z</time></trkpt>
    <trkpt lat="52.3951306" lon="5.6945109"><ele>-3.7</ele><time>2025-09-21T09:18:30Z</time></trkpt>
    <trkpt lat="52.3951136" lon="5.6946283"><ele>-4.5</ele><time>2025-09-21T09:18:31Z</time></trkpt>
    <trkpt lat="52.3951180" lon="5.6948103"><ele>-4.1</ele><time>2025-09-21T09:18:33Z</time></trkpt>
    <trkpt lat="52.3951114" lon="5.6949265"><ele>-4.4</ele><time>2025-09-21T09:18:34Z</time></trkpt>
    <trkpt lat="52.3951155" lon="5.6950811"><ele>-3.7</ele><time>2025-09-21T09:18:35Z</time></trkpt>
    <trkpt lat="52.3951330" lon="5.6952444"><ele>-4.1</ele><time>2025-09-21T09:18:36Z</time></trkpt>
    <trkpt lat="52.3950988" lon="5.6953760"><ele>-4.2</ele><time>2025-09-21T09:18:38Z</time></trkpt>
    <trkpt lat="52.3951335" lon="5.6955070"><ele>-4.3</ele><time>2025-09-21T09:18:39Z</time></trkpt>
    <trkpt lat="52.3951005" lon="5.6956749"><ele>-3.9</ele><time>2025-09-21T09:18:40Z</time></trkpt>
    <trkpt lat="52.3950908" lon="5.6958248"><ele>-4.4</ele><time>2025-09-21T09:18:41Z</time></trkpt>
    <trkpt lat="52.3951274" lon="5.6959473"><ele>-3.2</ele><time>2025-09-21T09:18:43Z</time></trkpt>
    <trkpt lat="52.3951453" lon="5.6960985"><ele>-3.8</ele><time>2025-09-21T09:18:44Z</time></trkpt>
    <trkpt lat="52.3951067" lon="5.6962488"><ele>-4.5</ele><time>2025-09-21T09:18:45Z</time></trkpt>
    <trkpt lat="52.3951204" lon="5.6964122"><ele>-3.9</ele><time>2025-09-21T09:18:46Z</time></trkpt>
    <trkpt lat="52.3951224" lon="5.6965594"><ele>-4.2</ele><time>2025-09-21T09:18:48Z</time></trkpt>
    <trkpt lat="52.3951139" lon="5.6967103"><ele>-4.2</ele><time>2025-09-21T09:18:49Z</time></trkpt>
    <trkpt lat="52.3951271" lon="5.6968289"><ele>-4.0</ele><time>2025-09-21T09:18:50Z</time></trkpt>
    <trkpt lat="52.3951208" lon="5.6970123"><ele>-4.5</ele><time>2025-09-21T09:18:51Z</time></trkpt>
    <trkpt lat="52.3951305" lon="5.6971277"><ele>-4.5</ele><time>2025-09-21T09:18:53Z</time></trkpt>
    <trkpt lat="52.3951263" lon="5.6972925"><ele>-3.9</ele><time>2025-09-21T09:18:54Z</time></trkpt>
    <trkpt lat="52.3951410" lon="5.6974139"><ele>-4.8</ele><time>2025-09-21T09:18:55Z</time></trkpt>
    <trkpt lat="52.3951268" lon="5.6976055"><ele>-3.7</ele><time>2025-09-21T09:18:56Z</time></trkpt>
    <trkpt lat="52.3951271" lon="5.6977196"><ele>-4.5</ele><time>2025-09-21T09:18:58Z</time></trkpt>
    <trkpt lat="52.3950997" lon="5.6978646"><ele>-4.1</ele><time>2025-09-21T09:18:59Z</time></trkpt>
    <trkpt lat="52.3951382" lon="5.6980114"><ele>-3.5</ele><time>2025-09-21T09:19:00Z</time></trkpt>
    <trkpt lat="52.3951401" lon="5.6981453"><ele>-4.0</ele><time>2025-09-21T09:19:01Z</time></trkpt>
    <trkpt lat="52.3950988" lon="5.6982914"><ele>-4.2</ele><time>2025-09-21T09:19:03Z</time></trkpt>
    <trkpt lat="52.3951362" lon="5.6984534"><ele>-4.4</ele><time>2025-09-21T09:19:04Z</time></trkpt>
    <trkpt lat="52.3951012" lon="5.6986453"><ele>-4.2</ele><time>2025-09-21T09:19:05Z</time></trkpt>
    <trkpt lat="52.3951439" lon="5.6987639"><ele>-3.9</ele><time>2025-09-21T09:19:06Z</time></trkpt>
    <trkpt lat="52.3951290" lon="5.6988928"><ele>-4.1</ele><time>2025-09-21T09:19:08Z</time></trkpt>
    <trkpt lat="52.3951139" lon="5.6990597"><ele>-4.5</ele><time>2025-09-21T09:19:09Z</time></trkpt>
    <trkpt lat="52.3951050" lon="5.6991709"><ele>-4.1</ele><time>2025-09-21T09:19:10Z</time></trkpt>
    <trkpt lat="52.3951122" lon="5.6993583"><ele>-3.9</ele><time>2025-09-21T09:19:11Z</time></trkpt>
    <trkpt lat="52.3951133" lon="5.6994639"><ele>-4.4</ele><time>2025-09-21T09:19:13Z</time></trkpt>
    <trkpt lat="52.3951052" lon="5.6996136"><ele>-4.1</ele><time>2025-09-21T09:19:14Z</time></trkpt>
    <trkpt lat="52.3951201" lon="5.6997758"><ele>-4.3</ele><time>2025-09-21T09:19:15Z</time></trkpt>
    <trkpt lat="52.3951371" lon="5.6999111"><ele>-4.4</ele><time>2025-09-21T09:19:16Z</time></trkpt>
    <trkpt lat="52.3951527" lon="5.7001151"><ele>-3.8</ele><time>2025-09-21T09:19:18Z</time></trkpt>
    <trkpt lat="52.3951761" lon="5.7002140"><ele>-4.3</ele><time>2025-09-21T09:19:19Z</time></trkpt>
    <trkpt lat="52.3951093" lon="5.7003881"><ele>-5.1</ele><time>2025-09-21T09:19:20Z</time></trkpt>
    <trkpt lat="52.3951264" lon="5.7005135"><ele>-4.2</ele><time>2025-09-21T09:19:21Z</time></trkpt>
    <trkpt lat="52.3951307" lon="5.7006966"><ele>-3.9</ele><time>2025-09-21T09:19:23Z</time></trkpt>
    <trkpt lat="52.3951163" lon="5.7008601"><ele>-4.0</ele><time>2025-09-21T09:19:24Z</time></trkpt>
    <trkpt lat="52.3951159" lon="5.7009822"><ele>-4.1</ele><time>2025-09-21T09:19:25Z</time></trkpt>
    <trkpt lat="52.3950997" lon="5.7011359"><ele>-4.1</ele><time>2025-09-21T09:19:26Z</time></trkpt>
    <trkpt lat="52.3951556" lon="5.7012615"><ele>-4.1</ele><time>2025-09-21T09:19:28Z</time></trkpt>
    <trkpt lat="52.3952080" lon="5.7013827"><ele>-3.6</ele><time>2025-09-21T09:19:29Z</time></trkpt>
    <trkpt lat="52.3952849" lon="5.7014426"><ele>-4.4</ele><time>2025-09-21T09:19:30Z</time></trkpt>
    <trkpt lat="52.3953631" lon="5.7014788"><ele>-4.9</ele><time>2025-09-21T09:19:32Z</time></trkpt>
    <trkpt lat="52.3954544" lon="5.7014328"><ele>-4.7</ele><time>2025-09-21T09:19:33Z</time></trkpt>
    <trkpt lat="52.3955511" lon="5.7014504"><ele>-4.2</ele><time>2025-09-21T09:19:34Z</time></trkpt>
    <trkpt lat="52.3956582" lon="5.7014438"><ele>-3.9</ele><time>2025-09-21T09:19:35Z</time></trkpt>
    <trkpt lat="52.3957441" lon="5.7014645"><ele>-4.3</ele><time>2025-09-21T09:19:37Z</time></trkpt>
    <trkpt lat="52.3958367" lon="5.7014644"><ele>-4.0</ele><time>2025-09-21T09:19:38Z</time></trkpt>
    <trkpt lat="52.3958903" lon="5.7014621"><ele>-4.4</ele><time>2025-09-21T09:19:39Z</time></trkpt>
    <trkpt lat="52.3960098" lon="5.7014439"><ele>-4.2</ele><time>2025-09-21T09:19:40Z</time></trkpt>
    <trkpt lat="52.3960684" lon="5.7014671"><ele>-4.1</ele><time>2025-09-21T09:19:42Z</time></trkpt>
    <trkpt lat="52.3961998" lon="5.7014719"><ele>-3.8</ele><time>2025-09-21T09:19:43Z</time></trkpt>
    <trkpt lat="52.3962945" lon="5.7014140"><ele>-3.4</ele><time>2025-09-21T09:19:44Z</time></trkpt>
    <trkpt lat="52.3963643" lon="5.7014857"><ele>-4.4</ele><time>2025-09-21T09:19:45Z</time></trkpt>
    <trkpt lat="52.3964484" lon="5.7014368"><ele>-3.7</ele><time>2025-09-21T09:19:47Z</time></trkpt>
    <trkpt lat="52.3965424" lon="5.7014731"><ele>-4.2</ele><time>2025-09-21T09:19:48Z</time></trkpt>
    <trkpt lat="52.3966033" lon="5.7014409"><ele>-4.1</ele><time>2025-09-21T09:19:49Z</time></trkpt>
    <trkpt lat="52.3967193" lon="5.7014353"><ele>-3.8</ele><time>2025-09-21T09:19:50Z</time></trkpt>
    <trkpt lat="52.3967945" lon="5.7014496"><ele>-4.2</ele><time>2025-09-21T09:19:52Z</time></trkpt>
    <trkpt lat="52.3968963" lon="5.7014494"><ele>-4.1</ele><time>2025-09-21T09:19:53Z</time></trkpt>
    <trkpt lat="52.3969993" lon="5.7014607"><ele>-3.6</ele><time>2025-09-21T09:19:54Z</time></trkpt>
    <trkpt lat="52.3970403" lon="5.7014295"><ele>-4.5</ele><time>2025-09-21T09:19:55Z</time></trkpt>
    <trkpt lat="52.3971526" lon="5.7014211"><ele>-3.8</ele><time>2025-09-21T09:19:57Z</time></trkpt>
    <trkpt lat="52.3972579" lon="5.7014586"><ele>-4.4</ele><time>2025-09-21T09:19:58Z</time></trkpt>
    <trkpt lat="52.3973694" lon="5.7014844"><ele>-4.9</ele><time>2025-09-21T09:19:59Z</time></trkpt>
    <trkpt lat="52.3974369" lon="5.7014871"><ele>-4.9</ele><time>2025-09-21T09:20:00Z</time></trkpt>
    <trkpt lat="52.3975293" lon="5.7014369"><ele>-4.1</ele><time>2025-09-21T09:20:02Z</time></trkpt>
    <trkpt lat="52.3976302" lon="5.7014417"><ele>-4.4</ele><time>2025-09-21T09:20:03Z</time></trkpt>
    <trkpt lat="52.3976906" lon="5.7014727"><ele>-4.3</ele><time>2025-09-21T09:20:04Z</time></trkpt>
    <trkpt lat="52.3977766" lon="5.7015038"><ele>-4.2</ele><time>2025-09-21T09:20:05Z</time></trkpt>
    <trkpt lat="52.3978972" lon="5.7014610"><ele>-4.0</ele><time>2025-09-21T09:20:07Z</time></trkpt>
    <trkpt lat="52.3979808" lon="5.7014854"><ele>-5.0</ele><time>2025-09-21T09:20:08Z</time></trkpt>
    <trkpt lat="52.3980959" lon="5.7014925"><ele>-4.6</ele><time>2025-09-21T09:20:09Z</time></trkpt>
    <trkpt lat="52.3981638" lon="5.7014540"><ele>-4.9</ele><time>2025-09-21T09:20:10Z</time></trkpt>
    <trkpt lat="52.3982511" lon="5.7014674"><ele>-4.3</ele><time>2025-09-21T09:20:12Z</time></trkpt>
    <trkpt lat="52.3983496" lon="5.7014609"><ele>-4.4</ele><time>2025-09-21T09:20:13Z</time></trkpt>
    <trkpt lat="52.3984217" lon="5.7014947"><ele>-4.6</ele><time>2025-09-21T09:20:14Z</time></trkpt>
    <trkpt lat="52.3985270" lon="5.7014852"><ele>-4.9</ele><time>2025-09-21T09:20:15Z</time></trkpt>
    <trkpt lat="52.3986046" lon="5.7014394"><ele>-4.0</ele><time>2025-09-21T09:20:17Z</time></trkpt>
    <trkpt lat="52.3986914" lon="5.7014592"><ele>-4.4</ele><time>2025-09-21T09:20:18Z</time></trkpt>
    <trkpt lat="52.3987598" lon="5.7014946"><ele>-4.5</ele><time>2025-09-21T09:20:19Z</time></trkpt>
    <trkpt lat="52.3988824" lon="5.7014459"><ele>-3.7</ele><time>2025-09-21T09:20:20Z</time></trkpt>
    <trkpt lat="52.3989690" lon="5.7014940"><ele>-4.4</ele><time>2025-09-21T09:20:22Z</time></trkpt>
    <trkpt lat="52.3990520" lon="5.7014922"><ele>-4.6</ele><time>2025-09-21T09:20:23Z</time></trkpt>
    <trkpt lat="52.3991559" lon="5.7014811"><ele>-3.9</ele><time>2025-09-21T09:20:24Z</time></trkpt>
    <trkpt lat="52.3992307" lon="5.7014320"><ele>-4.4</ele><time>2025-09-21T09:20:25Z</time></trkpt>
    <trkpt lat="52.3993272" lon="5.7014716"><ele>-4.8</ele><time>2025-09-21T09:20:27Z</time></trkpt>
    <trkpt lat="52.3994003" lon="5.7014356"><ele>-4.9</ele><time>2025-09-21T09:20:28Z</time></trkpt>
    <trkpt lat="52.3995061" lon="5.7015055"><ele>-5.1</ele><time>2025-09-21T09:20:29Z</time></trkpt>
    <trkpt lat="52.3995965" lon="5.7014447"><ele>-3.9</ele><time>2025-09-21T09:20:30Z</time></trkpt>
    <trkpt lat="52.3996962" lon="5.7015008"><ele>-4.7</ele><time>2025-09-21T09:20:32Z</time></trkpt>
    <trkpt lat="52.3997605" lon="5.7014782"><ele>-4.1</ele><time>2025-09-21T09:20:33Z</time></trkpt>
    <trkpt lat="52.3998847" lon="5.7014645"><ele>-4.6</ele><time>2025-09-21T09:20:34Z</time></trkpt>
    <trkpt lat="52.3999656" lon="5.7014958"><ele>-4.8</ele><time>2025-09-21T09:20:35Z</time></trkpt>
    <trkpt lat="52.4000477" lon="5.7014366"><ele>-4.1</ele><time>2025-09-21T09:20:37Z</time></trkpt>
    <trkpt lat="52.4001397" lon="5.7014390"><ele>-5.0</ele><time>2025-09-21T09:20:38Z</time></trkpt>
    <trkpt lat="52.4002118" lon="5.7015007"><ele>-4.1</ele><time>2025-09-21T09:20:39Z</time></trkpt>
    <trkpt lat="52.4003239" lon="5.7014577"><ele>-4.0</ele><time>2025-09-21T09:20:40Z</time></trkpt>
    <trkpt lat="52.4004100" lon="5.7014327"><ele>-4.2</ele><time>2025-09-21T09:20:42Z</time></trkpt>
    <trkpt lat="52.4005040" lon="5.7014528"><ele>-4.1</ele><time>2025-09-21T09:20:43Z</time></trkpt>
    <trkpt lat="52.4005572" lon="5.7014902"><ele>-4.2</ele><time>2025-09-21T09:20:44Z</time></trkpt>
    <trkpt lat="52.4006732" lon="5.7014610"><ele>-3.6</ele><time>2025-09-21T09:20:45Z</time></trkpt>
    <trkpt lat="52.4007803" lon="5.7014814"><ele>-4.6</ele><time>2025-09-21T09:20:47Z</time></trkpt>
    <trkpt lat="52.4008423" lon="5.7014618"><ele>-4.4</ele><time>2025-09-21T09:20:48Z</time></trkpt>
    <trkpt lat="52.4009588" lon="5.7014654"><ele>-4.6</ele><time>2025-09-21T09:20:49Z</time></trkpt>
    <trkpt lat="52.4010252" lon="5.7014990"><ele>-3.5</ele><time>2025-09-21T09:20:50Z</time></trkpt>
    <trkpt lat="52.4011148" lon="5.7014595"><ele>-4.2</ele><time>2025-09-21T09:20:52Z</time></trkpt>
    <trkpt lat="52.4012043" lon="5.7014683"><ele>-3.9</ele><time>2025-09-21T09:20:53Z</time></trkpt>
    <trkpt lat="52.4013181" lon="5.7014848"><ele>-4.8</ele><time>2025-09-21T09:20:54Z</time></trkpt>
    <trkpt lat="52.4013668" lon="5.7014953"><ele>-4.2</ele><time>2025-09-21T09:20:55Z</time></trkpt>
    <trkpt lat="52.4014727" lon="5.7014617"><ele>-4.1</ele><time>2025-09-21T09:20:57Z</time></trkpt>
    <trkpt lat="52.4015647" lon="5.7014492"><ele>-4.7</ele><time>2025-09-21T09:20:58Z</time></trkpt>
    <trkpt lat="52.4016776" lon="5.7014944"><ele>-4.3</ele><time>2025-09-21T09:20:59Z</time></trkpt>
    <trkpt lat="52.4017447" lon="5.7014743"><ele>-3.8</ele><time>2025-09-21T09:21:00Z</time></trkpt>
    <trkpt lat="52.4018344" lon="5.7014905"><ele>-4.7</ele><time>2025-09-21T09:21:02Z</time></trkpt>
    <trkpt lat="52.4019167" lon="5.7015017"><ele>-4.0</ele><time>2025-09-21T09:21:03Z</time></trkpt>
    <trkpt lat="52.4020012" lon="5.7014973"><ele>-4.2</ele><time>2025-09-21T09:21:04Z</time></trkpt>
    <trkpt lat="52.4021261" lon="5.7014867"><ele>-3.7</ele><time>2025-09-21T09:21:05Z</time></trkpt>
    <trkpt lat="52.4022090" lon="5.7014562"><ele>-4.1</ele><time>2025-09-21T09:21:07Z</time></trkpt>
    <trkpt lat="52.4022967" lon="5.7015035"><ele>-4.1</ele><time>2025-09-21T09:21:08Z</time></trkpt>
    <trkpt lat="52.4023875" lon="5.7014468"><ele>-4.3</ele><time>2025-09-21T09:21:09Z</time></trkpt>
    <trkpt lat="52.4024543" lon="5.7014833"><ele>-4.6</ele><time>2025-09-21T09:21:10Z</time></trkpt>
    <trkpt lat="52.4025517" lon="5.7014770"><ele>-3.9</ele><time>2025-09-21T09:21:12Z</time></trkpt>
    <trkpt lat="52.4026477" lon="5.7014922"><ele>-3.7</ele><time>2025-09-21T09:21:13Z</time></trkpt>
    <trkpt lat="52.4027488" lon="5.7014839"><ele>-4.1</ele><time>2025-09-21T09:21:14Z</time></trkpt>
    <trkpt lat="52.4028206" lon="5.7015165"><ele>-3.9</ele><time>2025-09-21T09:21:15Z</time></trkpt>
    <trkpt lat="52.4029101" lon="5.7014879"><ele>-4.0</ele><time>2025-09-21T09:21:17Z</time></trkpt>
    <trkpt lat="52.4030013" lon="5.7014718"><ele>-4.4</ele><time>2025-09-21T09:21:18Z</time></trkpt>
    <trkpt lat="52.4030935" lon="5.7014787"><ele>-4.6</ele><time>2025-09-21T09:21:19Z</time></trkpt>
    <trkpt lat="52.4031902" lon="5.7014764"><ele>-4.6</ele><time>2025-09-21T09:21:20Z</time></trkpt>
    <trkpt lat="52.4032661" lon="5.7014560"><ele>-4.5</ele><time>2025-09-21T09:21:22Z</time></trkpt>
    <trkpt lat="52.4033765" lon="5.7014975"><ele>-4.7</ele><time>2025-09-21T09:21:23Z</time></trkpt>
    <trkpt lat="52.4034571" lon="5.7014752"><ele>-4.2</ele><time>2025-09-21T09:21:24Z</time></trkpt>
    <trkpt lat="52.4035256" lon="5.7014842"><ele>-4.8</ele><time>2025-09-21T09:21:25Z</time></trkpt>
    <trkpt lat="52.4036357" lon="5.7014813"><ele>-4.0</ele><time>2025-09-21T09:21:27Z</time></trkpt>
    <trkpt lat="52.4037029" lon="5.7014576"><ele>-3.3</ele><time>2025-09-21T09:21:28Z</time></trkpt>
    <trkpt lat="52.4038136" lon="5.7015139"><ele>-3.7</ele><time>2025-09-21T09:21:29Z</time></trkpt>
    <trkpt lat="52.4038979" lon="5.7014642"><ele>-4.0</ele><time>2025-09-21T09:21:30Z</time></trkpt>
    <trkpt lat="52.4039832" lon="5.7014277"><ele>-4.9</ele><time>2025-09-21T09:21:32Z</time></trkpt>
    <trkpt lat="52.4040725" lon="5.7015107"><ele>-4.3</ele><time>2025-09-21T09:21:33Z</time></trkpt>
    <trkpt lat="52.4041825" lon="5.7014782"><ele>-4.2</ele><time>2025-09-21T09:21:34Z</time></trkpt>
    <trkpt lat="52.4042736" lon="5.7014998"><ele>-4.5</ele><time>2025-09-21T09:21:35Z</time></trkpt>
    <trkpt lat="52.4043633" lon="5.7014796"><ele>-4.1</ele><time>2025-09-21T09:21:37Z</time></trkpt>
    <trkpt lat="52.4044453" lon="5.7015055"><ele>-4.5</ele><time>2025-09-21T09:21:38Z</time></trkpt>
    <trkpt lat="52.4045465" lon="5.7014275"><ele>-4.4</ele><time>2025-09-21T09:21:39Z</time></trkpt>
    <trkpt lat="52.4046142" lon="5.7014970"><ele>-4.4</ele><time>2025-09-21T09:21:40Z</time></trkpt>
    <trkpt lat="52.4047054" lon="5.7014613"><ele>-4.8</ele><time>2025-09-21T09:21:42Z</time></trkpt>
    <trkpt lat="52.4047988" lon="5.7014731"><ele>-4.0</ele><time>2025-09-21T09:21:43Z</time></trkpt>
    <trkpt lat="52.4049073" lon="5.7014879"><ele>-4.5</ele><time>2025-09-21T09:21:44Z</time></trkpt>
    <trkpt lat="52.4049851" lon="5.7014912"><ele>-4.9</ele><time>2025-09-21T09:21:45Z</time></trkpt>
    <trkpt lat="52.4050760" lon="5.7014574"><ele>-4.1</ele><time>2025-09-21T09:21:47Z</time></trkpt>
    <trkpt lat="52.4051930" lon="5.7014492"><ele>-4.3</ele><time>2025-09-21T09:21:48Z</time></trkpt>
    <trkpt lat="52.4052596" lon="5.7014619"><ele>-4.5</ele><time>2025-09-21T09:21:49Z</time></trkpt>
    <trkpt lat="52.4053253" lon="5.7014825"><ele>-4.1</ele><time>2025-09-21T09:21:50Z</time></trkpt>
    <trkpt lat="52.4054696" lon="5.7014868"><ele>-4.4</ele><time>2025-09-21T09:21:52Z</time></trkpt>
    <trkpt lat="52.4055472" lon="5.7014883"><ele>-4.6</ele><time>2025-09-21T09:21:53Z</time></trkpt>
    <trkpt lat="52.4056209" lon="5.7014987"><ele>-4.6</ele><time>2025-09-21T09:21:54Z</time></trkpt>
    <trkpt lat="52.4057383" lon="5.7014596"><ele>-4.3</ele><time>2025-09-21T09:21:55Z</time></trkpt>
    <trkpt lat="52.4058031" lon="5.7014957"><ele>-5.1</ele><time>2025-09-21T09:21:57Z</time></trkpt>
    <trkpt lat="52.4058819" lon="5.7014785"><ele>-3.7</ele><time>2025-09-21T09:21:58Z</time></trkpt>
    <trkpt lat="52.4059600" lon="5.7014999"><ele>-4.3</ele><time>2025-09-21T09:21:59Z</time></trkpt>
    <trkpt lat="52.4060682" lon="5.7014266"><ele>-4.4</ele><time>2025-09-21T09:22:00Z</time></trkpt>
    <trkpt lat="52.4061703" lon="5.7015053"><ele>-4.8</ele><time>2025-09-21T09:22:02Z</time></trkpt>
    <trkpt lat="52.4062433" lon="5.7014897"><ele>-4.4</ele><time>2025-09-21T09:22:03Z</time></trkpt>
    <trkpt lat="52.4063337" lon="5.7014792"><ele>-3.9</ele><time>2025-09-21T09:22:04Z</time></trkpt>
    <trkpt lat="52.4064596" lon="5.7014748"><ele>-5.2</ele><time>2025-09-21T09:22:05Z</time></trkpt>
    <trkpt lat="52.4065123" lon="5.7014691"><ele>-4.7</ele><time>2025-09-21T09:22:07Z</time></trkpt>
    <trkpt lat="52.4065837" lon="5.7014286"><ele>-4.3</ele><time>2025-09-21T09:22:08Z</time></trkpt>
    <trkpt lat="52.4067244" lon="5.7014595"><ele>-4.5</ele><time>2025-09-21T09:22:09Z</time></trkpt>
    <trkpt lat="52.4067700" lon="5.7014877"><ele>-4.8</ele><time>2025-09-21T09:22:10Z</time></trkpt>
    <trkpt lat="52.4068591" lon="5.7015157"><ele>-4.4</ele><time>2025-09-21T09:22:12Z</time></trkpt>
    <trkpt lat="52.4069635" lon="5.7014915"><ele>-4.0</ele><time>2025-09-21T09:22:13Z</time></trkpt>
    <trkpt lat="52.4070525" lon="5.7015070"><ele>-4.0</ele><time>2025-09-21T09:22:14Z</time></trkpt>
    <trkpt lat="52.4071485" lon="5.7015099"><ele>-3.7</ele><time>2025-09-21T09:22:15Z</time></trkpt>
    <trkpt lat="52.4072565" lon="5.7014631"><ele>-4.6</ele><time>2025-09-21T09:22:17Z</time></trkpt>
    <trkpt lat="52.4073326" lon="5.7014899"><ele>-4.0</ele><time>2025-09-21T09:22:18Z</time></trkpt>
    <trkpt lat="52.4074130" lon="5.7015500"><ele>-3.9</ele><time>2025-09-21T09:22:19Z</time></trkpt>
    <trkpt lat="52.4075091" lon="5.7014402"><ele>-5.0</ele><time>2025-09-21T09:22:20Z</time></trkpt>
    <trkpt lat="52.4075793" lon="5.7014292"><ele>-3.9</ele><time>2025-09-21T09:22:22Z</time></trkpt>
    <trkpt lat="52.4076810" lon="5.7014826"><ele>-4.5</ele><time>2025-09-21T09:22:23Z</time></trkpt>
    <trkpt lat="52.4077606" lon="5.7014589"><ele>-4.3</ele><time>2025-09-21T09:22:24Z</time></trkpt>
    <trkpt lat="52.4078736" lon="5.7014222"><ele>-4.5</ele><time>2025-09-21T09:22:25Z</time></trkpt>
    <trkpt lat="52.4079446" lon="5.7014783"><ele>-3.9</ele><time>2025-09-21T09:22:27Z</time></trkpt>
    <trkpt lat="52.4080572" lon="5.7014744"><ele>-4.9</ele><time>2025-09-21T09:22:28Z</time></trkpt>
    <trkpt lat="52.4081417" lon="5.7014893"><ele>-4.2</ele><time>2025-09-21T09:22:29Z</time></trkpt>
    <trkpt lat="52.4082060" lon="5.7014781"><ele>-3.8</ele><time>2025-09-21T09:22:30Z</time></trkpt>
    <trkpt lat="52.4083346" lon="5.7014504"><ele>-3.5</ele><time>2025-09-21T09:22:32Z</time></trkpt>
    <trkpt lat="52.4084114" lon="5.7014639"><ele>-3.8</ele><time>2025-09-21T09:22:33Z</time></trkpt>
    <trkpt lat="52.4084820" lon="5.7014544"><ele>-3.7</ele><time>2025-09-21T09:22:34Z</time></trkpt>
    <trkpt lat="52.4085994" lon="5.7015085"><ele>-4.5</ele><time>2025-09-21T09:22:35Z</time></trkpt>
    <trkpt lat="52.4086617" lon="5.7014774"><ele>-5.2</ele><time>2025-09-21T09:22:37Z</time></trkpt>
    <trkpt lat="52.4087876" lon="5.7014833"><ele>-4.2</ele><time>2025-09-21T09:22:38Z</time></trkpt>
    <trkpt lat="52.4088480" lon="5.7015104"><ele>-4.8</ele><time>2025-09-21T09:22:39Z</time></trkpt>
    <trkpt lat="52.4089145" lon="5.7014683"><ele>-4.7</ele><time>2025-09-21T09:22:40Z</time></trkpt>
    <trkpt lat="52.4090323" lon="5.7014395"><ele>-3.7</ele><time>2025-09-21T09:22:42Z</time></trkpt>
    <trkpt lat="52.4091229" lon="5.7014754"><ele>-4.4</ele><time>2025-09-21T09:22:43Z</time></trkpt>
    <trkpt lat="52.4092064" lon="5.7014825"><ele>-4.2</ele><time>2025-09-21T09:22:44Z</time></trkpt>
    <trkpt lat="52.4093031" lon="5.7014385"><ele>-5.1</ele><time>2025-09-21T09:22:45Z</time></trkpt>
    <trkpt lat="52.4093712" lon="5.7014913"><ele>-4.3</ele><time>2025-09-21T09:22:47Z</time></trkpt>
    <trkpt lat="52.4094865" lon="5.7014874"><ele>-4.7</ele><time>2025-09-21T09:22:48Z</time></trkpt>
    <trkpt lat="52.4095703" lon="5.7014799"><ele>-4.6</ele><time>2025-09-21T09:22:49Z</time></trkpt>
    <trkpt lat="52.4096735" lon="5.7014651"><ele>-4.5</ele><time>2025-09-21T09:22:50Z</time></trkpt>
    <trkpt lat="52.4097442" lon="5.7014910"><ele>-4.7</ele><time>2025-09-21T09:22:52Z</time></trkpt>
    <trkpt lat="52.4098309" lon="5.7015237"><ele>-4.3</ele><time>2025-09-21T09:22:53Z</time></trkpt>
    <trkpt lat="52.4099374" lon="5.7014904"><ele>-4.2</ele><time>2025-09-21T09:22:54Z</time></trkpt>
    <trkpt lat="52.4100242" lon="5.7014536"><ele>-4.8</ele><time>2025-09-21T09:22:55Z</time></trkpt>
    <trkpt lat="52.4101194" lon="5.7014825"><ele>-5.2</ele><time>2025-09-21T09:22:57Z</time></trkpt>
    <trkpt lat="52.4102080" lon="5.7015038"><ele>-4.9</ele><time>2025-09-21T09:22:58Z</time></trkpt>
    <trkpt lat="52.4103039" lon="5.7015180"><ele>-4.6</ele><time>2025-09-21T09:22:59Z</time></trkpt>
    <trkpt lat="52.4103892" lon="5.7014623"><ele>-4.7</ele><time>2025-09-21T09:23:00Z</time></trkpt>
    <trkpt lat="52.4104597" lon="5.7014403"><ele>-4.3</ele><time>2025-09-21T09:23:02Z</time></trkpt>
    <trkpt lat="52.4105495" lon="5.7015147"><ele>-4.5</ele><time>2025-09-21T09:23:03Z</time></trkpt>
    <trkpt lat="52.4106465" lon="5.7014851"><ele>-4.5</ele><time>2025-09-21T09:23:04Z</time></trkpt>
    <trkpt lat="52.4107435" lon="5.7015071"><ele>-3.9</ele><time>2025-09-21T09:23:05Z</time></trkpt>
    <trkpt lat="52.4108434" lon="5.7014491"><ele>-4.7</ele><time>2025-09-21T09:23:07Z</time></trkpt>
    <trkpt lat="52.4109204" lon="5.7014662"><ele>-4.2</ele><time>2025-09-21T09:23:08Z</time></trkpt>
    <trkpt lat="52.4109940" lon="5.7015116"><ele>-4.3</ele><time>2025-09-21T09:23:09Z</time></trkpt>
    <trkpt lat="52.4110807" lon="5.7015128"><ele>-3.7</ele><time>2025-09-21T09:23:10Z</time></trkpt>
    <trkpt lat="52.4111622" lon="5.7014842"><ele>-4.6</ele><time>2025-09-21T09:23:12Z</time></trkpt>
    <trkpt lat="52.4112749" lon="5.7015065"><ele>-4.1</ele><time>2025-09-21T09:23:13Z</time></trkpt>
    <trkpt lat="52.4113643" lon="5.7015001"><ele>-5.0</ele><time>2025-09-21T09:23:14Z</time></trkpt>
    <trkpt lat="52.4114404" lon="5.7014965"><ele>-4.2</ele><time>2025-09-21T09:23:15Z</time></trkpt>
    <trkpt lat="52.4115469" lon="5.7014995"><ele>-4.2</ele><time>2025-09-21T09:23:17Z</time></trkpt>
    <trkpt lat="52.4116288" lon="5.7014973"><ele>-5.1</ele><time>2025-09-21T09:23:18Z</time></trkpt>
    <trkpt lat="52.4117259" lon="5.7014436"><ele>-3.6</ele><time>2025-09-21T09:23:19Z</time></trkpt>
    <trkpt lat="52.4118077" lon="5.7014759"><ele>-4.8</ele><time>2025-09-21T09:23:20Z</time></trkpt>
    <trkpt lat="52.4119051" lon="5.7014906"><ele>-4.4</ele><time>2025-09-21T09:23:22Z</time></trkpt>
    <trkpt lat="52.4119664" lon="5.7014912"><ele>-5.3</ele><time>2025-09-21T09:23:23Z</time></trkpt>
    <trkpt lat="52.4120908" lon="5.7014991"><ele>-4.7</ele><time>2025-09-21T09:23:24Z</time></trkpt>
    <trkpt lat="52.4121859" lon="5.7014924"><ele>-5.1</ele><time>2025-09-21T09:23:25Z</time></trkpt>
    <trkpt lat="52.4122614" lon="5.7014903"><ele>-4.6</ele><time>2025-09-21T09:23:27Z</time></trkpt>
    <trkpt lat="52.4123228" lon="5.7014787"><ele>-4.3</ele><time>2025-09-21T09:23:28Z</time></trkpt>
    <trkpt lat="52.4124354" lon="5.7014987"><ele>-4.4</ele><time>2025-09-21T09:23:29Z</time></trkpt>
    <trkpt lat="52.4125305" lon="5.7014786"><ele>-4.2</ele><time>2025-09-21T09:23:30Z</time></trkpt>
    <trkpt lat="52.4126593" lon="5.7014801"><ele>-4.2</ele><time>2025-09-21T09:23:32Z</time></trkpt>
    <trkpt lat="52.4127218" lon="5.7014605"><ele>-4.0</ele><time>2025-09-21T09:23:33Z</time></trkpt>
    <trkpt lat="52.4128154" lon="5.7014389"><ele>-4.7</ele><time>2025-09-21T09:23:34Z</time></trkpt>
    <trkpt lat="52.4128894" lon="5.7014851"><ele>-5.1</ele><time>2025-09-21T09:23:35Z</time></trkpt>
    <trkpt lat="52.4129839" lon="5.7014819"><ele>-4.5</ele><time>2025-09-21T09:23:37Z</time></trkpt>
    <trkpt lat="52.4130722" lon="5.7014628"><ele>-4.4</ele><time>2025-09-21T09:23:38Z</time></trkpt>
    <trkpt lat="52.4131784" lon="5.7014671"><ele>-4.3</ele><time>2025-09-21T09:23:39Z</time></trkpt>
    <trkpt lat="52.4132507" lon="5.7015133"><ele>-4.3</ele><time>2025-09-21T09:23:40Z</time></trkpt>
    <trkpt lat="52.4133509" lon="5.7015226"><ele>-4.5</ele><time>2025-09-21T09:23:42Z</time></trkpt>
    <trkpt lat="52.4134446" lon="5.7014853"><ele>-4.4</ele><time>2025-09-21T09:23:43Z</time></trkpt>
    <trkpt lat="52.4135165" lon="5.7014774"><ele>-4.1</ele><time>2025-09-21T09:23:44Z</time></trkpt>
    <trkpt lat="52.4136135" lon="5.7014735"><ele>-4.3</ele><time>2025-09-21T09:23:45Z</time></trkpt>
    <trkpt lat="52.4137182" lon="5.7014483"><ele>-4.5</ele><time>2025-09-21T09:23:47Z</time></trkpt>
    <trkpt lat="52.4138055" lon="5.7014781"><ele>-4.5</ele><time>2025-09-21T09:23:48Z</time></trkpt>
    <trkpt lat="52.4138938" lon="5.7014943"><ele>-4.1</ele><time>2025-09-21T09:23:49Z</time></trkpt>
    <trkpt lat="52.4139808" lon="5.7014984"><ele>-4.8</ele><time>2025-09-21T09:23:50Z</time></trkpt>
    <trkpt lat="52.4140762" lon="5.7014774"><ele>-4.5</ele><time>2025-09-21T09:23:52Z</time></trkpt>
    <trkpt lat="52.4141700" lon="5.7014773"><ele>-3.9</ele><time>2025-09-21T09:23:53Z</time></trkpt>
    <trkpt lat="52.4142429" lon="5.7015039"><ele>-3.8</ele><time>2025-09-21T09:23:54Z</time></trkpt>
    <trkpt lat="52.4143200" lon="5.7014865"><ele>-4.4</ele><time>2025-09-21T09:23:55Z</time></trkpt>
    <trkpt lat="52.4144281" lon="5.7014853"><ele>-4.7</ele><time>2025-09-21T09:23:57Z</time></trkpt>
    <trkpt lat="52.4145118" lon="5.7015310"><ele>-4.1</ele><time>2025-09-21T09:23:58Z</time></trkpt>
    <trkpt lat="52.4146419" lon="5.7015128"><ele>-4.6</ele><time>2025-09-21T09:23:59Z</time></trkpt>
    <trkpt lat="52.4146992" lon="5.7014877"><ele>-4.1</ele><time>2025-09-21T09:24:00Z</time></trkpt>
    <trkpt lat="52.4147886" lon="5.7015031"><ele>-3.9</ele><time>2025-09-21T09:24:02Z</time></trkpt>
    <trkpt lat="52.4148854" lon="5.7015233"><ele>-5.3</ele><time>2025-09-21T09:24:03Z</time></trkpt>
    <trkpt lat="52.4149508" lon="5.7014862"><ele>-4.7</ele><time>2025-09-21T09:24:04Z</time></trkpt>
    <trkpt lat="52.4150792" lon="5.7014849"><ele>-4.3</ele><time>2025-09-21T09:24:05Z</time></trkpt>
    <trkpt lat="52.4151457" lon="5.7014685"><ele>-4.1</ele><time>2025-09-21T09:24:07Z</time></trkpt>
    <trkpt lat="52.4152312" lon="5.7015298"><ele>-4.5</ele><time>2025-09-21T09:24:08Z</time></trkpt>
    <trkpt lat="52.4153207" lon="5.7014743"><ele>-4.5</ele><time>2025-09-21T09:24:09Z</time></trkpt>
    <trkpt lat="52.4153987" lon="5.7014656"><ele>-3.6</ele><time>2025-09-21T09:24:10Z</time></trkpt>
    <trkpt lat="52.4154812" lon="5.7015196"><ele>-3.8</ele><time>2025-09-21T09:24:12Z</time></trkpt>
    <trkpt lat="52.4155702" lon="5.7015170"><ele>-4.5</ele><time>2025-09-21T09:24:13Z</time></trkpt>
    <trkpt lat="52.4156476" lon="5.7015033"><ele>-4.7</ele><time>2025-09-21T09:24:14Z</time></trkpt>
    <trkpt lat="52.4157844" lon="5.7014856"><ele>-4.7</ele><time>2025-09-21T09:24:15Z</time></trkpt>
    <trkpt lat="52.4158673" lon="5.7015023"><ele>-4.9</ele><time>2025-09-21T09:24:17Z</time></trkpt>
    <trkpt lat="52.4159590" lon="5.7014650"><ele>-4.2</ele><time>2025-09-21T09:24:18Z</time></trkpt>
    <trkpt lat="52.4160393" lon="5.7015164"><ele>-4.8</ele><time>2025-09-21T09:24:19Z</time></trkpt>
    <trkpt lat="52.4161569" lon="5.7014551"><ele>-5.2</ele><time>2025-09-21T09:24:20Z</time></trkpt>
    <trkpt lat="52.4162218" lon="5.7014977"><ele>-5.2</ele><time>2025-09-21T09:24:22Z</time></trkpt>
    <trkpt lat="52.4163166" lon="5.7014939"><ele>-4.2</ele><time>2025-09-21T09:24:23Z</time></trkpt>
    <trkpt lat="52.4163904" lon="5.7014806"><ele>-4.6</ele><time>2025-09-21T09:24:24Z</time></trkpt>
    <trkpt lat="52.4164891" lon="5.7015019"><ele>-5.9</ele><time>2025-09-21T09:24:25Z</time></trkpt>
    <trkpt lat="52.4165699" lon="5.7014690"><ele>-4.6</ele><time>2025-09-21T09:24:27Z</time></trkpt>
    <trkpt lat="52.4166558" lon="5.7015073"><ele>-5.2</ele><time>2025-09-21T09:24:28Z</time></trkpt>
    <trkpt lat="52.4167647" lon="5.7014964"><ele>-4.2</ele><time>2025-09-21T09:24:29Z</time></trkpt>
    <trkpt lat="52.4168572" lon="5.7015244"><ele>-4.4</ele><time>2025-09-21T09:24:30Z</time></trkpt>
    <trkpt lat="52.4169485" lon="5.7015225"><ele>-5.2</ele><time>2025-09-21T09:24:32Z</time></trkpt>
    <trkpt lat="52.4170323" lon="5.7015473"><ele>-4.5</ele><time>2025-09-21T09:24:33Z</time></trkpt>
    <trkpt lat="52.4171130" lon="5.7014869"><ele>-4.9</ele><time>2025-09-21T09:24:34Z</time></trkpt>
    <trkpt lat="52.4172010" lon="5.7015104"><ele>-4.3</ele><time>2025-09-21T09:24:35Z</time></trkpt>
    <trkpt lat="52.4173114" lon="5.7014649"><ele>-4.2</ele><time>2025-09-21T09:24:37Z</time></trkpt>
    <trkpt lat="52.4173958" lon="5.7015222"><ele>-4.1</ele><time>2025-09-21T09:24:38Z</time></trkpt>
    <trkpt lat="52.4174851" lon="5.7015015"><ele>-4.0</ele><time>2025-09-21T09:24:39Z</time></trkpt>
    <trkpt lat="52.4175503" lon="5.7015041"><ele>-4.4</ele><time>2025-09-21T09:24:40Z</time></trkpt>
    <trkpt lat="52.4176866" lon="5.7015043"><ele>-4.3</ele><time>2025-09-21T09:24:42Z</time></trkpt>
    <trkpt lat="52.4177403" lon="5.7014730"><ele>-4.5</ele><time>2025-09-21T09:24:43Z</time></trkpt>
    <trkpt lat="52.4178487" lon="5.7015467"><ele>-4.6</ele><time>2025-09-21T09:24:44Z</time></trkpt>
    <trkpt lat="52.4179417" lon="5.7014837"><ele>-4.4</ele><time>2025-09-21T09:24:45Z</time></trkpt>
    <trkpt lat="52.4180101" lon="5.7015094"><ele>-4.4</ele><time>2025-09-21T09:24:47Z</time></trkpt>
    <trkpt lat="52.4181270" lon="5.7015379"><ele>-4.3</ele><time>2025-09-21T09:24:48Z</time></trkpt>
    <trkpt lat="52.4181938" lon="5.7014880"><ele>-5.0</ele><time>2025-09-21T09:24:49Z</time></trkpt>
    <trkpt lat="52.4182715" lon="5.7015123"><ele>-4.3</ele><time>2025-09-21T09:24:50Z</time></trkpt>
    <trkpt lat="52.4183854" lon="5.7014935"><ele>-4.0</ele><time>2025-09-21T09:24:52Z</time></trkpt>
    <trkpt lat="52.4184742" lon="5.7015104"><ele>-4.5</ele><time>2025-09-21T09:24:53Z</time></trkpt>
    <trkpt lat="52.4185596" lon="5.7014647"><ele>-4.0</ele><time>2025-09-21T09:24:54Z</time></trkpt>
    <trkpt lat="52.4186467" lon="5.7015245"><ele>-3.8</ele><time>2025-09-21T09:24:55Z</time></trkpt>
    <trkpt lat="52.4187528" lon="5.7014751"><ele>-4.3</ele><time>2025-09-21T09:24:57Z</time></trkpt>
    <trkpt lat="52.4188323" lon="5.7015075"><ele>-3.7</ele><time>2025-09-21T09:24:58Z</time></trkpt>
    <trkpt lat="52.4189329" lon="5.7014816"><ele>-4.3</ele><time>2025-09-21T09:24:59Z</time></trkpt>
    <trkpt lat="52.4190052" lon="5.7015008"><ele>-4.8</ele><time>2025-09-21T09:25:00Z</time></trkpt>
    <trkpt lat="52.4191068" lon="5.7014997"><ele>-4.2</ele><time>2025-09-21T09:25:02Z</time></trkpt>
    <trkpt lat="52.4192029" lon="5.7014976"><ele>-4.6</ele><time>2025-09-21T09:25:03Z</time></trkpt>
    <trkpt lat="52.4192933" lon="5.7015040"><ele>-4.7</ele><time>2025-09-21T09:25:04Z</time></trkpt>
    <trkpt lat="52.4193769" lon="5.7015066"><ele>-3.9</ele><time>2025-09-21T09:25:05Z</time></trkpt>
    <trkpt lat="52.4194352" lon="5.7015216"><ele>-3.9</ele><time>2025-09-21T09:25:07Z</time></trkpt>
    <trkpt lat="52.4195583" lon="5.7014892"><ele>-4.6</ele><time>2025-09-21T09:25:08Z</time></trkpt>
    <trkpt lat="52.4196169" lon="5.7015111"><ele>-3.7</ele><time>2025-09-21T09:25:09Z</time></trkpt>
    <trkpt lat="52.4197490" lon="5.7014986"><ele>-4.2</ele><time>2025-09-21T09:25:10Z</time></trkpt>
    <trkpt lat="52.4197929" lon="5.7015197"><ele>-4.7</ele><time>2025-09-21T09:25:12Z</time></trkpt>
    <trkpt lat="52.4199079" lon="5.7015243"><ele>-4.4</ele><time>2025-09-21T09:25:13Z</time></trkpt>
    <trkpt lat="52.4199981" lon="5.7015418"><ele>-4.6</ele><time>2025-09-21T09:25:14Z</time></trkpt>
    <trkpt lat="52.4200728" lon="5.7014994"><ele>-4.4</ele><time>2025-09-21T09:25:15Z</time></trkpt>
    <trkpt lat="52.4201710" lon="5.7015137"><ele>-4.5</ele><time>2025-09-21T09:25:17Z</time></trkpt>
    <trkpt lat="52.4202673" lon="5.7015030"><ele>-4.1</ele><time>2025-09-21T09:25:18Z</time></trkpt>
    <trkpt lat="52.4203464" lon="5.7015030"><ele>-4.8</ele><time>2025-09-21T09:25:19Z</time></trkpt>
    <trkpt lat="52.4204375" lon="5.7014986"><ele>-4.3</ele><time>2025-09-21T09:25:20Z</time></trkpt>
    <trkpt lat="52.4205293" lon="5.7014905"><ele>-3.8</ele><time>2025-09-21T09:25:22Z</time></trkpt>
    <trkpt lat="52.4206051" lon="5.7014925"><ele>-4.7</ele><time>2025-09-21T09:25:23Z</time></trkpt>
    <trkpt lat="52.4207128" lon="5.7015009"><ele>-4.2</ele><time>2025-09-21T09:25:24Z</time></trkpt>
    <trkpt lat="52.4208090" lon="5.7015174"><ele>-4.9</ele><time>2025-09-21T09:25:25Z</time></trkpt>
    <trkpt lat="52.4208850" lon="5.7015366"><ele>-4.6</ele><time>2025-09-21T09:25:27Z</time></trkpt>
    <trkpt lat="52.4209894" lon="5.7015051"><ele>-4.5</ele><time>2025-09-21T09:25:28Z</time></trkpt>
    <trkpt lat="52.4210876" lon="5.7014766"><ele>-4.9</ele><time>2025-09-21T09:25:29Z</time></trkpt>
    <trkpt lat="52.4211618" lon="5.7014828"><ele>-4.5</ele><time>2025-09-21T09:25:30Z</time></trkpt>
    <trkpt lat="52.4212425" lon="5.7015072"><ele>-4.7</ele><time>2025-09-21T09:25:32Z</time></trkpt>
    <trkpt lat="52.4213373" lon="5.7014898"><ele>-4.3</ele><time>2025-09-21T09:25:33Z</time></trkpt>
    <trkpt lat="52.4214459" lon="5.7015224"><ele>-4.1</ele><time>2025-09-21T09:25:34Z</time></trkpt>
    <trkpt lat="52.4215130" lon="5.7014570"><ele>-4.9</ele><time>2025-09-21T09:25:35Z</time></trkpt>
    <trkpt lat="52.4215967" lon="5.7015139"><ele>-4.3</ele><time>2025-09-21T09:25:37Z</time></trkpt>
    <trkpt lat="52.4216938" lon="5.7015368"><ele>-4.5</ele><time>2025-09-21T09:25:38Z</time></trkpt>
    <trkpt lat="52.4217804" lon="5.7015290"><ele>-4.7</ele><time>2025-09-21T09:25:39Z</time></trkpt>
    <trkpt lat="52.4218772" lon="5.7015273"><ele>-4.1</ele><time>2025-09-21T09:25:40Z</time></trkpt>
    <trkpt lat="52.4219781" lon="5.7014814"><ele>-4.3</ele><time>2025-09-21T09:25:42Z</time></trkpt>
    <trkpt lat="52.4220539" lon="5.7014761"><ele>-4.7</ele><time>2025-09-21T09:25:43Z</time></trkpt>
    <trkpt lat="52.4221435" lon="5.7015194"><ele>-4.4</ele><time>2025-09-21T09:25:44Z</time></trkpt>
    <trkpt lat="52.4222648" lon="5.7014808"><ele>-4.1</ele><time>2025-09-21T09:25:45Z</time></trkpt>
    <trkpt lat="52.4223259" lon="5.7015165"><ele>-4.4</ele><time>2025-09-21T09:25:47Z</time></trkpt>
    <trkpt lat="52.4224211" lon="5.7014739"><ele>-5.4</ele><time>2025-09-21T09:25:48Z</time></trkpt>
    <trkpt lat="52.4225115" lon="5.7014911"><ele>-3.8</ele><time>2025-09-21T09:25:49Z</time></trkpt>
    <trkpt lat="52.4226136" lon="5.7015301"><ele>-3.7</ele><time>2025-09-21T09:25:50Z</time></trkpt>
    <trkpt lat="52.4227012" lon="5.7015111"><ele>-4.6</ele><time>2025-09-21T09:25:52Z</time></trkpt>
    <trkpt lat="52.4227817" lon="5.7015220"><ele>-5.4</ele><time>2025-09-21T09:25:53Z</time></trkpt>
    <trkpt lat="52.4228930" lon="5.7015059"><ele>-4.9</ele><time>2025-09-21T09:25:54Z</time></trkpt>
    <trkpt lat="52.4229800" lon="5.7015226"><ele>-4.6</ele><time>2025-09-21T09:25:55Z</time></trkpt>
    <trkpt lat="52.4230429" lon="5.7015159"><ele>-4.8</ele><time>2025-09-21T09:25:57Z</time></trkpt>
    <trkpt lat="52.4231385" lon="5.7015314"><ele>-4.7</ele><time>2025-09-21T09:25:58Z</time></trkpt>
    <trkpt lat="52.4232395" lon="5.7015289"><ele>-4.2</ele><time>2025-09-21T09:25:59Z</time></trkpt>
    <trkpt lat="52.4233158" lon="5.7015596"><ele>-4.4</ele><time>2025-09-21T09:26:00Z</time></trkpt>
    <trkpt lat="52.4234044" lon="5.7014972"><ele>-4.1</ele><time>2025-09-21T09:26:02Z</time></trkpt>
    <trkpt lat="52.4235020" lon="5.7015240"><ele>-4.1</ele><time>2025-09-21T09:26:03Z</time></trkpt>
    <trkpt lat="52.4235824" lon="5.7014966"><ele>-4.4</ele><time>2025-09-21T09:26:04Z</time></trkpt>
    <trkpt lat="52.4236406" lon="5.7015038"><ele>-4.3</ele><time>2025-09-21T09:26:05Z</time></trkpt>
    <trkpt lat="52.4237620" lon="5.7015305"><ele>-5.2</ele><time>2025-09-21T09:26:07Z</time></trkpt>
    <trkpt lat="52.4238621" lon="5.7015405"><ele>-4.4</ele><time>2025-09-21T09:26:08Z</time></trkpt>
    <trkpt lat="52.4239509" lon="5.7015169"><ele>-4.8</ele><time>2025-09-21T09:26:09Z</time></trkpt>
    <trkpt lat="52.4240450" lon="5.7015037"><ele>-4.7</ele><time>2025-09-21T09:26:10Z</time></trkpt>
    <trkpt lat="52.4241363" lon="5.7015032"><ele>-4.5</ele><time>2025-09-21T09:26:12Z</time></trkpt>
    <trkpt lat="52.4242099" lon="5.7015111"><ele>-4.0</ele><time>2025-09-21T09:26:13Z</time></trkpt>
    <trkpt lat="52.4242873" lon="5.7014984"><ele>-5.0</ele><time>2025-09-21T09:26:14Z</time></trkpt>
    <trkpt lat="52.4243954" lon="5.7015139"><ele>-4.4</ele><time>2025-09-21T09:26:15Z</time></trkpt>
    <trkpt lat="52.4244980" lon="5.7015182"><ele>-3.9</ele><time>2025-09-21T09:26:17Z</time></trkpt>
    <trkpt lat="52.4245709" lon="5.7015076"><ele>-4.9</ele><time>2025-09-21T09:26:18Z</time></trkpt>
    <trkpt lat="52.4246314" lon="5.7015387"><ele>-4.5</ele><time>2025-09-21T09:26:19Z</time></trkpt>
    <trkpt lat="52.4247369" lon="5.7015499"><ele>-4.8</ele><time>2025-09-21T09:26:20Z</time></trkpt>
    <trkpt lat="52.4248577" lon="5.7015152"><ele>-4.1</ele><time>2025-09-21T09:26:22Z</time></trkpt>
    <trkpt lat="52.4249420" lon="5.7015027"><ele>-4.3</ele><time>2025-09-21T09:26:23Z</time></trkpt>
    <trkpt lat="52.4250308" lon="5.7015086"><ele>-4.7</ele><time>2025-09-21T09:26:24Z</time></trkpt>
    <trkpt lat="52.4251191" lon="5.7015121"><ele>-4.2</ele><time>2025-09-21T09:26:25Z</time></trkpt>
    <trkpt lat="52.4252068" lon="5.7015021"><ele>-4.4</ele><time>2025-09-21T09:26:27Z</time></trkpt>
    <trkpt lat="52.4252999" lon="5.7015028"><ele>-4.6</ele><time>2025-09-21T09:26:28Z</time></trkpt>
    <trkpt lat="52.4253850" lon="5.7015254"><ele>-4.3</ele><time>2025-09-21T09:26:29Z</time></trkpt>
    <trkpt lat="52.4254732" lon="5.7015038"><ele>-5.0</ele><time>2025-09-21T09:26:30Z</time></trkpt>
    <trkpt lat="52.4255877" lon="5.7014769"><ele>-3.9</ele><time>2025-09-21T09:26:32Z</time></trkpt>
    <trkpt lat="52.4256658" lon="5.7015061"><ele>-5.4</ele><time>2025-09-21T09:26:33Z</time></trkpt>
    <trkpt lat="52.4257425" lon="5.7015243"><ele>-4.9</ele><time>2025-09-21T09:26:34Z</time></trkpt>
    <trkpt lat="52.4258497" lon="5.7015318"><ele>-4.6</ele><time>2025-09-21T09:26:35Z</time></trkpt>
    <trkpt lat="52.4259263" lon="5.7015196"><ele>-5.0</ele><time>2025-09-21T09:26:37Z</time></trkpt>
    <trkpt lat="52.4259895" lon="5.7014920"><ele>-4.8</ele><time>2025-09-21T09:26:38Z</time></trkpt>
    <trkpt lat="52.4260952" lon="5.7015045"><ele>-4.9</ele><time>2025-09-21T09:26:39Z</time></trkpt>
    <trkpt lat="52.4261968" lon="5.7015171"><ele>-4.5</ele><time>2025-09-21T09:26:40Z</time></trkpt>
    <trkpt lat="52.4262802" lon="5.7015107"><ele>-4.8</ele><time>2025-09-21T09:26:42Z</time></trkpt>
    <trkpt lat="52.4263731" lon="5.7015527"><ele>-4.4</ele><time>2025-09-21T09:26:43Z</time></trkpt>
    <trkpt lat="52.4264468" lon="5.7015363"><ele>-4.6</ele><time>2025-09-21T09:26:44Z</time></trkpt>
    <trkpt lat="52.4265504" lon="5.7015327"><ele>-4.2</ele><time>2025-09-21T09:26:45Z</time></trkpt>
    <trkpt lat="52.4266454" lon="5.7015335"><ele>-4.0</ele><time>2025-09-21T09:26:47Z</time></trkpt>
    <trkpt lat="52.4267334" lon="5.7015429"><ele>-4.0</ele><time>2025-09-21T09:26:48Z</time></trkpt>
    <trkpt lat="52.4268220" lon="5.7015389"><ele>-5.0</ele><time>2025-09-21T09:26:49Z</time></trkpt>
    <trkpt lat="52.4269238" lon="5.7015225"><ele>-4.9</ele><time>2025-09-21T09:26:50Z</time></trkpt>
    <trkpt lat="52.4270102" lon="5.7014885"><ele>-4.2</ele><time>2025-09-21T09:26:52Z</time></trkpt>
    <trkpt lat="52.4270945" lon="5.7015189"><ele>-4.7</ele><time>2025-09-21T09:26:53Z</time></trkpt>
    <trkpt lat="52.4272050" lon="5.7015086"><ele>-5.2</ele><time>2025-09-21T09:26:54Z</time></trkpt>
    <trkpt lat="52.4272848" lon="5.7014962"><ele>-4.2</ele><time>2025-09-21T09:26:55Z</time></trkpt>
    <trkpt lat="52.4273589" lon="5.7015170"><ele>-4.4</ele><time>2025-09-21T09:26:57Z</time></trkpt>
    <trkpt lat="52.4274521" lon="5.7015230"><ele>-4.8</ele><time>2025-09-21T09:26:58Z</time></trkpt>
    <trkpt lat="52.4275847" lon="5.7015087"><ele>-4.6</ele><time>2025-09-21T09:26:59Z</time></trkpt>
    <trkpt lat="52.4276301" lon="5.7015801"><ele>-4.4</ele><time>2025-09-21T09:27:00Z</time></trkpt>
    <trkpt lat="52.4277126" lon="5.7015295"><ele>-4.4</ele><time>2025-09-21T09:27:02Z</time></trkpt>
    <trkpt lat="52.4277990" lon="5.7015343"><ele>-4.7</ele><time>2025-09-21T09:27:03Z</time></trkpt>
    <trkpt lat="52.4279142" lon="5.7014975"><ele>-4.6</ele><time>2025-09-21T09:27:04Z</time></trkpt>
    <trkpt lat="52.4280019" lon="5.7015382"><ele>-4.8</ele><time>2025-09-21T09:27:05Z</time></trkpt>
    <trkpt lat="52.4280597" lon="5.7015101"><ele>-4.0</ele><time>2025-09-21T09:27:07Z</time></trkpt>
    <trkpt lat="52.4281625" lon="5.7015236"><ele>-4.3</ele><time>2025-09-21T09:27:08Z</time></trkpt>
    <trkpt lat="52.4282689" lon="5.7015293"><ele>-4.9</ele><time>2025-09-21T09:27:09Z</time></trkpt>
    <trkpt lat="52.4283536" lon="5.7015354"><ele>-4.0</ele><time>2025-09-21T09:27:10Z</time></trkpt>
    <trkpt lat="52.4284195" lon="5.7015301"><ele>-4.7</ele><time>2025-09-21T09:27:12Z</time></trkpt>
    <trkpt lat="52.4285358" lon="5.7014891"><ele>-4.6</ele><time>2025-09-21T09:27:13Z</time></trkpt>
    <trkpt lat="52.4286430" lon="5.7015270"><ele>-5.1</ele><time>2025-09-21T09:27:14Z</time></trkpt>
    <trkpt lat="52.4287298" lon="5.7015322"><ele>-4.5</ele><time>2025-09-21T09:27:15Z</time></trkpt>
    <trkpt lat="52.4288048" lon="5.7015132"><ele>-4.9</ele><time>2025-09-21T09:27:17Z</time></trkpt>
    <trkpt lat="52.4289063" lon="5.7015332"><ele>-4.2</ele><time>2025-09-21T09:27:18Z</time></trkpt>
    <trkpt lat="52.4289892" lon="5.7015004"><ele>-4.6</ele><time>2025-09-21T09:27:19Z</time></trkpt>
    <trkpt lat="52.4290630" lon="5.7015236"><ele>-3.7</ele><time>2025-09-21T09:27:20Z</time></trkpt>
    <trkpt lat="52.4291585" lon="5.7014992"><ele>-3.8</ele><time>2025-09-21T09:27:22Z</time></trkpt>
    <trkpt lat="52.4292545" lon="5.7015221"><ele>-3.9</ele><time>2025-09-21T09:27:23Z</time></trkpt>
    <trkpt lat="52.4293568" lon="5.7015276"><ele>-4.4</ele><time>2025-09-21T09:27:24Z</time></trkpt>
    <trkpt lat="52.4294315" lon="5.7015088"><ele>-4.8</ele><time>2025-09-21T09:27:25Z</time></trkpt>
    <trkpt lat="52.4295252" lon="5.7015145"><ele>-4.7</ele><time>2025-09-21T09:27:27Z</time></trkpt>
    <trkpt lat="52.4296075" lon="5.7014749"><ele>-4.4</ele><time>2025-09-21T09:27:28Z</time></trkpt>
    <trkpt lat="52.4296973" lon="5.7015063"><ele>-4.7</ele><time>2025-09-21T09:27:29Z</time></trkpt>
    <trkpt lat="52.4297865" lon="5.7015329"><ele>-4.1</ele><time>2025-09-21T09:27:30Z</time></trkpt>
    <trkpt lat="52.4298651" lon="5.7015319"><ele>-4.5</ele><time>2025-09-21T09:27:32Z</time></trkpt>
    <trkpt lat="52.4299710" lon="5.7015182"><ele>-4.5</ele><time>2025-09-21T09:27:33Z</time></trkpt>
    <trkpt lat="52.4300526" lon="5.7014906"><ele>-3.8</ele><time>2025-09-21T09:27:34Z</time></trkpt>
    <trkpt lat="52.4301558" lon="5.7015177"><ele>-4.4</ele><time>2025-09-21T09:27:35Z</time></trkpt>
    <trkpt lat="52.4302377" lon="5.7015262"><ele>-4.6</ele><time>2025-09-21T09:27:37Z</time></trkpt>
    <trkpt lat="52.4303428" lon="5.7015521"><ele>-4.5</ele><time>2025-09-21T09:27:38Z</time></trkpt>
    <trkpt lat="52.4303959" lon="5.7015131"><ele>-3.7</ele><time>2025-09-21T09:27:39Z</time></trkpt>
    <trkpt lat="52.4304982" lon="5.7015406"><ele>-5.0</ele><time>2025-09-21T09:27:40Z</time></trkpt>
    <trkpt lat="52.4305825" lon="5.7014816"><ele>-4.4</ele><time>2025-09-21T09:27:42Z</time></trkpt>
    <trkpt lat="52.4306760" lon="5.7015211"><ele>-4.0</ele><time>2025-09-21T09:27:43Z</time></trkpt>
    <trkpt lat="52.4307598" lon="5.7015185"><ele>-4.5</ele><time>2025-09-21T09:27:44Z</time></trkpt>
    <trkpt lat="52.4309082" lon="5.7015095"><ele>-4.0</ele><time>2025-09-21T09:27:45Z</time></trkpt>
    <trkpt lat="52.4309662" lon="5.7015575"><ele>-4.1</ele><time>2025-09-21T09:27:47Z</time></trkpt>
    <trkpt lat="52.4310335" lon="5.7015488"><ele>-4.8</ele><time>2025-09-21T09:27:48Z</time></trkpt>
    <trkpt lat="52.4311303" lon="5.7015172"><ele>-4.3</ele><time>2025-09-21T09:27:49Z</time></trkpt>
    <trkpt lat="52.4312332" lon="5.7014944"><ele>-4.2</ele><time>2025-09-21T09:27:50Z</time></trkpt>
    <trkpt lat="52.4313461" lon="5.7015281"><ele>-4.8</ele><time>2025-09-21T09:27:52Z</time></trkpt>
    <trkpt lat="52.4314282" lon="5.7015230"><ele>-4.2</ele><time>2025-09-21T09:27:53Z</time></trkpt>
    <trkpt lat="52.4314923" lon="5.7014880"><ele>-4.5</ele><time>2025-09-21T09:27:54Z</time></trkpt>
    <trkpt lat="52.4315762" lon="5.7015079"><ele>-5.1</ele><time>2025-09-21T09:27:55Z</time></trkpt>
    <trkpt lat="52.4316713" lon="5.7015400"><ele>-4.1</ele><time>2025-09-21T09:27:57Z</time></trkpt>
    <trkpt lat="52.4317553" lon="5.7015550"><ele>-4.4</ele><time>2025-09-21T09:27:58Z</time></trkpt>
    <trkpt lat="52.4318437" lon="5.7015102"><ele>-4.3</ele><time>2025-09-21T09:27:59Z</time></trkpt>
    <trkpt lat="52.4319383" lon="5.7015454"><ele>-4.4</ele><time>2025-09-21T09:28:00Z</time></trkpt>
    <trkpt lat="52.4320375" lon="5.7015724"><ele>-4.3</ele><time>2025-09-21T09:28:02Z</time></trkpt>
    <trkpt lat="52.4321386" lon="5.7015303"><ele>-4.8</ele><time>2025-09-21T09:28:03Z</time></trkpt>
    <trkpt lat="52.4322176" lon="5.7015350"><ele>-5.1</ele><time>2025-09-21T09:28:04Z</time></trkpt>
    <trkpt lat="52.4323280" lon="5.7015458"><ele>-4.4</ele><time>2025-09-21T09:28:05Z</time></trkpt>
    <trkpt lat="52.4324024" lon="5.7015222"><ele>-4.9</ele><time>2025-09-21T09:28:07Z</time></trkpt>
    <trkpt lat="52.4325088" lon="5.7014972"><ele>-4.3</ele><time>2025-09-21T09:28:08Z</time></trkpt>
    <trkpt lat="52.4325771" lon="5.7015244"><ele>-4.6</ele><time>2025-09-21T09:28:09Z</time></trkpt>
    <trkpt lat="52.4326675" lon="5.7015146"><ele>-4.0</ele><time>2025-09-21T09:28:10Z</time></trkpt>
    <trkpt lat="52.4327612" lon="5.7015391"><ele>-4.4</ele><time>2025-09-21T09:28:12Z</time></trkpt>
    <trkpt lat="52.4328491" lon="5.7015048"><ele>-4.5</ele><time>2025-09-21T09:28:13Z</time></trkpt>
    <trkpt lat="52.4329194" lon="5.7015201"><ele>-5.2</ele><time>2025-09-21T09:28:14Z</time></trkpt>
    <trkpt lat="52.4330114" lon="5.7015439"><ele>-4.4</ele><time>2025-09-21T09:28:15Z</time></trkpt>
    <trkpt lat="52.4331191" lon="5.7015763"><ele>-4.9</ele><time>2025-09-21T09:28:17Z</time></trkpt>
    <trkpt lat="52.4332095" lon="5.7015169"><ele>-4.3</ele><time>2025-09-21T09:28:18Z</time></trkpt>
    <trkpt lat="52.4332974" lon="5.7014893"><ele>-4.5</ele><time>2025-09-21T09:28:19Z</time></trkpt>
    <trkpt lat="52.4333945" lon="5.7015179"><ele>-4.4</ele><time>2025-09-21T09:28:20Z</time></trkpt>
    <trkpt lat="52.4334752" lon="5.7015156"><ele>-5.2</ele><time>2025-09-21T09:28:22Z</time></trkpt>
    <trkpt lat="52.4335780" lon="5.7015071"><ele>-4.1</ele><time>2025-09-21T09:28:23Z</time></trkpt>
    <trkpt lat="52.4336692" lon="5.7015619"><ele>-5.0</ele><time>2025-09-21T09:28:24Z</time></trkpt>
    <trkpt lat="52.4337556" lon="5.7015601"><ele>-5.1</ele><time>2025-09-21T09:28:25Z</time></trkpt>
    <trkpt lat="52.4338353" lon="5.7014906"><ele>-5.3</ele><time>2025-09-21T09:28:27Z</time></trkpt>
    <trkpt lat="52.4339263" lon="5.7015495"><ele>-4.7</ele><time>2025-09-21T09:28:28Z</time></trkpt>
    <trkpt lat="52.4340080" lon="5.7015535"><ele>-4.3</ele><time>2025-09-21T09:28:29Z</time></trkpt>
    <trkpt lat="52.4340943" lon="5.7014836"><ele>-5.2</ele><time>2025-09-21T09:28:30Z</time></trkpt>
    <trkpt lat="52.4341894" lon="5.7015034"><ele>-4.3</ele><time>2025-09-21T09:28:32Z</time></trkpt>
    <trkpt lat="52.4342747" lon="5.7014983"><ele>-4.4</ele><time>2025-09-21T09:28:33Z</time></trkpt>
    <trkpt lat="52.4343450" lon="5.7015078"><ele>-4.5</ele><time>2025-09-21T09:28:34Z</time></trkpt>
    <trkpt lat="52.4344702" lon="5.7015312"><ele>-4.3</ele><time>2025-09-21T09:28:35Z</time></trkpt>
    <trkpt lat="52.4345570" lon="5.7015544"><ele>-5.3</ele><time>2025-09-21T09:28:37Z</time></trkpt>
    <trkpt lat="52.4346539" lon="5.7015371"><ele>-4.4</ele><time>2025-09-21T09:28:38Z</time></trkpt>
    <trkpt lat="52.4347368" lon="5.7015600"><ele>-4.6</ele><time>2025-09-21T09:28:39Z</time></trkpt>
    <trkpt lat="52.4348047" lon="5.7015069"><ele>-4.2</ele><time>2025-09-21T09:28:40Z</time></trkpt>
    <trkpt lat="52.4349144" lon="5.7015584"><ele>-4.7</ele><time>2025-09-21T09:28:42Z</time></trkpt>
    <trkpt lat="52.4349986" lon="5.7015240"><ele>-4.5</ele><time>2025-09-21T09:28:43Z</time></trkpt>
    <trkpt lat="52.4350936" lon="5.7015147"><ele>-4.4</ele><time>2025-09-21T09:28:44Z</time></trkpt>
    <trkpt lat="52.4351866" lon="5.7015761"><ele>-4.5</ele><time>2025-09-21T09:28:45Z</time></trkpt>
    <trkpt lat="52.4352594" lon="5.7015234"><ele>-4.5</ele><time>2025-09-21T09:28:47Z</time></trkpt>
    <trkpt lat="52.4353779" lon="5.7015152"><ele>-4.9</ele><time>2025-09-21T09:28:48Z</time></trkpt>
    <trkpt lat="52.4354732" lon="5.7015455"><ele>-4.9</ele><time>2025-09-21T09:28:49Z</time></trkpt>
    <trkpt lat="52.4355583" lon="5.7015039"><ele>-4.5</ele><time>2025-09-21T09:28:50Z</time></trkpt>
    <trkpt lat="52.4356318" lon="5.7015789"><ele>-4.9</ele><time>2025-09-21T09:28:52Z</time></trkpt>
    <trkpt lat="52.4357124" lon="5.7015613"><ele>-4.1</ele><time>2025-09-21T09:28:53Z</time></trkpt>
    <trkpt lat="52.4358335" lon="5.7015562"><ele>-4.4</ele><time>2025-09-21T09:28:54Z</time></trkpt>
    <trkpt lat="52.4358811" lon="5.7015259"><ele>-4.9</ele><time>2025-09-21T09:28:55Z</time></trkpt>
    <trkpt lat="52.4360066" lon="5.7015428"><ele>-5.1</ele><time>2025-09-21T09:28:57Z</time></trkpt>
    <trkpt lat="52.4360799" lon="5.7015317"><ele>-4.8</ele><time>2025-09-21T09:28:58Z</time></trkpt>
    <trkpt lat="52.4361572" lon="5.7014820"><ele>-4.3</ele><time>2025-09-21T09:28:59Z</time></trkpt>
    <trkpt lat="52.4362651" lon="5.7015458"><ele>-4.2</ele><time>2025-09-21T09:29:00Z</time></trkpt>
    <trkpt lat="52.4363275" lon="5.7015077"><ele>-4.9</ele><time>2025-09-21T09:29:02Z</time></trkpt>
    <trkpt lat="52.4364221" lon="5.7015701"><ele>-4.6</ele><time>2025-09-21T09:29:03Z</time></trkpt>
    <trkpt lat="52.4365420" lon="5.7015151"><ele>-5.0</ele><time>2025-09-21T09:29:04Z</time></trkpt>
    <trkpt lat="52.4365992" lon="5.7015241"><ele>-4.3</ele><time>2025-09-21T09:29:05Z</time></trkpt>
    <trkpt lat="52.4367055" lon="5.7015358"><ele>-4.6</ele><time>2025-09-21T09:29:07Z</time></trkpt>
    <trkpt lat="52.4367905" lon="5.7015299"><ele>-3.6</ele><time>2025-09-21T09:29:08Z</time></trkpt>
    <trkpt lat="52.4368997" lon="5.7015585"><ele>-4.4</ele><time>2025-09-21T09:29:09Z</time></trkpt>
    <trkpt lat="52.4369908" lon="5.7015059"><ele>-4.3</ele><time>2025-09-21T09:29:10Z</time></trkpt>
    <trkpt lat="52.4370730" lon="5.7015413"><ele>-4.0</ele><time>2025-09-21T09:29:12Z</time></trkpt>
    <trkpt lat="52.4371482" lon="5.7015825"><ele>-4.3</ele><time>2025-09-21T09:29:13Z</time></trkpt>
    <trkpt lat="52.4372459" lon="5.7015353"><ele>-4.6</ele><time>2025-09-21T09:29:14Z</time></trkpt>
    <trkpt lat="52.4373461" lon="5.7015199"><ele>-4.2</ele><time>2025-09-21T09:29:15Z</time></trkpt>
    <trkpt lat="52.4374047" lon="5.7015828"><ele>-4.5</ele><time>2025-09-21T09:29:17Z</time></trkpt>
    <trkpt lat="52.4375583" lon="5.7015277"><ele>-4.4</ele><time>2025-09-21T09:29:18Z</time></trkpt>
    <trkpt lat="52.4375955" lon="5.7015328"><ele>-5.0</ele><time>2025-09-21T09:29:19Z</time></trkpt>
    <trkpt lat="52.4376811" lon="5.7015005"><ele>-4.1</ele><time>2025-09-21T09:29:20Z</time></trkpt>
    <trkpt lat="52.4377526" lon="5.7015731"><ele>-4.6</ele><time>2025-09-21T09:29:22Z</time></trkpt>
    <trkpt lat="52.4378855" lon="5.7015269"><ele>-5.2</ele><time>2025-09-21T09:29:23Z</time></trkpt>
    <trkpt lat="52.4379737" lon="5.7015136"><ele>-4.0</ele><time>2025-09-21T09:29:24Z</time></trkpt>
    <trkpt lat="52.4380299" lon="5.7015234"><ele>-4.6</ele><time>2025-09-21T09:29:25Z</time></trkpt>
    <trkpt lat="52.4381415" lon="5.7015556"><ele>-4.7</ele><time>2025-09-21T09:29:27Z</time></trkpt>
    <trkpt lat="52.4382383" lon="5.7015469"><ele>-5.1</ele><time>2025-09-21T09:29:28Z</time></trkpt>
    <trkpt lat="52.4383342" lon="5.7015627"><ele>-4.8</ele><time>2025-09-21T09:29:29Z</time></trkpt>
    <trkpt lat="52.4384323" lon="5.7015664"><ele>-3.4</ele><time>2025-09-21T09:29:30Z</time></trkpt>
    <trkpt lat="52.4385082" lon="5.7015744"><ele>-4.8</ele><time>2025-09-21T09:29:32Z</time></trkpt>
    <trkpt lat="52.4386027" lon="5.7015446"><ele>-4.3</ele><time>2025-09-21T09:29:33Z</time></trkpt>
    <trkpt lat="52.4386680" lon="5.7015246"><ele>-4.9</ele><time>2025-09-21T09:29:34Z</time></trkpt>
    <trkpt lat="52.4387877" lon="5.7015437"><ele>-4.6</ele><time>2025-09-21T09:29:35Z</time></trkpt>
    <trkpt lat="52.4388708" lon="5.7015613"><ele>-4.7</ele><time>2025-09-21T09:29:37Z</time></trkpt>
    <trkpt lat="52.4389494" lon="5.7015449"><ele>-4.8</ele><time>2025-09-21T09:29:38Z</time></trkpt>
    <trkpt lat="52.4390464" lon="5.7015323"><ele>-4.2</ele><time>2025-09-21T09:29:39Z</time></trkpt>
    <trkpt lat="52.4391026" lon="5.7015318"><ele>-4.4</ele><time>2025-09-21T09:29:40Z</time></trkpt>
    <trkpt lat="52.4392201" lon="5.7015519"><ele>-4.5</ele><time>2025-09-21T09:29:42Z</time></trkpt>
    <trkpt lat="52.4392964" lon="5.7015122"><ele>-4.1</ele><time>2025-09-21T09:29:43Z</time></trkpt>
    <trkpt lat="52.4394142" lon="5.7015450"><ele>-4.7</ele><time>2025-09-21T09:29:44Z</time></trkpt>
    <trkpt lat="52.4394981" lon="5.7015611"><ele>-5.1</ele><time>2025-09-21T09:29:45Z</time></trkpt>
    <trkpt lat="52.4395809" lon="5.7015296"><ele>-4.5</ele><time>2025-09-21T09:29:47Z</time></trkpt>
    <trkpt lat="52.4396613" lon="5.7015197"><ele>-4.9</ele><time>2025-09-21T09:29:48Z</time></trkpt>
    <trkpt lat="52.4397750" lon="5.7015386"><ele>-4.2</ele><time>2025-09-21T09:29:49Z</time></trkpt>
    <trkpt lat="52.4398743" lon="5.7015709"><ele>-4.5</ele><time>2025-09-21T09:29:50Z</time></trkpt>
    <trkpt lat="52.4399402" lon="5.7015225"><ele>-4.8</ele><time>2025-09-21T09:29:52Z</time></trkpt>
    <trkpt lat="52.4400247" lon="5.7015273"><ele>-4.5</ele><time>2025-09-21T09:29:53Z</time></trkpt>
    <trkpt lat="52.4401154" lon="5.7015094"><ele>-3.6</ele><time>2025-09-21T09:29:54Z</time></trkpt>
    <trkpt lat="52.4402408" lon="5.7014734"><ele>-4.6</ele><time>2025-09-21T09:29:55Z</time></trkpt>
    <trkpt lat="52.4403000" lon="5.7015394"><ele>-4.6</ele><time>2025-09-21T09:29:57Z</time></trkpt>
    <trkpt lat="52.4403838" lon="5.7014906"><ele>-4.8</ele><time>2025-09-21T09:29:58Z</time></trkpt>
    <trkpt lat="52.4404372" lon="5.7013521"><ele>-4.5</ele><time>2025-09-21T09:29:59Z</time></trkpt>
    <trkpt lat="52.4404619" lon="5.7012141"><ele>-4.4</ele><time>2025-09-21T09:30:01Z</time></trkpt>
    <trkpt lat="52.4404628" lon="5.7010212"><ele>-4.0</ele><time>2025-09-21T09:30:02Z</time></trkpt>
    <trkpt lat="52.4404628" lon="5.7008968"><ele>-4.2</ele><time>2025-09-21T09:30:03Z</time></trkpt>
    <trkpt lat="52.4404671" lon="5.7007851"><ele>-4.4</ele><time>2025-09-21T09:30:04Z</time></trkpt>
    <trkpt lat="52.4404447" lon="5.7006316"><ele>-4.2</ele><time>2025-09-21T09:30:06Z</time></trkpt>
    <trkpt lat="52.4404452" lon="5.7004598"><ele>-5.1</ele><time>2025-09-21T09:30:07Z</time></trkpt>
    <trkpt lat="52.4404589" lon="5.7002945"><ele>-5.2</ele><time>2025-09-21T09:30:08Z</time></trkpt>
    <trkpt lat="52.4404477" lon="5.7001624"><ele>-4.5</ele><time>2025-09-21T09:30:09Z</time></trkpt>
    <trkpt lat="52.4404600" lon="5.6999993"><ele>-4.8</ele><time>2025-09-21T09:30:11Z</time></trkpt>
    <trkpt lat="52.4404673" lon="5.6998820"><ele>-4.9</ele><time>2025-09-21T09:30:12Z</time></trkpt>
    <trkpt lat="52.4404595" lon="5.6997406"><ele>-4.0</ele><time>2025-09-21T09:30:13Z</time></trkpt>
    <trkpt lat="52.4404665" lon="5.6995209"><ele>-4.7</ele><time>2025-09-21T09:30:14Z</time></trkpt>
    <trkpt lat="52.4404572" lon="5.6994528"><ele>-4.4</ele><time>2025-09-21T09:30:16Z</time></trkpt>
    <trkpt lat="52.4404631" lon="5.6992812"><ele>-3.6</ele><time>2025-09-21T09:30:17Z</time></trkpt>
    <trkpt lat="52.4404597" lon="5.6991280"><ele>-4.3</ele><time>2025-09-21T09:30:18Z</time></trkpt>
    <trkpt lat="52.4404551" lon="5.6990345"><ele>-4.2</ele><time>2025-09-21T09:30:19Z</time></trkpt>
    <trkpt lat="52.4404673" lon="5.6988222"><ele>-4.7</ele><time>2025-09-21T09:30:21Z</time></trkpt>
    <trkpt lat="52.4404565" lon="5.6986674"><ele>-4.3</ele><time>2025-09-21T09:30:22Z</time></trkpt>
    <trkpt lat="52.4404496" lon="5.6985354"><ele>-4.6</ele><time>2025-09-21T09:30:23Z</time></trkpt>
    <trkpt lat="52.4404642" lon="5.6983941"><ele>-4.9</ele><time>2025-09-21T09:30:24Z</time></trkpt>
    <trkpt lat="52.4404498" lon="5.6982741"><ele>-3.6</ele><time>2025-09-21T09:30:26Z</time></trkpt>
    <trkpt lat="52.4404711" lon="5.6980881"><ele>-4.8</ele><time>2025-09-21T09:30:27Z</time></trkpt>
    <trkpt lat="52.4404546" lon="5.6979695"><ele>-4.6</ele><time>2025-09-21T09:30:28Z</time></trkpt>
    <trkpt lat="52.4404638" lon="5.6977975"><ele>-4.1</ele><time>2025-09-21T09:30:29Z</time></trkpt>
    <trkpt lat="52.4404387" lon="5.6976476"><ele>-3.8</ele><time>2025-09-21T09:30:31Z</time></trkpt>
    <trkpt lat="52.4404452" lon="5.6975011"><ele>-4.3</ele><time>2025-09-21T09:30:32Z</time></trkpt>
    <trkpt lat="52.4404800" lon="5.6973818"><ele>-4.4</ele><time>2025-09-21T09:30:33Z</time></trkpt>
    <trkpt lat="52.4404659" lon="5.6972647"><ele>-4.4</ele><time>2025-09-21T09:30:34Z</time></trkpt>
    <trkpt lat="52.4404671" lon="5.6970539"><ele>-5.2</ele><time>2025-09-21T09:30:36Z</time></trkpt>
    <trkpt lat="52.4404853" lon="5.6969543"><ele>-4.3</ele><time>2025-09-21T09:30:37Z</time></trkpt>
    <trkpt lat="52.4404632" lon="5.6968111"><ele>-4.9</ele><time>2025-09-21T09:30:38Z</time></trkpt>
    <trkpt lat="52.4404383" lon="5.6966470"><ele>-4.1</ele><time>2025-09-21T09:30:39Z</time></trkpt>
    <trkpt lat="52.4404557" lon="5.6964766"><ele>-4.9</ele><time>2025-09-21T09:30:41Z</time></trkpt>
    <trkpt lat="52.4404596" lon="5.6963867"><ele>-4.3</ele><time>2025-09-21T09:30:42Z</time></trkpt>
    <trkpt lat="52.4404614" lon="5.6961934"><ele>-4.7</ele><time>2025-09-21T09:30:43Z</time></trkpt>
    <trkpt lat="52.4404521" lon="5.6960344"><ele>-4.0</ele><time>2025-09-21T09:30:44Z</time></trkpt>
    <trkpt lat="52.4404603" lon="5.6958965"><ele>-3.7</ele><time>2025-09-21T09:30:46Z</time></trkpt>
    <trkpt lat="52.4404730" lon="5.6957698"><ele>-4.5</ele><time>2025-09-21T09:30:47Z</time></trkpt>
    <trkpt lat="52.4404737" lon="5.6956251"><ele>-4.6</ele><time>2025-09-21T09:30:48Z</time></trkpt>
    <trkpt lat="52.4404761" lon="5.6954916"><ele>-5.3</ele><time>2025-09-21T09:30:49Z</time></trkpt>
    <trkpt lat="52.4404722" lon="5.6953637"><ele>-3.9</ele><time>2025-09-21T09:30:51Z</time></trkpt>
    <trkpt lat="52.4404729" lon="5.6952191"><ele>-4.4</ele><time>2025-09-21T09:30:52Z</time></trkpt>
    <trkpt lat="52.4404502" lon="5.6950499"><ele>-5.1</ele><time>2025-09-21T09:30:53Z</time></trkpt>
    <trkpt lat="52.4404689" lon="5.6948725"><ele>-4.8</ele><time>2025-09-21T09:30:54Z</time></trkpt>
    <trkpt lat="52.4404440" lon="5.6947529"><ele>-4.7</ele><time>2025-09-21T09:30:56Z</time></trkpt>
    <trkpt lat="52.4404559" lon="5.6946246"><ele>-4.1</ele><time>2025-09-21T09:30:57Z</time></trkpt>
    <trkpt lat="52.4404552" lon="5.6944078"><ele>-3.9</ele><time>2025-09-21T09:30:58Z</time></trkpt>
    <trkpt lat="52.4404567" lon="5.6942523"><ele>-5.0</ele><time>2025-09-21T09:30:59Z</time></trkpt>
    <trkpt lat="52.4404409" lon="5.6941416"><ele>-4.7</ele><time>2025-09-21T09:31:01Z</time></trkpt>
    <trkpt lat="52.4404463" lon="5.6939826"><ele>-4.4</ele><time>2025-09-21T09:31:02Z</time></trkpt>
    <trkpt lat="52.4404594" lon="5.6938669"><ele>-4.7</ele><time>2025-09-21T09:31:03Z</time></trkpt>
    <trkpt lat="52.4404794" lon="5.6937395"><ele>-4.6</ele><time>2025-09-21T09:31:04Z</time></trkpt>
    <trkpt lat="52.4404547" lon="5.6935541"><ele>-4.6</ele><time>2025-09-21T09:31:06Z</time></trkpt>
    <trkpt lat="52.4404598" lon="5.6934009"><ele>-5.2</ele><time>2025-09-21T09:31:07Z</time></trkpt>
    <trkpt lat="52.4404640" lon="5.6932249"><ele>-4.7</ele><time>2025-09-21T09:31:08Z</time></trkpt>
    <trkpt lat="52.4404437" lon="5.6931200"><ele>-4.0</ele><time>2025-09-21T09:31:09Z</time></trkpt>
    <trkpt lat="52.4404527" lon="5.6929695"><ele>-4.6</ele><time>2025-09-21T09:31:11Z</time></trkpt>
    <trkpt lat="52.4404562" lon="5.6928316"><ele>-4.4</ele><time>2025-09-21T09:31:12Z</time></trkpt>
    <trkpt lat="52.4404632" lon="5.6926920"><ele>-4.2</ele><time>2025-09-21T09:31:13Z</time></trkpt>
    <trkpt lat="52.4404677" lon="5.6925038"><ele>-4.5</ele><time>2025-09-21T09:31:14Z</time></trkpt>
    <trkpt lat="52.4404981" lon="5.6923850"><ele>-4.3</ele><time>2025-09-21T09:31:16Z</time></trkpt>
    <trkpt lat="52.4404535" lon="5.6922250"><ele>-4.0</ele><time>2025-09-21T09:31:17Z</time></trkpt>
    <trkpt lat="52.4404559" lon="5.6920543"><ele>-4.0</ele><time>2025-09-21T09:31:18Z</time></trkpt>
    <trkpt lat="52.4404491" lon="5.6919042"><ele>-4.6</ele><time>2025-09-21T09:31:19Z</time></trkpt>
    <trkpt lat="52.4404760" lon="5.6918085"><ele>-4.3</ele><time>2025-09-21T09:31:21Z</time></trkpt>
    <trkpt lat="52.4404811" lon="5.6916256"><ele>-4.1</ele><time>2025-09-21T09:31:22Z</time></trkpt>
    <trkpt lat="52.4404733" lon="5.6915310"><ele>-4.7</ele><time>2025-09-21T09:31:23Z</time></trkpt>
    <trkpt lat="52.4404505" lon="5.6913566"><ele>-3.7</ele><time>2025-09-21T09:31:24Z</time></trkpt>
    <trkpt lat="52.4404386" lon="5.6911957"><ele>-4.7</ele><time>2025-09-21T09:31:26Z</time></trkpt>
    <trkpt lat="52.4404620" lon="5.6910631"><ele>-4.1</ele><time>2025-09-21T09:31:27Z</time></trkpt>
    <trkpt lat="52.4404589" lon="5.6908916"><ele>-4.2</ele><time>2025-09-21T09:31:28Z</time></trkpt>
    <trkpt lat="52.4404665" lon="5.6907513"><ele>-4.8</ele><time>2025-09-21T09:31:29Z</time></trkpt>
    <trkpt lat="52.4404813" lon="5.6906172"><ele>-4.4</ele><time>2025-09-21T09:31:31Z</time></trkpt>
    <trkpt lat="52.4404471" lon="5.6905177"><ele>-5.0</ele><time>2025-09-21T09:31:32Z</time></trkpt>
    <trkpt lat="52.4404404" lon="5.6903177"><ele>-4.7</ele><time>2025-09-21T09:31:33Z</time></trkpt>
    <trkpt lat="52.4404516" lon="5.6901722"><ele>-4.5</ele><time>2025-09-21T09:31:34Z</time></trkpt>
    <trkpt lat="52.4404745" lon="5.6899931"><ele>-4.3</ele><time>2025-09-21T09:31:36Z</time></trkpt>
    <trkpt lat="52.4404774" lon="5.6898384"><ele>-4.7</ele><time>2025-09-21T09:31:37Z</time></trkpt>
    <trkpt lat="52.4404372" lon="5.6897395"><ele>-5.0</ele><time>2025-09-21T09:31:38Z</time></trkpt>
    <trkpt lat="52.4404771" lon="5.6896033"><ele>-4.2</ele><time>2025-09-21T09:31:39Z</time></trkpt>
    <trkpt lat="52.4404687" lon="5.6894147"><ele>-3.7</ele><time>2025-09-21T09:31:41Z</time></trkpt>
    <trkpt lat="52.4404723" lon="5.6892807"><ele>-4.6</ele><time>2025-09-21T09:31:42Z</time></trkpt>
    <trkpt lat="52.4404718" lon="5.6891334"><ele>-4.8</ele><time>2025-09-21T09:31:43Z</time></trkpt>
    <trkpt lat="52.4404782" lon="5.6890148"><ele>-4.5</ele><time>2025-09-21T09:31:44Z</time></trkpt>
    <trkpt lat="52.4404441" lon="5.6888415"><ele>-4.3</ele><time>2025-09-21T09:31:46Z</time></trkpt>
    <trkpt lat="52.4404627" lon="5.6887125"><ele>-4.7</ele><time>2025-09-21T09:31:47Z</time></trkpt>
    <trkpt lat="52.4404599" lon="5.6885423"><ele>-3.3</ele><time>2025-09-21T09:31:48Z</time></trkpt>
    <trkpt lat="52.4404480" lon="5.6884108"><ele>-4.0</ele><time>2025-09-21T09:31:49Z</time></trkpt>
    <trkpt lat="52.4404427" lon="5.6882536"><ele>-3.5</ele><time>2025-09-21T09:31:51Z</time></trkpt>
    <trkpt lat="52.4404603" lon="5.6880875"><ele>-4.3</ele><time>2025-09-21T09:31:52Z</time></trkpt>
    <trkpt lat="52.4404618" lon="5.6879939"><ele>-3.8</ele><time>2025-09-21T09:31:53Z</time></trkpt>
    <trkpt lat="52.4404595" lon="5.6878063"><ele>-4.7</ele><time>2025-09-21T09:31:54Z</time></trkpt>
    <trkpt lat="52.4404603" lon="5.6876534"><ele>-3.8</ele><time>2025-09-21T09:31:56Z</time></trkpt>
    <trkpt lat="52.4404703" lon="5.6875130"><ele>-4.3</ele><time>2025-09-21T09:31:57Z</time></trkpt>
    <trkpt lat="52.4404607" lon="5.6873727"><ele>-4.3</ele><time>2025-09-21T09:31:58Z</time></trkpt>
    <trkpt lat="52.4404359" lon="5.6872257"><ele>-4.7</ele><time>2025-09-21T09:31:59Z</time></trkpt>
    <trkpt lat="52.4404801" lon="5.6870364"><ele>-4.6</ele><time>2025-09-21T09:32:01Z</time></trkpt>
    <trkpt lat="52.4404816" lon="5.6869241"><ele>-4.8</ele><time>2025-09-21T09:32:02Z</time></trkpt>
    <trkpt lat="52.4404523" lon="5.6867657"><ele>-4.2</ele><time>2025-09-21T09:32:03Z</time></trkpt>
    <trkpt lat="52.4404629" lon="5.6866434"><ele>-4.2</ele><time>2025-09-21T09:32:04Z</time></trkpt>
    <trkpt lat="52.4404498" lon="5.6865268"><ele>-4.4</ele><time>2025-09-21T09:32:06Z</time></trkpt>
    <trkpt lat="52.4404637" lon="5.6863290"><ele>-4.3</ele><time>2025-09-21T09:32:07Z</time></trkpt>
    <trkpt lat="52.4404395" lon="5.6861703"><ele>-4.0</ele><time>2025-09-21T09:32:08Z</time></trkpt>
    <trkpt lat="52.4404772" lon="5.6860422"><ele>-4.8</ele><time>2025-09-21T09:32:09Z</time></trkpt>
    <trkpt lat="52.4404660" lon="5.6859228"><ele>-4.0</ele><time>2025-09-21T09:32:11Z</time></trkpt>
    <trkpt lat="52.4404524" lon="5.6857466"><ele>-4.9</ele><time>2025-09-21T09:32:12Z</time></trkpt>
    <trkpt lat="52.4404739" lon="5.6856084"><ele>-4.8</ele><time>2025-09-21T09:32:13Z</time></trkpt>
    <trkpt lat="52.4404739" lon="5.6854733"><ele>-4.9</ele><time>2025-09-21T09:32:14Z</time></trkpt>
    <trkpt lat="52.4404682" lon="5.6853059"><ele>-4.2</ele><time>2025-09-21T09:32:16Z</time></trkpt>
    <trkpt lat="52.4404614" lon="5.6851781"><ele>-4.5</ele><time>2025-09-21T09:32:17Z</time></trkpt>
    <trkpt lat="52.4404782" lon="5.6850361"><ele>-4.4</ele><time>2025-09-21T09:32:18Z</time></trkpt>
    <trkpt lat="52.4404741" lon="5.6849020"><ele>-4.7</ele><time>2025-09-21T09:32:19Z</time></trkpt>
    <trkpt lat="52.4404687" lon="5.6847461"><ele>-4.1</ele><time>2025-09-21T09:32:21Z</time></trkpt>
    <trkpt lat="52.4404802" lon="5.6846015"><ele>-4.1</ele><time>2025-09-21T09:32:22Z</time></trkpt>
    <trkpt lat="52.4404691" lon="5.6844709"><ele>-4.9</ele><time>2025-09-21T09:32:23Z</time></trkpt>
    <trkpt lat="52.4404373" lon="5.6842613"><ele>-5.2</ele><time>2025-09-21T09:32:24Z</time></trkpt>
    <trkpt lat="52.4404612" lon="5.6841277"><ele>-4.5</ele><time>2025-09-21T09:32:26Z</time></trkpt>
    <trkpt lat="52.4404741" lon="5.6840148"><ele>-3.9</ele><time>2025-09-21T09:32:27Z</time></trkpt>
    <trkpt lat="52.4404583" lon="5.6838513"><ele>-4.2</ele><time>2025-09-21T09:32:28Z</time></trkpt>
    <trkpt lat="52.4404513" lon="5.6837147"><ele>-4.5</ele><time>2025-09-21T09:32:29Z</time></trkpt>
    <trkpt lat="52.4404607" lon="5.6835594"><ele>-3.7</ele><time>2025-09-21T09:32:31Z</time></trkpt>
    <trkpt lat="52.4404796" lon="5.6834136"><ele>-4.5</ele><time>2025-09-21T09:32:32Z</time></trkpt>
    <trkpt lat="52.4404429" lon="5.6832524"><ele>-4.6</ele><time>2025-09-21T09:32:33Z</time></trkpt>
    <trkpt lat="52.4404610" lon="5.6831234"><ele>-4.5</ele><time>2025-09-21T09:32:34Z</time></trkpt>
    <trkpt lat="52.4404581" lon="5.6829173"><ele>-4.4</ele><time>2025-09-21T09:32:36Z</time></trkpt>
    <trkpt lat="52.4404591" lon="5.6828120"><ele>-4.5</ele><time>2025-09-21T09:32:37Z</time></trkpt>
    <trkpt lat="52.4404800" lon="5.6826845"><ele>-4.2</ele><time>2025-09-21T09:32:38Z</time></trkpt>
    <trkpt lat="52.4404540" lon="5.6825464"><ele>-4.1</ele><time>2025-09-21T09:32:39Z</time></trkpt>
    <trkpt lat="52.4404667" lon="5.6823832"><ele>-4.3</ele><time>2025-09-21T09:32:41Z</time></trkpt>
    <trkpt lat="52.4404564" lon="5.6822413"><ele>-3.6</ele><time>2025-09-21T09:32:42Z</time></trkpt>
    <trkpt lat="52.4404880" lon="5.6820800"><ele>-4.8</ele><time>2025-09-21T09:32:43Z</time></trkpt>
    <trkpt lat="52.4404655" lon="5.6819324"><ele>-5.0</ele><time>2025-09-21T09:32:44Z</time></trkpt>
    <trkpt lat="52.4404454" lon="5.6818066"><ele>-4.1</ele><time>2025-09-21T09:32:46Z</time></trkpt>
    <trkpt lat="52.4404753" lon="5.6816353"><ele>-4.7</ele><time>2025-09-21T09:32:47Z</time></trkpt>
    <trkpt lat="52.4404751" lon="5.6814900"><ele>-4.7</ele><time>2025-09-21T09:32:48Z</time></trkpt>
    <trkpt lat="52.4404717" lon="5.6813461"><ele>-4.7</ele><time>2025-09-21T09:32:49Z</time></trkpt>
    <trkpt lat="52.4404769" lon="5.6811989"><ele>-4.5</ele><time>2025-09-21T09:32:51Z</time></trkpt>
    <trkpt lat="52.4404608" lon="5.6810189"><ele>-4.7</ele><time>2025-09-21T09:32:52Z</time></trkpt>
    <trkpt lat="52.4404534" lon="5.6809082"><ele>-4.1</ele><time>2025-09-21T09:32:53Z</time></trkpt>
    <trkpt lat="52.4404746" lon="5.6807314"><ele>-4.9</ele><time>2025-09-21T09:32:54Z</time></trkpt>
    <trkpt lat="52.4404746" lon="5.6806051"><ele>-4.5</ele><time>2025-09-21T09:32:56Z</time></trkpt>
    <trkpt lat="52.4404650" lon="5.6805030"><ele>-5.1</ele><time>2025-09-21T09:32:57Z</time></trkpt>
    <trkpt lat="52.4404880" lon="5.6803131"><ele>-4.7</ele><time>2025-09-21T09:32:58Z</time></trkpt>
    <trkpt lat="52.4404721" lon="5.6801707"><ele>-4.1</ele><time>2025-09-21T09:32:59Z</time></trkpt>
    <trkpt lat="52.4404840" lon="5.6800193"><ele>-4.8</ele><time>2025-09-21T09:33:01Z</time></trkpt>
    <trkpt lat="52.4404542" lon="5.6798728"><ele>-4.5</ele><time>2025-09-21T09:33:02Z</time></trkpt>
    <trkpt lat="52.4404629" lon="5.6796916"><ele>-4.7</ele><time>2025-09-21T09:33:03Z</time></trkpt>
    <trkpt lat="52.4404717" lon="5.6796166"><ele>-3.5</ele><time>2025-09-21T09:33:04Z</time></trkpt>
    <trkpt lat="52.4404743" lon="5.6794301"><ele>-4.2</ele><time>2025-09-21T09:33:06Z</time></trkpt>
    <trkpt lat="52.4404596" lon="5.6793059"><ele>-4.6</ele><time>2025-09-21T09:33:07Z</time></trkpt>
    <trkpt lat="52.4404631" lon="5.6791637"><ele>-4.4</ele><time>2025-09-21T09:33:08Z</time></trkpt>
    <trkpt lat="52.4404521" lon="5.6789579"><ele>-4.6</ele><time>2025-09-21T09:33:09Z</time></trkpt>
    <trkpt lat="52.4404689" lon="5.6788311"><ele>-3.9</ele><time>2025-09-21T09:33:11Z</time></trkpt>
    <trkpt lat="52.4404688" lon="5.6786647"><ele>-4.6</ele><time>2025-09-21T09:33:12Z</time></trkpt>
    <trkpt lat="52.4404708" lon="5.6785474"><ele>-4.8</ele><time>2025-09-21T09:33:13Z</time></trkpt>
    <trkpt lat="52.4404408" lon="5.6783860"><ele>-3.7</ele><time>2025-09-21T09:33:14Z</time></trkpt>
    <trkpt lat="52.4404903" lon="5.6782367"><ele>-4.8</ele><time>2025-09-21T09:33:16Z</time></trkpt>
    <trkpt lat="52.4404518" lon="5.6780908"><ele>-4.1</ele><time>2025-09-21T09:33:17Z</time></trkpt>
    <trkpt lat="52.4404720" lon="5.6779559"><ele>-5.4</ele><time>2025-09-21T09:33:18Z</time></trkpt>
    <trkpt lat="52.4404738" lon="5.6778121"><ele>-4.6</ele><time>2025-09-21T09:33:19Z</time></trkpt>
    <trkpt lat="52.4404673" lon="5.6776744"><ele>-3.9</ele><time>2025-09-21T09:33:21Z</time></trkpt>
    <trkpt lat="52.4404542" lon="5.6775334"><ele>-4.6</ele><time>2025-09-21T09:33:22Z</time></trkpt>
    <trkpt lat="52.4404583" lon="5.6773782"><ele>-4.3</ele><time>2025-09-21T09:33:23Z</time></trkpt>
    <trkpt lat="52.4404638" lon="5.6772376"><ele>-4.3</ele><time>2025-09-21T09:33:24Z</time></trkpt>
    <trkpt lat="52.4404785" lon="5.6770688"><ele>-5.5</ele><time>2025-09-21T09:33:26Z</time></trkpt>
    <trkpt lat="52.4404694" lon="5.6769276"><ele>-4.6</ele><time>2025-09-21T09:33:27Z</time></trkpt>
    <trkpt lat="52.4404497" lon="5.6768123"><ele>-4.3</ele><time>2025-09-21T09:33:28Z</time></trkpt>
    <trkpt lat="52.4404516" lon="5.6766117"><ele>-4.5</ele><time>2025-09-21T09:33:29Z</time></trkpt>
    <trkpt lat="52.4404671" lon="5.6764499"><ele>-3.4</ele><time>2025-09-21T09:33:31Z</time></trkpt>
    <trkpt lat="52.4404755" lon="5.6763562"><ele>-5.0</ele><time>2025-09-21T09:33:32Z</time></trkpt>
    <trkpt lat="52.4404627" lon="5.6761465"><ele>-4.9</ele><time>2025-09-21T09:33:33Z</time></trkpt>
    <trkpt lat="52.4404539" lon="5.6760535"><ele>-4.6</ele><time>2025-09-21T09:33:34Z</time></trkpt>
    <trkpt lat="52.4404568" lon="5.6759493"><ele>-4.1</ele><time>2025-09-21T09:33:36Z</time></trkpt>
    <trkpt lat="52.4405037" lon="5.6757645"><ele>-4.9</ele><time>2025-09-21T09:33:37Z</time></trkpt>
    <trkpt lat="52.4404671" lon="5.6755921"><ele>-4.2</ele><time>2025-09-21T09:33:38Z</time></trkpt>
    <trkpt lat="52.4404896" lon="5.6754566"><ele>-4.2</ele><time>2025-09-21T09:33:39Z</time></trkpt>
    <trkpt lat="52.4404756" lon="5.6752897"><ele>-3.7</ele><time>2025-09-21T09:33:41Z</time></trkpt>
    <trkpt lat="52.4404697" lon="5.6751701"><ele>-4.0</ele><time>2025-09-21T09:33:42Z</time></trkpt>
    <trkpt lat="52.4404769" lon="5.6750028"><ele>-3.9</ele><time>2025-09-21T09:33:43Z</time></trkpt>
    <trkpt lat="52.4404732" lon="5.6748768"><ele>-3.9</ele><time>2025-09-21T09:33:44Z</time></trkpt>
    <trkpt lat="52.4404773" lon="5.6747598"><ele>-3.4</ele><time>2025-09-21T09:33:46Z</time></trkpt>
    <trkpt lat="52.4404533" lon="5.6745653"><ele>-4.3</ele><time>2025-09-21T09:33:47Z</time></trkpt>
    <trkpt lat="52.4404833" lon="5.6744307"><ele>-3.5</ele><time>2025-09-21T09:33:48Z</time></trkpt>
    <trkpt lat="52.4404747" lon="5.6742965"><ele>-4.0</ele><time>2025-09-21T09:33:49Z</time></trkpt>
    <trkpt lat="52.4404705" lon="5.6741022"><ele>-4.4</ele><time>2025-09-21T09:33:51Z</time></trkpt>
    <trkpt lat="52.4404818" lon="5.6740154"><ele>-4.2</ele><time>2025-09-21T09:33:52Z</time></trkpt>
    <trkpt lat="52.4404635" lon="5.6738479"><ele>-4.8</ele><time>2025-09-21T09:33:53Z</time></trkpt>
    <trkpt lat="52.4404716" lon="5.6736898"><ele>-4.2</ele><time>2025-09-21T09:33:54Z</time></trkpt>
    <trkpt lat="52.4404699" lon="5.6735647"><ele>-4.3</ele><time>2025-09-21T09:33:56Z</time></trkpt>
    <trkpt lat="52.4404878" lon="5.6733723"><ele>-5.1</ele><time>2025-09-21T09:33:57Z</time></trkpt>
    <trkpt lat="52.4404667" lon="5.6732463"><ele>-4.6</ele><time>2025-09-21T09:33:58Z</time></trkpt>
    <trkpt lat="52.4404767" lon="5.6731245"><ele>-3.6</ele><time>2025-09-21T09:33:59Z</time></trkpt>
    <trkpt lat="52.4404552" lon="5.6729590"><ele>-3.8</ele><time>2025-09-21T09:34:01Z</time></trkpt>
    <trkpt lat="52.4404800" lon="5.6728051"><ele>-3.7</ele><time>2025-09-21T09:34:02Z</time></trkpt>
    <trkpt lat="52.4404838" lon="5.6726998"><ele>-4.6</ele><time>2025-09-21T09:34:03Z</time></trkpt>
    <trkpt lat="52.4404792" lon="5.6725300"><ele>-5.0</ele><time>2025-09-21T09:34:04Z</time></trkpt>
    <trkpt lat="52.4404748" lon="5.6723542"><ele>-4.0</ele><time>2025-09-21T09:34:06Z</time></trkpt>
    <trkpt lat="52.4404711" lon="5.6722133"><ele>-5.4</ele><time>2025-09-21T09:34:07Z</time></trkpt>
    <trkpt lat="52.4404546" lon="5.6721222"><ele>-4.2</ele><time>2025-09-21T09:34:08Z</time></trkpt>
    <trkpt lat="52.4404569" lon="5.6719658"><ele>-3.9</ele><time>2025-09-21T09:34:09Z</time></trkpt>
    <trkpt lat="52.4404690" lon="5.6717628"><ele>-4.9</ele><time>2025-09-21T09:34:11Z</time></trkpt>
    <trkpt lat="52.4404754" lon="5.6716310"><ele>-4.2</ele><time>2025-09-21T09:34:12Z</time></trkpt>
    <trkpt lat="52.4404741" lon="5.6715075"><ele>-4.8</ele><time>2025-09-21T09:34:13Z</time></trkpt>
    <trkpt lat="52.4404501" lon="5.6713345"><ele>-5.0</ele><time>2025-09-21T09:34:14Z</time></trkpt>
    <trkpt lat="52.4404826" lon="5.6711852"><ele>-4.6</ele><time>2025-09-21T09:34:16Z</time></trkpt>
    <trkpt lat="52.4404815" lon="5.6710444"><ele>-4.5</ele><time>2025-09-21T09:34:17Z</time></trkpt>
    <trkpt lat="52.4404828" lon="5.6708867"><ele>-4.3</ele><time>2025-09-21T09:34:18Z</time></trkpt>
    <trkpt lat="52.4404596" lon="5.6707668"><ele>-4.4</ele><time>2025-09-21T09:34:19Z</time></trkpt>
    <trkpt lat="52.4404641" lon="5.6706145"><ele>-4.1</ele><time>2025-09-21T09:34:21Z</time></trkpt>
    <trkpt lat="52.4404610" lon="5.6704763"><ele>-4.1</ele><time>2025-09-21T09:34:22Z</time></trkpt>
    <trkpt lat="52.4404921" lon="5.6703139"><ele>-5.0</ele><time>2025-09-21T09:34:23Z</time></trkpt>
    <trkpt lat="52.4404841" lon="5.6701578"><ele>-3.9</ele><time>2025-09-21T09:34:24Z</time></trkpt>
    <trkpt lat="52.4404747" lon="5.6700203"><ele>-4.5</ele><time>2025-09-21T09:34:26Z</time></trkpt>
    <trkpt lat="52.4404823" lon="5.6699050"><ele>-4.0</ele><time>2025-09-21T09:34:27Z</time></trkpt>
    <trkpt lat="52.4404636" lon="5.6697327"><ele>-3.7</ele><time>2025-09-21T09:34:28Z</time></trkpt>
    <trkpt lat="52.4404835" lon="5.6695846"><ele>-4.8</ele><time>2025-09-21T09:34:29Z</time></trkpt>
    <trkpt lat="52.4404860" lon="5.6694559"><ele>-3.9</ele><time>2025-09-21T09:34:31Z</time></trkpt>
    <trkpt lat="52.4404448" lon="5.6692652"><ele>-4.5</ele><time>2025-09-21T09:34:32Z</time></trkpt>
    <trkpt lat="52.4404613" lon="5.6691365"><ele>-4.5</ele><time>2025-09-21T09:34:33Z</time></trkpt>
    <trkpt lat="52.4404745" lon="5.6689532"><ele>-4.6</ele><time>2025-09-21T09:34:34Z</time></trkpt>
    <trkpt lat="52.4404790" lon="5.6688187"><ele>-4.7</ele><time>2025-09-21T09:34:36Z</time></trkpt>
    <trkpt lat="52.4404689" lon="5.6687153"><ele>-4.5</ele><time>2025-09-21T09:34:37Z</time></trkpt>
    <trkpt lat="52.4404984" lon="5.6685384"><ele>-4.2</ele><time>2025-09-21T09:34:38Z</time></trkpt>
    <trkpt lat="52.4404718" lon="5.6684056"><ele>-4.5</ele><time>2025-09-21T09:34:39Z</time></trkpt>
    <trkpt lat="52.4404744" lon="5.6682090"><ele>-3.8</ele><time>2025-09-21T09:34:41Z</time></trkpt>
    <trkpt lat="52.4404810" lon="5.6681085"><ele>-4.1</ele><time>2025-09-21T09:34:42Z</time></trkpt>
    <trkpt lat="52.4404579" lon="5.6679668"><ele>-4.1</ele><time>2025-09-21T09:34:43Z</time></trkpt>
    <trkpt lat="52.4404783" lon="5.6678072"><ele>-4.1</ele><time>2025-09-21T09:34:44Z</time></trkpt>
    <trkpt lat="52.4404685" lon="5.6676683"><ele>-4.7</ele><time>2025-09-21T09:34:46Z</time></trkpt>
    <trkpt lat="52.4405031" lon="5.6674898"><ele>-3.8</ele><time>2025-09-21T09:34:47Z</time></trkpt>
    <trkpt lat="52.4404489" lon="5.6674073"><ele>-4.5</ele><time>2025-09-21T09:34:48Z</time></trkpt>
    <trkpt lat="52.4404667" lon="5.6672180"><ele>-4.1</ele><time>2025-09-21T09:34:49Z</time></trkpt>
    <trkpt lat="52.4404645" lon="5.6670503"><ele>-4.0</ele><time>2025-09-21T09:34:51Z</time></trkpt>
    <trkpt lat="52.4404630" lon="5.6669003"><ele>-4.4</ele><time>2025-09-21T09:34:52Z</time></trkpt>
    <trkpt lat="52.4404766" lon="5.6667953"><ele>-4.4</ele><time>2025-09-21T09:34:53Z</time></trkpt>
    <trkpt lat="52.4404743" lon="5.6666235"><ele>-4.2</ele><time>2025-09-21T09:34:54Z</time></trkpt>
    <trkpt lat="52.4404552" lon="5.6665261"><ele>-4.3</ele><time>2025-09-21T09:34:56Z</time></trkpt>
    <trkpt lat="52.4404985" lon="5.6663043"><ele>-5.1</ele><time>2025-09-21T09:34:57Z</time></trkpt>
    <trkpt lat="52.4404857" lon="5.6661908"><ele>-4.2</ele><time>2025-09-21T09:34:58Z</time></trkpt>
    <trkpt lat="52.4404732" lon="5.6660451"><ele>-4.4</ele><time>2025-09-21T09:34:59Z</time></trkpt>
    <trkpt lat="52.4404774" lon="5.6658633"><ele>-4.6</ele><time>2025-09-21T09:35:01Z</time></trkpt>
    <trkpt lat="52.4404788" lon="5.6657839"><ele>-4.1</ele><time>2025-09-21T09:35:02Z</time></trkpt>
    <trkpt lat="52.4404864" lon="5.6656019"><ele>-4.4</ele><time>2025-09-21T09:35:03Z</time></trkpt>
    <trkpt lat="52.4404734" lon="5.6654382"><ele>-4.5</ele><time>2025-09-21T09:35:04Z</time></trkpt>
    <trkpt lat="52.4404853" lon="5.6653152"><ele>-4.2</ele><time>2025-09-21T09:35:06Z</time></trkpt>
    <trkpt lat="52.4404803" lon="5.6651454"><ele>-4.2</ele><time>2025-09-21T09:35:07Z</time></trkpt>
    <trkpt lat="52.4404718" lon="5.6650036"><ele>-4.4</ele><time>2025-09-21T09:35:08Z</time></trkpt>
    <trkpt lat="52.4404638" lon="5.6648566"><ele>-3.7</ele><time>2025-09-21T09:35:09Z</time></trkpt>
    <trkpt lat="52.4404731" lon="5.6647150"><ele>-4.9</ele><time>2025-09-21T09:35:11Z</time></trkpt>
    <trkpt lat="52.4404617" lon="5.6645455"><ele>-4.0</ele><time>2025-09-21T09:35:12Z</time></trkpt>
    <trkpt lat="52.4404913" lon="5.6644224"><ele>-4.5</ele><time>2025-09-21T09:35:13Z</time></trkpt>
    <trkpt lat="52.4404702" lon="5.6642716"><ele>-3.6</ele><time>2025-09-21T09:35:14Z</time></trkpt>
    <trkpt lat="52.4404838" lon="5.6641189"><ele>-4.8</ele><time>2025-09-21T09:35:16Z</time></trkpt>
    <trkpt lat="52.4404753" lon="5.6640188"><ele>-4.2</ele><time>2025-09-21T09:35:17Z</time></trkpt>
    <trkpt lat="52.4404626" lon="5.6638644"><ele>-4.3</ele><time>2025-09-21T09:35:18Z</time></trkpt>
    <trkpt lat="52.4404845" lon="5.6637178"><ele>-4.3</ele><time>2025-09-21T09:35:19Z</time></trkpt>
    <trkpt lat="52.4404967" lon="5.6635276"><ele>-3.9</ele><time>2025-09-21T09:35:21Z</time></trkpt>
    <trkpt lat="52.4404795" lon="5.6633677"><ele>-4.2</ele><time>2025-09-21T09:35:22Z</time></trkpt>
    <trkpt lat="52.4404896" lon="5.6632597"><ele>-4.1</ele><time>2025-09-21T09:35:23Z</time></trkpt>
    <trkpt lat="52.4404700" lon="5.6630744"><ele>-4.8</ele><time>2025-09-21T09:35:24Z</time></trkpt>
    <trkpt lat="52.4404548" lon="5.6629437"><ele>-4.1</ele><time>2025-09-21T09:35:26Z</time></trkpt>
    <trkpt lat="52.4404599" lon="5.6627785"><ele>-4.2</ele><time>2025-09-21T09:35:27Z</time></trkpt>
    <trkpt lat="52.4404827" lon="5.6626721"><ele>-4.3</ele><time>2025-09-21T09:35:28Z</time></trkpt>
    <trkpt lat="52.4404908" lon="5.6624795"><ele>-4.1</ele><time>2025-09-21T09:35:29Z</time></trkpt>
    <trkpt lat="52.4404692" lon="5.6623905"><ele>-4.4</ele><time>2025-09-21T09:35:31Z</time></trkpt>
    <trkpt lat="52.4404908" lon="5.6621987"><ele>-4.7</ele><time>2025-09-21T09:35:32Z</time></trkpt>
    <trkpt lat="52.4404961" lon="5.6620810"><ele>-5.3</ele><time>2025-09-21T09:35:33Z</time></trkpt>
    <trkpt lat="52.4404771" lon="5.6619370"><ele>-4.0</ele><time>2025-09-21T09:35:34Z</time></trkpt>
    <trkpt lat="52.4404789" lon="5.6617705"><ele>-4.8</ele><time>2025-09-21T09:35:36Z</time></trkpt>
    <trkpt lat="52.4405161" lon="5.6616104"><ele>-4.1</ele><time>2025-09-21T09:35:37Z</time></trkpt>
    <trkpt lat="52.4404705" lon="5.6614737"><ele>-4.0</ele><time>2025-09-21T09:35:38Z</time></trkpt>
    <trkpt lat="52.4404705" lon="5.6613384"><ele>-4.7</ele><time>2025-09-21T09:35:39Z</time></trkpt>
    <trkpt lat="52.4405013" lon="5.6611846"><ele>-3.9</ele><time>2025-09-21T09:35:41Z</time></trkpt>
    <trkpt lat="52.4404917" lon="5.6610160"><ele>-5.0</ele><time>2025-09-21T09:35:42Z</time></trkpt>
    <trkpt lat="52.4404643" lon="5.6608696"><ele>-4.2</ele><time>2025-09-21T09:35:43Z</time></trkpt>
    <trkpt lat="52.4404529" lon="5.6607624"><ele>-4.3</ele><time>2025-09-21T09:35:44Z</time></trkpt>
    <trkpt lat="52.4404866" lon="5.6606014"><ele>-4.7</ele><time>2025-09-21T09:35:46Z</time></trkpt>
    <trkpt lat="52.4404919" lon="5.6604560"><ele>-4.0</ele><time>2025-09-21T09:35:47Z</time></trkpt>
    <trkpt lat="52.4404745" lon="5.6603008"><ele>-3.5</ele><time>2025-09-21T09:35:48Z</time></trkpt>
    <trkpt lat="52.4404712" lon="5.6601323"><ele>-4.2</ele><time>2025-09-21T09:35:49Z</time></trkpt>
    <trkpt lat="52.4404841" lon="5.6600364"><ele>-4.1</ele><time>2025-09-21T09:35:51Z</time></trkpt>
    <trkpt lat="52.4404648" lon="5.6598741"><ele>-4.0</ele><time>2025-09-21T09:35:52Z</time></trkpt>
    <trkpt lat="52.4404638" lon="5.6596881"><ele>-4.5</ele><time>2025-09-21T09:35:53Z</time></trkpt>
    <trkpt lat="52.4404540" lon="5.6595758"><ele>-4.7</ele><time>2025-09-21T09:35:54Z</time></trkpt>
    <trkpt lat="52.4404770" lon="5.6594036"><ele>-4.7</ele><time>2025-09-21T09:35:56Z</time></trkpt>
    <trkpt lat="52.4404937" lon="5.6592434"><ele>-4.1</ele><time>2025-09-21T09:35:57Z</time></trkpt>
    <trkpt lat="52.4404708" lon="5.6591258"><ele>-4.0</ele><time>2025-09-21T09:35:58Z</time></trkpt>
    <trkpt lat="52.4404611" lon="5.6589786"><ele>-4.5</ele><time>2025-09-21T09:35:59Z</time></trkpt>
    <trkpt lat="52.4404871" lon="5.6588426"><ele>-3.8</ele><time>2025-09-21T09:36:01Z</time></trkpt>
    <trkpt lat="52.4405016" lon="5.6586942"><ele>-4.6</ele><time>2025-09-21T09:36:02Z</time></trkpt>
    <trkpt lat="52.4404987" lon="5.6585264"><ele>-4.4</ele><time>2025-09-21T09:36:03Z</time></trkpt>
    <trkpt lat="52.4404490" lon="5.6584222"><ele>-3.9</ele><time>2025-09-21T09:36:04Z</time></trkpt>
    <trkpt lat="52.4405066" lon="5.6582564"><ele>-3.7</ele><time>2025-09-21T09:36:06Z</time></trkpt>
    <trkpt lat="52.4404671" lon="5.6580784"><ele>-4.8</ele><time>2025-09-21T09:36:07Z</time></trkpt>
    <trkpt lat="52.4404912" lon="5.6580057"><ele>-4.2</ele><time>2025-09-21T09:36:08Z</time></trkpt>
    <trkpt lat="52.4404926" lon="5.6578344"><ele>-5.1</ele><time>2025-09-21T09:36:09Z</time></trkpt>
    <trkpt lat="52.4404622" lon="5.6576804"><ele>-3.9</ele><time>2025-09-21T09:36:11Z</time></trkpt>
    <trkpt lat="52.4404746" lon="5.6575154"><ele>-4.5</ele><time>2025-09-21T09:36:12Z</time></trkpt>
    <trkpt lat="52.4404935" lon="5.6573681"><ele>-4.2</ele><time>2025-09-21T09:36:13Z</time></trkpt>
    <trkpt lat="52.4404982" lon="5.6572093"><ele>-4.3</ele><time>2025-09-21T09:36:14Z</time></trkpt>
    <trkpt lat="52.4404588" lon="5.6570615"><ele>-4.6</ele><time>2025-09-21T09:36:16Z</time></trkpt>
    <trkpt lat="52.4404649" lon="5.6569086"><ele>-3.7</ele><time>2025-09-21T09:36:17Z</time></trkpt>
    <trkpt lat="52.4405051" lon="5.6567575"><ele>-4.2</ele><time>2025-09-21T09:36:18Z</time></trkpt>
    <trkpt lat="52.4404846" lon="5.6566623"><ele>-4.8</ele><time>2025-09-21T09:36:19Z</time></trkpt>
    <trkpt lat="52.4404634" lon="5.6564884"><ele>-4.7</ele><time>2025-09-21T09:36:21Z</time></trkpt>
    <trkpt lat="52.4404976" lon="5.6563775"><ele>-3.4</ele><time>2025-09-21T09:36:22Z</time></trkpt>
    <trkpt lat="52.4404703" lon="5.6561873"><ele>-4.3</ele><time>2025-09-21T09:36:23Z</time></trkpt>
    <trkpt lat="52.4404967" lon="5.6560370"><ele>-3.9</ele><time>2025-09-21T09:36:24Z</time></trkpt>
    <trkpt lat="52.4404829" lon="5.6558978"><ele>-5.4</ele><time>2025-09-21T09:36:26Z</time></trkpt>
    <trkpt lat="52.4404578" lon="5.6557215"><ele>-4.0</ele><time>2025-09-21T09:36:27Z</time></trkpt>
    <trkpt lat="52.4404850" lon="5.6556078"><ele>-4.1</ele><time>2025-09-21T09:36:28Z</time></trkpt>
    <trkpt lat="52.4404851" lon="5.6554525"><ele>-4.2</ele><time>2025-09-21T09:36:29Z</time></trkpt>
    <trkpt lat="52.4404750" lon="5.6553183"><ele>-4.2</ele><time>2025-09-21T09:36:31Z</time></trkpt>
    <trkpt lat="52.4404558" lon="5.6551585"><ele>-4.1</ele><time>2025-09-21T09:36:32Z</time></trkpt>
    <trkpt lat="52.4404690" lon="5.6549802"><ele>-4.2</ele><time>2025-09-21T09:36:33Z</time></trkpt>
    <trkpt lat="52.4404720" lon="5.6548973"><ele>-4.2</ele><time>2025-09-21T09:36:34Z</time></trkpt>
    <trkpt lat="52.4404782" lon="5.6547423"><ele>-3.5</ele><time>2025-09-21T09:36:36Z</time></trkpt>
    <trkpt lat="52.4404857" lon="5.6545514"><ele>-4.4</ele><time>2025-09-21T09:36:37Z</time></trkpt>
    <trkpt lat="52.4404970" lon="5.6544487"><ele>-4.1</ele><time>2025-09-21T09:36:38Z</time></trkpt>
    <trkpt lat="52.4404875" lon="5.6542734"><ele>-4.4</ele><time>2025-09-21T09:36:39Z</time></trkpt>
    <trkpt lat="52.4404709" lon="5.6540902"><ele>-4.6</ele><time>2025-09-21T09:36:41Z</time></trkpt>
    <trkpt lat="52.4405027" lon="5.6539736"><ele>-4.1</ele><time>2025-09-21T09:36:42Z</time></trkpt>
    <trkpt lat="52.4404748" lon="5.6538191"><ele>-3.8</ele><time>2025-09-21T09:36:43Z</time></trkpt>
    <trkpt lat="52.4405076" lon="5.6536900"><ele>-3.6</ele><time>2025-09-21T09:36:44Z</time></trkpt>
    <trkpt lat="52.4404807" lon="5.6535469"><ele>-4.5</ele><time>2025-09-21T09:36:46Z</time></trkpt>
    <trkpt lat="52.4404735" lon="5.6533415"><ele>-4.1</ele><time>2025-09-21T09:36:47Z</time></trkpt>
    <trkpt lat="52.4405005" lon="5.6532363"><ele>-4.3</ele><time>2025-09-21T09:36:48Z</time></trkpt>
    <trkpt lat="52.4404888" lon="5.6531146"><ele>-4.4</ele><time>2025-09-21T09:36:49Z</time></trkpt>
    <trkpt lat="52.4404816" lon="5.6529381"><ele>-4.2</ele><time>2025-09-21T09:36:51Z</time></trkpt>
    <trkpt lat="52.4404572" lon="5.6528154"><ele>-4.5</ele><time>2025-09-21T09:36:52Z</time></trkpt>
    <trkpt lat="52.4404829" lon="5.6526967"><ele>-5.1</ele><time>2025-09-21T09:36:53Z</time></trkpt>
    <trkpt lat="52.4404880" lon="5.6524860"><ele>-4.4</ele><time>2025-09-21T09:36:54Z</time></trkpt>
    <trkpt lat="52.4404903" lon="5.6523778"><ele>-5.0</ele><time>2025-09-21T09:36:56Z</time></trkpt>
    <trkpt lat="52.4404850" lon="5.6521878"><ele>-4.8</ele><time>2025-09-21T09:36:57Z</time></trkpt>
    <trkpt lat="52.4404750" lon="5.6520763"><ele>-4.1</ele><time>2025-09-21T09:36:58Z</time></trkpt>
    <trkpt lat="52.4404479" lon="5.6519012"><ele>-4.0</ele><time>2025-09-21T09:36:59Z</time></trkpt>
    <trkpt lat="52.4404803" lon="5.6517747"><ele>-4.2</ele><time>2025-09-21T09:37:01Z</time></trkpt>
    <trkpt lat="52.4404660" lon="5.6516388"><ele>-4.4</ele><time>2025-09-21T09:37:02Z</time></trkpt>
    <trkpt lat="52.4404812" lon="5.6514623"><ele>-4.0</ele><time>2025-09-21T09:37:03Z</time></trkpt>
    <trkpt lat="52.4404981" lon="5.6512904"><ele>-4.1</ele><time>2025-09-21T09:37:04Z</time></trkpt>
    <trkpt lat="52.4404816" lon="5.6511994"><ele>-4.6</ele><time>2025-09-21T09:37:06Z</time></trkpt>
    <trkpt lat="52.4404648" lon="5.6510302"><ele>-4.1</ele><time>2025-09-21T09:37:07Z</time></trkpt>
    <trkpt lat="52.4404683" lon="5.6509331"><ele>-4.4</ele><time>2025-09-21T09:37:08Z</time></trkpt>
    <trkpt lat="52.4404785" lon="5.6507467"><ele>-4.1</ele><time>2025-09-21T09:37:09Z</time></trkpt>
    <trkpt lat="52.4404992" lon="5.6506230"><ele>-4.2</ele><time>2025-09-21T09:37:11Z</time></trkpt>
    <trkpt lat="52.4404841" lon="5.6504309"><ele>-4.6</ele><time>2025-09-21T09:37:12Z</time></trkpt>
    <trkpt lat="52.4404829" lon="5.6503432"><ele>-4.9</ele><time>2025-09-21T09:37:13Z</time></trkpt>
    <trkpt lat="52.4404794" lon="5.6501252"><ele>-4.1</ele><time>2025-09-21T09:37:14Z</time></trkpt>
    <trkpt lat="52.4404693" lon="5.6500240"><ele>-4.7</ele><time>2025-09-21T09:37:16Z</time></trkpt>
    <trkpt lat="52.4404905" lon="5.6498358"><ele>-4.3</ele><time>2025-09-21T09:37:17Z</time></trkpt>
    <trkpt lat="52.4404955" lon="5.6497265"><ele>-4.6</ele><time>2025-09-21T09:37:18Z</time></trkpt>
    <trkpt lat="52.4404894" lon="5.6496036"><ele>-4.6</ele><time>2025-09-21T09:37:19Z</time></trkpt>
    <trkpt lat="52.4404679" lon="5.6494298"><ele>-4.0</ele><time>2025-09-21T09:37:21Z</time></trkpt>
    <trkpt lat="52.4405140" lon="5.6492599"><ele>-4.3</ele><time>2025-09-21T09:37:22Z</time></trkpt>
    <trkpt lat="52.4404954" lon="5.6490950"><ele>-3.5</ele><time>2025-09-21T09:37:23Z</time></trkpt>
    <trkpt lat="52.4404823" lon="5.6490163"><ele>-4.9</ele><time>2025-09-21T09:37:24Z</time></trkpt>
    <trkpt lat="52.4404851" lon="5.6488151"><ele>-3.9</ele><time>2025-09-21T09:37:26Z</time></trkpt>
    <trkpt lat="52.4404867" lon="5.6486830"><ele>-4.7</ele><time>2025-09-21T09:37:27Z</time></trkpt>
    <trkpt lat="52.4404692" lon="5.6485538"><ele>-4.0</ele><time>2025-09-21T09:37:28Z</time></trkpt>
    <trkpt lat="52.4404832" lon="5.6484126"><ele>-3.2</ele><time>2025-09-21T09:37:29Z</time></trkpt>
    <trkpt lat="52.4404702" lon="5.6482495"><ele>-4.4</ele><time>2025-09-21T09:37:31Z</time></trkpt>
    <trkpt lat="52.4404959" lon="5.6481045"><ele>-4.1</ele><time>2025-09-21T09:37:32Z</time></trkpt>
    <trkpt lat="52.4404783" lon="5.6479400"><ele>-4.3</ele><time>2025-09-21T09:37:33Z</time></trkpt>
    <trkpt lat="52.4404795" lon="5.6478222"><ele>-4.4</ele><time>2025-09-21T09:37:34Z</time></trkpt>
    <trkpt lat="52.4404578" lon="5.6476727"><ele>-4.6</ele><time>2025-09-21T09:37:36Z</time></trkpt>
    <trkpt lat="52.4404801" lon="5.6475128"><ele>-3.9</ele><time>2025-09-21T09:37:37Z</time></trkpt>
    <trkpt lat="52.4405073" lon="5.6473534"><ele>-4.3</ele><time>2025-09-21T09:37:38Z</time></trkpt>
    <trkpt lat="52.4404855" lon="5.6471751"><ele>-4.8</ele><time>2025-09-21T09:37:39Z</time></trkpt>
    <trkpt lat="52.4404863" lon="5.6470588"><ele>-4.4</ele><time>2025-09-21T09:37:41Z</time></trkpt>
    <trkpt lat="52.4404930" lon="5.6468861"><ele>-3.8</ele><time>2025-09-21T09:37:42Z</time></trkpt>
    <trkpt lat="52.4404803" lon="5.6467726"><ele>-4.1</ele><time>2025-09-21T09:37:43Z</time></trkpt>
    <trkpt lat="52.4404862" lon="5.6466036"><ele>-4.1</ele><time>2025-09-21T09:37:44Z</time></trkpt>
    <trkpt lat="52.4404809" lon="5.6465126"><ele>-3.3</ele><time>2025-09-21T09:37:46Z</time></trkpt>
    <trkpt lat="52.4404859" lon="5.6463090"><ele>-4.3</ele><time>2025-09-21T09:37:47Z</time></trkpt>
    <trkpt lat="52.4404774" lon="5.6461373"><ele>-4.2</ele><time>2025-09-21T09:37:48Z</time></trkpt>
    <trkpt lat="52.4404825" lon="5.6460025"><ele>-4.1</ele><time>2025-09-21T09:37:49Z</time></trkpt>
    <trkpt lat="52.4404793" lon="5.6458901"><ele>-4.7</ele><time>2025-09-21T09:37:51Z</time></trkpt>
    <trkpt lat="52.4404637" lon="5.6457319"><ele>-4.4</ele><time>2025-09-21T09:37:52Z</time></trkpt>
    <trkpt lat="52.4404740" lon="5.6456195"><ele>-3.6</ele><time>2025-09-21T09:37:53Z</time></trkpt>
    <trkpt lat="52.4404684" lon="5.6454291"><ele>-4.4</ele><time>2025-09-21T09:37:54Z</time></trkpt>
    <trkpt lat="52.4404995" lon="5.6453265"><ele>-4.1</ele><time>2025-09-21T09:37:56Z</time></trkpt>
    <trkpt lat="52.4404847" lon="5.6451565"><ele>-4.3</ele><time>2025-09-21T09:37:57Z</time></trkpt>
    <trkpt lat="52.4405086" lon="5.6450072"><ele>-4.2</ele><time>2025-09-21T09:37:58Z</time></trkpt>
    <trkpt lat="52.4404682" lon="5.6448378"><ele>-4.4</ele><time>2025-09-21T09:37:59Z</time></trkpt>
    <trkpt lat="52.4404666" lon="5.6447336"><ele>-3.6</ele><time>2025-09-21T09:38:01Z</time></trkpt>
    <trkpt lat="52.4404788" lon="5.6445742"><ele>-4.4</ele><time>2025-09-21T09:38:02Z</time></trkpt>
    <trkpt lat="52.4404886" lon="5.6444074"><ele>-4.3</ele><time>2025-09-21T09:38:03Z</time></trkpt>
    <trkpt lat="52.4404850" lon="5.6442895"><ele>-3.6</ele><time>2025-09-21T09:38:04Z</time></trkpt>
    <trkpt lat="52.4404724" lon="5.6441264"><ele>-4.1</ele><time>2025-09-21T09:38:06Z</time></trkpt>
    <trkpt lat="52.4404898" lon="5.6439905"><ele>-3.4</ele><time>2025-09-21T09:38:07Z</time></trkpt>
    <trkpt lat="52.4404784" lon="5.6438604"><ele>-4.5</ele><time>2025-09-21T09:38:08Z</time></trkpt>
    <trkpt lat="52.4404654" lon="5.6436490"><ele>-5.0</ele><time>2025-09-21T09:38:09Z</time></trkpt>
    <trkpt lat="52.4404869" lon="5.6435440"><ele>-4.8</ele><time>2025-09-21T09:38:11Z</time></trkpt>
    <trkpt lat="52.4404679" lon="5.6434051"><ele>-4.4</ele><time>2025-09-21T09:38:12Z</time></trkpt>
    <trkpt lat="52.4404955" lon="5.6432359"><ele>-4.3</ele><time>2025-09-21T09:38:13Z</time></trkpt>
    <trkpt lat="52.4404952" lon="5.6430687"><ele>-4.3</ele><time>2025-09-21T09:38:14Z</time></trkpt>
    <trkpt lat="52.4405121" lon="5.6429089"><ele>-3.8</ele><time>2025-09-21T09:38:16Z</time></trkpt>
    <trkpt lat="52.4404593" lon="5.6427550"><ele>-4.0</ele><time>2025-09-21T09:38:17Z</time></trkpt>
    <trkpt lat="52.4404837" lon="5.6426439"><ele>-4.3</ele><time>2025-09-21T09:38:18Z</time></trkpt>
    <trkpt lat="52.4404590" lon="5.6425130"><ele>-4.6</ele><time>2025-09-21T09:38:19Z</time></trkpt>
    <trkpt lat="52.4404714" lon="5.6423447"><ele>-4.7</ele><time>2025-09-21T09:38:21Z</time></trkpt>
    <trkpt lat="52.4404681" lon="5.6421983"><ele>-3.6</ele><time>2025-09-21T09:38:22Z</time></trkpt>
    <trkpt lat="52.4404881" lon="5.6420818"><ele>-5.1</ele><time>2025-09-21T09:38:23Z</time></trkpt>
    <trkpt lat="52.4404659" lon="5.6419106"><ele>-4.2</ele><time>2025-09-21T09:38:24Z</time></trkpt>
    <trkpt lat="52.4404729" lon="5.6417705"><ele>-4.5</ele><time>2025-09-21T09:38:26Z</time></trkpt>
    <trkpt lat="52.4405049" lon="5.6416356"><ele>-3.8</ele><time>2025-09-21T09:38:27Z</time></trkpt>
    <trkpt lat="52.4404810" lon="5.6414537"><ele>-4.7</ele><time>2025-09-21T09:38:28Z</time></trkpt>
    <trkpt lat="52.4404617" lon="5.6413466"><ele>-4.3</ele><time>2025-09-21T09:38:29Z</time></trkpt>
    <trkpt lat="52.4404837" lon="5.6411561"><ele>-4.5</ele><time>2025-09-21T09:38:31Z</time></trkpt>
    <trkpt lat="52.4405117" lon="5.6410481"><ele>-4.7</ele><time>2025-09-21T09:38:32Z</time></trkpt>
    <trkpt lat="52.4404687" lon="5.6409077"><ele>-4.1</ele><time>2025-09-21T09:38:33Z</time></trkpt>
    <trkpt lat="52.4404877" lon="5.6407078"><ele>-4.8</ele><time>2025-09-21T09:38:34Z</time></trkpt>
    <trkpt lat="52.4405189" lon="5.6406301"><ele>-4.7</ele><time>2025-09-21T09:38:36Z</time></trkpt>
    <trkpt lat="52.4404688" lon="5.6404510"><ele>-4.5</ele><time>2025-09-21T09:38:37Z</time></trkpt>
    <trkpt lat="52.4404757" lon="5.6402773"><ele>-4.5</ele><time>2025-09-21T09:38:38Z</time></trkpt>
    <trkpt lat="52.4404837" lon="5.6401961"><ele>-3.9</ele><time>2025-09-21T09:38:39Z</time></trkpt>
    <trkpt lat="52.4404634" lon="5.6400162"><ele>-4.5</ele><time>2025-09-21T09:38:41Z</time></trkpt>
    <trkpt lat="52.4405035" lon="5.6398491"><ele>-4.5</ele><time>2025-09-21T09:38:42Z</time></trkpt>
    <trkpt lat="52.4404651" lon="5.6397048"><ele>-4.0</ele><time>2025-09-21T09:38:43Z</time></trkpt>
    <trkpt lat="52.4404645" lon="5.6395794"><ele>-4.4</ele><time>2025-09-21T09:38:44Z</time></trkpt>
    <trkpt lat="52.4404986" lon="5.6394247"><ele>-4.6</ele><time>2025-09-21T09:38:46Z</time></trkpt>
    <trkpt lat="52.4404896" lon="5.6392492"><ele>-3.8</ele><time>2025-09-21T09:38:47Z</time></trkpt>
    <trkpt lat="52.4404700" lon="5.6391368"><ele>-4.3</ele><time>2025-09-21T09:38:48Z</time></trkpt>
    <trkpt lat="52.4404990" lon="5.6389952"><ele>-4.3</ele><time>2025-09-21T09:38:49Z</time></trkpt>
    <trkpt lat="52.4404767" lon="5.6388575"><ele>-4.2</ele><time>2025-09-21T09:38:51Z</time></trkpt>
    <trkpt lat="52.4404604" lon="5.6386717"><ele>-4.8</ele><time>2025-09-21T09:38:52Z</time></trkpt>
    <trkpt lat="52.4404761" lon="5.6385359"><ele>-4.3</ele><time>2025-09-21T09:38:53Z</time></trkpt>
    <trkpt lat="52.4404945" lon="5.6383844"><ele>-3.6</ele><time>2025-09-21T09:38:54Z</time></trkpt>
    <trkpt lat="52.4404748" lon="5.6382217"><ele>-4.0</ele><time>2025-09-21T09:38:56Z</time></trkpt>
    <trkpt lat="52.4404799" lon="5.6380547"><ele>-3.5</ele><time>2025-09-21T09:38:57Z</time></trkpt>
    <trkpt lat="52.4404820" lon="5.6379454"><ele>-4.7</ele><time>2025-09-21T09:38:58Z</time></trkpt>
    <trkpt lat="52.4404979" lon="5.6378136"><ele>-4.6</ele><time>2025-09-21T09:38:59Z</time></trkpt>
    <trkpt lat="52.4404716" lon="5.6376648"><ele>-4.7</ele><time>2025-09-21T09:39:01Z</time></trkpt>
    <trkpt lat="52.4404914" lon="5.6375407"><ele>-4.5</ele><time>2025-09-21T09:39:02Z</time></trkpt>
    <trkpt lat="52.4404741" lon="5.6373225"><ele>-4.8</ele><time>2025-09-21T09:39:03Z</time></trkpt>
    <trkpt lat="52.4404804" lon="5.6372005"><ele>-4.5</ele><time>2025-09-21T09:39:04Z</time></trkpt>
    <trkpt lat="52.4404751" lon="5.6371063"><ele>-3.9</ele><time>2025-09-21T09:39:06Z</time></trkpt>
    <trkpt lat="52.4404891" lon="5.6369465"><ele>-4.4</ele><time>2025-09-21T09:39:07Z</time></trkpt>
    <trkpt lat="52.4404765" lon="5.6367836"><ele>-4.6</ele><time>2025-09-21T09:39:08Z</time></trkpt>
    <trkpt lat="52.4404910" lon="5.6366383"><ele>-3.1</ele><time>2025-09-21T09:39:09Z</time></trkpt>
    <trkpt lat="52.4404971" lon="5.6364855"><ele>-4.5</ele><time>2025-09-21T09:39:11Z</time></trkpt>
    <trkpt lat="52.4404875" lon="5.6363408"><ele>-3.7</ele><time>2025-09-21T09:39:12Z</time></trkpt>
    <trkpt lat="52.4404582" lon="5.6362009"><ele>-4.8</ele><time>2025-09-21T09:39:13Z</time></trkpt>
    <trkpt lat="52.4404702" lon="5.6360390"><ele>-3.9</ele><time>2025-09-21T09:39:14Z</time></trkpt>
    <trkpt lat="52.4404793" lon="5.6359009"><ele>-4.3</ele><time>2025-09-21T09:39:16Z</time></trkpt>
    <trkpt lat="52.4404862" lon="5.6357539"><ele>-5.0</ele><time>2025-09-21T09:39:17Z</time></trkpt>
    <trkpt lat="52.4404846" lon="5.6356397"><ele>-4.2</ele><time>2025-09-21T09:39:18Z</time></trkpt>
    <trkpt lat="52.4404863" lon="5.6354245"><ele>-4.1</ele><time>2025-09-21T09:39:19Z</time></trkpt>
    <trkpt lat="52.4404812" lon="5.6353237"><ele>-4.0</ele><time>2025-09-21T09:39:21Z</time></trkpt>
    <trkpt lat="52.4404869" lon="5.6351546"><ele>-4.0</ele><time>2025-09-21T09:39:22Z</time></trkpt>
    <trkpt lat="52.4405001" lon="5.6350199"><ele>-3.4</ele><time>2025-09-21T09:39:23Z</time></trkpt>
    <trkpt lat="52.4404528" lon="5.6348809"><ele>-4.0</ele><time>2025-09-21T09:39:24Z</time></trkpt>
    <trkpt lat="52.4405002" lon="5.6347303"><ele>-4.6</ele><time>2025-09-21T09:39:26Z</time></trkpt>
    <trkpt lat="52.4404688" lon="5.6345468"><ele>-4.1</ele><time>2025-09-21T09:39:27Z</time></trkpt>
    <trkpt lat="52.4404853" lon="5.6344504"><ele>-4.0</ele><time>2025-09-21T09:39:28Z</time></trkpt>
    <trkpt lat="52.4404736" lon="5.6342905"><ele>-4.1</ele><time>2025-09-21T09:39:29Z</time></trkpt>
    <trkpt lat="52.4404782" lon="5.6341075"><ele>-3.8</ele><time>2025-09-21T09:39:31Z</time></trkpt>
    <trkpt lat="52.4404853" lon="5.6339701"><ele>-4.2</ele><time>2025-09-21T09:39:32Z</time></trkpt>
    <trkpt lat="52.4404831" lon="5.6338203"><ele>-4.1</ele><time>2025-09-21T09:39:33Z</time></trkpt>
    <trkpt lat="52.4404870" lon="5.6336448"><ele>-4.6</ele><time>2025-09-21T09:39:34Z</time></trkpt>
    <trkpt lat="52.4404870" lon="5.6335611"><ele>-3.6</ele><time>2025-09-21T09:39:36Z</time></trkpt>
    <trkpt lat="52.4404777" lon="5.6333390"><ele>-4.5</ele><time>2025-09-21T09:39:37Z</time></trkpt>
    <trkpt lat="52.4404922" lon="5.6332551"><ele>-4.1</ele><time>2025-09-21T09:39:38Z</time></trkpt>
    <trkpt lat="52.4404971" lon="5.6331112"><ele>-4.0</ele><time>2025-09-21T09:39:39Z</time></trkpt>
    <trkpt lat="52.4404894" lon="5.6329336"><ele>-3.9</ele><time>2025-09-21T09:39:41Z</time></trkpt>
    <trkpt lat="52.4405034" lon="5.6327609"><ele>-4.2</ele><time>2025-09-21T09:39:42Z</time></trkpt>
    <trkpt lat="52.4404787" lon="5.6326474"><ele>-4.5</ele><time>2025-09-21T09:39:43Z</time></trkpt>
    <trkpt lat="52.4404962" lon="5.6324729"><ele>-4.5</ele><time>2025-09-21T09:39:44Z</time></trkpt>
    <trkpt lat="52.4404854" lon="5.6323590"><ele>-3.9</ele><time>2025-09-21T09:39:46Z</time></trkpt>
    <trkpt lat="52.4404936" lon="5.6321600"><ele>-4.0</ele><time>2025-09-21T09:39:47Z</time></trkpt>
    <trkpt lat="52.4404729" lon="5.6320726"><ele>-4.4</ele><time>2025-09-21T09:39:48Z</time></trkpt>
    <trkpt lat="52.4404605" lon="5.6319104"><ele>-3.8</ele><time>2025-09-21T09:39:49Z</time></trkpt>
    <trkpt lat="52.4404846" lon="5.6317840"><ele>-4.7</ele><time>2025-09-21T09:39:51Z</time></trkpt>
    <trkpt lat="52.4404786" lon="5.6316263"><ele>-4.2</ele><time>2025-09-21T09:39:52Z</time></trkpt>
    <trkpt lat="52.4404906" lon="5.6314648"><ele>-4.3</ele><time>2025-09-21T09:39:53Z</time></trkpt>
    <trkpt lat="52.4404903" lon="5.6313165"><ele>-3.2</ele><time>2025-09-21T09:39:54Z</time></trkpt>
    <trkpt lat="52.4405148" lon="5.6311929"><ele>-4.1</ele><time>2025-09-21T09:39:56Z</time></trkpt>
    <trkpt lat="52.4404815" lon="5.6310393"><ele>-4.0</ele><time>2025-09-21T09:39:57Z</time></trkpt>
    <trkpt lat="52.4404817" lon="5.6309007"><ele>-4.5</ele><time>2025-09-21T09:39:58Z</time></trkpt>
    <trkpt lat="52.4405105" lon="5.6307444"><ele>-4.5</ele><time>2025-09-21T09:39:59Z</time></trkpt>
    <trkpt lat="52.4405010" lon="5.6305613"><ele>-3.7</ele><time>2025-09-21T09:40:01Z</time></trkpt>
    <trkpt lat="52.4404653" lon="5.6304132"><ele>-3.6</ele><time>2025-09-21T09:40:02Z</time></trkpt>
    <trkpt lat="52.4404952" lon="5.6303141"><ele>-4.4</ele><time>2025-09-21T09:40:03Z</time></trkpt>
    <trkpt lat="52.4404874" lon="5.6301661"><ele>-5.0</ele><time>2025-09-21T09:40:04Z</time></trkpt>
    <trkpt lat="52.4405107" lon="5.6300209"><ele>-3.9</ele><time>2025-09-21T09:40:06Z</time></trkpt>
    <trkpt lat="52.4404723" lon="5.6298648"><ele>-3.2</ele><time>2025-09-21T09:40:07Z</time></trkpt>
    <trkpt lat="52.4404682" lon="5.6297414"><ele>-3.8</ele><time>2025-09-21T09:40:08Z</time></trkpt>
    <trkpt lat="52.4405122" lon="5.6295655"><ele>-3.5</ele><time>2025-09-21T09:40:10Z</time></trkpt>
    <trkpt lat="52.4404918" lon="5.6294104"><ele>-4.2</ele><time>2025-09-21T09:40:11Z</time></trkpt>
    <trkpt lat="52.4404556" lon="5.6292675"><ele>-4.3</ele><time>2025-09-21T09:40:12Z</time></trkpt>
    <trkpt lat="52.4404729" lon="5.6291187"><ele>-4.6</ele><time>2025-09-21T09:40:13Z</time></trkpt>
    <trkpt lat="52.4404837" lon="5.6289655"><ele>-4.4</ele><time>2025-09-21T09:40:15Z</time></trkpt>
    <trkpt lat="52.4404836" lon="5.6288271"><ele>-4.3</ele><time>2025-09-21T09:40:16Z</time></trkpt>
    <trkpt lat="52.4404947" lon="5.6286667"><ele>-3.8</ele><time>2025-09-21T09:40:17Z</time></trkpt>
    <trkpt lat="52.4404877" lon="5.6285270"><ele>-4.4</ele><time>2025-09-21T09:40:18Z</time></trkpt>
    <trkpt lat="52.4405019" lon="5.6283518"><ele>-4.5</ele><time>2025-09-21T09:40:20Z</time></trkpt>
    <trkpt lat="52.4405099" lon="5.6282463"><ele>-3.8</ele><time>2025-09-21T09:40:21Z</time></trkpt>
    <trkpt lat="52.4404873" lon="5.6281090"><ele>-4.3</ele><time>2025-09-21T09:40:22Z</time></trkpt>
    <trkpt lat="52.4404939" lon="5.6279493"><ele>-4.4</ele><time>2025-09-21T09:40:23Z</time></trkpt>
    <trkpt lat="52.4404584" lon="5.6278194"><ele>-4.4</ele><time>2025-09-21T09:40:25Z</time></trkpt>
    <trkpt lat="52.4404899" lon="5.6276645"><ele>-4.0</ele><time>2025-09-21T09:40:26Z</time></trkpt>
    <trkpt lat="52.4404702" lon="5.6274991"><ele>-4.0</ele><time>2025-09-21T09:40:27Z</time></trkpt>
    <trkpt lat="52.4404950" lon="5.6273387"><ele>-4.3</ele><time>2025-09-21T09:40:28Z</time></trkpt>
    <trkpt lat="52.4405224" lon="5.6272222"><ele>-4.0</ele><time>2025-09-21T09:40:30Z</time></trkpt>
    <trkpt lat="52.4404596" lon="5.6270752"><ele>-4.3</ele><time>2025-09-21T09:40:31Z</time></trkpt>
    <trkpt lat="52.4404623" lon="5.6268906"><ele>-4.4</ele><time>2025-09-21T09:40:32Z</time></trkpt>
    <trkpt lat="52.4405019" lon="5.6267360"><ele>-4.4</ele><time>2025-09-21T09:40:33Z</time></trkpt>
    <trkpt lat="52.4404794" lon="5.6266328"><ele>-3.8</ele><time>2025-09-21T09:40:35Z</time></trkpt>
    <trkpt lat="52.4404936" lon="5.6264876"><ele>-4.5</ele><time>2025-09-21T09:40:36Z</time></trkpt>
    <trkpt lat="52.4404966" lon="5.6263465"><ele>-3.2</ele><time>2025-09-21T09:40:37Z</time></trkpt>
    <trkpt lat="52.4404828" lon="5.6262245"><ele>-4.4</ele><time>2025-09-21T09:40:38Z</time></trkpt>
    <trkpt lat="52.4404703" lon="5.6260344"><ele>-4.1</ele><time>2025-09-21T09:40:40Z</time></trkpt>
    <trkpt lat="52.4404667" lon="5.6258923"><ele>-3.7</ele><time>2025-09-21T09:40:41Z</time></trkpt>
    <trkpt lat="52.4404989" lon="5.6257185"><ele>-3.9</ele><time>2025-09-21T09:40:42Z</time></trkpt>
    <trkpt lat="52.4404607" lon="5.6256011"><ele>-4.0</ele><time>2025-09-21T09:40:43Z</time></trkpt>
    <trkpt lat="52.4404709" lon="5.6254301"><ele>-4.4</ele><time>2025-09-21T09:40:45Z</time></trkpt>
    <trkpt lat="52.4404796" lon="5.6252953"><ele>-3.9</ele><time>2025-09-21T09:40:46Z</time></trkpt>
    <trkpt lat="52.4404739" lon="5.6251715"><ele>-3.2</ele><time>2025-09-21T09:40:47Z</time></trkpt>
    <trkpt lat="52.4404606" lon="5.6249989"><ele>-4.4</ele><time>2025-09-21T09:40:48Z</time></trkpt>
    <trkpt lat="52.4404784" lon="5.6248780"><ele>-4.4</ele><time>2025-09-21T09:40:50Z</time></trkpt>
    <trkpt lat="52.4404947" lon="5.6246977"><ele>-3.9</ele><time>2025-09-21T09:40:51Z</time></trkpt>
    <trkpt lat="52.4404761" lon="5.6245297"><ele>-4.3</ele><time>2025-09-21T09:40:52Z</time></trkpt>
    <trkpt lat="52.4405042" lon="5.6243999"><ele>-4.0</ele><time>2025-09-21T09:40:53Z</time></trkpt>
    <trkpt lat="52.4404572" lon="5.6242767"><ele>-4.5</ele><time>2025-09-21T09:40:55Z</time></trkpt>
    <trkpt lat="52.4404821" lon="5.6241335"><ele>-4.0</ele><time>2025-09-21T09:40:56Z</time></trkpt>
    <trkpt lat="52.4404737" lon="5.6239770"><ele>-3.8</ele><time>2025-09-21T09:40:57Z</time></trkpt>
    <trkpt lat="52.4404838" lon="5.6238374"><ele>-3.7</ele><time>2025-09-21T09:40:58Z</time></trkpt>
    <trkpt lat="52.4405030" lon="5.6236409"><ele>-5.0</ele><time>2025-09-21T09:41:00Z</time></trkpt>
    <trkpt lat="52.4405015" lon="5.6235076"><ele>-3.7</ele><time>2025-09-21T09:41:01Z</time></trkpt>
    <trkpt lat="52.4405057" lon="5.6233819"><ele>-4.1</ele><time>2025-09-21T09:41:02Z</time></trkpt>
    <trkpt lat="52.4404947" lon="5.6232226"><ele>-4.4</ele><time>2025-09-21T09:41:03Z</time></trkpt>
    <trkpt lat="52.4404766" lon="5.6230947"><ele>-4.4</ele><time>2025-09-21T09:41:05Z</time></trkpt>
    <trkpt lat="52.4404932" lon="5.6229579"><ele>-3.7</ele><time>2025-09-21T09:41:06Z</time></trkpt>
    <trkpt lat="52.4404832" lon="5.6228073"><ele>-4.1</ele><time>2025-09-21T09:41:07Z</time></trkpt>
    <trkpt lat="52.4404524" lon="5.6226404"><ele>-3.8</ele><time>2025-09-21T09:41:08Z</time></trkpt>
    <trkpt lat="52.4404915" lon="5.6225268"><ele>-4.0</ele><time>2025-09-21T09:41:10Z</time></trkpt>
    <trkpt lat="52.4404864" lon="5.6223522"><ele>-3.7</ele><time>2025-09-21T09:41:11Z</time></trkpt>
    <trkpt lat="52.4404683" lon="5.6222071"><ele>-3.7</ele><time>2025-09-21T09:41:12Z</time></trkpt>
    <trkpt lat="52.4404719" lon="5.6220503"><ele>-4.4</ele><time>2025-09-21T09:41:13Z</time></trkpt>
    <trkpt lat="52.4404914" lon="5.6219152"><ele>-3.8</ele><time>2025-09-21T09:41:15Z</time></trkpt>
    <trkpt lat="52.4405060" lon="5.6217327"><ele>-3.3</ele><time>2025-09-21T09:41:16Z</time></trkpt>
    <trkpt lat="52.4404549" lon="5.6216122"><ele>-3.8</ele><time>2025-09-21T09:41:17Z</time></trkpt>
    <trkpt lat="52.4404853" lon="5.6214813"><ele>-4.1</ele><time>2025-09-21T09:41:18Z</time></trkpt>
    <trkpt lat="52.4404960" lon="5.6213429"><ele>-5.2</ele><time>2025-09-21T09:41:20Z</time></trkpt>
    <trkpt lat="52.4404985" lon="5.6211404"><ele>-4.4</ele><time>2025-09-21T09:41:21Z</time></trkpt>
    <trkpt lat="52.4404696" lon="5.6210637"><ele>-4.0</ele><time>2025-09-21T09:41:22Z</time></trkpt>
    <trkpt lat="52.4404815" lon="5.6208718"><ele>-4.7</ele><time>2025-09-21T09:41:23Z</time></trkpt>
    <trkpt lat="52.4404766" lon="5.6207116"><ele>-4.3</ele><time>2025-09-21T09:41:25Z</time></trkpt>
    <trkpt lat="52.4404889" lon="5.6205822"><ele>-3.4</ele><time>2025-09-21T09:41:26Z</time></trkpt>
    <trkpt lat="52.4404842" lon="5.6204523"><ele>-4.2</ele><time>2025-09-21T09:41:27Z</time></trkpt>
    <trkpt lat="52.4405255" lon="5.6202819"><ele>-4.1</ele><time>2025-09-21T09:41:28Z</time></trkpt>
    <trkpt lat="52.4405434" lon="5.6201346"><ele>-4.4</ele><time>2025-09-21T09:41:30Z</time></trkpt>
    <trkpt lat="52.4406356" lon="5.6200751"><ele>-3.8</ele><time>2025-09-21T09:41:31Z</time></trkpt>
    <trkpt lat="52.4406990" lon="5.6200133"><ele>-3.9</ele><time>2025-09-21T09:41:32Z</time></trkpt>
    <trkpt lat="52.4407529" lon="5.6199871"><ele>-3.5</ele><time>2025-09-21T09:41:33Z</time></trkpt>
  </trkseg></trk>
</gpx>
