<?xml version="1.0" encoding="UTF-8"?>
<gpx version="1.1" creator="rideprep-fixtures" xmlns="http://www.topografix.com/GPX/1/1">
  <metadata><name>urban_cobbles_15k</name></metadata>
  <wpt lat="51.0500000" lon="3.7200000"><name>Start/Finish</name><type>start</type></wpt>
  <trk><name>urban_cobbles_15k</name><trkseg>
    <trkpt lat="51.0500341" lon="3.7199969"><ele>7.7</ele><time>2025-03-02T10:00:00Z</time></trkpt>
    <trkpt lat="51.0500963" lon="3.7199365"><ele>8.3</ele><time>2025-03-02T10:00:01Z</time></trkpt>
    <trkpt lat="51.0501926" lon="3.7200153"><ele>8.0</ele><time>2025-03-02T10:00:02Z</time></trkpt>
    <trkpt lat="51.0502544" lon="3.7199813"><ele>8.0</ele><time>2025-03-02T10:00:04Z</time></trkpt>
    <trkpt lat="51.0503825" lon="3.7199895"><ele>8.4</ele><time>2025-03-02T10:00:05Z</time></trkpt>
    <trkpt lat="51.0504674" lon="3.7199584"><ele>8.1</ele><time>2025-03-02T10:00:07Z</time></trkpt>
    <trkpt lat="51.0505756" lon="3.7200436"><ele>8.4</ele><time>2025-03-02T10:00:08Z</time></trkpt>
    <trkpt lat="51.0506464" lon="3.7199399"><ele>7.6</ele><time>2025-03-02T10:00:10Z</time></trkpt>
    <trkpt lat="51.0507066" lon="3.7200602"><ele>8.1</ele><time>2025-03-02T10:00:11Z</time></trkpt>
    <trkpt lat="51.0507714" lon="3.7200694"><ele>8.2</ele><time>2025-03-02T10:00:12Z</time></trkpt>
    <trkpt lat="51.0508895" lon="3.7199652"><ele>7.9</ele><time>2025-03-02T10:00:14Z</time></trkpt>
    <trkpt lat="51.0509844" lon="3.7200285"><ele>8.4</ele><time>2025-03-02T10:00:15Z</time></trkpt>
    <trkpt lat="51.0510422" lon="3.7200270"><ele>8.9</ele><time>2025-03-02T10:00:17Z</time></trkpt>
    <trkpt lat="51.0511334" lon="3.7199951"><ele>8.1</ele><time>2025-03-02T10:00:18Z</time></trkpt>
    <trkpt lat="51.0512838" lon="3.7200355"><ele>8.1</ele><time>2025-03-02T10:00:20Z</time></trkpt>
    <trkpt lat="51.0513563" lon="3.7200077"><ele>8.8</ele><time>2025-03-02T10:00:21Z</time></trkpt>
    <trkpt lat="51.0514631" lon="3.7199992"><ele>8.0</ele><time>2025-03-02T10:00:22Z</time></trkpt>
    <trkpt lat="51.0515459" lon="3.7199780"><ele>8.7</ele><time>2025-03-02T10:00:24Z</time></trkpt>
    <trkpt lat="51.0516344" lon="3.7200024"><ele>8.5</ele><time>2025-03-02T10:00:25Z</time></trkpt>
    <trkpt lat="51.0517371" lon="3.7200320"><ele>8.7</ele><time>2025-03-02T10:00:27Z</time></trkpt>
    <trkpt lat="51.0517914" lon="3.7200339"><ele>8.2</ele><time>2025-03-02T10:00:28Z</time></trkpt>
    <trkpt lat="51.0518996" lon="3.7199187"><ele>8.5</ele><time>2025-03-02T10:00:30Z</time></trkpt>
    <trkpt lat="51.0519373" lon="3.7200235"><ele>8.3</ele><time>2025-03-02T10:00:31Z</time></trkpt>
    <trkpt lat="51.0520287" lon="3.7199839"><ele>8.9</ele><time>2025-03-02T10:00:32Z</time></trkpt>
    <trkpt lat="51.0521308" lon="3.7200485"><ele>8.7</ele><time>2025-03-02T10:00:34Z</time></trkpt>
    <trkpt lat="51.0522220" lon="3.7200669"><ele>9.0</ele><time>2025-03-02T10:00:35Z</time></trkpt>
    <trkpt lat="51.0523825" lon="3.7200619"><ele>8.0</ele><time>2025-03-02T10:00:37Z</time></trkpt>
    <trkpt lat="51.0524344" lon="3.7199654"><ele>9.1</ele><time>2025-03-02T10:00:38Z</time></trkpt>
    <trkpt lat="51.0525022" lon="3.7199583"><ele>8.2</ele><time>2025-03-02T10:00:40Z</time></trkpt>
    <trkpt lat="51.0525966" lon="3.7200445"><ele>8.9</ele><time>2025-03-02T10:00:41Z</time></trkpt>
    <trkpt lat="51.0527260" lon="3.7200277"><ele>8.8</ele><time>2025-03-02T10:00:42Z</time></trkpt>
    <trkpt lat="51.0528158" lon="3.7200165"><ele>8.9</ele><time>2025-03-02T10:00:44Z</time></trkpt>
    <trkpt lat="51.0528667" lon="3.7199581"><ele>9.1</ele><time>2025-03-02T10:00:45Z</time></trkpt>
    <trkpt lat="51.0529608" lon="3.7200093"><ele>8.8</ele><time>2025-03-02T10:00:47Z</time></trkpt>
    <trkpt lat="51.0530577" lon="3.7201253"><ele>8.9</ele><time>2025-03-02T10:00:48Z</time></trkpt>
    <trkpt lat="51.0531425" lon="3.7200209"><ele>9.3</ele><time>2025-03-02T10:00:50Z</time></trkpt>
    <trkpt lat="51.0532478" lon="3.7200355"><ele>8.2</ele><time>2025-03-02T10:00:51Z</time></trkpt>
    <trkpt lat="51.0533461" lon="3.7200502"><ele>8.8</ele><time>2025-03-02T10:00:52Z</time></trkpt>
    <trkpt lat="51.0534170" lon="3.7199057"><ele>8.3</ele><time>2025-03-02T10:00:54Z</time></trkpt>
    <trkpt lat="51.0534965" lon="3.7199958"><ele>8.5</ele><time>2025-03-02T10:00:55Z</time></trkpt>
    <trkpt lat="51.0536008" lon="3.7200412"><ele>9.4</ele><time>2025-03-02T10:00:57Z</time></trkpt>
    <trkpt lat="51.0536836" lon="3.7199688"><ele>9.4</ele><time>2025-03-02T10:00:58Z</time></trkpt>
    <trkpt lat="51.0537612" lon="3.7200161"><ele>8.5</ele><time>2025-03-02T10:01:00Z</time></trkpt>
    <trkpt lat="51.0538659" lon="3.7199824"><ele>9.2</ele><time>2025-03-02T10:01:01Z</time></trkpt>
    <trkpt lat="51.0539751" lon="3.7200095"><ele>9.3</ele><time>2025-03-02T10:01:02Z</time></trkpt>
    <trkpt lat="51.0540773" lon="3.7200085"><ele>9.2</ele><time>2025-03-02T10:01:04Z</time></trkpt>
    <trkpt lat="51.0541337" lon="3.7199974"><ele>9.0</ele><time>2025-03-02T10:01:05Z</time></trkpt>
    <trkpt lat="51.0541964" lon="3.7199771"><ele>9.0</ele><time>2025-03-02T10:01:07Z</time></trkpt>
    <trkpt lat="51.0543308" lon="3.7199853"><ele>8.8</ele><time>2025-03-02T10:01:08Z</time></trkpt>
    <trkpt lat="51.0544117" lon="3.7200077"><ele>8.8</ele><time>2025-03-02T10:01:10Z</time></trkpt>
    <trkpt lat="51.0544803" lon="3.7200111"><ele>8.9</ele><time>2025-03-02T10:01:11Z</time></trkpt>
    <trkpt lat="51.0545958" lon="3.7200334"><ele>9.0</ele><time>2025-03-02T10:01:12Z</time></trkpt>
    <trkpt lat="51.0546928" lon="3.7199753"><ele>9.9</ele><time>2025-03-02T10:01:14Z</time></trkpt>
    <trkpt lat="51.0547909" lon="3.7199243"><ele>9.2</ele><time>2025-03-02T10:01:15Z</time></trkpt>
    <trkpt lat="51.0548834" lon="3.7200442"><ele>8.7</ele><time>2025-03-02T10:01:17Z</time></trkpt>
    <trkpt lat="51.0549327" lon="3.7200676"><ele>9.0</ele><time>2025-03-02T10:01:18Z</time></trkpt>
    <trkpt lat="51.0550343" lon="3.7200269"><ele>9.2</ele><time>2025-03-02T10:01:20Z</time></trkpt>
    <trkpt lat="51.0551022" lon="3.7199850"><ele>9.1</ele><time>2025-03-02T10:01:21Z</time></trkpt>
    <trkpt lat="51.0552470" lon="3.7199640"><ele>9.2</ele><time>2025-03-02T10:01:22Z</time></trkpt>
    <trkpt lat="51.0552771" lon="3.7200553"><ele>8.3</ele><time>2025-03-02T10:01:24Z</time></trkpt>
    <trkpt lat="51.0553870" lon="3.7199204"><ele>8.6</ele><time>2025-03-02T10:01:25Z</time></trkpt>
    <trkpt lat="51.0554519" lon="3.7200170"><ele>8.6</ele><time>2025-03-02T10:01:27Z</time></trkpt>
    <trkpt lat="51.0555664" lon="3.7200141"><ele>9.5</ele><time>2025-03-02T10:01:28Z</time></trkpt>
    <trkpt lat="51.0556736" lon="3.7200334"><ele>8.7</ele><time>2025-03-02T10:01:30Z</time></trkpt>
    <trkpt lat="51.0558075" lon="3.7199721"><ele>9.1</ele><time>2025-03-02T10:01:31Z</time></trkpt>
    <trkpt lat="51.0558480" lon="3.7200145"><ele>9.2</ele><time>2025-03-02T10:01:32Z</time></trkpt>
    <trkpt lat="51.0559220" lon="3.7199975"><ele>9.0</ele><time>2025-03-02T10:01:34Z</time></trkpt>
    <trkpt lat="51.0560634" lon="3.7199301"><ele>9.2</ele><time>2025-03-02T10:01:35Z</time></trkpt>
    <trkpt lat="51.0561267" lon="3.7199558"><ele>9.6</ele><time>2025-03-02T10:01:37Z</time></trkpt>
    <trkpt lat="51.0561927" lon="3.7199510"><ele>9.9</ele><time>2025-03-02T10:01:38Z</time></trkpt>
    <trkpt lat="51.0563044" lon="3.7200237"><ele>9.7</ele><time>2025-03-02T10:01:40Z</time></trkpt>
    <trkpt lat="51.0563777" lon="3.7199990"><ele>10.0</ele><time>2025-03-02T10:01:41Z</time></trkpt>
    <trkpt lat="51.0564725" lon="3.7199971"><ele>9.6</ele><time>2025-03-02T10:01:42Z</time></trkpt>
    <trkpt lat="51.0565358" lon="3.7200050"><ele>10.1</ele><time>2025-03-02T10:01:44Z</time></trkpt>
    <trkpt lat="51.0566955" lon="3.7200012"><ele>9.6</ele><time>2025-03-02T10:01:45Z</time></trkpt>
    <trkpt lat="51.0567796" lon="3.7199706"><ele>9.3</ele><time>2025-03-02T10:01:47Z</time></trkpt>
    <trkpt lat="51.0568333" lon="3.7199724"><ele>8.5</ele><time>2025-03-02T10:01:48Z</time></trkpt>
    <trkpt lat="51.0569070" lon="3.7200186"><ele>9.3</ele><time>2025-03-02T10:01:50Z</time></trkpt>
    <trkpt lat="51.0570293" lon="3.7199712"><ele>9.5</ele><time>2025-03-02T10:01:51Z</time></trkpt>
    <trkpt lat="51.0571419" lon="3.7200433"><ele>9.5</ele><time>2025-03-02T10:01:52Z</time></trkpt>
    <trkpt lat="51.0572005" lon="3.7200072"><ele>9.1</ele><time>2025-03-02T10:01:54Z</time></trkpt>
    <trkpt lat="51.0572899" lon="3.7200562"><ele>9.1</ele><time>2025-03-02T10:01:55Z</time></trkpt>
    <trkpt lat="51.0572835" lon="3.7201472"><ele>9.5</ele><time>2025-03-02T10:01:57Z</time></trkpt>
    <trkpt lat="51.0572751" lon="3.7204143"><ele>9.1</ele><time>2025-03-02T10:01:58Z</time></trkpt>
    <trkpt lat="51.0572880" lon="3.7205067"><ele>9.5</ele><time>2025-03-02T10:02:00Z</time></trkpt>
    <trkpt lat="51.0572962" lon="3.7206270"><ele>9.2</ele><time>2025-03-02T10:02:01Z</time></trkpt>
    <trkpt lat="51.0572980" lon="3.7208244"><ele>9.7</ele><time>2025-03-02T10:02:02Z</time></trkpt>
    <trkpt lat="51.0572586" lon="3.7209150"><ele>9.5</ele><time>2025-03-02T10:02:04Z</time></trkpt>
    <trkpt lat="51.0573168" lon="3.7210717"><ele>9.9</ele><time>2025-03-02T10:02:05Z</time></trkpt>
    <trkpt lat="51.0572905" lon="3.7212149"><ele>9.1</ele><time>2025-03-02T10:02:07Z</time></trkpt>
    <trkpt lat="51.0572964" lon="3.7213574"><ele>9.3</ele><time>2025-03-02T10:02:08Z</time></trkpt>
    <trkpt lat="51.0573209" lon="3.7214620"><ele>9.1</ele><time>2025-03-02T10:02:10Z</time></trkpt>
    <trkpt lat="51.0573186" lon="3.7217043"><ele>10.1</ele><time>2025-03-02T10:02:11Z</time></trkpt>
    <trkpt lat="51.0573058" lon="3.7217558"><ele>8.9</ele><time>2025-03-02T10:02:12Z</time></trkpt>
    <trkpt lat="51.0572564" lon="3.7219161"><ele>9.2</ele><time>2025-03-02T10:02:14Z</time></trkpt>
    <trkpt lat="51.0573134" lon="3.7220535"><ele>9.9</ele><time>2025-03-02T10:02:15Z</time></trkpt>
    <trkpt lat="51.0572848" lon="3.7222010"><ele>9.1</ele><time>2025-03-02T10:02:17Z</time></trkpt>
    <trkpt lat="51.0572505" lon="3.7223156"><ele>9.4</ele><time>2025-03-02T10:02:18Z</time></trkpt>
    <trkpt lat="51.0572738" lon="3.7225212"><ele>9.7</ele><time>2025-03-02T10:02:20Z</time></trkpt>
    <trkpt lat="51.0572683" lon="3.7226004"><ele>9.3</ele><time>2025-03-02T10:02:21Z</time></trkpt>
    <trkpt lat="51.0572792" lon="3.7228168"><ele>9.8</ele><time>2025-03-02T10:02:22Z</time></trkpt>
    <trkpt lat="51.0572659" lon="3.7229146"><ele>8.7</ele><time>2025-03-02T10:02:24Z</time></trkpt>
    <trkpt lat="51.0572693" lon="3.7230528"><ele>9.9</ele><time>2025-03-02T10:02:25Z</time></trkpt>
    <trkpt lat="51.0572538" lon="3.7232285"><ele>9.9</ele><time>2025-03-02T10:02:27Z</time></trkpt>
    <trkpt lat="51.0572250" lon="3.7233744"><ele>9.1</ele><time>2025-03-02T10:02:28Z</time></trkpt>
    <trkpt lat="51.0572548" lon="3.7235065"><ele>9.2</ele><time>2025-03-02T10:02:30Z</time></trkpt>
    <trkpt lat="51.0572967" lon="3.7236591"><ele>9.7</ele><time>2025-03-02T10:02:31Z</time></trkpt>
    <trkpt lat="51.0572710" lon="3.7238050"><ele>10.5</ele><time>2025-03-02T10:02:32Z</time></trkpt>
    <trkpt lat="51.0573397" lon="3.7239444"><ele>9.4</ele><time>2025-03-02T10:02:34Z</time></trkpt>
    <trkpt lat="51.0572987" lon="3.7240883"><ele>9.5</ele><time>2025-03-02T10:02:35Z</time></trkpt>
    <trkpt lat="51.0572968" lon="3.7242220"><ele>9.9</ele><time>2025-03-02T10:02:37Z</time></trkpt>
    <trkpt lat="51.0572923" lon="3.7243649"><ele>9.7</ele><time>2025-03-02T10:02:38Z</time></trkpt>
    <trkpt lat="51.0572926" lon="3.7245480"><ele>9.8</ele><time>2025-03-02T10:02:40Z</time></trkpt>
    <trkpt lat="51.0572464" lon="3.7246436"><ele>9.2</ele><time>2025-03-02T10:02:41Z</time></trkpt>
    <trkpt lat="51.0572594" lon="3.7247482"><ele>9.3</ele><time>2025-03-02T10:02:42Z</time></trkpt>
    <trkpt lat="51.0572970" lon="3.7248604"><ele>9.3</ele><time>2025-03-02T10:02:44Z</time></trkpt>
    <trkpt lat="51.0572995" lon="3.7251105"><ele>9.0</ele><time>2025-03-02T10:02:45Z</time></trkpt>
    <trkpt lat="51.0572919" lon="3.7252012"><ele>9.2</ele><time>2025-03-02T10:02:47Z</time></trkpt>
    <trkpt lat="51.0572663" lon="3.7253386"><ele>9.2</ele><time>2025-03-02T10:02:48Z</time></trkpt>
    <trkpt lat="51.0572833" lon="3.7255041"><ele>10.0</ele><time>2025-03-02T10:02:50Z</time></trkpt>
    <trkpt lat="51.0572728" lon="3.7255609"><ele>9.4</ele><time>2025-03-02T10:02:51Z</time></trkpt>
    <trkpt lat="51.0573159" lon="3.7258323"><ele>9.8</ele><time>2025-03-02T10:02:52Z</time></trkpt>
    <trkpt lat="51.0573266" lon="3.7259569"><ele>9.8</ele><time>2025-03-02T10:02:54Z</time></trkpt>
    <trkpt lat="51.0572947" lon="3.7260561"><ele>9.2</ele><time>2025-03-02T10:02:55Z</time></trkpt>
    <trkpt lat="51.0572989" lon="3.7261990"><ele>9.3</ele><time>2025-03-02T10:02:57Z</time></trkpt>
    <trkpt lat="51.0572807" lon="3.7263533"><ele>9.0</ele><time>2025-03-02T10:02:58Z</time></trkpt>
    <trkpt lat="51.0573061" lon="3.7264408"><ele>9.5</ele><time>2025-03-02T10:03:00Z</time></trkpt>
    <trkpt lat="51.0572881" lon="3.7266644"><ele>9.5</ele><time>2025-03-02T10:03:01Z</time></trkpt>
    <trkpt lat="51.0572827" lon="3.7267868"><ele>10.0</ele><time>2025-03-02T10:03:02Z</time></trkpt>
    <trkpt lat="51.0572992" lon="3.7269557"><ele>9.0</ele><time>2025-03-02T10:03:04Z</time></trkpt>
    <trkpt lat="51.0572949" lon="3.7270433"><ele>9.9</ele><time>2025-03-02T10:03:05Z</time></trkpt>
    <trkpt lat="51.0572895" lon="3.7272034"><ele>9.7</ele><time>2025-03-02T10:03:07Z</time></trkpt>
    <trkpt lat="51.0572865" lon="3.7273515"><ele>9.0</ele><time>2025-03-02T10:03:08Z</time></trkpt>
    <trkpt lat="51.0572888" lon="3.7275336"><ele>9.2</ele><time>2025-03-02T10:03:10Z</time></trkpt>
    <trkpt lat="51.0572601" lon="3.7276287"><ele>8.8</ele><time>2025-03-02T10:03:11Z</time></trkpt>
    <trkpt lat="51.0572981" lon="3.7277113"><ele>8.9</ele><time>2025-03-02T10:03:12Z</time></trkpt>
    <trkpt lat="51.0572630" lon="3.7279214"><ele>8.7</ele><time>2025-03-02T10:03:14Z</time></trkpt>
    <trkpt lat="51.0572730" lon="3.7280379"><ele>9.1</ele><time>2025-03-02T10:03:15Z</time></trkpt>
    <trkpt lat="51.0572940" lon="3.7282639"><ele>9.2</ele><time>2025-03-02T10:03:17Z</time></trkpt>
    <trkpt lat="51.0572822" lon="3.7283760"><ele>9.9</ele><time>2025-03-02T10:03:18Z</time></trkpt>
    <trkpt lat="51.0573138" lon="3.7284319"><ele>8.9</ele><time>2025-03-02T10:03:20Z</time></trkpt>
    <trkpt lat="51.0572939" lon="3.7286040"><ele>8.9</ele><time>2025-03-02T10:03:21Z</time></trkpt>
    <trkpt lat="51.0572849" lon="3.7287168"><ele>9.2</ele><time>2025-03-02T10:03:23Z</time></trkpt>
    <trkpt lat="51.0573906" lon="3.7288116"><ele>9.0</ele><time>2025-03-02T10:03:24Z</time></trkpt>
    <trkpt lat="51.0574555" lon="3.7288479"><ele>9.3</ele><time>2025-03-02T10:03:26Z</time></trkpt>
    <trkpt lat="51.0575021" lon="3.7289076"><ele>9.3</ele><time>2025-03-02T10:03:27Z</time></trkpt>
    <trkpt lat="51.0576457" lon="3.7289015"><ele>9.3</ele><time>2025-03-02T10:03:28Z</time></trkpt>
    <trkpt lat="51.0577378" lon="3.7288302"><ele>9.1</ele><time>2025-03-02T10:03:30Z</time></trkpt>
    <trkpt lat="51.0577963" lon="3.7288746"><ele>9.2</ele><time>2025-03-02T10:03:31Z</time></trkpt>
    <trkpt lat="51.0578767" lon="3.7288646"><ele>9.7</ele><time>2025-03-02T10:03:33Z</time></trkpt>
    <trkpt lat="51.0579709" lon="3.7288654"><ele>9.2</ele><time>2025-03-02T10:03:34Z</time></trkpt>
    <trkpt lat="51.0580820" lon="3.7288744"><ele>8.8</ele><time>2025-03-02T10:03:36Z</time></trkpt>
    <trkpt lat="51.0581490" lon="3.7288617"><ele>8.6</ele><time>2025-03-02T10:03:37Z</time></trkpt>
    <trkpt lat="51.0583077" lon="3.7289117"><ele>10.0</ele><time>2025-03-02T10:03:38Z</time></trkpt>
    <trkpt lat="51.0583898" lon="3.7289504"><ele>8.8</ele><time>2025-03-02T10:03:40Z</time></trkpt>
    <trkpt lat="51.0584739" lon="3.7288496"><ele>9.0</ele><time>2025-03-02T10:03:41Z</time></trkpt>
    <trkpt lat="51.0585386" lon="3.7288572"><ele>9.4</ele><time>2025-03-02T10:03:43Z</time></trkpt>
    <trkpt lat="51.0586297" lon="3.7288211"><ele>9.4</ele><time>2025-03-02T10:03:44Z</time></trkpt>
    <trkpt lat="51.0587442" lon="3.7287967"><ele>9.5</ele><time>2025-03-02T10:03:46Z</time></trkpt>
    <trkpt lat="51.0588499" lon="3.7288408"><ele>9.3</ele><time>2025-03-02T10:03:47Z</time></trkpt>
    <trkpt lat="51.0589334" lon="3.7288869"><ele>8.1</ele><time>2025-03-02T10:03:48Z</time></trkpt>
    <trkpt lat="51.0590124" lon="3.7288702"><ele>9.7</ele><time>2025-03-02T10:03:50Z</time></trkpt>
    <trkpt lat="51.0590743" lon="3.7288686"><ele>8.8</ele><time>2025-03-02T10:03:51Z</time></trkpt>
    <trkpt lat="51.0591490" lon="3.7288580"><ele>8.1</ele><time>2025-03-02T10:03:53Z</time></trkpt>
    <trkpt lat="51.0592355" lon="3.7288490"><ele>8.8</ele><time>2025-03-02T10:03:54Z</time></trkpt>
    <trkpt lat="51.0593371" lon="3.7288536"><ele>9.1</ele><time>2025-03-02T10:03:56Z</time></trkpt>
    <trkpt lat="51.0594298" lon="3.7288675"><ele>8.8</ele><time>2025-03-02T10:03:57Z</time></trkpt>
    <trkpt lat="51.0595208" lon="3.7288662"><ele>9.0</ele><time>2025-03-02T10:03:58Z</time></trkpt>
    <trkpt lat="51.0596231" lon="3.7289192"><ele>8.8</ele><time>2025-03-02T10:04:00Z</time></trkpt>
    <trkpt lat="51.0596749" lon="3.7287967"><ele>7.8</ele><time>2025-03-02T10:04:01Z</time></trkpt>
    <trkpt lat="51.0598222" lon="3.7289013"><ele>8.8</ele><time>2025-03-02T10:04:03Z</time></trkpt>
    <trkpt lat="51.0598980" lon="3.7288533"><ele>9.2</ele><time>2025-03-02T10:04:04Z</time></trkpt>
    <trkpt lat="51.0599715" lon="3.7288080"><ele>8.8</ele><time>2025-03-02T10:04:06Z</time></trkpt>
    <trkpt lat="51.0600989" lon="3.7288250"><ele>9.2</ele><time>2025-03-02T10:04:07Z</time></trkpt>
    <trkpt lat="51.0601560" lon="3.7288484"><ele>8.7</ele><time>2025-03-02T10:04:08Z</time></trkpt>
    <trkpt lat="51.0602380" lon="3.7288520"><ele>9.3</ele><time>2025-03-02T10:04:10Z</time></trkpt>
    <trkpt lat="51.0603261" lon="3.7288702"><ele>8.6</ele><time>2025-03-02T10:04:11Z</time></trkpt>
    <trkpt lat="51.0604070" lon="3.7288794"><ele>8.2</ele><time>2025-03-02T10:04:13Z</time></trkpt>
    <trkpt lat="51.0605523" lon="3.7288651"><ele>8.6</ele><time>2025-03-02T10:04:14Z</time></trkpt>
    <trkpt lat="51.0606020" lon="3.7288758"><ele>9.3</ele><time>2025-03-02T10:04:16Z</time></trkpt>
    <trkpt lat="51.0606678" lon="3.7288871"><ele>9.5</ele><time>2025-03-02T10:04:17Z</time></trkpt>
    <trkpt lat="51.0607656" lon="3.7288704"><ele>8.6</ele><time>2025-03-02T10:04:18Z</time></trkpt>
    <trkpt lat="51.0609003" lon="3.7288724"><ele>8.7</ele><time>2025-03-02T10:04:20Z</time></trkpt>
    <trkpt lat="51.0609958" lon="3.7288437"><ele>9.4</ele><time>2025-03-02T10:04:21Z</time></trkpt>
    <trkpt lat="51.0610590" lon="3.7288575"><ele>8.9</ele><time>2025-03-02T10:04:23Z</time></trkpt>
    <trkpt lat="51.0611252" lon="3.7288594"><ele>9.1</ele><time>2025-03-02T10:04:24Z</time></trkpt>
    <trkpt lat="51.0611944" lon="3.7288311"><ele>8.9</ele><time>2025-03-02T10:04:26Z</time></trkpt>
    <trkpt lat="51.0613439" lon="3.7289117"><ele>8.4</ele><time>2025-03-02T10:04:27Z</time></trkpt>
    <trkpt lat="51.0613909" lon="3.7288615"><ele>8.4</ele><time>2025-03-02T10:04:28Z</time></trkpt>
    <trkpt lat="51.0614857" lon="3.7287825"><ele>9.2</ele><time>2025-03-02T10:04:30Z</time></trkpt>
    <trkpt lat="51.0616341" lon="3.7288285"><ele>8.7</ele><time>2025-03-02T10:04:31Z</time></trkpt>
    <trkpt lat="51.0617064" lon="3.7288002"><ele>8.2</ele><time>2025-03-02T10:04:33Z</time></trkpt>
    <trkpt lat="51.0617710" lon="3.7288901"><ele>8.4</ele><time>2025-03-02T10:04:34Z</time></trkpt>
    <trkpt lat="51.0618352" lon="3.7288641"><ele>8.3</ele><time>2025-03-02T10:04:36Z</time></trkpt>
    <trkpt lat="51.0619942" lon="3.7288983"><ele>8.3</ele><time>2025-03-02T10:04:37Z</time></trkpt>
    <trkpt lat="51.0620154" lon="3.7290502"><ele>9.0</ele><time>2025-03-02T10:04:39Z</time></trkpt>
    <trkpt lat="51.0620125" lon="3.7291766"><ele>8.1</ele><time>2025-03-02T10:04:40Z</time></trkpt>
    <trkpt lat="51.0619743" lon="3.7294183"><ele>8.6</ele><time>2025-03-02T10:04:42Z</time></trkpt>
    <trkpt lat="51.0620117" lon="3.7294579"><ele>8.2</ele><time>2025-03-02T10:04:43Z</time></trkpt>
    <trkpt lat="51.0620302" lon="3.7295970"><ele>8.8</ele><time>2025-03-02T10:04:44Z</time></trkpt>
    <trkpt lat="51.0620049" lon="3.7297531"><ele>8.5</ele><time>2025-03-02T10:04:46Z</time></trkpt>
    <trkpt lat="51.0620179" lon="3.7298957"><ele>8.7</ele><time>2025-03-02T10:04:47Z</time></trkpt>
    <trkpt lat="51.0619724" lon="3.7300580"><ele>8.4</ele><time>2025-03-02T10:04:49Z</time></trkpt>
    <trkpt lat="51.0620180" lon="3.7301456"><ele>8.2</ele><time>2025-03-02T10:04:50Z</time></trkpt>
    <trkpt lat="51.0620060" lon="3.7303372"><ele>8.7</ele><time>2025-03-02T10:04:52Z</time></trkpt>
    <trkpt lat="51.0620119" lon="3.7305176"><ele>7.7</ele><time>2025-03-02T10:04:53Z</time></trkpt>
    <trkpt lat="51.0620528" lon="3.7306120"><ele>8.0</ele><time>2025-03-02T10:04:54Z</time></trkpt>
    <trkpt lat="51.0620632" lon="3.7307517"><ele>9.0</ele><time>2025-03-02T10:04:56Z</time></trkpt>
    <trkpt lat="51.0620131" lon="3.7309202"><ele>7.7</ele><time>2025-03-02T10:04:57Z</time></trkpt>
    <trkpt lat="51.0620286" lon="3.7310985"><ele>7.6</ele><time>2025-03-02T10:04:59Z</time></trkpt>
    <trkpt lat="51.0620052" lon="3.7311782"><ele>8.2</ele><time>2025-03-02T10:05:00Z</time></trkpt>
    <trkpt lat="51.0620640" lon="3.7313015"><ele>7.8</ele><time>2025-03-02T10:05:02Z</time></trkpt>
    <trkpt lat="51.0620223" lon="3.7315201"><ele>8.2</ele><time>2025-03-02T10:05:03Z</time></trkpt>
    <trkpt lat="51.0620248" lon="3.7316266"><ele>7.8</ele><time>2025-03-02T10:05:04Z</time></trkpt>
    <trkpt lat="51.0620353" lon="3.7317399"><ele>8.5</ele><time>2025-03-02T10:05:06Z</time></trkpt>
    <trkpt lat="51.0619811" lon="3.7319099"><ele>7.5</ele><time>2025-03-02T10:05:07Z</time></trkpt>
    <trkpt lat="51.0620407" lon="3.7320920"><ele>8.3</ele><time>2025-03-02T10:05:09Z</time></trkpt>
    <trkpt lat="51.0620007" lon="3.7321953"><ele>8.3</ele><time>2025-03-02T10:05:10Z</time></trkpt>
    <trkpt lat="51.0620253" lon="3.7323669"><ele>7.8</ele><time>2025-03-02T10:05:12Z</time></trkpt>
    <trkpt lat="51.0619960" lon="3.7324795"><ele>8.0</ele><time>2025-03-02T10:05:13Z</time></trkpt>
    <trkpt lat="51.0619549" lon="3.7325699"><ele>7.6</ele><time>2025-03-02T10:05:14Z</time></trkpt>
    <trkpt lat="51.0619903" lon="3.7327587"><ele>8.2</ele><time>2025-03-02T10:05:16Z</time></trkpt>
    <trkpt lat="51.0620148" lon="3.7328745"><ele>7.8</ele><time>2025-03-02T10:05:17Z</time></trkpt>
    <trkpt lat="51.0619991" lon="3.7330886"><ele>7.9</ele><time>2025-03-02T10:05:19Z</time></trkpt>
    <trkpt lat="51.0620416" lon="3.7332208"><ele>7.4</ele><time>2025-03-02T10:05:20Z</time></trkpt>
    <trkpt lat="51.0619841" lon="3.7333751"><ele>7.5</ele><time>2025-03-02T10:05:22Z</time></trkpt>
    <trkpt lat="51.0620307" lon="3.7334353"><ele>7.4</ele><time>2025-03-02T10:05:23Z</time></trkpt>
    <trkpt lat="51.0620175" lon="3.7336288"><ele>7.8</ele><time>2025-03-02T10:05:24Z</time></trkpt>
    <trkpt lat="51.0620547" lon="3.7337670"><ele>8.5</ele><time>2025-03-02T10:05:26Z</time></trkpt>
    <trkpt lat="51.0620141" lon="3.7338633"><ele>7.7</ele><time>2025-03-02T10:05:27Z</time></trkpt>
    <trkpt lat="51.0619960" lon="3.7340312"><ele>8.0</ele><time>2025-03-02T10:05:29Z</time></trkpt>
    <trkpt lat="51.0619802" lon="3.7341482"><ele>7.8</ele><time>2025-03-02T10:05:30Z</time></trkpt>
    <trkpt lat="51.0620353" lon="3.7343328"><ele>8.0</ele><time>2025-03-02T10:05:32Z</time></trkpt>
    <trkpt lat="51.0619874" lon="3.7344331"><ele>7.9</ele><time>2025-03-02T10:05:33Z</time></trkpt>
    <trkpt lat="51.0620244" lon="3.7346161"><ele>8.2</ele><time>2025-03-02T10:05:34Z</time></trkpt>
    <trkpt lat="51.0619942" lon="3.7346694"><ele>7.9</ele><time>2025-03-02T10:05:36Z</time></trkpt>
    <trkpt lat="51.0620456" lon="3.7348536"><ele>7.6</ele><time>2025-03-02T10:05:37Z</time></trkpt>
    <trkpt lat="51.0620034" lon="3.7350559"><ele>7.8</ele><time>2025-03-02T10:05:39Z</time></trkpt>
    <trkpt lat="51.0620203" lon="3.7351916"><ele>7.1</ele><time>2025-03-02T10:05:40Z</time></trkpt>
    <trkpt lat="51.0620062" lon="3.7352519"><ele>7.9</ele><time>2025-03-02T10:05:42Z</time></trkpt>
    <trkpt lat="51.0620043" lon="3.7354538"><ele>8.0</ele><time>2025-03-02T10:05:43Z</time></trkpt>
    <trkpt lat="51.0619868" lon="3.7356286"><ele>7.6</ele><time>2025-03-02T10:05:44Z</time></trkpt>
    <trkpt lat="51.0620094" lon="3.7357404"><ele>7.5</ele><time>2025-03-02T10:05:46Z</time></trkpt>
    <trkpt lat="51.0620077" lon="3.7359114"><ele>7.7</ele><time>2025-03-02T10:05:47Z</time></trkpt>
    <trkpt lat="51.0620034" lon="3.7360344"><ele>7.3</ele><time>2025-03-02T10:05:49Z</time></trkpt>
    <trkpt lat="51.0620180" lon="3.7361857"><ele>8.1</ele><time>2025-03-02T10:05:50Z</time></trkpt>
    <trkpt lat="51.0619930" lon="3.7364069"><ele>7.2</ele><time>2025-03-02T10:05:52Z</time></trkpt>
    <trkpt lat="51.0619987" lon="3.7364987"><ele>7.5</ele><time>2025-03-02T10:05:53Z</time></trkpt>
    <trkpt lat="51.0620214" lon="3.7365590"><ele>6.8</ele><time>2025-03-02T10:05:54Z</time></trkpt>
    <trkpt lat="51.0619893" lon="3.7367822"><ele>7.5</ele><time>2025-03-02T10:05:56Z</time></trkpt>
    <trkpt lat="51.0619891" lon="3.7369244"><ele>7.3</ele><time>2025-03-02T10:05:57Z</time></trkpt>
    <trkpt lat="51.0619767" lon="3.7371076"><ele>7.4</ele><time>2025-03-02T10:05:59Z</time></trkpt>
    <trkpt lat="51.0620157" lon="3.7371038"><ele>7.3</ele><time>2025-03-02T10:06:00Z</time></trkpt>
    <trkpt lat="51.0619813" lon="3.7372774"><ele>7.8</ele><time>2025-03-02T10:06:02Z</time></trkpt>
    <trkpt lat="51.0619809" lon="3.7374836"><ele>7.6</ele><time>2025-03-02T10:06:03Z</time></trkpt>
    <trkpt lat="51.0619900" lon="3.7375696"><ele>7.4</ele><time>2025-03-02T10:06:04Z</time></trkpt>
    <trkpt lat="51.0620197" lon="3.7377411"><ele>7.7</ele><time>2025-03-02T10:06:06Z</time></trkpt>
    <trkpt lat="51.0620202" lon="3.7378652"><ele>7.4</ele><time>2025-03-02T10:06:07Z</time></trkpt>
    <trkpt lat="51.0620255" lon="3.7379715"><ele>7.6</ele><time>2025-03-02T10:06:09Z</time></trkpt>
    <trkpt lat="51.0620005" lon="3.7381242"><ele>7.6</ele><time>2025-03-02T10:06:10Z</time></trkpt>
    <trkpt lat="51.0619996" lon="3.7383476"><ele>7.1</ele><time>2025-03-02T10:06:12Z</time></trkpt>
    <trkpt lat="51.0619803" lon="3.7384476"><ele>7.2</ele><time>2025-03-02T10:06:13Z</time></trkpt>
    <trkpt lat="51.0619759" lon="3.7386759"><ele>7.1</ele><time>2025-03-02T10:06:14Z</time></trkpt>
    <trkpt lat="51.0620414" lon="3.7387101"><ele>6.5</ele><time>2025-03-02T10:06:16Z</time></trkpt>
    <trkpt lat="51.0620176" lon="3.7389180"><ele>6.8</ele><time>2025-03-02T10:06:17Z</time></trkpt>
    <trkpt lat="51.0620090" lon="3.7390178"><ele>7.8</ele><time>2025-03-02T10:06:19Z</time></trkpt>
    <trkpt lat="51.0620343" lon="3.7391815"><ele>7.5</ele><time>2025-03-02T10:06:20Z</time></trkpt>
    <trkpt lat="51.0620085" lon="3.7393177"><ele>7.1</ele><time>2025-03-02T10:06:22Z</time></trkpt>
    <trkpt lat="51.0620368" lon="3.7395151"><ele>7.4</ele><time>2025-03-02T10:06:23Z</time></trkpt>
    <trkpt lat="51.0620013" lon="3.7395763"><ele>7.3</ele><time>2025-03-02T10:06:24Z</time></trkpt>
    <trkpt lat="51.0619771" lon="3.7397358"><ele>6.4</ele><time>2025-03-02T10:06:26Z</time></trkpt>
    <trkpt lat="51.0620246" lon="3.7399013"><ele>7.2</ele><time>2025-03-02T10:06:27Z</time></trkpt>
    <trkpt lat="51.0619722" lon="3.7400827"><ele>6.3</ele><time>2025-03-02T10:06:29Z</time></trkpt>
    <trkpt lat="51.0620269" lon="3.7401741"><ele>6.6</ele><time>2025-03-02T10:06:30Z</time></trkpt>
    <trkpt lat="51.0620147" lon="3.7403216"><ele>6.8</ele><time>2025-03-02T10:06:32Z</time></trkpt>
    <trkpt lat="51.0619999" lon="3.7404252"><ele>6.9</ele><time>2025-03-02T10:06:33Z</time></trkpt>
    <trkpt lat="51.0620005" lon="3.7406237"><ele>6.5</ele><time>2025-03-02T10:06:34Z</time></trkpt>
    <trkpt lat="51.0619969" lon="3.7407020"><ele>7.1</ele><time>2025-03-02T10:06:36Z</time></trkpt>
    <trkpt lat="51.0619988" lon="3.7408524"><ele>7.1</ele><time>2025-03-02T10:06:37Z</time></trkpt>
    <trkpt lat="51.0620529" lon="3.7410348"><ele>7.1</ele><time>2025-03-02T10:06:39Z</time></trkpt>
    <trkpt lat="51.0620545" lon="3.7411905"><ele>6.1</ele><time>2025-03-02T10:06:40Z</time></trkpt>
    <trkpt lat="51.0619893" lon="3.7412491"><ele>6.9</ele><time>2025-03-02T10:06:42Z</time></trkpt>
    <trkpt lat="51.0620221" lon="3.7414953"><ele>6.6</ele><time>2025-03-02T10:06:43Z</time></trkpt>
    <trkpt lat="51.0620149" lon="3.7415444"><ele>6.7</ele><time>2025-03-02T10:06:44Z</time></trkpt>
    <trkpt lat="51.0619785" lon="3.7417037"><ele>7.1</ele><time>2025-03-02T10:06:46Z</time></trkpt>
    <trkpt lat="51.0620108" lon="3.7418706"><ele>6.8</ele><time>2025-03-02T10:06:47Z</time></trkpt>
    <trkpt lat="51.0619955" lon="3.7419960"><ele>6.5</ele><time>2025-03-02T10:06:49Z</time></trkpt>
    <trkpt lat="51.0619905" lon="3.7421630"><ele>7.0</ele><time>2025-03-02T10:06:50Z</time></trkpt>
    <trkpt lat="51.0620113" lon="3.7422728"><ele>6.8</ele><time>2025-03-02T10:06:52Z</time></trkpt>
    <trkpt lat="51.0619382" lon="3.7424721"><ele>7.0</ele><time>2025-03-02T10:06:53Z</time></trkpt>
    <trkpt lat="51.0619956" lon="3.7426053"><ele>6.6</ele><time>2025-03-02T10:06:54Z</time></trkpt>
    <trkpt lat="51.0619722" lon="3.7427212"><ele>7.9</ele><time>2025-03-02T10:06:56Z</time></trkpt>
    <trkpt lat="51.0620148" lon="3.7428700"><ele>6.2</ele><time>2025-03-02T10:06:57Z</time></trkpt>
    <trkpt lat="51.0619515" lon="3.7430036"><ele>6.6</ele><time>2025-03-02T10:06:59Z</time></trkpt>
    <trkpt lat="51.0620042" lon="3.7431303"><ele>6.8</ele><time>2025-03-02T10:07:00Z</time></trkpt>
    <trkpt lat="51.0620049" lon="3.7433522"><ele>6.2</ele><time>2025-03-02T10:07:02Z</time></trkpt>
    <trkpt lat="51.0620167" lon="3.7434284"><ele>7.4</ele><time>2025-03-02T10:07:03Z</time></trkpt>
    <trkpt lat="51.0619754" lon="3.7435008"><ele>6.3</ele><time>2025-03-02T10:07:04Z</time></trkpt>
    <trkpt lat="51.0620175" lon="3.7437252"><ele>7.2</ele><time>2025-03-02T10:07:06Z</time></trkpt>
    <trkpt lat="51.0620356" lon="3.7438946"><ele>6.3</ele><time>2025-03-02T10:07:07Z</time></trkpt>
    <trkpt lat="51.0619664" lon="3.7439871"><ele>6.3</ele><time>2025-03-02T10:07:09Z</time></trkpt>
    <trkpt lat="51.0620029" lon="3.7441824"><ele>7.4</ele><time>2025-03-02T10:07:10Z</time></trkpt>
    <trkpt lat="51.0619802" lon="3.7442893"><ele>6.8</ele><time>2025-03-02T10:07:12Z</time></trkpt>
    <trkpt lat="51.0620208" lon="3.7443705"><ele>6.7</ele><time>2025-03-02T10:07:13Z</time></trkpt>
    <trkpt lat="51.0620128" lon="3.7445353"><ele>6.6</ele><time>2025-03-02T10:07:14Z</time></trkpt>
    <trkpt lat="51.0619959" lon="3.7447717"><ele>6.3</ele><time>2025-03-02T10:07:16Z</time></trkpt>
    <trkpt lat="51.0619986" lon="3.7448697"><ele>6.1</ele><time>2025-03-02T10:07:17Z</time></trkpt>
    <trkpt lat="51.0620231" lon="3.7450451"><ele>6.2</ele><time>2025-03-02T10:07:19Z</time></trkpt>
    <trkpt lat="51.0619770" lon="3.7451343"><ele>6.3</ele><time>2025-03-02T10:07:20Z</time></trkpt>
    <trkpt lat="51.0620007" lon="3.7452725"><ele>6.8</ele><time>2025-03-02T10:07:22Z</time></trkpt>
    <trkpt lat="51.0619801" lon="3.7454932"><ele>6.2</ele><time>2025-03-02T10:07:23Z</time></trkpt>
    <trkpt lat="51.0619999" lon="3.7455405"><ele>6.8</ele><time>2025-03-02T10:07:24Z</time></trkpt>
    <trkpt lat="51.0620003" lon="3.7456925"><ele>6.1</ele><time>2025-03-02T10:07:26Z</time></trkpt>
    <trkpt lat="51.0619884" lon="3.7458161"><ele>6.8</ele><time>2025-03-02T10:07:27Z</time></trkpt>
    <trkpt lat="51.0619607" lon="3.7459963"><ele>6.0</ele><time>2025-03-02T10:07:29Z</time></trkpt>
    <trkpt lat="51.0620446" lon="3.7461403"><ele>6.0</ele><time>2025-03-02T10:07:30Z</time></trkpt>
    <trkpt lat="51.0620221" lon="3.7463948"><ele>6.9</ele><time>2025-03-02T10:07:32Z</time></trkpt>
    <trkpt lat="51.0619428" lon="3.7464703"><ele>6.5</ele><time>2025-03-02T10:07:33Z</time></trkpt>
    <trkpt lat="51.0620119" lon="3.7465887"><ele>6.9</ele><time>2025-03-02T10:07:34Z</time></trkpt>
    <trkpt lat="51.0619823" lon="3.7467201"><ele>6.6</ele><time>2025-03-02T10:07:36Z</time></trkpt>
    <trkpt lat="51.0620105" lon="3.7468714"><ele>6.3</ele><time>2025-03-02T10:07:37Z</time></trkpt>
    <trkpt lat="51.0619310" lon="3.7470068"><ele>6.5</ele><time>2025-03-02T10:07:39Z</time></trkpt>
    <trkpt lat="51.0620030" lon="3.7471886"><ele>6.4</ele><time>2025-03-02T10:07:40Z</time></trkpt>
    <trkpt lat="51.0619940" lon="3.7473165"><ele>6.3</ele><time>2025-03-02T10:07:42Z</time></trkpt>
    <trkpt lat="51.0620406" lon="3.7474990"><ele>5.7</ele><time>2025-03-02T10:07:43Z</time></trkpt>
    <trkpt lat="51.0620080" lon="3.7475591"><ele>6.7</ele><time>2025-03-02T10:07:44Z</time></trkpt>
    <trkpt lat="51.0619887" lon="3.7476805"><ele>6.7</ele><time>2025-03-02T10:07:46Z</time></trkpt>
    <trkpt lat="51.0619804" lon="3.7479093"><ele>6.3</ele><time>2025-03-02T10:07:47Z</time></trkpt>
    <trkpt lat="51.0620273" lon="3.7479988"><ele>6.6</ele><time>2025-03-02T10:07:49Z</time></trkpt>
    <trkpt lat="51.0620445" lon="3.7481671"><ele>6.8</ele><time>2025-03-02T10:07:50Z</time></trkpt>
    <trkpt lat="51.0620385" lon="3.7482995"><ele>7.1</ele><time>2025-03-02T10:07:52Z</time></trkpt>
    <trkpt lat="51.0620448" lon="3.7484909"><ele>6.6</ele><time>2025-03-02T10:07:53Z</time></trkpt>
    <trkpt lat="51.0619951" lon="3.7485082"><ele>6.5</ele><time>2025-03-02T10:07:54Z</time></trkpt>
    <trkpt lat="51.0620208" lon="3.7487237"><ele>6.6</ele><time>2025-03-02T10:07:56Z</time></trkpt>
    <trkpt lat="51.0620169" lon="3.7489386"><ele>6.9</ele><time>2025-03-02T10:07:57Z</time></trkpt>
    <trkpt lat="51.0620375" lon="3.7490547"><ele>6.3</ele><time>2025-03-02T10:07:59Z</time></trkpt>
    <trkpt lat="51.0620036" lon="3.7492067"><ele>5.7</ele><time>2025-03-02T10:08:00Z</time></trkpt>
    <trkpt lat="51.0620104" lon="3.7493597"><ele>7.0</ele><time>2025-03-02T10:08:02Z</time></trkpt>
    <trkpt lat="51.0620189" lon="3.7494020"><ele>6.2</ele><time>2025-03-02T10:08:03Z</time></trkpt>
    <trkpt lat="51.0620392" lon="3.7496696"><ele>6.5</ele><time>2025-03-02T10:08:04Z</time></trkpt>
    <trkpt lat="51.0620055" lon="3.7496382"><ele>6.6</ele><time>2025-03-02T10:08:06Z</time></trkpt>
    <trkpt lat="51.0620125" lon="3.7498648"><ele>6.4</ele><time>2025-03-02T10:08:07Z</time></trkpt>
    <trkpt lat="51.0620139" lon="3.7500338"><ele>6.2</ele><time>2025-03-02T10:08:09Z</time></trkpt>
    <trkpt lat="51.0620166" lon="3.7501835"><ele>6.5</ele><time>2025-03-02T10:08:10Z</time></trkpt>
    <trkpt lat="51.0619831" lon="3.7502708"><ele>7.5</ele><time>2025-03-02T10:08:12Z</time></trkpt>
    <trkpt lat="51.0620221" lon="3.7505235"><ele>6.4</ele><time>2025-03-02T10:08:13Z</time></trkpt>
    <trkpt lat="51.0619863" lon="3.7506084"><ele>6.1</ele><time>2025-03-02T10:08:14Z</time></trkpt>
    <trkpt lat="51.0619905" lon="3.7506518"><ele>6.3</ele><time>2025-03-02T10:08:16Z</time></trkpt>
    <trkpt lat="51.0620123" lon="3.7509048"><ele>6.3</ele><time>2025-03-02T10:08:17Z</time></trkpt>
    <trkpt lat="51.0620005" lon="3.7509961"><ele>6.5</ele><time>2025-03-02T10:08:19Z</time></trkpt>
    <trkpt lat="51.0620298" lon="3.7511515"><ele>5.9</ele><time>2025-03-02T10:08:20Z</time></trkpt>
    <trkpt lat="51.0620061" lon="3.7513012"><ele>6.9</ele><time>2025-03-02T10:08:22Z</time></trkpt>
    <trkpt lat="51.0619857" lon="3.7514343"><ele>6.9</ele><time>2025-03-02T10:08:23Z</time></trkpt>
    <trkpt lat="51.0619863" lon="3.7516205"><ele>7.0</ele><time>2025-03-02T10:08:24Z</time></trkpt>
    <trkpt lat="51.0619924" lon="3.7518158"><ele>6.9</ele><time>2025-03-02T10:08:26Z</time></trkpt>
    <trkpt lat="51.0620096" lon="3.7517729"><ele>6.2</ele><time>2025-03-02T10:08:27Z</time></trkpt>
    <trkpt lat="51.0619991" lon="3.7520250"><ele>6.7</ele><time>2025-03-02T10:08:29Z</time></trkpt>
    <trkpt lat="51.0620256" lon="3.7521917"><ele>7.0</ele><time>2025-03-02T10:08:30Z</time></trkpt>
    <trkpt lat="51.0619994" lon="3.7522700"><ele>6.6</ele><time>2025-03-02T10:08:32Z</time></trkpt>
    <trkpt lat="51.0619858" lon="3.7524211"><ele>6.7</ele><time>2025-03-02T10:08:33Z</time></trkpt>
    <trkpt lat="51.0619989" lon="3.7525971"><ele>6.2</ele><time>2025-03-02T10:08:34Z</time></trkpt>
    <trkpt lat="51.0619898" lon="3.7527598"><ele>7.4</ele><time>2025-03-02T10:08:36Z</time></trkpt>
    <trkpt lat="51.0620094" lon="3.7528747"><ele>7.2</ele><time>2025-03-02T10:08:37Z</time></trkpt>
    <trkpt lat="51.0619760" lon="3.7530103"><ele>6.7</ele><time>2025-03-02T10:08:39Z</time></trkpt>
    <trkpt lat="51.0619924" lon="3.7530751"><ele>6.7</ele><time>2025-03-02T10:08:40Z</time></trkpt>
    <trkpt lat="51.0619058" lon="3.7532390"><ele>7.4</ele><time>2025-03-02T10:08:42Z</time></trkpt>
    <trkpt lat="51.0618044" lon="3.7532259"><ele>7.9</ele><time>2025-03-02T10:08:43Z</time></trkpt>
    <trkpt lat="51.0617424" lon="3.7532199"><ele>6.6</ele><time>2025-03-02T10:08:44Z</time></trkpt>
    <trkpt lat="51.0616334" lon="3.7532084"><ele>6.5</ele><time>2025-03-02T10:08:46Z</time></trkpt>
    <trkpt lat="51.0615395" lon="3.7532179"><ele>6.5</ele><time>2025-03-02T10:08:47Z</time></trkpt>
    <trkpt lat="51.0614471" lon="3.7531898"><ele>5.8</ele><time>2025-03-02T10:08:49Z</time></trkpt>
    <trkpt lat="51.0613049" lon="3.7532288"><ele>6.6</ele><time>2025-03-02T10:08:50Z</time></trkpt>
    <trkpt lat="51.0612594" lon="3.7532142"><ele>6.8</ele><time>2025-03-02T10:08:52Z</time></trkpt>
    <trkpt lat="51.0611874" lon="3.7532846"><ele>6.6</ele><time>2025-03-02T10:08:53Z</time></trkpt>
    <trkpt lat="51.0610779" lon="3.7532298"><ele>6.0</ele><time>2025-03-02T10:08:54Z</time></trkpt>
    <trkpt lat="51.0610177" lon="3.7531880"><ele>6.7</ele><time>2025-03-02T10:08:56Z</time></trkpt>
    <trkpt lat="51.0609295" lon="3.7532362"><ele>6.0</ele><time>2025-03-02T10:08:57Z</time></trkpt>
    <trkpt lat="51.0608041" lon="3.7531617"><ele>6.3</ele><time>2025-03-02T10:08:59Z</time></trkpt>
    <trkpt lat="51.0607130" lon="3.7532363"><ele>6.3</ele><time>2025-03-02T10:09:00Z</time></trkpt>
    <trkpt lat="51.0606122" lon="3.7532633"><ele>6.3</ele><time>2025-03-02T10:09:02Z</time></trkpt>
    <trkpt lat="51.0605557" lon="3.7532584"><ele>6.8</ele><time>2025-03-02T10:09:03Z</time></trkpt>
    <trkpt lat="51.0604494" lon="3.7532339"><ele>6.7</ele><time>2025-03-02T10:09:04Z</time></trkpt>
    <trkpt lat="51.0604009" lon="3.7532014"><ele>6.8</ele><time>2025-03-02T10:09:06Z</time></trkpt>
    <trkpt lat="51.0602549" lon="3.7531648"><ele>7.1</ele><time>2025-03-02T10:09:07Z</time></trkpt>
    <trkpt lat="51.0601608" lon="3.7531633"><ele>6.6</ele><time>2025-03-02T10:09:09Z</time></trkpt>
    <trkpt lat="51.0601092" lon="3.7531549"><ele>7.7</ele><time>2025-03-02T10:09:10Z</time></trkpt>
    <trkpt lat="51.0600184" lon="3.7532834"><ele>7.5</ele><time>2025-03-02T10:09:12Z</time></trkpt>
    <trkpt lat="51.0599249" lon="3.7532224"><ele>7.2</ele><time>2025-03-02T10:09:13Z</time></trkpt>
    <trkpt lat="51.0598248" lon="3.7532171"><ele>6.9</ele><time>2025-03-02T10:09:14Z</time></trkpt>
    <trkpt lat="51.0597530" lon="3.7532045"><ele>7.4</ele><time>2025-03-02T10:09:16Z</time></trkpt>
    <trkpt lat="51.0596431" lon="3.7531706"><ele>6.5</ele><time>2025-03-02T10:09:17Z</time></trkpt>
    <trkpt lat="51.0595818" lon="3.7532729"><ele>7.1</ele><time>2025-03-02T10:09:19Z</time></trkpt>
    <trkpt lat="51.0594967" lon="3.7531793"><ele>6.6</ele><time>2025-03-02T10:09:20Z</time></trkpt>
    <trkpt lat="51.0593687" lon="3.7531562"><ele>7.5</ele><time>2025-03-02T10:09:22Z</time></trkpt>
    <trkpt lat="51.0592854" lon="3.7532098"><ele>6.8</ele><time>2025-03-02T10:09:23Z</time></trkpt>
    <trkpt lat="51.0591855" lon="3.7532459"><ele>6.8</ele><time>2025-03-02T10:09:24Z</time></trkpt>
    <trkpt lat="51.0591295" lon="3.7532329"><ele>7.0</ele><time>2025-03-02T10:09:26Z</time></trkpt>
    <trkpt lat="51.0590344" lon="3.7532308"><ele>6.3</ele><time>2025-03-02T10:09:27Z</time></trkpt>
    <trkpt lat="51.0589224" lon="3.7532147"><ele>7.1</ele><time>2025-03-02T10:09:29Z</time></trkpt>
    <trkpt lat="51.0588524" lon="3.7532124"><ele>7.5</ele><time>2025-03-02T10:09:30Z</time></trkpt>
    <trkpt lat="51.0587412" lon="3.7531787"><ele>7.0</ele><time>2025-03-02T10:09:32Z</time></trkpt>
    <trkpt lat="51.0586312" lon="3.7532116"><ele>7.2</ele><time>2025-03-02T10:09:33Z</time></trkpt>
    <trkpt lat="51.0585632" lon="3.7532409"><ele>6.5</ele><time>2025-03-02T10:09:34Z</time></trkpt>
    <trkpt lat="51.0585181" lon="3.7532397"><ele>7.4</ele><time>2025-03-02T10:09:36Z</time></trkpt>
    <trkpt lat="51.0584231" lon="3.7532685"><ele>7.2</ele><time>2025-03-02T10:09:37Z</time></trkpt>
    <trkpt lat="51.0583604" lon="3.7532046"><ele>7.6</ele><time>2025-03-02T10:09:39Z</time></trkpt>
    <trkpt lat="51.0582468" lon="3.7532003"><ele>7.0</ele><time>2025-03-02T10:09:40Z</time></trkpt>
    <trkpt lat="51.0581584" lon="3.7531998"><ele>7.7</ele><time>2025-03-02T10:09:42Z</time></trkpt>
    <trkpt lat="51.0580597" lon="3.7531975"><ele>7.6</ele><time>2025-03-02T10:09:43Z</time></trkpt>
    <trkpt lat="51.0579448" lon="3.7531367"><ele>7.7</ele><time>2025-03-02T10:09:44Z</time></trkpt>
    <trkpt lat="51.0578352" lon="3.7532227"><ele>7.7</ele><time>2025-03-02T10:09:46Z</time></trkpt>
    <trkpt lat="51.0577870" lon="3.7531950"><ele>7.5</ele><time>2025-03-02T10:09:47Z</time></trkpt>
    <trkpt lat="51.0576621" lon="3.7532540"><ele>8.2</ele><time>2025-03-02T10:09:49Z</time></trkpt>
    <trkpt lat="51.0575839" lon="3.7532058"><ele>7.2</ele><time>2025-03-02T10:09:50Z</time></trkpt>
    <trkpt lat="51.0575023" lon="3.7532100"><ele>7.3</ele><time>2025-03-02T10:09:52Z</time></trkpt>
    <trkpt lat="51.0574221" lon="3.7532378"><ele>7.4</ele><time>2025-03-02T10:09:53Z</time></trkpt>
    <trkpt lat="51.0573242" lon="3.7532118"><ele>7.9</ele><time>2025-03-02T10:09:54Z</time></trkpt>
    <trkpt lat="51.0572084" lon="3.7532613"><ele>7.8</ele><time>2025-03-02T10:09:56Z</time></trkpt>
    <trkpt lat="51.0571091" lon="3.7532395"><ele>7.7</ele><time>2025-03-02T10:09:57Z</time></trkpt>
    <trkpt lat="51.0570384" lon="3.7532733"><ele>7.1</ele><time>2025-03-02T10:09:59Z</time></trkpt>
    <trkpt lat="51.0569602" lon="3.7531367"><ele>7.5</ele><time>2025-03-02T10:10:00Z</time></trkpt>
    <trkpt lat="51.0568883" lon="3.7532084"><ele>7.1</ele><time>2025-03-02T10:10:02Z</time></trkpt>
    <trkpt lat="51.0568193" lon="3.7532093"><ele>8.2</ele><time>2025-03-02T10:10:03Z</time></trkpt>
    <trkpt lat="51.0566493" lon="3.7531914"><ele>7.8</ele><time>2025-03-02T10:10:04Z</time></trkpt>
    <trkpt lat="51.0566047" lon="3.7532258"><ele>7.3</ele><time>2025-03-02T10:10:06Z</time></trkpt>
    <trkpt lat="51.0564906" lon="3.7532399"><ele>7.2</ele><time>2025-03-02T10:10:07Z</time></trkpt>
    <trkpt lat="51.0564188" lon="3.7531813"><ele>7.7</ele><time>2025-03-02T10:10:09Z</time></trkpt>
    <trkpt lat="51.0563391" lon="3.7531701"><ele>8.2</ele><time>2025-03-02T10:10:10Z</time></trkpt>
    <trkpt lat="51.0562519" lon="3.7531541"><ele>7.4</ele><time>2025-03-02T10:10:12Z</time></trkpt>
    <trkpt lat="51.0561540" lon="3.7531165"><ele>7.3</ele><time>2025-03-02T10:10:13Z</time></trkpt>
    <trkpt lat="51.0560453" lon="3.7532009"><ele>6.6</ele><time>2025-03-02T10:10:14Z</time></trkpt>
    <trkpt lat="51.0559890" lon="3.7531790"><ele>8.1</ele><time>2025-03-02T10:10:16Z</time></trkpt>
    <trkpt lat="51.0558970" lon="3.7531639"><ele>8.1</ele><time>2025-03-02T10:10:17Z</time></trkpt>
    <trkpt lat="51.0558360" lon="3.7532653"><ele>8.5</ele><time>2025-03-02T10:10:19Z</time></trkpt>
    <trkpt lat="51.0557179" lon="3.7532598"><ele>7.9</ele><time>2025-03-02T10:10:20Z</time></trkpt>
    <trkpt lat="51.0556097" lon="3.7531696"><ele>8.3</ele><time>2025-03-02T10:10:22Z</time></trkpt>
    <trkpt lat="51.0555069" lon="3.7532457"><ele>7.0</ele><time>2025-03-02T10:10:23Z</time></trkpt>
    <trkpt lat="51.0553915" lon="3.7531809"><ele>8.0</ele><time>2025-03-02T10:10:24Z</time></trkpt>
    <trkpt lat="51.0553179" lon="3.7531603"><ele>7.8</ele><time>2025-03-02T10:10:26Z</time></trkpt>
    <trkpt lat="51.0552554" lon="3.7532012"><ele>8.3</ele><time>2025-03-02T10:10:27Z</time></trkpt>
    <trkpt lat="51.0551924" lon="3.7532232"><ele>7.7</ele><time>2025-03-02T10:10:29Z</time></trkpt>
    <trkpt lat="51.0551384" lon="3.7532313"><ele>8.2</ele><time>2025-03-02T10:10:30Z</time></trkpt>
    <trkpt lat="51.0549845" lon="3.7531902"><ele>8.0</ele><time>2025-03-02T10:10:32Z</time></trkpt>
    <trkpt lat="51.0549260" lon="3.7532011"><ele>8.8</ele><time>2025-03-02T10:10:33Z</time></trkpt>
    <trkpt lat="51.0547849" lon="3.7531976"><ele>8.5</ele><time>2025-03-02T10:10:34Z</time></trkpt>
    <trkpt lat="51.0547145" lon="3.7532569"><ele>8.5</ele><time>2025-03-02T10:10:36Z</time></trkpt>
    <trkpt lat="51.0546546" lon="3.7532047"><ele>8.1</ele><time>2025-03-02T10:10:37Z</time></trkpt>
    <trkpt lat="51.0545496" lon="3.7532261"><ele>7.8</ele><time>2025-03-02T10:10:39Z</time></trkpt>
    <trkpt lat="51.0544495" lon="3.7532231"><ele>8.6</ele><time>2025-03-02T10:10:40Z</time></trkpt>
    <trkpt lat="51.0543079" lon="3.7531915"><ele>7.9</ele><time>2025-03-02T10:10:42Z</time></trkpt>
    <trkpt lat="51.0542656" lon="3.7532307"><ele>8.4</ele><time>2025-03-02T10:10:43Z</time></trkpt>
    <trkpt lat="51.0541959" lon="3.7532672"><ele>8.6</ele><time>2025-03-02T10:10:44Z</time></trkpt>
    <trkpt lat="51.0540623" lon="3.7532235"><ele>8.2</ele><time>2025-03-02T10:10:46Z</time></trkpt>
    <trkpt lat="51.0539727" lon="3.7532047"><ele>8.3</ele><time>2025-03-02T10:10:47Z</time></trkpt>
    <trkpt lat="51.0538844" lon="3.7531975"><ele>7.9</ele><time>2025-03-02T10:10:49Z</time></trkpt>
    <trkpt lat="51.0538520" lon="3.7531489"><ele>8.0</ele><time>2025-03-02T10:10:50Z</time></trkpt>
    <trkpt lat="51.0536692" lon="3.7531887"><ele>8.3</ele><time>2025-03-02T10:10:52Z</time></trkpt>
    <trkpt lat="51.0536419" lon="3.7532166"><ele>8.0</ele><time>2025-03-02T10:10:53Z</time></trkpt>
    <trkpt lat="51.0535920" lon="3.7531692"><ele>8.2</ele><time>2025-03-02T10:10:54Z</time></trkpt>
    <trkpt lat="51.0534564" lon="3.7532245"><ele>8.4</ele><time>2025-03-02T10:10:56Z</time></trkpt>
    <trkpt lat="51.0533763" lon="3.7532657"><ele>8.7</ele><time>2025-03-02T10:10:57Z</time></trkpt>
    <trkpt lat="51.0532939" lon="3.7532636"><ele>8.5</ele><time>2025-03-02T10:10:59Z</time></trkpt>
    <trkpt lat="51.0532046" lon="3.7531735"><ele>8.5</ele><time>2025-03-02T10:11:00Z</time></trkpt>
    <trkpt lat="51.0531106" lon="3.7531595"><ele>9.2</ele><time>2025-03-02T10:11:02Z</time></trkpt>
    <trkpt lat="51.0530135" lon="3.7532493"><ele>9.2</ele><time>2025-03-02T10:11:03Z</time></trkpt>
    <trkpt lat="51.0528918" lon="3.7532320"><ele>8.6</ele><time>2025-03-02T10:11:04Z</time></trkpt>
    <trkpt lat="51.0528192" lon="3.7532373"><ele>8.2</ele><time>2025-03-02T10:11:06Z</time></trkpt>
    <trkpt lat="51.0527707" lon="3.7531675"><ele>8.9</ele><time>2025-03-02T10:11:07Z</time></trkpt>
    <trkpt lat="51.0526766" lon="3.7531815"><ele>8.6</ele><time>2025-03-02T10:11:09Z</time></trkpt>
    <trkpt lat="51.0525379" lon="3.7531805"><ele>8.9</ele><time>2025-03-02T10:11:10Z</time></trkpt>
    <trkpt lat="51.0524833" lon="3.7532499"><ele>8.5</ele><time>2025-03-02T10:11:12Z</time></trkpt>
    <trkpt lat="51.0523498" lon="3.7531233"><ele>8.8</ele><time>2025-03-02T10:11:13Z</time></trkpt>
    <trkpt lat="51.0522571" lon="3.7531739"><ele>8.2</ele><time>2025-03-02T10:11:14Z</time></trkpt>
    <trkpt lat="51.0522282" lon="3.7531358"><ele>7.8</ele><time>2025-03-02T10:11:16Z</time></trkpt>
    <trkpt lat="51.0521167" lon="3.7531704"><ele>8.9</ele><time>2025-03-02T10:11:17Z</time></trkpt>
    <trkpt lat="51.0519957" lon="3.7532495"><ele>8.7</ele><time>2025-03-02T10:11:19Z</time></trkpt>
    <trkpt lat="51.0519080" lon="3.7532790"><ele>8.9</ele><time>2025-03-02T10:11:20Z</time></trkpt>
    <trkpt lat="51.0517983" lon="3.7531850"><ele>8.4</ele><time>2025-03-02T10:11:22Z</time></trkpt>
    <trkpt lat="51.0517660" lon="3.7531755"><ele>9.1</ele><time>2025-03-02T10:11:23Z</time></trkpt>
    <trkpt lat="51.0516351" lon="3.7532913"><ele>8.6</ele><time>2025-03-02T10:11:24Z</time></trkpt>
    <trkpt lat="51.0515535" lon="3.7532299"><ele>8.4</ele><time>2025-03-02T10:11:26Z</time></trkpt>
    <trkpt lat="51.0514986" lon="3.7532048"><ele>8.6</ele><time>2025-03-02T10:11:27Z</time></trkpt>
    <trkpt lat="51.0513736" lon="3.7532743"><ele>9.3</ele><time>2025-03-02T10:11:29Z</time></trkpt>
    <trkpt lat="51.0512847" lon="3.7532424"><ele>8.9</ele><time>2025-03-02T10:11:30Z</time></trkpt>
    <trkpt lat="51.0511787" lon="3.7532586"><ele>9.3</ele><time>2025-03-02T10:11:32Z</time></trkpt>
    <trkpt lat="51.0511381" lon="3.7532042"><ele>9.4</ele><time>2025-03-02T10:11:33Z</time></trkpt>
    <trkpt lat="51.0510128" lon="3.7532265"><ele>9.0</ele><time>2025-03-02T10:11:34Z</time></trkpt>
    <trkpt lat="51.0508896" lon="3.7531707"><ele>9.7</ele><time>2025-03-02T10:11:36Z</time></trkpt>
    <trkpt lat="51.0507918" lon="3.7531815"><ele>9.1</ele><time>2025-03-02T10:11:37Z</time></trkpt>
    <trkpt lat="51.0507671" lon="3.7531453"><ele>9.6</ele><time>2025-03-02T10:11:39Z</time></trkpt>
    <trkpt lat="51.0506909" lon="3.7532608"><ele>8.8</ele><time>2025-03-02T10:11:40Z</time></trkpt>
    <trkpt lat="51.0505284" lon="3.7531779"><ele>8.5</ele><time>2025-03-02T10:11:42Z</time></trkpt>
    <trkpt lat="51.0504714" lon="3.7531991"><ele>9.7</ele><time>2025-03-02T10:11:43Z</time></trkpt>
    <trkpt lat="51.0503913" lon="3.7531971"><ele>9.4</ele><time>2025-03-02T10:11:44Z</time></trkpt>
    <trkpt lat="51.0503291" lon="3.7531896"><ele>9.3</ele><time>2025-03-02T10:11:46Z</time></trkpt>
    <trkpt lat="51.0502370" lon="3.7531814"><ele>9.0</ele><time>2025-03-02T10:11:47Z</time></trkpt>
    <trkpt lat="51.0501440" lon="3.7531928"><ele>9.1</ele><time>2025-03-02T10:11:49Z</time></trkpt>
    <trkpt lat="51.0500617" lon="3.7531942"><ele>9.7</ele><time>2025-03-02T10:11:50Z</time></trkpt>
    <trkpt lat="51.0499364" lon="3.7532101"><ele>9.0</ele><time>2025-03-02T10:11:52Z</time></trkpt>
    <trkpt lat="51.0498853" lon="3.7532166"><ele>8.5</ele><time>2025-03-02T10:11:53Z</time></trkpt>
    <trkpt lat="51.0497793" lon="3.7532713"><ele>9.2</ele><time>2025-03-02T10:11:54Z</time></trkpt>
    <trkpt lat="51.0497107" lon="3.7533127"><ele>9.9</ele><time>2025-03-02T10:11:56Z</time></trkpt>
    <trkpt lat="51.0496172" lon="3.7531979"><ele>8.5</ele><time>2025-03-02T10:11:57Z</time></trkpt>
    <trkpt lat="51.0494763" lon="3.7531912"><ele>9.7</ele><time>2025-03-02T10:11:59Z</time></trkpt>
    <trkpt lat="51.0493787" lon="3.7532266"><ele>9.6</ele><time>2025-03-02T10:12:00Z</time></trkpt>
    <trkpt lat="51.0493339" lon="3.7532229"><ele>10.5</ele><time>2025-03-02T10:12:02Z</time></trkpt>
    <trkpt lat="51.0492526" lon="3.7531456"><ele>9.0</ele><time>2025-03-02T10:12:03Z</time></trkpt>
    <trkpt lat="51.0491534" lon="3.7532239"><ele>9.8</ele><time>2025-03-02T10:12:04Z</time></trkpt>
    <trkpt lat="51.0490656" lon="3.7532428"><ele>8.3</ele><time>2025-03-02T10:12:06Z</time></trkpt>
    <trkpt lat="51.0489649" lon="3.7531935"><ele>9.1</ele><time>2025-03-02T10:12:07Z</time></trkpt>
    <trkpt lat="51.0488892" lon="3.7531864"><ele>9.3</ele><time>2025-03-02T10:12:09Z</time></trkpt>
    <trkpt lat="51.0487744" lon="3.7531935"><ele>9.0</ele><time>2025-03-02T10:12:10Z</time></trkpt>
    <trkpt lat="51.0486778" lon="3.7531833"><ele>9.7</ele><time>2025-03-02T10:12:12Z</time></trkpt>
    <trkpt lat="51.0486123" lon="3.7532713"><ele>9.0</ele><time>2025-03-02T10:12:13Z</time></trkpt>
    <trkpt lat="51.0485223" lon="3.7531928"><ele>9.1</ele><time>2025-03-02T10:12:14Z</time></trkpt>
    <trkpt lat="51.0484577" lon="3.7532397"><ele>9.9</ele><time>2025-03-02T10:12:16Z</time></trkpt>
    <trkpt lat="51.0483372" lon="3.7531838"><ele>9.3</ele><time>2025-03-02T10:12:17Z</time></trkpt>
    <trkpt lat="51.0482185" lon="3.7532307"><ele>9.4</ele><time>2025-03-02T10:12:19Z</time></trkpt>
    <trkpt lat="51.0481324" lon="3.7532181"><ele>9.4</ele><time>2025-03-02T10:12:20Z</time></trkpt>
    <trkpt lat="51.0480583" lon="3.7532307"><ele>9.1</ele><time>2025-03-02T10:12:22Z</time></trkpt>
    <trkpt lat="51.0479795" lon="3.7532180"><ele>9.0</ele><time>2025-03-02T10:12:23Z</time></trkpt>
    <trkpt lat="51.0478813" lon="3.7532008"><ele>9.0</ele><time>2025-03-02T10:12:24Z</time></trkpt>
    <trkpt lat="51.0477781" lon="3.7532242"><ele>8.9</ele><time>2025-03-02T10:12:26Z</time></trkpt>
    <trkpt lat="51.0477299" lon="3.7532513"><ele>8.9</ele><time>2025-03-02T10:12:27Z</time></trkpt>
    <trkpt lat="51.0475886" lon="3.7531915"><ele>8.6</ele><time>2025-03-02T10:12:29Z</time></trkpt>
    <trkpt lat="51.0475106" lon="3.7532457"><ele>9.8</ele><time>2025-03-02T10:12:30Z</time></trkpt>
    <trkpt lat="51.0474065" lon="3.7531916"><ele>9.7</ele><time>2025-03-02T10:12:32Z</time></trkpt>
    <trkpt lat="51.0473598" lon="3.7531914"><ele>8.8</ele><time>2025-03-02T10:12:33Z</time></trkpt>
    <trkpt lat="51.0472904" lon="3.7532605"><ele>9.1</ele><time>2025-03-02T10:12:34Z</time></trkpt>
    <trkpt lat="51.0471171" lon="3.7531307"><ele>9.3</ele><time>2025-03-02T10:12:36Z</time></trkpt>
    <trkpt lat="51.0470622" lon="3.7531344"><ele>9.5</ele><time>2025-03-02T10:12:37Z</time></trkpt>
    <trkpt lat="51.0469930" lon="3.7531863"><ele>9.3</ele><time>2025-03-02T10:12:39Z</time></trkpt>
    <trkpt lat="51.0468920" lon="3.7531760"><ele>9.1</ele><time>2025-03-02T10:12:40Z</time></trkpt>
    <trkpt lat="51.0467908" lon="3.7532192"><ele>10.1</ele><time>2025-03-02T10:12:42Z</time></trkpt>
    <trkpt lat="51.0467294" lon="3.7531740"><ele>9.6</ele><time>2025-03-02T10:12:43Z</time></trkpt>
    <trkpt lat="51.0466151" lon="3.7532254"><ele>9.1</ele><time>2025-03-02T10:12:44Z</time></trkpt>
    <trkpt lat="51.0465134" lon="3.7531371"><ele>9.7</ele><time>2025-03-02T10:12:46Z</time></trkpt>
    <trkpt lat="51.0464628" lon="3.7532230"><ele>9.0</ele><time>2025-03-02T10:12:47Z</time></trkpt>
    <trkpt lat="51.0463416" lon="3.7532150"><ele>8.8</ele><time>2025-03-02T10:12:49Z</time></trkpt>
    <trkpt lat="51.0462987" lon="3.7532381"><ele>9.4</ele><time>2025-03-02T10:12:50Z</time></trkpt>
    <trkpt lat="51.0461700" lon="3.7532402"><ele>9.0</ele><time>2025-03-02T10:12:52Z</time></trkpt>
    <trkpt lat="51.0461002" lon="3.7531363"><ele>10.0</ele><time>2025-03-02T10:12:53Z</time></trkpt>
    <trkpt lat="51.0460194" lon="3.7531909"><ele>9.8</ele><time>2025-03-02T10:12:54Z</time></trkpt>
    <trkpt lat="51.0459239" lon="3.7531818"><ele>9.8</ele><time>2025-03-02T10:12:56Z</time></trkpt>
    <trkpt lat="51.0458052" lon="3.7531834"><ele>9.6</ele><time>2025-03-02T10:12:57Z</time></trkpt>
    <trkpt lat="51.0456962" lon="3.7531796"><ele>9.6</ele><time>2025-03-02T10:12:59Z</time></trkpt>
    <trkpt lat="51.0456428" lon="3.7532829"><ele>9.3</ele><time>2025-03-02T10:13:00Z</time></trkpt>
    <trkpt lat="51.0455778" lon="3.7531872"><ele>9.1</ele><time>2025-03-02T10:13:02Z</time></trkpt>
    <trkpt lat="51.0454400" lon="3.7531731"><ele>9.4</ele><time>2025-03-02T10:13:03Z</time></trkpt>
    <trkpt lat="51.0453603" lon="3.7531839"><ele>9.5</ele><time>2025-03-02T10:13:04Z</time></trkpt>
    <trkpt lat="51.0452854" lon="3.7532529"><ele>8.7</ele><time>2025-03-02T10:13:06Z</time></trkpt>
    <trkpt lat="51.0451614" lon="3.7531951"><ele>9.0</ele><time>2025-03-02T10:13:07Z</time></trkpt>
    <trkpt lat="51.0450756" lon="3.7531902"><ele>9.5</ele><time>2025-03-02T10:13:09Z</time></trkpt>
    <trkpt lat="51.0450360" lon="3.7531854"><ele>9.4</ele><time>2025-03-02T10:13:10Z</time></trkpt>
    <trkpt lat="51.0449285" lon="3.7531577"><ele>9.2</ele><time>2025-03-02T10:13:12Z</time></trkpt>
    <trkpt lat="51.0447861" lon="3.7532180"><ele>8.7</ele><time>2025-03-02T10:13:13Z</time></trkpt>
    <trkpt lat="51.0447109" lon="3.7531439"><ele>8.7</ele><time>2025-03-02T10:13:14Z</time></trkpt>
    <trkpt lat="51.0446800" lon="3.7532639"><ele>9.2</ele><time>2025-03-02T10:13:16Z</time></trkpt>
    <trkpt lat="51.0445811" lon="3.7532740"><ele>9.1</ele><time>2025-03-02T10:13:17Z</time></trkpt>
    <trkpt lat="51.0444782" lon="3.7531912"><ele>9.0</ele><time>2025-03-02T10:13:19Z</time></trkpt>
    <trkpt lat="51.0443509" lon="3.7532293"><ele>9.9</ele><time>2025-03-02T10:13:20Z</time></trkpt>
    <trkpt lat="51.0442915" lon="3.7532815"><ele>10.0</ele><time>2025-03-02T10:13:22Z</time></trkpt>
    <trkpt lat="51.0442050" lon="3.7532087"><ele>9.1</ele><time>2025-03-02T10:13:23Z</time></trkpt>
    <trkpt lat="51.0441400" lon="3.7532078"><ele>9.9</ele><time>2025-03-02T10:13:24Z</time></trkpt>
    <trkpt lat="51.0440051" lon="3.7531619"><ele>9.7</ele><time>2025-03-02T10:13:26Z</time></trkpt>
    <trkpt lat="51.0439249" lon="3.7532338"><ele>8.9</ele><time>2025-03-02T10:13:27Z</time></trkpt>
    <trkpt lat="51.0438546" lon="3.7531317"><ele>9.8</ele><time>2025-03-02T10:13:29Z</time></trkpt>
    <trkpt lat="51.0438191" lon="3.7529978"><ele>10.0</ele><time>2025-03-02T10:13:30Z</time></trkpt>
    <trkpt lat="51.0437836" lon="3.7528424"><ele>9.4</ele><time>2025-03-02T10:13:32Z</time></trkpt>
    <trkpt lat="51.0438070" lon="3.7527746"><ele>9.5</ele><time>2025-03-02T10:13:33Z</time></trkpt>
    <trkpt lat="51.0438152" lon="3.7525421"><ele>8.6</ele><time>2025-03-02T10:13:35Z</time></trkpt>
    <trkpt lat="51.0437998" lon="3.7524502"><ele>10.0</ele><time>2025-03-02T10:13:36Z</time></trkpt>
    <trkpt lat="51.0437781" lon="3.7523315"><ele>10.0</ele><time>2025-03-02T10:13:37Z</time></trkpt>
    <trkpt lat="51.0438133" lon="3.7522437"><ele>9.5</ele><time>2025-03-02T10:13:39Z</time></trkpt>
    <trkpt lat="51.0438007" lon="3.7519971"><ele>9.3</ele><time>2025-03-02T10:13:40Z</time></trkpt>
    <trkpt lat="51.0438131" lon="3.7518968"><ele>9.3</ele><time>2025-03-02T10:13:42Z</time></trkpt>
    <trkpt lat="51.0438726" lon="3.7516901"><ele>9.8</ele><time>2025-03-02T10:13:43Z</time></trkpt>
    <trkpt lat="51.0437969" lon="3.7516334"><ele>9.1</ele><time>2025-03-02T10:13:45Z</time></trkpt>
    <trkpt lat="51.0438017" lon="3.7514360"><ele>9.7</ele><time>2025-03-02T10:13:46Z</time></trkpt>
    <trkpt lat="51.0438090" lon="3.7512482"><ele>9.3</ele><time>2025-03-02T10:13:47Z</time></trkpt>
    <trkpt lat="51.0438230" lon="3.7511560"><ele>9.4</ele><time>2025-03-02T10:13:49Z</time></trkpt>
    <trkpt lat="51.0438172" lon="3.7510222"><ele>8.4</ele><time>2025-03-02T10:13:50Z</time></trkpt>
    <trkpt lat="51.0438043" lon="3.7509033"><ele>9.5</ele><time>2025-03-02T10:13:52Z</time></trkpt>
    <trkpt lat="51.0437774" lon="3.7507249"><ele>9.6</ele><time>2025-03-02T10:13:53Z</time></trkpt>
    <trkpt lat="51.0438172" lon="3.7505710"><ele>9.0</ele><time>2025-03-02T10:13:55Z</time></trkpt>
    <trkpt lat="51.0438348" lon="3.7504294"><ele>8.7</ele><time>2025-03-02T10:13:56Z</time></trkpt>
    <trkpt lat="51.0438323" lon="3.7503670"><ele>9.4</ele><time>2025-03-02T10:13:57Z</time></trkpt>
    <trkpt lat="51.0438654" lon="3.7501909"><ele>9.2</ele><time>2025-03-02T10:13:59Z</time></trkpt>
    <trkpt lat="51.0437906" lon="3.7499575"><ele>9.0</ele><time>2025-03-02T10:14:00Z</time></trkpt>
    <trkpt lat="51.0437786" lon="3.7498662"><ele>9.2</ele><time>2025-03-02T10:14:02Z</time></trkpt>
    <trkpt lat="51.0438244" lon="3.7497632"><ele>9.3</ele><time>2025-03-02T10:14:03Z</time></trkpt>
    <trkpt lat="51.0438225" lon="3.7495447"><ele>9.3</ele><time>2025-03-02T10:14:05Z</time></trkpt>
    <trkpt lat="51.0438099" lon="3.7494717"><ele>9.7</ele><time>2025-03-02T10:14:06Z</time></trkpt>
    <trkpt lat="51.0438071" lon="3.7492707"><ele>9.5</ele><time>2025-03-02T10:14:08Z</time></trkpt>
    <trkpt lat="51.0438195" lon="3.7491539"><ele>9.7</ele><time>2025-03-02T10:14:09Z</time></trkpt>
    <trkpt lat="51.0437688" lon="3.7491257"><ele>9.2</ele><time>2025-03-02T10:14:10Z</time></trkpt>
    <trkpt lat="51.0437970" lon="3.7488896"><ele>9.2</ele><time>2025-03-02T10:14:12Z</time></trkpt>
    <trkpt lat="51.0438301" lon="3.7486747"><ele>9.3</ele><time>2025-03-02T10:14:13Z</time></trkpt>
    <trkpt lat="51.0438303" lon="3.7485622"><ele>8.7</ele><time>2025-03-02T10:14:15Z</time></trkpt>
    <trkpt lat="51.0438613" lon="3.7484400"><ele>8.5</ele><time>2025-03-02T10:14:16Z</time></trkpt>
    <trkpt lat="51.0438200" lon="3.7482382"><ele>9.2</ele><time>2025-03-02T10:14:18Z</time></trkpt>
    <trkpt lat="51.0438465" lon="3.7482470"><ele>9.3</ele><time>2025-03-02T10:14:19Z</time></trkpt>
    <trkpt lat="51.0437942" lon="3.7479797"><ele>8.9</ele><time>2025-03-02T10:14:20Z</time></trkpt>
    <trkpt lat="51.0437966" lon="3.7479332"><ele>9.2</ele><time>2025-03-02T10:14:22Z</time></trkpt>
    <trkpt lat="51.0438253" lon="3.7476925"><ele>9.9</ele><time>2025-03-02T10:14:23Z</time></trkpt>
    <trkpt lat="51.0438037" lon="3.7475937"><ele>8.6</ele><time>2025-03-02T10:14:25Z</time></trkpt>
    <trkpt lat="51.0437966" lon="3.7474468"><ele>8.5</ele><time>2025-03-02T10:14:26Z</time></trkpt>
    <trkpt lat="51.0438087" lon="3.7473618"><ele>9.1</ele><time>2025-03-02T10:14:28Z</time></trkpt>
    <trkpt lat="51.0438141" lon="3.7471787"><ele>9.0</ele><time>2025-03-02T10:14:29Z</time></trkpt>
    <trkpt lat="51.0438226" lon="3.7470157"><ele>8.6</ele><time>2025-03-02T10:14:30Z</time></trkpt>
    <trkpt lat="51.0438105" lon="3.7468503"><ele>9.0</ele><time>2025-03-02T10:14:32Z</time></trkpt>
    <trkpt lat="51.0437963" lon="3.7466843"><ele>8.5</ele><time>2025-03-02T10:14:33Z</time></trkpt>
    <trkpt lat="51.0438408" lon="3.7465940"><ele>8.5</ele><time>2025-03-02T10:14:35Z</time></trkpt>
    <trkpt lat="51.0438404" lon="3.7464714"><ele>8.8</ele><time>2025-03-02T10:14:36Z</time></trkpt>
    <trkpt lat="51.0437890" lon="3.7463302"><ele>8.2</ele><time>2025-03-02T10:14:38Z</time></trkpt>
    <trkpt lat="51.0438139" lon="3.7462023"><ele>9.6</ele><time>2025-03-02T10:14:39Z</time></trkpt>
    <trkpt lat="51.0437961" lon="3.7460243"><ele>9.2</ele><time>2025-03-02T10:14:40Z</time></trkpt>
    <trkpt lat="51.0438329" lon="3.7459505"><ele>8.6</ele><time>2025-03-02T10:14:42Z</time></trkpt>
    <trkpt lat="51.0438268" lon="3.7457525"><ele>8.6</ele><time>2025-03-02T10:14:43Z</time></trkpt>
    <trkpt lat="51.0438431" lon="3.7455903"><ele>9.0</ele><time>2025-03-02T10:14:45Z</time></trkpt>
    <trkpt lat="51.0438068" lon="3.7454684"><ele>8.9</ele><time>2025-03-02T10:14:46Z</time></trkpt>
    <trkpt lat="51.0438161" lon="3.7453111"><ele>9.0</ele><time>2025-03-02T10:14:48Z</time></trkpt>
    <trkpt lat="51.0438168" lon="3.7451428"><ele>8.5</ele><time>2025-03-02T10:14:49Z</time></trkpt>
    <trkpt lat="51.0437774" lon="3.7450319"><ele>8.7</ele><time>2025-03-02T10:14:50Z</time></trkpt>
    <trkpt lat="51.0438243" lon="3.7448706"><ele>8.6</ele><time>2025-03-02T10:14:52Z</time></trkpt>
    <trkpt lat="51.0438117" lon="3.7446901"><ele>7.4</ele><time>2025-03-02T10:14:53Z</time></trkpt>
    <trkpt lat="51.0438369" lon="3.7445729"><ele>8.3</ele><time>2025-03-02T10:14:55Z</time></trkpt>
    <trkpt lat="51.0437899" lon="3.7444399"><ele>8.8</ele><time>2025-03-02T10:14:56Z</time></trkpt>
    <trkpt lat="51.0438278" lon="3.7442861"><ele>8.8</ele><time>2025-03-02T10:14:58Z</time></trkpt>
    <trkpt lat="51.0438509" lon="3.7441246"><ele>8.1</ele><time>2025-03-02T10:14:59Z</time></trkpt>
    <trkpt lat="51.0438284" lon="3.7440203"><ele>7.7</ele><time>2025-03-02T10:15:00Z</time></trkpt>
    <trkpt lat="51.0438274" lon="3.7438755"><ele>8.9</ele><time>2025-03-02T10:15:02Z</time></trkpt>
    <trkpt lat="51.0438134" lon="3.7437292"><ele>9.1</ele><time>2025-03-02T10:15:03Z</time></trkpt>
    <trkpt lat="51.0437957" lon="3.7435511"><ele>9.2</ele><time>2025-03-02T10:15:05Z</time></trkpt>
    <trkpt lat="51.0438236" lon="3.7434643"><ele>8.3</ele><time>2025-03-02T10:15:06Z</time></trkpt>
    <trkpt lat="51.0437842" lon="3.7432924"><ele>9.0</ele><time>2025-03-02T10:15:08Z</time></trkpt>
    <trkpt lat="51.0437810" lon="3.7431761"><ele>8.7</ele><time>2025-03-02T10:15:09Z</time></trkpt>
    <trkpt lat="51.0438372" lon="3.7430089"><ele>7.9</ele><time>2025-03-02T10:15:10Z</time></trkpt>
    <trkpt lat="51.0438058" lon="3.7428641"><ele>7.8</ele><time>2025-03-02T10:15:12Z</time></trkpt>
    <trkpt lat="51.0438311" lon="3.7427634"><ele>8.3</ele><time>2025-03-02T10:15:13Z</time></trkpt>
    <trkpt lat="51.0437733" lon="3.7425592"><ele>8.6</ele><time>2025-03-02T10:15:15Z</time></trkpt>
    <trkpt lat="51.0437991" lon="3.7424528"><ele>8.4</ele><time>2025-03-02T10:15:16Z</time></trkpt>
    <trkpt lat="51.0437752" lon="3.7423283"><ele>8.7</ele><time>2025-03-02T10:15:18Z</time></trkpt>
    <trkpt lat="51.0438122" lon="3.7421610"><ele>8.3</ele><time>2025-03-02T10:15:19Z</time></trkpt>
    <trkpt lat="51.0438381" lon="3.7420399"><ele>7.9</ele><time>2025-03-02T10:15:20Z</time></trkpt>
    <trkpt lat="51.0437868" lon="3.7418794"><ele>8.1</ele><time>2025-03-02T10:15:22Z</time></trkpt>
    <trkpt lat="51.0438074" lon="3.7417417"><ele>8.3</ele><time>2025-03-02T10:15:23Z</time></trkpt>
    <trkpt lat="51.0438436" lon="3.7415949"><ele>8.3</ele><time>2025-03-02T10:15:25Z</time></trkpt>
    <trkpt lat="51.0438138" lon="3.7415209"><ele>7.9</ele><time>2025-03-02T10:15:26Z</time></trkpt>
    <trkpt lat="51.0438401" lon="3.7413507"><ele>7.9</ele><time>2025-03-02T10:15:28Z</time></trkpt>
    <trkpt lat="51.0437981" lon="3.7411795"><ele>7.8</ele><time>2025-03-02T10:15:29Z</time></trkpt>
    <trkpt lat="51.0438180" lon="3.7410507"><ele>8.6</ele><time>2025-03-02T10:15:30Z</time></trkpt>
    <trkpt lat="51.0438304" lon="3.7408693"><ele>8.6</ele><time>2025-03-02T10:15:32Z</time></trkpt>
    <trkpt lat="51.0438018" lon="3.7407539"><ele>8.3</ele><time>2025-03-02T10:15:33Z</time></trkpt>
    <trkpt lat="51.0437868" lon="3.7406395"><ele>8.2</ele><time>2025-03-02T10:15:35Z</time></trkpt>
    <trkpt lat="51.0438160" lon="3.7405348"><ele>8.0</ele><time>2025-03-02T10:15:36Z</time></trkpt>
    <trkpt lat="51.0438179" lon="3.7403328"><ele>8.6</ele><time>2025-03-02T10:15:38Z</time></trkpt>
    <trkpt lat="51.0437834" lon="3.7401487"><ele>7.9</ele><time>2025-03-02T10:15:39Z</time></trkpt>
    <trkpt lat="51.0438091" lon="3.7400773"><ele>8.3</ele><time>2025-03-02T10:15:40Z</time></trkpt>
    <trkpt lat="51.0438147" lon="3.7398979"><ele>8.6</ele><time>2025-03-02T10:15:42Z</time></trkpt>
    <trkpt lat="51.0438455" lon="3.7397425"><ele>8.6</ele><time>2025-03-02T10:15:43Z</time></trkpt>
    <trkpt lat="51.0438230" lon="3.7396259"><ele>8.1</ele><time>2025-03-02T10:15:45Z</time></trkpt>
    <trkpt lat="51.0438100" lon="3.7394646"><ele>8.4</ele><time>2025-03-02T10:15:46Z</time></trkpt>
    <trkpt lat="51.0438146" lon="3.7393512"><ele>7.9</ele><time>2025-03-02T10:15:48Z</time></trkpt>
    <trkpt lat="51.0438375" lon="3.7392102"><ele>7.7</ele><time>2025-03-02T10:15:49Z</time></trkpt>
    <trkpt lat="51.0438062" lon="3.7390966"><ele>8.2</ele><time>2025-03-02T10:15:50Z</time></trkpt>
    <trkpt lat="51.0438094" lon="3.7388888"><ele>8.0</ele><time>2025-03-02T10:15:52Z</time></trkpt>
    <trkpt lat="51.0438096" lon="3.7387370"><ele>7.1</ele><time>2025-03-02T10:15:53Z</time></trkpt>
    <trkpt lat="51.0437880" lon="3.7386342"><ele>8.1</ele><time>2025-03-02T10:15:55Z</time></trkpt>
    <trkpt lat="51.0438277" lon="3.7384868"><ele>8.4</ele><time>2025-03-02T10:15:56Z</time></trkpt>
    <trkpt lat="51.0438147" lon="3.7383444"><ele>7.6</ele><time>2025-03-02T10:15:58Z</time></trkpt>
    <trkpt lat="51.0438367" lon="3.7381337"><ele>7.2</ele><time>2025-03-02T10:15:59Z</time></trkpt>
    <trkpt lat="51.0437933" lon="3.7380662"><ele>7.1</ele><time>2025-03-02T10:16:00Z</time></trkpt>
    <trkpt lat="51.0438180" lon="3.7379334"><ele>7.8</ele><time>2025-03-02T10:16:02Z</time></trkpt>
    <trkpt lat="51.0438619" lon="3.7377411"><ele>7.4</ele><time>2025-03-02T10:16:03Z</time></trkpt>
    <trkpt lat="51.0438308" lon="3.7376292"><ele>8.3</ele><time>2025-03-02T10:16:05Z</time></trkpt>
    <trkpt lat="51.0438287" lon="3.7374667"><ele>7.5</ele><time>2025-03-02T10:16:06Z</time></trkpt>
    <trkpt lat="51.0438049" lon="3.7372696"><ele>8.3</ele><time>2025-03-02T10:16:08Z</time></trkpt>
    <trkpt lat="51.0437928" lon="3.7371614"><ele>8.1</ele><time>2025-03-02T10:16:09Z</time></trkpt>
    <trkpt lat="51.0438192" lon="3.7370155"><ele>7.6</ele><time>2025-03-02T10:16:10Z</time></trkpt>
    <trkpt lat="51.0437843" lon="3.7368838"><ele>8.2</ele><time>2025-03-02T10:16:12Z</time></trkpt>
    <trkpt lat="51.0438232" lon="3.7367977"><ele>7.7</ele><time>2025-03-02T10:16:13Z</time></trkpt>
    <trkpt lat="51.0438449" lon="3.7365998"><ele>7.2</ele><time>2025-03-02T10:16:15Z</time></trkpt>
    <trkpt lat="51.0438138" lon="3.7363916"><ele>7.6</ele><time>2025-03-02T10:16:16Z</time></trkpt>
    <trkpt lat="51.0438271" lon="3.7363334"><ele>7.7</ele><time>2025-03-02T10:16:18Z</time></trkpt>
    <trkpt lat="51.0437911" lon="3.7361523"><ele>7.7</ele><time>2025-03-02T10:16:19Z</time></trkpt>
    <trkpt lat="51.0438080" lon="3.7360531"><ele>7.2</ele><time>2025-03-02T10:16:20Z</time></trkpt>
    <trkpt lat="51.0438186" lon="3.7359135"><ele>8.3</ele><time>2025-03-02T10:16:22Z</time></trkpt>
    <trkpt lat="51.0438269" lon="3.7357804"><ele>8.0</ele><time>2025-03-02T10:16:23Z</time></trkpt>
    <trkpt lat="51.0438069" lon="3.7355555"><ele>7.0</ele><time>2025-03-02T10:16:25Z</time></trkpt>
    <trkpt lat="51.0438152" lon="3.7354149"><ele>8.2</ele><time>2025-03-02T10:16:26Z</time></trkpt>
    <trkpt lat="51.0437729" lon="3.7353257"><ele>6.7</ele><time>2025-03-02T10:16:28Z</time></trkpt>
    <trkpt lat="51.0438262" lon="3.7351474"><ele>7.8</ele><time>2025-03-02T10:16:29Z</time></trkpt>
    <trkpt lat="51.0438268" lon="3.7349839"><ele>6.8</ele><time>2025-03-02T10:16:30Z</time></trkpt>
    <trkpt lat="51.0438235" lon="3.7349388"><ele>7.3</ele><time>2025-03-02T10:16:32Z</time></trkpt>
    <trkpt lat="51.0437809" lon="3.7347150"><ele>6.8</ele><time>2025-03-02T10:16:33Z</time></trkpt>
    <trkpt lat="51.0438419" lon="3.7346100"><ele>8.0</ele><time>2025-03-02T10:16:35Z</time></trkpt>
    <trkpt lat="51.0438176" lon="3.7344024"><ele>7.2</ele><time>2025-03-02T10:16:36Z</time></trkpt>
    <trkpt lat="51.0437909" lon="3.7342869"><ele>7.6</ele><time>2025-03-02T10:16:38Z</time></trkpt>
    <trkpt lat="51.0437913" lon="3.7341204"><ele>7.2</ele><time>2025-03-02T10:16:39Z</time></trkpt>
    <trkpt lat="51.0438383" lon="3.7340977"><ele>7.2</ele><time>2025-03-02T10:16:40Z</time></trkpt>
    <trkpt lat="51.0438036" lon="3.7338282"><ele>7.4</ele><time>2025-03-02T10:16:42Z</time></trkpt>
    <trkpt lat="51.0438435" lon="3.7337292"><ele>7.1</ele><time>2025-03-02T10:16:43Z</time></trkpt>
    <trkpt lat="51.0437955" lon="3.7336151"><ele>7.3</ele><time>2025-03-02T10:16:45Z</time></trkpt>
    <trkpt lat="51.0438038" lon="3.7334324"><ele>7.3</ele><time>2025-03-02T10:16:46Z</time></trkpt>
    <trkpt lat="51.0438709" lon="3.7333271"><ele>6.5</ele><time>2025-03-02T10:16:48Z</time></trkpt>
    <trkpt lat="51.0437919" lon="3.7331628"><ele>6.6</ele><time>2025-03-02T10:16:49Z</time></trkpt>
    <trkpt lat="51.0437660" lon="3.7331248"><ele>7.1</ele><time>2025-03-02T10:16:50Z</time></trkpt>
    <trkpt lat="51.0438066" lon="3.7328874"><ele>6.7</ele><time>2025-03-02T10:16:52Z</time></trkpt>
    <trkpt lat="51.0438055" lon="3.7327597"><ele>7.1</ele><time>2025-03-02T10:16:53Z</time></trkpt>
    <trkpt lat="51.0438208" lon="3.7325863"><ele>7.0</ele><time>2025-03-02T10:16:55Z</time></trkpt>
    <trkpt lat="51.0438053" lon="3.7325363"><ele>7.4</ele><time>2025-03-02T10:16:56Z</time></trkpt>
    <trkpt lat="51.0438242" lon="3.7323433"><ele>7.1</ele><time>2025-03-02T10:16:58Z</time></trkpt>
    <trkpt lat="51.0438044" lon="3.7321841"><ele>6.8</ele><time>2025-03-02T10:16:59Z</time></trkpt>
    <trkpt lat="51.0438028" lon="3.7319855"><ele>6.4</ele><time>2025-03-02T10:17:00Z</time></trkpt>
    <trkpt lat="51.0437613" lon="3.7318715"><ele>6.8</ele><time>2025-03-02T10:17:02Z</time></trkpt>
    <trkpt lat="51.0438212" lon="3.7317316"><ele>6.7</ele><time>2025-03-02T10:17:03Z</time></trkpt>
    <trkpt lat="51.0438075" lon="3.7316892"><ele>6.2</ele><time>2025-03-02T10:17:05Z</time></trkpt>
    <trkpt lat="51.0437864" lon="3.7314462"><ele>6.7</ele><time>2025-03-02T10:17:06Z</time></trkpt>
    <trkpt lat="51.0438336" lon="3.7314050"><ele>6.4</ele><time>2025-03-02T10:17:08Z</time></trkpt>
    <trkpt lat="51.0438081" lon="3.7312468"><ele>7.4</ele><time>2025-03-02T10:17:09Z</time></trkpt>
    <trkpt lat="51.0437965" lon="3.7311105"><ele>6.1</ele><time>2025-03-02T10:17:11Z</time></trkpt>
    <trkpt lat="51.0438156" lon="3.7308941"><ele>6.6</ele><time>2025-03-02T10:17:12Z</time></trkpt>
    <trkpt lat="51.0438192" lon="3.7308055"><ele>6.9</ele><time>2025-03-02T10:17:13Z</time></trkpt>
    <trkpt lat="51.0438090" lon="3.7306458"><ele>6.6</ele><time>2025-03-02T10:17:15Z</time></trkpt>
    <trkpt lat="51.0438261" lon="3.7304530"><ele>7.5</ele><time>2025-03-02T10:17:16Z</time></trkpt>
    <trkpt lat="51.0438435" lon="3.7303343"><ele>6.4</ele><time>2025-03-02T10:17:18Z</time></trkpt>
    <trkpt lat="51.0438479" lon="3.7301982"><ele>5.8</ele><time>2025-03-02T10:17:19Z</time></trkpt>
    <trkpt lat="51.0438026" lon="3.7300201"><ele>7.4</ele><time>2025-03-02T10:17:21Z</time></trkpt>
    <trkpt lat="51.0438683" lon="3.7299294"><ele>6.3</ele><time>2025-03-02T10:17:22Z</time></trkpt>
    <trkpt lat="51.0438286" lon="3.7298151"><ele>6.9</ele><time>2025-03-02T10:17:23Z</time></trkpt>
    <trkpt lat="51.0438205" lon="3.7296425"><ele>6.0</ele><time>2025-03-02T10:17:25Z</time></trkpt>
    <trkpt lat="51.0438444" lon="3.7294911"><ele>6.4</ele><time>2025-03-02T10:17:26Z</time></trkpt>
    <trkpt lat="51.0438484" lon="3.7293222"><ele>6.4</ele><time>2025-03-02T10:17:28Z</time></trkpt>
    <trkpt lat="51.0438191" lon="3.7292001"><ele>6.4</ele><time>2025-03-02T10:17:29Z</time></trkpt>
    <trkpt lat="51.0437822" lon="3.7290283"><ele>6.3</ele><time>2025-03-02T10:17:31Z</time></trkpt>
    <trkpt lat="51.0438141" lon="3.7288523"><ele>7.3</ele><time>2025-03-02T10:17:32Z</time></trkpt>
    <trkpt lat="51.0437821" lon="3.7287372"><ele>6.9</ele><time>2025-03-02T10:17:33Z</time></trkpt>
    <trkpt lat="51.0438134" lon="3.7286605"><ele>6.8</ele><time>2025-03-02T10:17:35Z</time></trkpt>
    <trkpt lat="51.0438462" lon="3.7284338"><ele>7.0</ele><time>2025-03-02T10:17:36Z</time></trkpt>
    <trkpt lat="51.0438547" lon="3.7283819"><ele>6.9</ele><time>2025-03-02T10:17:38Z</time></trkpt>
    <trkpt lat="51.0438215" lon="3.7281464"><ele>6.6</ele><time>2025-03-02T10:17:39Z</time></trkpt>
    <trkpt lat="51.0437649" lon="3.7280666"><ele>6.5</ele><time>2025-03-02T10:17:41Z</time></trkpt>
    <trkpt lat="51.0438491" lon="3.7279404"><ele>6.8</ele><time>2025-03-02T10:17:42Z</time></trkpt>
    <trkpt lat="51.0438189" lon="3.7278142"><ele>6.0</ele><time>2025-03-02T10:17:43Z</time></trkpt>
    <trkpt lat="51.0438041" lon="3.7276113"><ele>5.5</ele><time>2025-03-02T10:17:45Z</time></trkpt>
    <trkpt lat="51.0437730" lon="3.7274446"><ele>7.0</ele><time>2025-03-02T10:17:46Z</time></trkpt>
    <trkpt lat="51.0437844" lon="3.7273566"><ele>5.6</ele><time>2025-03-02T10:17:48Z</time></trkpt>
    <trkpt lat="51.0438600" lon="3.7271766"><ele>5.8</ele><time>2025-03-02T10:17:49Z</time></trkpt>
    <trkpt lat="51.0438019" lon="3.7270192"><ele>6.8</ele><time>2025-03-02T10:17:51Z</time></trkpt>
    <trkpt lat="51.0437909" lon="3.7269365"><ele>6.2</ele><time>2025-03-02T10:17:52Z</time></trkpt>
    <trkpt lat="51.0438244" lon="3.7267244"><ele>6.2</ele><time>2025-03-02T10:17:53Z</time></trkpt>
    <trkpt lat="51.0438322" lon="3.7266894"><ele>6.4</ele><time>2025-03-02T10:17:55Z</time></trkpt>
    <trkpt lat="51.0438646" lon="3.7264693"><ele>6.3</ele><time>2025-03-02T10:17:56Z</time></trkpt>
    <trkpt lat="51.0438091" lon="3.7263063"><ele>6.5</ele><time>2025-03-02T10:17:58Z</time></trkpt>
    <trkpt lat="51.0438324" lon="3.7261289"><ele>6.1</ele><time>2025-03-02T10:17:59Z</time></trkpt>
    <trkpt lat="51.0437595" lon="3.7260726"><ele>6.4</ele><time>2025-03-02T10:18:01Z</time></trkpt>
    <trkpt lat="51.0438260" lon="3.7258721"><ele>6.8</ele><time>2025-03-02T10:18:02Z</time></trkpt>
    <trkpt lat="51.0437992" lon="3.7256811"><ele>6.9</ele><time>2025-03-02T10:18:03Z</time></trkpt>
    <trkpt lat="51.0438284" lon="3.7256535"><ele>6.2</ele><time>2025-03-02T10:18:05Z</time></trkpt>
    <trkpt lat="51.0438306" lon="3.7254239"><ele>6.5</ele><time>2025-03-02T10:18:06Z</time></trkpt>
    <trkpt lat="51.0438118" lon="3.7253394"><ele>6.6</ele><time>2025-03-02T10:18:08Z</time></trkpt>
    <trkpt lat="51.0438063" lon="3.7252288"><ele>6.7</ele><time>2025-03-02T10:18:09Z</time></trkpt>
    <trkpt lat="51.0437935" lon="3.7250376"><ele>7.0</ele><time>2025-03-02T10:18:11Z</time></trkpt>
    <trkpt lat="51.0438322" lon="3.7249347"><ele>6.4</ele><time>2025-03-02T10:18:12Z</time></trkpt>
    <trkpt lat="51.0437871" lon="3.7247692"><ele>7.5</ele><time>2025-03-02T10:18:13Z</time></trkpt>
    <trkpt lat="51.0438182" lon="3.7246101"><ele>6.4</ele><time>2025-03-02T10:18:15Z</time></trkpt>
    <trkpt lat="51.0437714" lon="3.7244510"><ele>6.7</ele><time>2025-03-02T10:18:16Z</time></trkpt>
    <trkpt lat="51.0438249" lon="3.7243450"><ele>6.2</ele><time>2025-03-02T10:18:18Z</time></trkpt>
    <trkpt lat="51.0437915" lon="3.7242267"><ele>6.5</ele><time>2025-03-02T10:18:19Z</time></trkpt>
    <trkpt lat="51.0437900" lon="3.7240997"><ele>6.6</ele><time>2025-03-02T10:18:21Z</time></trkpt>
    <trkpt lat="51.0437969" lon="3.7238529"><ele>6.8</ele><time>2025-03-02T10:18:22Z</time></trkpt>
    <trkpt lat="51.0438241" lon="3.7237344"><ele>6.5</ele><time>2025-03-02T10:18:23Z</time></trkpt>
    <trkpt lat="51.0438055" lon="3.7235932"><ele>6.6</ele><time>2025-03-02T10:18:25Z</time></trkpt>
    <trkpt lat="51.0438378" lon="3.7234897"><ele>6.7</ele><time>2025-03-02T10:18:26Z</time></trkpt>
    <trkpt lat="51.0437988" lon="3.7233210"><ele>6.1</ele><time>2025-03-02T10:18:28Z</time></trkpt>
    <trkpt lat="51.0438158" lon="3.7232056"><ele>6.2</ele><time>2025-03-02T10:18:29Z</time></trkpt>
    <trkpt lat="51.0438240" lon="3.7231006"><ele>6.7</ele><time>2025-03-02T10:18:31Z</time></trkpt>
    <trkpt lat="51.0438393" lon="3.7229163"><ele>7.1</ele><time>2025-03-02T10:18:32Z</time></trkpt>
    <trkpt lat="51.0437748" lon="3.7227939"><ele>6.8</ele><time>2025-03-02T10:18:33Z</time></trkpt>
    <trkpt lat="51.0437607" lon="3.7226547"><ele>7.2</ele><time>2025-03-02T10:18:35Z</time></trkpt>
    <trkpt lat="51.0437910" lon="3.7225261"><ele>6.6</ele><time>2025-03-02T10:18:36Z</time></trkpt>
    <trkpt lat="51.0438115" lon="3.7223415"><ele>6.3</ele><time>2025-03-02T10:18:38Z</time></trkpt>
    <trkpt lat="51.0438543" lon="3.7222578"><ele>6.6</ele><time>2025-03-02T10:18:39Z</time></trkpt>
    <trkpt lat="51.0438145" lon="3.7220504"><ele>6.8</ele><time>2025-03-02T10:18:41Z</time></trkpt>
    <trkpt lat="51.0437896" lon="3.7219255"><ele>5.8</ele><time>2025-03-02T10:18:42Z</time></trkpt>
    <trkpt lat="51.0438094" lon="3.7217693"><ele>6.2</ele><time>2025-03-02T10:18:43Z</time></trkpt>
    <trkpt lat="51.0437958" lon="3.7215971"><ele>6.7</ele><time>2025-03-02T10:18:45Z</time></trkpt>
    <trkpt lat="51.0437881" lon="3.7215111"><ele>6.8</ele><time>2025-03-02T10:18:46Z</time></trkpt>
    <trkpt lat="51.0438075" lon="3.7213362"><ele>6.7</ele><time>2025-03-02T10:18:48Z</time></trkpt>
    <trkpt lat="51.0438285" lon="3.7212014"><ele>6.4</ele><time>2025-03-02T10:18:49Z</time></trkpt>
    <trkpt lat="51.0438264" lon="3.7210296"><ele>6.0</ele><time>2025-03-02T10:18:51Z</time></trkpt>
    <trkpt lat="51.0438332" lon="3.7209324"><ele>6.9</ele><time>2025-03-02T10:18:52Z</time></trkpt>
    <trkpt lat="51.0438702" lon="3.7207187"><ele>6.8</ele><time>2025-03-02T10:18:53Z</time></trkpt>
    <trkpt lat="51.0438383" lon="3.7205494"><ele>6.1</ele><time>2025-03-02T10:18:55Z</time></trkpt>
    <trkpt lat="51.0438095" lon="3.7204514"><ele>6.8</ele><time>2025-03-02T10:18:56Z</time></trkpt>
    <trkpt lat="51.0437926" lon="3.7203416"><ele>6.1</ele><time>2025-03-02T10:18:58Z</time></trkpt>
    <trkpt lat="51.0438250" lon="3.7202134"><ele>6.5</ele><time>2025-03-02T10:18:59Z</time></trkpt>
    <trkpt lat="51.0438089" lon="3.7200794"><ele>6.8</ele><time>2025-03-02T10:19:01Z</time></trkpt>
    <trkpt lat="51.0439953" lon="3.7200567"><ele>6.0</ele><time>2025-03-02T10:19:02Z</time></trkpt>
    <trkpt lat="51.0440131" lon="3.7199996"><ele>7.1</ele><time>2025-03-02T10:19:04Z</time></trkpt>
    <trkpt lat="51.0441426" lon="3.7200556"><ele>6.6</ele><time>2025-03-02T10:19:05Z</time></trkpt>
    <trkpt lat="51.0442271" lon="3.7200285"><ele>6.6</ele><time>2025-03-02T10:19:07Z</time></trkpt>
    <trkpt lat="51.0443162" lon="3.7200473"><ele>6.4</ele><time>2025-03-02T10:19:08Z</time></trkpt>
    <trkpt lat="51.0443971" lon="3.7200683"><ele>6.3</ele><time>2025-03-02T10:19:09Z</time></trkpt>
    <trkpt lat="51.0444863" lon="3.7200432"><ele>6.9</ele><time>2025-03-02T10:19:11Z</time></trkpt>
    <trkpt lat="51.0445888" lon="3.7201537"><ele>6.5</ele><time>2025-03-02T10:19:12Z</time></trkpt>
    <trkpt lat="51.0446892" lon="3.7200313"><ele>6.7</ele><time>2025-03-02T10:19:14Z</time></trkpt>
    <trkpt lat="51.0447463" lon="3.7200192"><ele>6.8</ele><time>2025-03-02T10:19:15Z</time></trkpt>
    <trkpt lat="51.0448722" lon="3.7200815"><ele>6.9</ele><time>2025-03-02T10:19:17Z</time></trkpt>
    <trkpt lat="51.0449469" lon="3.7200805"><ele>7.3</ele><time>2025-03-02T10:19:18Z</time></trkpt>
    <trkpt lat="51.0450305" lon="3.7200884"><ele>6.9</ele><time>2025-03-02T10:19:19Z</time></trkpt>
    <trkpt lat="51.0450864" lon="3.7200998"><ele>6.6</ele><time>2025-03-02T10:19:21Z</time></trkpt>
    <trkpt lat="51.0451484" lon="3.7200485"><ele>7.1</ele><time>2025-03-02T10:19:22Z</time></trkpt>
    <trkpt lat="51.0452979" lon="3.7200366"><ele>7.2</ele><time>2025-03-02T10:19:24Z</time></trkpt>
    <trkpt lat="51.0453648" lon="3.7201278"><ele>6.9</ele><time>2025-03-02T10:19:25Z</time></trkpt>
    <trkpt lat="51.0454721" lon="3.7200011"><ele>6.5</ele><time>2025-03-02T10:19:27Z</time></trkpt>
    <trkpt lat="51.0455935" lon="3.7200207"><ele>6.9</ele><time>2025-03-02T10:19:28Z</time></trkpt>
    <trkpt lat="51.0456932" lon="3.7200073"><ele>6.2</ele><time>2025-03-02T10:19:29Z</time></trkpt>
    <trkpt lat="51.0457684" lon="3.7201193"><ele>7.3</ele><time>2025-03-02T10:19:31Z</time></trkpt>
    <trkpt lat="51.0458316" lon="3.7200959"><ele>7.3</ele><time>2025-03-02T10:19:32Z</time></trkpt>
    <trkpt lat="51.0459439" lon="3.7200488"><ele>6.8</ele><time>2025-03-02T10:19:34Z</time></trkpt>
    <trkpt lat="51.0460667" lon="3.7200394"><ele>7.0</ele><time>2025-03-02T10:19:35Z</time></trkpt>
    <trkpt lat="51.0461004" lon="3.7200172"><ele>6.5</ele><time>2025-03-02T10:19:37Z</time></trkpt>
    <trkpt lat="51.0461972" lon="3.7200518"><ele>7.7</ele><time>2025-03-02T10:19:38Z</time></trkpt>
    <trkpt lat="51.0463065" lon="3.7200685"><ele>6.6</ele><time>2025-03-02T10:19:39Z</time></trkpt>
    <trkpt lat="51.0463775" lon="3.7200410"><ele>6.8</ele><time>2025-03-02T10:19:41Z</time></trkpt>
    <trkpt lat="51.0464811" lon="3.7200632"><ele>7.4</ele><time>2025-03-02T10:19:42Z</time></trkpt>
    <trkpt lat="51.0465551" lon="3.7200535"><ele>7.0</ele><time>2025-03-02T10:19:44Z</time></trkpt>
    <trkpt lat="51.0466318" lon="3.7200252"><ele>6.6</ele><time>2025-03-02T10:19:45Z</time></trkpt>
    <trkpt lat="51.0467443" lon="3.7200360"><ele>6.4</ele><time>2025-03-02T10:19:47Z</time></trkpt>
    <trkpt lat="51.0468468" lon="3.7200866"><ele>7.6</ele><time>2025-03-02T10:19:48Z</time></trkpt>
    <trkpt lat="51.0469051" lon="3.7200655"><ele>7.4</ele><time>2025-03-02T10:19:49Z</time></trkpt>
    <trkpt lat="51.0470004" lon="3.7200594"><ele>6.6</ele><time>2025-03-02T10:19:51Z</time></trkpt>
    <trkpt lat="51.0470941" lon="3.7200286"><ele>6.7</ele><time>2025-03-02T10:19:52Z</time></trkpt>
    <trkpt lat="51.0471798" lon="3.7200893"><ele>6.8</ele><time>2025-03-02T10:19:54Z</time></trkpt>
    <trkpt lat="51.0472875" lon="3.7200422"><ele>7.3</ele><time>2025-03-02T10:19:55Z</time></trkpt>
    <trkpt lat="51.0473663" lon="3.7200839"><ele>7.4</ele><time>2025-03-02T10:19:57Z</time></trkpt>
    <trkpt lat="51.0474462" lon="3.7200732"><ele>7.2</ele><time>2025-03-02T10:19:58Z</time></trkpt>
    <trkpt lat="51.0475690" lon="3.7200762"><ele>7.0</ele><time>2025-03-02T10:19:59Z</time></trkpt>
    <trkpt lat="51.0476422" lon="3.7200810"><ele>6.9</ele><time>2025-03-02T10:20:01Z</time></trkpt>
    <trkpt lat="51.0477388" lon="3.7200174"><ele>7.7</ele><time>2025-03-02T10:20:02Z</time></trkpt>
    <trkpt lat="51.0478383" lon="3.7200314"><ele>7.5</ele><time>2025-03-02T10:20:04Z</time></trkpt>
    <trkpt lat="51.0479332" lon="3.7200599"><ele>7.8</ele><time>2025-03-02T10:20:05Z</time></trkpt>
    <trkpt lat="51.0480311" lon="3.7200188"><ele>8.0</ele><time>2025-03-02T10:20:07Z</time></trkpt>
    <trkpt lat="51.0480790" lon="3.7200576"><ele>7.7</ele><time>2025-03-02T10:20:08Z</time></trkpt>
    <trkpt lat="51.0481467" lon="3.7200467"><ele>7.7</ele><time>2025-03-02T10:20:10Z</time></trkpt>
    <trkpt lat="51.0482388" lon="3.7200440"><ele>7.5</ele><time>2025-03-02T10:20:11Z</time></trkpt>
    <trkpt lat="51.0483973" lon="3.7200650"><ele>7.7</ele><time>2025-03-02T10:20:12Z</time></trkpt>
    <trkpt lat="51.0484590" lon="3.7200180"><ele>7.8</ele><time>2025-03-02T10:20:14Z</time></trkpt>
    <trkpt lat="51.0485250" lon="3.7200300"><ele>7.4</ele><time>2025-03-02T10:20:15Z</time></trkpt>
    <trkpt lat="51.0486238" lon="3.7200240"><ele>7.9</ele><time>2025-03-02T10:20:17Z</time></trkpt>
    <trkpt lat="51.0487051" lon="3.7200213"><ele>7.5</ele><time>2025-03-02T10:20:18Z</time></trkpt>
    <trkpt lat="51.0488149" lon="3.7199994"><ele>7.3</ele><time>2025-03-02T10:20:20Z</time></trkpt>
    <trkpt lat="51.0489061" lon="3.7200103"><ele>6.9</ele><time>2025-03-02T10:20:21Z</time></trkpt>
    <trkpt lat="51.0489832" lon="3.7200891"><ele>7.2</ele><time>2025-03-02T10:20:22Z</time></trkpt>
    <trkpt lat="51.0490755" lon="3.7200232"><ele>7.8</ele><time>2025-03-02T10:20:24Z</time></trkpt>
    <trkpt lat="51.0491776" lon="3.7200433"><ele>7.7</ele><time>2025-03-02T10:20:25Z</time></trkpt>
    <trkpt lat="51.0492765" lon="3.7200576"><ele>8.0</ele><time>2025-03-02T10:20:27Z</time></trkpt>
    <trkpt lat="51.0493649" lon="3.7200541"><ele>8.4</ele><time>2025-03-02T10:20:28Z</time></trkpt>
    <trkpt lat="51.0494405" lon="3.7200261"><ele>6.9</ele><time>2025-03-02T10:20:30Z</time></trkpt>
    <trkpt lat="51.0495592" lon="3.7200927"><ele>7.5</ele><time>2025-03-02T10:20:31Z</time></trkpt>
    <trkpt lat="51.0495976" lon="3.7200820"><ele>8.5</ele><time>2025-03-02T10:20:32Z</time></trkpt>
    <trkpt lat="51.0496998" lon="3.7199810"><ele>7.6</ele><time>2025-03-02T10:20:34Z</time></trkpt>
    <trkpt lat="51.0498189" lon="3.7200352"><ele>7.6</ele><time>2025-03-02T10:20:35Z</time></trkpt>
    <trkpt lat="51.0498934" lon="3.7199882"><ele>7.3</ele><time>2025-03-02T10:20:37Z</time></trkpt>
    <trkpt lat="51.0500428" lon="3.7199777"><ele>7.6</ele><time>2025-03-02T10:20:39Z</time></trkpt>
    <trkpt lat="51.0501323" lon="3.7199898"><ele>6.9</ele><time>2025-03-02T10:20:40Z</time></trkpt>
    <trkpt lat="51.0502153" lon="3.7200182"><ele>7.2</ele><time>2025-03-02T10:20:42Z</time></trkpt>
    <trkpt lat="51.0503051" lon="3.7200234"><ele>7.3</ele><time>2025-03-02T10:20:43Z</time></trkpt>
    <trkpt lat="51.0504257" lon="3.7199942"><ele>7.9</ele><time>2025-03-02T10:20:44Z</time></trkpt>
    <trkpt lat="51.0504931" lon="3.7199889"><ele>7.6</ele><time>2025-03-02T10:20:46Z</time></trkpt>
    <trkpt lat="51.0505420" lon="3.7199808"><ele>6.9</ele><time>2025-03-02T10:20:47Z</time></trkpt>
    <trkpt lat="51.0506472" lon="3.7200275"><ele>7.4</ele><time>2025-03-02T10:20:49Z</time></trkpt>
    <trkpt lat="51.0507832" lon="3.7200297"><ele>8.5</ele><time>2025-03-02T10:20:50Z</time></trkpt>
    <trkpt lat="51.0508479" lon="3.7199289"><ele>8.4</ele><time>2025-03-02T10:20:52Z</time></trkpt>
    <trkpt lat="51.0509151" lon="3.7200398"><ele>8.4</ele><time>2025-03-02T10:20:53Z</time></trkpt>
    <trkpt lat="51.0509957" lon="3.7199731"><ele>7.6</ele><time>2025-03-02T10:20:54Z</time></trkpt>
    <trkpt lat="51.0511028" lon="3.7199371"><ele>7.5</ele><time>2025-03-02T10:20:56Z</time></trkpt>
    <trkpt lat="51.0511884" lon="3.7199535"><ele>8.2</ele><time>2025-03-02T10:20:57Z</time></trkpt>
    <trkpt lat="51.0512720" lon="3.7200080"><ele>8.2</ele><time>2025-03-02T10:20:59Z</time></trkpt>
    <trkpt lat="51.0513686" lon="3.7200359"><ele>7.9</ele><time>2025-03-02T10:21:00Z</time></trkpt>
    <trkpt lat="51.0514863" lon="3.7199926"><ele>8.4</ele><time>2025-03-02T10:21:02Z</time></trkpt>
    <trkpt lat="51.0515580" lon="3.7199862"><ele>8.5</ele><time>2025-03-02T10:21:03Z</time></trkpt>
    <trkpt lat="51.0516568" lon="3.7200053"><ele>8.4</ele><time>2025-03-02T10:21:04Z</time></trkpt>
    <trkpt lat="51.0517304" lon="3.7199896"><ele>8.2</ele><time>2025-03-02T10:21:06Z</time></trkpt>
    <trkpt lat="51.0518188" lon="3.7199841"><ele>8.3</ele><time>2025-03-02T10:21:07Z</time></trkpt>
    <trkpt lat="51.0518647" lon="3.7199449"><ele>8.0</ele><time>2025-03-02T10:21:09Z</time></trkpt>
    <trkpt lat="51.0519921" lon="3.7199728"><ele>7.8</ele><time>2025-03-02T10:21:10Z</time></trkpt>
    <trkpt lat="51.0520939" lon="3.7199574"><ele>7.3</ele><time>2025-03-02T10:21:12Z</time></trkpt>
    <trkpt lat="51.0521853" lon="3.7200112"><ele>8.2</ele><time>2025-03-02T10:21:13Z</time></trkpt>
    <trkpt lat="51.0522304" lon="3.7200096"><ele>8.4</ele><time>2025-03-02T10:21:14Z</time></trkpt>
    <trkpt lat="51.0523488" lon="3.7200018"><ele>8.6</ele><time>2025-03-02T10:21:16Z</time></trkpt>
    <trkpt lat="51.0524598" lon="3.7199825"><ele>8.1</ele><time>2025-03-02T10:21:17Z</time></trkpt>
    <trkpt lat="51.0525516" lon="3.7199899"><ele>8.3</ele><time>2025-03-02T10:21:19Z</time></trkpt>
    <trkpt lat="51.0526453" lon="3.7200030"><ele>8.7</ele><time>2025-03-02T10:21:20Z</time></trkpt>
    <trkpt lat="51.0526983" lon="3.7199928"><ele>8.7</ele><time>2025-03-02T10:21:22Z</time></trkpt>
    <trkpt lat="51.0528122" lon="3.7199997"><ele>9.6</ele><time>2025-03-02T10:21:23Z</time></trkpt>
    <trkpt lat="51.0528775" lon="3.7199945"><ele>8.5</ele><time>2025-03-02T10:21:24Z</time></trkpt>
    <trkpt lat="51.0529961" lon="3.7199930"><ele>8.4</ele><time>2025-03-02T10:21:26Z</time></trkpt>
    <trkpt lat="51.0530974" lon="3.7199583"><ele>8.1</ele><time>2025-03-02T10:21:27Z</time></trkpt>
    <trkpt lat="51.0531743" lon="3.7199808"><ele>7.9</ele><time>2025-03-02T10:21:29Z</time></trkpt>
    <trkpt lat="51.0532660" lon="3.7200498"><ele>9.1</ele><time>2025-03-02T10:21:30Z</time></trkpt>
    <trkpt lat="51.0533179" lon="3.7200144"><ele>8.7</ele><time>2025-03-02T10:21:32Z</time></trkpt>
    <trkpt lat="51.0534251" lon="3.7199578"><ele>8.7</ele><time>2025-03-02T10:21:33Z</time></trkpt>
    <trkpt lat="51.0535223" lon="3.7200308"><ele>8.6</ele><time>2025-03-02T10:21:34Z</time></trkpt>
    <trkpt lat="51.0535787" lon="3.7199558"><ele>8.7</ele><time>2025-03-02T10:21:36Z</time></trkpt>
    <trkpt lat="51.0536746" lon="3.7199759"><ele>8.2</ele><time>2025-03-02T10:21:37Z</time></trkpt>
    <trkpt lat="51.0537877" lon="3.7199788"><ele>8.5</ele><time>2025-03-02T10:21:39Z</time></trkpt>
    <trkpt lat="51.0538560" lon="3.7199929"><ele>8.4</ele><time>2025-03-02T10:21:40Z</time></trkpt>
    <trkpt lat="51.0540064" lon="3.7200213"><ele>9.2</ele><time>2025-03-02T10:21:42Z</time></trkpt>
    <trkpt lat="51.0540804" lon="3.7199711"><ele>8.8</ele><time>2025-03-02T10:21:43Z</time></trkpt>
    <trkpt lat="51.0541526" lon="3.7199769"><ele>8.2</ele><time>2025-03-02T10:21:44Z</time></trkpt>
    <trkpt lat="51.0542507" lon="3.7199223"><ele>9.3</ele><time>2025-03-02T10:21:46Z</time></trkpt>
    <trkpt lat="51.0543049" lon="3.7199784"><ele>9.4</ele><time>2025-03-02T10:21:47Z</time></trkpt>
    <trkpt lat="51.0543995" lon="3.7199833"><ele>9.4</ele><time>2025-03-02T10:21:49Z</time></trkpt>
    <trkpt lat="51.0545238" lon="3.7199743"><ele>9.0</ele><time>2025-03-02T10:21:50Z</time></trkpt>
    <trkpt lat="51.0546436" lon="3.7199203"><ele>8.5</ele><time>2025-03-02T10:21:52Z</time></trkpt>
    <trkpt lat="51.0547052" lon="3.7199898"><ele>9.3</ele><time>2025-03-02T10:21:53Z</time></trkpt>
    <trkpt lat="51.0547579" lon="3.7200417"><ele>8.7</ele><time>2025-03-02T10:21:54Z</time></trkpt>
    <trkpt lat="51.0548671" lon="3.7199697"><ele>8.6</ele><time>2025-03-02T10:21:56Z</time></trkpt>
    <trkpt lat="51.0549910" lon="3.7199607"><ele>8.5</ele><time>2025-03-02T10:21:57Z</time></trkpt>
    <trkpt lat="51.0550342" lon="3.7199664"><ele>8.9</ele><time>2025-03-02T10:21:59Z</time></trkpt>
    <trkpt lat="51.0551400" lon="3.7200334"><ele>9.0</ele><time>2025-03-02T10:22:00Z</time></trkpt>
    <trkpt lat="51.0552766" lon="3.7199773"><ele>8.8</ele><time>2025-03-02T10:22:02Z</time></trkpt>
    <trkpt lat="51.0553305" lon="3.7200291"><ele>9.1</ele><time>2025-03-02T10:22:03Z</time></trkpt>
    <trkpt lat="51.0554045" lon="3.7199874"><ele>9.5</ele><time>2025-03-02T10:22:04Z</time></trkpt>
    <trkpt lat="51.0554748" lon="3.7200282"><ele>8.8</ele><time>2025-03-02T10:22:06Z</time></trkpt>
    <trkpt lat="51.0556075" lon="3.7199878"><ele>9.1</ele><time>2025-03-02T10:22:07Z</time></trkpt>
    <trkpt lat="51.0556678" lon="3.7200146"><ele>8.7</ele><time>2025-03-02T10:22:09Z</time></trkpt>
    <trkpt lat="51.0558240" lon="3.7199500"><ele>9.0</ele><time>2025-03-02T10:22:10Z</time></trkpt>
    <trkpt lat="51.0558700" lon="3.7200196"><ele>8.3</ele><time>2025-03-02T10:22:12Z</time></trkpt>
    <trkpt lat="51.0559595" lon="3.7200079"><ele>9.1</ele><time>2025-03-02T10:22:13Z</time></trkpt>
    <trkpt lat="51.0560401" lon="3.7200061"><ele>9.6</ele><time>2025-03-02T10:22:14Z</time></trkpt>
    <trkpt lat="51.0560862" lon="3.7200283"><ele>9.4</ele><time>2025-03-02T10:22:16Z</time></trkpt>
    <trkpt lat="51.0562016" lon="3.7200058"><ele>9.5</ele><time>2025-03-02T10:22:17Z</time></trkpt>
    <trkpt lat="51.0562857" lon="3.7200261"><ele>8.8</ele><time>2025-03-02T10:22:19Z</time></trkpt>
    <trkpt lat="51.0564011" lon="3.7199920"><ele>9.0</ele><time>2025-03-02T10:22:20Z</time></trkpt>
    <trkpt lat="51.0564654" lon="3.7199676"><ele>9.2</ele><time>2025-03-02T10:22:22Z</time></trkpt>
    <trkpt lat="51.0565969" lon="3.7200046"><ele>9.9</ele><time>2025-03-02T10:22:23Z</time></trkpt>
    <trkpt lat="51.0566650" lon="3.7199845"><ele>9.4</ele><time>2025-03-02T10:22:24Z</time></trkpt>
    <trkpt lat="51.0568016" lon="3.7199859"><ele>9.4</ele><time>2025-03-02T10:22:26Z</time></trkpt>
    <trkpt lat="51.0568468" lon="3.7200259"><ele>9.3</ele><time>2025-03-02T10:22:27Z</time></trkpt>
    <trkpt lat="51.0569915" lon="3.7199344"><ele>9.1</ele><time>2025-03-02T10:22:29Z</time></trkpt>
    <trkpt lat="51.0570359" lon="3.7200288"><ele>9.2</ele><time>2025-03-02T10:22:30Z</time></trkpt>
    <trkpt lat="51.0571496" lon="3.7200198"><ele>9.2</ele><time>2025-03-02T10:22:32Z</time></trkpt>
    <trkpt lat="51.0572245" lon="3.7200077"><ele>9.8</ele><time>2025-03-02T10:22:33Z</time></trkpt>
    <trkpt lat="51.0572812" lon="3.7201380"><ele>9.0</ele><time>2025-03-02T10:22:35Z</time></trkpt>
    <trkpt lat="51.0573099" lon="3.7202444"><ele>9.5</ele><time>2025-03-02T10:22:36Z</time></trkpt>
    <trkpt lat="51.0572605" lon="3.7204333"><ele>9.4</ele><time>2025-03-02T10:22:37Z</time></trkpt>
    <trkpt lat="51.0572840" lon="3.7205534"><ele>9.5</ele><time>2025-03-02T10:22:39Z</time></trkpt>
    <trkpt lat="51.0572789" lon="3.7207066"><ele>9.0</ele><time>2025-03-02T10:22:40Z</time></trkpt>
    <trkpt lat="51.0572770" lon="3.7207848"><ele>9.2</ele><time>2025-03-02T10:22:42Z</time></trkpt>
    <trkpt lat="51.0572619" lon="3.7209569"><ele>9.2</ele><time>2025-03-02T10:22:43Z</time></trkpt>
    <trkpt lat="51.0572955" lon="3.7211510"><ele>9.6</ele><time>2025-03-02T10:22:45Z</time></trkpt>
    <trkpt lat="51.0572889" lon="3.7212381"><ele>9.9</ele><time>2025-03-02T10:22:46Z</time></trkpt>
    <trkpt lat="51.0572797" lon="3.7214368"><ele>9.0</ele><time>2025-03-02T10:22:47Z</time></trkpt>
    <trkpt lat="51.0572622" lon="3.7215320"><ele>9.3</ele><time>2025-03-02T10:22:49Z</time></trkpt>
    <trkpt lat="51.0573251" lon="3.7217096"><ele>9.5</ele><time>2025-03-02T10:22:50Z</time></trkpt>
    <trkpt lat="51.0572769" lon="3.7217870"><ele>8.3</ele><time>2025-03-02T10:22:52Z</time></trkpt>
    <trkpt lat="51.0572644" lon="3.7219303"><ele>9.3</ele><time>2025-03-02T10:22:53Z</time></trkpt>
    <trkpt lat="51.0572876" lon="3.7220713"><ele>9.6</ele><time>2025-03-02T10:22:55Z</time></trkpt>
    <trkpt lat="51.0572890" lon="3.7221854"><ele>9.3</ele><time>2025-03-02T10:22:56Z</time></trkpt>
    <trkpt lat="51.0572552" lon="3.7223654"><ele>9.2</ele><time>2025-03-02T10:22:57Z</time></trkpt>
    <trkpt lat="51.0573074" lon="3.7224909"><ele>10.0</ele><time>2025-03-02T10:22:59Z</time></trkpt>
    <trkpt lat="51.0572968" lon="3.7226588"><ele>9.5</ele><time>2025-03-02T10:23:00Z</time></trkpt>
    <trkpt lat="51.0572914" lon="3.7228398"><ele>8.9</ele><time>2025-03-02T10:23:02Z</time></trkpt>
    <trkpt lat="51.0573098" lon="3.7229249"><ele>9.2</ele><time>2025-03-02T10:23:03Z</time></trkpt>
    <trkpt lat="51.0573082" lon="3.7230118"><ele>9.1</ele><time>2025-03-02T10:23:05Z</time></trkpt>
    <trkpt lat="51.0572791" lon="3.7232314"><ele>9.8</ele><time>2025-03-02T10:23:06Z</time></trkpt>
    <trkpt lat="51.0572526" lon="3.7233550"><ele>9.6</ele><time>2025-03-02T10:23:07Z</time></trkpt>
    <trkpt lat="51.0573093" lon="3.7235745"><ele>9.4</ele><time>2025-03-02T10:23:09Z</time></trkpt>
    <trkpt lat="51.0573033" lon="3.7236677"><ele>9.5</ele><time>2025-03-02T10:23:10Z</time></trkpt>
    <trkpt lat="51.0572662" lon="3.7238248"><ele>8.9</ele><time>2025-03-02T10:23:12Z</time></trkpt>
    <trkpt lat="51.0573094" lon="3.7239733"><ele>10.0</ele><time>2025-03-02T10:23:13Z</time></trkpt>
    <trkpt lat="51.0573460" lon="3.7240848"><ele>9.8</ele><time>2025-03-02T10:23:15Z</time></trkpt>
    <trkpt lat="51.0572615" lon="3.7242073"><ele>9.7</ele><time>2025-03-02T10:23:16Z</time></trkpt>
    <trkpt lat="51.0572973" lon="3.7243867"><ele>9.7</ele><time>2025-03-02T10:23:17Z</time></trkpt>
    <trkpt lat="51.0573311" lon="3.7245231"><ele>8.8</ele><time>2025-03-02T10:23:19Z</time></trkpt>
    <trkpt lat="51.0572593" lon="3.7246963"><ele>9.3</ele><time>2025-03-02T10:23:20Z</time></trkpt>
    <trkpt lat="51.0573559" lon="3.7248391"><ele>9.8</ele><time>2025-03-02T10:23:22Z</time></trkpt>
    <trkpt lat="51.0572917" lon="3.7249203"><ele>10.1</ele><time>2025-03-02T10:23:23Z</time></trkpt>
    <trkpt lat="51.0572816" lon="3.7250558"><ele>8.8</ele><time>2025-03-02T10:23:25Z</time></trkpt>
    <trkpt lat="51.0573015" lon="3.7252128"><ele>10.3</ele><time>2025-03-02T10:23:26Z</time></trkpt>
    <trkpt lat="51.0572427" lon="3.7253501"><ele>9.5</ele><time>2025-03-02T10:23:27Z</time></trkpt>
    <trkpt lat="51.0572785" lon="3.7255331"><ele>9.5</ele><time>2025-03-02T10:23:29Z</time></trkpt>
    <trkpt lat="51.0573067" lon="3.7257374"><ele>9.2</ele><time>2025-03-02T10:23:30Z</time></trkpt>
    <trkpt lat="51.0573134" lon="3.7257201"><ele>9.0</ele><time>2025-03-02T10:23:32Z</time></trkpt>
    <trkpt lat="51.0573257" lon="3.7259872"><ele>9.1</ele><time>2025-03-02T10:23:33Z</time></trkpt>
    <trkpt lat="51.0572749" lon="3.7261043"><ele>9.2</ele><time>2025-03-02T10:23:35Z</time></trkpt>
    <trkpt lat="51.0572762" lon="3.7261988"><ele>9.8</ele><time>2025-03-02T10:23:36Z</time></trkpt>
    <trkpt lat="51.0572658" lon="3.7263499"><ele>9.7</ele><time>2025-03-02T10:23:37Z</time></trkpt>
    <trkpt lat="51.0572929" lon="3.7264825"><ele>9.6</ele><time>2025-03-02T10:23:39Z</time></trkpt>
    <trkpt lat="51.0572952" lon="3.7266825"><ele>10.4</ele><time>2025-03-02T10:23:40Z</time></trkpt>
    <trkpt lat="51.0572784" lon="3.7268123"><ele>9.5</ele><time>2025-03-02T10:23:42Z</time></trkpt>
    <trkpt lat="51.0573534" lon="3.7269533"><ele>9.1</ele><time>2025-03-02T10:23:43Z</time></trkpt>
    <trkpt lat="51.0573178" lon="3.7270494"><ele>9.2</ele><time>2025-03-02T10:23:45Z</time></trkpt>
    <trkpt lat="51.0573282" lon="3.7272676"><ele>9.3</ele><time>2025-03-02T10:23:46Z</time></trkpt>
    <trkpt lat="51.0572742" lon="3.7273716"><ele>9.5</ele><time>2025-03-02T10:23:47Z</time></trkpt>
    <trkpt lat="51.0573016" lon="3.7275357"><ele>9.6</ele><time>2025-03-02T10:23:49Z</time></trkpt>
    <trkpt lat="51.0573005" lon="3.7276308"><ele>9.3</ele><time>2025-03-02T10:23:50Z</time></trkpt>
    <trkpt lat="51.0573226" lon="3.7277919"><ele>10.1</ele><time>2025-03-02T10:23:52Z</time></trkpt>
    <trkpt lat="51.0572968" lon="3.7279683"><ele>9.1</ele><time>2025-03-02T10:23:53Z</time></trkpt>
    <trkpt lat="51.0572996" lon="3.7280254"><ele>9.2</ele><time>2025-03-02T10:23:55Z</time></trkpt>
    <trkpt lat="51.0572642" lon="3.7282409"><ele>9.8</ele><time>2025-03-02T10:23:56Z</time></trkpt>
    <trkpt lat="51.0573221" lon="3.7283423"><ele>10.1</ele><time>2025-03-02T10:23:57Z</time></trkpt>
    <trkpt lat="51.0572608" lon="3.7285086"><ele>9.3</ele><time>2025-03-02T10:23:59Z</time></trkpt>
    <trkpt lat="51.0573097" lon="3.7286897"><ele>9.9</ele><time>2025-03-02T10:24:00Z</time></trkpt>
    <trkpt lat="51.0573130" lon="3.7288337"><ele>10.1</ele><time>2025-03-02T10:24:02Z</time></trkpt>
    <trkpt lat="51.0573932" lon="3.7288985"><ele>10.1</ele><time>2025-03-02T10:24:03Z</time></trkpt>
    <trkpt lat="51.0574532" lon="3.7288696"><ele>9.3</ele><time>2025-03-02T10:24:05Z</time></trkpt>
    <trkpt lat="51.0575468" lon="3.7288269"><ele>9.4</ele><time>2025-03-02T10:24:06Z</time></trkpt>
    <trkpt lat="51.0576809" lon="3.7288501"><ele>8.3</ele><time>2025-03-02T10:24:08Z</time></trkpt>
    <trkpt lat="51.0577830" lon="3.7288583"><ele>9.3</ele><time>2025-03-02T10:24:09Z</time></trkpt>
    <trkpt lat="51.0578624" lon="3.7288782"><ele>9.4</ele><time>2025-03-02T10:24:11Z</time></trkpt>
    <trkpt lat="51.0579444" lon="3.7288499"><ele>8.5</ele><time>2025-03-02T10:24:12Z</time></trkpt>
    <trkpt lat="51.0580083" lon="3.7288782"><ele>9.6</ele><time>2025-03-02T10:24:13Z</time></trkpt>
    <trkpt lat="51.0581368" lon="3.7288858"><ele>8.7</ele><time>2025-03-02T10:24:15Z</time></trkpt>
    <trkpt lat="51.0582008" lon="3.7288444"><ele>9.9</ele><time>2025-03-02T10:24:16Z</time></trkpt>
    <trkpt lat="51.0583069" lon="3.7288450"><ele>9.3</ele><time>2025-03-02T10:24:18Z</time></trkpt>
    <trkpt lat="51.0583517" lon="3.7288507"><ele>8.8</ele><time>2025-03-02T10:24:19Z</time></trkpt>
    <trkpt lat="51.0584292" lon="3.7288704"><ele>9.5</ele><time>2025-03-02T10:24:21Z</time></trkpt>
    <trkpt lat="51.0585646" lon="3.7288212"><ele>9.9</ele><time>2025-03-02T10:24:22Z</time></trkpt>
    <trkpt lat="51.0586510" lon="3.7288349"><ele>10.0</ele><time>2025-03-02T10:24:23Z</time></trkpt>
    <trkpt lat="51.0587589" lon="3.7288279"><ele>10.2</ele><time>2025-03-02T10:24:25Z</time></trkpt>
    <trkpt lat="51.0588500" lon="3.7288041"><ele>9.3</ele><time>2025-03-02T10:24:26Z</time></trkpt>
    <trkpt lat="51.0589381" lon="3.7288526"><ele>9.2</ele><time>2025-03-02T10:24:28Z</time></trkpt>
    <trkpt lat="51.0589983" lon="3.7287646"><ele>9.0</ele><time>2025-03-02T10:24:29Z</time></trkpt>
    <trkpt lat="51.0590865" lon="3.7288936"><ele>9.3</ele><time>2025-03-02T10:24:31Z</time></trkpt>
    <trkpt lat="51.0591952" lon="3.7288709"><ele>9.0</ele><time>2025-03-02T10:24:32Z</time></trkpt>
    <trkpt lat="51.0592620" lon="3.7288696"><ele>9.0</ele><time>2025-03-02T10:24:33Z</time></trkpt>
    <trkpt lat="51.0593686" lon="3.7288552"><ele>9.8</ele><time>2025-03-02T10:24:35Z</time></trkpt>
    <trkpt lat="51.0594636" lon="3.7288875"><ele>9.1</ele><time>2025-03-02T10:24:36Z</time></trkpt>
    <trkpt lat="51.0595582" lon="3.7289062"><ele>9.5</ele><time>2025-03-02T10:24:38Z</time></trkpt>
    <trkpt lat="51.0596561" lon="3.7288710"><ele>9.3</ele><time>2025-03-02T10:24:39Z</time></trkpt>
    <trkpt lat="51.0597478" lon="3.7288604"><ele>9.5</ele><time>2025-03-02T10:24:41Z</time></trkpt>
    <trkpt lat="51.0598196" lon="3.7289054"><ele>8.5</ele><time>2025-03-02T10:24:42Z</time></trkpt>
    <trkpt lat="51.0599090" lon="3.7288602"><ele>8.7</ele><time>2025-03-02T10:24:43Z</time></trkpt>
    <trkpt lat="51.0599727" lon="3.7288852"><ele>9.5</ele><time>2025-03-02T10:24:45Z</time></trkpt>
    <trkpt lat="51.0600491" lon="3.7288238"><ele>8.9</ele><time>2025-03-02T10:24:46Z</time></trkpt>
    <trkpt lat="51.0601800" lon="3.7288564"><ele>9.6</ele><time>2025-03-02T10:24:48Z</time></trkpt>
    <trkpt lat="51.0602984" lon="3.7288758"><ele>9.4</ele><time>2025-03-02T10:24:49Z</time></trkpt>
    <trkpt lat="51.0603670" lon="3.7288763"><ele>9.2</ele><time>2025-03-02T10:24:51Z</time></trkpt>
    <trkpt lat="51.0604800" lon="3.7288742"><ele>8.8</ele><time>2025-03-02T10:24:52Z</time></trkpt>
    <trkpt lat="51.0605223" lon="3.7288419"><ele>9.1</ele><time>2025-03-02T10:24:53Z</time></trkpt>
    <trkpt lat="51.0606762" lon="3.7288976"><ele>9.1</ele><time>2025-03-02T10:24:55Z</time></trkpt>
    <trkpt lat="51.0606632" lon="3.7288288"><ele>9.5</ele><time>2025-03-02T10:24:56Z</time></trkpt>
    <trkpt lat="51.0608378" lon="3.7288161"><ele>9.2</ele><time>2025-03-02T10:24:58Z</time></trkpt>
    <trkpt lat="51.0609129" lon="3.7288374"><ele>8.9</ele><time>2025-03-02T10:24:59Z</time></trkpt>
    <trkpt lat="51.0609648" lon="3.7289225"><ele>8.9</ele><time>2025-03-02T10:25:01Z</time></trkpt>
    <trkpt lat="51.0610499" lon="3.7288627"><ele>9.1</ele><time>2025-03-02T10:25:02Z</time></trkpt>
    <trkpt lat="51.0611925" lon="3.7288868"><ele>8.7</ele><time>2025-03-02T10:25:03Z</time></trkpt>
    <trkpt lat="51.0612370" lon="3.7288881"><ele>8.5</ele><time>2025-03-02T10:25:05Z</time></trkpt>
    <trkpt lat="51.0613310" lon="3.7288886"><ele>9.0</ele><time>2025-03-02T10:25:06Z</time></trkpt>
    <trkpt lat="51.0614095" lon="3.7288900"><ele>9.2</ele><time>2025-03-02T10:25:08Z</time></trkpt>
    <trkpt lat="51.0615254" lon="3.7288663"><ele>8.9</ele><time>2025-03-02T10:25:09Z</time></trkpt>
    <trkpt lat="51.0616600" lon="3.7288589"><ele>8.4</ele><time>2025-03-02T10:25:11Z</time></trkpt>
    <trkpt lat="51.0616677" lon="3.7288216"><ele>8.8</ele><time>2025-03-02T10:25:12Z</time></trkpt>
    <trkpt lat="51.0617989" lon="3.7289387"><ele>8.8</ele><time>2025-03-02T10:25:13Z</time></trkpt>
    <trkpt lat="51.0619186" lon="3.7288938"><ele>8.6</ele><time>2025-03-02T10:25:15Z</time></trkpt>
    <trkpt lat="51.0619873" lon="3.7289771"><ele>8.4</ele><time>2025-03-02T10:25:16Z</time></trkpt>
    <trkpt lat="51.0620447" lon="3.7290950"><ele>8.3</ele><time>2025-03-02T10:25:18Z</time></trkpt>
    <trkpt lat="51.0620359" lon="3.7292287"><ele>8.3</ele><time>2025-03-02T10:25:19Z</time></trkpt>
    <trkpt lat="51.0620370" lon="3.7293317"><ele>9.3</ele><time>2025-03-02T10:25:21Z</time></trkpt>
    <trkpt lat="51.0619580" lon="3.7294515"><ele>8.4</ele><time>2025-03-02T10:25:22Z</time></trkpt>
    <trkpt lat="51.0620059" lon="3.7296339"><ele>8.6</ele><time>2025-03-02T10:25:24Z</time></trkpt>
    <trkpt lat="51.0619955" lon="3.7297994"><ele>8.9</ele><time>2025-03-02T10:25:25Z</time></trkpt>
    <trkpt lat="51.0620482" lon="3.7299366"><ele>9.1</ele><time>2025-03-02T10:25:26Z</time></trkpt>
    <trkpt lat="51.0620420" lon="3.7300181"><ele>8.4</ele><time>2025-03-02T10:25:28Z</time></trkpt>
    <trkpt lat="51.0620353" lon="3.7302427"><ele>8.6</ele><time>2025-03-02T10:25:29Z</time></trkpt>
    <trkpt lat="51.0620041" lon="3.7303693"><ele>9.0</ele><time>2025-03-02T10:25:31Z</time></trkpt>
    <trkpt lat="51.0619974" lon="3.7304582"><ele>8.8</ele><time>2025-03-02T10:25:32Z</time></trkpt>
    <trkpt lat="51.0620042" lon="3.7306228"><ele>8.9</ele><time>2025-03-02T10:25:34Z</time></trkpt>
    <trkpt lat="51.0620587" lon="3.7308097"><ele>8.2</ele><time>2025-03-02T10:25:35Z</time></trkpt>
    <trkpt lat="51.0619945" lon="3.7308829"><ele>8.0</ele><time>2025-03-02T10:25:36Z</time></trkpt>
    <trkpt lat="51.0620091" lon="3.7310957"><ele>8.8</ele><time>2025-03-02T10:25:38Z</time></trkpt>
    <trkpt lat="51.0619746" lon="3.7311837"><ele>7.7</ele><time>2025-03-02T10:25:39Z</time></trkpt>
    <trkpt lat="51.0619650" lon="3.7313259"><ele>8.4</ele><time>2025-03-02T10:25:41Z</time></trkpt>
    <trkpt lat="51.0620153" lon="3.7315133"><ele>9.0</ele><time>2025-03-02T10:25:42Z</time></trkpt>
    <trkpt lat="51.0620255" lon="3.7315418"><ele>8.7</ele><time>2025-03-02T10:25:44Z</time></trkpt>
    <trkpt lat="51.0620251" lon="3.7317453"><ele>8.5</ele><time>2025-03-02T10:25:45Z</time></trkpt>
    <trkpt lat="51.0620573" lon="3.7319848"><ele>8.0</ele><time>2025-03-02T10:25:46Z</time></trkpt>
    <trkpt lat="51.0620139" lon="3.7320821"><ele>8.5</ele><time>2025-03-02T10:25:48Z</time></trkpt>
    <trkpt lat="51.0620133" lon="3.7322050"><ele>9.4</ele><time>2025-03-02T10:25:49Z</time></trkpt>
    <trkpt lat="51.0620414" lon="3.7323911"><ele>8.6</ele><time>2025-03-02T10:25:51Z</time></trkpt>
    <trkpt lat="51.0619638" lon="3.7325058"><ele>7.9</ele><time>2025-03-02T10:25:52Z</time></trkpt>
    <trkpt lat="51.0620103" lon="3.7326616"><ele>8.3</ele><time>2025-03-02T10:25:54Z</time></trkpt>
    <trkpt lat="51.0620193" lon="3.7327557"><ele>8.3</ele><time>2025-03-02T10:25:55Z</time></trkpt>
    <trkpt lat="51.0619905" lon="3.7329370"><ele>7.7</ele><time>2025-03-02T10:25:56Z</time></trkpt>
    <trkpt lat="51.0619958" lon="3.7330757"><ele>7.9</ele><time>2025-03-02T10:25:58Z</time></trkpt>
    <trkpt lat="51.0620292" lon="3.7332554"><ele>8.6</ele><time>2025-03-02T10:25:59Z</time></trkpt>
    <trkpt lat="51.0620141" lon="3.7333399"><ele>8.8</ele><time>2025-03-02T10:26:01Z</time></trkpt>
    <trkpt lat="51.0620015" lon="3.7335007"><ele>8.6</ele><time>2025-03-02T10:26:02Z</time></trkpt>
    <trkpt lat="51.0619920" lon="3.7336226"><ele>8.4</ele><time>2025-03-02T10:26:04Z</time></trkpt>
    <trkpt lat="51.0620449" lon="3.7337838"><ele>8.3</ele><time>2025-03-02T10:26:05Z</time></trkpt>
    <trkpt lat="51.0619930" lon="3.7339236"><ele>7.9</ele><time>2025-03-02T10:26:06Z</time></trkpt>
    <trkpt lat="51.0619963" lon="3.7340706"><ele>7.9</ele><time>2025-03-02T10:26:08Z</time></trkpt>
    <trkpt lat="51.0620053" lon="3.7342528"><ele>7.6</ele><time>2025-03-02T10:26:09Z</time></trkpt>
    <trkpt lat="51.0619651" lon="3.7343936"><ele>8.0</ele><time>2025-03-02T10:26:11Z</time></trkpt>
    <trkpt lat="51.0619937" lon="3.7345420"><ele>9.0</ele><time>2025-03-02T10:26:12Z</time></trkpt>
    <trkpt lat="51.0620105" lon="3.7346041"><ele>8.6</ele><time>2025-03-02T10:26:14Z</time></trkpt>
    <trkpt lat="51.0619858" lon="3.7347527"><ele>8.1</ele><time>2025-03-02T10:26:15Z</time></trkpt>
    <trkpt lat="51.0620216" lon="3.7349160"><ele>7.8</ele><time>2025-03-02T10:26:16Z</time></trkpt>
    <trkpt lat="51.0620094" lon="3.7350832"><ele>8.1</ele><time>2025-03-02T10:26:18Z</time></trkpt>
    <trkpt lat="51.0620266" lon="3.7352394"><ele>7.6</ele><time>2025-03-02T10:26:19Z</time></trkpt>
    <trkpt lat="51.0620825" lon="3.7353504"><ele>8.1</ele><time>2025-03-02T10:26:21Z</time></trkpt>
    <trkpt lat="51.0620088" lon="3.7355199"><ele>6.7</ele><time>2025-03-02T10:26:22Z</time></trkpt>
    <trkpt lat="51.0619755" lon="3.7356066"><ele>8.5</ele><time>2025-03-02T10:26:24Z</time></trkpt>
    <trkpt lat="51.0620007" lon="3.7357105"><ele>8.0</ele><time>2025-03-02T10:26:25Z</time></trkpt>
    <trkpt lat="51.0619828" lon="3.7359243"><ele>7.5</ele><time>2025-03-02T10:26:26Z</time></trkpt>
    <trkpt lat="51.0620095" lon="3.7360853"><ele>7.6</ele><time>2025-03-02T10:26:28Z</time></trkpt>
    <trkpt lat="51.0619976" lon="3.7361999"><ele>7.7</ele><time>2025-03-02T10:26:29Z</time></trkpt>
    <trkpt lat="51.0620245" lon="3.7363409"><ele>7.9</ele><time>2025-03-02T10:26:31Z</time></trkpt>
    <trkpt lat="51.0620155" lon="3.7364941"><ele>7.4</ele><time>2025-03-02T10:26:32Z</time></trkpt>
    <trkpt lat="51.0620236" lon="3.7365753"><ele>8.0</ele><time>2025-03-02T10:26:34Z</time></trkpt>
    <trkpt lat="51.0620425" lon="3.7367623"><ele>7.7</ele><time>2025-03-02T10:26:35Z</time></trkpt>
    <trkpt lat="51.0620239" lon="3.7368930"><ele>7.7</ele><time>2025-03-02T10:26:36Z</time></trkpt>
    <trkpt lat="51.0620213" lon="3.7370613"><ele>8.4</ele><time>2025-03-02T10:26:38Z</time></trkpt>
    <trkpt lat="51.0619687" lon="3.7371640"><ele>7.1</ele><time>2025-03-02T10:26:39Z</time></trkpt>
    <trkpt lat="51.0620346" lon="3.7373936"><ele>7.6</ele><time>2025-03-02T10:26:41Z</time></trkpt>
    <trkpt lat="51.0620314" lon="3.7374224"><ele>7.8</ele><time>2025-03-02T10:26:42Z</time></trkpt>
    <trkpt lat="51.0620111" lon="3.7376207"><ele>8.0</ele><time>2025-03-02T10:26:44Z</time></trkpt>
    <trkpt lat="51.0620227" lon="3.7377131"><ele>7.7</ele><time>2025-03-02T10:26:45Z</time></trkpt>
    <trkpt lat="51.0620167" lon="3.7379456"><ele>7.5</ele><time>2025-03-02T10:26:46Z</time></trkpt>
    <trkpt lat="51.0620194" lon="3.7380388"><ele>7.7</ele><time>2025-03-02T10:26:48Z</time></trkpt>
    <trkpt lat="51.0620354" lon="3.7381534"><ele>8.0</ele><time>2025-03-02T10:26:49Z</time></trkpt>
    <trkpt lat="51.0620121" lon="3.7383623"><ele>6.9</ele><time>2025-03-02T10:26:51Z</time></trkpt>
    <trkpt lat="51.0619968" lon="3.7384799"><ele>7.4</ele><time>2025-03-02T10:26:52Z</time></trkpt>
    <trkpt lat="51.0620206" lon="3.7385738"><ele>7.3</ele><time>2025-03-02T10:26:54Z</time></trkpt>
    <trkpt lat="51.0619848" lon="3.7387506"><ele>7.0</ele><time>2025-03-02T10:26:55Z</time></trkpt>
    <trkpt lat="51.0620070" lon="3.7388839"><ele>6.8</ele><time>2025-03-02T10:26:56Z</time></trkpt>
    <trkpt lat="51.0620160" lon="3.7390459"><ele>7.8</ele><time>2025-03-02T10:26:58Z</time></trkpt>
    <trkpt lat="51.0619955" lon="3.7391893"><ele>6.9</ele><time>2025-03-02T10:26:59Z</time></trkpt>
    <trkpt lat="51.0619875" lon="3.7393601"><ele>7.0</ele><time>2025-03-02T10:27:01Z</time></trkpt>
    <trkpt lat="51.0619888" lon="3.7395303"><ele>7.0</ele><time>2025-03-02T10:27:02Z</time></trkpt>
    <trkpt lat="51.0619688" lon="3.7395954"><ele>7.5</ele><time>2025-03-02T10:27:04Z</time></trkpt>
    <trkpt lat="51.0620607" lon="3.7398208"><ele>7.1</ele><time>2025-03-02T10:27:05Z</time></trkpt>
    <trkpt lat="51.0619714" lon="3.7399602"><ele>6.2</ele><time>2025-03-02T10:27:06Z</time></trkpt>
    <trkpt lat="51.0620061" lon="3.7400762"><ele>6.9</ele><time>2025-03-02T10:27:08Z</time></trkpt>
    <trkpt lat="51.0619985" lon="3.7401660"><ele>7.0</ele><time>2025-03-02T10:27:09Z</time></trkpt>
    <trkpt lat="51.0619890" lon="3.7402392"><ele>7.6</ele><time>2025-03-02T10:27:11Z</time></trkpt>
    <trkpt lat="51.0619806" lon="3.7405083"><ele>6.5</ele><time>2025-03-02T10:27:12Z</time></trkpt>
    <trkpt lat="51.0620014" lon="3.7406304"><ele>7.4</ele><time>2025-03-02T10:27:14Z</time></trkpt>
    <trkpt lat="51.0619773" lon="3.7407893"><ele>6.6</ele><time>2025-03-02T10:27:15Z</time></trkpt>
    <trkpt lat="51.0620133" lon="3.7408719"><ele>7.6</ele><time>2025-03-02T10:27:16Z</time></trkpt>
    <trkpt lat="51.0620079" lon="3.7410160"><ele>7.0</ele><time>2025-03-02T10:27:18Z</time></trkpt>
    <trkpt lat="51.0620225" lon="3.7411834"><ele>7.0</ele><time>2025-03-02T10:27:19Z</time></trkpt>
    <trkpt lat="51.0620097" lon="3.7413248"><ele>7.5</ele><time>2025-03-02T10:27:21Z</time></trkpt>
    <trkpt lat="51.0620066" lon="3.7414962"><ele>7.2</ele><time>2025-03-02T10:27:22Z</time></trkpt>
    <trkpt lat="51.0620278" lon="3.7416611"><ele>7.0</ele><time>2025-03-02T10:27:24Z</time></trkpt>
    <trkpt lat="51.0619944" lon="3.7418627"><ele>6.7</ele><time>2025-03-02T10:27:25Z</time></trkpt>
    <trkpt lat="51.0620018" lon="3.7419522"><ele>7.0</ele><time>2025-03-02T10:27:26Z</time></trkpt>
    <trkpt lat="51.0620104" lon="3.7420235"><ele>6.9</ele><time>2025-03-02T10:27:28Z</time></trkpt>
    <trkpt lat="51.0619989" lon="3.7422143"><ele>6.4</ele><time>2025-03-02T10:27:29Z</time></trkpt>
    <trkpt lat="51.0619807" lon="3.7422871"><ele>8.1</ele><time>2025-03-02T10:27:31Z</time></trkpt>
    <trkpt lat="51.0620679" lon="3.7424962"><ele>6.9</ele><time>2025-03-02T10:27:32Z</time></trkpt>
    <trkpt lat="51.0619923" lon="3.7426011"><ele>6.2</ele><time>2025-03-02T10:27:34Z</time></trkpt>
    <trkpt lat="51.0619831" lon="3.7427706"><ele>6.9</ele><time>2025-03-02T10:27:35Z</time></trkpt>
    <trkpt lat="51.0620405" lon="3.7428933"><ele>7.6</ele><time>2025-03-02T10:27:36Z</time></trkpt>
    <trkpt lat="51.0619892" lon="3.7430664"><ele>7.5</ele><time>2025-03-02T10:27:38Z</time></trkpt>
    <trkpt lat="51.0620139" lon="3.7432274"><ele>5.9</ele><time>2025-03-02T10:27:39Z</time></trkpt>
    <trkpt lat="51.0620478" lon="3.7434117"><ele>6.7</ele><time>2025-03-02T10:27:41Z</time></trkpt>
    <trkpt lat="51.0619990" lon="3.7435029"><ele>7.1</ele><time>2025-03-02T10:27:42Z</time></trkpt>
    <trkpt lat="51.0619833" lon="3.7436284"><ele>6.6</ele><time>2025-03-02T10:27:44Z</time></trkpt>
    <trkpt lat="51.0620085" lon="3.7437117"><ele>7.1</ele><time>2025-03-02T10:27:45Z</time></trkpt>
    <trkpt lat="51.0620048" lon="3.7439278"><ele>6.6</ele><time>2025-03-02T10:27:46Z</time></trkpt>
    <trkpt lat="51.0620210" lon="3.7440793"><ele>6.6</ele><time>2025-03-02T10:27:48Z</time></trkpt>
    <trkpt lat="51.0620463" lon="3.7441437"><ele>7.0</ele><time>2025-03-02T10:27:49Z</time></trkpt>
    <trkpt lat="51.0620010" lon="3.7443533"><ele>7.0</ele><time>2025-03-02T10:27:51Z</time></trkpt>
    <trkpt lat="51.0620056" lon="3.7445021"><ele>6.6</ele><time>2025-03-02T10:27:52Z</time></trkpt>
    <trkpt lat="51.0619906" lon="3.7446145"><ele>7.0</ele><time>2025-03-02T10:27:54Z</time></trkpt>
    <trkpt lat="51.0619825" lon="3.7447454"><ele>6.9</ele><time>2025-03-02T10:27:55Z</time></trkpt>
    <trkpt lat="51.0620434" lon="3.7448653"><ele>6.7</ele><time>2025-03-02T10:27:56Z</time></trkpt>
    <trkpt lat="51.0620354" lon="3.7450484"><ele>6.7</ele><time>2025-03-02T10:27:58Z</time></trkpt>
    <trkpt lat="51.0619886" lon="3.7451853"><ele>7.0</ele><time>2025-03-02T10:27:59Z</time></trkpt>
    <trkpt lat="51.0620073" lon="3.7453577"><ele>7.0</ele><time>2025-03-02T10:28:01Z</time></trkpt>
    <trkpt lat="51.0620325" lon="3.7454614"><ele>6.4</ele><time>2025-03-02T10:28:02Z</time></trkpt>
    <trkpt lat="51.0619829" lon="3.7455820"><ele>7.4</ele><time>2025-03-02T10:28:04Z</time></trkpt>
    <trkpt lat="51.0620069" lon="3.7457038"><ele>6.2</ele><time>2025-03-02T10:28:05Z</time></trkpt>
    <trkpt lat="51.0620051" lon="3.7458824"><ele>7.6</ele><time>2025-03-02T10:28:06Z</time></trkpt>
    <trkpt lat="51.0620217" lon="3.7460780"><ele>7.1</ele><time>2025-03-02T10:28:08Z</time></trkpt>
    <trkpt lat="51.0620222" lon="3.7462257"><ele>6.8</ele><time>2025-03-02T10:28:09Z</time></trkpt>
    <trkpt lat="51.0620394" lon="3.7463829"><ele>6.8</ele><time>2025-03-02T10:28:11Z</time></trkpt>
    <trkpt lat="51.0620029" lon="3.7464944"><ele>7.0</ele><time>2025-03-02T10:28:12Z</time></trkpt>
    <trkpt lat="51.0620439" lon="3.7466037"><ele>6.2</ele><time>2025-03-02T10:28:14Z</time></trkpt>
    <trkpt lat="51.0619949" lon="3.7467749"><ele>6.5</ele><time>2025-03-02T10:28:15Z</time></trkpt>
    <trkpt lat="51.0619920" lon="3.7469030"><ele>6.5</ele><time>2025-03-02T10:28:16Z</time></trkpt>
    <trkpt lat="51.0620472" lon="3.7470277"><ele>7.0</ele><time>2025-03-02T10:28:18Z</time></trkpt>
    <trkpt lat="51.0619989" lon="3.7471615"><ele>6.8</ele><time>2025-03-02T10:28:19Z</time></trkpt>
    <trkpt lat="51.0620251" lon="3.7473435"><ele>6.0</ele><time>2025-03-02T10:28:21Z</time></trkpt>
    <trkpt lat="51.0619821" lon="3.7474842"><ele>6.4</ele><time>2025-03-02T10:28:22Z</time></trkpt>
    <trkpt lat="51.0620074" lon="3.7475918"><ele>6.3</ele><time>2025-03-02T10:28:24Z</time></trkpt>
    <trkpt lat="51.0620327" lon="3.7477238"><ele>6.2</ele><time>2025-03-02T10:28:25Z</time></trkpt>
    <trkpt lat="51.0619985" lon="3.7479247"><ele>6.3</ele><time>2025-03-02T10:28:26Z</time></trkpt>
    <trkpt lat="51.0620061" lon="3.7480673"><ele>7.2</ele><time>2025-03-02T10:28:28Z</time></trkpt>
    <trkpt lat="51.0620136" lon="3.7481340"><ele>6.6</ele><time>2025-03-02T10:28:29Z</time></trkpt>
    <trkpt lat="51.0619821" lon="3.7484174"><ele>6.5</ele><time>2025-03-02T10:28:31Z</time></trkpt>
    <trkpt lat="51.0620202" lon="3.7484250"><ele>7.1</ele><time>2025-03-02T10:28:32Z</time></trkpt>
    <trkpt lat="51.0620265" lon="3.7485851"><ele>7.4</ele><time>2025-03-02T10:28:34Z</time></trkpt>
    <trkpt lat="51.0619856" lon="3.7487740"><ele>6.3</ele><time>2025-03-02T10:28:35Z</time></trkpt>
    <trkpt lat="51.0620175" lon="3.7488702"><ele>7.2</ele><time>2025-03-02T10:28:36Z</time></trkpt>
    <trkpt lat="51.0620511" lon="3.7490245"><ele>6.9</ele><time>2025-03-02T10:28:38Z</time></trkpt>
    <trkpt lat="51.0620358" lon="3.7491913"><ele>7.3</ele><time>2025-03-02T10:28:39Z</time></trkpt>
    <trkpt lat="51.0620038" lon="3.7493199"><ele>6.4</ele><time>2025-03-02T10:28:41Z</time></trkpt>
    <trkpt lat="51.0619974" lon="3.7495159"><ele>6.8</ele><time>2025-03-02T10:28:42Z</time></trkpt>
    <trkpt lat="51.0620289" lon="3.7495786"><ele>6.5</ele><time>2025-03-02T10:28:44Z</time></trkpt>
    <trkpt lat="51.0620550" lon="3.7497826"><ele>6.1</ele><time>2025-03-02T10:28:45Z</time></trkpt>
    <trkpt lat="51.0619942" lon="3.7499298"><ele>6.2</ele><time>2025-03-02T10:28:46Z</time></trkpt>
    <trkpt lat="51.0619989" lon="3.7500647"><ele>6.6</ele><time>2025-03-02T10:28:48Z</time></trkpt>
    <trkpt lat="51.0620223" lon="3.7502240"><ele>7.2</ele><time>2025-03-02T10:28:49Z</time></trkpt>
    <trkpt lat="51.0620096" lon="3.7503554"><ele>7.6</ele><time>2025-03-02T10:28:51Z</time></trkpt>
    <trkpt lat="51.0620104" lon="3.7504908"><ele>6.3</ele><time>2025-03-02T10:28:52Z</time></trkpt>
    <trkpt lat="51.0619972" lon="3.7506364"><ele>6.1</ele><time>2025-03-02T10:28:54Z</time></trkpt>
    <trkpt lat="51.0619956" lon="3.7508080"><ele>6.2</ele><time>2025-03-02T10:28:55Z</time></trkpt>
    <trkpt lat="51.0620262" lon="3.7508573"><ele>6.4</ele><time>2025-03-02T10:28:56Z</time></trkpt>
    <trkpt lat="51.0620057" lon="3.7510254"><ele>7.1</ele><time>2025-03-02T10:28:58Z</time></trkpt>
    <trkpt lat="51.0620295" lon="3.7512399"><ele>6.7</ele><time>2025-03-02T10:28:59Z</time></trkpt>
    <trkpt lat="51.0620044" lon="3.7513475"><ele>7.0</ele><time>2025-03-02T10:29:01Z</time></trkpt>
    <trkpt lat="51.0620112" lon="3.7514189"><ele>6.6</ele><time>2025-03-02T10:29:02Z</time></trkpt>
    <trkpt lat="51.0620023" lon="3.7516448"><ele>6.3</ele><time>2025-03-02T10:29:04Z</time></trkpt>
    <trkpt lat="51.0620093" lon="3.7517498"><ele>5.6</ele><time>2025-03-02T10:29:05Z</time></trkpt>
    <trkpt lat="51.0620261" lon="3.7519412"><ele>6.4</ele><time>2025-03-02T10:29:06Z</time></trkpt>
    <trkpt lat="51.0620232" lon="3.7520129"><ele>6.7</ele><time>2025-03-02T10:29:08Z</time></trkpt>
    <trkpt lat="51.0619753" lon="3.7521597"><ele>6.6</ele><time>2025-03-02T10:29:09Z</time></trkpt>
    <trkpt lat="51.0620101" lon="3.7523120"><ele>7.1</ele><time>2025-03-02T10:29:11Z</time></trkpt>
    <trkpt lat="51.0619770" lon="3.7523913"><ele>6.9</ele><time>2025-03-02T10:29:12Z</time></trkpt>
    <trkpt lat="51.0619963" lon="3.7526601"><ele>6.5</ele><time>2025-03-02T10:29:14Z</time></trkpt>
    <trkpt lat="51.0620222" lon="3.7527183"><ele>6.4</ele><time>2025-03-02T10:29:15Z</time></trkpt>
    <trkpt lat="51.0620057" lon="3.7528405"><ele>6.9</ele><time>2025-03-02T10:29:16Z</time></trkpt>
    <trkpt lat="51.0620318" lon="3.7530364"><ele>6.5</ele><time>2025-03-02T10:29:18Z</time></trkpt>
    <trkpt lat="51.0619549" lon="3.7531299"><ele>6.1</ele><time>2025-03-02T10:29:19Z</time></trkpt>
    <trkpt lat="51.0618706" lon="3.7532571"><ele>6.3</ele><time>2025-03-02T10:29:21Z</time></trkpt>
    <trkpt lat="51.0618110" lon="3.7532469"><ele>6.5</ele><time>2025-03-02T10:29:22Z</time></trkpt>
    <trkpt lat="51.0616468" lon="3.7532143"><ele>6.7</ele><time>2025-03-02T10:29:24Z</time></trkpt>
    <trkpt lat="51.0616347" lon="3.7532492"><ele>6.8</ele><time>2025-03-02T10:29:25Z</time></trkpt>
    <trkpt lat="51.0615737" lon="3.7531907"><ele>6.7</ele><time>2025-03-02T10:29:27Z</time></trkpt>
    <trkpt lat="51.0614263" lon="3.7532005"><ele>6.5</ele><time>2025-03-02T10:29:28Z</time></trkpt>
    <trkpt lat="51.0613340" lon="3.7532100"><ele>6.8</ele><time>2025-03-02T10:29:29Z</time></trkpt>
    <trkpt lat="51.0612169" lon="3.7531911"><ele>6.0</ele><time>2025-03-02T10:29:31Z</time></trkpt>
    <trkpt lat="51.0611672" lon="3.7531246"><ele>6.5</ele><time>2025-03-02T10:29:32Z</time></trkpt>
    <trkpt lat="51.0610715" lon="3.7532515"><ele>6.7</ele><time>2025-03-02T10:29:34Z</time></trkpt>
    <trkpt lat="51.0610189" lon="3.7532060"><ele>6.6</ele><time>2025-03-02T10:29:35Z</time></trkpt>
    <trkpt lat="51.0608588" lon="3.7531698"><ele>6.6</ele><time>2025-03-02T10:29:37Z</time></trkpt>
    <trkpt lat="51.0607705" lon="3.7532568"><ele>6.1</ele><time>2025-03-02T10:29:38Z</time></trkpt>
    <trkpt lat="51.0607112" lon="3.7532305"><ele>7.5</ele><time>2025-03-02T10:29:39Z</time></trkpt>
    <trkpt lat="51.0606188" lon="3.7532290"><ele>6.8</ele><time>2025-03-02T10:29:41Z</time></trkpt>
    <trkpt lat="51.0605264" lon="3.7531536"><ele>6.7</ele><time>2025-03-02T10:29:42Z</time></trkpt>
    <trkpt lat="51.0604261" lon="3.7532202"><ele>6.5</ele><time>2025-03-02T10:29:44Z</time></trkpt>
    <trkpt lat="51.0603441" lon="3.7531971"><ele>6.2</ele><time>2025-03-02T10:29:45Z</time></trkpt>
    <trkpt lat="51.0602627" lon="3.7532061"><ele>6.5</ele><time>2025-03-02T10:29:47Z</time></trkpt>
    <trkpt lat="51.0601480" lon="3.7532416"><ele>6.6</ele><time>2025-03-02T10:29:48Z</time></trkpt>
    <trkpt lat="51.0600946" lon="3.7532649"><ele>6.8</ele><time>2025-03-02T10:29:49Z</time></trkpt>
    <trkpt lat="51.0599786" lon="3.7532290"><ele>6.1</ele><time>2025-03-02T10:29:51Z</time></trkpt>
    <trkpt lat="51.0598899" lon="3.7531712"><ele>6.5</ele><time>2025-03-02T10:29:52Z</time></trkpt>
    <trkpt lat="51.0598232" lon="3.7532138"><ele>6.6</ele><time>2025-03-02T10:29:54Z</time></trkpt>
    <trkpt lat="51.0597343" lon="3.7532288"><ele>6.2</ele><time>2025-03-02T10:29:55Z</time></trkpt>
    <trkpt lat="51.0596597" lon="3.7532082"><ele>6.8</ele><time>2025-03-02T10:29:57Z</time></trkpt>
    <trkpt lat="51.0595772" lon="3.7532017"><ele>7.5</ele><time>2025-03-02T10:29:58Z</time></trkpt>
    <trkpt lat="51.0594883" lon="3.7532055"><ele>6.6</ele><time>2025-03-02T10:29:59Z</time></trkpt>
    <trkpt lat="51.0593579" lon="3.7532190"><ele>6.7</ele><time>2025-03-02T10:30:01Z</time></trkpt>
    <trkpt lat="51.0593046" lon="3.7532240"><ele>6.8</ele><time>2025-03-02T10:30:02Z</time></trkpt>
    <trkpt lat="51.0592115" lon="3.7532207"><ele>7.2</ele><time>2025-03-02T10:30:04Z</time></trkpt>
    <trkpt lat="51.0590960" lon="3.7531883"><ele>6.8</ele><time>2025-03-02T10:30:05Z</time></trkpt>
    <trkpt lat="51.0590723" lon="3.7532491"><ele>7.0</ele><time>2025-03-02T10:30:07Z</time></trkpt>
    <trkpt lat="51.0589043" lon="3.7532413"><ele>6.3</ele><time>2025-03-02T10:30:08Z</time></trkpt>
    <trkpt lat="51.0588294" lon="3.7532043"><ele>7.5</ele><time>2025-03-02T10:30:09Z</time></trkpt>
    <trkpt lat="51.0587545" lon="3.7531947"><ele>7.3</ele><time>2025-03-02T10:30:11Z</time></trkpt>
    <trkpt lat="51.0586693" lon="3.7531669"><ele>6.4</ele><time>2025-03-02T10:30:12Z</time></trkpt>
    <trkpt lat="51.0585907" lon="3.7532204"><ele>7.2</ele><time>2025-03-02T10:30:14Z</time></trkpt>
    <trkpt lat="51.0584668" lon="3.7531989"><ele>6.6</ele><time>2025-03-02T10:30:15Z</time></trkpt>
    <trkpt lat="51.0583480" lon="3.7531917"><ele>7.3</ele><time>2025-03-02T10:30:17Z</time></trkpt>
    <trkpt lat="51.0582748" lon="3.7532060"><ele>7.5</ele><time>2025-03-02T10:30:18Z</time></trkpt>
    <trkpt lat="51.0581964" lon="3.7531498"><ele>7.7</ele><time>2025-03-02T10:30:19Z</time></trkpt>
    <trkpt lat="51.0581213" lon="3.7532319"><ele>7.2</ele><time>2025-03-02T10:30:21Z</time></trkpt>
    <trkpt lat="51.0580640" lon="3.7531943"><ele>7.9</ele><time>2025-03-02T10:30:22Z</time></trkpt>
    <trkpt lat="51.0579195" lon="3.7531788"><ele>7.0</ele><time>2025-03-02T10:30:24Z</time></trkpt>
    <trkpt lat="51.0577989" lon="3.7531260"><ele>6.8</ele><time>2025-03-02T10:30:25Z</time></trkpt>
    <trkpt lat="51.0577512" lon="3.7532281"><ele>7.3</ele><time>2025-03-02T10:30:27Z</time></trkpt>
    <trkpt lat="51.0576732" lon="3.7532115"><ele>7.5</ele><time>2025-03-02T10:30:28Z</time></trkpt>
    <trkpt lat="51.0575788" lon="3.7531808"><ele>7.9</ele><time>2025-03-02T10:30:29Z</time></trkpt>
    <trkpt lat="51.0574854" lon="3.7531950"><ele>7.6</ele><time>2025-03-02T10:30:31Z</time></trkpt>
    <trkpt lat="51.0574155" lon="3.7532023"><ele>6.6</ele><time>2025-03-02T10:30:32Z</time></trkpt>
    <trkpt lat="51.0573264" lon="3.7532441"><ele>7.0</ele><time>2025-03-02T10:30:34Z</time></trkpt>
    <trkpt lat="51.0572323" lon="3.7532318"><ele>7.3</ele><time>2025-03-02T10:30:35Z</time></trkpt>
    <trkpt lat="51.0571722" lon="3.7532310"><ele>7.6</ele><time>2025-03-02T10:30:37Z</time></trkpt>
    <trkpt lat="51.0570092" lon="3.7531891"><ele>7.5</ele><time>2025-03-02T10:30:38Z</time></trkpt>
    <trkpt lat="51.0569238" lon="3.7532325"><ele>7.7</ele><time>2025-03-02T10:30:39Z</time></trkpt>
    <trkpt lat="51.0568192" lon="3.7532109"><ele>7.1</ele><time>2025-03-02T10:30:41Z</time></trkpt>
    <trkpt lat="51.0567673" lon="3.7532274"><ele>7.2</ele><time>2025-03-02T10:30:42Z</time></trkpt>
    <trkpt lat="51.0566950" lon="3.7532208"><ele>7.4</ele><time>2025-03-02T10:30:44Z</time></trkpt>
    <trkpt lat="51.0565707" lon="3.7531895"><ele>7.3</ele><time>2025-03-02T10:30:45Z</time></trkpt>
    <trkpt lat="51.0564658" lon="3.7532485"><ele>7.4</ele><time>2025-03-02T10:30:47Z</time></trkpt>
    <trkpt lat="51.0564356" lon="3.7532337"><ele>6.9</ele><time>2025-03-02T10:30:48Z</time></trkpt>
    <trkpt lat="51.0562960" lon="3.7532434"><ele>6.9</ele><time>2025-03-02T10:30:49Z</time></trkpt>
    <trkpt lat="51.0562357" lon="3.7532073"><ele>7.8</ele><time>2025-03-02T10:30:51Z</time></trkpt>
    <trkpt lat="51.0561122" lon="3.7532327"><ele>8.0</ele><time>2025-03-02T10:30:52Z</time></trkpt>
    <trkpt lat="51.0560699" lon="3.7532210"><ele>7.2</ele><time>2025-03-02T10:30:54Z</time></trkpt>
    <trkpt lat="51.0559283" lon="3.7531984"><ele>7.5</ele><time>2025-03-02T10:30:55Z</time></trkpt>
    <trkpt lat="51.0558922" lon="3.7531632"><ele>7.8</ele><time>2025-03-02T10:30:57Z</time></trkpt>
    <trkpt lat="51.0557702" lon="3.7532326"><ele>7.5</ele><time>2025-03-02T10:30:58Z</time></trkpt>
    <trkpt lat="51.0556896" lon="3.7531936"><ele>6.9</ele><time>2025-03-02T10:30:59Z</time></trkpt>
    <trkpt lat="51.0555646" lon="3.7532088"><ele>8.7</ele><time>2025-03-02T10:31:01Z</time></trkpt>
    <trkpt lat="51.0555155" lon="3.7531737"><ele>8.0</ele><time>2025-03-02T10:31:02Z</time></trkpt>
    <trkpt lat="51.0554080" lon="3.7532057"><ele>7.3</ele><time>2025-03-02T10:31:04Z</time></trkpt>
    <trkpt lat="51.0553159" lon="3.7532571"><ele>7.6</ele><time>2025-03-02T10:31:05Z</time></trkpt>
    <trkpt lat="51.0552060" lon="3.7532246"><ele>7.1</ele><time>2025-03-02T10:31:07Z</time></trkpt>
    <trkpt lat="51.0551081" lon="3.7532341"><ele>8.5</ele><time>2025-03-02T10:31:08Z</time></trkpt>
    <trkpt lat="51.0550257" lon="3.7532509"><ele>8.1</ele><time>2025-03-02T10:31:09Z</time></trkpt>
    <trkpt lat="51.0549553" lon="3.7531623"><ele>7.8</ele><time>2025-03-02T10:31:11Z</time></trkpt>
    <trkpt lat="51.0548763" lon="3.7531907"><ele>7.1</ele><time>2025-03-02T10:31:12Z</time></trkpt>
    <trkpt lat="51.0548044" lon="3.7532168"><ele>8.4</ele><time>2025-03-02T10:31:14Z</time></trkpt>
    <trkpt lat="51.0546883" lon="3.7531476"><ele>8.2</ele><time>2025-03-02T10:31:15Z</time></trkpt>
    <trkpt lat="51.0546001" lon="3.7532889"><ele>8.2</ele><time>2025-03-02T10:31:17Z</time></trkpt>
    <trkpt lat="51.0545185" lon="3.7532561"><ele>8.0</ele><time>2025-03-02T10:31:18Z</time></trkpt>
    <trkpt lat="51.0544541" lon="3.7531444"><ele>8.4</ele><time>2025-03-02T10:31:19Z</time></trkpt>
    <trkpt lat="51.0543849" lon="3.7531925"><ele>8.0</ele><time>2025-03-02T10:31:21Z</time></trkpt>
    <trkpt lat="51.0542812" lon="3.7532044"><ele>8.0</ele><time>2025-03-02T10:31:22Z</time></trkpt>
    <trkpt lat="51.0541622" lon="3.7532405"><ele>8.3</ele><time>2025-03-02T10:31:24Z</time></trkpt>
    <trkpt lat="51.0540636" lon="3.7531742"><ele>8.5</ele><time>2025-03-02T10:31:25Z</time></trkpt>
    <trkpt lat="51.0539719" lon="3.7532605"><ele>8.5</ele><time>2025-03-02T10:31:27Z</time></trkpt>
    <trkpt lat="51.0538814" lon="3.7531819"><ele>8.2</ele><time>2025-03-02T10:31:28Z</time></trkpt>
    <trkpt lat="51.0537977" lon="3.7532088"><ele>8.1</ele><time>2025-03-02T10:31:29Z</time></trkpt>
    <trkpt lat="51.0537307" lon="3.7532555"><ele>8.5</ele><time>2025-03-02T10:31:31Z</time></trkpt>
    <trkpt lat="51.0535985" lon="3.7532595"><ele>8.0</ele><time>2025-03-02T10:31:32Z</time></trkpt>
    <trkpt lat="51.0535101" lon="3.7532185"><ele>8.0</ele><time>2025-03-02T10:31:34Z</time></trkpt>
    <trkpt lat="51.0534462" lon="3.7532655"><ele>8.6</ele><time>2025-03-02T10:31:35Z</time></trkpt>
    <trkpt lat="51.0533390" lon="3.7532464"><ele>8.4</ele><time>2025-03-02T10:31:37Z</time></trkpt>
    <trkpt lat="51.0532926" lon="3.7532670"><ele>7.7</ele><time>2025-03-02T10:31:38Z</time></trkpt>
    <trkpt lat="51.0531846" lon="3.7532140"><ele>8.3</ele><time>2025-03-02T10:31:39Z</time></trkpt>
    <trkpt lat="51.0530599" lon="3.7532508"><ele>8.4</ele><time>2025-03-02T10:31:41Z</time></trkpt>
    <trkpt lat="51.0529403" lon="3.7531681"><ele>7.8</ele><time>2025-03-02T10:31:42Z</time></trkpt>
    <trkpt lat="51.0529012" lon="3.7532171"><ele>7.8</ele><time>2025-03-02T10:31:44Z</time></trkpt>
    <trkpt lat="51.0528149" lon="3.7532390"><ele>7.3</ele><time>2025-03-02T10:31:45Z</time></trkpt>
    <trkpt lat="51.0527431" lon="3.7531436"><ele>8.3</ele><time>2025-03-02T10:31:47Z</time></trkpt>
    <trkpt lat="51.0526117" lon="3.7532431"><ele>8.5</ele><time>2025-03-02T10:31:48Z</time></trkpt>
    <trkpt lat="51.0525386" lon="3.7532123"><ele>8.0</ele><time>2025-03-02T10:31:49Z</time></trkpt>
    <trkpt lat="51.0524542" lon="3.7532240"><ele>8.3</ele><time>2025-03-02T10:31:51Z</time></trkpt>
    <trkpt lat="51.0523538" lon="3.7532095"><ele>8.7</ele><time>2025-03-02T10:31:52Z</time></trkpt>
    <trkpt lat="51.0522717" lon="3.7531860"><ele>7.9</ele><time>2025-03-02T10:31:54Z</time></trkpt>
    <trkpt lat="51.0522055" lon="3.7531621"><ele>8.4</ele><time>2025-03-02T10:31:55Z</time></trkpt>
    <trkpt lat="51.0520763" lon="3.7532242"><ele>8.5</ele><time>2025-03-02T10:31:57Z</time></trkpt>
    <trkpt lat="51.0519483" lon="3.7532200"><ele>8.1</ele><time>2025-03-02T10:31:58Z</time></trkpt>
    <trkpt lat="51.0518988" lon="3.7531293"><ele>8.4</ele><time>2025-03-02T10:31:59Z</time></trkpt>
    <trkpt lat="51.0517937" lon="3.7532034"><ele>8.2</ele><time>2025-03-02T10:32:01Z</time></trkpt>
    <trkpt lat="51.0517163" lon="3.7532207"><ele>9.1</ele><time>2025-03-02T10:32:02Z</time></trkpt>
    <trkpt lat="51.0516367" lon="3.7531642"><ele>8.9</ele><time>2025-03-02T10:32:04Z</time></trkpt>
    <trkpt lat="51.0515871" lon="3.7531919"><ele>8.8</ele><time>2025-03-02T10:32:05Z</time></trkpt>
    <trkpt lat="51.0514471" lon="3.7531761"><ele>8.4</ele><time>2025-03-02T10:32:07Z</time></trkpt>
    <trkpt lat="51.0513838" lon="3.7532117"><ele>8.4</ele><time>2025-03-02T10:32:08Z</time></trkpt>
    <trkpt lat="51.0512833" lon="3.7532367"><ele>7.9</ele><time>2025-03-02T10:32:09Z</time></trkpt>
    <trkpt lat="51.0511659" lon="3.7531895"><ele>7.9</ele><time>2025-03-02T10:32:11Z</time></trkpt>
    <trkpt lat="51.0511387" lon="3.7532717"><ele>8.9</ele><time>2025-03-02T10:32:12Z</time></trkpt>
    <trkpt lat="51.0510288" lon="3.7532139"><ele>8.6</ele><time>2025-03-02T10:32:14Z</time></trkpt>
    <trkpt lat="51.0509230" lon="3.7531953"><ele>8.7</ele><time>2025-03-02T10:32:15Z</time></trkpt>
    <trkpt lat="51.0508102" lon="3.7531780"><ele>8.8</ele><time>2025-03-02T10:32:17Z</time></trkpt>
    <trkpt lat="51.0507355" lon="3.7531985"><ele>7.5</ele><time>2025-03-02T10:32:18Z</time></trkpt>
    <trkpt lat="51.0506404" lon="3.7531976"><ele>9.1</ele><time>2025-03-02T10:32:19Z</time></trkpt>
    <trkpt lat="51.0505570" lon="3.7531573"><ele>9.4</ele><time>2025-03-02T10:32:21Z</time></trkpt>
    <trkpt lat="51.0504615" lon="3.7531769"><ele>9.2</ele><time>2025-03-02T10:32:22Z</time></trkpt>
    <trkpt lat="51.0504133" lon="3.7532647"><ele>8.4</ele><time>2025-03-02T10:32:24Z</time></trkpt>
    <trkpt lat="51.0503120" lon="3.7532534"><ele>8.3</ele><time>2025-03-02T10:32:25Z</time></trkpt>
    <trkpt lat="51.0502031" lon="3.7532773"><ele>8.9</ele><time>2025-03-02T10:32:27Z</time></trkpt>
    <trkpt lat="51.0501190" lon="3.7531711"><ele>9.1</ele><time>2025-03-02T10:32:28Z</time></trkpt>
    <trkpt lat="51.0500077" lon="3.7531706"><ele>9.0</ele><time>2025-03-02T10:32:29Z</time></trkpt>
    <trkpt lat="51.0499240" lon="3.7532618"><ele>9.3</ele><time>2025-03-02T10:32:31Z</time></trkpt>
    <trkpt lat="51.0498051" lon="3.7532163"><ele>9.2</ele><time>2025-03-02T10:32:32Z</time></trkpt>
    <trkpt lat="51.0497207" lon="3.7532323"><ele>8.8</ele><time>2025-03-02T10:32:34Z</time></trkpt>
    <trkpt lat="51.0496700" lon="3.7532336"><ele>9.1</ele><time>2025-03-02T10:32:35Z</time></trkpt>
    <trkpt lat="51.0495941" lon="3.7532406"><ele>8.8</ele><time>2025-03-02T10:32:37Z</time></trkpt>
    <trkpt lat="51.0495041" lon="3.7532625"><ele>9.1</ele><time>2025-03-02T10:32:38Z</time></trkpt>
    <trkpt lat="51.0493797" lon="3.7531917"><ele>9.6</ele><time>2025-03-02T10:32:39Z</time></trkpt>
    <trkpt lat="51.0493502" lon="3.7532180"><ele>9.6</ele><time>2025-03-02T10:32:41Z</time></trkpt>
    <trkpt lat="51.0492453" lon="3.7531305"><ele>9.3</ele><time>2025-03-02T10:32:42Z</time></trkpt>
    <trkpt lat="51.0491089" lon="3.7532664"><ele>9.6</ele><time>2025-03-02T10:32:44Z</time></trkpt>
    <trkpt lat="51.0490369" lon="3.7532466"><ele>9.0</ele><time>2025-03-02T10:32:45Z</time></trkpt>
    <trkpt lat="51.0489510" lon="3.7532201"><ele>9.5</ele><time>2025-03-02T10:32:47Z</time></trkpt>
    <trkpt lat="51.0489087" lon="3.7532159"><ele>9.6</ele><time>2025-03-02T10:32:48Z</time></trkpt>
    <trkpt lat="51.0487245" lon="3.7531877"><ele>9.2</ele><time>2025-03-02T10:32:49Z</time></trkpt>
    <trkpt lat="51.0486788" lon="3.7531418"><ele>9.6</ele><time>2025-03-02T10:32:51Z</time></trkpt>
    <trkpt lat="51.0486047" lon="3.7532011"><ele>9.2</ele><time>2025-03-02T10:32:52Z</time></trkpt>
    <trkpt lat="51.0484852" lon="3.7531831"><ele>8.6</ele><time>2025-03-02T10:32:54Z</time></trkpt>
    <trkpt lat="51.0484087" lon="3.7531898"><ele>8.3</ele><time>2025-03-02T10:32:55Z</time></trkpt>
    <trkpt lat="51.0483538" lon="3.7532232"><ele>9.1</ele><time>2025-03-02T10:32:57Z</time></trkpt>
    <trkpt lat="51.0482205" lon="3.7532544"><ele>9.4</ele><time>2025-03-02T10:32:58Z</time></trkpt>
    <trkpt lat="51.0481460" lon="3.7532270"><ele>8.7</ele><time>2025-03-02T10:32:59Z</time></trkpt>
    <trkpt lat="51.0480144" lon="3.7531599"><ele>8.6</ele><time>2025-03-02T10:33:01Z</time></trkpt>
    <trkpt lat="51.0479465" lon="3.7532657"><ele>9.3</ele><time>2025-03-02T10:33:02Z</time></trkpt>
    <trkpt lat="51.0478481" lon="3.7532032"><ele>9.7</ele><time>2025-03-02T10:33:04Z</time></trkpt>
    <trkpt lat="51.0477576" lon="3.7531648"><ele>9.4</ele><time>2025-03-02T10:33:05Z</time></trkpt>
    <trkpt lat="51.0476787" lon="3.7532006"><ele>9.4</ele><time>2025-03-02T10:33:07Z</time></trkpt>
    <trkpt lat="51.0475329" lon="3.7532607"><ele>9.0</ele><time>2025-03-02T10:33:08Z</time></trkpt>
    <trkpt lat="51.0475320" lon="3.7531402"><ele>9.5</ele><time>2025-03-02T10:33:09Z</time></trkpt>
    <trkpt lat="51.0474022" lon="3.7532229"><ele>8.8</ele><time>2025-03-02T10:33:11Z</time></trkpt>
    <trkpt lat="51.0473081" lon="3.7531820"><ele>9.2</ele><time>2025-03-02T10:33:12Z</time></trkpt>
    <trkpt lat="51.0472743" lon="3.7532270"><ele>9.9</ele><time>2025-03-02T10:33:14Z</time></trkpt>
    <trkpt lat="51.0471390" lon="3.7531932"><ele>9.3</ele><time>2025-03-02T10:33:15Z</time></trkpt>
    <trkpt lat="51.0470354" lon="3.7532223"><ele>9.7</ele><time>2025-03-02T10:33:17Z</time></trkpt>
    <trkpt lat="51.0469613" lon="3.7531801"><ele>9.1</ele><time>2025-03-02T10:33:18Z</time></trkpt>
    <trkpt lat="51.0468761" lon="3.7532261"><ele>9.5</ele><time>2025-03-02T10:33:19Z</time></trkpt>
    <trkpt lat="51.0467890" lon="3.7531910"><ele>9.5</ele><time>2025-03-02T10:33:21Z</time></trkpt>
    <trkpt lat="51.0467366" lon="3.7532001"><ele>9.6</ele><time>2025-03-02T10:33:22Z</time></trkpt>
    <trkpt lat="51.0465982" lon="3.7531709"><ele>9.1</ele><time>2025-03-02T10:33:24Z</time></trkpt>
    <trkpt lat="51.0465283" lon="3.7532406"><ele>9.7</ele><time>2025-03-02T10:33:25Z</time></trkpt>
    <trkpt lat="51.0464119" lon="3.7531866"><ele>9.0</ele><time>2025-03-02T10:33:27Z</time></trkpt>
    <trkpt lat="51.0463024" lon="3.7532354"><ele>9.8</ele><time>2025-03-02T10:33:28Z</time></trkpt>
    <trkpt lat="51.0462357" lon="3.7531814"><ele>9.4</ele><time>2025-03-02T10:33:29Z</time></trkpt>
    <trkpt lat="51.0461574" lon="3.7532840"><ele>10.1</ele><time>2025-03-02T10:33:31Z</time></trkpt>
    <trkpt lat="51.0460430" lon="3.7531873"><ele>9.5</ele><time>2025-03-02T10:33:32Z</time></trkpt>
    <trkpt lat="51.0460045" lon="3.7531595"><ele>9.3</ele><time>2025-03-02T10:33:34Z</time></trkpt>
    <trkpt lat="51.0458539" lon="3.7531303"><ele>9.3</ele><time>2025-03-02T10:33:35Z</time></trkpt>
    <trkpt lat="51.0457917" lon="3.7532206"><ele>9.3</ele><time>2025-03-02T10:33:37Z</time></trkpt>
    <trkpt lat="51.0456606" lon="3.7531762"><ele>9.3</ele><time>2025-03-02T10:33:38Z</time></trkpt>
    <trkpt lat="51.0455880" lon="3.7531971"><ele>9.5</ele><time>2025-03-02T10:33:39Z</time></trkpt>
    <trkpt lat="51.0455359" lon="3.7531976"><ele>8.9</ele><time>2025-03-02T10:33:41Z</time></trkpt>
    <trkpt lat="51.0454673" lon="3.7531834"><ele>9.7</ele><time>2025-03-02T10:33:42Z</time></trkpt>
    <trkpt lat="51.0453375" lon="3.7532386"><ele>9.7</ele><time>2025-03-02T10:33:44Z</time></trkpt>
    <trkpt lat="51.0452550" lon="3.7532350"><ele>10.0</ele><time>2025-03-02T10:33:45Z</time></trkpt>
    <trkpt lat="51.0451995" lon="3.7532074"><ele>9.8</ele><time>2025-03-02T10:33:47Z</time></trkpt>
    <trkpt lat="51.0450410" lon="3.7532170"><ele>9.7</ele><time>2025-03-02T10:33:48Z</time></trkpt>
    <trkpt lat="51.0449738" lon="3.7532726"><ele>9.4</ele><time>2025-03-02T10:33:49Z</time></trkpt>
    <trkpt lat="51.0449208" lon="3.7531996"><ele>9.1</ele><time>2025-03-02T10:33:51Z</time></trkpt>
    <trkpt lat="51.0447962" lon="3.7532349"><ele>9.7</ele><time>2025-03-02T10:33:52Z</time></trkpt>
    <trkpt lat="51.0447125" lon="3.7531938"><ele>9.0</ele><time>2025-03-02T10:33:54Z</time></trkpt>
    <trkpt lat="51.0446259" lon="3.7532501"><ele>9.7</ele><time>2025-03-02T10:33:55Z</time></trkpt>
    <trkpt lat="51.0445156" lon="3.7532403"><ele>8.7</ele><time>2025-03-02T10:33:57Z</time></trkpt>
    <trkpt lat="51.0444782" lon="3.7532151"><ele>9.2</ele><time>2025-03-02T10:33:58Z</time></trkpt>
    <trkpt lat="51.0443815" lon="3.7532131"><ele>9.4</ele><time>2025-03-02T10:33:59Z</time></trkpt>
    <trkpt lat="51.0442841" lon="3.7531990"><ele>9.6</ele><time>2025-03-02T10:34:01Z</time></trkpt>
    <trkpt lat="51.0441784" lon="3.7532098"><ele>9.3</ele><time>2025-03-02T10:34:02Z</time></trkpt>
    <trkpt lat="51.0440901" lon="3.7531634"><ele>9.9</ele><time>2025-03-02T10:34:04Z</time></trkpt>
    <trkpt lat="51.0440155" lon="3.7532162"><ele>9.2</ele><time>2025-03-02T10:34:05Z</time></trkpt>
    <trkpt lat="51.0439297" lon="3.7532663"><ele>9.9</ele><time>2025-03-02T10:34:07Z</time></trkpt>
    <trkpt lat="51.0438235" lon="3.7531728"><ele>9.8</ele><time>2025-03-02T10:34:08Z</time></trkpt>
    <trkpt lat="51.0438015" lon="3.7530348"><ele>9.0</ele><time>2025-03-02T10:34:10Z</time></trkpt>
    <trkpt lat="51.0438259" lon="3.7528582"><ele>10.1</ele><time>2025-03-02T10:34:11Z</time></trkpt>
    <trkpt lat="51.0437821" lon="3.7526559"><ele>9.5</ele><time>2025-03-02T10:34:12Z</time></trkpt>
    <trkpt lat="51.0438276" lon="3.7525099"><ele>9.6</ele><time>2025-03-02T10:34:14Z</time></trkpt>
    <trkpt lat="51.0438113" lon="3.7524200"><ele>10.3</ele><time>2025-03-02T10:34:15Z</time></trkpt>
    <trkpt lat="51.0438114" lon="3.7522837"><ele>9.5</ele><time>2025-03-02T10:34:17Z</time></trkpt>
    <trkpt lat="51.0438129" lon="3.7520996"><ele>9.3</ele><time>2025-03-02T10:34:18Z</time></trkpt>
    <trkpt lat="51.0437790" lon="3.7519752"><ele>9.0</ele><time>2025-03-02T10:34:20Z</time></trkpt>
    <trkpt lat="51.0438141" lon="3.7518071"><ele>9.5</ele><time>2025-03-02T10:34:21Z</time></trkpt>
    <trkpt lat="51.0438013" lon="3.7516940"><ele>9.5</ele><time>2025-03-02T10:34:22Z</time></trkpt>
    <trkpt lat="51.0438033" lon="3.7515467"><ele>9.6</ele><time>2025-03-02T10:34:24Z</time></trkpt>
    <trkpt lat="51.0437964" lon="3.7514564"><ele>10.4</ele><time>2025-03-02T10:34:25Z</time></trkpt>
    <trkpt lat="51.0438070" lon="3.7513156"><ele>9.8</ele><time>2025-03-02T10:34:27Z</time></trkpt>
    <trkpt lat="51.0437896" lon="3.7511408"><ele>9.2</ele><time>2025-03-02T10:34:28Z</time></trkpt>
    <trkpt lat="51.0438469" lon="3.7510517"><ele>9.8</ele><time>2025-03-02T10:34:30Z</time></trkpt>
    <trkpt lat="51.0438282" lon="3.7507892"><ele>10.0</ele><time>2025-03-02T10:34:31Z</time></trkpt>
    <trkpt lat="51.0437916" lon="3.7507472"><ele>9.0</ele><time>2025-03-02T10:34:32Z</time></trkpt>
    <trkpt lat="51.0438203" lon="3.7505629"><ele>9.4</ele><time>2025-03-02T10:34:34Z</time></trkpt>
    <trkpt lat="51.0438116" lon="3.7504437"><ele>9.7</ele><time>2025-03-02T10:34:35Z</time></trkpt>
    <trkpt lat="51.0437982" lon="3.7502601"><ele>9.0</ele><time>2025-03-02T10:34:37Z</time></trkpt>
    <trkpt lat="51.0438289" lon="3.7501691"><ele>8.7</ele><time>2025-03-02T10:34:38Z</time></trkpt>
    <trkpt lat="51.0437820" lon="3.7500338"><ele>9.4</ele><time>2025-03-02T10:34:40Z</time></trkpt>
    <trkpt lat="51.0437892" lon="3.7498655"><ele>9.0</ele><time>2025-03-02T10:34:41Z</time></trkpt>
    <trkpt lat="51.0438050" lon="3.7496844"><ele>9.7</ele><time>2025-03-02T10:34:42Z</time></trkpt>
    <trkpt lat="51.0438021" lon="3.7495719"><ele>9.2</ele><time>2025-03-02T10:34:44Z</time></trkpt>
    <trkpt lat="51.0437861" lon="3.7494149"><ele>9.6</ele><time>2025-03-02T10:34:45Z</time></trkpt>
    <trkpt lat="51.0438064" lon="3.7492858"><ele>9.6</ele><time>2025-03-02T10:34:47Z</time></trkpt>
    <trkpt lat="51.0437884" lon="3.7491186"><ele>8.9</ele><time>2025-03-02T10:34:48Z</time></trkpt>
    <trkpt lat="51.0438105" lon="3.7490169"><ele>9.8</ele><time>2025-03-02T10:34:50Z</time></trkpt>
    <trkpt lat="51.0438321" lon="3.7488621"><ele>9.5</ele><time>2025-03-02T10:34:51Z</time></trkpt>
    <trkpt lat="51.0437849" lon="3.7487382"><ele>8.6</ele><time>2025-03-02T10:34:52Z</time></trkpt>
    <trkpt lat="51.0438536" lon="3.7485738"><ele>8.7</ele><time>2025-03-02T10:34:54Z</time></trkpt>
    <trkpt lat="51.0438292" lon="3.7484479"><ele>9.2</ele><time>2025-03-02T10:34:55Z</time></trkpt>
    <trkpt lat="51.0438258" lon="3.7482131"><ele>9.4</ele><time>2025-03-02T10:34:57Z</time></trkpt>
    <trkpt lat="51.0438057" lon="3.7480933"><ele>8.9</ele><time>2025-03-02T10:34:58Z</time></trkpt>
    <trkpt lat="51.0437771" lon="3.7480573"><ele>9.5</ele><time>2025-03-02T10:35:00Z</time></trkpt>
    <trkpt lat="51.0438190" lon="3.7478115"><ele>9.9</ele><time>2025-03-02T10:35:01Z</time></trkpt>
    <trkpt lat="51.0438010" lon="3.7476769"><ele>8.5</ele><time>2025-03-02T10:35:02Z</time></trkpt>
    <trkpt lat="51.0437827" lon="3.7475644"><ele>9.8</ele><time>2025-03-02T10:35:04Z</time></trkpt>
    <trkpt lat="51.0438285" lon="3.7473910"><ele>9.5</ele><time>2025-03-02T10:35:05Z</time></trkpt>
    <trkpt lat="51.0438000" lon="3.7473320"><ele>9.1</ele><time>2025-03-02T10:35:07Z</time></trkpt>
    <trkpt lat="51.0437713" lon="3.7472205"><ele>8.6</ele><time>2025-03-02T10:35:08Z</time></trkpt>
    <trkpt lat="51.0438192" lon="3.7469919"><ele>9.1</ele><time>2025-03-02T10:35:10Z</time></trkpt>
    <trkpt lat="51.0438334" lon="3.7468602"><ele>9.7</ele><time>2025-03-02T10:35:11Z</time></trkpt>
    <trkpt lat="51.0437849" lon="3.7466911"><ele>8.8</ele><time>2025-03-02T10:35:12Z</time></trkpt>
    <trkpt lat="51.0437794" lon="3.7466159"><ele>9.5</ele><time>2025-03-02T10:35:14Z</time></trkpt>
    <trkpt lat="51.0438152" lon="3.7464438"><ele>9.1</ele><time>2025-03-02T10:35:15Z</time></trkpt>
    <trkpt lat="51.0438253" lon="3.7462556"><ele>9.2</ele><time>2025-03-02T10:35:17Z</time></trkpt>
    <trkpt lat="51.0438063" lon="3.7461547"><ele>9.0</ele><time>2025-03-02T10:35:18Z</time></trkpt>
    <trkpt lat="51.0437730" lon="3.7460486"><ele>9.4</ele><time>2025-03-02T10:35:20Z</time></trkpt>
    <trkpt lat="51.0437815" lon="3.7458201"><ele>8.8</ele><time>2025-03-02T10:35:21Z</time></trkpt>
    <trkpt lat="51.0438138" lon="3.7457033"><ele>8.3</ele><time>2025-03-02T10:35:22Z</time></trkpt>
    <trkpt lat="51.0438328" lon="3.7455836"><ele>8.5</ele><time>2025-03-02T10:35:24Z</time></trkpt>
    <trkpt lat="51.0438081" lon="3.7454191"><ele>8.6</ele><time>2025-03-02T10:35:25Z</time></trkpt>
    <trkpt lat="51.0438564" lon="3.7452471"><ele>9.6</ele><time>2025-03-02T10:35:27Z</time></trkpt>
    <trkpt lat="51.0437940" lon="3.7451360"><ele>8.6</ele><time>2025-03-02T10:35:28Z</time></trkpt>
    <trkpt lat="51.0438156" lon="3.7449775"><ele>9.3</ele><time>2025-03-02T10:35:30Z</time></trkpt>
    <trkpt lat="51.0438109" lon="3.7448631"><ele>9.3</ele><time>2025-03-02T10:35:31Z</time></trkpt>
    <trkpt lat="51.0438016" lon="3.7446911"><ele>9.0</ele><time>2025-03-02T10:35:32Z</time></trkpt>
    <trkpt lat="51.0437968" lon="3.7446020"><ele>9.0</ele><time>2025-03-02T10:35:34Z</time></trkpt>
    <trkpt lat="51.0437878" lon="3.7444436"><ele>8.6</ele><time>2025-03-02T10:35:35Z</time></trkpt>
    <trkpt lat="51.0438036" lon="3.7442829"><ele>8.5</ele><time>2025-03-02T10:35:37Z</time></trkpt>
    <trkpt lat="51.0438698" lon="3.7441467"><ele>9.0</ele><time>2025-03-02T10:35:38Z</time></trkpt>
    <trkpt lat="51.0437996" lon="3.7439512"><ele>9.4</ele><time>2025-03-02T10:35:40Z</time></trkpt>
    <trkpt lat="51.0438012" lon="3.7438778"><ele>9.2</ele><time>2025-03-02T10:35:41Z</time></trkpt>
    <trkpt lat="51.0438309" lon="3.7437068"><ele>8.9</ele><time>2025-03-02T10:35:43Z</time></trkpt>
    <trkpt lat="51.0437954" lon="3.7435928"><ele>8.1</ele><time>2025-03-02T10:35:44Z</time></trkpt>
    <trkpt lat="51.0438352" lon="3.7434658"><ele>7.8</ele><time>2025-03-02T10:35:45Z</time></trkpt>
    <trkpt lat="51.0438249" lon="3.7433551"><ele>8.3</ele><time>2025-03-02T10:35:47Z</time></trkpt>
    <trkpt lat="51.0438205" lon="3.7431063"><ele>8.7</ele><time>2025-03-02T10:35:48Z</time></trkpt>
    <trkpt lat="51.0438195" lon="3.7429909"><ele>8.4</ele><time>2025-03-02T10:35:50Z</time></trkpt>
    <trkpt lat="51.0438162" lon="3.7429243"><ele>8.6</ele><time>2025-03-02T10:35:51Z</time></trkpt>
    <trkpt lat="51.0438130" lon="3.7427255"><ele>8.8</ele><time>2025-03-02T10:35:53Z</time></trkpt>
    <trkpt lat="51.0437913" lon="3.7425286"><ele>9.0</ele><time>2025-03-02T10:35:54Z</time></trkpt>
    <trkpt lat="51.0438329" lon="3.7424237"><ele>8.0</ele><time>2025-03-02T10:35:55Z</time></trkpt>
    <trkpt lat="51.0437572" lon="3.7423333"><ele>8.2</ele><time>2025-03-02T10:35:57Z</time></trkpt>
    <trkpt lat="51.0438315" lon="3.7420773"><ele>9.1</ele><time>2025-03-02T10:35:58Z</time></trkpt>
    <trkpt lat="51.0438051" lon="3.7420251"><ele>8.7</ele><time>2025-03-02T10:36:00Z</time></trkpt>
    <trkpt lat="51.0438077" lon="3.7418300"><ele>9.1</ele><time>2025-03-02T10:36:01Z</time></trkpt>
    <trkpt lat="51.0438459" lon="3.7417108"><ele>9.0</ele><time>2025-03-02T10:36:03Z</time></trkpt>
    <trkpt lat="51.0438175" lon="3.7415970"><ele>8.8</ele><time>2025-03-02T10:36:04Z</time></trkpt>
    <trkpt lat="51.0438015" lon="3.7414583"><ele>8.3</ele><time>2025-03-02T10:36:05Z</time></trkpt>
    <trkpt lat="51.0438288" lon="3.7412641"><ele>8.1</ele><time>2025-03-02T10:36:07Z</time></trkpt>
    <trkpt lat="51.0438554" lon="3.7411294"><ele>8.8</ele><time>2025-03-02T10:36:08Z</time></trkpt>
    <trkpt lat="51.0438163" lon="3.7410707"><ele>8.4</ele><time>2025-03-02T10:36:10Z</time></trkpt>
    <trkpt lat="51.0438199" lon="3.7408791"><ele>7.9</ele><time>2025-03-02T10:36:11Z</time></trkpt>
    <trkpt lat="51.0438175" lon="3.7407439"><ele>8.1</ele><time>2025-03-02T10:36:13Z</time></trkpt>
    <trkpt lat="51.0438007" lon="3.7405922"><ele>8.5</ele><time>2025-03-02T10:36:14Z</time></trkpt>
    <trkpt lat="51.0437509" lon="3.7404802"><ele>7.5</ele><time>2025-03-02T10:36:15Z</time></trkpt>
    <trkpt lat="51.0437856" lon="3.7403298"><ele>7.7</ele><time>2025-03-02T10:36:17Z</time></trkpt>
    <trkpt lat="51.0438371" lon="3.7401292"><ele>8.4</ele><time>2025-03-02T10:36:18Z</time></trkpt>
    <trkpt lat="51.0437781" lon="3.7400167"><ele>8.5</ele><time>2025-03-02T10:36:20Z</time></trkpt>
    <trkpt lat="51.0437857" lon="3.7398177"><ele>8.2</ele><time>2025-03-02T10:36:21Z</time></trkpt>
    <trkpt lat="51.0438058" lon="3.7397583"><ele>8.1</ele><time>2025-03-02T10:36:23Z</time></trkpt>
    <trkpt lat="51.0438178" lon="3.7395986"><ele>8.7</ele><time>2025-03-02T10:36:24Z</time></trkpt>
    <trkpt lat="51.0438513" lon="3.7394268"><ele>7.3</ele><time>2025-03-02T10:36:25Z</time></trkpt>
    <trkpt lat="51.0438029" lon="3.7393509"><ele>8.0</ele><time>2025-03-02T10:36:27Z</time></trkpt>
    <trkpt lat="51.0438050" lon="3.7391497"><ele>8.3</ele><time>2025-03-02T10:36:28Z</time></trkpt>
    <trkpt lat="51.0438070" lon="3.7390019"><ele>8.3</ele><time>2025-03-02T10:36:30Z</time></trkpt>
    <trkpt lat="51.0437840" lon="3.7388449"><ele>7.8</ele><time>2025-03-02T10:36:31Z</time></trkpt>
    <trkpt lat="51.0438009" lon="3.7386833"><ele>8.3</ele><time>2025-03-02T10:36:33Z</time></trkpt>
    <trkpt lat="51.0438520" lon="3.7385506"><ele>8.5</ele><time>2025-03-02T10:36:34Z</time></trkpt>
    <trkpt lat="51.0438196" lon="3.7384637"><ele>8.6</ele><time>2025-03-02T10:36:35Z</time></trkpt>
    <trkpt lat="51.0438082" lon="3.7382693"><ele>8.0</ele><time>2025-03-02T10:36:37Z</time></trkpt>
    <trkpt lat="51.0437801" lon="3.7381800"><ele>7.4</ele><time>2025-03-02T10:36:38Z</time></trkpt>
    <trkpt lat="51.0438068" lon="3.7380098"><ele>7.5</ele><time>2025-03-02T10:36:40Z</time></trkpt>
    <trkpt lat="51.0438355" lon="3.7378468"><ele>8.1</ele><time>2025-03-02T10:36:41Z</time></trkpt>
    <trkpt lat="51.0438023" lon="3.7377119"><ele>7.9</ele><time>2025-03-02T10:36:43Z</time></trkpt>
    <trkpt lat="51.0438098" lon="3.7376037"><ele>8.3</ele><time>2025-03-02T10:36:44Z</time></trkpt>
    <trkpt lat="51.0438367" lon="3.7374291"><ele>8.0</ele><time>2025-03-02T10:36:45Z</time></trkpt>
    <trkpt lat="51.0438208" lon="3.7372204"><ele>7.7</ele><time>2025-03-02T10:36:47Z</time></trkpt>
    <trkpt lat="51.0438162" lon="3.7371459"><ele>7.3</ele><time>2025-03-02T10:36:48Z</time></trkpt>
    <trkpt lat="51.0438511" lon="3.7370248"><ele>8.0</ele><time>2025-03-02T10:36:50Z</time></trkpt>
    <trkpt lat="51.0438332" lon="3.7368758"><ele>7.3</ele><time>2025-03-02T10:36:51Z</time></trkpt>
    <trkpt lat="51.0437979" lon="3.7367072"><ele>8.1</ele><time>2025-03-02T10:36:53Z</time></trkpt>
    <trkpt lat="51.0438051" lon="3.7365959"><ele>7.8</ele><time>2025-03-02T10:36:54Z</time></trkpt>
    <trkpt lat="51.0438263" lon="3.7364060"><ele>7.8</ele><time>2025-03-02T10:36:55Z</time></trkpt>
    <trkpt lat="51.0438440" lon="3.7362988"><ele>7.6</ele><time>2025-03-02T10:36:57Z</time></trkpt>
    <trkpt lat="51.0438040" lon="3.7361438"><ele>8.1</ele><time>2025-03-02T10:36:58Z</time></trkpt>
    <trkpt lat="51.0438603" lon="3.7359969"><ele>7.9</ele><time>2025-03-02T10:37:00Z</time></trkpt>
    <trkpt lat="51.0437839" lon="3.7359030"><ele>7.2</ele><time>2025-03-02T10:37:01Z</time></trkpt>
    <trkpt lat="51.0438231" lon="3.7356835"><ele>7.6</ele><time>2025-03-02T10:37:03Z</time></trkpt>
    <trkpt lat="51.0438109" lon="3.7356036"><ele>7.5</ele><time>2025-03-02T10:37:04Z</time></trkpt>
    <trkpt lat="51.0437741" lon="3.7353850"><ele>8.4</ele><time>2025-03-02T10:37:05Z</time></trkpt>
    <trkpt lat="51.0438360" lon="3.7352480"><ele>7.0</ele><time>2025-03-02T10:37:07Z</time></trkpt>
    <trkpt lat="51.0438089" lon="3.7351635"><ele>7.3</ele><time>2025-03-02T10:37:08Z</time></trkpt>
    <trkpt lat="51.0438356" lon="3.7350124"><ele>8.0</ele><time>2025-03-02T10:37:10Z</time></trkpt>
    <trkpt lat="51.0437811" lon="3.7348638"><ele>7.9</ele><time>2025-03-02T10:37:11Z</time></trkpt>
    <trkpt lat="51.0438355" lon="3.7347858"><ele>8.1</ele><time>2025-03-02T10:37:13Z</time></trkpt>
    <trkpt lat="51.0437972" lon="3.7346575"><ele>7.6</ele><time>2025-03-02T10:37:14Z</time></trkpt>
    <trkpt lat="51.0437783" lon="3.7344686"><ele>8.1</ele><time>2025-03-02T10:37:15Z</time></trkpt>
    <trkpt lat="51.0437909" lon="3.7343021"><ele>6.3</ele><time>2025-03-02T10:37:17Z</time></trkpt>
    <trkpt lat="51.0438387" lon="3.7342044"><ele>7.6</ele><time>2025-03-02T10:37:18Z</time></trkpt>
    <trkpt lat="51.0438559" lon="3.7340116"><ele>6.5</ele><time>2025-03-02T10:37:20Z</time></trkpt>
    <trkpt lat="51.0437809" lon="3.7338660"><ele>7.8</ele><time>2025-03-02T10:37:21Z</time></trkpt>
    <trkpt lat="51.0438005" lon="3.7337411"><ele>6.8</ele><time>2025-03-02T10:37:23Z</time></trkpt>
    <trkpt lat="51.0438217" lon="3.7336003"><ele>7.8</ele><time>2025-03-02T10:37:24Z</time></trkpt>
    <trkpt lat="51.0438253" lon="3.7333510"><ele>7.4</ele><time>2025-03-02T10:37:25Z</time></trkpt>
    <trkpt lat="51.0438521" lon="3.7333001"><ele>7.1</ele><time>2025-03-02T10:37:27Z</time></trkpt>
    <trkpt lat="51.0438168" lon="3.7331639"><ele>6.4</ele><time>2025-03-02T10:37:28Z</time></trkpt>
    <trkpt lat="51.0437877" lon="3.7330454"><ele>6.5</ele><time>2025-03-02T10:37:30Z</time></trkpt>
    <trkpt lat="51.0438467" lon="3.7328922"><ele>7.1</ele><time>2025-03-02T10:37:31Z</time></trkpt>
    <trkpt lat="51.0438501" lon="3.7327273"><ele>7.4</ele><time>2025-03-02T10:37:33Z</time></trkpt>
    <trkpt lat="51.0438252" lon="3.7325927"><ele>6.7</ele><time>2025-03-02T10:37:34Z</time></trkpt>
    <trkpt lat="51.0437766" lon="3.7324306"><ele>6.5</ele><time>2025-03-02T10:37:35Z</time></trkpt>
    <trkpt lat="51.0438154" lon="3.7323142"><ele>6.9</ele><time>2025-03-02T10:37:37Z</time></trkpt>
    <trkpt lat="51.0438267" lon="3.7321742"><ele>7.5</ele><time>2025-03-02T10:37:38Z</time></trkpt>
    <trkpt lat="51.0438190" lon="3.7320001"><ele>7.2</ele><time>2025-03-02T10:37:40Z</time></trkpt>
    <trkpt lat="51.0438106" lon="3.7318094"><ele>7.3</ele><time>2025-03-02T10:37:41Z</time></trkpt>
    <trkpt lat="51.0438247" lon="3.7316711"><ele>7.5</ele><time>2025-03-02T10:37:43Z</time></trkpt>
    <trkpt lat="51.0438300" lon="3.7316067"><ele>6.4</ele><time>2025-03-02T10:37:44Z</time></trkpt>
    <trkpt lat="51.0438091" lon="3.7314316"><ele>6.6</ele><time>2025-03-02T10:37:45Z</time></trkpt>
    <trkpt lat="51.0438455" lon="3.7312994"><ele>7.9</ele><time>2025-03-02T10:37:47Z</time></trkpt>
    <trkpt lat="51.0438116" lon="3.7311575"><ele>6.8</ele><time>2025-03-02T10:37:48Z</time></trkpt>
    <trkpt lat="51.0438577" lon="3.7310074"><ele>7.8</ele><time>2025-03-02T10:37:50Z</time></trkpt>
    <trkpt lat="51.0438471" lon="3.7308641"><ele>7.2</ele><time>2025-03-02T10:37:51Z</time></trkpt>
    <trkpt lat="51.0438053" lon="3.7306912"><ele>7.4</ele><time>2025-03-02T10:37:53Z</time></trkpt>
    <trkpt lat="51.0437970" lon="3.7305579"><ele>7.3</ele><time>2025-03-02T10:37:54Z</time></trkpt>
    <trkpt lat="51.0438356" lon="3.7305385"><ele>6.9</ele><time>2025-03-02T10:37:55Z</time></trkpt>
    <trkpt lat="51.0438201" lon="3.7302747"><ele>6.6</ele><time>2025-03-02T10:37:57Z</time></trkpt>
    <trkpt lat="51.0438092" lon="3.7302556"><ele>7.3</ele><time>2025-03-02T10:37:58Z</time></trkpt>
    <trkpt lat="51.0438307" lon="3.7299907"><ele>6.2</ele><time>2025-03-02T10:38:00Z</time></trkpt>
    <trkpt lat="51.0438292" lon="3.7298722"><ele>7.0</ele><time>2025-03-02T10:38:01Z</time></trkpt>
    <trkpt lat="51.0438205" lon="3.7297109"><ele>7.1</ele><time>2025-03-02T10:38:03Z</time></trkpt>
    <trkpt lat="51.0438349" lon="3.7295907"><ele>6.9</ele><time>2025-03-02T10:38:04Z</time></trkpt>
    <trkpt lat="51.0437962" lon="3.7294174"><ele>6.9</ele><time>2025-03-02T10:38:05Z</time></trkpt>
    <trkpt lat="51.0438015" lon="3.7293104"><ele>6.9</ele><time>2025-03-02T10:38:07Z</time></trkpt>
    <trkpt lat="51.0438171" lon="3.7291774"><ele>7.0</ele><time>2025-03-02T10:38:08Z</time></trkpt>
    <trkpt lat="51.0438284" lon="3.7290690"><ele>6.7</ele><time>2025-03-02T10:38:10Z</time></trkpt>
    <trkpt lat="51.0438349" lon="3.7288329"><ele>6.7</ele><time>2025-03-02T10:38:11Z</time></trkpt>
    <trkpt lat="51.0437843" lon="3.7287588"><ele>6.5</ele><time>2025-03-02T10:38:13Z</time></trkpt>
    <trkpt lat="51.0437987" lon="3.7286357"><ele>7.3</ele><time>2025-03-02T10:38:14Z</time></trkpt>
    <trkpt lat="51.0438186" lon="3.7284508"><ele>6.4</ele><time>2025-03-02T10:38:15Z</time></trkpt>
    <trkpt lat="51.0438380" lon="3.7283064"><ele>6.4</ele><time>2025-03-02T10:38:17Z</time></trkpt>
    <trkpt lat="51.0438115" lon="3.7281129"><ele>6.9</ele><time>2025-03-02T10:38:18Z</time></trkpt>
    <trkpt lat="51.0438367" lon="3.7280646"><ele>6.5</ele><time>2025-03-02T10:38:20Z</time></trkpt>
    <trkpt lat="51.0438356" lon="3.7278858"><ele>6.7</ele><time>2025-03-02T10:38:21Z</time></trkpt>
    <trkpt lat="51.0438302" lon="3.7277203"><ele>6.5</ele><time>2025-03-02T10:38:23Z</time></trkpt>
    <trkpt lat="51.0438467" lon="3.7276193"><ele>7.1</ele><time>2025-03-02T10:38:24Z</time></trkpt>
    <trkpt lat="51.0437962" lon="3.7274752"><ele>6.2</ele><time>2025-03-02T10:38:25Z</time></trkpt>
    <trkpt lat="51.0437935" lon="3.7272586"><ele>7.0</ele><time>2025-03-02T10:38:27Z</time></trkpt>
    <trkpt lat="51.0438231" lon="3.7271867"><ele>5.9</ele><time>2025-03-02T10:38:28Z</time></trkpt>
    <trkpt lat="51.0438146" lon="3.7270179"><ele>6.6</ele><time>2025-03-02T10:38:30Z</time></trkpt>
    <trkpt lat="51.0437992" lon="3.7268774"><ele>6.6</ele><time>2025-03-02T10:38:31Z</time></trkpt>
    <trkpt lat="51.0438037" lon="3.7267056"><ele>6.7</ele><time>2025-03-02T10:38:33Z</time></trkpt>
    <trkpt lat="51.0438805" lon="3.7266436"><ele>6.6</ele><time>2025-03-02T10:38:34Z</time></trkpt>
    <trkpt lat="51.0438133" lon="3.7264063"><ele>7.1</ele><time>2025-03-02T10:38:35Z</time></trkpt>
    <trkpt lat="51.0438055" lon="3.7262099"><ele>6.5</ele><time>2025-03-02T10:38:37Z</time></trkpt>
    <trkpt lat="51.0438301" lon="3.7262221"><ele>6.9</ele><time>2025-03-02T10:38:38Z</time></trkpt>
    <trkpt lat="51.0438479" lon="3.7260155"><ele>6.8</ele><time>2025-03-02T10:38:40Z</time></trkpt>
    <trkpt lat="51.0438047" lon="3.7258861"><ele>6.3</ele><time>2025-03-02T10:38:41Z</time></trkpt>
    <trkpt lat="51.0437976" lon="3.7257243"><ele>7.3</ele><time>2025-03-02T10:38:43Z</time></trkpt>
    <trkpt lat="51.0437916" lon="3.7255958"><ele>7.6</ele><time>2025-03-02T10:38:44Z</time></trkpt>
    <trkpt lat="51.0438138" lon="3.7253986"><ele>6.7</ele><time>2025-03-02T10:38:46Z</time></trkpt>
    <trkpt lat="51.0437893" lon="3.7252879"><ele>6.5</ele><time>2025-03-02T10:38:47Z</time></trkpt>
    <trkpt lat="51.0438099" lon="3.7251631"><ele>6.9</ele><time>2025-03-02T10:38:48Z</time></trkpt>
    <trkpt lat="51.0438293" lon="3.7249767"><ele>6.4</ele><time>2025-03-02T10:38:50Z</time></trkpt>
    <trkpt lat="51.0437807" lon="3.7248745"><ele>6.5</ele><time>2025-03-02T10:38:51Z</time></trkpt>
    <trkpt lat="51.0438474" lon="3.7247384"><ele>6.3</ele><time>2025-03-02T10:38:53Z</time></trkpt>
    <trkpt lat="51.0438500" lon="3.7246355"><ele>6.5</ele><time>2025-03-02T10:38:54Z</time></trkpt>
    <trkpt lat="51.0438163" lon="3.7244187"><ele>6.3</ele><time>2025-03-02T10:38:56Z</time></trkpt>
    <trkpt lat="51.0437807" lon="3.7243765"><ele>6.0</ele><time>2025-03-02T10:38:57Z</time></trkpt>
    <trkpt lat="51.0438022" lon="3.7241771"><ele>6.7</ele><time>2025-03-02T10:38:58Z</time></trkpt>
    <trkpt lat="51.0438612" lon="3.7240468"><ele>7.0</ele><time>2025-03-02T10:39:00Z</time></trkpt>
    <trkpt lat="51.0437956" lon="3.7238239"><ele>6.1</ele><time>2025-03-02T10:39:01Z</time></trkpt>
    <trkpt lat="51.0437941" lon="3.7236964"><ele>6.6</ele><time>2025-03-02T10:39:03Z</time></trkpt>
    <trkpt lat="51.0438115" lon="3.7236097"><ele>7.1</ele><time>2025-03-02T10:39:04Z</time></trkpt>
    <trkpt lat="51.0438095" lon="3.7235052"><ele>6.7</ele><time>2025-03-02T10:39:06Z</time></trkpt>
    <trkpt lat="51.0438114" lon="3.7232938"><ele>6.4</ele><time>2025-03-02T10:39:07Z</time></trkpt>
    <trkpt lat="51.0438057" lon="3.7231690"><ele>6.5</ele><time>2025-03-02T10:39:08Z</time></trkpt>
    <trkpt lat="51.0438218" lon="3.7230227"><ele>6.4</ele><time>2025-03-02T10:39:10Z</time></trkpt>
    <trkpt lat="51.0438116" lon="3.7228866"><ele>6.1</ele><time>2025-03-02T10:39:11Z</time></trkpt>
    <trkpt lat="51.0438181" lon="3.7227742"><ele>6.5</ele><time>2025-03-02T10:39:13Z</time></trkpt>
    <trkpt lat="51.0438265" lon="3.7225409"><ele>6.1</ele><time>2025-03-02T10:39:14Z</time></trkpt>
    <trkpt lat="51.0438534" lon="3.7224119"><ele>6.2</ele><time>2025-03-02T10:39:16Z</time></trkpt>
    <trkpt lat="51.0438335" lon="3.7223045"><ele>6.9</ele><time>2025-03-02T10:39:17Z</time></trkpt>
    <trkpt lat="51.0438052" lon="3.7221629"><ele>6.7</ele><time>2025-03-02T10:39:18Z</time></trkpt>
    <trkpt lat="51.0438319" lon="3.7220786"><ele>6.1</ele><time>2025-03-02T10:39:20Z</time></trkpt>
    <trkpt lat="51.0438226" lon="3.7218291"><ele>5.7</ele><time>2025-03-02T10:39:21Z</time></trkpt>
    <trkpt lat="51.0438221" lon="3.7216838"><ele>6.3</ele><time>2025-03-02T10:39:23Z</time></trkpt>
    <trkpt lat="51.0438411" lon="3.7215753"><ele>6.0</ele><time>2025-03-02T10:39:24Z</time></trkpt>
    <trkpt lat="51.0437925" lon="3.7214320"><ele>6.0</ele><time>2025-03-02T10:39:26Z</time></trkpt>
    <trkpt lat="51.0437797" lon="3.7213368"><ele>7.0</ele><time>2025-03-02T10:39:27Z</time></trkpt>
    <trkpt lat="51.0438025" lon="3.7211362"><ele>6.4</ele><time>2025-03-02T10:39:28Z</time></trkpt>
    <trkpt lat="51.0438284" lon="3.7209968"><ele>6.7</ele><time>2025-03-02T10:39:30Z</time></trkpt>
    <trkpt lat="51.0438510" lon="3.7208173"><ele>6.3</ele><time>2025-03-02T10:39:31Z</time></trkpt>
    <trkpt lat="51.0438055" lon="3.7207632"><ele>7.2</ele><time>2025-03-02T10:39:33Z</time></trkpt>
    <trkpt lat="51.0438163" lon="3.7206634"><ele>7.2</ele><time>2025-03-02T10:39:34Z</time></trkpt>
    <trkpt lat="51.0437841" lon="3.7204130"><ele>7.0</ele><time>2025-03-02T10:39:36Z</time></trkpt>
    <trkpt lat="51.0438173" lon="3.7203095"><ele>6.2</ele><time>2025-03-02T10:39:37Z</time></trkpt>
    <trkpt lat="51.0438291" lon="3.7201342"><ele>6.2</ele><time>2025-03-02T10:39:38Z</time></trkpt>
    <trkpt lat="51.0438168" lon="3.7200321"><ele>6.9</ele><time>2025-03-02T10:39:40Z</time></trkpt>
    <trkpt lat="51.0439858" lon="3.7199858"><ele>7.3</ele><time>2025-03-02T10:39:42Z</time></trkpt>
    <trkpt lat="51.0440586" lon="3.7200846"><ele>5.8</ele><time>2025-03-02T10:39:43Z</time></trkpt>
    <trkpt lat="51.0441155" lon="3.7200186"><ele>7.0</ele><time>2025-03-02T10:39:44Z</time></trkpt>
    <trkpt lat="51.0442485" lon="3.7201205"><ele>6.5</ele><time>2025-03-02T10:39:46Z</time></trkpt>
    <trkpt lat="51.0443292" lon="3.7200720"><ele>6.8</ele><time>2025-03-02T10:39:47Z</time></trkpt>
    <trkpt lat="51.0443783" lon="3.7200270"><ele>6.6</ele><time>2025-03-02T10:39:49Z</time></trkpt>
    <trkpt lat="51.0444737" lon="3.7200557"><ele>6.5</ele><time>2025-03-02T10:39:50Z</time></trkpt>
    <trkpt lat="51.0446046" lon="3.7200504"><ele>6.6</ele><time>2025-03-02T10:39:52Z</time></trkpt>
    <trkpt lat="51.0446823" lon="3.7199791"><ele>6.9</ele><time>2025-03-02T10:39:53Z</time></trkpt>
    <trkpt lat="51.0447784" lon="3.7200311"><ele>5.6</ele><time>2025-03-02T10:39:54Z</time></trkpt>
    <trkpt lat="51.0448559" lon="3.7200771"><ele>7.0</ele><time>2025-03-02T10:39:56Z</time></trkpt>
    <trkpt lat="51.0449287" lon="3.7200955"><ele>6.9</ele><time>2025-03-02T10:39:57Z</time></trkpt>
    <trkpt lat="51.0449959" lon="3.7200440"><ele>6.3</ele><time>2025-03-02T10:39:59Z</time></trkpt>
    <trkpt lat="51.0451157" lon="3.7200674"><ele>6.6</ele><time>2025-03-02T10:40:00Z</time></trkpt>
    <trkpt lat="51.0452244" lon="3.7200602"><ele>5.7</ele><time>2025-03-02T10:40:02Z</time></trkpt>
    <trkpt lat="51.0452944" lon="3.7200473"><ele>6.3</ele><time>2025-03-02T10:40:03Z</time></trkpt>
    <trkpt lat="51.0453674" lon="3.7201003"><ele>6.8</ele><time>2025-03-02T10:40:04Z</time></trkpt>
    <trkpt lat="51.0454772" lon="3.7200050"><ele>7.1</ele><time>2025-03-02T10:40:06Z</time></trkpt>
    <trkpt lat="51.0455682" lon="3.7200903"><ele>5.9</ele><time>2025-03-02T10:40:07Z</time></trkpt>
    <trkpt lat="51.0456865" lon="3.7200360"><ele>6.9</ele><time>2025-03-02T10:40:09Z</time></trkpt>
    <trkpt lat="51.0457738" lon="3.7200332"><ele>6.6</ele><time>2025-03-02T10:40:10Z</time></trkpt>
    <trkpt lat="51.0458279" lon="3.7199838"><ele>7.5</ele><time>2025-03-02T10:40:12Z</time></trkpt>
    <trkpt lat="51.0459687" lon="3.7200411"><ele>6.9</ele><time>2025-03-02T10:40:13Z</time></trkpt>
    <trkpt lat="51.0460330" lon="3.7200838"><ele>6.4</ele><time>2025-03-02T10:40:14Z</time></trkpt>
    <trkpt lat="51.0461304" lon="3.7200540"><ele>6.3</ele><time>2025-03-02T10:40:16Z</time></trkpt>
    <trkpt lat="51.0461976" lon="3.7200486"><ele>6.6</ele><time>2025-03-02T10:40:17Z</time></trkpt>
    <trkpt lat="51.0462954" lon="3.7200775"><ele>6.6</ele><time>2025-03-02T10:40:19Z</time></trkpt>
    <trkpt lat="51.0463807" lon="3.7200763"><ele>6.4</ele><time>2025-03-02T10:40:20Z</time></trkpt>
    <trkpt lat="51.0464672" lon="3.7201103"><ele>7.4</ele><time>2025-03-02T10:40:22Z</time></trkpt>
    <trkpt lat="51.0465613" lon="3.7200261"><ele>7.7</ele><time>2025-03-02T10:40:23Z</time></trkpt>
    <trkpt lat="51.0467188" lon="3.7200676"><ele>6.7</ele><time>2025-03-02T10:40:24Z</time></trkpt>
    <trkpt lat="51.0467644" lon="3.7200421"><ele>6.5</ele><time>2025-03-02T10:40:26Z</time></trkpt>
    <trkpt lat="51.0468375" lon="3.7201367"><ele>7.7</ele><time>2025-03-02T10:40:27Z</time></trkpt>
    <trkpt lat="51.0469262" lon="3.7200523"><ele>6.6</ele><time>2025-03-02T10:40:29Z</time></trkpt>
    <trkpt lat="51.0470443" lon="3.7200453"><ele>6.4</ele><time>2025-03-02T10:40:30Z</time></trkpt>
    <trkpt lat="51.0471170" lon="3.7200581"><ele>7.1</ele><time>2025-03-02T10:40:32Z</time></trkpt>
    <trkpt lat="51.0471865" lon="3.7200550"><ele>7.5</ele><time>2025-03-02T10:40:33Z</time></trkpt>
    <trkpt lat="51.0472630" lon="3.7200688"><ele>7.0</ele><time>2025-03-02T10:40:34Z</time></trkpt>
    <trkpt lat="51.0473873" lon="3.7200272"><ele>7.3</ele><time>2025-03-02T10:40:36Z</time></trkpt>
    <trkpt lat="51.0475257" lon="3.7200651"><ele>7.0</ele><time>2025-03-02T10:40:37Z</time></trkpt>
    <trkpt lat="51.0475660" lon="3.7201171"><ele>6.0</ele><time>2025-03-02T10:40:39Z</time></trkpt>
    <trkpt lat="51.0476614" lon="3.7200114"><ele>7.1</ele><time>2025-03-02T10:40:40Z</time></trkpt>
    <trkpt lat="51.0477542" lon="3.7200100"><ele>7.4</ele><time>2025-03-02T10:40:42Z</time></trkpt>
    <trkpt lat="51.0478652" lon="3.7200953"><ele>6.7</ele><time>2025-03-02T10:40:43Z</time></trkpt>
    <trkpt lat="51.0479372" lon="3.7200187"><ele>6.8</ele><time>2025-03-02T10:40:44Z</time></trkpt>
    <trkpt lat="51.0480475" lon="3.7200051"><ele>6.9</ele><time>2025-03-02T10:40:46Z</time></trkpt>
    <trkpt lat="51.0481028" lon="3.7200291"><ele>7.0</ele><time>2025-03-02T10:40:47Z</time></trkpt>
    <trkpt lat="51.0482566" lon="3.7200019"><ele>7.2</ele><time>2025-03-02T10:40:49Z</time></trkpt>
    <trkpt lat="51.0482583" lon="3.7200328"><ele>6.6</ele><time>2025-03-02T10:40:50Z</time></trkpt>
    <trkpt lat="51.0483488" lon="3.7200488"><ele>7.5</ele><time>2025-03-02T10:40:52Z</time></trkpt>
    <trkpt lat="51.0485118" lon="3.7200778"><ele>6.7</ele><time>2025-03-02T10:40:53Z</time></trkpt>
    <trkpt lat="51.0485779" lon="3.7200992"><ele>6.4</ele><time>2025-03-02T10:40:54Z</time></trkpt>
    <trkpt lat="51.0486797" lon="3.7199961"><ele>8.1</ele><time>2025-03-02T10:40:56Z</time></trkpt>
    <trkpt lat="51.0487196" lon="3.7199793"><ele>6.7</ele><time>2025-03-02T10:40:57Z</time></trkpt>
    <trkpt lat="51.0488236" lon="3.7200810"><ele>7.0</ele><time>2025-03-02T10:40:59Z</time></trkpt>
    <trkpt lat="51.0489099" lon="3.7200316"><ele>7.6</ele><time>2025-03-02T10:41:00Z</time></trkpt>
    <trkpt lat="51.0490321" lon="3.7200665"><ele>7.0</ele><time>2025-03-02T10:41:02Z</time></trkpt>
    <trkpt lat="51.0490907" lon="3.7200161"><ele>7.7</ele><time>2025-03-02T10:41:03Z</time></trkpt>
    <trkpt lat="51.0491631" lon="3.7200150"><ele>6.9</ele><time>2025-03-02T10:41:04Z</time></trkpt>
    <trkpt lat="51.0492773" lon="3.7200663"><ele>7.8</ele><time>2025-03-02T10:41:06Z</time></trkpt>
    <trkpt lat="51.0493751" lon="3.7200567"><ele>7.1</ele><time>2025-03-02T10:41:07Z</time></trkpt>
    <trkpt lat="51.0494693" lon="3.7201012"><ele>7.1</ele><time>2025-03-02T10:41:09Z</time></trkpt>
    <trkpt lat="51.0495771" lon="3.7200484"><ele>7.2</ele><time>2025-03-02T10:41:10Z</time></trkpt>
    <trkpt lat="51.0496421" lon="3.7200724"><ele>7.2</ele><time>2025-03-02T10:41:12Z</time></trkpt>
    <trkpt lat="51.0496899" lon="3.7200782"><ele>7.1</ele><time>2025-03-02T10:41:13Z</time></trkpt>
    <trkpt lat="51.0498197" lon="3.7200338"><ele>7.6</ele><time>2025-03-02T10:41:14Z</time></trkpt>
    <trkpt lat="51.0499012" lon="3.7199965"><ele>7.2</ele><time>2025-03-02T10:41:16Z</time></trkpt>
    <trkpt lat="51.0499115" lon="3.7200439"><ele>7.1</ele><time>2025-03-02T10:41:16Z</time></trkpt>
  </trkseg></trk>
</gpx>
