{"type":"FeatureCollection","features":[{"type":"Feature","properties":{"highway":"residential","smoothness":"good","surface":"asphalt","width":7},"geometry":{"type":"LineString","coordinates":[[3.72,51.05],[3.72,51.050018],[3.72,51.050036],[3.72,51.0500539],[3.72,51.0500719],[3.72,51.0500899],[3.72,51.0501079],[3.72,51.0501258],[3.72,51.0501438],[3.72,51.0501618],[3.72,51.0501798],[3.72,51.0501978],[3.72,51.0502157],[3.72,51.0502337],[3.72,51.0502517],[3.72,51.0502697],[3.72,51.0502876],[3.72,51.0503056],[3.72,51.0503236],[3.72,51.0503416],[3.72,51.0503596],[3.72,51.0503775],[3.72,51.0503955],[3.72,51.0504135],[3.72,51.0504315],[3.72,51.0504494],[3.72,51.0504674],[3.72,51.0504854],[3.72,51.0505034],[3.72,51.0505214],[3.72,51.0505393],[3.72,51.0505573],[3.72,51.0505753],[3.72,51.0505933],[3.72,51.0506112],[3.72,51.0506292],[3.72,51.0506472],[3.72,51.0506652],[3.72,51.0506832],[3.72,51.0507011],[3.72,51.0507191],[3.72,51.0507371],[3.72,51.0507551],[3.72,51.050773],[3.72,51.050791],[3.72,51.050809],[3.72,51.050827],[3.72,51.0508449],[3.72,51.0508629],[3.72,51.0508809],[3.72,51.0508989],[3.72,51.0509169],[3.72,51.0509348],[3.72,51.0509528],[3.72,51.0509708],[3.72,51.0509888],[3.72,51.0510067],[3.72,51.0510247],[3.72,51.0510427],[3.72,51.0510607],[3.72,51.0510787],[3.72,51.0510966],[3.72,51.0511146],[3.72,51.0511326],[3.72,51.0511506],[3.72,51.0511685],[3.72,51.0511865],[3.72,51.0512045],[3.72,51.0512225],[3.72,51.0512405],[3.72,51.0512584],[3.72,51.0512764],[3.72,51.0512944],[3.72,51.0513124],[3.72,51.0513303],[3.72,51.0513483],[3.72,51.0513663],[3.72,51.0513843],[3.72,51.0514023],[3.72,51.0514202],[3.72,51.0514382],[3.72,51.0514562],[3.72,51.0514742],[3.72,51.0514921],[3.72,51.0515101],[3.72,51.0515281],[3.72,51.0515461],[3.72,51.0515641],[3.72,51.051582],[3.72,51.0516],[3.72,51.051618],[3.72,51.051636],[3.72,51.0516539],[3.72,51.0516719],[3.72,51.0516899],[3.72,51.0517079],[3.72,51.0517259],[3.72,51.0517438],[3.72,51.0517618],[3.72,51.0517798],[3.72,51.0517978],[3.72,51.0518157],[3.72,51.0518337],[3.72,51.0518517],[3.72,51.0518697],[3.72,51.0518877],[3.72,51.0519056],[3.72,51.0519236],[3.72,51.0519416],[3.72,51.0519596],[3.72,51.0519775],[3.72,51.0519955],[3.72,51.0520135],[3.72,51.0520315],[3.72,51.0520495],[3.72,51.0520674],[3.72,51.0520854],[3.72,51.0521034],[3.72,51.0521214],[3.72,51.0521393],[3.72,51.0521573],[3.72,51.0521753],[3.72,51.0521933],[3.72,51.0522113],[3.72,51.0522292],[3.72,51.0522472],[3.72,51.0522652],[3.72,51.0522832],[3.72,51.0523011],[3.72,51.0523191],[3.72,51.0523371],[3.72,51.0523551],[3.72,51.052373],[3.72,51.052391],[3.72,51.052409],[3.72,51.052427],[3.72,51.052445],[3.72,51.0524629],[3.72,51.0524809],[3.72,51.0524989],[3.72,51.0525169],[3.72,51.0525348],[3.72,51.0525528],[3.72,51.0525708],[3.72,51.0525888],[3.72,51.0526068],[3.72,51.0526247],[3.72,51.0526427],[3.72,51.0526607],[3.72,51.0526787],[3.72,51.0526966],[3.72,51.0527146],[3.72,51.0527326],[3.72,51.0527506],[3.72,51.0527686],[3.72,51.0527865],[3.72,51.0528045],[3.72,51.0528225],[3.72,51.0528405],[3.72,51.0528584],[3.72,51.0528764],[3.72,51.0528944],[3.72,51.0529124],[3.72,51.0529304],[3.72,51.0529483],[3.72,51.0529663],[3.72,51.0529843],[3.72,51.0530023],[3.72,51.0530202],[3.72,51.0530382],[3.72,51.0530562],[3.72,51.0530742],[3.72,51.0530922],[3.72,51.0531101],[3.72,51.0531281],[3.72,51.0531461],[3.72,51.0531641],[3.72,51.053182],[3.72,51.0532],[3.72,51.053218],[3.72,51.053236],[3.72,51.053254],[3.72,51.0532719],[3.72,51.0532899],[3.72,51.0533079],[3.72,51.0533259],[3.72,51.0533438],[3.72,51.0533618],[3.72,51.0533798],[3.72,51.0533978],[3.72,51.0534158],[3.72,51.0534337],[3.72,51.0534517],[3.72,51.0534697],[3.72,51.0534877],[3.72,51.0535056],[3.72,51.0535236],[3.72,51.0535416],[3.72,51.0535596],[3.72,51.0535776],[3.72,51.0535955],[3.72,51.0536135],[3.72,51.0536315],[3.72,51.0536495],[3.72,51.0536674],[3.72,51.0536854],[3.72,51.0537034],[3.72,51.0537214],[3.72,51.0537394],[3.72,51.0537573],[3.72,51.0537753],[3.72,51.0537933],[3.72,51.0538113],[3.72,51.0538292],[3.72,51.0538472],[3.72,51.0538652],[3.72,51.0538832],[3.72,51.0539011],[3.72,51.0539191],[3.72,51.0539371],[3.72,51.0539551],[3.72,51.0539731],[3.72,51.053991],[3.72,51.054009],[3.72,51.054027],[3.72,51.054045],[3.72,51.0540629],[3.72,51.0540809],[3.72,51.0540989],[3.72,51.0541169],[3.72,51.0541349],[3.72,51.0541528],[3.72,51.0541708],[3.72,51.0541888],[3.72,51.0542068],[3.72,51.0542247],[3.72,51.0542427],[3.72,51.0542607],[3.72,51.0542787],[3.72,51.0542967],[3.72,51.0543146],[3.72,51.0543326],[3.72,51.0543506],[3.72,51.0543686],[3.72,51.0543865],[3.72,51.0544045],[3.72,51.0544225],[3.72,51.0544405],[3.72,51.0544585],[3.72,51.0544764],[3.72,51.0544944],[3.72,51.0545124],[3.72,51.0545304],[3.72,51.0545483],[3.72,51.0545663],[3.72,51.0545843],[3.72,51.0546023],[3.72,51.0546203],[3.72,51.0546382],[3.72,51.0546562],[3.72,51.0546742],[3.72,51.0546922],[3.72,51.0547101],[3.72,51.0547281],[3.72,51.0547461],[3.72,51.0547641],[3.72,51.0547821],[3.72,51.0548],[3.72,51.054818],[3.72,51.054836],[3.72,51.054854],[3.72,51.0548719],[3.72,51.0548899],[3.72,51.0549079],[3.72,51.0549259],[3.72,51.0549439],[3.72,51.0549618],[3.72,51.0549798],[3.72,51.0549978],[3.72,51.0550158],[3.72,51.0550337],[3.72,51.0550517],[3.72,51.0550697],[3.72,51.0550877],[3.72,51.0551057],[3.72,51.0551236],[3.72,51.0551416],[3.72,51.0551596],[3.72,51.0551776],[3.72,51.0551955],[3.72,51.0552135],[3.72,51.0552315],[3.72,51.0552495],[3.72,51.0552674],[3.72,51.0552854],[3.72,51.0553034],[3.72,51.0553214],[3.72,51.0553394],[3.72,51.0553573],[3.72,51.0553753],[3.72,51.0553933],[3.72,51.0554113],[3.72,51.0554292],[3.72,51.0554472],[3.72,51.0554652],[3.72,51.0554832],[3.72,51.0555012],[3.72,51.0555191],[3.72,51.0555371],[3.72,51.0555551],[3.72,51.0555731],[3.72,51.055591],[3.72,51.055609],[3.72,51.055627],[3.72,51.055645],[3.72,51.055663],[3.72,51.0556809],[3.72,51.0556989],[3.72,51.0557169],[3.72,51.0557349],[3.72,51.0557528],[3.72,51.0557708],[3.72,51.0557888],[3.72,51.0558068],[3.72,51.0558248],[3.72,51.0558427],[3.72,51.0558607],[3.72,51.0558787],[3.72,51.0558967],[3.72,51.0559146],[3.72,51.0559326],[3.72,51.0559506],[3.72,51.0559686],[3.72,51.0559866],[3.72,51.0560045],[3.72,51.0560225],[3.72,51.0560405],[3.72,51.0560585],[3.72,51.0560764],[3.72,51.0560944],[3.72,51.0561124],[3.72,51.0561304],[3.72,51.0561484],[3.72,51.0561663],[3.72,51.0561843],[3.72,51.0562023],[3.72,51.0562203],[3.72,51.0562382],[3.72,51.0562562],[3.72,51.0562742],[3.72,51.0562922],[3.72,51.0563102],[3.72,51.0563281],[3.72,51.0563461],[3.72,51.0563641],[3.72,51.0563821],[3.72,51.0564],[3.72,51.056418],[3.72,51.056436],[3.72,51.056454],[3.72,51.056472],[3.72,51.0564899],[3.72,51.0565079],[3.72,51.0565259],[3.72,51.0565439],[3.72,51.0565618],[3.72,51.0565798],[3.72,51.0565978],[3.72,51.0566158],[3.72,51.0566337],[3.72,51.0566517],[3.72,51.0566697],[3.72,51.0566877],[3.72,51.0567057],[3.72,51.0567236],[3.72,51.0567416],[3.72,51.0567596],[3.72,51.0567776],[3.72,51.0567955],[3.72,51.0568135],[3.72,51.0568315],[3.72,51.0568495],[3.72,51.0568675],[3.72,51.0568854],[3.72,51.0569034],[3.72,51.0569214],[3.72,51.0569394],[3.72,51.0569573],[3.72,51.0569753],[3.72,51.0569933],[3.72,51.0570113],[3.72,51.0570293],[3.72,51.0570472],[3.72,51.0570652],[3.72,51.0570832],[3.72,51.0571012],[3.72,51.0571191],[3.72,51.0571371],[3.72,51.0571551],[3.72,51.0571731],[3.72,51.0571911],[3.7200052,51.0572096],[3.7200154,51.0572273],[3.7200303,51.0572436],[3.7200495,51.057258],[3.7200724,51.0572701],[3.7200983,51.0572795],[3.7201264,51.057286],[3.7201558,51.0572892],[3.7201857,51.0572892]]}},{"type":"Feature","properties":{"highway":"residential","smoothness":"bad","surface":"sett","width":6},"geometry":{"type":"LineString","coordinates":[[3.7201857,51.0572892],[3.7202142,51.0572892],[3.7202427,51.0572892],[3.7202712,51.0572892],[3.7202998,51.0572892],[3.7203283,51.0572892],[3.7203568,51.0572892],[3.7203853,51.0572892],[3.7204139,51.0572892],[3.7204424,51.0572892],[3.7204709,51.0572892],[3.7204994,51.0572892],[3.720528,51.0572892],[3.7205565,51.0572892],[3.720585,51.0572892],[3.7206135,51.0572892],[3.7206421,51.0572892],[3.7206706,51.0572892],[3.7206991,51.0572892],[3.7207277,51.0572892],[3.7207562,51.0572892],[3.7207847,51.0572892],[3.7208132,51.0572892],[3.7208418,51.0572892],[3.7208703,51.0572892],[3.7208988,51.0572892],[3.7209273,51.0572892],[3.7209559,51.0572892],[3.7209844,51.0572892],[3.7210129,51.0572892],[3.7210414,51.0572892],[3.72107,51.0572892],[3.7210985,51.0572892],[3.721127,51.0572892],[3.7211555,51.0572892],[3.7211841,51.0572892],[3.7212126,51.0572892],[3.7212411,51.0572892],[3.7212697,51.0572892],[3.7212982,51.0572892],[3.7213267,51.0572892],[3.7213552,51.0572892],[3.7213838,51.0572892],[3.7214123,51.0572892],[3.7214408,51.0572892],[3.7214693,51.0572892],[3.7214979,51.0572892],[3.7215264,51.0572892],[3.7215549,51.0572892],[3.7215834,51.0572892],[3.721612,51.0572892],[3.7216405,51.0572892],[3.721669,51.0572892],[3.7216975,51.0572892],[3.7217261,51.0572892],[3.7217546,51.0572892],[3.7217831,51.0572892],[3.7218116,51.0572892],[3.7218402,51.0572892],[3.7218687,51.0572892],[3.7218972,51.0572892],[3.7219258,51.0572892],[3.7219543,51.0572892],[3.7219828,51.0572892],[3.7220113,51.0572892],[3.7220399,51.0572892],[3.7220684,51.0572892],[3.7220969,51.0572892],[3.7221254,51.0572892],[3.722154,51.0572892],[3.7221825,51.0572892],[3.722211,51.0572892],[3.7222395,51.0572892],[3.7222681,51.0572892],[3.7222966,51.0572892],[3.7223251,51.0572892],[3.7223536,51.0572892],[3.7223822,51.0572892],[3.7224107,51.0572892],[3.7224392,51.0572892],[3.7224677,51.0572892],[3.7224963,51.0572892],[3.7225248,51.0572892],[3.7225533,51.0572892],[3.7225819,51.0572892],[3.7226104,51.0572892],[3.7226389,51.0572892],[3.7226674,51.0572892],[3.722696,51.0572892],[3.7227245,51.0572892],[3.722753,51.0572892],[3.7227815,51.0572892],[3.7228101,51.0572892],[3.7228386,51.0572892],[3.7228671,51.0572892],[3.7228956,51.0572892],[3.7229242,51.0572892],[3.7229527,51.0572892],[3.7229812,51.0572892],[3.7230097,51.0572892],[3.7230383,51.0572892],[3.7230668,51.0572892],[3.7230953,51.0572892],[3.7231238,51.0572892],[3.7231524,51.0572892],[3.7231809,51.0572892],[3.7232094,51.0572892],[3.723238,51.0572892],[3.7232665,51.0572892],[3.723295,51.0572892],[3.7233235,51.0572892],[3.7233521,51.0572892],[3.7233806,51.0572892],[3.7234091,51.0572892],[3.7234376,51.0572892],[3.7234662,51.0572892],[3.7234947,51.0572892],[3.7235232,51.0572892],[3.7235517,51.0572892],[3.7235803,51.0572892],[3.7236088,51.0572892],[3.7236373,51.0572892],[3.7236658,51.0572892],[3.7236944,51.0572892],[3.7237229,51.0572892],[3.7237514,51.0572892],[3.7237799,51.0572892],[3.7238085,51.0572892],[3.723837,51.0572892],[3.7238655,51.0572892],[3.7238941,51.0572892],[3.7239226,51.0572892],[3.7239511,51.0572892],[3.7239796,51.0572892],[3.7240082,51.0572892],[3.7240367,51.0572892],[3.7240652,51.0572892],[3.7240937,51.0572892],[3.7241223,51.0572892],[3.7241508,51.0572892],[3.7241793,51.0572892],[3.7242078,51.0572892],[3.7242364,51.0572892],[3.7242649,51.0572892],[3.7242934,51.0572892],[3.7243219,51.0572892],[3.7243505,51.0572892],[3.724379,51.0572892],[3.7244075,51.0572892],[3.724436,51.0572892],[3.7244646,51.0572891],[3.7244931,51.0572891],[3.7245216,51.0572891],[3.7245502,51.0572891],[3.7245787,51.0572891],[3.7246072,51.0572891],[3.7246357,51.0572891],[3.7246643,51.0572891],[3.7246928,51.0572891],[3.7247213,51.0572891],[3.7247498,51.0572891],[3.7247784,51.0572891],[3.7248069,51.0572891],[3.7248354,51.0572891],[3.7248639,51.0572891],[3.7248925,51.0572891],[3.724921,51.0572891],[3.7249495,51.0572891],[3.724978,51.0572891],[3.7250066,51.0572891],[3.7250351,51.0572891],[3.7250636,51.0572891],[3.7250921,51.0572891],[3.7251207,51.0572891],[3.7251492,51.0572891],[3.7251777,51.0572891],[3.7252063,51.0572891],[3.7252348,51.0572891],[3.7252633,51.0572891],[3.7252918,51.0572891],[3.7253204,51.0572891],[3.7253489,51.0572891],[3.7253774,51.0572891],[3.7254059,51.0572891],[3.7254345,51.0572891],[3.725463,51.0572891],[3.7254915,51.0572891],[3.72552,51.0572891],[3.7255486,51.0572891],[3.7255771,51.0572891],[3.7256056,51.0572891],[3.7256341,51.0572891],[3.7256627,51.0572891],[3.7256912,51.0572891],[3.7257197,51.0572891],[3.7257483,51.0572891],[3.7257768,51.0572891],[3.7258053,51.0572891],[3.7258338,51.0572891],[3.7258624,51.0572891],[3.7258909,51.0572891],[3.7259194,51.0572891],[3.7259479,51.0572891],[3.7259765,51.0572891],[3.726005,51.0572891],[3.7260335,51.0572891],[3.726062,51.0572891],[3.7260906,51.0572891],[3.7261191,51.0572891],[3.7261476,51.0572891],[3.7261761,51.0572891],[3.7262047,51.0572891],[3.7262332,51.0572891],[3.7262617,51.0572891],[3.7262902,51.0572891],[3.7263188,51.0572891],[3.7263473,51.0572891],[3.7263758,51.0572891],[3.7264044,51.0572891],[3.7264329,51.0572891],[3.7264614,51.0572891],[3.7264899,51.0572891],[3.7265185,51.0572891],[3.726547,51.0572891],[3.7265755,51.0572891],[3.726604,51.057289],[3.7266326,51.057289],[3.7266611,51.057289],[3.7266896,51.057289],[3.7267181,51.057289],[3.7267467,51.057289],[3.7267752,51.057289],[3.7268037,51.057289],[3.7268322,51.057289],[3.7268608,51.057289],[3.7268893,51.057289],[3.7269178,51.057289],[3.7269463,51.057289],[3.7269749,51.057289],[3.7270034,51.057289],[3.7270319,51.057289],[3.7270605,51.057289],[3.727089,51.057289],[3.7271175,51.057289],[3.727146,51.057289],[3.7271746,51.057289],[3.7272031,51.057289],[3.7272316,51.057289],[3.7272601,51.057289],[3.7272887,51.057289],[3.7273172,51.057289],[3.7273457,51.057289],[3.7273742,51.057289],[3.7274028,51.057289],[3.7274313,51.057289],[3.7274598,51.057289],[3.7274883,51.057289],[3.7275169,51.057289],[3.7275454,51.057289],[3.7275739,51.057289],[3.7276024,51.057289],[3.727631,51.057289],[3.7276595,51.057289],[3.727688,51.057289],[3.7277166,51.057289],[3.7277451,51.057289],[3.7277736,51.057289],[3.7278021,51.057289],[3.7278307,51.057289],[3.7278592,51.057289],[3.7278877,51.057289],[3.7279162,51.057289],[3.7279448,51.057289],[3.7279733,51.057289],[3.7280018,51.057289],[3.7280303,51.057289],[3.7280589,51.057289],[3.7280874,51.057289],[3.7281159,51.057289],[3.7281444,51.057289],[3.728173,51.0572889],[3.7282015,51.0572889],[3.72823,51.0572889],[3.7282585,51.0572889],[3.7282871,51.0572889],[3.7283156,51.0572889],[3.7283441,51.0572889],[3.7283727,51.0572889],[3.7284012,51.0572889],[3.7284297,51.0572889],[3.7284582,51.0572889],[3.7284868,51.0572889],[3.7285153,51.0572889],[3.7285438,51.0572889],[3.7285723,51.0572889],[3.7286009,51.0572889],[3.7286294,51.0572889],[3.7286579,51.0572889],[3.7286864,51.0572889],[3.728715,51.0572889],[3.7287435,51.0572889],[3.7287747,51.0572934],[3.7288035,51.0573021],[3.7288286,51.0573147],[3.7288485,51.0573305],[3.7288624,51.0573487],[3.7288695,51.0573683],[3.7288695,51.0573885],[3.7288695,51.0574065],[3.7288695,51.0574244],[3.7288696,51.0574424],[3.7288696,51.0574604],[3.7288696,51.0574784],[3.7288696,51.0574964],[3.7288696,51.0575143],[3.7288696,51.0575323],[3.7288696,51.0575503],[3.7288696,51.0575683],[3.7288696,51.0575862],[3.7288696,51.0576042],[3.7288696,51.0576222],[3.7288696,51.0576402],[3.7288696,51.0576582],[3.7288696,51.0576761],[3.7288696,51.0576941],[3.7288696,51.0577121],[3.7288696,51.0577301],[3.7288696,51.057748],[3.7288696,51.057766],[3.7288696,51.057784],[3.7288696,51.057802],[3.7288696,51.05782],[3.7288696,51.0578379],[3.7288696,51.0578559],[3.7288696,51.0578739],[3.7288696,51.0578919],[3.7288696,51.0579098],[3.7288696,51.0579278],[3.7288696,51.0579458],[3.7288696,51.0579638],[3.7288697,51.0579818],[3.7288697,51.0579997],[3.7288697,51.0580177],[3.7288697,51.0580357],[3.7288697,51.0580537],[3.7288697,51.0580716],[3.7288697,51.0580896],[3.7288697,51.0581076],[3.7288697,51.0581256],[3.7288697,51.0581436],[3.7288697,51.0581615],[3.7288697,51.0581795],[3.7288697,51.0581975],[3.7288697,51.0582155],[3.7288697,51.0582334],[3.7288697,51.0582514],[3.7288697,51.0582694],[3.7288697,51.0582874],[3.7288697,51.0583054],[3.7288697,51.0583233],[3.7288697,51.0583413],[3.7288697,51.0583593],[3.7288697,51.0583773],[3.7288697,51.0583952],[3.7288697,51.0584132],[3.7288697,51.0584312],[3.7288697,51.0584492],[3.7288697,51.0584672],[3.7288697,51.0584851],[3.7288698,51.0585031],[3.7288698,51.0585211],[3.7288698,51.0585391],[3.7288698,51.058557],[3.7288698,51.058575],[3.7288698,51.058593],[3.7288698,51.058611],[3.7288698,51.058629],[3.7288698,51.0586469],[3.7288698,51.0586649],[3.7288698,51.0586829],[3.7288698,51.0587009],[3.7288698,51.0587188],[3.7288698,51.0587368],[3.7288698,51.0587548],[3.7288698,51.0587728],[3.7288698,51.0587907],[3.7288698,51.0588087],[3.7288698,51.0588267],[3.7288698,51.0588447],[3.7288698,51.0588627],[3.7288698,51.0588806],[3.7288698,51.0588986],[3.7288698,51.0589166],[3.7288698,51.0589346],[3.7288698,51.0589525],[3.7288698,51.0589705],[3.7288698,51.0589885],[3.7288698,51.0590065],[3.7288699,51.0590245],[3.7288699,51.0590424],[3.7288699,51.0590604],[3.7288699,51.0590784],[3.7288699,51.0590964],[3.7288699,51.0591143],[3.7288699,51.0591323],[3.7288699,51.0591503],[3.7288699,51.0591683],[3.7288699,51.0591863],[3.7288699,51.0592042],[3.7288699,51.0592222],[3.7288699,51.0592402],[3.7288699,51.0592582],[3.7288699,51.0592761],[3.7288699,51.0592941],[3.7288699,51.0593121],[3.7288699,51.0593301],[3.7288699,51.0593481],[3.7288699,51.059366],[3.7288699,51.059384],[3.7288699,51.059402],[3.7288699,51.05942],[3.7288699,51.0594379],[3.7288699,51.0594559],[3.7288699,51.0594739],[3.7288699,51.0594919],[3.7288699,51.0595099],[3.7288699,51.0595278],[3.72887,51.0595458],[3.72887,51.0595638],[3.72887,51.0595818],[3.72887,51.0595997],[3.72887,51.0596177],[3.72887,51.0596357],[3.72887,51.0596537],[3.72887,51.0596717],[3.72887,51.0596896],[3.72887,51.0597076],[3.72887,51.0597256],[3.72887,51.0597436],[3.72887,51.0597615],[3.72887,51.0597795],[3.72887,51.0597975],[3.72887,51.0598155],[3.72887,51.0598335],[3.72887,51.0598514],[3.72887,51.0598694],[3.72887,51.0598874],[3.72887,51.0599054],[3.72887,51.0599233],[3.72887,51.0599413],[3.72887,51.0599593],[3.72887,51.0599773],[3.72887,51.0599953],[3.72887,51.0600132],[3.72887,51.0600312],[3.72887,51.0600492],[3.7288701,51.0600672],[3.7288701,51.0600851],[3.7288701,51.0601031],[3.7288701,51.0601211],[3.7288701,51.0601391],[3.7288701,51.060157],[3.7288701,51.060175],[3.7288701,51.060193],[3.7288701,51.060211],[3.7288701,51.060229],[3.7288701,51.0602469],[3.7288701,51.0602649],[3.7288701,51.0602829],[3.7288701,51.0603009],[3.7288701,51.0603188],[3.7288701,51.0603368],[3.7288701,51.0603548],[3.7288701,51.0603728],[3.7288701,51.0603908],[3.7288701,51.0604087],[3.7288701,51.0604267],[3.7288701,51.0604447],[3.7288701,51.0604627],[3.7288701,51.0604806],[3.7288701,51.0604986],[3.7288701,51.0605166],[3.7288701,51.0605346],[3.7288701,51.0605526],[3.7288701,51.0605705],[3.7288702,51.0605885],[3.7288702,51.0606065],[3.7288702,51.0606245],[3.7288702,51.0606424],[3.7288702,51.0606604],[3.7288702,51.0606784],[3.7288702,51.0606964],[3.7288702,51.0607144],[3.7288702,51.0607323],[3.7288702,51.0607503],[3.7288702,51.0607683],[3.7288702,51.0607863],[3.7288702,51.0608042],[3.7288702,51.0608222],[3.7288702,51.0608402],[3.7288702,51.0608582],[3.7288702,51.0608762],[3.7288702,51.0608941],[3.7288702,51.0609121],[3.7288702,51.0609301],[3.7288702,51.0609481],[3.7288702,51.060966],[3.7288702,51.060984],[3.7288702,51.061002],[3.7288702,51.06102],[3.7288702,51.061038],[3.7288702,51.0610559],[3.7288702,51.0610739],[3.7288702,51.0610919],[3.7288703,51.0611099],[3.7288703,51.0611278],[3.7288703,51.0611458],[3.7288703,51.0611638],[3.7288703,51.0611818],[3.7288703,51.0611998],[3.7288703,51.0612177],[3.7288703,51.0612357],[3.7288703,51.0612537],[3.7288703,51.0612717],[3.7288703,51.0612896],[3.7288703,51.0613076],[3.7288703,51.0613256],[3.7288703,51.0613436],[3.7288703,51.0613615],[3.7288703,51.0613795],[3.7288703,51.0613975],[3.7288703,51.0614155],[3.7288703,51.0614335],[3.7288703,51.0614514],[3.7288703,51.0614694],[3.7288703,51.0614874],[3.7288703,51.0615054],[3.7288703,51.0615233],[3.7288703,51.0615413],[3.7288703,51.0615593],[3.7288703,51.0615773],[3.7288703,51.0615953],[3.7288703,51.0616132],[3.7288704,51.0616312],[3.7288704,51.0616492],[3.7288704,51.0616672],[3.7288704,51.0616851],[3.7288704,51.0617031],[3.7288704,51.0617211],[3.7288704,51.0617391],[3.7288704,51.0617571],[3.7288704,51.061775],[3.7288704,51.061793],[3.7288704,51.061811],[3.7288704,51.061829],[3.7288704,51.0618469],[3.7288704,51.0618649],[3.7288704,51.0618829]]}},{"type":"Feature","properties":{"highway":"residential","smoothness":"good","surface":"asphalt","width":7},"geometry":{"type":"LineString","coordinates":[[3.7288704,51.0618829],[3.7288748,51.061902],[3.7288834,51.0619204],[3.7288961,51.0619379],[3.7289126,51.0619541],[3.7289326,51.0619687],[3.7289557,51.0619813],[3.7289814,51.0619917],[3.7290092,51.0619997],[3.7290385,51.0620051],[3.7290687,51.0620079],[3.7290993,51.0620079],[3.7291278,51.0620079],[3.7291564,51.0620079],[3.7291849,51.0620079],[3.7292134,51.0620078],[3.7292419,51.0620078],[3.7292705,51.0620078],[3.729299,51.0620078],[3.7293275,51.0620078],[3.7293561,51.0620078],[3.7293846,51.0620078],[3.7294131,51.0620078],[3.7294417,51.0620078],[3.7294702,51.0620078],[3.7294987,51.0620078],[3.7295272,51.0620078],[3.7295558,51.0620078],[3.7295843,51.0620078],[3.7296128,51.0620078],[3.7296414,51.0620078],[3.7296699,51.0620078],[3.7296984,51.0620078],[3.7297269,51.0620078],[3.7297555,51.0620078],[3.729784,51.0620078],[3.7298125,51.0620078],[3.7298411,51.0620078],[3.7298696,51.0620078],[3.7298981,51.0620078],[3.7299266,51.0620078],[3.7299552,51.0620078],[3.7299837,51.0620078],[3.7300122,51.0620078],[3.7300408,51.0620078],[3.7300693,51.0620078],[3.7300978,51.0620078],[3.7301263,51.0620078],[3.7301549,51.0620078],[3.7301834,51.0620078],[3.7302119,51.0620078],[3.7302405,51.0620078],[3.730269,51.0620078],[3.7302975,51.0620078],[3.7303261,51.0620078],[3.7303546,51.0620078],[3.7303831,51.0620078],[3.7304116,51.0620077],[3.7304402,51.0620077],[3.7304687,51.0620077],[3.7304972,51.0620077],[3.7305258,51.0620077],[3.7305543,51.0620077],[3.7305828,51.0620077],[3.7306113,51.0620077],[3.7306399,51.0620077],[3.7306684,51.0620077],[3.7306969,51.0620077],[3.7307255,51.0620077],[3.730754,51.0620077],[3.7307825,51.0620077],[3.730811,51.0620077],[3.7308396,51.0620077],[3.7308681,51.0620077],[3.7308966,51.0620077],[3.7309252,51.0620077],[3.7309537,51.0620077],[3.7309822,51.0620077],[3.7310107,51.0620077],[3.7310393,51.0620077],[3.7310678,51.0620077],[3.7310963,51.0620077],[3.7311249,51.0620077],[3.7311534,51.0620077],[3.7311819,51.0620077],[3.7312105,51.0620077],[3.731239,51.0620077],[3.7312675,51.0620077],[3.731296,51.0620077],[3.7313246,51.0620077],[3.7313531,51.0620077],[3.7313816,51.0620077],[3.7314102,51.0620077],[3.7314387,51.0620077],[3.7314672,51.0620077],[3.7314957,51.0620076],[3.7315243,51.0620076],[3.7315528,51.0620076],[3.7315813,51.0620076],[3.7316099,51.0620076],[3.7316384,51.0620076],[3.7316669,51.0620076],[3.7316954,51.0620076],[3.731724,51.0620076],[3.7317525,51.0620076],[3.731781,51.0620076],[3.7318096,51.0620076],[3.7318381,51.0620076],[3.7318666,51.0620076],[3.7318951,51.0620076],[3.7319237,51.0620076],[3.7319522,51.0620076],[3.7319807,51.0620076],[3.7320093,51.0620076],[3.7320378,51.0620076],[3.7320663,51.0620076],[3.7320949,51.0620076],[3.7321234,51.0620076],[3.7321519,51.0620076],[3.7321804,51.0620076],[3.732209,51.0620076],[3.7322375,51.0620076],[3.732266,51.0620076],[3.7322946,51.0620076],[3.7323231,51.0620076],[3.7323516,51.0620076],[3.7323801,51.0620076],[3.7324087,51.0620076],[3.7324372,51.0620076],[3.7324657,51.0620075],[3.7324943,51.0620075],[3.7325228,51.0620075],[3.7325513,51.0620075],[3.7325798,51.0620075],[3.7326084,51.0620075],[3.7326369,51.0620075],[3.7326654,51.0620075],[3.732694,51.0620075],[3.7327225,51.0620075],[3.732751,51.0620075],[3.7327795,51.0620075],[3.7328081,51.0620075],[3.7328366,51.0620075],[3.7328651,51.0620075],[3.7328937,51.0620075],[3.7329222,51.0620075],[3.7329507,51.0620075],[3.7329792,51.0620075],[3.7330078,51.0620075],[3.7330363,51.0620075],[3.7330648,51.0620075],[3.7330934,51.0620075],[3.7331219,51.0620075],[3.7331504,51.0620075],[3.733179,51.0620075],[3.7332075,51.0620075],[3.733236,51.0620075],[3.7332645,51.0620075],[3.7332931,51.0620075],[3.7333216,51.0620075],[3.7333501,51.0620075],[3.7333787,51.0620074],[3.7334072,51.0620074],[3.7334357,51.0620074],[3.7334642,51.0620074],[3.7334928,51.0620074],[3.7335213,51.0620074],[3.7335498,51.0620074],[3.7335784,51.0620074],[3.7336069,51.0620074],[3.7336354,51.0620074],[3.7336639,51.0620074],[3.7336925,51.0620074],[3.733721,51.0620074],[3.7337495,51.0620074],[3.7337781,51.0620074],[3.7338066,51.0620074],[3.7338351,51.0620074],[3.7338636,51.0620074],[3.7338922,51.0620074],[3.7339207,51.0620074],[3.7339492,51.0620074],[3.7339778,51.0620074],[3.7340063,51.0620074],[3.7340348,51.0620074],[3.7340634,51.0620074],[3.7340919,51.0620074],[3.7341204,51.0620074],[3.7341489,51.0620074],[3.7341775,51.0620074],[3.734206,51.0620073],[3.7342345,51.0620073],[3.7342631,51.0620073],[3.7342916,51.0620073],[3.7343201,51.0620073],[3.7343486,51.0620073],[3.7343772,51.0620073],[3.7344057,51.0620073],[3.7344342,51.0620073],[3.7344628,51.0620073],[3.7344913,51.0620073],[3.7345198,51.0620073],[3.7345483,51.0620073],[3.7345769,51.0620073],[3.7346054,51.0620073],[3.7346339,51.0620073],[3.7346625,51.0620073],[3.734691,51.0620073],[3.7347195,51.0620073],[3.734748,51.0620073],[3.7347766,51.0620073],[3.7348051,51.0620073]]}},{"type":"Feature","properties":{"bridge":"yes","highway":"secondary","layer":1,"smoothness":"good","surface":"asphalt","width":8},"geometry":{"type":"LineString","coordinates":[[3.7348051,51.0620073],[3.7348336,51.0620073],[3.7348622,51.0620073],[3.7348907,51.0620073],[3.7349192,51.0620073],[3.7349478,51.0620073],[3.7349763,51.0620073],[3.7350048,51.0620072],[3.7350333,51.0620072],[3.7350619,51.0620072],[3.7350904,51.0620072],[3.7351189,51.0620072],[3.7351475,51.0620072],[3.735176,51.0620072],[3.7352045,51.0620072],[3.735233,51.0620072],[3.7352616,51.0620072],[3.7352901,51.0620072],[3.7353186,51.0620072],[3.7353472,51.0620072],[3.7353757,51.0620072],[3.7354042,51.0620072],[3.7354327,51.0620072],[3.7354613,51.0620072],[3.7354898,51.0620072],[3.7355183,51.0620072],[3.7355469,51.0620072],[3.7355754,51.0620072],[3.7356039,51.0620072],[3.7356324,51.0620072],[3.735661,51.0620072],[3.7356895,51.0620072],[3.735718,51.0620072],[3.7357466,51.0620072],[3.7357751,51.0620071],[3.7358036,51.0620071],[3.7358322,51.0620071],[3.7358607,51.0620071],[3.7358892,51.0620071],[3.7359177,51.0620071],[3.7359463,51.0620071]]}},{"type":"Feature","properties":{"highway":"residential","smoothness":"good","surface":"asphalt","width":7},"geometry":{"type":"LineString","coordinates":[[3.7359463,51.0620071],[3.7359748,51.0620071],[3.7360033,51.0620071],[3.7360319,51.0620071],[3.7360604,51.0620071],[3.7360889,51.0620071],[3.7361174,51.0620071],[3.736146,51.0620071],[3.7361745,51.0620071],[3.736203,51.0620071],[3.7362316,51.0620071],[3.7362601,51.0620071],[3.7362886,51.0620071],[3.7363171,51.0620071],[3.7363457,51.0620071],[3.7363742,51.0620071],[3.7364027,51.0620071],[3.7364313,51.0620071],[3.7364598,51.0620071],[3.7364883,51.062007],[3.7365168,51.062007],[3.7365454,51.062007],[3.7365739,51.062007],[3.7366024,51.062007],[3.736631,51.062007],[3.7366595,51.062007],[3.736688,51.062007],[3.7367166,51.062007],[3.7367451,51.062007],[3.7367736,51.062007],[3.7368021,51.062007],[3.7368307,51.062007],[3.7368592,51.062007],[3.7368877,51.062007],[3.7369163,51.062007],[3.7369448,51.062007],[3.7369733,51.062007],[3.7370018,51.062007],[3.7370304,51.062007],[3.7370589,51.062007],[3.7370874,51.062007],[3.737116,51.062007],[3.7371445,51.062007],[3.737173,51.062007],[3.7372015,51.0620069],[3.7372301,51.0620069],[3.7372586,51.0620069],[3.7372871,51.0620069],[3.7373157,51.0620069],[3.7373442,51.0620069],[3.7373727,51.0620069],[3.7374012,51.0620069],[3.7374298,51.0620069],[3.7374583,51.0620069],[3.7374868,51.0620069],[3.7375154,51.0620069],[3.7375439,51.0620069],[3.7375724,51.0620069],[3.7376009,51.0620069],[3.7376295,51.0620069],[3.737658,51.0620069],[3.7376865,51.0620069],[3.7377151,51.0620069],[3.7377436,51.0620069],[3.7377721,51.0620069],[3.7378007,51.0620069],[3.7378292,51.0620069],[3.7378577,51.0620068],[3.7378862,51.0620068],[3.7379148,51.0620068],[3.7379433,51.0620068],[3.7379718,51.0620068],[3.7380004,51.0620068],[3.7380289,51.0620068],[3.7380574,51.0620068],[3.7380859,51.0620068],[3.7381145,51.0620068],[3.738143,51.0620068],[3.7381715,51.0620068],[3.7382001,51.0620068],[3.7382286,51.0620068],[3.7382571,51.0620068],[3.7382856,51.0620068],[3.7383142,51.0620068],[3.7383427,51.0620068],[3.7383712,51.0620068],[3.7383998,51.0620068],[3.7384283,51.0620068],[3.7384568,51.0620068],[3.7384853,51.0620068],[3.7385139,51.0620067],[3.7385424,51.0620067],[3.7385709,51.0620067],[3.7385995,51.0620067],[3.738628,51.0620067],[3.7386565,51.0620067],[3.7386851,51.0620067],[3.7387136,51.0620067],[3.7387421,51.0620067],[3.7387706,51.0620067],[3.7387992,51.0620067],[3.7388277,51.0620067],[3.7388562,51.0620067],[3.7388848,51.0620067],[3.7389133,51.0620067],[3.7389418,51.0620067],[3.7389703,51.0620067],[3.7389989,51.0620067],[3.7390274,51.0620067],[3.7390559,51.0620067],[3.7390845,51.0620067],[3.739113,51.0620066],[3.7391415,51.0620066],[3.73917,51.0620066],[3.7391986,51.0620066],[3.7392271,51.0620066],[3.7392556,51.0620066],[3.7392842,51.0620066],[3.7393127,51.0620066],[3.7393412,51.0620066],[3.7393697,51.0620066],[3.7393983,51.0620066],[3.7394268,51.0620066],[3.7394553,51.0620066],[3.7394839,51.0620066],[3.7395124,51.0620066],[3.7395409,51.0620066],[3.7395695,51.0620066],[3.739598,51.0620066],[3.7396265,51.0620066],[3.739655,51.0620066],[3.7396836,51.0620066],[3.7397121,51.0620066],[3.7397406,51.0620065],[3.7397692,51.0620065],[3.7397977,51.0620065],[3.7398262,51.0620065],[3.7398547,51.0620065],[3.7398833,51.0620065],[3.7399118,51.0620065],[3.7399403,51.0620065],[3.7399689,51.0620065],[3.7399974,51.0620065],[3.7400259,51.0620065],[3.7400544,51.0620065],[3.740083,51.0620065],[3.7401115,51.0620065],[3.74014,51.0620065],[3.7401686,51.0620065],[3.7401971,51.0620065],[3.7402256,51.0620065],[3.7402541,51.0620065],[3.7402827,51.0620065],[3.7403112,51.0620064],[3.7403397,51.0620064],[3.7403683,51.0620064],[3.7403968,51.0620064],[3.7404253,51.0620064],[3.7404539,51.0620064],[3.7404824,51.0620064],[3.7405109,51.0620064],[3.7405394,51.0620064],[3.740568,51.0620064],[3.7405965,51.0620064],[3.740625,51.0620064],[3.7406536,51.0620064],[3.7406821,51.0620064],[3.7407106,51.0620064],[3.7407391,51.0620064],[3.7407677,51.0620064],[3.7407962,51.0620064],[3.7408247,51.0620064],[3.7408533,51.0620064],[3.7408818,51.0620063],[3.7409103,51.0620063],[3.7409388,51.0620063],[3.7409674,51.0620063],[3.7409959,51.0620063],[3.7410244,51.0620063],[3.741053,51.0620063],[3.7410815,51.0620063],[3.74111,51.0620063],[3.7411385,51.0620063],[3.7411671,51.0620063],[3.7411956,51.0620063],[3.7412241,51.0620063],[3.7412527,51.0620063],[3.7412812,51.0620063],[3.7413097,51.0620063],[3.7413383,51.0620063],[3.7413668,51.0620063],[3.7413953,51.0620063],[3.7414238,51.0620062],[3.7414524,51.0620062],[3.7414809,51.0620062],[3.7415094,51.0620062],[3.741538,51.0620062],[3.7415665,51.0620062],[3.741595,51.0620062],[3.7416235,51.0620062],[3.7416521,51.0620062],[3.7416806,51.0620062],[3.7417091,51.0620062],[3.7417377,51.0620062],[3.7417662,51.0620062],[3.7417947,51.0620062],[3.7418232,51.0620062],[3.7418518,51.0620062],[3.7418803,51.0620062],[3.7419088,51.0620062],[3.7419374,51.0620062],[3.7419659,51.0620061],[3.7419944,51.0620061],[3.7420229,51.0620061],[3.7420515,51.0620061],[3.74208,51.0620061],[3.7421085,51.0620061],[3.7421371,51.0620061],[3.7421656,51.0620061],[3.7421941,51.0620061],[3.7422226,51.0620061],[3.7422512,51.0620061],[3.7422797,51.0620061],[3.7423082,51.0620061],[3.7423368,51.0620061],[3.7423653,51.0620061],[3.7423938,51.0620061],[3.7424224,51.0620061],[3.7424509,51.0620061],[3.7424794,51.0620061],[3.7425079,51.062006],[3.7425365,51.062006],[3.742565,51.062006],[3.7425935,51.062006],[3.7426221,51.062006],[3.7426506,51.062006],[3.7426791,51.062006],[3.7427076,51.062006],[3.7427362,51.062006],[3.7427647,51.062006],[3.7427932,51.062006],[3.7428218,51.062006],[3.7428503,51.062006],[3.7428788,51.062006],[3.7429073,51.062006],[3.7429359,51.062006],[3.7429644,51.062006],[3.7429929,51.062006],[3.7430215,51.0620059],[3.74305,51.0620059],[3.7430785,51.0620059],[3.743107,51.0620059],[3.7431356,51.0620059],[3.7431641,51.0620059],[3.7431926,51.0620059],[3.7432212,51.0620059],[3.7432497,51.0620059],[3.7432782,51.0620059],[3.7433068,51.0620059],[3.7433353,51.0620059],[3.7433638,51.0620059],[3.7433923,51.0620059],[3.7434209,51.0620059],[3.7434494,51.0620059],[3.7434779,51.0620059],[3.7435065,51.0620058],[3.743535,51.0620058],[3.7435635,51.0620058],[3.743592,51.0620058],[3.7436206,51.0620058],[3.7436491,51.0620058],[3.7436776,51.0620058],[3.7437062,51.0620058],[3.7437347,51.0620058],[3.7437632,51.0620058],[3.7437917,51.0620058],[3.7438203,51.0620058],[3.7438488,51.0620058],[3.7438773,51.0620058],[3.7439059,51.0620058],[3.7439344,51.0620058],[3.7439629,51.0620058],[3.7439914,51.0620058],[3.74402,51.0620057],[3.7440485,51.0620057],[3.744077,51.0620057],[3.7441056,51.0620057],[3.7441341,51.0620057],[3.7441626,51.0620057],[3.7441912,51.0620057],[3.7442197,51.0620057],[3.7442482,51.0620057],[3.7442767,51.0620057],[3.7443053,51.0620057],[3.7443338,51.0620057],[3.7443623,51.0620057],[3.7443909,51.0620057],[3.7444194,51.0620057],[3.7444479,51.0620057],[3.7444764,51.0620056],[3.744505,51.0620056],[3.7445335,51.0620056],[3.744562,51.0620056],[3.7445906,51.0620056],[3.7446191,51.0620056],[3.7446476,51.0620056],[3.7446761,51.0620056],[3.7447047,51.0620056],[3.7447332,51.0620056],[3.7447617,51.0620056],[3.7447903,51.0620056],[3.7448188,51.0620056],[3.7448473,51.0620056],[3.7448758,51.0620056],[3.7449044,51.0620056],[3.7449329,51.0620056],[3.7449614,51.0620055],[3.74499,51.0620055],[3.7450185,51.0620055],[3.745047,51.0620055],[3.7450756,51.0620055],[3.7451041,51.0620055],[3.7451326,51.0620055],[3.7451611,51.0620055],[3.7451897,51.0620055],[3.7452182,51.0620055],[3.7452467,51.0620055],[3.7452753,51.0620055],[3.7453038,51.0620055],[3.7453323,51.0620055],[3.7453608,51.0620055],[3.7453894,51.0620055],[3.7454179,51.0620054],[3.7454464,51.0620054],[3.745475,51.0620054],[3.7455035,51.0620054],[3.745532,51.0620054],[3.7455605,51.0620054],[3.7455891,51.0620054],[3.7456176,51.0620054],[3.7456461,51.0620054],[3.7456747,51.0620054],[3.7457032,51.0620054],[3.7457317,51.0620054],[3.7457602,51.0620054],[3.7457888,51.0620054],[3.7458173,51.0620054],[3.7458458,51.0620054],[3.7458744,51.0620053],[3.7459029,51.0620053],[3.7459314,51.0620053],[3.7459599,51.0620053],[3.7459885,51.0620053],[3.746017,51.0620053],[3.7460455,51.0620053],[3.7460741,51.0620053],[3.7461026,51.0620053],[3.7461311,51.0620053],[3.7461597,51.0620053],[3.7461882,51.0620053],[3.7462167,51.0620053],[3.7462452,51.0620053],[3.7462738,51.0620053],[3.7463023,51.0620053],[3.7463308,51.0620052],[3.7463594,51.0620052],[3.7463879,51.0620052],[3.7464164,51.0620052],[3.7464449,51.0620052],[3.7464735,51.0620052],[3.746502,51.0620052],[3.7465305,51.0620052],[3.7465591,51.0620052],[3.7465876,51.0620052],[3.7466161,51.0620052],[3.7466446,51.0620052],[3.7466732,51.0620052],[3.7467017,51.0620052],[3.7467302,51.0620052],[3.7467588,51.0620051],[3.7467873,51.0620051],[3.7468158,51.0620051],[3.7468443,51.0620051],[3.7468729,51.0620051],[3.7469014,51.0620051],[3.7469299,51.0620051],[3.7469585,51.0620051],[3.746987,51.0620051],[3.7470155,51.0620051],[3.7470441,51.0620051],[3.7470726,51.0620051],[3.7471011,51.0620051],[3.7471296,51.0620051],[3.7471582,51.0620051],[3.7471867,51.0620051],[3.7472152,51.062005],[3.7472438,51.062005],[3.7472723,51.062005],[3.7473008,51.062005],[3.7473293,51.062005],[3.7473579,51.062005],[3.7473864,51.062005],[3.7474149,51.062005],[3.7474435,51.062005],[3.747472,51.062005],[3.7475005,51.062005],[3.747529,51.062005],[3.7475576,51.062005],[3.7475861,51.062005],[3.7476146,51.062005],[3.7476432,51.0620049],[3.7476717,51.0620049],[3.7477002,51.0620049],[3.7477287,51.0620049],[3.7477573,51.0620049],[3.7477858,51.0620049],[3.7478143,51.0620049],[3.7478429,51.0620049],[3.7478714,51.0620049],[3.7478999,51.0620049],[3.7479285,51.0620049],[3.747957,51.0620049],[3.7479855,51.0620049],[3.748014,51.0620049],[3.7480426,51.0620048],[3.7480711,51.0620048],[3.7480996,51.0620048],[3.7481282,51.0620048],[3.7481567,51.0620048],[3.7481852,51.0620048],[3.7482137,51.0620048],[3.7482423,51.0620048],[3.7482708,51.0620048],[3.7482993,51.0620048],[3.7483279,51.0620048],[3.7483564,51.0620048],[3.7483849,51.0620048],[3.7484134,51.0620048],[3.748442,51.0620048],[3.7484705,51.0620047],[3.748499,51.0620047],[3.7485276,51.0620047],[3.7485561,51.0620047],[3.7485846,51.0620047],[3.7486131,51.0620047],[3.7486417,51.0620047],[3.7486702,51.0620047],[3.7486987,51.0620047],[3.7487273,51.0620047],[3.7487558,51.0620047],[3.7487843,51.0620047],[3.7488129,51.0620047],[3.7488414,51.0620047],[3.7488699,51.0620046],[3.7488984,51.0620046],[3.748927,51.0620046],[3.7489555,51.0620046],[3.748984,51.0620046],[3.7490126,51.0620046],[3.7490411,51.0620046],[3.7490696,51.0620046],[3.7490981,51.0620046],[3.7491267,51.0620046],[3.7491552,51.0620046],[3.7491837,51.0620046],[3.7492123,51.0620046],[3.7492408,51.0620046],[3.7492693,51.0620045],[3.7492978,51.0620045],[3.7493264,51.0620045],[3.7493549,51.0620045],[3.7493834,51.0620045],[3.749412,51.0620045],[3.7494405,51.0620045],[3.749469,51.0620045],[3.7494975,51.0620045],[3.7495261,51.0620045],[3.7495546,51.0620045],[3.7495831,51.0620045],[3.7496117,51.0620045],[3.7496402,51.0620045],[3.7496687,51.0620044],[3.7496973,51.0620044],[3.7497258,51.0620044],[3.7497543,51.0620044],[3.7497828,51.0620044],[3.7498114,51.0620044],[3.7498399,51.0620044],[3.7498684,51.0620044],[3.749897,51.0620044],[3.7499255,51.0620044],[3.749954,51.0620044],[3.7499825,51.0620044],[3.7500111,51.0620044],[3.7500396,51.0620044],[3.7500681,51.0620043],[3.7500967,51.0620043],[3.7501252,51.0620043],[3.7501537,51.0620043],[3.7501822,51.0620043],[3.7502108,51.0620043],[3.7502393,51.0620043],[3.7502678,51.0620043],[3.7502964,51.0620043],[3.7503249,51.0620043],[3.7503534,51.0620043],[3.7503819,51.0620043],[3.7504105,51.0620043],[3.750439,51.0620042],[3.7504675,51.0620042],[3.7504961,51.0620042],[3.7505246,51.0620042],[3.7505531,51.0620042],[3.7505816,51.0620042],[3.7506102,51.0620042],[3.7506387,51.0620042],[3.7506672,51.0620042],[3.7506958,51.0620042],[3.7507243,51.0620042],[3.7507528,51.0620042],[3.7507814,51.0620042],[3.7508099,51.0620042],[3.7508384,51.0620041],[3.7508669,51.0620041],[3.7508955,51.0620041],[3.750924,51.0620041],[3.7509525,51.0620041],[3.7509811,51.0620041],[3.7510096,51.0620041],[3.7510381,51.0620041],[3.7510666,51.0620041],[3.7510952,51.0620041],[3.7511237,51.0620041],[3.7511522,51.0620041],[3.7511808,51.0620041],[3.7512093,51.062004],[3.7512378,51.062004],[3.7512663,51.062004],[3.7512949,51.062004],[3.7513234,51.062004],[3.7513519,51.062004],[3.7513805,51.062004],[3.751409,51.062004],[3.7514375,51.062004],[3.751466,51.062004],[3.7514946,51.062004],[3.7515231,51.062004],[3.7515516,51.062004],[3.7515802,51.0620039],[3.7516087,51.0620039],[3.7516372,51.0620039],[3.7516658,51.0620039],[3.7516943,51.0620039],[3.7517228,51.0620039],[3.7517513,51.0620039],[3.7517799,51.0620039],[3.7518084,51.0620039],[3.7518369,51.0620039],[3.7518655,51.0620039],[3.751894,51.0620039],[3.7519225,51.0620039],[3.751951,51.0620038],[3.7519796,51.0620038],[3.7520081,51.0620038],[3.7520366,51.0620038],[3.7520652,51.0620038],[3.7520937,51.0620038],[3.7521222,51.0620038],[3.7521507,51.0620038],[3.7521793,51.0620038],[3.7522078,51.0620038],[3.7522363,51.0620038],[3.7522649,51.0620038],[3.7522934,51.0620038],[3.7523219,51.0620037],[3.7523504,51.0620037],[3.752379,51.0620037],[3.7524075,51.0620037],[3.752436,51.0620037],[3.7524646,51.0620037],[3.7524931,51.0620037],[3.7525216,51.0620037],[3.7525502,51.0620037],[3.7525787,51.0620037],[3.7526072,51.0620037],[3.7526357,51.0620037],[3.7526643,51.0620036],[3.7526928,51.0620036],[3.7527213,51.0620036],[3.7527499,51.0620036],[3.7527784,51.0620036],[3.7528069,51.0620036],[3.7528354,51.0620036],[3.752864,51.0620036],[3.7528925,51.0620036],[3.752921,51.0620036],[3.7529496,51.0620036],[3.7529781,51.0620036],[3.7530066,51.0620036],[3.7530351,51.0620035],[3.7530637,51.0620035],[3.7530931,51.0620003],[3.7531212,51.0619938],[3.753147,51.0619844],[3.7531699,51.0619723],[3.7531891,51.0619579],[3.753204,51.0619415],[3.7532142,51.0619239],[3.7532194,51.0619053],[3.7532194,51.0618865],[3.7532194,51.0618685],[3.7532194,51.0618505],[3.7532194,51.0618326],[3.7532193,51.0618146],[3.7532193,51.0617966],[3.7532193,51.0617786],[3.7532193,51.0617606],[3.7532193,51.0617427],[3.7532193,51.0617247],[3.7532193,51.0617067],[3.7532192,51.0616887],[3.7532192,51.0616708],[3.7532192,51.0616528],[3.7532192,51.0616348],[3.7532192,51.0616168],[3.7532192,51.0615988],[3.7532192,51.0615809],[3.7532192,51.0615629],[3.7532191,51.0615449],[3.7532191,51.0615269],[3.7532191,51.061509],[3.7532191,51.061491],[3.7532191,51.061473],[3.7532191,51.061455],[3.7532191,51.061437],[3.7532191,51.0614191],[3.753219,51.0614011],[3.753219,51.0613831],[3.753219,51.0613651],[3.753219,51.0613472],[3.753219,51.0613292],[3.753219,51.0613112],[3.753219,51.0612932],[3.753219,51.0612752],[3.7532189,51.0612573],[3.7532189,51.0612393],[3.7532189,51.0612213],[3.7532189,51.0612033],[3.7532189,51.0611854],[3.7532189,51.0611674],[3.7532189,51.0611494],[3.7532189,51.0611314],[3.7532188,51.0611135],[3.7532188,51.0610955],[3.7532188,51.0610775],[3.7532188,51.0610595],[3.7532188,51.0610415],[3.7532188,51.0610236],[3.7532188,51.0610056],[3.7532187,51.0609876],[3.7532187,51.0609696],[3.7532187,51.0609517],[3.7532187,51.0609337],[3.7532187,51.0609157],[3.7532187,51.0608977],[3.7532187,51.0608797],[3.7532187,51.0608618],[3.7532186,51.0608438],[3.7532186,51.0608258],[3.7532186,51.0608078],[3.7532186,51.0607899],[3.7532186,51.0607719],[3.7532186,51.0607539],[3.7532186,51.0607359],[3.7532186,51.0607179],[3.7532185,51.0607],[3.7532185,51.060682],[3.7532185,51.060664],[3.7532185,51.060646],[3.7532185,51.0606281],[3.7532185,51.0606101],[3.7532185,51.0605921],[3.7532185,51.0605741],[3.7532184,51.0605561],[3.7532184,51.0605382],[3.7532184,51.0605202],[3.7532184,51.0605022],[3.7532184,51.0604842],[3.7532184,51.0604663],[3.7532184,51.0604483],[3.7532183,51.0604303],[3.7532183,51.0604123],[3.7532183,51.0603943],[3.7532183,51.0603764],[3.7532183,51.0603584],[3.7532183,51.0603404],[3.7532183,51.0603224],[3.7532183,51.0603045],[3.7532182,51.0602865],[3.7532182,51.0602685],[3.7532182,51.0602505],[3.7532182,51.0602325],[3.7532182,51.0602146],[3.7532182,51.0601966],[3.7532182,51.0601786],[3.7532182,51.0601606],[3.7532181,51.0601427],[3.7532181,51.0601247],[3.7532181,51.0601067],[3.7532181,51.0600887],[3.7532181,51.0600707],[3.7532181,51.0600528],[3.7532181,51.0600348],[3.7532181,51.0600168],[3.753218,51.0599988],[3.753218,51.0599809],[3.753218,51.0599629],[3.753218,51.0599449],[3.753218,51.0599269],[3.753218,51.0599089],[3.753218,51.059891],[3.7532179,51.059873],[3.7532179,51.059855],[3.7532179,51.059837],[3.7532179,51.0598191],[3.7532179,51.0598011],[3.7532179,51.0597831],[3.7532179,51.0597651],[3.7532179,51.0597472],[3.7532178,51.0597292],[3.7532178,51.0597112],[3.7532178,51.0596932],[3.7532178,51.0596752],[3.7532178,51.0596573],[3.7532178,51.0596393],[3.7532178,51.0596213],[3.7532178,51.0596033],[3.7532177,51.0595854],[3.7532177,51.0595674],[3.7532177,51.0595494],[3.7532177,51.0595314],[3.7532177,51.0595134],[3.7532177,51.0594955],[3.7532177,51.0594775],[3.7532177,51.0594595],[3.7532176,51.0594415],[3.7532176,51.0594236],[3.7532176,51.0594056],[3.7532176,51.0593876],[3.7532176,51.0593696],[3.7532176,51.0593516],[3.7532176,51.0593337],[3.7532176,51.0593157],[3.7532175,51.0592977],[3.7532175,51.0592797],[3.7532175,51.0592618],[3.7532175,51.0592438],[3.7532175,51.0592258],[3.7532175,51.0592078],[3.7532175,51.0591898],[3.7532174,51.0591719],[3.7532174,51.0591539],[3.7532174,51.0591359],[3.7532174,51.0591179],[3.7532174,51.0591],[3.7532174,51.059082],[3.7532174,51.059064],[3.7532174,51.059046],[3.7532173,51.059028],[3.7532173,51.0590101],[3.7532173,51.0589921],[3.7532173,51.0589741],[3.7532173,51.0589561],[3.7532173,51.0589382],[3.7532173,51.0589202],[3.7532173,51.0589022],[3.7532172,51.0588842],[3.7532172,51.0588662],[3.7532172,51.0588483],[3.7532172,51.0588303],[3.7532172,51.0588123],[3.7532172,51.0587943],[3.7532172,51.0587764],[3.7532172,51.0587584],[3.7532171,51.0587404],[3.7532171,51.0587224],[3.7532171,51.0587044],[3.7532171,51.0586865],[3.7532171,51.0586685],[3.7532171,51.0586505],[3.7532171,51.0586325],[3.753217,51.0586146],[3.753217,51.0585966],[3.753217,51.0585786],[3.753217,51.0585606],[3.753217,51.0585427],[3.753217,51.0585247],[3.753217,51.0585067],[3.753217,51.0584887],[3.7532169,51.0584707],[3.7532169,51.0584528],[3.7532169,51.0584348],[3.7532169,51.0584168],[3.7532169,51.0583988],[3.7532169,51.0583809],[3.7532169,51.0583629],[3.7532169,51.0583449],[3.7532168,51.0583269],[3.7532168,51.0583089],[3.7532168,51.058291],[3.7532168,51.058273],[3.7532168,51.058255],[3.7532168,51.058237],[3.7532168,51.0582191],[3.7532168,51.0582011],[3.7532167,51.0581831],[3.7532167,51.0581651],[3.7532167,51.0581471],[3.7532167,51.0581292],[3.7532167,51.0581112],[3.7532167,51.0580932],[3.7532167,51.0580752],[3.7532167,51.0580573],[3.7532166,51.0580393],[3.7532166,51.0580213],[3.7532166,51.0580033],[3.7532166,51.0579853],[3.7532166,51.0579674],[3.7532166,51.0579494],[3.7532166,51.0579314],[3.7532165,51.0579134],[3.7532165,51.0578955],[3.7532165,51.0578775],[3.7532165,51.0578595],[3.7532165,51.0578415],[3.7532165,51.0578235],[3.7532165,51.0578056],[3.7532165,51.0577876],[3.7532164,51.0577696],[3.7532164,51.0577516],[3.7532164,51.0577337],[3.7532164,51.0577157],[3.7532164,51.0576977],[3.7532164,51.0576797],[3.7532164,51.0576617],[3.7532164,51.0576438],[3.7532163,51.0576258],[3.7532163,51.0576078],[3.7532163,51.0575898],[3.7532163,51.0575719],[3.7532163,51.0575539],[3.7532163,51.0575359],[3.7532163,51.0575179],[3.7532163,51.0574999],[3.7532162,51.057482],[3.7532162,51.057464],[3.7532162,51.057446],[3.7532162,51.057428],[3.7532162,51.0574101],[3.7532162,51.0573921],[3.7532162,51.0573741],[3.7532161,51.0573561],[3.7532161,51.0573381],[3.7532161,51.0573202],[3.7532161,51.0573022],[3.7532161,51.0572842],[3.7532161,51.0572662],[3.7532161,51.0572483],[3.7532161,51.0572303],[3.753216,51.0572123],[3.753216,51.0571943],[3.753216,51.0571764],[3.753216,51.0571584],[3.753216,51.0571404],[3.753216,51.0571224],[3.753216,51.0571044],[3.753216,51.0570865],[3.7532159,51.0570685],[3.7532159,51.0570505],[3.7532159,51.0570325],[3.7532159,51.0570146],[3.7532159,51.0569966],[3.7532159,51.0569786],[3.7532159,51.0569606],[3.7532159,51.0569426],[3.7532158,51.0569247],[3.7532158,51.0569067],[3.7532158,51.0568887],[3.7532158,51.0568707],[3.7532158,51.0568528],[3.7532158,51.0568348],[3.7532158,51.0568168],[3.7532158,51.0567988],[3.7532157,51.0567808],[3.7532157,51.0567629],[3.7532157,51.0567449],[3.7532157,51.0567269],[3.7532157,51.0567089],[3.7532157,51.056691],[3.7532157,51.056673],[3.7532156,51.056655],[3.7532156,51.056637],[3.7532156,51.056619],[3.7532156,51.0566011],[3.7532156,51.0565831],[3.7532156,51.0565651],[3.7532156,51.0565471],[3.7532156,51.0565292],[3.7532155,51.0565112],[3.7532155,51.0564932],[3.7532155,51.0564752],[3.7532155,51.0564572],[3.7532155,51.0564393],[3.7532155,51.0564213],[3.7532155,51.0564033],[3.7532155,51.0563853],[3.7532154,51.0563674],[3.7532154,51.0563494],[3.7532154,51.0563314],[3.7532154,51.0563134],[3.7532154,51.0562954],[3.7532154,51.0562775],[3.7532154,51.0562595],[3.7532154,51.0562415],[3.7532153,51.0562235],[3.7532153,51.0562056],[3.7532153,51.0561876],[3.7532153,51.0561696],[3.7532153,51.0561516],[3.7532153,51.0561336],[3.7532153,51.0561157],[3.7532152,51.0560977],[3.7532152,51.0560797],[3.7532152,51.0560617],[3.7532152,51.0560438],[3.7532152,51.0560258],[3.7532152,51.0560078],[3.7532152,51.0559898],[3.7532152,51.0559719],[3.7532151,51.0559539],[3.7532151,51.0559359],[3.7532151,51.0559179],[3.7532151,51.0558999],[3.7532151,51.055882],[3.7532151,51.055864],[3.7532151,51.055846],[3.7532151,51.055828],[3.753215,51.0558101],[3.753215,51.0557921],[3.753215,51.0557741],[3.753215,51.0557561],[3.753215,51.0557381],[3.753215,51.0557202],[3.753215,51.0557022],[3.753215,51.0556842],[3.7532149,51.0556662],[3.7532149,51.0556483],[3.7532149,51.0556303],[3.7532149,51.0556123],[3.7532149,51.0555943],[3.7532149,51.0555763],[3.7532149,51.0555584],[3.7532148,51.0555404],[3.7532148,51.0555224],[3.7532148,51.0555044],[3.7532148,51.0554865],[3.7532148,51.0554685],[3.7532148,51.0554505],[3.7532148,51.0554325],[3.7532148,51.0554145],[3.7532147,51.0553966],[3.7532147,51.0553786],[3.7532147,51.0553606],[3.7532147,51.0553426],[3.7532147,51.0553247],[3.7532147,51.0553067],[3.7532147,51.0552887],[3.7532147,51.0552707],[3.7532146,51.0552527],[3.7532146,51.0552348],[3.7532146,51.0552168],[3.7532146,51.0551988],[3.7532146,51.0551808],[3.7532146,51.0551629],[3.7532146,51.0551449],[3.7532146,51.0551269],[3.7532145,51.0551089],[3.7532145,51.0550909],[3.7532145,51.055073],[3.7532145,51.055055],[3.7532145,51.055037],[3.7532145,51.055019],[3.7532145,51.0550011],[3.7532145,51.0549831],[3.7532144,51.0549651],[3.7532144,51.0549471],[3.7532144,51.0549291],[3.7532144,51.0549112],[3.7532144,51.0548932],[3.7532144,51.0548752],[3.7532144,51.0548572],[3.7532143,51.0548393],[3.7532143,51.0548213],[3.7532143,51.0548033],[3.7532143,51.0547853],[3.7532143,51.0547673],[3.7532143,51.0547494],[3.7532143,51.0547314],[3.7532143,51.0547134],[3.7532142,51.0546954],[3.7532142,51.0546775],[3.7532142,51.0546595],[3.7532142,51.0546415],[3.7532142,51.0546235],[3.7532142,51.0546056],[3.7532142,51.0545876],[3.7532142,51.0545696],[3.7532141,51.0545516],[3.7532141,51.0545336],[3.7532141,51.0545157],[3.7532141,51.0544977],[3.7532141,51.0544797],[3.7532141,51.0544617],[3.7532141,51.0544438],[3.7532141,51.0544258],[3.753214,51.0544078],[3.753214,51.0543898],[3.753214,51.0543718],[3.753214,51.0543539],[3.753214,51.0543359],[3.753214,51.0543179],[3.753214,51.0542999],[3.7532139,51.054282],[3.7532139,51.054264],[3.7532139,51.054246],[3.7532139,51.054228],[3.7532139,51.05421],[3.7532139,51.0541921],[3.7532139,51.0541741],[3.7532139,51.0541561],[3.7532138,51.0541381],[3.7532138,51.0541202],[3.7532138,51.0541022],[3.7532138,51.0540842],[3.7532138,51.0540662],[3.7532138,51.0540482],[3.7532138,51.0540303],[3.7532138,51.0540123],[3.7532137,51.0539943],[3.7532137,51.0539763],[3.7532137,51.0539584],[3.7532137,51.0539404],[3.7532137,51.0539224],[3.7532137,51.0539044],[3.7532137,51.0538864],[3.7532137,51.0538685],[3.7532136,51.0538505],[3.7532136,51.0538325],[3.7532136,51.0538145],[3.7532136,51.0537966],[3.7532136,51.0537786],[3.7532136,51.0537606],[3.7532136,51.0537426],[3.7532136,51.0537246],[3.7532135,51.0537067],[3.7532135,51.0536887],[3.7532135,51.0536707],[3.7532135,51.0536527],[3.7532135,51.0536348],[3.7532135,51.0536168],[3.7532135,51.0535988],[3.7532134,51.0535808],[3.7532134,51.0535628],[3.7532134,51.0535449],[3.7532134,51.0535269],[3.7532134,51.0535089],[3.7532134,51.0534909],[3.7532134,51.053473],[3.7532134,51.053455],[3.7532133,51.053437],[3.7532133,51.053419],[3.7532133,51.053401],[3.7532133,51.0533831],[3.7532133,51.0533651],[3.7532133,51.0533471],[3.7532133,51.0533291],[3.7532133,51.0533112],[3.7532132,51.0532932],[3.7532132,51.0532752],[3.7532132,51.0532572],[3.7532132,51.0532392],[3.7532132,51.0532213],[3.7532132,51.0532033],[3.7532132,51.0531853],[3.7532132,51.0531673],[3.7532131,51.0531494],[3.7532131,51.0531314],[3.7532131,51.0531134],[3.7532131,51.0530954],[3.7532131,51.0530775],[3.7532131,51.0530595],[3.7532131,51.0530415],[3.753213,51.0530235],[3.753213,51.0530055],[3.753213,51.0529876],[3.753213,51.0529696],[3.753213,51.0529516],[3.753213,51.0529336],[3.753213,51.0529157],[3.753213,51.0528977],[3.7532129,51.0528797],[3.7532129,51.0528617],[3.7532129,51.0528437],[3.7532129,51.0528258],[3.7532129,51.0528078],[3.7532129,51.0527898],[3.7532129,51.0527718],[3.7532129,51.0527539],[3.7532128,51.0527359],[3.7532128,51.0527179],[3.7532128,51.0526999],[3.7532128,51.0526819],[3.7532128,51.052664],[3.7532128,51.052646],[3.7532128,51.052628],[3.7532128,51.05261],[3.7532127,51.0525921],[3.7532127,51.0525741],[3.7532127,51.0525561],[3.7532127,51.0525381],[3.7532127,51.0525201],[3.7532127,51.0525022],[3.7532127,51.0524842],[3.7532127,51.0524662],[3.7532126,51.0524482],[3.7532126,51.0524303],[3.7532126,51.0524123],[3.7532126,51.0523943],[3.7532126,51.0523763],[3.7532126,51.0523583],[3.7532126,51.0523404],[3.7532125,51.0523224],[3.7532125,51.0523044],[3.7532125,51.0522864],[3.7532125,51.0522685],[3.7532125,51.0522505],[3.7532125,51.0522325],[3.7532125,51.0522145],[3.7532125,51.0521965],[3.7532124,51.0521786],[3.7532124,51.0521606],[3.7532124,51.0521426],[3.7532124,51.0521246],[3.7532124,51.0521067],[3.7532124,51.0520887],[3.7532124,51.0520707],[3.7532124,51.0520527],[3.7532123,51.0520347],[3.7532123,51.0520168],[3.7532123,51.0519988],[3.7532123,51.0519808],[3.7532123,51.0519628],[3.7532123,51.0519449],[3.7532123,51.0519269],[3.7532123,51.0519089],[3.7532122,51.0518909],[3.7532122,51.0518729],[3.7532122,51.051855],[3.7532122,51.051837],[3.7532122,51.051819],[3.7532122,51.051801],[3.7532122,51.0517831],[3.7532121,51.0517651],[3.7532121,51.0517471],[3.7532121,51.0517291],[3.7532121,51.0517112],[3.7532121,51.0516932],[3.7532121,51.0516752],[3.7532121,51.0516572],[3.7532121,51.0516392],[3.753212,51.0516213],[3.753212,51.0516033],[3.753212,51.0515853],[3.753212,51.0515673],[3.753212,51.0515494],[3.753212,51.0515314],[3.753212,51.0515134],[3.753212,51.0514954],[3.7532119,51.0514774],[3.7532119,51.0514595],[3.7532119,51.0514415],[3.7532119,51.0514235],[3.7532119,51.0514055],[3.7532119,51.0513876],[3.7532119,51.0513696],[3.7532119,51.0513516],[3.7532118,51.0513336],[3.7532118,51.0513156],[3.7532118,51.0512977],[3.7532118,51.0512797],[3.7532118,51.0512617],[3.7532118,51.0512437],[3.7532118,51.0512258],[3.7532118,51.0512078],[3.7532117,51.0511898],[3.7532117,51.0511718],[3.7532117,51.0511538],[3.7532117,51.0511359],[3.7532117,51.0511179],[3.7532117,51.0510999],[3.7532117,51.0510819],[3.7532116,51.051064],[3.7532116,51.051046],[3.7532116,51.051028],[3.7532116,51.05101],[3.7532116,51.050992],[3.7532116,51.0509741],[3.7532116,51.0509561],[3.7532116,51.0509381],[3.7532115,51.0509201],[3.7532115,51.0509022],[3.7532115,51.0508842],[3.7532115,51.0508662],[3.7532115,51.0508482],[3.7532115,51.0508302],[3.7532115,51.0508123],[3.7532115,51.0507943],[3.7532114,51.0507763],[3.7532114,51.0507583],[3.7532114,51.0507404],[3.7532114,51.0507224],[3.7532114,51.0507044],[3.7532114,51.0506864],[3.7532114,51.0506684],[3.7532114,51.0506505],[3.7532113,51.0506325],[3.7532113,51.0506145],[3.7532113,51.0505965],[3.7532113,51.0505786],[3.7532113,51.0505606],[3.7532113,51.0505426],[3.7532113,51.0505246],[3.7532112,51.0505066],[3.7532112,51.0504887],[3.7532112,51.0504707],[3.7532112,51.0504527],[3.7532112,51.0504347],[3.7532112,51.0504168],[3.7532112,51.0503988],[3.7532112,51.0503808],[3.7532111,51.0503628],[3.7532111,51.0503448],[3.7532111,51.0503269],[3.7532111,51.0503089],[3.7532111,51.0502909],[3.7532111,51.0502729],[3.7532111,51.050255],[3.7532111,51.050237],[3.753211,51.050219],[3.753211,51.050201],[3.753211,51.0501831],[3.753211,51.0501651],[3.753211,51.0501471],[3.753211,51.0501291],[3.753211,51.0501111],[3.753211,51.0500932],[3.7532109,51.0500752],[3.7532109,51.0500572],[3.7532109,51.0500392],[3.7532109,51.0500213],[3.7532109,51.0500033],[3.7532109,51.0499853],[3.7532109,51.0499673],[3.7532109,51.0499493],[3.7532108,51.0499314],[3.7532108,51.0499134],[3.7532108,51.0498954],[3.7532108,51.0498774],[3.7532108,51.0498595],[3.7532108,51.0498415],[3.7532108,51.0498235],[3.7532107,51.0498055],[3.7532107,51.0497875],[3.7532107,51.0497696],[3.7532107,51.0497516],[3.7532107,51.0497336],[3.7532107,51.0497156],[3.7532107,51.0496977],[3.7532107,51.0496797],[3.7532106,51.0496617],[3.7532106,51.0496437],[3.7532106,51.0496257],[3.7532106,51.0496078],[3.7532106,51.0495898],[3.7532106,51.0495718],[3.7532106,51.0495538],[3.7532106,51.0495359],[3.7532105,51.0495179],[3.7532105,51.0494999],[3.7532105,51.0494819],[3.7532105,51.0494639],[3.7532105,51.049446],[3.7532105,51.049428],[3.7532105,51.04941],[3.7532105,51.049392],[3.7532104,51.0493741],[3.7532104,51.0493561],[3.7532104,51.0493381],[3.7532104,51.0493201],[3.7532104,51.0493021],[3.7532104,51.0492842],[3.7532104,51.0492662],[3.7532103,51.0492482],[3.7532103,51.0492302],[3.7532103,51.0492123],[3.7532103,51.0491943],[3.7532103,51.0491763],[3.7532103,51.0491583],[3.7532103,51.0491403],[3.7532103,51.0491224],[3.7532102,51.0491044],[3.7532102,51.0490864],[3.7532102,51.0490684],[3.7532102,51.0490505],[3.7532102,51.0490325],[3.7532102,51.0490145],[3.7532102,51.0489965],[3.7532102,51.0489785],[3.7532101,51.0489606],[3.7532101,51.0489426],[3.7532101,51.0489246],[3.7532101,51.0489066],[3.7532101,51.0488887],[3.7532101,51.0488707],[3.7532101,51.0488527],[3.7532101,51.0488347],[3.75321,51.0488167],[3.75321,51.0487988],[3.75321,51.0487808],[3.75321,51.0487628],[3.75321,51.0487448],[3.75321,51.0487269],[3.75321,51.0487089],[3.75321,51.0486909],[3.7532099,51.0486729],[3.7532099,51.048655],[3.7532099,51.048637],[3.7532099,51.048619],[3.7532099,51.048601],[3.7532099,51.048583],[3.7532099,51.0485651],[3.7532098,51.0485471],[3.7532098,51.0485291],[3.7532098,51.0485111],[3.7532098,51.0484932],[3.7532098,51.0484752],[3.7532098,51.0484572],[3.7532098,51.0484392],[3.7532098,51.0484212],[3.7532097,51.0484033],[3.7532097,51.0483853],[3.7532097,51.0483673],[3.7532097,51.0483493],[3.7532097,51.0483314],[3.7532097,51.0483134],[3.7532097,51.0482954],[3.7532097,51.0482774],[3.7532096,51.0482594],[3.7532096,51.0482415],[3.7532096,51.0482235],[3.7532096,51.0482055],[3.7532096,51.0481875],[3.7532096,51.0481696],[3.7532096,51.0481516],[3.7532096,51.0481336],[3.7532095,51.0481156],[3.7532095,51.0480976],[3.7532095,51.0480797],[3.7532095,51.0480617],[3.7532095,51.0480437],[3.7532095,51.0480257],[3.7532095,51.0480078],[3.7532094,51.0479898],[3.7532094,51.0479718],[3.7532094,51.0479538],[3.7532094,51.0479358],[3.7532094,51.0479179],[3.7532094,51.0478999],[3.7532094,51.0478819],[3.7532094,51.0478639],[3.7532093,51.047846],[3.7532093,51.047828],[3.7532093,51.04781],[3.7532093,51.047792],[3.7532093,51.047774],[3.7532093,51.0477561],[3.7532093,51.0477381],[3.7532093,51.0477201],[3.7532092,51.0477021],[3.7532092,51.0476842],[3.7532092,51.0476662],[3.7532092,51.0476482],[3.7532092,51.0476302],[3.7532092,51.0476122],[3.7532092,51.0475943],[3.7532092,51.0475763],[3.7532091,51.0475583],[3.7532091,51.0475403],[3.7532091,51.0475224],[3.7532091,51.0475044],[3.7532091,51.0474864],[3.7532091,51.0474684],[3.7532091,51.0474504],[3.7532091,51.0474325],[3.753209,51.0474145],[3.753209,51.0473965],[3.753209,51.0473785],[3.753209,51.0473606],[3.753209,51.0473426],[3.753209,51.0473246],[3.753209,51.0473066],[3.7532089,51.0472886],[3.7532089,51.0472707],[3.7532089,51.0472527],[3.7532089,51.0472347],[3.7532089,51.0472167],[3.7532089,51.0471988],[3.7532089,51.0471808],[3.7532089,51.0471628],[3.7532088,51.0471448],[3.7532088,51.0471268],[3.7532088,51.0471089],[3.7532088,51.0470909],[3.7532088,51.0470729],[3.7532088,51.0470549],[3.7532088,51.047037],[3.7532088,51.047019],[3.7532087,51.047001],[3.7532087,51.046983],[3.7532087,51.0469651],[3.7532087,51.0469471],[3.7532087,51.0469291],[3.7532087,51.0469111],[3.7532087,51.0468931],[3.7532087,51.0468752],[3.7532086,51.0468572],[3.7532086,51.0468392],[3.7532086,51.0468212],[3.7532086,51.0468033],[3.7532086,51.0467853],[3.7532086,51.0467673],[3.7532086,51.0467493],[3.7532085,51.0467313],[3.7532085,51.0467134],[3.7532085,51.0466954],[3.7532085,51.0466774],[3.7532085,51.0466594],[3.7532085,51.0466415],[3.7532085,51.0466235],[3.7532085,51.0466055],[3.7532084,51.0465875],[3.7532084,51.0465695],[3.7532084,51.0465516],[3.7532084,51.0465336],[3.7532084,51.0465156],[3.7532084,51.0464976],[3.7532084,51.0464797],[3.7532084,51.0464617],[3.7532083,51.0464437],[3.7532083,51.0464257],[3.7532083,51.0464077],[3.7532083,51.0463898],[3.7532083,51.0463718],[3.7532083,51.0463538],[3.7532083,51.0463358],[3.7532083,51.0463179],[3.7532082,51.0462999],[3.7532082,51.0462819],[3.7532082,51.0462639],[3.7532082,51.0462459],[3.7532082,51.046228],[3.7532082,51.04621],[3.7532082,51.046192],[3.7532082,51.046174],[3.7532081,51.0461561],[3.7532081,51.0461381],[3.7532081,51.0461201],[3.7532081,51.0461021],[3.7532081,51.0460841],[3.7532081,51.0460662],[3.7532081,51.0460482],[3.753208,51.0460302],[3.753208,51.0460122],[3.753208,51.0459943],[3.753208,51.0459763],[3.753208,51.0459583],[3.753208,51.0459403],[3.753208,51.0459223],[3.753208,51.0459044],[3.7532079,51.0458864],[3.7532079,51.0458684],[3.7532079,51.0458504],[3.7532079,51.0458325],[3.7532079,51.0458145],[3.7532079,51.0457965],[3.7532079,51.0457785],[3.7532079,51.0457605],[3.7532078,51.0457426],[3.7532078,51.0457246],[3.7532078,51.0457066],[3.7532078,51.0456886],[3.7532078,51.0456707],[3.7532078,51.0456527],[3.7532078,51.0456347],[3.7532078,51.0456167],[3.7532077,51.0455987],[3.7532077,51.0455808],[3.7532077,51.0455628],[3.7532077,51.0455448],[3.7532077,51.0455268],[3.7532077,51.0455089],[3.7532077,51.0454909],[3.7532076,51.0454729],[3.7532076,51.0454549],[3.7532076,51.0454369],[3.7532076,51.045419],[3.7532076,51.045401],[3.7532076,51.045383],[3.7532076,51.045365],[3.7532076,51.0453471],[3.7532075,51.0453291],[3.7532075,51.0453111],[3.7532075,51.0452931],[3.7532075,51.0452752],[3.7532075,51.0452572],[3.7532075,51.0452392],[3.7532075,51.0452212],[3.7532075,51.0452032],[3.7532074,51.0451853],[3.7532074,51.0451673],[3.7532074,51.0451493],[3.7532074,51.0451313],[3.7532074,51.0451134],[3.7532074,51.0450954],[3.7532074,51.0450774],[3.7532074,51.0450594],[3.7532073,51.0450414],[3.7532073,51.0450235],[3.7532073,51.0450055],[3.7532073,51.0449875],[3.7532073,51.0449695],[3.7532073,51.0449516],[3.7532073,51.0449336],[3.7532073,51.0449156],[3.7532072,51.0448976],[3.7532072,51.0448796],[3.7532072,51.0448617],[3.7532072,51.0448437],[3.7532072,51.0448257],[3.7532072,51.0448077],[3.7532072,51.0447898],[3.7532071,51.0447718],[3.7532071,51.0447538],[3.7532071,51.0447358],[3.7532071,51.0447178],[3.7532071,51.0446999],[3.7532071,51.0446819],[3.7532071,51.0446639],[3.7532071,51.0446459],[3.753207,51.044628],[3.753207,51.04461],[3.753207,51.044592],[3.753207,51.044574],[3.753207,51.044556],[3.753207,51.0445381],[3.753207,51.0445201],[3.753207,51.0445021],[3.7532069,51.0444841],[3.7532069,51.0444662],[3.7532069,51.0444482],[3.7532069,51.0444302],[3.7532069,51.0444122],[3.7532069,51.0443942],[3.7532069,51.0443763],[3.7532069,51.0443583],[3.7532068,51.0443403],[3.7532068,51.0443223],[3.7532068,51.0443044],[3.7532068,51.0442864],[3.7532068,51.0442684],[3.7532068,51.0442504],[3.7532068,51.0442324],[3.7532068,51.0442145],[3.7532067,51.0441965],[3.7532067,51.0441785],[3.7532067,51.0441605],[3.7532067,51.0441426],[3.7532067,51.0441246],[3.7532067,51.0441066],[3.7532067,51.0440886],[3.7532066,51.0440706],[3.7532066,51.0440527],[3.7532066,51.0440347],[3.7532066,51.0440167],[3.7532066,51.0439987],[3.7532066,51.0439808],[3.7532066,51.0439628],[3.7532066,51.0439448],[3.7532065,51.0439268],[3.7532065,51.0439088],[3.7532013,51.0438903],[3.7531911,51.0438726],[3.7531762,51.0438563],[3.753157,51.0438419],[3.7531341,51.0438298],[3.7531082,51.0438204],[3.7530801,51.043814],[3.7530507,51.0438107],[3.7530209,51.0438107]]}},{"type":"Feature","properties":{"highway":"residential","smoothness":"bad","surface":"sett","width":6},"geometry":{"type":"LineString","coordinates":[[3.7530209,51.0438107],[3.7529923,51.0438107],[3.7529638,51.0438107],[3.7529352,51.0438107],[3.7529067,51.0438108],[3.7528782,51.0438108],[3.7528496,51.0438108],[3.7528211,51.0438108],[3.7527925,51.0438108],[3.752764,51.0438108],[3.7527355,51.0438108],[3.7527069,51.0438108],[3.7526784,51.0438108],[3.7526498,51.0438108],[3.7526213,51.0438108],[3.7525928,51.0438108],[3.7525642,51.0438108],[3.7525357,51.0438109],[3.7525071,51.0438109],[3.7524786,51.0438109],[3.7524501,51.0438109],[3.7524215,51.0438109],[3.752393,51.0438109],[3.7523644,51.0438109],[3.7523359,51.0438109],[3.7523074,51.0438109],[3.7522788,51.0438109],[3.7522503,51.0438109],[3.7522217,51.0438109],[3.7521932,51.043811],[3.7521647,51.043811],[3.7521361,51.043811],[3.7521076,51.043811],[3.752079,51.043811],[3.7520505,51.043811],[3.752022,51.043811],[3.7519934,51.043811],[3.7519649,51.043811],[3.7519363,51.043811],[3.7519078,51.043811],[3.7518792,51.043811],[3.7518507,51.043811],[3.7518222,51.0438111],[3.7517936,51.0438111],[3.7517651,51.0438111],[3.7517365,51.0438111],[3.751708,51.0438111],[3.7516795,51.0438111],[3.7516509,51.0438111],[3.7516224,51.0438111],[3.7515938,51.0438111],[3.7515653,51.0438111],[3.7515368,51.0438111],[3.7515082,51.0438111],[3.7514797,51.0438111],[3.7514511,51.0438112],[3.7514226,51.0438112],[3.7513941,51.0438112],[3.7513655,51.0438112],[3.751337,51.0438112],[3.7513084,51.0438112],[3.7512799,51.0438112],[3.7512514,51.0438112],[3.7512228,51.0438112],[3.7511943,51.0438112],[3.7511657,51.0438112],[3.7511372,51.0438112],[3.7511087,51.0438112],[3.7510801,51.0438113],[3.7510516,51.0438113],[3.751023,51.0438113],[3.7509945,51.0438113],[3.750966,51.0438113],[3.7509374,51.0438113],[3.7509089,51.0438113],[3.7508803,51.0438113],[3.7508518,51.0438113],[3.7508233,51.0438113],[3.7507947,51.0438113],[3.7507662,51.0438113],[3.7507376,51.0438113],[3.7507091,51.0438114],[3.7506806,51.0438114],[3.750652,51.0438114],[3.7506235,51.0438114],[3.7505949,51.0438114],[3.7505664,51.0438114],[3.7505379,51.0438114],[3.7505093,51.0438114],[3.7504808,51.0438114],[3.7504522,51.0438114],[3.7504237,51.0438114],[3.7503952,51.0438114],[3.7503666,51.0438114],[3.7503381,51.0438114],[3.7503095,51.0438115],[3.750281,51.0438115],[3.7502525,51.0438115],[3.7502239,51.0438115],[3.7501954,51.0438115],[3.7501668,51.0438115],[3.7501383,51.0438115],[3.7501098,51.0438115],[3.7500812,51.0438115],[3.7500527,51.0438115],[3.7500241,51.0438115],[3.7499956,51.0438115],[3.7499671,51.0438115],[3.7499385,51.0438116],[3.74991,51.0438116],[3.7498814,51.0438116],[3.7498529,51.0438116],[3.7498244,51.0438116],[3.7497958,51.0438116],[3.7497673,51.0438116],[3.7497387,51.0438116],[3.7497102,51.0438116],[3.7496817,51.0438116],[3.7496531,51.0438116],[3.7496246,51.0438116],[3.749596,51.0438116],[3.7495675,51.0438116],[3.749539,51.0438117],[3.7495104,51.0438117],[3.7494819,51.0438117],[3.7494533,51.0438117],[3.7494248,51.0438117],[3.7493963,51.0438117],[3.7493677,51.0438117],[3.7493392,51.0438117],[3.7493106,51.0438117],[3.7492821,51.0438117],[3.7492536,51.0438117],[3.749225,51.0438117],[3.7491965,51.0438117],[3.7491679,51.0438117],[3.7491394,51.0438118],[3.7491109,51.0438118],[3.7490823,51.0438118],[3.7490538,51.0438118],[3.7490252,51.0438118],[3.7489967,51.0438118],[3.7489682,51.0438118],[3.7489396,51.0438118],[3.7489111,51.0438118],[3.7488825,51.0438118],[3.748854,51.0438118],[3.7488255,51.0438118],[3.7487969,51.0438118],[3.7487684,51.0438118],[3.7487398,51.0438119],[3.7487113,51.0438119],[3.7486827,51.0438119],[3.7486542,51.0438119],[3.7486257,51.0438119],[3.7485971,51.0438119],[3.7485686,51.0438119],[3.74854,51.0438119],[3.7485115,51.0438119],[3.748483,51.0438119],[3.7484544,51.0438119],[3.7484259,51.0438119],[3.7483973,51.0438119],[3.7483688,51.0438119],[3.7483403,51.0438119],[3.7483117,51.043812],[3.7482832,51.043812],[3.7482546,51.043812],[3.7482261,51.043812],[3.7481976,51.043812],[3.748169,51.043812],[3.7481405,51.043812],[3.7481119,51.043812],[3.7480834,51.043812],[3.7480549,51.043812],[3.7480263,51.043812],[3.7479978,51.043812],[3.7479692,51.043812],[3.7479407,51.043812],[3.7479122,51.0438121],[3.7478836,51.0438121],[3.7478551,51.0438121],[3.7478265,51.0438121],[3.747798,51.0438121],[3.7477695,51.0438121],[3.7477409,51.0438121],[3.7477124,51.0438121],[3.7476838,51.0438121],[3.7476553,51.0438121],[3.7476268,51.0438121],[3.7475982,51.0438121],[3.7475697,51.0438121],[3.7475411,51.0438121],[3.7475126,51.0438121],[3.7474841,51.0438122],[3.7474555,51.0438122],[3.747427,51.0438122],[3.7473984,51.0438122],[3.7473699,51.0438122],[3.7473414,51.0438122],[3.7473128,51.0438122],[3.7472843,51.0438122],[3.7472557,51.0438122],[3.7472272,51.0438122],[3.7471987,51.0438122],[3.7471701,51.0438122],[3.7471416,51.0438122],[3.747113,51.0438122],[3.7470845,51.0438122],[3.747056,51.0438123],[3.7470274,51.0438123],[3.7469989,51.0438123],[3.7469703,51.0438123],[3.7469418,51.0438123],[3.7469133,51.0438123],[3.7468847,51.0438123],[3.7468562,51.0438123],[3.7468276,51.0438123],[3.7467991,51.0438123],[3.7467706,51.0438123],[3.746742,51.0438123],[3.7467135,51.0438123],[3.7466849,51.0438123],[3.7466564,51.0438123],[3.7466279,51.0438124],[3.7465993,51.0438124],[3.7465708,51.0438124],[3.7465422,51.0438124],[3.7465137,51.0438124],[3.7464852,51.0438124],[3.7464566,51.0438124],[3.7464281,51.0438124],[3.7463995,51.0438124],[3.746371,51.0438124],[3.7463425,51.0438124],[3.7463139,51.0438124],[3.7462854,51.0438124],[3.7462568,51.0438124],[3.7462283,51.0438124],[3.7461998,51.0438124],[3.7461712,51.0438125],[3.7461427,51.0438125],[3.7461141,51.0438125],[3.7460856,51.0438125],[3.7460571,51.0438125],[3.7460285,51.0438125],[3.746,51.0438125],[3.7459714,51.0438125],[3.7459429,51.0438125],[3.7459144,51.0438125],[3.7458858,51.0438125],[3.7458573,51.0438125],[3.7458287,51.0438125],[3.7458002,51.0438125],[3.7457717,51.0438125],[3.7457431,51.0438126],[3.7457146,51.0438126],[3.745686,51.0438126],[3.7456575,51.0438126],[3.745629,51.0438126],[3.7456004,51.0438126],[3.7455719,51.0438126],[3.7455433,51.0438126],[3.7455148,51.0438126],[3.7454862,51.0438126],[3.7454577,51.0438126],[3.7454292,51.0438126],[3.7454006,51.0438126],[3.7453721,51.0438126],[3.7453435,51.0438126],[3.745315,51.0438126],[3.7452865,51.0438127],[3.7452579,51.0438127],[3.7452294,51.0438127],[3.7452008,51.0438127],[3.7451723,51.0438127],[3.7451438,51.0438127],[3.7451152,51.0438127],[3.7450867,51.0438127],[3.7450581,51.0438127],[3.7450296,51.0438127],[3.7450011,51.0438127],[3.7449725,51.0438127],[3.744944,51.0438127],[3.7449154,51.0438127],[3.7448869,51.0438127],[3.7448584,51.0438127],[3.7448298,51.0438127],[3.7448013,51.0438128],[3.7447727,51.0438128],[3.7447442,51.0438128],[3.7447157,51.0438128],[3.7446871,51.0438128],[3.7446586,51.0438128],[3.74463,51.0438128],[3.7446015,51.0438128],[3.744573,51.0438128],[3.7445444,51.0438128],[3.7445159,51.0438128],[3.7444873,51.0438128],[3.7444588,51.0438128],[3.7444303,51.0438128],[3.7444017,51.0438128],[3.7443732,51.0438128],[3.7443446,51.0438129],[3.7443161,51.0438129],[3.7442876,51.0438129],[3.744259,51.0438129],[3.7442305,51.0438129],[3.7442019,51.0438129],[3.7441734,51.0438129],[3.7441449,51.0438129],[3.7441163,51.0438129],[3.7440878,51.0438129],[3.7440592,51.0438129],[3.7440307,51.0438129],[3.7440022,51.0438129],[3.7439736,51.0438129],[3.7439451,51.0438129],[3.7439165,51.0438129],[3.743888,51.0438129],[3.7438595,51.043813],[3.7438309,51.043813],[3.7438024,51.043813],[3.7437738,51.043813],[3.7437453,51.043813],[3.7437168,51.043813],[3.7436882,51.043813],[3.7436597,51.043813],[3.7436311,51.043813],[3.7436026,51.043813],[3.7435741,51.043813],[3.7435455,51.043813],[3.743517,51.043813],[3.7434884,51.043813],[3.7434599,51.043813],[3.7434314,51.043813],[3.7434028,51.043813],[3.7433743,51.043813],[3.7433457,51.0438131],[3.7433172,51.0438131],[3.7432887,51.0438131],[3.7432601,51.0438131],[3.7432316,51.0438131],[3.743203,51.0438131],[3.7431745,51.0438131],[3.743146,51.0438131],[3.7431174,51.0438131],[3.7430889,51.0438131],[3.7430603,51.0438131],[3.7430318,51.0438131],[3.7430033,51.0438131],[3.7429747,51.0438131],[3.7429462,51.0438131],[3.7429176,51.0438131],[3.7428891,51.0438131],[3.7428606,51.0438132],[3.742832,51.0438132],[3.7428035,51.0438132],[3.7427749,51.0438132],[3.7427464,51.0438132],[3.7427179,51.0438132],[3.7426893,51.0438132],[3.7426608,51.0438132],[3.7426322,51.0438132],[3.7426037,51.0438132],[3.7425752,51.0438132],[3.7425466,51.0438132],[3.7425181,51.0438132],[3.7424895,51.0438132],[3.742461,51.0438132],[3.7424325,51.0438132],[3.7424039,51.0438132],[3.7423754,51.0438132],[3.7423468,51.0438132],[3.7423183,51.0438133],[3.7422897,51.0438133],[3.7422612,51.0438133],[3.7422327,51.0438133],[3.7422041,51.0438133],[3.7421756,51.0438133],[3.742147,51.0438133],[3.7421185,51.0438133],[3.74209,51.0438133],[3.7420614,51.0438133],[3.7420329,51.0438133],[3.7420043,51.0438133],[3.7419758,51.0438133],[3.7419473,51.0438133],[3.7419187,51.0438133],[3.7418902,51.0438133],[3.7418616,51.0438133],[3.7418331,51.0438133],[3.7418046,51.0438134],[3.741776,51.0438134],[3.7417475,51.0438134],[3.7417189,51.0438134],[3.7416904,51.0438134],[3.7416619,51.0438134],[3.7416333,51.0438134],[3.7416048,51.0438134],[3.7415762,51.0438134],[3.7415477,51.0438134],[3.7415192,51.0438134],[3.7414906,51.0438134],[3.7414621,51.0438134],[3.7414335,51.0438134],[3.741405,51.0438134],[3.7413765,51.0438134],[3.7413479,51.0438134],[3.7413194,51.0438134],[3.7412908,51.0438134],[3.7412623,51.0438135],[3.7412338,51.0438135],[3.7412052,51.0438135],[3.7411767,51.0438135],[3.7411481,51.0438135],[3.7411196,51.0438135],[3.7410911,51.0438135],[3.7410625,51.0438135],[3.741034,51.0438135],[3.7410054,51.0438135],[3.7409769,51.0438135],[3.7409484,51.0438135],[3.7409198,51.0438135],[3.7408913,51.0438135],[3.7408627,51.0438135],[3.7408342,51.0438135],[3.7408057,51.0438135],[3.7407771,51.0438135],[3.7407486,51.0438135],[3.74072,51.0438135],[3.7406915,51.0438136],[3.740663,51.0438136],[3.7406344,51.0438136],[3.7406059,51.0438136],[3.7405773,51.0438136],[3.7405488,51.0438136],[3.7405203,51.0438136],[3.7404917,51.0438136],[3.7404632,51.0438136],[3.7404346,51.0438136],[3.7404061,51.0438136],[3.7403776,51.0438136],[3.740349,51.0438136],[3.7403205,51.0438136],[3.7402919,51.0438136],[3.7402634,51.0438136],[3.7402349,51.0438136],[3.7402063,51.0438136],[3.7401778,51.0438136],[3.7401492,51.0438136],[3.7401207,51.0438137],[3.7400922,51.0438137],[3.7400636,51.0438137],[3.7400351,51.0438137],[3.7400065,51.0438137],[3.739978,51.0438137],[3.7399495,51.0438137],[3.7399209,51.0438137],[3.7398924,51.0438137],[3.7398638,51.0438137],[3.7398353,51.0438137],[3.7398068,51.0438137],[3.7397782,51.0438137],[3.7397497,51.0438137],[3.7397211,51.0438137],[3.7396926,51.0438137],[3.7396641,51.0438137],[3.7396355,51.0438137],[3.739607,51.0438137],[3.7395784,51.0438137],[3.7395499,51.0438138],[3.7395214,51.0438138],[3.7394928,51.0438138],[3.7394643,51.0438138],[3.7394357,51.0438138],[3.7394072,51.0438138],[3.7393787,51.0438138],[3.7393501,51.0438138],[3.7393216,51.0438138],[3.739293,51.0438138],[3.7392645,51.0438138],[3.739236,51.0438138],[3.7392074,51.0438138],[3.7391789,51.0438138],[3.7391503,51.0438138],[3.7391218,51.0438138],[3.7390932,51.0438138],[3.7390647,51.0438138],[3.7390362,51.0438138],[3.7390076,51.0438138],[3.7389791,51.0438138],[3.7389505,51.0438138],[3.738922,51.0438139],[3.7388935,51.0438139],[3.7388649,51.0438139],[3.7388364,51.0438139],[3.7388078,51.0438139],[3.7387793,51.0438139],[3.7387508,51.0438139],[3.7387222,51.0438139],[3.7386937,51.0438139],[3.7386651,51.0438139],[3.7386366,51.0438139],[3.7386081,51.0438139],[3.7385795,51.0438139],[3.738551,51.0438139],[3.7385224,51.0438139],[3.7384939,51.0438139],[3.7384654,51.0438139],[3.7384368,51.0438139],[3.7384083,51.0438139],[3.7383797,51.0438139],[3.7383512,51.0438139],[3.7383227,51.0438139],[3.7382941,51.043814],[3.7382656,51.043814],[3.738237,51.043814],[3.7382085,51.043814],[3.73818,51.043814],[3.7381514,51.043814],[3.7381229,51.043814],[3.7380943,51.043814],[3.7380658,51.043814],[3.7380373,51.043814],[3.7380087,51.043814],[3.7379802,51.043814],[3.7379516,51.043814],[3.7379231,51.043814],[3.7378946,51.043814],[3.737866,51.043814],[3.7378375,51.043814],[3.7378089,51.043814],[3.7377804,51.043814],[3.7377519,51.043814],[3.7377233,51.043814],[3.7376948,51.043814],[3.7376662,51.0438141],[3.7376377,51.0438141],[3.7376092,51.0438141],[3.7375806,51.0438141],[3.7375521,51.0438141],[3.7375235,51.0438141],[3.737495,51.0438141],[3.7374665,51.0438141],[3.7374379,51.0438141],[3.7374094,51.0438141],[3.7373808,51.0438141],[3.7373523,51.0438141],[3.7373238,51.0438141],[3.7372952,51.0438141],[3.7372667,51.0438141],[3.7372381,51.0438141],[3.7372096,51.0438141],[3.7371811,51.0438141],[3.7371525,51.0438141],[3.737124,51.0438141],[3.7370954,51.0438141],[3.7370669,51.0438141],[3.7370384,51.0438141],[3.7370098,51.0438141],[3.7369813,51.0438142],[3.7369527,51.0438142],[3.7369242,51.0438142],[3.7368957,51.0438142],[3.7368671,51.0438142],[3.7368386,51.0438142],[3.73681,51.0438142],[3.7367815,51.0438142],[3.736753,51.0438142],[3.7367244,51.0438142],[3.7366959,51.0438142],[3.7366673,51.0438142],[3.7366388,51.0438142],[3.7366103,51.0438142],[3.7365817,51.0438142],[3.7365532,51.0438142],[3.7365246,51.0438142],[3.7364961,51.0438142],[3.7364676,51.0438142],[3.736439,51.0438142],[3.7364105,51.0438142],[3.7363819,51.0438142],[3.7363534,51.0438142],[3.7363249,51.0438142],[3.7362963,51.0438142],[3.7362678,51.0438143],[3.7362392,51.0438143],[3.7362107,51.0438143],[3.7361822,51.0438143],[3.7361536,51.0438143],[3.7361251,51.0438143],[3.7360965,51.0438143],[3.736068,51.0438143],[3.7360394,51.0438143],[3.7360109,51.0438143],[3.7359824,51.0438143],[3.7359538,51.0438143],[3.7359253,51.0438143],[3.7358967,51.0438143],[3.7358682,51.0438143],[3.7358397,51.0438143],[3.7358111,51.0438143],[3.7357826,51.0438143],[3.735754,51.0438143],[3.7357255,51.0438143],[3.735697,51.0438143],[3.7356684,51.0438143],[3.7356399,51.0438143],[3.7356113,51.0438143],[3.7355828,51.0438143],[3.7355543,51.0438144],[3.7355257,51.0438144],[3.7354972,51.0438144],[3.7354686,51.0438144],[3.7354401,51.0438144],[3.7354116,51.0438144],[3.735383,51.0438144],[3.7353545,51.0438144],[3.7353259,51.0438144],[3.7352974,51.0438144],[3.7352689,51.0438144],[3.7352403,51.0438144],[3.7352118,51.0438144],[3.7351832,51.0438144],[3.7351547,51.0438144],[3.7351262,51.0438144],[3.7350976,51.0438144],[3.7350691,51.0438144],[3.7350405,51.0438144],[3.735012,51.0438144],[3.7349835,51.0438144],[3.7349549,51.0438144],[3.7349264,51.0438144],[3.7348978,51.0438144],[3.7348693,51.0438144],[3.7348408,51.0438144],[3.7348122,51.0438144],[3.7347837,51.0438145],[3.7347551,51.0438145],[3.7347266,51.0438145],[3.7346981,51.0438145],[3.7346695,51.0438145],[3.734641,51.0438145],[3.7346124,51.0438145],[3.7345839,51.0438145],[3.7345554,51.0438145],[3.7345268,51.0438145],[3.7344983,51.0438145],[3.7344697,51.0438145],[3.7344412,51.0438145],[3.7344127,51.0438145],[3.7343841,51.0438145],[3.7343556,51.0438145],[3.734327,51.0438145],[3.7342985,51.0438145],[3.73427,51.0438145],[3.7342414,51.0438145],[3.7342129,51.0438145],[3.7341843,51.0438145],[3.7341558,51.0438145],[3.7341273,51.0438145],[3.7340987,51.0438145],[3.7340702,51.0438145],[3.7340416,51.0438145],[3.7340131,51.0438145],[3.7339846,51.0438145],[3.733956,51.0438146],[3.7339275,51.0438146],[3.7338989,51.0438146],[3.7338704,51.0438146],[3.7338419,51.0438146],[3.7338133,51.0438146],[3.7337848,51.0438146],[3.7337562,51.0438146],[3.7337277,51.0438146],[3.7336992,51.0438146],[3.7336706,51.0438146],[3.7336421,51.0438146],[3.7336135,51.0438146],[3.733585,51.0438146],[3.7335565,51.0438146],[3.7335279,51.0438146],[3.7334994,51.0438146],[3.7334708,51.0438146],[3.7334423,51.0438146],[3.7334138,51.0438146],[3.7333852,51.0438146],[3.7333567,51.0438146],[3.7333281,51.0438146],[3.7332996,51.0438146],[3.7332711,51.0438146],[3.7332425,51.0438146],[3.733214,51.0438146],[3.7331854,51.0438146],[3.7331569,51.0438146],[3.7331284,51.0438146],[3.7330998,51.0438147],[3.7330713,51.0438147],[3.7330427,51.0438147],[3.7330142,51.0438147],[3.7329856,51.0438147],[3.7329571,51.0438147],[3.7329286,51.0438147],[3.7329,51.0438147],[3.7328715,51.0438147],[3.7328429,51.0438147],[3.7328144,51.0438147],[3.7327859,51.0438147],[3.7327573,51.0438147],[3.7327288,51.0438147],[3.7327002,51.0438147],[3.7326717,51.0438147],[3.7326432,51.0438147],[3.7326146,51.0438147],[3.7325861,51.0438147],[3.7325575,51.0438147],[3.732529,51.0438147],[3.7325005,51.0438147],[3.7324719,51.0438147],[3.7324434,51.0438147],[3.7324148,51.0438147],[3.7323863,51.0438147],[3.7323578,51.0438147],[3.7323292,51.0438147],[3.7323007,51.0438147],[3.7322721,51.0438147],[3.7322436,51.0438147],[3.7322151,51.0438147],[3.7321865,51.0438148],[3.732158,51.0438148],[3.7321294,51.0438148],[3.7321009,51.0438148],[3.7320724,51.0438148],[3.7320438,51.0438148],[3.7320153,51.0438148],[3.7319867,51.0438148],[3.7319582,51.0438148],[3.7319297,51.0438148],[3.7319011,51.0438148],[3.7318726,51.0438148],[3.731844,51.0438148],[3.7318155,51.0438148],[3.731787,51.0438148],[3.7317584,51.0438148],[3.7317299,51.0438148],[3.7317013,51.0438148],[3.7316728,51.0438148],[3.7316443,51.0438148],[3.7316157,51.0438148],[3.7315872,51.0438148],[3.7315586,51.0438148],[3.7315301,51.0438148],[3.7315016,51.0438148],[3.731473,51.0438148],[3.7314445,51.0438148],[3.7314159,51.0438148],[3.7313874,51.0438148],[3.7313589,51.0438148],[3.7313303,51.0438148],[3.7313018,51.0438148],[3.7312732,51.0438148],[3.7312447,51.0438148],[3.7312162,51.0438148],[3.7311876,51.0438149],[3.7311591,51.0438149],[3.7311305,51.0438149],[3.731102,51.0438149],[3.7310735,51.0438149],[3.7310449,51.0438149],[3.7310164,51.0438149],[3.7309878,51.0438149],[3.7309593,51.0438149],[3.7309308,51.0438149],[3.7309022,51.0438149],[3.7308737,51.0438149],[3.7308451,51.0438149],[3.7308166,51.0438149],[3.7307881,51.0438149],[3.7307595,51.0438149],[3.730731,51.0438149],[3.7307024,51.0438149],[3.7306739,51.0438149],[3.7306454,51.0438149],[3.7306168,51.0438149],[3.7305883,51.0438149],[3.7305597,51.0438149],[3.7305312,51.0438149],[3.7305027,51.0438149],[3.7304741,51.0438149],[3.7304456,51.0438149],[3.730417,51.0438149],[3.7303885,51.0438149],[3.73036,51.0438149],[3.7303314,51.0438149],[3.7303029,51.0438149],[3.7302743,51.0438149],[3.7302458,51.0438149],[3.7302173,51.0438149],[3.7301887,51.0438149],[3.7301602,51.0438149],[3.7301316,51.0438149],[3.7301031,51.0438149],[3.7300746,51.043815],[3.730046,51.043815],[3.7300175,51.043815],[3.7299889,51.043815],[3.7299604,51.043815],[3.7299319,51.043815],[3.7299033,51.043815],[3.7298748,51.043815],[3.7298462,51.043815],[3.7298177,51.043815],[3.7297891,51.043815],[3.7297606,51.043815],[3.7297321,51.043815],[3.7297035,51.043815],[3.729675,51.043815],[3.7296464,51.043815],[3.7296179,51.043815],[3.7295894,51.043815],[3.7295608,51.043815],[3.7295323,51.043815],[3.7295037,51.043815],[3.7294752,51.043815],[3.7294467,51.043815],[3.7294181,51.043815],[3.7293896,51.043815],[3.729361,51.043815],[3.7293325,51.043815],[3.729304,51.043815],[3.7292754,51.043815],[3.7292469,51.043815],[3.7292183,51.043815],[3.7291898,51.043815],[3.7291613,51.043815],[3.7291327,51.043815],[3.7291042,51.043815],[3.7290756,51.043815],[3.7290471,51.043815],[3.7290186,51.043815],[3.72899,51.043815],[3.7289615,51.043815],[3.7289329,51.043815],[3.7289044,51.043815],[3.7288759,51.043815],[3.7288473,51.0438151],[3.7288188,51.0438151],[3.7287902,51.0438151],[3.7287617,51.0438151],[3.7287332,51.0438151],[3.7287046,51.0438151],[3.7286761,51.0438151],[3.7286475,51.0438151],[3.728619,51.0438151],[3.7285905,51.0438151],[3.7285619,51.0438151],[3.7285334,51.0438151],[3.7285048,51.0438151],[3.7284763,51.0438151],[3.7284478,51.0438151],[3.7284192,51.0438151],[3.7283907,51.0438151],[3.7283621,51.0438151],[3.7283336,51.0438151],[3.7283051,51.0438151],[3.7282765,51.0438151],[3.728248,51.0438151],[3.7282194,51.0438151],[3.7281909,51.0438151],[3.7281624,51.0438151],[3.7281338,51.0438151],[3.7281053,51.0438151],[3.7280767,51.0438151],[3.7280482,51.0438151],[3.7280197,51.0438151],[3.7279911,51.0438151],[3.7279626,51.0438151],[3.727934,51.0438151],[3.7279055,51.0438151],[3.727877,51.0438151],[3.7278484,51.0438151],[3.7278199,51.0438151],[3.7277913,51.0438151],[3.7277628,51.0438151],[3.7277343,51.0438151],[3.7277057,51.0438151],[3.7276772,51.0438151],[3.7276486,51.0438151],[3.7276201,51.0438151],[3.7275916,51.0438151],[3.727563,51.0438151],[3.7275345,51.0438151],[3.7275059,51.0438151],[3.7274774,51.0438151],[3.7274489,51.0438151],[3.7274203,51.0438152],[3.7273918,51.0438152],[3.7273632,51.0438152],[3.7273347,51.0438152],[3.7273062,51.0438152],[3.7272776,51.0438152],[3.7272491,51.0438152],[3.7272205,51.0438152],[3.727192,51.0438152],[3.7271635,51.0438152],[3.7271349,51.0438152],[3.7271064,51.0438152],[3.7270778,51.0438152],[3.7270493,51.0438152],[3.7270208,51.0438152],[3.7269922,51.0438152],[3.7269637,51.0438152],[3.7269351,51.0438152],[3.7269066,51.0438152],[3.7268781,51.0438152],[3.7268495,51.0438152],[3.726821,51.0438152],[3.7267924,51.0438152],[3.7267639,51.0438152],[3.7267353,51.0438152],[3.7267068,51.0438152],[3.7266783,51.0438152],[3.7266497,51.0438152],[3.7266212,51.0438152],[3.7265926,51.0438152],[3.7265641,51.0438152],[3.7265356,51.0438152],[3.726507,51.0438152],[3.7264785,51.0438152],[3.7264499,51.0438152],[3.7264214,51.0438152],[3.7263929,51.0438152],[3.7263643,51.0438152],[3.7263358,51.0438152],[3.7263072,51.0438152],[3.7262787,51.0438152],[3.7262502,51.0438152],[3.7262216,51.0438152],[3.7261931,51.0438152],[3.7261645,51.0438152],[3.726136,51.0438152],[3.7261075,51.0438152],[3.7260789,51.0438152],[3.7260504,51.0438152],[3.7260218,51.0438152],[3.7259933,51.0438152],[3.7259648,51.0438152],[3.7259362,51.0438152],[3.7259077,51.0438152],[3.7258791,51.0438152],[3.7258506,51.0438152],[3.7258221,51.0438152],[3.7257935,51.0438152],[3.725765,51.0438152],[3.7257364,51.0438152],[3.7257079,51.0438152],[3.7256794,51.0438152],[3.7256508,51.0438152],[3.7256223,51.0438153],[3.7255937,51.0438153],[3.7255652,51.0438153],[3.7255367,51.0438153],[3.7255081,51.0438153],[3.7254796,51.0438153],[3.725451,51.0438153],[3.7254225,51.0438153],[3.725394,51.0438153],[3.7253654,51.0438153],[3.7253369,51.0438153],[3.7253083,51.0438153],[3.7252798,51.0438153],[3.7252513,51.0438153],[3.7252227,51.0438153],[3.7251942,51.0438153],[3.7251656,51.0438153],[3.7251371,51.0438153],[3.7251086,51.0438153],[3.72508,51.0438153],[3.7250515,51.0438153],[3.7250229,51.0438153],[3.7249944,51.0438153],[3.7249659,51.0438153],[3.7249373,51.0438153],[3.7249088,51.0438153],[3.7248802,51.0438153],[3.7248517,51.0438153],[3.7248232,51.0438153],[3.7247946,51.0438153],[3.7247661,51.0438153],[3.7247375,51.0438153],[3.724709,51.0438153],[3.7246805,51.0438153],[3.7246519,51.0438153],[3.7246234,51.0438153],[3.7245948,51.0438153],[3.7245663,51.0438153],[3.7245378,51.0438153],[3.7245092,51.0438153],[3.7244807,51.0438153],[3.7244521,51.0438153],[3.7244236,51.0438153],[3.7243951,51.0438153],[3.7243665,51.0438153],[3.724338,51.0438153],[3.7243094,51.0438153],[3.7242809,51.0438153],[3.7242524,51.0438153],[3.7242238,51.0438153],[3.7241953,51.0438153],[3.7241667,51.0438153],[3.7241382,51.0438153],[3.7241097,51.0438153],[3.7240811,51.0438153],[3.7240526,51.0438153],[3.724024,51.0438153],[3.7239955,51.0438153],[3.723967,51.0438153],[3.7239384,51.0438153],[3.7239099,51.0438153],[3.7238813,51.0438153],[3.7238528,51.0438153],[3.7238243,51.0438153],[3.7237957,51.0438153],[3.7237672,51.0438153],[3.7237386,51.0438153],[3.7237101,51.0438153],[3.7236815,51.0438153],[3.723653,51.0438153],[3.7236245,51.0438153],[3.7235959,51.0438153],[3.7235674,51.0438153],[3.7235388,51.0438153],[3.7235103,51.0438153],[3.7234818,51.0438153],[3.7234532,51.0438153],[3.7234247,51.0438153],[3.7233961,51.0438153],[3.7233676,51.0438153],[3.7233391,51.0438153],[3.7233105,51.0438153],[3.723282,51.0438153],[3.7232534,51.0438153],[3.7232249,51.0438153],[3.7231964,51.0438153],[3.7231678,51.0438153],[3.7231393,51.0438153],[3.7231107,51.0438153],[3.7230822,51.0438153],[3.7230537,51.0438153],[3.7230251,51.0438153],[3.7229966,51.0438153],[3.722968,51.0438153],[3.7229395,51.0438153],[3.722911,51.0438153],[3.7228824,51.0438154],[3.7228539,51.0438154],[3.7228253,51.0438154],[3.7227968,51.0438154],[3.7227683,51.0438154],[3.7227397,51.0438154],[3.7227112,51.0438154],[3.7226826,51.0438154],[3.7226541,51.0438154],[3.7226256,51.0438154],[3.722597,51.0438154],[3.7225685,51.0438154],[3.7225399,51.0438154],[3.7225114,51.0438154],[3.7224829,51.0438154],[3.7224543,51.0438154],[3.7224258,51.0438154],[3.7223972,51.0438154],[3.7223687,51.0438154],[3.7223402,51.0438154],[3.7223116,51.0438154],[3.7222831,51.0438154],[3.7222545,51.0438154],[3.722226,51.0438154],[3.7221975,51.0438154],[3.7221689,51.0438154],[3.7221404,51.0438154],[3.7221118,51.0438154],[3.7220833,51.0438154],[3.7220548,51.0438154],[3.7220262,51.0438154],[3.7219977,51.0438154],[3.7219691,51.0438154],[3.7219406,51.0438154],[3.7219121,51.0438154],[3.7218835,51.0438154],[3.721855,51.0438154],[3.7218264,51.0438154],[3.7217979,51.0438154],[3.7217694,51.0438154],[3.7217408,51.0438154],[3.7217123,51.0438154],[3.7216837,51.0438154],[3.7216552,51.0438154],[3.7216267,51.0438154],[3.7215981,51.0438154],[3.7215696,51.0438154],[3.721541,51.0438154],[3.7215125,51.0438154],[3.721484,51.0438154],[3.7214554,51.0438154],[3.7214269,51.0438154],[3.7213983,51.0438154],[3.7213698,51.0438154],[3.7213413,51.0438154],[3.7213127,51.0438154],[3.7212842,51.0438154],[3.7212556,51.0438154],[3.7212271,51.0438154],[3.7211986,51.0438154],[3.72117,51.0438154],[3.7211415,51.0438154],[3.7211129,51.0438154],[3.7210844,51.0438154],[3.7210559,51.0438154],[3.7210273,51.0438154],[3.7209988,51.0438154],[3.7209702,51.0438154],[3.7209417,51.0438154],[3.7209132,51.0438154],[3.7208846,51.0438154],[3.7208561,51.0438154],[3.7208275,51.0438154],[3.720799,51.0438154],[3.7207705,51.0438154],[3.7207419,51.0438154],[3.7207134,51.0438154],[3.7206848,51.0438154],[3.7206563,51.0438154],[3.7206277,51.0438154],[3.7205992,51.0438154],[3.7205707,51.0438154],[3.7205421,51.0438154],[3.7205136,51.0438154],[3.720485,51.0438154],[3.7204565,51.0438154],[3.720428,51.0438154],[3.7203994,51.0438154],[3.7203709,51.0438154],[3.7203423,51.0438154],[3.7203138,51.0438154],[3.7202853,51.0438154],[3.7202567,51.0438154],[3.7202282,51.0438154],[3.7201996,51.0438154],[3.7201711,51.0438154]]}},{"type":"Feature","properties":{"highway":"residential","smoothness":"good","surface":"asphalt","width":7},"geometry":{"type":"LineString","coordinates":[[3.7201711,51.0438154],[3.7201399,51.0438199],[3.7201111,51.0438286],[3.7200861,51.0438412],[3.7200661,51.043857],[3.7200522,51.0438751],[3.7200451,51.0438948],[3.7200451,51.043915],[3.7200451,51.043933],[3.7200451,51.043951],[3.7200451,51.043969],[3.7200451,51.043987],[3.7200451,51.044005],[3.7200451,51.044023],[3.7200451,51.044041],[3.7200451,51.044059],[3.7200451,51.044077],[3.7200451,51.044095],[3.7200451,51.044113],[3.7200451,51.044131],[3.7200451,51.044149],[3.7200451,51.044167],[3.7200451,51.044185],[3.7200451,51.044203],[3.7200451,51.044221],[3.7200451,51.044239],[3.7200451,51.044257],[3.7200451,51.0442751],[3.7200451,51.0442931],[3.7200451,51.0443111],[3.7200451,51.0443291],[3.7200451,51.0443471],[3.7200451,51.0443651],[3.7200451,51.0443831],[3.7200451,51.0444011],[3.7200451,51.0444191],[3.7200451,51.0444371],[3.7200451,51.0444551],[3.7200451,51.0444731],[3.7200451,51.0444911],[3.7200451,51.0445091],[3.7200451,51.0445271],[3.7200451,51.0445451],[3.7200451,51.0445631],[3.7200451,51.0445811],[3.7200451,51.0445991],[3.7200451,51.0446171],[3.7200451,51.0446351],[3.7200451,51.0446531],[3.7200451,51.0446711],[3.7200451,51.0446891],[3.7200451,51.0447071],[3.7200451,51.0447251],[3.7200451,51.0447431],[3.7200451,51.0447611],[3.7200451,51.0447791],[3.7200451,51.0447971],[3.7200451,51.0448152],[3.7200451,51.0448332],[3.7200451,51.0448512],[3.7200451,51.0448692],[3.7200451,51.0448872],[3.7200451,51.0449052],[3.7200451,51.0449232],[3.7200451,51.0449412],[3.7200451,51.0449592],[3.7200451,51.0449772],[3.7200451,51.0449952],[3.7200451,51.0450132],[3.7200451,51.0450312],[3.7200451,51.0450492],[3.7200451,51.0450672],[3.7200451,51.0450852],[3.7200451,51.0451032],[3.7200451,51.0451212],[3.7200451,51.0451392],[3.7200451,51.0451572],[3.7200451,51.0451752],[3.7200451,51.0451932],[3.7200451,51.0452112],[3.7200451,51.0452292],[3.7200451,51.0452472],[3.7200451,51.0452652],[3.7200451,51.0452832],[3.7200451,51.0453012],[3.7200451,51.0453192],[3.7200451,51.0453373],[3.7200451,51.0453553],[3.7200451,51.0453733],[3.7200451,51.0453913],[3.7200451,51.0454093],[3.7200451,51.0454273],[3.7200451,51.0454453],[3.7200451,51.0454633],[3.7200451,51.0454813],[3.7200451,51.0454993],[3.7200451,51.0455173],[3.7200451,51.0455353],[3.7200451,51.0455533],[3.7200451,51.0455713],[3.7200451,51.0455893],[3.7200451,51.0456073],[3.7200451,51.0456253],[3.7200451,51.0456433],[3.7200451,51.0456613],[3.7200451,51.0456793],[3.7200451,51.0456973],[3.7200451,51.0457153],[3.7200451,51.0457333],[3.7200451,51.0457513],[3.7200451,51.0457693],[3.7200451,51.0457873],[3.7200451,51.0458053],[3.7200451,51.0458233],[3.7200451,51.0458413],[3.7200451,51.0458593],[3.7200451,51.0458774],[3.7200451,51.0458954],[3.7200451,51.0459134],[3.7200451,51.0459314],[3.7200451,51.0459494],[3.7200451,51.0459674],[3.7200451,51.0459854],[3.7200451,51.0460034],[3.7200451,51.0460214],[3.7200451,51.0460394],[3.7200451,51.0460574],[3.7200451,51.0460754],[3.7200451,51.0460934],[3.7200451,51.0461114],[3.7200451,51.0461294],[3.7200451,51.0461474],[3.7200451,51.0461654],[3.7200451,51.0461834],[3.7200451,51.0462014],[3.7200451,51.0462194],[3.7200451,51.0462374],[3.7200451,51.0462554],[3.7200451,51.0462734],[3.7200451,51.0462914],[3.7200451,51.0463094],[3.7200451,51.0463274],[3.7200451,51.0463454],[3.7200451,51.0463634],[3.7200451,51.0463814],[3.7200451,51.0463995],[3.7200451,51.0464175],[3.7200451,51.0464355],[3.7200451,51.0464535],[3.7200451,51.0464715],[3.7200451,51.0464895],[3.7200451,51.0465075],[3.7200451,51.0465255],[3.7200451,51.0465435],[3.7200451,51.0465615],[3.7200451,51.0465795],[3.7200451,51.0465975],[3.7200451,51.0466155],[3.7200451,51.0466335],[3.7200451,51.0466515],[3.7200451,51.0466695],[3.7200451,51.0466875],[3.7200451,51.0467055],[3.7200451,51.0467235],[3.7200451,51.0467415],[3.7200451,51.0467595],[3.7200451,51.0467775],[3.7200451,51.0467955],[3.7200451,51.0468135],[3.7200451,51.0468315],[3.7200451,51.0468495],[3.7200451,51.0468675],[3.7200451,51.0468855],[3.7200451,51.0469035],[3.7200451,51.0469215],[3.7200451,51.0469396],[3.7200451,51.0469576],[3.7200451,51.0469756],[3.7200451,51.0469936],[3.7200451,51.0470116],[3.7200451,51.0470296],[3.7200451,51.0470476],[3.7200451,51.0470656],[3.7200451,51.0470836],[3.7200451,51.0471016],[3.7200451,51.0471196],[3.7200451,51.0471376],[3.7200451,51.0471556],[3.7200451,51.0471736],[3.7200451,51.0471916],[3.7200451,51.0472096],[3.7200451,51.0472276],[3.7200451,51.0472456],[3.7200451,51.0472636],[3.7200451,51.0472816],[3.7200451,51.0472996],[3.7200451,51.0473176],[3.7200451,51.0473356],[3.7200451,51.0473536],[3.7200451,51.0473716],[3.7200451,51.0473896],[3.7200451,51.0474076],[3.7200451,51.0474256],[3.7200451,51.0474436],[3.7200451,51.0474617],[3.7200451,51.0474797],[3.7200451,51.0474977],[3.7200451,51.0475157],[3.7200451,51.0475337],[3.7200451,51.0475517],[3.7200451,51.0475697],[3.7200451,51.0475877],[3.7200451,51.0476057],[3.7200451,51.0476237],[3.7200451,51.0476417],[3.7200451,51.0476597],[3.7200451,51.0476777],[3.7200451,51.0476957],[3.7200451,51.0477137],[3.7200451,51.0477317],[3.7200451,51.0477497],[3.7200451,51.0477677],[3.7200451,51.0477857],[3.7200451,51.0478037],[3.7200451,51.0478217],[3.7200451,51.0478397],[3.7200451,51.0478577],[3.7200451,51.0478757],[3.7200451,51.0478937],[3.7200451,51.0479117],[3.7200451,51.0479297],[3.7200451,51.0479477],[3.7200451,51.0479657],[3.7200451,51.0479837],[3.7200451,51.0480018],[3.7200451,51.0480198],[3.7200451,51.0480378],[3.7200451,51.0480558],[3.7200451,51.0480738],[3.7200451,51.0480918],[3.7200451,51.0481098],[3.7200451,51.0481278],[3.7200451,51.0481458],[3.7200451,51.0481638],[3.7200451,51.0481818],[3.7200451,51.0481998],[3.7200451,51.0482178],[3.7200451,51.0482358],[3.7200451,51.0482538],[3.7200451,51.0482718],[3.7200451,51.0482898],[3.7200451,51.0483078],[3.7200451,51.0483258],[3.7200451,51.0483438],[3.7200451,51.0483618],[3.7200451,51.0483798],[3.7200451,51.0483978],[3.7200451,51.0484158],[3.7200451,51.0484338],[3.7200451,51.0484518],[3.7200451,51.0484698],[3.7200451,51.0484878],[3.7200451,51.0485058],[3.7200451,51.0485239],[3.7200451,51.0485419],[3.7200451,51.0485599],[3.7200451,51.0485779],[3.7200451,51.0485959],[3.7200451,51.0486139],[3.7200451,51.0486319],[3.7200451,51.0486499],[3.7200451,51.0486679],[3.7200451,51.0486859],[3.7200451,51.0487039],[3.7200451,51.0487219],[3.7200451,51.0487399],[3.7200451,51.0487579],[3.7200451,51.0487759],[3.7200451,51.0487939],[3.7200451,51.0488119],[3.7200451,51.0488299],[3.7200451,51.0488479],[3.7200451,51.0488659],[3.7200451,51.0488839],[3.7200451,51.0489019],[3.7200451,51.0489199],[3.7200451,51.0489379],[3.7200451,51.0489559],[3.7200451,51.0489739],[3.7200451,51.0489919],[3.7200451,51.0490099],[3.7200451,51.0490279],[3.7200451,51.0490459],[3.7200451,51.049064],[3.7200451,51.049082],[3.7200451,51.0491],[3.7200451,51.049118],[3.7200451,51.049136],[3.7200451,51.049154],[3.7200451,51.049172],[3.7200451,51.04919],[3.7200451,51.049208],[3.7200451,51.049226],[3.7200451,51.049244],[3.7200451,51.049262],[3.7200451,51.04928],[3.7200451,51.049298],[3.7200451,51.049316],[3.7200451,51.049334],[3.7200451,51.049352],[3.7200451,51.04937],[3.7200451,51.049388],[3.7200451,51.049406],[3.7200451,51.049424],[3.7200451,51.049442],[3.7200451,51.04946],[3.7200451,51.049478],[3.7200451,51.049496],[3.7200451,51.049514],[3.7200451,51.049532],[3.7200451,51.04955],[3.7200451,51.049568],[3.7200451,51.0495861],[3.7200451,51.0496041],[3.7200451,51.0496221],[3.7200451,51.0496401],[3.7200451,51.0496581],[3.7200451,51.0496761],[3.7200451,51.0496941],[3.7200451,51.0497121],[3.7200451,51.0497301],[3.7200451,51.0497481],[3.7200451,51.0497661],[3.7200451,51.0497841],[3.7200451,51.0498021],[3.7200451,51.0498201],[3.7200451,51.0498381],[3.7200451,51.0498561],[3.7200451,51.0498741],[3.7200451,51.0498921],[3.7200451,51.0499101],[3.7200451,51.0499101],[3.7200451,51.0499101],[3.72,51.050018],[3.72,51.050036],[3.72,51.0500539],[3.72,51.0500719],[3.72,51.0500899],[3.72,51.0501079],[3.72,51.0501258],[3.72,51.0501438],[3.72,51.0501618],[3.72,51.0501798],[3.72,51.0501978],[3.72,51.0502157],[3.72,51.0502337],[3.72,51.0502517],[3.72,51.0502697],[3.72,51.0502876],[3.72,51.0503056],[3.72,51.0503236],[3.72,51.0503416],[3.72,51.0503596],[3.72,51.0503775],[3.72,51.0503955],[3.72,51.0504135],[3.72,51.0504315],[3.72,51.0504494],[3.72,51.0504674],[3.72,51.0504854],[3.72,51.0505034],[3.72,51.0505214],[3.72,51.0505393],[3.72,51.0505573],[3.72,51.0505753],[3.72,51.0505933],[3.72,51.0506112],[3.72,51.0506292],[3.72,51.0506472],[3.72,51.0506652],[3.72,51.0506832],[3.72,51.0507011],[3.72,51.0507191],[3.72,51.0507371],[3.72,51.0507551],[3.72,51.050773],[3.72,51.050791],[3.72,51.050809],[3.72,51.050827],[3.72,51.0508449],[3.72,51.0508629],[3.72,51.0508809],[3.72,51.0508989],[3.72,51.0509169],[3.72,51.0509348],[3.72,51.0509528],[3.72,51.0509708],[3.72,51.0509888],[3.72,51.0510067],[3.72,51.0510247],[3.72,51.0510427],[3.72,51.0510607],[3.72,51.0510787],[3.72,51.0510966],[3.72,51.0511146],[3.72,51.0511326],[3.72,51.0511506],[3.72,51.0511685],[3.72,51.0511865],[3.72,51.0512045],[3.72,51.0512225],[3.72,51.0512405],[3.72,51.0512584],[3.72,51.0512764],[3.72,51.0512944],[3.72,51.0513124],[3.72,51.0513303],[3.72,51.0513483],[3.72,51.0513663],[3.72,51.0513843],[3.72,51.0514023],[3.72,51.0514202],[3.72,51.0514382],[3.72,51.0514562],[3.72,51.0514742],[3.72,51.0514921],[3.72,51.0515101],[3.72,51.0515281],[3.72,51.0515461],[3.72,51.0515641],[3.72,51.051582],[3.72,51.0516],[3.72,51.051618],[3.72,51.051636],[3.72,51.0516539],[3.72,51.0516719],[3.72,51.0516899],[3.72,51.0517079],[3.72,51.0517259],[3.72,51.0517438],[3.72,51.0517618],[3.72,51.0517798],[3.72,51.0517978],[3.72,51.0518157],[3.72,51.0518337],[3.72,51.0518517],[3.72,51.0518697],[3.72,51.0518877],[3.72,51.0519056],[3.72,51.0519236],[3.72,51.0519416],[3.72,51.0519596],[3.72,51.0519775],[3.72,51.0519955],[3.72,51.0520135],[3.72,51.0520315],[3.72,51.0520495],[3.72,51.0520674],[3.72,51.0520854],[3.72,51.0521034],[3.72,51.0521214],[3.72,51.0521393],[3.72,51.0521573],[3.72,51.0521753],[3.72,51.0521933],[3.72,51.0522113],[3.72,51.0522292],[3.72,51.0522472],[3.72,51.0522652],[3.72,51.0522832],[3.72,51.0523011],[3.72,51.0523191],[3.72,51.0523371],[3.72,51.0523551],[3.72,51.052373],[3.72,51.052391],[3.72,51.052409],[3.72,51.052427],[3.72,51.052445],[3.72,51.0524629],[3.72,51.0524809],[3.72,51.0524989],[3.72,51.0525169],[3.72,51.0525348],[3.72,51.0525528],[3.72,51.0525708],[3.72,51.0525888],[3.72,51.0526068],[3.72,51.0526247],[3.72,51.0526427],[3.72,51.0526607],[3.72,51.0526787],[3.72,51.0526966],[3.72,51.0527146],[3.72,51.0527326],[3.72,51.0527506],[3.72,51.0527686],[3.72,51.0527865],[3.72,51.0528045],[3.72,51.0528225],[3.72,51.0528405],[3.72,51.0528584],[3.72,51.0528764],[3.72,51.0528944],[3.72,51.0529124],[3.72,51.0529304],[3.72,51.0529483],[3.72,51.0529663],[3.72,51.0529843],[3.72,51.0530023],[3.72,51.0530202],[3.72,51.0530382],[3.72,51.0530562],[3.72,51.0530742],[3.72,51.0530922],[3.72,51.0531101],[3.72,51.0531281],[3.72,51.0531461],[3.72,51.0531641],[3.72,51.053182],[3.72,51.0532],[3.72,51.053218],[3.72,51.053236],[3.72,51.053254],[3.72,51.0532719],[3.72,51.0532899],[3.72,51.0533079],[3.72,51.0533259],[3.72,51.0533438],[3.72,51.0533618],[3.72,51.0533798],[3.72,51.0533978],[3.72,51.0534158],[3.72,51.0534337],[3.72,51.0534517],[3.72,51.0534697],[3.72,51.0534877],[3.72,51.0535056],[3.72,51.0535236],[3.72,51.0535416],[3.72,51.0535596],[3.72,51.0535776],[3.72,51.0535955],[3.72,51.0536135],[3.72,51.0536315],[3.72,51.0536495],[3.72,51.0536674],[3.72,51.0536854],[3.72,51.0537034],[3.72,51.0537214],[3.72,51.0537394],[3.72,51.0537573],[3.72,51.0537753],[3.72,51.0537933],[3.72,51.0538113],[3.72,51.0538292],[3.72,51.0538472],[3.72,51.0538652],[3.72,51.0538832],[3.72,51.0539011],[3.72,51.0539191],[3.72,51.0539371],[3.72,51.0539551],[3.72,51.0539731],[3.72,51.053991],[3.72,51.054009],[3.72,51.054027],[3.72,51.054045],[3.72,51.0540629],[3.72,51.0540809],[3.72,51.0540989],[3.72,51.0541169],[3.72,51.0541349],[3.72,51.0541528],[3.72,51.0541708],[3.72,51.0541888],[3.72,51.0542068],[3.72,51.0542247],[3.72,51.0542427],[3.72,51.0542607],[3.72,51.0542787],[3.72,51.0542967],[3.72,51.0543146],[3.72,51.0543326],[3.72,51.0543506],[3.72,51.0543686],[3.72,51.0543865],[3.72,51.0544045],[3.72,51.0544225],[3.72,51.0544405],[3.72,51.0544585],[3.72,51.0544764],[3.72,51.0544944],[3.72,51.0545124],[3.72,51.0545304],[3.72,51.0545483],[3.72,51.0545663],[3.72,51.0545843],[3.72,51.0546023],[3.72,51.0546203],[3.72,51.0546382],[3.72,51.0546562],[3.72,51.0546742],[3.72,51.0546922],[3.72,51.0547101],[3.72,51.0547281],[3.72,51.0547461],[3.72,51.0547641],[3.72,51.0547821],[3.72,51.0548],[3.72,51.054818],[3.72,51.054836],[3.72,51.054854],[3.72,51.0548719],[3.72,51.0548899],[3.72,51.0549079],[3.72,51.0549259],[3.72,51.0549439],[3.72,51.0549618],[3.72,51.0549798],[3.72,51.0549978],[3.72,51.0550158],[3.72,51.0550337],[3.72,51.0550517],[3.72,51.0550697],[3.72,51.0550877],[3.72,51.0551057],[3.72,51.0551236],[3.72,51.0551416],[3.72,51.0551596],[3.72,51.0551776],[3.72,51.0551955],[3.72,51.0552135],[3.72,51.0552315],[3.72,51.0552495],[3.72,51.0552674],[3.72,51.0552854],[3.72,51.0553034],[3.72,51.0553214],[3.72,51.0553394],[3.72,51.0553573],[3.72,51.0553753],[3.72,51.0553933],[3.72,51.0554113],[3.72,51.0554292],[3.72,51.0554472],[3.72,51.0554652],[3.72,51.0554832],[3.72,51.0555012],[3.72,51.0555191],[3.72,51.0555371],[3.72,51.0555551],[3.72,51.0555731],[3.72,51.055591],[3.72,51.055609],[3.72,51.055627],[3.72,51.055645],[3.72,51.055663],[3.72,51.0556809],[3.72,51.0556989],[3.72,51.0557169],[3.72,51.0557349],[3.72,51.0557528],[3.72,51.0557708],[3.72,51.0557888],[3.72,51.0558068],[3.72,51.0558248],[3.72,51.0558427],[3.72,51.0558607],[3.72,51.0558787],[3.72,51.0558967],[3.72,51.0559146],[3.72,51.0559326],[3.72,51.0559506],[3.72,51.0559686],[3.72,51.0559866],[3.72,51.0560045],[3.72,51.0560225],[3.72,51.0560405],[3.72,51.0560585],[3.72,51.0560764],[3.72,51.0560944],[3.72,51.0561124],[3.72,51.0561304],[3.72,51.0561484],[3.72,51.0561663],[3.72,51.0561843],[3.72,51.0562023],[3.72,51.0562203],[3.72,51.0562382],[3.72,51.0562562],[3.72,51.0562742],[3.72,51.0562922],[3.72,51.0563102],[3.72,51.0563281],[3.72,51.0563461],[3.72,51.0563641],[3.72,51.0563821],[3.72,51.0564],[3.72,51.056418],[3.72,51.056436],[3.72,51.056454],[3.72,51.056472],[3.72,51.0564899],[3.72,51.0565079],[3.72,51.0565259],[3.72,51.0565439],[3.72,51.0565618],[3.72,51.0565798],[3.72,51.0565978],[3.72,51.0566158],[3.72,51.0566337],[3.72,51.0566517],[3.72,51.0566697],[3.72,51.0566877],[3.72,51.0567057],[3.72,51.0567236],[3.72,51.0567416],[3.72,51.0567596],[3.72,51.0567776],[3.72,51.0567955],[3.72,51.0568135],[3.72,51.0568315],[3.72,51.0568495],[3.72,51.0568675],[3.72,51.0568854],[3.72,51.0569034],[3.72,51.0569214],[3.72,51.0569394],[3.72,51.0569573],[3.72,51.0569753],[3.72,51.0569933],[3.72,51.0570113],[3.72,51.0570293],[3.72,51.0570472],[3.72,51.0570652],[3.72,51.0570832],[3.72,51.0571012],[3.72,51.0571191],[3.72,51.0571371],[3.72,51.0571551],[3.72,51.0571731],[3.72,51.0571911],[3.7200052,51.0572096],[3.7200154,51.0572273],[3.7200303,51.0572436],[3.7200495,51.057258],[3.7200724,51.0572701],[3.7200983,51.0572795],[3.7201264,51.057286],[3.7201558,51.0572892],[3.7201857,51.0572892]]}},{"type":"Feature","properties":{"highway":"residential","smoothness":"bad","surface":"sett","width":6},"geometry":{"type":"LineString","coordinates":[[3.7201857,51.0572892],[3.7202142,51.0572892],[3.7202427,51.0572892],[3.7202712,51.0572892],[3.7202998,51.0572892],[3.7203283,51.0572892],[3.7203568,51.0572892],[3.7203853,51.0572892],[3.7204139,51.0572892],[3.7204424,51.0572892],[3.7204709,51.0572892],[3.7204994,51.0572892],[3.720528,51.0572892],[3.7205565,51.0572892],[3.720585,51.0572892],[3.7206135,51.0572892],[3.7206421,51.0572892],[3.7206706,51.0572892],[3.7206991,51.0572892],[3.7207277,51.0572892],[3.7207562,51.0572892],[3.7207847,51.0572892],[3.7208132,51.0572892],[3.7208418,51.0572892],[3.7208703,51.0572892],[3.7208988,51.0572892],[3.7209273,51.0572892],[3.7209559,51.0572892],[3.7209844,51.0572892],[3.7210129,51.0572892],[3.7210414,51.0572892],[3.72107,51.0572892],[3.7210985,51.0572892],[3.721127,51.0572892],[3.7211555,51.0572892],[3.7211841,51.0572892],[3.7212126,51.0572892],[3.7212411,51.0572892],[3.7212697,51.0572892],[3.7212982,51.0572892],[3.7213267,51.0572892],[3.7213552,51.0572892],[3.7213838,51.0572892],[3.7214123,51.0572892],[3.7214408,51.0572892],[3.7214693,51.0572892],[3.7214979,51.0572892],[3.7215264,51.0572892],[3.7215549,51.0572892],[3.7215834,51.0572892],[3.721612,51.0572892],[3.7216405,51.0572892],[3.721669,51.0572892],[3.7216975,51.0572892],[3.7217261,51.0572892],[3.7217546,51.0572892],[3.7217831,51.0572892],[3.7218116,51.0572892],[3.7218402,51.0572892],[3.7218687,51.0572892],[3.7218972,51.0572892],[3.7219258,51.0572892],[3.7219543,51.0572892],[3.7219828,51.0572892],[3.7220113,51.0572892],[3.7220399,51.0572892],[3.7220684,51.0572892],[3.7220969,51.0572892],[3.7221254,51.0572892],[3.722154,51.0572892],[3.7221825,51.0572892],[3.722211,51.0572892],[3.7222395,51.0572892],[3.7222681,51.0572892],[3.7222966,51.0572892],[3.7223251,51.0572892],[3.7223536,51.0572892],[3.7223822,51.0572892],[3.7224107,51.0572892],[3.7224392,51.0572892],[3.7224677,51.0572892],[3.7224963,51.0572892],[3.7225248,51.0572892],[3.7225533,51.0572892],[3.7225819,51.0572892],[3.7226104,51.0572892],[3.7226389,51.0572892],[3.7226674,51.0572892],[3.722696,51.0572892],[3.7227245,51.0572892],[3.722753,51.0572892],[3.7227815,51.0572892],[3.7228101,51.0572892],[3.7228386,51.0572892],[3.7228671,51.0572892],[3.7228956,51.0572892],[3.7229242,51.0572892],[3.7229527,51.0572892],[3.7229812,51.0572892],[3.7230097,51.0572892],[3.7230383,51.0572892],[3.7230668,51.0572892],[3.7230953,51.0572892],[3.7231238,51.0572892],[3.7231524,51.0572892],[3.7231809,51.0572892],[3.7232094,51.0572892],[3.723238,51.0572892],[3.7232665,51.0572892],[3.723295,51.0572892],[3.7233235,51.0572892],[3.7233521,51.0572892],[3.7233806,51.0572892],[3.7234091,51.0572892],[3.7234376,51.0572892],[3.7234662,51.0572892],[3.7234947,51.0572892],[3.7235232,51.0572892],[3.7235517,51.0572892],[3.7235803,51.0572892],[3.7236088,51.0572892],[3.7236373,51.0572892],[3.7236658,51.0572892],[3.7236944,51.0572892],[3.7237229,51.0572892],[3.7237514,51.0572892],[3.7237799,51.0572892],[3.7238085,51.0572892],[3.723837,51.0572892],[3.7238655,51.0572892],[3.7238941,51.0572892],[3.7239226,51.0572892],[3.7239511,51.0572892],[3.7239796,51.0572892],[3.7240082,51.0572892],[3.7240367,51.0572892],[3.7240652,51.0572892],[3.7240937,51.0572892],[3.7241223,51.0572892],[3.7241508,51.0572892],[3.7241793,51.0572892],[3.7242078,51.0572892],[3.7242364,51.0572892],[3.7242649,51.0572892],[3.7242934,51.0572892],[3.7243219,51.0572892],[3.7243505,51.0572892],[3.724379,51.0572892],[3.7244075,51.0572892],[3.724436,51.0572892],[3.7244646,51.0572891],[3.7244931,51.0572891],[3.7245216,51.0572891],[3.7245502,51.0572891],[3.7245787,51.0572891],[3.7246072,51.0572891],[3.7246357,51.0572891],[3.7246643,51.0572891],[3.7246928,51.0572891],[3.7247213,51.0572891],[3.7247498,51.0572891],[3.7247784,51.0572891],[3.7248069,51.0572891],[3.7248354,51.0572891],[3.7248639,51.0572891],[3.7248925,51.0572891],[3.724921,51.0572891],[3.7249495,51.0572891],[3.724978,51.0572891],[3.7250066,51.0572891],[3.7250351,51.0572891],[3.7250636,51.0572891],[3.7250921,51.0572891],[3.7251207,51.0572891],[3.7251492,51.0572891],[3.7251777,51.0572891],[3.7252063,51.0572891],[3.7252348,51.0572891],[3.7252633,51.0572891],[3.7252918,51.0572891],[3.7253204,51.0572891],[3.7253489,51.0572891],[3.7253774,51.0572891],[3.7254059,51.0572891],[3.7254345,51.0572891],[3.725463,51.0572891],[3.7254915,51.0572891],[3.72552,51.0572891],[3.7255486,51.0572891],[3.7255771,51.0572891],[3.7256056,51.0572891],[3.7256341,51.0572891],[3.7256627,51.0572891],[3.7256912,51.0572891],[3.7257197,51.0572891],[3.7257483,51.0572891],[3.7257768,51.0572891],[3.7258053,51.0572891],[3.7258338,51.0572891],[3.7258624,51.0572891],[3.7258909,51.0572891],[3.7259194,51.0572891],[3.7259479,51.0572891],[3.7259765,51.0572891],[3.726005,51.0572891],[3.7260335,51.0572891],[3.726062,51.0572891],[3.7260906,51.0572891],[3.7261191,51.0572891],[3.7261476,51.0572891],[3.7261761,51.0572891],[3.7262047,51.0572891],[3.7262332,51.0572891],[3.7262617,51.0572891],[3.7262902,51.0572891],[3.7263188,51.0572891],[3.7263473,51.0572891],[3.7263758,51.0572891],[3.7264044,51.0572891],[3.7264329,51.0572891],[3.7264614,51.0572891],[3.7264899,51.0572891],[3.7265185,51.0572891],[3.726547,51.0572891],[3.7265755,51.0572891],[3.726604,51.057289],[3.7266326,51.057289],[3.7266611,51.057289],[3.7266896,51.057289],[3.7267181,51.057289],[3.7267467,51.057289],[3.7267752,51.057289],[3.7268037,51.057289],[3.7268322,51.057289],[3.7268608,51.057289],[3.7268893,51.057289],[3.7269178,51.057289],[3.7269463,51.057289],[3.7269749,51.057289],[3.7270034,51.057289],[3.7270319,51.057289],[3.7270605,51.057289],[3.727089,51.057289],[3.7271175,51.057289],[3.727146,51.057289],[3.7271746,51.057289],[3.7272031,51.057289],[3.7272316,51.057289],[3.7272601,51.057289],[3.7272887,51.057289],[3.7273172,51.057289],[3.7273457,51.057289],[3.7273742,51.057289],[3.7274028,51.057289],[3.7274313,51.057289],[3.7274598,51.057289],[3.7274883,51.057289],[3.7275169,51.057289],[3.7275454,51.057289],[3.7275739,51.057289],[3.7276024,51.057289],[3.727631,51.057289],[3.7276595,51.057289],[3.727688,51.057289],[3.7277166,51.057289],[3.7277451,51.057289],[3.7277736,51.057289],[3.7278021,51.057289],[3.7278307,51.057289],[3.7278592,51.057289],[3.7278877,51.057289],[3.7279162,51.057289],[3.7279448,51.057289],[3.7279733,51.057289],[3.7280018,51.057289],[3.7280303,51.057289],[3.7280589,51.057289],[3.7280874,51.057289],[3.7281159,51.057289],[3.7281444,51.057289],[3.728173,51.0572889],[3.7282015,51.0572889],[3.72823,51.0572889],[3.7282585,51.0572889],[3.7282871,51.0572889],[3.7283156,51.0572889],[3.7283441,51.0572889],[3.7283727,51.0572889],[3.7284012,51.0572889],[3.7284297,51.0572889],[3.7284582,51.0572889],[3.7284868,51.0572889],[3.7285153,51.0572889],[3.7285438,51.0572889],[3.7285723,51.0572889],[3.7286009,51.0572889],[3.7286294,51.0572889],[3.7286579,51.0572889],[3.7286864,51.0572889],[3.728715,51.0572889],[3.7287435,51.0572889],[3.7287747,51.0572934],[3.7288035,51.0573021],[3.7288286,51.0573147],[3.7288485,51.0573305],[3.7288624,51.0573487],[3.7288695,51.0573683],[3.7288695,51.0573885],[3.7288695,51.0574065],[3.7288695,51.0574244],[3.7288696,51.0574424],[3.7288696,51.0574604],[3.7288696,51.0574784],[3.7288696,51.0574964],[3.7288696,51.0575143],[3.7288696,51.0575323],[3.7288696,51.0575503],[3.7288696,51.0575683],[3.7288696,51.0575862],[3.7288696,51.0576042],[3.7288696,51.0576222],[3.7288696,51.0576402],[3.7288696,51.0576582],[3.7288696,51.0576761],[3.7288696,51.0576941],[3.7288696,51.0577121],[3.7288696,51.0577301],[3.7288696,51.057748],[3.7288696,51.057766],[3.7288696,51.057784],[3.7288696,51.057802],[3.7288696,51.05782],[3.7288696,51.0578379],[3.7288696,51.0578559],[3.7288696,51.0578739],[3.7288696,51.0578919],[3.7288696,51.0579098],[3.7288696,51.0579278],[3.7288696,51.0579458],[3.7288696,51.0579638],[3.7288697,51.0579818],[3.7288697,51.0579997],[3.7288697,51.0580177],[3.7288697,51.0580357],[3.7288697,51.0580537],[3.7288697,51.0580716],[3.7288697,51.0580896],[3.7288697,51.0581076],[3.7288697,51.0581256],[3.7288697,51.0581436],[3.7288697,51.0581615],[3.7288697,51.0581795],[3.7288697,51.0581975],[3.7288697,51.0582155],[3.7288697,51.0582334],[3.7288697,51.0582514],[3.7288697,51.0582694],[3.7288697,51.0582874],[3.7288697,51.0583054],[3.7288697,51.0583233],[3.7288697,51.0583413],[3.7288697,51.0583593],[3.7288697,51.0583773],[3.7288697,51.0583952],[3.7288697,51.0584132],[3.7288697,51.0584312],[3.7288697,51.0584492],[3.7288697,51.0584672],[3.7288697,51.0584851],[3.7288698,51.0585031],[3.7288698,51.0585211],[3.7288698,51.0585391],[3.7288698,51.058557],[3.7288698,51.058575],[3.7288698,51.058593],[3.7288698,51.058611],[3.7288698,51.058629],[3.7288698,51.0586469],[3.7288698,51.0586649],[3.7288698,51.0586829],[3.7288698,51.0587009],[3.7288698,51.0587188],[3.7288698,51.0587368],[3.7288698,51.0587548],[3.7288698,51.0587728],[3.7288698,51.0587907],[3.7288698,51.0588087],[3.7288698,51.0588267],[3.7288698,51.0588447],[3.7288698,51.0588627],[3.7288698,51.0588806],[3.7288698,51.0588986],[3.7288698,51.0589166],[3.7288698,51.0589346],[3.7288698,51.0589525],[3.7288698,51.0589705],[3.7288698,51.0589885],[3.7288698,51.0590065],[3.7288699,51.0590245],[3.7288699,51.0590424],[3.7288699,51.0590604],[3.7288699,51.0590784],[3.7288699,51.0590964],[3.7288699,51.0591143],[3.7288699,51.0591323],[3.7288699,51.0591503],[3.7288699,51.0591683],[3.7288699,51.0591863],[3.7288699,51.0592042],[3.7288699,51.0592222],[3.7288699,51.0592402],[3.7288699,51.0592582],[3.7288699,51.0592761],[3.7288699,51.0592941],[3.7288699,51.0593121],[3.7288699,51.0593301],[3.7288699,51.0593481],[3.7288699,51.059366],[3.7288699,51.059384],[3.7288699,51.059402],[3.7288699,51.05942],[3.7288699,51.0594379],[3.7288699,51.0594559],[3.7288699,51.0594739],[3.7288699,51.0594919],[3.7288699,51.0595099],[3.7288699,51.0595278],[3.72887,51.0595458],[3.72887,51.0595638],[3.72887,51.0595818],[3.72887,51.0595997],[3.72887,51.0596177],[3.72887,51.0596357],[3.72887,51.0596537],[3.72887,51.0596717],[3.72887,51.0596896],[3.72887,51.0597076],[3.72887,51.0597256],[3.72887,51.0597436],[3.72887,51.0597615],[3.72887,51.0597795],[3.72887,51.0597975],[3.72887,51.0598155],[3.72887,51.0598335],[3.72887,51.0598514],[3.72887,51.0598694],[3.72887,51.0598874],[3.72887,51.0599054],[3.72887,51.0599233],[3.72887,51.0599413],[3.72887,51.0599593],[3.72887,51.0599773],[3.72887,51.0599953],[3.72887,51.0600132],[3.72887,51.0600312],[3.72887,51.0600492],[3.7288701,51.0600672],[3.7288701,51.0600851],[3.7288701,51.0601031],[3.7288701,51.0601211],[3.7288701,51.0601391],[3.7288701,51.060157],[3.7288701,51.060175],[3.7288701,51.060193],[3.7288701,51.060211],[3.7288701,51.060229],[3.7288701,51.0602469],[3.7288701,51.0602649],[3.7288701,51.0602829],[3.7288701,51.0603009],[3.7288701,51.0603188],[3.7288701,51.0603368],[3.7288701,51.0603548],[3.7288701,51.0603728],[3.7288701,51.0603908],[3.7288701,51.0604087],[3.7288701,51.0604267],[3.7288701,51.0604447],[3.7288701,51.0604627],[3.7288701,51.0604806],[3.7288701,51.0604986],[3.7288701,51.0605166],[3.7288701,51.0605346],[3.7288701,51.0605526],[3.7288701,51.0605705],[3.7288702,51.0605885],[3.7288702,51.0606065],[3.7288702,51.0606245],[3.7288702,51.0606424],[3.7288702,51.0606604],[3.7288702,51.0606784],[3.7288702,51.0606964],[3.7288702,51.0607144],[3.7288702,51.0607323],[3.7288702,51.0607503],[3.7288702,51.0607683],[3.7288702,51.0607863],[3.7288702,51.0608042],[3.7288702,51.0608222],[3.7288702,51.0608402],[3.7288702,51.0608582],[3.7288702,51.0608762],[3.7288702,51.0608941],[3.7288702,51.0609121],[3.7288702,51.0609301],[3.7288702,51.0609481],[3.7288702,51.060966],[3.7288702,51.060984],[3.7288702,51.061002],[3.7288702,51.06102],[3.7288702,51.061038],[3.7288702,51.0610559],[3.7288702,51.0610739],[3.7288702,51.0610919],[3.7288703,51.0611099],[3.7288703,51.0611278],[3.7288703,51.0611458],[3.7288703,51.0611638],[3.7288703,51.0611818],[3.7288703,51.0611998],[3.7288703,51.0612177],[3.7288703,51.0612357],[3.7288703,51.0612537],[3.7288703,51.0612717],[3.7288703,51.0612896],[3.7288703,51.0613076],[3.7288703,51.0613256],[3.7288703,51.0613436],[3.7288703,51.0613615],[3.7288703,51.0613795],[3.7288703,51.0613975],[3.7288703,51.0614155],[3.7288703,51.0614335],[3.7288703,51.0614514],[3.7288703,51.0614694],[3.7288703,51.0614874],[3.7288703,51.0615054],[3.7288703,51.0615233],[3.7288703,51.0615413],[3.7288703,51.0615593],[3.7288703,51.0615773],[3.7288703,51.0615953],[3.7288703,51.0616132],[3.7288704,51.0616312],[3.7288704,51.0616492],[3.7288704,51.0616672],[3.7288704,51.0616851],[3.7288704,51.0617031],[3.7288704,51.0617211],[3.7288704,51.0617391],[3.7288704,51.0617571],[3.7288704,51.061775],[3.7288704,51.061793],[3.7288704,51.061811],[3.7288704,51.061829],[3.7288704,51.0618469],[3.7288704,51.0618649],[3.7288704,51.0618829]]}},{"type":"Feature","properties":{"highway":"residential","smoothness":"good","surface":"asphalt","width":7},"geometry":{"type":"LineString","coordinates":[[3.7288704,51.0618829],[3.7288748,51.061902],[3.7288834,51.0619204],[3.7288961,51.0619379],[3.7289126,51.0619541],[3.7289326,51.0619687],[3.7289557,51.0619813],[3.7289814,51.0619917],[3.7290092,51.0619997],[3.7290385,51.0620051],[3.7290687,51.0620079],[3.7290993,51.0620079],[3.7291278,51.0620079],[3.7291564,51.0620079],[3.7291849,51.0620079],[3.7292134,51.0620078],[3.7292419,51.0620078],[3.7292705,51.0620078],[3.729299,51.0620078],[3.7293275,51.0620078],[3.7293561,51.0620078],[3.7293846,51.0620078],[3.7294131,51.0620078],[3.7294417,51.0620078],[3.7294702,51.0620078],[3.7294987,51.0620078],[3.7295272,51.0620078],[3.7295558,51.0620078],[3.7295843,51.0620078],[3.7296128,51.0620078],[3.7296414,51.0620078],[3.7296699,51.0620078],[3.7296984,51.0620078],[3.7297269,51.0620078],[3.7297555,51.0620078],[3.729784,51.0620078],[3.7298125,51.0620078],[3.7298411,51.0620078],[3.7298696,51.0620078],[3.7298981,51.0620078],[3.7299266,51.0620078],[3.7299552,51.0620078],[3.7299837,51.0620078],[3.7300122,51.0620078],[3.7300408,51.0620078],[3.7300693,51.0620078],[3.7300978,51.0620078],[3.7301263,51.0620078],[3.7301549,51.0620078],[3.7301834,51.0620078],[3.7302119,51.0620078],[3.7302405,51.0620078],[3.730269,51.0620078],[3.7302975,51.0620078],[3.7303261,51.0620078],[3.7303546,51.0620078],[3.7303831,51.0620078],[3.7304116,51.0620077],[3.7304402,51.0620077],[3.7304687,51.0620077],[3.7304972,51.0620077],[3.7305258,51.0620077],[3.7305543,51.0620077],[3.7305828,51.0620077],[3.7306113,51.0620077],[3.7306399,51.0620077],[3.7306684,51.0620077],[3.7306969,51.0620077],[3.7307255,51.0620077],[3.730754,51.0620077],[3.7307825,51.0620077],[3.730811,51.0620077],[3.7308396,51.0620077],[3.7308681,51.0620077],[3.7308966,51.0620077],[3.7309252,51.0620077],[3.7309537,51.0620077],[3.7309822,51.0620077],[3.7310107,51.0620077],[3.7310393,51.0620077],[3.7310678,51.0620077],[3.7310963,51.0620077],[3.7311249,51.0620077],[3.7311534,51.0620077],[3.7311819,51.0620077],[3.7312105,51.0620077],[3.731239,51.0620077],[3.7312675,51.0620077],[3.731296,51.0620077],[3.7313246,51.0620077],[3.7313531,51.0620077],[3.7313816,51.0620077],[3.7314102,51.0620077],[3.7314387,51.0620077],[3.7314672,51.0620077],[3.7314957,51.0620076],[3.7315243,51.0620076],[3.7315528,51.0620076],[3.7315813,51.0620076],[3.7316099,51.0620076],[3.7316384,51.0620076],[3.7316669,51.0620076],[3.7316954,51.0620076],[3.731724,51.0620076],[3.7317525,51.0620076],[3.731781,51.0620076],[3.7318096,51.0620076],[3.7318381,51.0620076],[3.7318666,51.0620076],[3.7318951,51.0620076],[3.7319237,51.0620076],[3.7319522,51.0620076],[3.7319807,51.0620076],[3.7320093,51.0620076],[3.7320378,51.0620076],[3.7320663,51.0620076],[3.7320949,51.0620076],[3.7321234,51.0620076],[3.7321519,51.0620076],[3.7321804,51.0620076],[3.732209,51.0620076],[3.7322375,51.0620076],[3.732266,51.0620076],[3.7322946,51.0620076],[3.7323231,51.0620076],[3.7323516,51.0620076],[3.7323801,51.0620076],[3.7324087,51.0620076],[3.7324372,51.0620076],[3.7324657,51.0620075],[3.7324943,51.0620075],[3.7325228,51.0620075],[3.7325513,51.0620075],[3.7325798,51.0620075],[3.7326084,51.0620075],[3.7326369,51.0620075],[3.7326654,51.0620075],[3.732694,51.0620075],[3.7327225,51.0620075],[3.732751,51.0620075],[3.7327795,51.0620075],[3.7328081,51.0620075],[3.7328366,51.0620075],[3.7328651,51.0620075],[3.7328937,51.0620075],[3.7329222,51.0620075],[3.7329507,51.0620075],[3.7329792,51.0620075],[3.7330078,51.0620075],[3.7330363,51.0620075],[3.7330648,51.0620075],[3.7330934,51.0620075],[3.7331219,51.0620075],[3.7331504,51.0620075],[3.733179,51.0620075],[3.7332075,51.0620075],[3.733236,51.0620075],[3.7332645,51.0620075],[3.7332931,51.0620075],[3.7333216,51.0620075],[3.7333501,51.0620075],[3.7333787,51.0620074],[3.7334072,51.0620074],[3.7334357,51.0620074],[3.7334642,51.0620074],[3.7334928,51.0620074],[3.7335213,51.0620074],[3.7335498,51.0620074],[3.7335784,51.0620074],[3.7336069,51.0620074],[3.7336354,51.0620074],[3.7336639,51.0620074],[3.7336925,51.0620074],[3.733721,51.0620074],[3.7337495,51.0620074],[3.7337781,51.0620074],[3.7338066,51.0620074],[3.7338351,51.0620074],[3.7338636,51.0620074],[3.7338922,51.0620074],[3.7339207,51.0620074],[3.7339492,51.0620074],[3.7339778,51.0620074],[3.7340063,51.0620074],[3.7340348,51.0620074],[3.7340634,51.0620074],[3.7340919,51.0620074],[3.7341204,51.0620074],[3.7341489,51.0620074],[3.7341775,51.0620074],[3.734206,51.0620073],[3.7342345,51.0620073],[3.7342631,51.0620073],[3.7342916,51.0620073],[3.7343201,51.0620073],[3.7343486,51.0620073],[3.7343772,51.0620073],[3.7344057,51.0620073],[3.7344342,51.0620073],[3.7344628,51.0620073],[3.7344913,51.0620073],[3.7345198,51.0620073],[3.7345483,51.0620073],[3.7345769,51.0620073],[3.7346054,51.0620073],[3.7346339,51.0620073],[3.7346625,51.0620073],[3.734691,51.0620073],[3.7347195,51.0620073],[3.734748,51.0620073],[3.7347766,51.0620073],[3.7348051,51.0620073]]}},{"type":"Feature","properties":{"bridge":"yes","highway":"secondary","layer":1,"smoothness":"good","surface":"asphalt","width":8},"geometry":{"type":"LineString","coordinates":[[3.7348051,51.0620073],[3.7348336,51.0620073],[3.7348622,51.0620073],[3.7348907,51.0620073],[3.7349192,51.0620073],[3.7349478,51.0620073],[3.7349763,51.0620073],[3.7350048,51.0620072],[3.7350333,51.0620072],[3.7350619,51.0620072],[3.7350904,51.0620072],[3.7351189,51.0620072],[3.7351475,51.0620072],[3.735176,51.0620072],[3.7352045,51.0620072],[3.735233,51.0620072],[3.7352616,51.0620072],[3.7352901,51.0620072],[3.7353186,51.0620072],[3.7353472,51.0620072],[3.7353757,51.0620072],[3.7354042,51.0620072],[3.7354327,51.0620072],[3.7354613,51.0620072],[3.7354898,51.0620072],[3.7355183,51.0620072],[3.7355469,51.0620072],[3.7355754,51.0620072],[3.7356039,51.0620072],[3.7356324,51.0620072],[3.735661,51.0620072],[3.7356895,51.0620072],[3.735718,51.0620072],[3.7357466,51.0620072],[3.7357751,51.0620071],[3.7358036,51.0620071],[3.7358322,51.0620071],[3.7358607,51.0620071],[3.7358892,51.0620071],[3.7359177,51.0620071],[3.7359463,51.0620071]]}},{"type":"Feature","properties":{"highway":"residential","smoothness":"good","surface":"asphalt","width":7},"geometry":{"type":"LineString","coordinates":[[3.7359463,51.0620071],[3.7359748,51.0620071],[3.7360033,51.0620071],[3.7360319,51.0620071],[3.7360604,51.0620071],[3.7360889,51.0620071],[3.7361174,51.0620071],[3.736146,51.0620071],[3.7361745,51.0620071],[3.736203,51.0620071],[3.7362316,51.0620071],[3.7362601,51.0620071],[3.7362886,51.0620071],[3.7363171,51.0620071],[3.7363457,51.0620071],[3.7363742,51.0620071],[3.7364027,51.0620071],[3.7364313,51.0620071],[3.7364598,51.0620071],[3.7364883,51.062007],[3.7365168,51.062007],[3.7365454,51.062007],[3.7365739,51.062007],[3.7366024,51.062007],[3.736631,51.062007],[3.7366595,51.062007],[3.736688,51.062007],[3.7367166,51.062007],[3.7367451,51.062007],[3.7367736,51.062007],[3.7368021,51.062007],[3.7368307,51.062007],[3.7368592,51.062007],[3.7368877,51.062007],[3.7369163,51.062007],[3.7369448,51.062007],[3.7369733,51.062007],[3.7370018,51.062007],[3.7370304,51.062007],[3.7370589,51.062007],[3.7370874,51.062007],[3.737116,51.062007],[3.7371445,51.062007],[3.737173,51.062007],[3.7372015,51.0620069],[3.7372301,51.0620069],[3.7372586,51.0620069],[3.7372871,51.0620069],[3.7373157,51.0620069],[3.7373442,51.0620069],[3.7373727,51.0620069],[3.7374012,51.0620069],[3.7374298,51.0620069],[3.7374583,51.0620069],[3.7374868,51.0620069],[3.7375154,51.0620069],[3.7375439,51.0620069],[3.7375724,51.0620069],[3.7376009,51.0620069],[3.7376295,51.0620069],[3.737658,51.0620069],[3.7376865,51.0620069],[3.7377151,51.0620069],[3.7377436,51.0620069],[3.7377721,51.0620069],[3.7378007,51.0620069],[3.7378292,51.0620069],[3.7378577,51.0620068],[3.7378862,51.0620068],[3.7379148,51.0620068],[3.7379433,51.0620068],[3.7379718,51.0620068],[3.7380004,51.0620068],[3.7380289,51.0620068],[3.7380574,51.0620068],[3.7380859,51.0620068],[3.7381145,51.0620068],[3.738143,51.0620068],[3.7381715,51.0620068],[3.7382001,51.0620068],[3.7382286,51.0620068],[3.7382571,51.0620068],[3.7382856,51.0620068],[3.7383142,51.0620068],[3.7383427,51.0620068],[3.7383712,51.0620068],[3.7383998,51.0620068],[3.7384283,51.0620068],[3.7384568,51.0620068],[3.7384853,51.0620068],[3.7385139,51.0620067],[3.7385424,51.0620067],[3.7385709,51.0620067],[3.7385995,51.0620067],[3.738628,51.0620067],[3.7386565,51.0620067],[3.7386851,51.0620067],[3.7387136,51.0620067],[3.7387421,51.0620067],[3.7387706,51.0620067],[3.7387992,51.0620067],[3.7388277,51.0620067],[3.7388562,51.0620067],[3.7388848,51.0620067],[3.7389133,51.0620067],[3.7389418,51.0620067],[3.7389703,51.0620067],[3.7389989,51.0620067],[3.7390274,51.0620067],[3.7390559,51.0620067],[3.7390845,51.0620067],[3.739113,51.0620066],[3.7391415,51.0620066],[3.73917,51.0620066],[3.7391986,51.0620066],[3.7392271,51.0620066],[3.7392556,51.0620066],[3.7392842,51.0620066],[3.7393127,51.0620066],[3.7393412,51.0620066],[3.7393697,51.0620066],[3.7393983,51.0620066],[3.7394268,51.0620066],[3.7394553,51.0620066],[3.7394839,51.0620066],[3.7395124,51.0620066],[3.7395409,51.0620066],[3.7395695,51.0620066],[3.739598,51.0620066],[3.7396265,51.0620066],[3.739655,51.0620066],[3.7396836,51.0620066],[3.7397121,51.0620066],[3.7397406,51.0620065],[3.7397692,51.0620065],[3.7397977,51.0620065],[3.7398262,51.0620065],[3.7398547,51.0620065],[3.7398833,51.0620065],[3.7399118,51.0620065],[3.7399403,51.0620065],[3.7399689,51.0620065],[3.7399974,51.0620065],[3.7400259,51.0620065],[3.7400544,51.0620065],[3.740083,51.0620065],[3.7401115,51.0620065],[3.74014,51.0620065],[3.7401686,51.0620065],[3.7401971,51.0620065],[3.7402256,51.0620065],[3.7402541,51.0620065],[3.7402827,51.0620065],[3.7403112,51.0620064],[3.7403397,51.0620064],[3.7403683,51.0620064],[3.7403968,51.0620064],[3.7404253,51.0620064],[3.7404539,51.0620064],[3.7404824,51.0620064],[3.7405109,51.0620064],[3.7405394,51.0620064],[3.740568,51.0620064],[3.7405965,51.0620064],[3.740625,51.0620064],[3.7406536,51.0620064],[3.7406821,51.0620064],[3.7407106,51.0620064],[3.7407391,51.0620064],[3.7407677,51.0620064],[3.7407962,51.0620064],[3.7408247,51.0620064],[3.7408533,51.0620064],[3.7408818,51.0620063],[3.7409103,51.0620063],[3.7409388,51.0620063],[3.7409674,51.0620063],[3.7409959,51.0620063],[3.7410244,51.0620063],[3.741053,51.0620063],[3.7410815,51.0620063],[3.74111,51.0620063],[3.7411385,51.0620063],[3.7411671,51.0620063],[3.7411956,51.0620063],[3.7412241,51.0620063],[3.7412527,51.0620063],[3.7412812,51.0620063],[3.7413097,51.0620063],[3.7413383,51.0620063],[3.7413668,51.0620063],[3.7413953,51.0620063],[3.7414238,51.0620062],[3.7414524,51.0620062],[3.7414809,51.0620062],[3.7415094,51.0620062],[3.741538,51.0620062],[3.7415665,51.0620062],[3.741595,51.0620062],[3.7416235,51.0620062],[3.7416521,51.0620062],[3.7416806,51.0620062],[3.7417091,51.0620062],[3.7417377,51.0620062],[3.7417662,51.0620062],[3.7417947,51.0620062],[3.7418232,51.0620062],[3.7418518,51.0620062],[3.7418803,51.0620062],[3.7419088,51.0620062],[3.7419374,51.0620062],[3.7419659,51.0620061],[3.7419944,51.0620061],[3.7420229,51.0620061],[3.7420515,51.0620061],[3.74208,51.0620061],[3.7421085,51.0620061],[3.7421371,51.0620061],[3.7421656,51.0620061],[3.7421941,51.0620061],[3.7422226,51.0620061],[3.7422512,51.0620061],[3.7422797,51.0620061],[3.7423082,51.0620061],[3.7423368,51.0620061],[3.7423653,51.0620061],[3.7423938,51.0620061],[3.7424224,51.0620061],[3.7424509,51.0620061],[3.7424794,51.0620061],[3.7425079,51.062006],[3.7425365,51.062006],[3.742565,51.062006],[3.7425935,51.062006],[3.7426221,51.062006],[3.7426506,51.062006],[3.7426791,51.062006],[3.7427076,51.062006],[3.7427362,51.062006],[3.7427647,51.062006],[3.7427932,51.062006],[3.7428218,51.062006],[3.7428503,51.062006],[3.7428788,51.062006],[3.7429073,51.062006],[3.7429359,51.062006],[3.7429644,51.062006],[3.7429929,51.062006],[3.7430215,51.0620059],[3.74305,51.0620059],[3.7430785,51.0620059],[3.743107,51.0620059],[3.7431356,51.0620059],[3.7431641,51.0620059],[3.7431926,51.0620059],[3.7432212,51.0620059],[3.7432497,51.0620059],[3.7432782,51.0620059],[3.7433068,51.0620059],[3.7433353,51.0620059],[3.7433638,51.0620059],[3.7433923,51.0620059],[3.7434209,51.0620059],[3.7434494,51.0620059],[3.7434779,51.0620059],[3.7435065,51.0620058],[3.743535,51.0620058],[3.7435635,51.0620058],[3.743592,51.0620058],[3.7436206,51.0620058],[3.7436491,51.0620058],[3.7436776,51.0620058],[3.7437062,51.0620058],[3.7437347,51.0620058],[3.7437632,51.0620058],[3.7437917,51.0620058],[3.7438203,51.0620058],[3.7438488,51.0620058],[3.7438773,51.0620058],[3.7439059,51.0620058],[3.7439344,51.0620058],[3.7439629,51.0620058],[3.7439914,51.0620058],[3.74402,51.0620057],[3.7440485,51.0620057],[3.744077,51.0620057],[3.7441056,51.0620057],[3.7441341,51.0620057],[3.7441626,51.0620057],[3.7441912,51.0620057],[3.7442197,51.0620057],[3.7442482,51.0620057],[3.7442767,51.0620057],[3.7443053,51.0620057],[3.7443338,51.0620057],[3.7443623,51.0620057],[3.7443909,51.0620057],[3.7444194,51.0620057],[3.7444479,51.0620057],[3.7444764,51.0620056],[3.744505,51.0620056],[3.7445335,51.0620056],[3.744562,51.0620056],[3.7445906,51.0620056],[3.7446191,51.0620056],[3.7446476,51.0620056],[3.7446761,51.0620056],[3.7447047,51.0620056],[3.7447332,51.0620056],[3.7447617,51.0620056],[3.7447903,51.0620056],[3.7448188,51.0620056],[3.7448473,51.0620056],[3.7448758,51.0620056],[3.7449044,51.0620056],[3.7449329,51.0620056],[3.7449614,51.0620055],[3.74499,51.0620055],[3.7450185,51.0620055],[3.745047,51.0620055],[3.7450756,51.0620055],[3.7451041,51.0620055],[3.7451326,51.0620055],[3.7451611,51.0620055],[3.7451897,51.0620055],[3.7452182,51.0620055],[3.7452467,51.0620055],[3.7452753,51.0620055],[3.7453038,51.0620055],[3.7453323,51.0620055],[3.7453608,51.0620055],[3.7453894,51.0620055],[3.7454179,51.0620054],[3.7454464,51.0620054],[3.745475,51.0620054],[3.7455035,51.0620054],[3.745532,51.0620054],[3.7455605,51.0620054],[3.7455891,51.0620054],[3.7456176,51.0620054],[3.7456461,51.0620054],[3.7456747,51.0620054],[3.7457032,51.0620054],[3.7457317,51.0620054],[3.7457602,51.0620054],[3.7457888,51.0620054],[3.7458173,51.0620054],[3.7458458,51.0620054],[3.7458744,51.0620053],[3.7459029,51.0620053],[3.7459314,51.0620053],[3.7459599,51.0620053],[3.7459885,51.0620053],[3.746017,51.0620053],[3.7460455,51.0620053],[3.7460741,51.0620053],[3.7461026,51.0620053],[3.7461311,51.0620053],[3.7461597,51.0620053],[3.7461882,51.0620053],[3.7462167,51.0620053],[3.7462452,51.0620053],[3.7462738,51.0620053],[3.7463023,51.0620053],[3.7463308,51.0620052],[3.7463594,51.0620052],[3.7463879,51.0620052],[3.7464164,51.0620052],[3.7464449,51.0620052],[3.7464735,51.0620052],[3.746502,51.0620052],[3.7465305,51.0620052],[3.7465591,51.0620052],[3.7465876,51.0620052],[3.7466161,51.0620052],[3.7466446,51.0620052],[3.7466732,51.0620052],[3.7467017,51.0620052],[3.7467302,51.0620052],[3.7467588,51.0620051],[3.7467873,51.0620051],[3.7468158,51.0620051],[3.7468443,51.0620051],[3.7468729,51.0620051],[3.7469014,51.0620051],[3.7469299,51.0620051],[3.7469585,51.0620051],[3.746987,51.0620051],[3.7470155,51.0620051],[3.7470441,51.0620051],[3.7470726,51.0620051],[3.7471011,51.0620051],[3.7471296,51.0620051],[3.7471582,51.0620051],[3.7471867,51.0620051],[3.7472152,51.062005],[3.7472438,51.062005],[3.7472723,51.062005],[3.7473008,51.062005],[3.7473293,51.062005],[3.7473579,51.062005],[3.7473864,51.062005],[3.7474149,51.062005],[3.7474435,51.062005],[3.747472,51.062005],[3.7475005,51.062005],[3.747529,51.062005],[3.7475576,51.062005],[3.7475861,51.062005],[3.7476146,51.062005],[3.7476432,51.0620049],[3.7476717,51.0620049],[3.7477002,51.0620049],[3.7477287,51.0620049],[3.7477573,51.0620049],[3.7477858,51.0620049],[3.7478143,51.0620049],[3.7478429,51.0620049],[3.7478714,51.0620049],[3.7478999,51.0620049],[3.7479285,51.0620049],[3.747957,51.0620049],[3.7479855,51.0620049],[3.748014,51.0620049],[3.7480426,51.0620048],[3.7480711,51.0620048],[3.7480996,51.0620048],[3.7481282,51.0620048],[3.7481567,51.0620048],[3.7481852,51.0620048],[3.7482137,51.0620048],[3.7482423,51.0620048],[3.7482708,51.0620048],[3.7482993,51.0620048],[3.7483279,51.0620048],[3.7483564,51.0620048],[3.7483849,51.0620048],[3.7484134,51.0620048],[3.748442,51.0620048],[3.7484705,51.0620047],[3.748499,51.0620047],[3.7485276,51.0620047],[3.7485561,51.0620047],[3.7485846,51.0620047],[3.7486131,51.0620047],[3.7486417,51.0620047],[3.7486702,51.0620047],[3.7486987,51.0620047],[3.7487273,51.0620047],[3.7487558,51.0620047],[3.7487843,51.0620047],[3.7488129,51.0620047],[3.7488414,51.0620047],[3.7488699,51.0620046],[3.7488984,51.0620046],[3.748927,51.0620046],[3.7489555,51.0620046],[3.748984,51.0620046],[3.7490126,51.0620046],[3.7490411,51.0620046],[3.7490696,51.0620046],[3.7490981,51.0620046],[3.7491267,51.0620046],[3.7491552,51.0620046],[3.7491837,51.0620046],[3.7492123,51.0620046],[3.7492408,51.0620046],[3.7492693,51.0620045],[3.7492978,51.0620045],[3.7493264,51.0620045],[3.7493549,51.0620045],[3.7493834,51.0620045],[3.749412,51.0620045],[3.7494405,51.0620045],[3.749469,51.0620045],[3.7494975,51.0620045],[3.7495261,51.0620045],[3.7495546,51.0620045],[3.7495831,51.0620045],[3.7496117,51.0620045],[3.7496402,51.0620045],[3.7496687,51.0620044],[3.7496973,51.0620044],[3.7497258,51.0620044],[3.7497543,51.0620044],[3.7497828,51.0620044],[3.7498114,51.0620044],[3.7498399,51.0620044],[3.7498684,51.0620044],[3.749897,51.0620044],[3.7499255,51.0620044],[3.749954,51.0620044],[3.7499825,51.0620044],[3.7500111,51.0620044],[3.7500396,51.0620044],[3.7500681,51.0620043],[3.7500967,51.0620043],[3.7501252,51.0620043],[3.7501537,51.0620043],[3.7501822,51.0620043],[3.7502108,51.0620043],[3.7502393,51.0620043],[3.7502678,51.0620043],[3.7502964,51.0620043],[3.7503249,51.0620043],[3.7503534,51.0620043],[3.7503819,51.0620043],[3.7504105,51.0620043],[3.750439,51.0620042],[3.7504675,51.0620042],[3.7504961,51.0620042],[3.7505246,51.0620042],[3.7505531,51.0620042],[3.7505816,51.0620042],[3.7506102,51.0620042],[3.7506387,51.0620042],[3.7506672,51.0620042],[3.7506958,51.0620042],[3.7507243,51.0620042],[3.7507528,51.0620042],[3.7507814,51.0620042],[3.7508099,51.0620042],[3.7508384,51.0620041],[3.7508669,51.0620041],[3.7508955,51.0620041],[3.750924,51.0620041],[3.7509525,51.0620041],[3.7509811,51.0620041],[3.7510096,51.0620041],[3.7510381,51.0620041],[3.7510666,51.0620041],[3.7510952,51.0620041],[3.7511237,51.0620041],[3.7511522,51.0620041],[3.7511808,51.0620041],[3.7512093,51.062004],[3.7512378,51.062004],[3.7512663,51.062004],[3.7512949,51.062004],[3.7513234,51.062004],[3.7513519,51.062004],[3.7513805,51.062004],[3.751409,51.062004],[3.7514375,51.062004],[3.751466,51.062004],[3.7514946,51.062004],[3.7515231,51.062004],[3.7515516,51.062004],[3.7515802,51.0620039],[3.7516087,51.0620039],[3.7516372,51.0620039],[3.7516658,51.0620039],[3.7516943,51.0620039],[3.7517228,51.0620039],[3.7517513,51.0620039],[3.7517799,51.0620039],[3.7518084,51.0620039],[3.7518369,51.0620039],[3.7518655,51.0620039],[3.751894,51.0620039],[3.7519225,51.0620039],[3.751951,51.0620038],[3.7519796,51.0620038],[3.7520081,51.0620038],[3.7520366,51.0620038],[3.7520652,51.0620038],[3.7520937,51.0620038],[3.7521222,51.0620038],[3.7521507,51.0620038],[3.7521793,51.0620038],[3.7522078,51.0620038],[3.7522363,51.0620038],[3.7522649,51.0620038],[3.7522934,51.0620038],[3.7523219,51.0620037],[3.7523504,51.0620037],[3.752379,51.0620037],[3.7524075,51.0620037],[3.752436,51.0620037],[3.7524646,51.0620037],[3.7524931,51.0620037],[3.7525216,51.0620037],[3.7525502,51.0620037],[3.7525787,51.0620037],[3.7526072,51.0620037],[3.7526357,51.0620037],[3.7526643,51.0620036],[3.7526928,51.0620036],[3.7527213,51.0620036],[3.7527499,51.0620036],[3.7527784,51.0620036],[3.7528069,51.0620036],[3.7528354,51.0620036],[3.752864,51.0620036],[3.7528925,51.0620036],[3.752921,51.0620036],[3.7529496,51.0620036],[3.7529781,51.0620036],[3.7530066,51.0620036],[3.7530351,51.0620035],[3.7530637,51.0620035],[3.7530931,51.0620003],[3.7531212,51.0619938],[3.753147,51.0619844],[3.7531699,51.0619723],[3.7531891,51.0619579],[3.753204,51.0619415],[3.7532142,51.0619239],[3.7532194,51.0619053],[3.7532194,51.0618865],[3.7532194,51.0618685],[3.7532194,51.0618505],[3.7532194,51.0618326],[3.7532193,51.0618146],[3.7532193,51.0617966],[3.7532193,51.0617786],[3.7532193,51.0617606],[3.7532193,51.0617427],[3.7532193,51.0617247],[3.7532193,51.0617067],[3.7532192,51.0616887],[3.7532192,51.0616708],[3.7532192,51.0616528],[3.7532192,51.0616348],[3.7532192,51.0616168],[3.7532192,51.0615988],[3.7532192,51.0615809],[3.7532192,51.0615629],[3.7532191,51.0615449],[3.7532191,51.0615269],[3.7532191,51.061509],[3.7532191,51.061491],[3.7532191,51.061473],[3.7532191,51.061455],[3.7532191,51.061437],[3.7532191,51.0614191],[3.753219,51.0614011],[3.753219,51.0613831],[3.753219,51.0613651],[3.753219,51.0613472],[3.753219,51.0613292],[3.753219,51.0613112],[3.753219,51.0612932],[3.753219,51.0612752],[3.7532189,51.0612573],[3.7532189,51.0612393],[3.7532189,51.0612213],[3.7532189,51.0612033],[3.7532189,51.0611854],[3.7532189,51.0611674],[3.7532189,51.0611494],[3.7532189,51.0611314],[3.7532188,51.0611135],[3.7532188,51.0610955],[3.7532188,51.0610775],[3.7532188,51.0610595],[3.7532188,51.0610415],[3.7532188,51.0610236],[3.7532188,51.0610056],[3.7532187,51.0609876],[3.7532187,51.0609696],[3.7532187,51.0609517],[3.7532187,51.0609337],[3.7532187,51.0609157],[3.7532187,51.0608977],[3.7532187,51.0608797],[3.7532187,51.0608618],[3.7532186,51.0608438],[3.7532186,51.0608258],[3.7532186,51.0608078],[3.7532186,51.0607899],[3.7532186,51.0607719],[3.7532186,51.0607539],[3.7532186,51.0607359],[3.7532186,51.0607179],[3.7532185,51.0607],[3.7532185,51.060682],[3.7532185,51.060664],[3.7532185,51.060646],[3.7532185,51.0606281],[3.7532185,51.0606101],[3.7532185,51.0605921],[3.7532185,51.0605741],[3.7532184,51.0605561],[3.7532184,51.0605382],[3.7532184,51.0605202],[3.7532184,51.0605022],[3.7532184,51.0604842],[3.7532184,51.0604663],[3.7532184,51.0604483],[3.7532183,51.0604303],[3.7532183,51.0604123],[3.7532183,51.0603943],[3.7532183,51.0603764],[3.7532183,51.0603584],[3.7532183,51.0603404],[3.7532183,51.0603224],[3.7532183,51.0603045],[3.7532182,51.0602865],[3.7532182,51.0602685],[3.7532182,51.0602505],[3.7532182,51.0602325],[3.7532182,51.0602146],[3.7532182,51.0601966],[3.7532182,51.0601786],[3.7532182,51.0601606],[3.7532181,51.0601427],[3.7532181,51.0601247],[3.7532181,51.0601067],[3.7532181,51.0600887],[3.7532181,51.0600707],[3.7532181,51.0600528],[3.7532181,51.0600348],[3.7532181,51.0600168],[3.753218,51.0599988],[3.753218,51.0599809],[3.753218,51.0599629],[3.753218,51.0599449],[3.753218,51.0599269],[3.753218,51.0599089],[3.753218,51.059891],[3.7532179,51.059873],[3.7532179,51.059855],[3.7532179,51.059837],[3.7532179,51.0598191],[3.7532179,51.0598011],[3.7532179,51.0597831],[3.7532179,51.0597651],[3.7532179,51.0597472],[3.7532178,51.0597292],[3.7532178,51.0597112],[3.7532178,51.0596932],[3.7532178,51.0596752],[3.7532178,51.0596573],[3.7532178,51.0596393],[3.7532178,51.0596213],[3.7532178,51.0596033],[3.7532177,51.0595854],[3.7532177,51.0595674],[3.7532177,51.0595494],[3.7532177,51.0595314],[3.7532177,51.0595134],[3.7532177,51.0594955],[3.7532177,51.0594775],[3.7532177,51.0594595],[3.7532176,51.0594415],[3.7532176,51.0594236],[3.7532176,51.0594056],[3.7532176,51.0593876],[3.7532176,51.0593696],[3.7532176,51.0593516],[3.7532176,51.0593337],[3.7532176,51.0593157],[3.7532175,51.0592977],[3.7532175,51.0592797],[3.7532175,51.0592618],[3.7532175,51.0592438],[3.7532175,51.0592258],[3.7532175,51.0592078],[3.7532175,51.0591898],[3.7532174,51.0591719],[3.7532174,51.0591539],[3.7532174,51.0591359],[3.7532174,51.0591179],[3.7532174,51.0591],[3.7532174,51.059082],[3.7532174,51.059064],[3.7532174,51.059046],[3.7532173,51.059028],[3.7532173,51.0590101],[3.7532173,51.0589921],[3.7532173,51.0589741],[3.7532173,51.0589561],[3.7532173,51.0589382],[3.7532173,51.0589202],[3.7532173,51.0589022],[3.7532172,51.0588842],[3.7532172,51.0588662],[3.7532172,51.0588483],[3.7532172,51.0588303],[3.7532172,51.0588123],[3.7532172,51.0587943],[3.7532172,51.0587764],[3.7532172,51.0587584],[3.7532171,51.0587404],[3.7532171,51.0587224],[3.7532171,51.0587044],[3.7532171,51.0586865],[3.7532171,51.0586685],[3.7532171,51.0586505],[3.7532171,51.0586325],[3.753217,51.0586146],[3.753217,51.0585966],[3.753217,51.0585786],[3.753217,51.0585606],[3.753217,51.0585427],[3.753217,51.0585247],[3.753217,51.0585067],[3.753217,51.0584887],[3.7532169,51.0584707],[3.7532169,51.0584528],[3.7532169,51.0584348],[3.7532169,51.0584168],[3.7532169,51.0583988],[3.7532169,51.0583809],[3.7532169,51.0583629],[3.7532169,51.0583449],[3.7532168,51.0583269],[3.7532168,51.0583089],[3.7532168,51.058291],[3.7532168,51.058273],[3.7532168,51.058255],[3.7532168,51.058237],[3.7532168,51.0582191],[3.7532168,51.0582011],[3.7532167,51.0581831],[3.7532167,51.0581651],[3.7532167,51.0581471],[3.7532167,51.0581292],[3.7532167,51.0581112],[3.7532167,51.0580932],[3.7532167,51.0580752],[3.7532167,51.0580573],[3.7532166,51.0580393],[3.7532166,51.0580213],[3.7532166,51.0580033],[3.7532166,51.0579853],[3.7532166,51.0579674],[3.7532166,51.0579494],[3.7532166,51.0579314],[3.7532165,51.0579134],[3.7532165,51.0578955],[3.7532165,51.0578775],[3.7532165,51.0578595],[3.7532165,51.0578415],[3.7532165,51.0578235],[3.7532165,51.0578056],[3.7532165,51.0577876],[3.7532164,51.0577696],[3.7532164,51.0577516],[3.7532164,51.0577337],[3.7532164,51.0577157],[3.7532164,51.0576977],[3.7532164,51.0576797],[3.7532164,51.0576617],[3.7532164,51.0576438],[3.7532163,51.0576258],[3.7532163,51.0576078],[3.7532163,51.0575898],[3.7532163,51.0575719],[3.7532163,51.0575539],[3.7532163,51.0575359],[3.7532163,51.0575179],[3.7532163,51.0574999],[3.7532162,51.057482],[3.7532162,51.057464],[3.7532162,51.057446],[3.7532162,51.057428],[3.7532162,51.0574101],[3.7532162,51.0573921],[3.7532162,51.0573741],[3.7532161,51.0573561],[3.7532161,51.0573381],[3.7532161,51.0573202],[3.7532161,51.0573022],[3.7532161,51.0572842],[3.7532161,51.0572662],[3.7532161,51.0572483],[3.7532161,51.0572303],[3.753216,51.0572123],[3.753216,51.0571943],[3.753216,51.0571764],[3.753216,51.0571584],[3.753216,51.0571404],[3.753216,51.0571224],[3.753216,51.0571044],[3.753216,51.0570865],[3.7532159,51.0570685],[3.7532159,51.0570505],[3.7532159,51.0570325],[3.7532159,51.0570146],[3.7532159,51.0569966],[3.7532159,51.0569786],[3.7532159,51.0569606],[3.7532159,51.0569426],[3.7532158,51.0569247],[3.7532158,51.0569067],[3.7532158,51.0568887],[3.7532158,51.0568707],[3.7532158,51.0568528],[3.7532158,51.0568348],[3.7532158,51.0568168],[3.7532158,51.0567988],[3.7532157,51.0567808],[3.7532157,51.0567629],[3.7532157,51.0567449],[3.7532157,51.0567269],[3.7532157,51.0567089],[3.7532157,51.056691],[3.7532157,51.056673],[3.7532156,51.056655],[3.7532156,51.056637],[3.7532156,51.056619],[3.7532156,51.0566011],[3.7532156,51.0565831],[3.7532156,51.0565651],[3.7532156,51.0565471],[3.7532156,51.0565292],[3.7532155,51.0565112],[3.7532155,51.0564932],[3.7532155,51.0564752],[3.7532155,51.0564572],[3.7532155,51.0564393],[3.7532155,51.0564213],[3.7532155,51.0564033],[3.7532155,51.0563853],[3.7532154,51.0563674],[3.7532154,51.0563494],[3.7532154,51.0563314],[3.7532154,51.0563134],[3.7532154,51.0562954],[3.7532154,51.0562775],[3.7532154,51.0562595],[3.7532154,51.0562415],[3.7532153,51.0562235],[3.7532153,51.0562056],[3.7532153,51.0561876],[3.7532153,51.0561696],[3.7532153,51.0561516],[3.7532153,51.0561336],[3.7532153,51.0561157],[3.7532152,51.0560977],[3.7532152,51.0560797],[3.7532152,51.0560617],[3.7532152,51.0560438],[3.7532152,51.0560258],[3.7532152,51.0560078],[3.7532152,51.0559898],[3.7532152,51.0559719],[3.7532151,51.0559539],[3.7532151,51.0559359],[3.7532151,51.0559179],[3.7532151,51.0558999],[3.7532151,51.055882],[3.7532151,51.055864],[3.7532151,51.055846],[3.7532151,51.055828],[3.753215,51.0558101],[3.753215,51.0557921],[3.753215,51.0557741],[3.753215,51.0557561],[3.753215,51.0557381],[3.753215,51.0557202],[3.753215,51.0557022],[3.753215,51.0556842],[3.7532149,51.0556662],[3.7532149,51.0556483],[3.7532149,51.0556303],[3.7532149,51.0556123],[3.7532149,51.0555943],[3.7532149,51.0555763],[3.7532149,51.0555584],[3.7532148,51.0555404],[3.7532148,51.0555224],[3.7532148,51.0555044],[3.7532148,51.0554865],[3.7532148,51.0554685],[3.7532148,51.0554505],[3.7532148,51.0554325],[3.7532148,51.0554145],[3.7532147,51.0553966],[3.7532147,51.0553786],[3.7532147,51.0553606],[3.7532147,51.0553426],[3.7532147,51.0553247],[3.7532147,51.0553067],[3.7532147,51.0552887],[3.7532147,51.0552707],[3.7532146,51.0552527],[3.7532146,51.0552348],[3.7532146,51.0552168],[3.7532146,51.0551988],[3.7532146,51.0551808],[3.7532146,51.0551629],[3.7532146,51.0551449],[3.7532146,51.0551269],[3.7532145,51.0551089],[3.7532145,51.0550909],[3.7532145,51.055073],[3.7532145,51.055055],[3.7532145,51.055037],[3.7532145,51.055019],[3.7532145,51.0550011],[3.7532145,51.0549831],[3.7532144,51.0549651],[3.7532144,51.0549471],[3.7532144,51.0549291],[3.7532144,51.0549112],[3.7532144,51.0548932],[3.7532144,51.0548752],[3.7532144,51.0548572],[3.7532143,51.0548393],[3.7532143,51.0548213],[3.7532143,51.0548033],[3.7532143,51.0547853],[3.7532143,51.0547673],[3.7532143,51.0547494],[3.7532143,51.0547314],[3.7532143,51.0547134],[3.7532142,51.0546954],[3.7532142,51.0546775],[3.7532142,51.0546595],[3.7532142,51.0546415],[3.7532142,51.0546235],[3.7532142,51.0546056],[3.7532142,51.0545876],[3.7532142,51.0545696],[3.7532141,51.0545516],[3.7532141,51.0545336],[3.7532141,51.0545157],[3.7532141,51.0544977],[3.7532141,51.0544797],[3.7532141,51.0544617],[3.7532141,51.0544438],[3.7532141,51.0544258],[3.753214,51.0544078],[3.753214,51.0543898],[3.753214,51.0543718],[3.753214,51.0543539],[3.753214,51.0543359],[3.753214,51.0543179],[3.753214,51.0542999],[3.7532139,51.054282],[3.7532139,51.054264],[3.7532139,51.054246],[3.7532139,51.054228],[3.7532139,51.05421],[3.7532139,51.0541921],[3.7532139,51.0541741],[3.7532139,51.0541561],[3.7532138,51.0541381],[3.7532138,51.0541202],[3.7532138,51.0541022],[3.7532138,51.0540842],[3.7532138,51.0540662],[3.7532138,51.0540482],[3.7532138,51.0540303],[3.7532138,51.0540123],[3.7532137,51.0539943],[3.7532137,51.0539763],[3.7532137,51.0539584],[3.7532137,51.0539404],[3.7532137,51.0539224],[3.7532137,51.0539044],[3.7532137,51.0538864],[3.7532137,51.0538685],[3.7532136,51.0538505],[3.7532136,51.0538325],[3.7532136,51.0538145],[3.7532136,51.0537966],[3.7532136,51.0537786],[3.7532136,51.0537606],[3.7532136,51.0537426],[3.7532136,51.0537246],[3.7532135,51.0537067],[3.7532135,51.0536887],[3.7532135,51.0536707],[3.7532135,51.0536527],[3.7532135,51.0536348],[3.7532135,51.0536168],[3.7532135,51.0535988],[3.7532134,51.0535808],[3.7532134,51.0535628],[3.7532134,51.0535449],[3.7532134,51.0535269],[3.7532134,51.0535089],[3.7532134,51.0534909],[3.7532134,51.053473],[3.7532134,51.053455],[3.7532133,51.053437],[3.7532133,51.053419],[3.7532133,51.053401],[3.7532133,51.0533831],[3.7532133,51.0533651],[3.7532133,51.0533471],[3.7532133,51.0533291],[3.7532133,51.0533112],[3.7532132,51.0532932],[3.7532132,51.0532752],[3.7532132,51.0532572],[3.7532132,51.0532392],[3.7532132,51.0532213],[3.7532132,51.0532033],[3.7532132,51.0531853],[3.7532132,51.0531673],[3.7532131,51.0531494],[3.7532131,51.0531314],[3.7532131,51.0531134],[3.7532131,51.0530954],[3.7532131,51.0530775],[3.7532131,51.0530595],[3.7532131,51.0530415],[3.753213,51.0530235],[3.753213,51.0530055],[3.753213,51.0529876],[3.753213,51.0529696],[3.753213,51.0529516],[3.753213,51.0529336],[3.753213,51.0529157],[3.753213,51.0528977],[3.7532129,51.0528797],[3.7532129,51.0528617],[3.7532129,51.0528437],[3.7532129,51.0528258],[3.7532129,51.0528078],[3.7532129,51.0527898],[3.7532129,51.0527718],[3.7532129,51.0527539],[3.7532128,51.0527359],[3.7532128,51.0527179],[3.7532128,51.0526999],[3.7532128,51.0526819],[3.7532128,51.052664],[3.7532128,51.052646],[3.7532128,51.052628],[3.7532128,51.05261],[3.7532127,51.0525921],[3.7532127,51.0525741],[3.7532127,51.0525561],[3.7532127,51.0525381],[3.7532127,51.0525201],[3.7532127,51.0525022],[3.7532127,51.0524842],[3.7532127,51.0524662],[3.7532126,51.0524482],[3.7532126,51.0524303],[3.7532126,51.0524123],[3.7532126,51.0523943],[3.7532126,51.0523763],[3.7532126,51.0523583],[3.7532126,51.0523404],[3.7532125,51.0523224],[3.7532125,51.0523044],[3.7532125,51.0522864],[3.7532125,51.0522685],[3.7532125,51.0522505],[3.7532125,51.0522325],[3.7532125,51.0522145],[3.7532125,51.0521965],[3.7532124,51.0521786],[3.7532124,51.0521606],[3.7532124,51.0521426],[3.7532124,51.0521246],[3.7532124,51.0521067],[3.7532124,51.0520887],[3.7532124,51.0520707],[3.7532124,51.0520527],[3.7532123,51.0520347],[3.7532123,51.0520168],[3.7532123,51.0519988],[3.7532123,51.0519808],[3.7532123,51.0519628],[3.7532123,51.0519449],[3.7532123,51.0519269],[3.7532123,51.0519089],[3.7532122,51.0518909],[3.7532122,51.0518729],[3.7532122,51.051855],[3.7532122,51.051837],[3.7532122,51.051819],[3.7532122,51.051801],[3.7532122,51.0517831],[3.7532121,51.0517651],[3.7532121,51.0517471],[3.7532121,51.0517291],[3.7532121,51.0517112],[3.7532121,51.0516932],[3.7532121,51.0516752],[3.7532121,51.0516572],[3.7532121,51.0516392],[3.753212,51.0516213],[3.753212,51.0516033],[3.753212,51.0515853],[3.753212,51.0515673],[3.753212,51.0515494],[3.753212,51.0515314],[3.753212,51.0515134],[3.753212,51.0514954],[3.7532119,51.0514774],[3.7532119,51.0514595],[3.7532119,51.0514415],[3.7532119,51.0514235],[3.7532119,51.0514055],[3.7532119,51.0513876],[3.7532119,51.0513696],[3.7532119,51.0513516],[3.7532118,51.0513336],[3.7532118,51.0513156],[3.7532118,51.0512977],[3.7532118,51.0512797],[3.7532118,51.0512617],[3.7532118,51.0512437],[3.7532118,51.0512258],[3.7532118,51.0512078],[3.7532117,51.0511898],[3.7532117,51.0511718],[3.7532117,51.0511538],[3.7532117,51.0511359],[3.7532117,51.0511179],[3.7532117,51.0510999],[3.7532117,51.0510819],[3.7532116,51.051064],[3.7532116,51.051046],[3.7532116,51.051028],[3.7532116,51.05101],[3.7532116,51.050992],[3.7532116,51.0509741],[3.7532116,51.0509561],[3.7532116,51.0509381],[3.7532115,51.0509201],[3.7532115,51.0509022],[3.7532115,51.0508842],[3.7532115,51.0508662],[3.7532115,51.0508482],[3.7532115,51.0508302],[3.7532115,51.0508123],[3.7532115,51.0507943],[3.7532114,51.0507763],[3.7532114,51.0507583],[3.7532114,51.0507404],[3.7532114,51.0507224],[3.7532114,51.0507044],[3.7532114,51.0506864],[3.7532114,51.0506684],[3.7532114,51.0506505],[3.7532113,51.0506325],[3.7532113,51.0506145],[3.7532113,51.0505965],[3.7532113,51.0505786],[3.7532113,51.0505606],[3.7532113,51.0505426],[3.7532113,51.0505246],[3.7532112,51.0505066],[3.7532112,51.0504887],[3.7532112,51.0504707],[3.7532112,51.0504527],[3.7532112,51.0504347],[3.7532112,51.0504168],[3.7532112,51.0503988],[3.7532112,51.0503808],[3.7532111,51.0503628],[3.7532111,51.0503448],[3.7532111,51.0503269],[3.7532111,51.0503089],[3.7532111,51.0502909],[3.7532111,51.0502729],[3.7532111,51.050255],[3.7532111,51.050237],[3.753211,51.050219],[3.753211,51.050201],[3.753211,51.0501831],[3.753211,51.0501651],[3.753211,51.0501471],[3.753211,51.0501291],[3.753211,51.0501111],[3.753211,51.0500932],[3.7532109,51.0500752],[3.7532109,51.0500572],[3.7532109,51.0500392],[3.7532109,51.0500213],[3.7532109,51.0500033],[3.7532109,51.0499853],[3.7532109,51.0499673],[3.7532109,51.0499493],[3.7532108,51.0499314],[3.7532108,51.0499134],[3.7532108,51.0498954],[3.7532108,51.0498774],[3.7532108,51.0498595],[3.7532108,51.0498415],[3.7532108,51.0498235],[3.7532107,51.0498055],[3.7532107,51.0497875],[3.7532107,51.0497696],[3.7532107,51.0497516],[3.7532107,51.0497336],[3.7532107,51.0497156],[3.7532107,51.0496977],[3.7532107,51.0496797],[3.7532106,51.0496617],[3.7532106,51.0496437],[3.7532106,51.0496257],[3.7532106,51.0496078],[3.7532106,51.0495898],[3.7532106,51.0495718],[3.7532106,51.0495538],[3.7532106,51.0495359],[3.7532105,51.0495179],[3.7532105,51.0494999],[3.7532105,51.0494819],[3.7532105,51.0494639],[3.7532105,51.049446],[3.7532105,51.049428],[3.7532105,51.04941],[3.7532105,51.049392],[3.7532104,51.0493741],[3.7532104,51.0493561],[3.7532104,51.0493381],[3.7532104,51.0493201],[3.7532104,51.0493021],[3.7532104,51.0492842],[3.7532104,51.0492662],[3.7532103,51.0492482],[3.7532103,51.0492302],[3.7532103,51.0492123],[3.7532103,51.0491943],[3.7532103,51.0491763],[3.7532103,51.0491583],[3.7532103,51.0491403],[3.7532103,51.0491224],[3.7532102,51.0491044],[3.7532102,51.0490864],[3.7532102,51.0490684],[3.7532102,51.0490505],[3.7532102,51.0490325],[3.7532102,51.0490145],[3.7532102,51.0489965],[3.7532102,51.0489785],[3.7532101,51.0489606],[3.7532101,51.0489426],[3.7532101,51.0489246],[3.7532101,51.0489066],[3.7532101,51.0488887],[3.7532101,51.0488707],[3.7532101,51.0488527],[3.7532101,51.0488347],[3.75321,51.0488167],[3.75321,51.0487988],[3.75321,51.0487808],[3.75321,51.0487628],[3.75321,51.0487448],[3.75321,51.0487269],[3.75321,51.0487089],[3.75321,51.0486909],[3.7532099,51.0486729],[3.7532099,51.048655],[3.7532099,51.048637],[3.7532099,51.048619],[3.7532099,51.048601],[3.7532099,51.048583],[3.7532099,51.0485651],[3.7532098,51.0485471],[3.7532098,51.0485291],[3.7532098,51.0485111],[3.7532098,51.0484932],[3.7532098,51.0484752],[3.7532098,51.0484572],[3.7532098,51.0484392],[3.7532098,51.0484212],[3.7532097,51.0484033],[3.7532097,51.0483853],[3.7532097,51.0483673],[3.7532097,51.0483493],[3.7532097,51.0483314],[3.7532097,51.0483134],[3.7532097,51.0482954],[3.7532097,51.0482774],[3.7532096,51.0482594],[3.7532096,51.0482415],[3.7532096,51.0482235],[3.7532096,51.0482055],[3.7532096,51.0481875],[3.7532096,51.0481696],[3.7532096,51.0481516],[3.7532096,51.0481336],[3.7532095,51.0481156],[3.7532095,51.0480976],[3.7532095,51.0480797],[3.7532095,51.0480617],[3.7532095,51.0480437],[3.7532095,51.0480257],[3.7532095,51.0480078],[3.7532094,51.0479898],[3.7532094,51.0479718],[3.7532094,51.0479538],[3.7532094,51.0479358],[3.7532094,51.0479179],[3.7532094,51.0478999],[3.7532094,51.0478819],[3.7532094,51.0478639],[3.7532093,51.047846],[3.7532093,51.047828],[3.7532093,51.04781],[3.7532093,51.047792],[3.7532093,51.047774],[3.7532093,51.0477561],[3.7532093,51.0477381],[3.7532093,51.0477201],[3.7532092,51.0477021],[3.7532092,51.0476842],[3.7532092,51.0476662],[3.7532092,51.0476482],[3.7532092,51.0476302],[3.7532092,51.0476122],[3.7532092,51.0475943],[3.7532092,51.0475763],[3.7532091,51.0475583],[3.7532091,51.0475403],[3.7532091,51.0475224],[3.7532091,51.0475044],[3.7532091,51.0474864],[3.7532091,51.0474684],[3.7532091,51.0474504],[3.7532091,51.0474325],[3.753209,51.0474145],[3.753209,51.0473965],[3.753209,51.0473785],[3.753209,51.0473606],[3.753209,51.0473426],[3.753209,51.0473246],[3.753209,51.0473066],[3.7532089,51.0472886],[3.7532089,51.0472707],[3.7532089,51.0472527],[3.7532089,51.0472347],[3.7532089,51.0472167],[3.7532089,51.0471988],[3.7532089,51.0471808],[3.7532089,51.0471628],[3.7532088,51.0471448],[3.7532088,51.0471268],[3.7532088,51.0471089],[3.7532088,51.0470909],[3.7532088,51.0470729],[3.7532088,51.0470549],[3.7532088,51.047037],[3.7532088,51.047019],[3.7532087,51.047001],[3.7532087,51.046983],[3.7532087,51.0469651],[3.7532087,51.0469471],[3.7532087,51.0469291],[3.7532087,51.0469111],[3.7532087,51.0468931],[3.7532087,51.0468752],[3.7532086,51.0468572],[3.7532086,51.0468392],[3.7532086,51.0468212],[3.7532086,51.0468033],[3.7532086,51.0467853],[3.7532086,51.0467673],[3.7532086,51.0467493],[3.7532085,51.0467313],[3.7532085,51.0467134],[3.7532085,51.0466954],[3.7532085,51.0466774],[3.7532085,51.0466594],[3.7532085,51.0466415],[3.7532085,51.0466235],[3.7532085,51.0466055],[3.7532084,51.0465875],[3.7532084,51.0465695],[3.7532084,51.0465516],[3.7532084,51.0465336],[3.7532084,51.0465156],[3.7532084,51.0464976],[3.7532084,51.0464797],[3.7532084,51.0464617],[3.7532083,51.0464437],[3.7532083,51.0464257],[3.7532083,51.0464077],[3.7532083,51.0463898],[3.7532083,51.0463718],[3.7532083,51.0463538],[3.7532083,51.0463358],[3.7532083,51.0463179],[3.7532082,51.0462999],[3.7532082,51.0462819],[3.7532082,51.0462639],[3.7532082,51.0462459],[3.7532082,51.046228],[3.7532082,51.04621],[3.7532082,51.046192],[3.7532082,51.046174],[3.7532081,51.0461561],[3.7532081,51.0461381],[3.7532081,51.0461201],[3.7532081,51.0461021],[3.7532081,51.0460841],[3.7532081,51.0460662],[3.7532081,51.0460482],[3.753208,51.0460302],[3.753208,51.0460122],[3.753208,51.0459943],[3.753208,51.0459763],[3.753208,51.0459583],[3.753208,51.0459403],[3.753208,51.0459223],[3.753208,51.0459044],[3.7532079,51.0458864],[3.7532079,51.0458684],[3.7532079,51.0458504],[3.7532079,51.0458325],[3.7532079,51.0458145],[3.7532079,51.0457965],[3.7532079,51.0457785],[3.7532079,51.0457605],[3.7532078,51.0457426],[3.7532078,51.0457246],[3.7532078,51.0457066],[3.7532078,51.0456886],[3.7532078,51.0456707],[3.7532078,51.0456527],[3.7532078,51.0456347],[3.7532078,51.0456167],[3.7532077,51.0455987],[3.7532077,51.0455808],[3.7532077,51.0455628],[3.7532077,51.0455448],[3.7532077,51.0455268],[3.7532077,51.0455089],[3.7532077,51.0454909],[3.7532076,51.0454729],[3.7532076,51.0454549],[3.7532076,51.0454369],[3.7532076,51.045419],[3.7532076,51.045401],[3.7532076,51.045383],[3.7532076,51.045365],[3.7532076,51.0453471],[3.7532075,51.0453291],[3.7532075,51.0453111],[3.7532075,51.0452931],[3.7532075,51.0452752],[3.7532075,51.0452572],[3.7532075,51.0452392],[3.7532075,51.0452212],[3.7532075,51.0452032],[3.7532074,51.0451853],[3.7532074,51.0451673],[3.7532074,51.0451493],[3.7532074,51.0451313],[3.7532074,51.0451134],[3.7532074,51.0450954],[3.7532074,51.0450774],[3.7532074,51.0450594],[3.7532073,51.0450414],[3.7532073,51.0450235],[3.7532073,51.0450055],[3.7532073,51.0449875],[3.7532073,51.0449695],[3.7532073,51.0449516],[3.7532073,51.0449336],[3.7532073,51.0449156],[3.7532072,51.0448976],[3.7532072,51.0448796],[3.7532072,51.0448617],[3.7532072,51.0448437],[3.7532072,51.0448257],[3.7532072,51.0448077],[3.7532072,51.0447898],[3.7532071,51.0447718],[3.7532071,51.0447538],[3.7532071,51.0447358],[3.7532071,51.0447178],[3.7532071,51.0446999],[3.7532071,51.0446819],[3.7532071,51.0446639],[3.7532071,51.0446459],[3.753207,51.044628],[3.753207,51.04461],[3.753207,51.044592],[3.753207,51.044574],[3.753207,51.044556],[3.753207,51.0445381],[3.753207,51.0445201],[3.753207,51.0445021],[3.7532069,51.0444841],[3.7532069,51.0444662],[3.7532069,51.0444482],[3.7532069,51.0444302],[3.7532069,51.0444122],[3.7532069,51.0443942],[3.7532069,51.0443763],[3.7532069,51.0443583],[3.7532068,51.0443403],[3.7532068,51.0443223],[3.7532068,51.0443044],[3.7532068,51.0442864],[3.7532068,51.0442684],[3.7532068,51.0442504],[3.7532068,51.0442324],[3.7532068,51.0442145],[3.7532067,51.0441965],[3.7532067,51.0441785],[3.7532067,51.0441605],[3.7532067,51.0441426],[3.7532067,51.0441246],[3.7532067,51.0441066],[3.7532067,51.0440886],[3.7532066,51.0440706],[3.7532066,51.0440527],[3.7532066,51.0440347],[3.7532066,51.0440167],[3.7532066,51.0439987],[3.7532066,51.0439808],[3.7532066,51.0439628],[3.7532066,51.0439448],[3.7532065,51.0439268],[3.7532065,51.0439088],[3.7532013,51.0438903],[3.7531911,51.0438726],[3.7531762,51.0438563],[3.753157,51.0438419],[3.7531341,51.0438298],[3.7531082,51.0438204],[3.7530801,51.043814],[3.7530507,51.0438107],[3.7530209,51.0438107]]}},{"type":"Feature","properties":{"highway":"residential","smoothness":"bad","surface":"sett","width":6},"geometry":{"type":"LineString","coordinates":[[3.7530209,51.0438107],[3.7529923,51.0438107],[3.7529638,51.0438107],[3.7529352,51.0438107],[3.7529067,51.0438108],[3.7528782,51.0438108],[3.7528496,51.0438108],[3.7528211,51.0438108],[3.7527925,51.0438108],[3.752764,51.0438108],[3.7527355,51.0438108],[3.7527069,51.0438108],[3.7526784,51.0438108],[3.7526498,51.0438108],[3.7526213,51.0438108],[3.7525928,51.0438108],[3.7525642,51.0438108],[3.7525357,51.0438109],[3.7525071,51.0438109],[3.7524786,51.0438109],[3.7524501,51.0438109],[3.7524215,51.0438109],[3.752393,51.0438109],[3.7523644,51.0438109],[3.7523359,51.0438109],[3.7523074,51.0438109],[3.7522788,51.0438109],[3.7522503,51.0438109],[3.7522217,51.0438109],[3.7521932,51.043811],[3.7521647,51.043811],[3.7521361,51.043811],[3.7521076,51.043811],[3.752079,51.043811],[3.7520505,51.043811],[3.752022,51.043811],[3.7519934,51.043811],[3.7519649,51.043811],[3.7519363,51.043811],[3.7519078,51.043811],[3.7518792,51.043811],[3.7518507,51.043811],[3.7518222,51.0438111],[3.7517936,51.0438111],[3.7517651,51.0438111],[3.7517365,51.0438111],[3.751708,51.0438111],[3.7516795,51.0438111],[3.7516509,51.0438111],[3.7516224,51.0438111],[3.7515938,51.0438111],[3.7515653,51.0438111],[3.7515368,51.0438111],[3.7515082,51.0438111],[3.7514797,51.0438111],[3.7514511,51.0438112],[3.7514226,51.0438112],[3.7513941,51.0438112],[3.7513655,51.0438112],[3.751337,51.0438112],[3.7513084,51.0438112],[3.7512799,51.0438112],[3.7512514,51.0438112],[3.7512228,51.0438112],[3.7511943,51.0438112],[3.7511657,51.0438112],[3.7511372,51.0438112],[3.7511087,51.0438112],[3.7510801,51.0438113],[3.7510516,51.0438113],[3.751023,51.0438113],[3.7509945,51.0438113],[3.750966,51.0438113],[3.7509374,51.0438113],[3.7509089,51.0438113],[3.7508803,51.0438113],[3.7508518,51.0438113],[3.7508233,51.0438113],[3.7507947,51.0438113],[3.7507662,51.0438113],[3.7507376,51.0438113],[3.7507091,51.0438114],[3.7506806,51.0438114],[3.750652,51.0438114],[3.7506235,51.0438114],[3.7505949,51.0438114],[3.7505664,51.0438114],[3.7505379,51.0438114],[3.7505093,51.0438114],[3.7504808,51.0438114],[3.7504522,51.0438114],[3.7504237,51.0438114],[3.7503952,51.0438114],[3.7503666,51.0438114],[3.7503381,51.0438114],[3.7503095,51.0438115],[3.750281,51.0438115],[3.7502525,51.0438115],[3.7502239,51.0438115],[3.7501954,51.0438115],[3.7501668,51.0438115],[3.7501383,51.0438115],[3.7501098,51.0438115],[3.7500812,51.0438115],[3.7500527,51.0438115],[3.7500241,51.0438115],[3.7499956,51.0438115],[3.7499671,51.0438115],[3.7499385,51.0438116],[3.74991,51.0438116],[3.7498814,51.0438116],[3.7498529,51.0438116],[3.7498244,51.0438116],[3.7497958,51.0438116],[3.7497673,51.0438116],[3.7497387,51.0438116],[3.7497102,51.0438116],[3.7496817,51.0438116],[3.7496531,51.0438116],[3.7496246,51.0438116],[3.749596,51.0438116],[3.7495675,51.0438116],[3.749539,51.0438117],[3.7495104,51.0438117],[3.7494819,51.0438117],[3.7494533,51.0438117],[3.7494248,51.0438117],[3.7493963,51.0438117],[3.7493677,51.0438117],[3.7493392,51.0438117],[3.7493106,51.0438117],[3.7492821,51.0438117],[3.7492536,51.0438117],[3.749225,51.0438117],[3.7491965,51.0438117],[3.7491679,51.0438117],[3.7491394,51.0438118],[3.7491109,51.0438118],[3.7490823,51.0438118],[3.7490538,51.0438118],[3.7490252,51.0438118],[3.7489967,51.0438118],[3.7489682,51.0438118],[3.7489396,51.0438118],[3.7489111,51.0438118],[3.7488825,51.0438118],[3.748854,51.0438118],[3.7488255,51.0438118],[3.7487969,51.0438118],[3.7487684,51.0438118],[3.7487398,51.0438119],[3.7487113,51.0438119],[3.7486827,51.0438119],[3.7486542,51.0438119],[3.7486257,51.0438119],[3.7485971,51.0438119],[3.7485686,51.0438119],[3.74854,51.0438119],[3.7485115,51.0438119],[3.748483,51.0438119],[3.7484544,51.0438119],[3.7484259,51.0438119],[3.7483973,51.0438119],[3.7483688,51.0438119],[3.7483403,51.0438119],[3.7483117,51.043812],[3.7482832,51.043812],[3.7482546,51.043812],[3.7482261,51.043812],[3.7481976,51.043812],[3.748169,51.043812],[3.7481405,51.043812],[3.7481119,51.043812],[3.7480834,51.043812],[3.7480549,51.043812],[3.7480263,51.043812],[3.7479978,51.043812],[3.7479692,51.043812],[3.7479407,51.043812],[3.7479122,51.0438121],[3.7478836,51.0438121],[3.7478551,51.0438121],[3.7478265,51.0438121],[3.747798,51.0438121],[3.7477695,51.0438121],[3.7477409,51.0438121],[3.7477124,51.0438121],[3.7476838,51.0438121],[3.7476553,51.0438121],[3.7476268,51.0438121],[3.7475982,51.0438121],[3.7475697,51.0438121],[3.7475411,51.0438121],[3.7475126,51.0438121],[3.7474841,51.0438122],[3.7474555,51.0438122],[3.747427,51.0438122],[3.7473984,51.0438122],[3.7473699,51.0438122],[3.7473414,51.0438122],[3.7473128,51.0438122],[3.7472843,51.0438122],[3.7472557,51.0438122],[3.7472272,51.0438122],[3.7471987,51.0438122],[3.7471701,51.0438122],[3.7471416,51.0438122],[3.747113,51.0438122],[3.7470845,51.0438122],[3.747056,51.0438123],[3.7470274,51.0438123],[3.7469989,51.0438123],[3.7469703,51.0438123],[3.7469418,51.0438123],[3.7469133,51.0438123],[3.7468847,51.0438123],[3.7468562,51.0438123],[3.7468276,51.0438123],[3.7467991,51.0438123],[3.7467706,51.0438123],[3.746742,51.0438123],[3.7467135,51.0438123],[3.7466849,51.0438123],[3.7466564,51.0438123],[3.7466279,51.0438124],[3.7465993,51.0438124],[3.7465708,51.0438124],[3.7465422,51.0438124],[3.7465137,51.0438124],[3.7464852,51.0438124],[3.7464566,51.0438124],[3.7464281,51.0438124],[3.7463995,51.0438124],[3.746371,51.0438124],[3.7463425,51.0438124],[3.7463139,51.0438124],[3.7462854,51.0438124],[3.7462568,51.0438124],[3.7462283,51.0438124],[3.7461998,51.0438124],[3.7461712,51.0438125],[3.7461427,51.0438125],[3.7461141,51.0438125],[3.7460856,51.0438125],[3.7460571,51.0438125],[3.7460285,51.0438125],[3.746,51.0438125],[3.7459714,51.0438125],[3.7459429,51.0438125],[3.7459144,51.0438125],[3.7458858,51.0438125],[3.7458573,51.0438125],[3.7458287,51.0438125],[3.7458002,51.0438125],[3.7457717,51.0438125],[3.7457431,51.0438126],[3.7457146,51.0438126],[3.745686,51.0438126],[3.7456575,51.0438126],[3.745629,51.0438126],[3.7456004,51.0438126],[3.7455719,51.0438126],[3.7455433,51.0438126],[3.7455148,51.0438126],[3.7454862,51.0438126],[3.7454577,51.0438126],[3.7454292,51.0438126],[3.7454006,51.0438126],[3.7453721,51.0438126],[3.7453435,51.0438126],[3.745315,51.0438126],[3.7452865,51.0438127],[3.7452579,51.0438127],[3.7452294,51.0438127],[3.7452008,51.0438127],[3.7451723,51.0438127],[3.7451438,51.0438127],[3.7451152,51.0438127],[3.7450867,51.0438127],[3.7450581,51.0438127],[3.7450296,51.0438127],[3.7450011,51.0438127],[3.7449725,51.0438127],[3.744944,51.0438127],[3.7449154,51.0438127],[3.7448869,51.0438127],[3.7448584,51.0438127],[3.7448298,51.0438127],[3.7448013,51.0438128],[3.7447727,51.0438128],[3.7447442,51.0438128],[3.7447157,51.0438128],[3.7446871,51.0438128],[3.7446586,51.0438128],[3.74463,51.0438128],[3.7446015,51.0438128],[3.744573,51.0438128],[3.7445444,51.0438128],[3.7445159,51.0438128],[3.7444873,51.0438128],[3.7444588,51.0438128],[3.7444303,51.0438128],[3.7444017,51.0438128],[3.7443732,51.0438128],[3.7443446,51.0438129],[3.7443161,51.0438129],[3.7442876,51.0438129],[3.744259,51.0438129],[3.7442305,51.0438129],[3.7442019,51.0438129],[3.7441734,51.0438129],[3.7441449,51.0438129],[3.7441163,51.0438129],[3.7440878,51.0438129],[3.7440592,51.0438129],[3.7440307,51.0438129],[3.7440022,51.0438129],[3.7439736,51.0438129],[3.7439451,51.0438129],[3.7439165,51.0438129],[3.743888,51.0438129],[3.7438595,51.043813],[3.7438309,51.043813],[3.7438024,51.043813],[3.7437738,51.043813],[3.7437453,51.043813],[3.7437168,51.043813],[3.7436882,51.043813],[3.7436597,51.043813],[3.7436311,51.043813],[3.7436026,51.043813],[3.7435741,51.043813],[3.7435455,51.043813],[3.743517,51.043813],[3.7434884,51.043813],[3.7434599,51.043813],[3.7434314,51.043813],[3.7434028,51.043813],[3.7433743,51.043813],[3.7433457,51.0438131],[3.7433172,51.0438131],[3.7432887,51.0438131],[3.7432601,51.0438131],[3.7432316,51.0438131],[3.743203,51.0438131],[3.7431745,51.0438131],[3.743146,51.0438131],[3.7431174,51.0438131],[3.7430889,51.0438131],[3.7430603,51.0438131],[3.7430318,51.0438131],[3.7430033,51.0438131],[3.7429747,51.0438131],[3.7429462,51.0438131],[3.7429176,51.0438131],[3.7428891,51.0438131],[3.7428606,51.0438132],[3.742832,51.0438132],[3.7428035,51.0438132],[3.7427749,51.0438132],[3.7427464,51.0438132],[3.7427179,51.0438132],[3.7426893,51.0438132],[3.7426608,51.0438132],[3.7426322,51.0438132],[3.7426037,51.0438132],[3.7425752,51.0438132],[3.7425466,51.0438132],[3.7425181,51.0438132],[3.7424895,51.0438132],[3.742461,51.0438132],[3.7424325,51.0438132],[3.7424039,51.0438132],[3.7423754,51.0438132],[3.7423468,51.0438132],[3.7423183,51.0438133],[3.7422897,51.0438133],[3.7422612,51.0438133],[3.7422327,51.0438133],[3.7422041,51.0438133],[3.7421756,51.0438133],[3.742147,51.0438133],[3.7421185,51.0438133],[3.74209,51.0438133],[3.7420614,51.0438133],[3.7420329,51.0438133],[3.7420043,51.0438133],[3.7419758,51.0438133],[3.7419473,51.0438133],[3.7419187,51.0438133],[3.7418902,51.0438133],[3.7418616,51.0438133],[3.7418331,51.0438133],[3.7418046,51.0438134],[3.741776,51.0438134],[3.7417475,51.0438134],[3.7417189,51.0438134],[3.7416904,51.0438134],[3.7416619,51.0438134],[3.7416333,51.0438134],[3.7416048,51.0438134],[3.7415762,51.0438134],[3.7415477,51.0438134],[3.7415192,51.0438134],[3.7414906,51.0438134],[3.7414621,51.0438134],[3.7414335,51.0438134],[3.741405,51.0438134],[3.7413765,51.0438134],[3.7413479,51.0438134],[3.7413194,51.0438134],[3.7412908,51.0438134],[3.7412623,51.0438135],[3.7412338,51.0438135],[3.7412052,51.0438135],[3.7411767,51.0438135],[3.7411481,51.0438135],[3.7411196,51.0438135],[3.7410911,51.0438135],[3.7410625,51.0438135],[3.741034,51.0438135],[3.7410054,51.0438135],[3.7409769,51.0438135],[3.7409484,51.0438135],[3.7409198,51.0438135],[3.7408913,51.0438135],[3.7408627,51.0438135],[3.7408342,51.0438135],[3.7408057,51.0438135],[3.7407771,51.0438135],[3.7407486,51.0438135],[3.74072,51.0438135],[3.7406915,51.0438136],[3.740663,51.0438136],[3.7406344,51.0438136],[3.7406059,51.0438136],[3.7405773,51.0438136],[3.7405488,51.0438136],[3.7405203,51.0438136],[3.7404917,51.0438136],[3.7404632,51.0438136],[3.7404346,51.0438136],[3.7404061,51.0438136],[3.7403776,51.0438136],[3.740349,51.0438136],[3.7403205,51.0438136],[3.7402919,51.0438136],[3.7402634,51.0438136],[3.7402349,51.0438136],[3.7402063,51.0438136],[3.7401778,51.0438136],[3.7401492,51.0438136],[3.7401207,51.0438137],[3.7400922,51.0438137],[3.7400636,51.0438137],[3.7400351,51.0438137],[3.7400065,51.0438137],[3.739978,51.0438137],[3.7399495,51.0438137],[3.7399209,51.0438137],[3.7398924,51.0438137],[3.7398638,51.0438137],[3.7398353,51.0438137],[3.7398068,51.0438137],[3.7397782,51.0438137],[3.7397497,51.0438137],[3.7397211,51.0438137],[3.7396926,51.0438137],[3.7396641,51.0438137],[3.7396355,51.0438137],[3.739607,51.0438137],[3.7395784,51.0438137],[3.7395499,51.0438138],[3.7395214,51.0438138],[3.7394928,51.0438138],[3.7394643,51.0438138],[3.7394357,51.0438138],[3.7394072,51.0438138],[3.7393787,51.0438138],[3.7393501,51.0438138],[3.7393216,51.0438138],[3.739293,51.0438138],[3.7392645,51.0438138],[3.739236,51.0438138],[3.7392074,51.0438138],[3.7391789,51.0438138],[3.7391503,51.0438138],[3.7391218,51.0438138],[3.7390932,51.0438138],[3.7390647,51.0438138],[3.7390362,51.0438138],[3.7390076,51.0438138],[3.7389791,51.0438138],[3.7389505,51.0438138],[3.738922,51.0438139],[3.7388935,51.0438139],[3.7388649,51.0438139],[3.7388364,51.0438139],[3.7388078,51.0438139],[3.7387793,51.0438139],[3.7387508,51.0438139],[3.7387222,51.0438139],[3.7386937,51.0438139],[3.7386651,51.0438139],[3.7386366,51.0438139],[3.7386081,51.0438139],[3.7385795,51.0438139],[3.738551,51.0438139],[3.7385224,51.0438139],[3.7384939,51.0438139],[3.7384654,51.0438139],[3.7384368,51.0438139],[3.7384083,51.0438139],[3.7383797,51.0438139],[3.7383512,51.0438139],[3.7383227,51.0438139],[3.7382941,51.043814],[3.7382656,51.043814],[3.738237,51.043814],[3.7382085,51.043814],[3.73818,51.043814],[3.7381514,51.043814],[3.7381229,51.043814],[3.7380943,51.043814],[3.7380658,51.043814],[3.7380373,51.043814],[3.7380087,51.043814],[3.7379802,51.043814],[3.7379516,51.043814],[3.7379231,51.043814],[3.7378946,51.043814],[3.737866,51.043814],[3.7378375,51.043814],[3.7378089,51.043814],[3.7377804,51.043814],[3.7377519,51.043814],[3.7377233,51.043814],[3.7376948,51.043814],[3.7376662,51.0438141],[3.7376377,51.0438141],[3.7376092,51.0438141],[3.7375806,51.0438141],[3.7375521,51.0438141],[3.7375235,51.0438141],[3.737495,51.0438141],[3.7374665,51.0438141],[3.7374379,51.0438141],[3.7374094,51.0438141],[3.7373808,51.0438141],[3.7373523,51.0438141],[3.7373238,51.0438141],[3.7372952,51.0438141],[3.7372667,51.0438141],[3.7372381,51.0438141],[3.7372096,51.0438141],[3.7371811,51.0438141],[3.7371525,51.0438141],[3.737124,51.0438141],[3.7370954,51.0438141],[3.7370669,51.0438141],[3.7370384,51.0438141],[3.7370098,51.0438141],[3.7369813,51.0438142],[3.7369527,51.0438142],[3.7369242,51.0438142],[3.7368957,51.0438142],[3.7368671,51.0438142],[3.7368386,51.0438142],[3.73681,51.0438142],[3.7367815,51.0438142],[3.736753,51.0438142],[3.7367244,51.0438142],[3.7366959,51.0438142],[3.7366673,51.0438142],[3.7366388,51.0438142],[3.7366103,51.0438142],[3.7365817,51.0438142],[3.7365532,51.0438142],[3.7365246,51.0438142],[3.7364961,51.0438142],[3.7364676,51.0438142],[3.736439,51.0438142],[3.7364105,51.0438142],[3.7363819,51.0438142],[3.7363534,51.0438142],[3.7363249,51.0438142],[3.7362963,51.0438142],[3.7362678,51.0438143],[3.7362392,51.0438143],[3.7362107,51.0438143],[3.7361822,51.0438143],[3.7361536,51.0438143],[3.7361251,51.0438143],[3.7360965,51.0438143],[3.736068,51.0438143],[3.7360394,51.0438143],[3.7360109,51.0438143],[3.7359824,51.0438143],[3.7359538,51.0438143],[3.7359253,51.0438143],[3.7358967,51.0438143],[3.7358682,51.0438143],[3.7358397,51.0438143],[3.7358111,51.0438143],[3.7357826,51.0438143],[3.735754,51.0438143],[3.7357255,51.0438143],[3.735697,51.0438143],[3.7356684,51.0438143],[3.7356399,51.0438143],[3.7356113,51.0438143],[3.7355828,51.0438143],[3.7355543,51.0438144],[3.7355257,51.0438144],[3.7354972,51.0438144],[3.7354686,51.0438144],[3.7354401,51.0438144],[3.7354116,51.0438144],[3.735383,51.0438144],[3.7353545,51.0438144],[3.7353259,51.0438144],[3.7352974,51.0438144],[3.7352689,51.0438144],[3.7352403,51.0438144],[3.7352118,51.0438144],[3.7351832,51.0438144],[3.7351547,51.0438144],[3.7351262,51.0438144],[3.7350976,51.0438144],[3.7350691,51.0438144],[3.7350405,51.0438144],[3.735012,51.0438144],[3.7349835,51.0438144],[3.7349549,51.0438144],[3.7349264,51.0438144],[3.7348978,51.0438144],[3.7348693,51.0438144],[3.7348408,51.0438144],[3.7348122,51.0438144],[3.7347837,51.0438145],[3.7347551,51.0438145],[3.7347266,51.0438145],[3.7346981,51.0438145],[3.7346695,51.0438145],[3.734641,51.0438145],[3.7346124,51.0438145],[3.7345839,51.0438145],[3.7345554,51.0438145],[3.7345268,51.0438145],[3.7344983,51.0438145],[3.7344697,51.0438145],[3.7344412,51.0438145],[3.7344127,51.0438145],[3.7343841,51.0438145],[3.7343556,51.0438145],[3.734327,51.0438145],[3.7342985,51.0438145],[3.73427,51.0438145],[3.7342414,51.0438145],[3.7342129,51.0438145],[3.7341843,51.0438145],[3.7341558,51.0438145],[3.7341273,51.0438145],[3.7340987,51.0438145],[3.7340702,51.0438145],[3.7340416,51.0438145],[3.7340131,51.0438145],[3.7339846,51.0438145],[3.733956,51.0438146],[3.7339275,51.0438146],[3.7338989,51.0438146],[3.7338704,51.0438146],[3.7338419,51.0438146],[3.7338133,51.0438146],[3.7337848,51.0438146],[3.7337562,51.0438146],[3.7337277,51.0438146],[3.7336992,51.0438146],[3.7336706,51.0438146],[3.7336421,51.0438146],[3.7336135,51.0438146],[3.733585,51.0438146],[3.7335565,51.0438146],[3.7335279,51.0438146],[3.7334994,51.0438146],[3.7334708,51.0438146],[3.7334423,51.0438146],[3.7334138,51.0438146],[3.7333852,51.0438146],[3.7333567,51.0438146],[3.7333281,51.0438146],[3.7332996,51.0438146],[3.7332711,51.0438146],[3.7332425,51.0438146],[3.733214,51.0438146],[3.7331854,51.0438146],[3.7331569,51.0438146],[3.7331284,51.0438146],[3.7330998,51.0438147],[3.7330713,51.0438147],[3.7330427,51.0438147],[3.7330142,51.0438147],[3.7329856,51.0438147],[3.7329571,51.0438147],[3.7329286,51.0438147],[3.7329,51.0438147],[3.7328715,51.0438147],[3.7328429,51.0438147],[3.7328144,51.0438147],[3.7327859,51.0438147],[3.7327573,51.0438147],[3.7327288,51.0438147],[3.7327002,51.0438147],[3.7326717,51.0438147],[3.7326432,51.0438147],[3.7326146,51.0438147],[3.7325861,51.0438147],[3.7325575,51.0438147],[3.732529,51.0438147],[3.7325005,51.0438147],[3.7324719,51.0438147],[3.7324434,51.0438147],[3.7324148,51.0438147],[3.7323863,51.0438147],[3.7323578,51.0438147],[3.7323292,51.0438147],[3.7323007,51.0438147],[3.7322721,51.0438147],[3.7322436,51.0438147],[3.7322151,51.0438147],[3.7321865,51.0438148],[3.732158,51.0438148],[3.7321294,51.0438148],[3.7321009,51.0438148],[3.7320724,51.0438148],[3.7320438,51.0438148],[3.7320153,51.0438148],[3.7319867,51.0438148],[3.7319582,51.0438148],[3.7319297,51.0438148],[3.7319011,51.0438148],[3.7318726,51.0438148],[3.731844,51.0438148],[3.7318155,51.0438148],[3.731787,51.0438148],[3.7317584,51.0438148],[3.7317299,51.0438148],[3.7317013,51.0438148],[3.7316728,51.0438148],[3.7316443,51.0438148],[3.7316157,51.0438148],[3.7315872,51.0438148],[3.7315586,51.0438148],[3.7315301,51.0438148],[3.7315016,51.0438148],[3.731473,51.0438148],[3.7314445,51.0438148],[3.7314159,51.0438148],[3.7313874,51.0438148],[3.7313589,51.0438148],[3.7313303,51.0438148],[3.7313018,51.0438148],[3.7312732,51.0438148],[3.7312447,51.0438148],[3.7312162,51.0438148],[3.7311876,51.0438149],[3.7311591,51.0438149],[3.7311305,51.0438149],[3.731102,51.0438149],[3.7310735,51.0438149],[3.7310449,51.0438149],[3.7310164,51.0438149],[3.7309878,51.0438149],[3.7309593,51.0438149],[3.7309308,51.0438149],[3.7309022,51.0438149],[3.7308737,51.0438149],[3.7308451,51.0438149],[3.7308166,51.0438149],[3.7307881,51.0438149],[3.7307595,51.0438149],[3.730731,51.0438149],[3.7307024,51.0438149],[3.7306739,51.0438149],[3.7306454,51.0438149],[3.7306168,51.0438149],[3.7305883,51.0438149],[3.7305597,51.0438149],[3.7305312,51.0438149],[3.7305027,51.0438149],[3.7304741,51.0438149],[3.7304456,51.0438149],[3.730417,51.0438149],[3.7303885,51.0438149],[3.73036,51.0438149],[3.7303314,51.0438149],[3.7303029,51.0438149],[3.7302743,51.0438149],[3.7302458,51.0438149],[3.7302173,51.0438149],[3.7301887,51.0438149],[3.7301602,51.0438149],[3.7301316,51.0438149],[3.7301031,51.0438149],[3.7300746,51.043815],[3.730046,51.043815],[3.7300175,51.043815],[3.7299889,51.043815],[3.7299604,51.043815],[3.7299319,51.043815],[3.7299033,51.043815],[3.7298748,51.043815],[3.7298462,51.043815],[3.7298177,51.043815],[3.7297891,51.043815],[3.7297606,51.043815],[3.7297321,51.043815],[3.7297035,51.043815],[3.729675,51.043815],[3.7296464,51.043815],[3.7296179,51.043815],[3.7295894,51.043815],[3.7295608,51.043815],[3.7295323,51.043815],[3.7295037,51.043815],[3.7294752,51.043815],[3.7294467,51.043815],[3.7294181,51.043815],[3.7293896,51.043815],[3.729361,51.043815],[3.7293325,51.043815],[3.729304,51.043815],[3.7292754,51.043815],[3.7292469,51.043815],[3.7292183,51.043815],[3.7291898,51.043815],[3.7291613,51.043815],[3.7291327,51.043815],[3.7291042,51.043815],[3.7290756,51.043815],[3.7290471,51.043815],[3.7290186,51.043815],[3.72899,51.043815],[3.7289615,51.043815],[3.7289329,51.043815],[3.7289044,51.043815],[3.7288759,51.043815],[3.7288473,51.0438151],[3.7288188,51.0438151],[3.7287902,51.0438151],[3.7287617,51.0438151],[3.7287332,51.0438151],[3.7287046,51.0438151],[3.7286761,51.0438151],[3.7286475,51.0438151],[3.728619,51.0438151],[3.7285905,51.0438151],[3.7285619,51.0438151],[3.7285334,51.0438151],[3.7285048,51.0438151],[3.7284763,51.0438151],[3.7284478,51.0438151],[3.7284192,51.0438151],[3.7283907,51.0438151],[3.7283621,51.0438151],[3.7283336,51.0438151],[3.7283051,51.0438151],[3.7282765,51.0438151],[3.728248,51.0438151],[3.7282194,51.0438151],[3.7281909,51.0438151],[3.7281624,51.0438151],[3.7281338,51.0438151],[3.7281053,51.0438151],[3.7280767,51.0438151],[3.7280482,51.0438151],[3.7280197,51.0438151],[3.7279911,51.0438151],[3.7279626,51.0438151],[3.727934,51.0438151],[3.7279055,51.0438151],[3.727877,51.0438151],[3.7278484,51.0438151],[3.7278199,51.0438151],[3.7277913,51.0438151],[3.7277628,51.0438151],[3.7277343,51.0438151],[3.7277057,51.0438151],[3.7276772,51.0438151],[3.7276486,51.0438151],[3.7276201,51.0438151],[3.7275916,51.0438151],[3.727563,51.0438151],[3.7275345,51.0438151],[3.7275059,51.0438151],[3.7274774,51.0438151],[3.7274489,51.0438151],[3.7274203,51.0438152],[3.7273918,51.0438152],[3.7273632,51.0438152],[3.7273347,51.0438152],[3.7273062,51.0438152],[3.7272776,51.0438152],[3.7272491,51.0438152],[3.7272205,51.0438152],[3.727192,51.0438152],[3.7271635,51.0438152],[3.7271349,51.0438152],[3.7271064,51.0438152],[3.7270778,51.0438152],[3.7270493,51.0438152],[3.7270208,51.0438152],[3.7269922,51.0438152],[3.7269637,51.0438152],[3.7269351,51.0438152],[3.7269066,51.0438152],[3.7268781,51.0438152],[3.7268495,51.0438152],[3.726821,51.0438152],[3.7267924,51.0438152],[3.7267639,51.0438152],[3.7267353,51.0438152],[3.7267068,51.0438152],[3.7266783,51.0438152],[3.7266497,51.0438152],[3.7266212,51.0438152],[3.7265926,51.0438152],[3.7265641,51.0438152],[3.7265356,51.0438152],[3.726507,51.0438152],[3.7264785,51.0438152],[3.7264499,51.0438152],[3.7264214,51.0438152],[3.7263929,51.0438152],[3.7263643,51.0438152],[3.7263358,51.0438152],[3.7263072,51.0438152],[3.7262787,51.0438152],[3.7262502,51.0438152],[3.7262216,51.0438152],[3.7261931,51.0438152],[3.7261645,51.0438152],[3.726136,51.0438152],[3.7261075,51.0438152],[3.7260789,51.0438152],[3.7260504,51.0438152],[3.7260218,51.0438152],[3.7259933,51.0438152],[3.7259648,51.0438152],[3.7259362,51.0438152],[3.7259077,51.0438152],[3.7258791,51.0438152],[3.7258506,51.0438152],[3.7258221,51.0438152],[3.7257935,51.0438152],[3.725765,51.0438152],[3.7257364,51.0438152],[3.7257079,51.0438152],[3.7256794,51.0438152],[3.7256508,51.0438152],[3.7256223,51.0438153],[3.7255937,51.0438153],[3.7255652,51.0438153],[3.7255367,51.0438153],[3.7255081,51.0438153],[3.7254796,51.0438153],[3.725451,51.0438153],[3.7254225,51.0438153],[3.725394,51.0438153],[3.7253654,51.0438153],[3.7253369,51.0438153],[3.7253083,51.0438153],[3.7252798,51.0438153],[3.7252513,51.0438153],[3.7252227,51.0438153],[3.7251942,51.0438153],[3.7251656,51.0438153],[3.7251371,51.0438153],[3.7251086,51.0438153],[3.72508,51.0438153],[3.7250515,51.0438153],[3.7250229,51.0438153],[3.7249944,51.0438153],[3.7249659,51.0438153],[3.7249373,51.0438153],[3.7249088,51.0438153],[3.7248802,51.0438153],[3.7248517,51.0438153],[3.7248232,51.0438153],[3.7247946,51.0438153],[3.7247661,51.0438153],[3.7247375,51.0438153],[3.724709,51.0438153],[3.7246805,51.0438153],[3.7246519,51.0438153],[3.7246234,51.0438153],[3.7245948,51.0438153],[3.7245663,51.0438153],[3.7245378,51.0438153],[3.7245092,51.0438153],[3.7244807,51.0438153],[3.7244521,51.0438153],[3.7244236,51.0438153],[3.7243951,51.0438153],[3.7243665,51.0438153],[3.724338,51.0438153],[3.7243094,51.0438153],[3.7242809,51.0438153],[3.7242524,51.0438153],[3.7242238,51.0438153],[3.7241953,51.0438153],[3.7241667,51.0438153],[3.7241382,51.0438153],[3.7241097,51.0438153],[3.7240811,51.0438153],[3.7240526,51.0438153],[3.724024,51.0438153],[3.7239955,51.0438153],[3.723967,51.0438153],[3.7239384,51.0438153],[3.7239099,51.0438153],[3.7238813,51.0438153],[3.7238528,51.0438153],[3.7238243,51.0438153],[3.7237957,51.0438153],[3.7237672,51.0438153],[3.7237386,51.0438153],[3.7237101,51.0438153],[3.7236815,51.0438153],[3.723653,51.0438153],[3.7236245,51.0438153],[3.7235959,51.0438153],[3.7235674,51.0438153],[3.7235388,51.0438153],[3.7235103,51.0438153],[3.7234818,51.0438153],[3.7234532,51.0438153],[3.7234247,51.0438153],[3.7233961,51.0438153],[3.7233676,51.0438153],[3.7233391,51.0438153],[3.7233105,51.0438153],[3.723282,51.0438153],[3.7232534,51.0438153],[3.7232249,51.0438153],[3.7231964,51.0438153],[3.7231678,51.0438153],[3.7231393,51.0438153],[3.7231107,51.0438153],[3.7230822,51.0438153],[3.7230537,51.0438153],[3.7230251,51.0438153],[3.7229966,51.0438153],[3.722968,51.0438153],[3.7229395,51.0438153],[3.722911,51.0438153],[3.7228824,51.0438154],[3.7228539,51.0438154],[3.7228253,51.0438154],[3.7227968,51.0438154],[3.7227683,51.0438154],[3.7227397,51.0438154],[3.7227112,51.0438154],[3.7226826,51.0438154],[3.7226541,51.0438154],[3.7226256,51.0438154],[3.722597,51.0438154],[3.7225685,51.0438154],[3.7225399,51.0438154],[3.7225114,51.0438154],[3.7224829,51.0438154],[3.7224543,51.0438154],[3.7224258,51.0438154],[3.7223972,51.0438154],[3.7223687,51.0438154],[3.7223402,51.0438154],[3.7223116,51.0438154],[3.7222831,51.0438154],[3.7222545,51.0438154],[3.722226,51.0438154],[3.7221975,51.0438154],[3.7221689,51.0438154],[3.7221404,51.0438154],[3.7221118,51.0438154],[3.7220833,51.0438154],[3.7220548,51.0438154],[3.7220262,51.0438154],[3.7219977,51.0438154],[3.7219691,51.0438154],[3.7219406,51.0438154],[3.7219121,51.0438154],[3.7218835,51.0438154],[3.721855,51.0438154],[3.7218264,51.0438154],[3.7217979,51.0438154],[3.7217694,51.0438154],[3.7217408,51.0438154],[3.7217123,51.0438154],[3.7216837,51.0438154],[3.7216552,51.0438154],[3.7216267,51.0438154],[3.7215981,51.0438154],[3.7215696,51.0438154],[3.721541,51.0438154],[3.7215125,51.0438154],[3.721484,51.0438154],[3.7214554,51.0438154],[3.7214269,51.0438154],[3.7213983,51.0438154],[3.7213698,51.0438154],[3.7213413,51.0438154],[3.7213127,51.0438154],[3.7212842,51.0438154],[3.7212556,51.0438154],[3.7212271,51.0438154],[3.7211986,51.0438154],[3.72117,51.0438154],[3.7211415,51.0438154],[3.7211129,51.0438154],[3.7210844,51.0438154],[3.7210559,51.0438154],[3.7210273,51.0438154],[3.7209988,51.0438154],[3.7209702,51.0438154],[3.7209417,51.0438154],[3.7209132,51.0438154],[3.7208846,51.0438154],[3.7208561,51.0438154],[3.7208275,51.0438154],[3.720799,51.0438154],[3.7207705,51.0438154],[3.7207419,51.0438154],[3.7207134,51.0438154],[3.7206848,51.0438154],[3.7206563,51.0438154],[3.7206277,51.0438154],[3.7205992,51.0438154],[3.7205707,51.0438154],[3.7205421,51.0438154],[3.7205136,51.0438154],[3.720485,51.0438154],[3.7204565,51.0438154],[3.720428,51.0438154],[3.7203994,51.0438154],[3.7203709,51.0438154],[3.7203423,51.0438154],[3.7203138,51.0438154],[3.7202853,51.0438154],[3.7202567,51.0438154],[3.7202282,51.0438154],[3.7201996,51.0438154],[3.7201711,51.0438154]]}},{"type":"Feature","properties":{"highway":"residential","smoothness":"good","surface":"asphalt","width":7},"geometry":{"type":"LineString","coordinates":[[3.7201711,51.0438154],[3.7201399,51.0438199],[3.7201111,51.0438286],[3.7200861,51.0438412],[3.7200661,51.043857],[3.7200522,51.0438751],[3.7200451,51.0438948],[3.7200451,51.043915],[3.7200451,51.043933],[3.7200451,51.043951],[3.7200451,51.043969],[3.7200451,51.043987],[3.7200451,51.044005],[3.7200451,51.044023],[3.7200451,51.044041],[3.7200451,51.044059],[3.7200451,51.044077],[3.7200451,51.044095],[3.7200451,51.044113],[3.7200451,51.044131],[3.7200451,51.044149],[3.7200451,51.044167],[3.7200451,51.044185],[3.7200451,51.044203],[3.7200451,51.044221],[3.7200451,51.044239],[3.7200451,51.044257],[3.7200451,51.0442751],[3.7200451,51.0442931],[3.7200451,51.0443111],[3.7200451,51.0443291],[3.7200451,51.0443471],[3.7200451,51.0443651],[3.7200451,51.0443831],[3.7200451,51.0444011],[3.7200451,51.0444191],[3.7200451,51.0444371],[3.7200451,51.0444551],[3.7200451,51.0444731],[3.7200451,51.0444911],[3.7200451,51.0445091],[3.7200451,51.0445271],[3.7200451,51.0445451],[3.7200451,51.0445631],[3.7200451,51.0445811],[3.7200451,51.0445991],[3.7200451,51.0446171],[3.7200451,51.0446351],[3.7200451,51.0446531],[3.7200451,51.0446711],[3.7200451,51.0446891],[3.7200451,51.0447071],[3.7200451,51.0447251],[3.7200451,51.0447431],[3.7200451,51.0447611],[3.7200451,51.0447791],[3.7200451,51.0447971],[3.7200451,51.0448152],[3.7200451,51.0448332],[3.7200451,51.0448512],[3.7200451,51.0448692],[3.7200451,51.0448872],[3.7200451,51.0449052],[3.7200451,51.0449232],[3.7200451,51.0449412],[3.7200451,51.0449592],[3.7200451,51.0449772],[3.7200451,51.0449952],[3.7200451,51.0450132],[3.7200451,51.0450312],[3.7200451,51.0450492],[3.7200451,51.0450672],[3.7200451,51.0450852],[3.7200451,51.0451032],[3.7200451,51.0451212],[3.7200451,51.0451392],[3.7200451,51.0451572],[3.7200451,51.0451752],[3.7200451,51.0451932],[3.7200451,51.0452112],[3.7200451,51.0452292],[3.7200451,51.0452472],[3.7200451,51.0452652],[3.7200451,51.0452832],[3.7200451,51.0453012],[3.7200451,51.0453192],[3.7200451,51.0453373],[3.7200451,51.0453553],[3.7200451,51.0453733],[3.7200451,51.0453913],[3.7200451,51.0454093],[3.7200451,51.0454273],[3.7200451,51.0454453],[3.7200451,51.0454633],[3.7200451,51.0454813],[3.7200451,51.0454993],[3.7200451,51.0455173],[3.7200451,51.0455353],[3.7200451,51.0455533],[3.7200451,51.0455713],[3.7200451,51.0455893],[3.7200451,51.0456073],[3.7200451,51.0456253],[3.7200451,51.0456433],[3.7200451,51.0456613],[3.7200451,51.0456793],[3.7200451,51.0456973],[3.7200451,51.0457153],[3.7200451,51.0457333],[3.7200451,51.0457513],[3.7200451,51.0457693],[3.7200451,51.0457873],[3.7200451,51.0458053],[3.7200451,51.0458233],[3.7200451,51.0458413],[3.7200451,51.0458593],[3.7200451,51.0458774],[3.7200451,51.0458954],[3.7200451,51.0459134],[3.7200451,51.0459314],[3.7200451,51.0459494],[3.7200451,51.0459674],[3.7200451,51.0459854],[3.7200451,51.0460034],[3.7200451,51.0460214],[3.7200451,51.0460394],[3.7200451,51.0460574],[3.7200451,51.0460754],[3.7200451,51.0460934],[3.7200451,51.0461114],[3.7200451,51.0461294],[3.7200451,51.0461474],[3.7200451,51.0461654],[3.7200451,51.0461834],[3.7200451,51.0462014],[3.7200451,51.0462194],[3.7200451,51.0462374],[3.7200451,51.0462554],[3.7200451,51.0462734],[3.7200451,51.0462914],[3.7200451,51.0463094],[3.7200451,51.0463274],[3.7200451,51.0463454],[3.7200451,51.0463634],[3.7200451,51.0463814],[3.7200451,51.0463995],[3.7200451,51.0464175],[3.7200451,51.0464355],[3.7200451,51.0464535],[3.7200451,51.0464715],[3.7200451,51.0464895],[3.7200451,51.0465075],[3.7200451,51.0465255],[3.7200451,51.0465435],[3.7200451,51.0465615],[3.7200451,51.0465795],[3.7200451,51.0465975],[3.7200451,51.0466155],[3.7200451,51.0466335],[3.7200451,51.0466515],[3.7200451,51.0466695],[3.7200451,51.0466875],[3.7200451,51.0467055],[3.7200451,51.0467235],[3.7200451,51.0467415],[3.7200451,51.0467595],[3.7200451,51.0467775],[3.7200451,51.0467955],[3.7200451,51.0468135],[3.7200451,51.0468315],[3.7200451,51.0468495],[3.7200451,51.0468675],[3.7200451,51.0468855],[3.7200451,51.0469035],[3.7200451,51.0469215],[3.7200451,51.0469396],[3.7200451,51.0469576],[3.7200451,51.0469756],[3.7200451,51.0469936],[3.7200451,51.0470116],[3.7200451,51.0470296],[3.7200451,51.0470476],[3.7200451,51.0470656],[3.7200451,51.0470836],[3.7200451,51.0471016],[3.7200451,51.0471196],[3.7200451,51.0471376],[3.7200451,51.0471556],[3.7200451,51.0471736],[3.7200451,51.0471916],[3.7200451,51.0472096],[3.7200451,51.0472276],[3.7200451,51.0472456],[3.7200451,51.0472636],[3.7200451,51.0472816],[3.7200451,51.0472996],[3.7200451,51.0473176],[3.7200451,51.0473356],[3.7200451,51.0473536],[3.7200451,51.0473716],[3.7200451,51.0473896],[3.7200451,51.0474076],[3.7200451,51.0474256],[3.7200451,51.0474436],[3.7200451,51.0474617],[3.7200451,51.0474797],[3.7200451,51.0474977],[3.7200451,51.0475157],[3.7200451,51.0475337],[3.7200451,51.0475517],[3.7200451,51.0475697],[3.7200451,51.0475877],[3.7200451,51.0476057],[3.7200451,51.0476237],[3.7200451,51.0476417],[3.7200451,51.0476597],[3.7200451,51.0476777],[3.7200451,51.0476957],[3.7200451,51.0477137],[3.7200451,51.0477317],[3.7200451,51.0477497],[3.7200451,51.0477677],[3.7200451,51.0477857],[3.7200451,51.0478037],[3.7200451,51.0478217],[3.7200451,51.0478397],[3.7200451,51.0478577],[3.7200451,51.0478757],[3.7200451,51.0478937],[3.7200451,51.0479117],[3.7200451,51.0479297],[3.7200451,51.0479477],[3.7200451,51.0479657],[3.7200451,51.0479837],[3.7200451,51.0480018],[3.7200451,51.0480198],[3.7200451,51.0480378],[3.7200451,51.0480558],[3.7200451,51.0480738],[3.7200451,51.0480918],[3.7200451,51.0481098],[3.7200451,51.0481278],[3.7200451,51.0481458],[3.7200451,51.0481638],[3.7200451,51.0481818],[3.7200451,51.0481998],[3.7200451,51.0482178],[3.7200451,51.0482358],[3.7200451,51.0482538],[3.7200451,51.0482718],[3.7200451,51.0482898],[3.7200451,51.0483078],[3.7200451,51.0483258],[3.7200451,51.0483438],[3.7200451,51.0483618],[3.7200451,51.0483798],[3.7200451,51.0483978],[3.7200451,51.0484158],[3.7200451,51.0484338],[3.7200451,51.0484518],[3.7200451,51.0484698],[3.7200451,51.0484878],[3.7200451,51.0485058],[3.7200451,51.0485239],[3.7200451,51.0485419],[3.7200451,51.0485599],[3.7200451,51.0485779],[3.7200451,51.0485959],[3.7200451,51.0486139],[3.7200451,51.0486319],[3.7200451,51.0486499],[3.7200451,51.0486679],[3.7200451,51.0486859],[3.7200451,51.0487039],[3.7200451,51.0487219],[3.7200451,51.0487399],[3.7200451,51.0487579],[3.7200451,51.0487759],[3.7200451,51.0487939],[3.7200451,51.0488119],[3.7200451,51.0488299],[3.7200451,51.0488479],[3.7200451,51.0488659],[3.7200451,51.0488839],[3.7200451,51.0489019],[3.7200451,51.0489199],[3.7200451,51.0489379],[3.7200451,51.0489559],[3.7200451,51.0489739],[3.7200451,51.0489919],[3.7200451,51.0490099],[3.7200451,51.0490279],[3.7200451,51.0490459],[3.7200451,51.049064],[3.7200451,51.049082],[3.7200451,51.0491],[3.7200451,51.049118],[3.7200451,51.049136],[3.7200451,51.049154],[3.7200451,51.049172],[3.7200451,51.04919],[3.7200451,51.049208],[3.7200451,51.049226],[3.7200451,51.049244],[3.7200451,51.049262],[3.7200451,51.04928],[3.7200451,51.049298],[3.7200451,51.049316],[3.7200451,51.049334],[3.7200451,51.049352],[3.7200451,51.04937],[3.7200451,51.049388],[3.7200451,51.049406],[3.7200451,51.049424],[3.7200451,51.049442],[3.7200451,51.04946],[3.7200451,51.049478],[3.7200451,51.049496],[3.7200451,51.049514],[3.7200451,51.049532],[3.7200451,51.04955],[3.7200451,51.049568],[3.7200451,51.0495861],[3.7200451,51.0496041],[3.7200451,51.0496221],[3.7200451,51.0496401],[3.7200451,51.0496581],[3.7200451,51.0496761],[3.7200451,51.0496941],[3.7200451,51.0497121],[3.7200451,51.0497301],[3.7200451,51.0497481],[3.7200451,51.0497661],[3.7200451,51.0497841],[3.7200451,51.0498021],[3.7200451,51.0498201],[3.7200451,51.0498381],[3.7200451,51.0498561],[3.7200451,51.0498741],[3.7200451,51.0498921],[3.7200451,51.0499101],[3.7200451,51.0499101],[3.7200451,51.0499101]]}},{"type":"Feature","properties":{"waterway":"canal","natural":"water"},"geometry":{"type":"Polygon","coordinates":[[[3.7351814,51.0350407],[3.7356091,51.0350407],[3.7356273,51.0889735],[3.7351991,51.0889736],[3.7351814,51.0350407]]]}},{"type":"Feature","properties":{"building":"apartments","height":13.9,"building:levels":5},"geometry":{"type":"Polygon","coordinates":[[[3.7197576,51.050018],[3.7198717,51.050018],[3.7198717,51.0501258],[3.7197576,51.0501258],[3.7197576,51.050018]]]}},{"type":"Feature","properties":{"building":"house","height":13.3,"building:levels":3},"geometry":{"type":"Polygon","coordinates":[[[3.7201283,51.050018],[3.7202424,51.050018],[3.7202424,51.0501258],[3.7201283,51.0501258],[3.7201283,51.050018]]]}},{"type":"Feature","properties":{"building":"house","height":17.2,"building:levels":6},"geometry":{"type":"Polygon","coordinates":[[[3.7197576,51.0501258],[3.7198717,51.0501258],[3.7198717,51.0502337],[3.7197576,51.0502337],[3.7197576,51.0501258]]]}},{"type":"Feature","properties":{"building":"apartments","height":11.1,"building:levels":6},"geometry":{"type":"Polygon","coordinates":[[[3.7201283,51.0501258],[3.7202424,51.0501258],[3.7202424,51.0502337],[3.7201283,51.0502337],[3.7201283,51.0501258]]]}},{"type":"Feature","properties":{"building":"apartments","height":13.9,"building:levels":6},"geometry":{"type":"Polygon","coordinates":[[[3.7197576,51.0502337],[3.7198717,51.0502337],[3.7198717,51.0503416],[3.7197576,51.0503416],[3.7197576,51.0502337]]]}},{"type":"Feature","properties":{"building":"house","height":10.4,"building:levels":4},"geometry":{"type":"Polygon","coordinates":[[[3.7201283,51.0502337],[3.7202424,51.0502337],[3.7202424,51.0503416],[3.7201283,51.0503416],[3.7201283,51.0502337]]]}},{"type":"Feature","properties":{"building":"house","height":13.7,"building:levels":3},"geometry":{"type":"Polygon","coordinates":[[[3.7197576,51.0503416],[3.7198717,51.0503416],[3.7198717,51.0504494],[3.7197576,51.0504494],[3.7197576,51.0503416]]]}},{"type":"Feature","properties":{"building":"house","height":9.6,"building:levels":3},"geometry":{"type":"Polygon","coordinates":[[[3.7201283,51.0503416],[3.7202424,51.0503416],[3.7202424,51.0504494],[3.7201283,51.0504494],[3.7201283,51.0503416]]]}},{"type":"Feature","properties":{"building":"apartments","height":9.3,"building:levels":5},"geometry":{"type":"Polygon","coordinates":[[[3.7197576,51.0504494],[3.7198717,51.0504494],[3.7198717,51.0505573],[3.7197576,51.0505573],[3.7197576,51.0504494]]]}},{"type":"Feature","properties":{"building":"apartments","height":15.5,"building:levels":6},"geometry":{"type":"Polygon","coordinates":[[[3.7201283,51.0504494],[3.7202424,51.0504494],[3.7202424,51.0505573],[3.7201283,51.0505573],[3.7201283,51.0504494]]]}},{"type":"Feature","properties":{"building":"house","height":17.3,"building:levels":6},"geometry":{"type":"Polygon","coordinates":[[[3.7197576,51.0505573],[3.7198717,51.0505573],[3.7198717,51.0506652],[3.7197576,51.0506652],[3.7197576,51.0505573]]]}},{"type":"Feature","properties":{"building":"house","height":14.2,"building:levels":4},"geometry":{"type":"Polygon","coordinates":[[[3.7201283,51.0505573],[3.7202424,51.0505573],[3.7202424,51.0506652],[3.7201283,51.0506652],[3.7201283,51.0505573]]]}},{"type":"Feature","properties":{"building":"house","height":9.9,"building:levels":4},"geometry":{"type":"Polygon","coordinates":[[[3.7197576,51.0506652],[3.7198717,51.0506652],[3.7198717,51.050773],[3.7197576,51.050773],[3.7197576,51.0506652]]]}},{"type":"Feature","properties":{"building":"apartments","height":11.3,"building:levels":6},"geometry":{"type":"Polygon","coordinates":[[[3.7201283,51.0506652],[3.7202424,51.0506652],[3.7202424,51.050773],[3.7201283,51.050773],[3.7201283,51.0506652]]]}},{"type":"Feature","properties":{"building":"house","height":16.7,"building:levels":6},"geometry":{"type":"Polygon","coordinates":[[[3.7197576,51.050773],[3.7198717,51.050773],[3.7198717,51.0508809],[3.7197576,51.0508809],[3.7197576,51.050773]]]}},{"type":"Feature","properties":{"building":"apartments","height":12.5,"building:levels":5},"geometry":{"type":"Polygon","coordinates":[[[3.7201283,51.050773],[3.7202424,51.050773],[3.7202424,51.0508809],[3.7201283,51.0508809],[3.7201283,51.050773]]]}},{"type":"Feature","properties":{"building":"apartments","height":12.7,"building:levels":4},"geometry":{"type":"Polygon","coordinates":[[[3.7197576,51.0508809],[3.7198717,51.0508809],[3.7198716,51.0509888],[3.7197576,51.0509888],[3.7197576,51.0508809]]]}},{"type":"Feature","properties":{"building":"house","height":15.1,"building:levels":3},"geometry":{"type":"Polygon","coordinates":[[[3.7201283,51.0508809],[3.7202424,51.0508809],[3.7202424,51.0509888],[3.7201284,51.0509888],[3.7201283,51.0508809]]]}},{"type":"Feature","properties":{"building":"house","height":17.9,"building:levels":4},"geometry":{"type":"Polygon","coordinates":[[[3.7197576,51.0509888],[3.7198716,51.0509888],[3.7198716,51.0510966],[3.7197576,51.0510966],[3.7197576,51.0509888]]]}},{"type":"Feature","properties":{"building":"house","height":11.9,"building:levels":3},"geometry":{"type":"Polygon","coordinates":[[[3.7201284,51.0509888],[3.7202424,51.0509888],[3.7202424,51.0510966],[3.7201284,51.0510966],[3.7201284,51.0509888]]]}},{"type":"Feature","properties":{"building":"house","height":10.9,"building:levels":5},"geometry":{"type":"Polygon","coordinates":[[[3.7197576,51.0510966],[3.7198716,51.0510966],[3.7198716,51.0512045],[3.7197576,51.0512045],[3.7197576,51.0510966]]]}},{"type":"Feature","properties":{"building":"apartments","height":9.6,"building:levels":6},"geometry":{"type":"Polygon","coordinates":[[[3.7201284,51.0510966],[3.7202424,51.0510966],[3.7202424,51.0512045],[3.7201284,51.0512045],[3.7201284,51.0510966]]]}},{"type":"Feature","properties":{"building":"apartments","height":16.2,"building:levels":6},"geometry":{"type":"Polygon","coordinates":[[[3.7197576,51.0512045],[3.7198716,51.0512045],[3.7198716,51.0513124],[3.7197576,51.0513124],[3.7197576,51.0512045]]]}},{"type":"Feature","properties":{"building":"house","height":9.2,"building:levels":6},"geometry":{"type":"Polygon","coordinates":[[[3.7201284,51.0512045],[3.7202424,51.0512045],[3.7202424,51.0513124],[3.7201284,51.0513124],[3.7201284,51.0512045]]]}},{"type":"Feature","properties":{"building":"house","height":16.9,"building:levels":3},"geometry":{"type":"Polygon","coordinates":[[[3.7197576,51.0513124],[3.7198716,51.0513124],[3.7198716,51.0514202],[3.7197576,51.0514202],[3.7197576,51.0513124]]]}},{"type":"Feature","properties":{"building":"house","height":15.9,"building:levels":6},"geometry":{"type":"Polygon","coordinates":[[[3.7201284,51.0513124],[3.7202424,51.0513124],[3.7202424,51.0514202],[3.7201284,51.0514202],[3.7201284,51.0513124]]]}},{"type":"Feature","properties":{"building":"house","height":12.0,"building:levels":5},"geometry":{"type":"Polygon","coordinates":[[[3.7197576,51.0514202],[3.7198716,51.0514202],[3.7198716,51.0515281],[3.7197576,51.0515281],[3.7197576,51.0514202]]]}},{"type":"Feature","properties":{"building":"apartments","height":18.0,"building:levels":5},"geometry":{"type":"Polygon","coordinates":[[[3.7201284,51.0514202],[3.7202424,51.0514202],[3.7202424,51.0515281],[3.7201284,51.0515281],[3.7201284,51.0514202]]]}},{"type":"Feature","properties":{"building":"apartments","height":10.0,"building:levels":3},"geometry":{"type":"Polygon","coordinates":[[[3.7197576,51.0515281],[3.7198716,51.0515281],[3.7198716,51.051636],[3.7197576,51.051636],[3.7197576,51.0515281]]]}},{"type":"Feature","properties":{"building":"house","height":17.7,"building:levels":5},"geometry":{"type":"Polygon","coordinates":[[[3.7201284,51.0515281],[3.7202424,51.0515281],[3.7202424,51.051636],[3.7201284,51.051636],[3.7201284,51.0515281]]]}},{"type":"Feature","properties":{"building":"house","height":10.4,"building:levels":3},"geometry":{"type":"Polygon","coordinates":[[[3.7197576,51.051636],[3.7198716,51.051636],[3.7198716,51.0517438],[3.7197576,51.0517438],[3.7197576,51.051636]]]}},{"type":"Feature","properties":{"building":"house","height":12.1,"building:levels":5},"geometry":{"type":"Polygon","coordinates":[[[3.7201284,51.051636],[3.7202424,51.051636],[3.7202424,51.0517438],[3.7201284,51.0517438],[3.7201284,51.051636]]]}},{"type":"Feature","properties":{"building":"house","height":17.1,"building:levels":6},"geometry":{"type":"Polygon","coordinates":[[[3.7197576,51.0517438],[3.7198716,51.0517438],[3.7198716,51.0518517],[3.7197576,51.0518517],[3.7197576,51.0517438]]]}},{"type":"Feature","properties":{"building":"apartments","height":16.8,"building:levels":6},"geometry":{"type":"Polygon","coordinates":[[[3.7201284,51.0517438],[3.7202424,51.0517438],[3.7202424,51.0518517],[3.7201284,51.0518517],[3.7201284,51.0517438]]]}},{"type":"Feature","properties":{"building":"house","height":14.4,"building:levels":3},"geometry":{"type":"Polygon","coordinates":[[[3.7197576,51.0518517],[3.7198716,51.0518517],[3.7198716,51.0519596],[3.7197576,51.0519596],[3.7197576,51.0518517]]]}},{"type":"Feature","properties":{"building":"house","height":17.5,"building:levels":5},"geometry":{"type":"Polygon","coordinates":[[[3.7201284,51.0518517],[3.7202424,51.0518517],[3.7202424,51.0519596],[3.7201284,51.0519596],[3.7201284,51.0518517]]]}},{"type":"Feature","properties":{"building":"apartments","height":15.5,"building:levels":4},"geometry":{"type":"Polygon","coordinates":[[[3.7197576,51.0519596],[3.7198716,51.0519596],[3.7198716,51.0520674],[3.7197576,51.0520674],[3.7197576,51.0519596]]]}},{"type":"Feature","properties":{"building":"house","height":12.9,"building:levels":5},"geometry":{"type":"Polygon","coordinates":[[[3.7201284,51.0519596],[3.7202424,51.0519596],[3.7202424,51.0520674],[3.7201284,51.0520674],[3.7201284,51.0519596]]]}},{"type":"Feature","properties":{"building":"apartments","height":13.9,"building:levels":3},"geometry":{"type":"Polygon","coordinates":[[[3.7197576,51.0520674],[3.7198716,51.0520674],[3.7198716,51.0521753],[3.7197576,51.0521753],[3.7197576,51.0520674]]]}},{"type":"Feature","properties":{"building":"house","height":17.9,"building:levels":5},"geometry":{"type":"Polygon","coordinates":[[[3.7201284,51.0520674],[3.7202424,51.0520674],[3.7202424,51.0521753],[3.7201284,51.0521753],[3.7201284,51.0520674]]]}},{"type":"Feature","properties":{"building":"apartments","height":14.5,"building:levels":4},"geometry":{"type":"Polygon","coordinates":[[[3.7197576,51.0521753],[3.7198716,51.0521753],[3.7198716,51.0522832],[3.7197576,51.0522832],[3.7197576,51.0521753]]]}},{"type":"Feature","properties":{"building":"apartments","height":14.6,"building:levels":6},"geometry":{"type":"Polygon","coordinates":[[[3.7201284,51.0521753],[3.7202424,51.0521753],[3.7202424,51.0522832],[3.7201284,51.0522832],[3.7201284,51.0521753]]]}},{"type":"Feature","properties":{"building":"apartments","height":17.3,"building:levels":5},"geometry":{"type":"Polygon","coordinates":[[[3.7197576,51.0522832],[3.7198716,51.0522832],[3.7198716,51.052391],[3.7197576,51.052391],[3.7197576,51.0522832]]]}},{"type":"Feature","properties":{"building":"house","height":9.2,"building:levels":3},"geometry":{"type":"Polygon","coordinates":[[[3.7201284,51.0522832],[3.7202424,51.0522832],[3.7202424,51.052391],[3.7201284,51.052391],[3.7201284,51.0522832]]]}},{"type":"Feature","properties":{"building":"house","height":9.2,"building:levels":5},"geometry":{"type":"Polygon","coordinates":[[[3.7197576,51.052391],[3.7198716,51.052391],[3.7198716,51.0524989],[3.7197576,51.0524989],[3.7197576,51.052391]]]}},{"type":"Feature","properties":{"building":"apartments","height":13.1,"building:levels":5},"geometry":{"type":"Polygon","coordinates":[[[3.7201284,51.052391],[3.7202424,51.052391],[3.7202424,51.0524989],[3.7201284,51.0524989],[3.7201284,51.052391]]]}},{"type":"Feature","properties":{"building":"apartments","height":10.7,"building:levels":5},"geometry":{"type":"Polygon","coordinates":[[[3.7197576,51.0524989],[3.7198716,51.0524989],[3.7198716,51.0526068],[3.7197576,51.0526068],[3.7197576,51.0524989]]]}},{"type":"Feature","properties":{"building":"house","height":11.4,"building:levels":6},"geometry":{"type":"Polygon","coordinates":[[[3.7201284,51.0524989],[3.7202424,51.0524989],[3.7202424,51.0526068],[3.7201284,51.0526068],[3.7201284,51.0524989]]]}},{"type":"Feature","properties":{"building":"apartments","height":16.3,"building:levels":4},"geometry":{"type":"Polygon","coordinates":[[[3.7197576,51.0526068],[3.7198716,51.0526068],[3.7198716,51.0527146],[3.7197576,51.0527146],[3.7197576,51.0526068]]]}},{"type":"Feature","properties":{"building":"apartments","height":11.0,"building:levels":5},"geometry":{"type":"Polygon","coordinates":[[[3.7201284,51.0526068],[3.7202424,51.0526068],[3.7202424,51.0527146],[3.7201284,51.0527146],[3.7201284,51.0526068]]]}},{"type":"Feature","properties":{"building":"apartments","height":10.7,"building:levels":6},"geometry":{"type":"Polygon","coordinates":[[[3.7197576,51.0527146],[3.7198716,51.0527146],[3.7198716,51.0528225],[3.7197576,51.0528225],[3.7197576,51.0527146]]]}},{"type":"Feature","properties":{"building":"house","height":9.9,"building:levels":5},"geometry":{"type":"Polygon","coordinates":[[[3.7201284,51.0527146],[3.7202424,51.0527146],[3.7202424,51.0528225],[3.7201284,51.0528225],[3.7201284,51.0527146]]]}},{"type":"Feature","properties":{"building":"house","height":15.1,"building:levels":4},"geometry":{"type":"Polygon","coordinates":[[[3.7197576,51.0528225],[3.7198716,51.0528225],[3.7198716,51.0529304],[3.7197576,51.0529304],[3.7197576,51.0528225]]]}},{"type":"Feature","properties":{"building":"apartments","height":16.7,"building:levels":4},"geometry":{"type":"Polygon","coordinates":[[[3.7201284,51.0528225],[3.7202424,51.0528225],[3.7202424,51.0529304],[3.7201284,51.0529304],[3.7201284,51.0528225]]]}},{"type":"Feature","properties":{"building":"apartments","height":15.7,"building:levels":4},"geometry":{"type":"Polygon","coordinates":[[[3.7197576,51.0529304],[3.7198716,51.0529304],[3.7198716,51.0530382],[3.7197576,51.0530382],[3.7197576,51.0529304]]]}},{"type":"Feature","properties":{"building":"house","height":13.1,"building:levels":4},"geometry":{"type":"Polygon","coordinates":[[[3.7201284,51.0529304],[3.7202424,51.0529304],[3.7202424,51.0530382],[3.7201284,51.0530382],[3.7201284,51.0529304]]]}},{"type":"Feature","properties":{"building":"house","height":9.3,"building:levels":4},"geometry":{"type":"Polygon","coordinates":[[[3.7197576,51.0530382],[3.7198716,51.0530382],[3.7198716,51.0531461],[3.7197575,51.0531461],[3.7197576,51.0530382]]]}},{"type":"Feature","properties":{"building":"apartments","height":16.5,"building:levels":4},"geometry":{"type":"Polygon","coordinates":[[[3.7201284,51.0530382],[3.7202424,51.0530382],[3.7202425,51.0531461],[3.7201284,51.0531461],[3.7201284,51.0530382]]]}},{"type":"Feature","properties":{"building":"house","height":12.1,"building:levels":3},"geometry":{"type":"Polygon","coordinates":[[[3.7197575,51.0531461],[3.7198716,51.0531461],[3.7198716,51.053254],[3.7197575,51.053254],[3.7197575,51.0531461]]]}},{"type":"Feature","properties":{"building":"house","height":12.1,"building:levels":4},"geometry":{"type":"Polygon","coordinates":[[[3.7201284,51.0531461],[3.7202425,51.0531461],[3.7202425,51.053254],[3.7201284,51.053254],[3.7201284,51.0531461]]]}},{"type":"Feature","properties":{"building":"apartments","height":13.7,"building:levels":5},"geometry":{"type":"Polygon","coordinates":[[[3.7197575,51.053254],[3.7198716,51.053254],[3.7198716,51.0533618],[3.7197575,51.0533618],[3.7197575,51.053254]]]}},{"type":"Feature","properties":{"building":"apartments","height":14.7,"building:levels":5},"geometry":{"type":"Polygon","coordinates":[[[3.7201284,51.053254],[3.7202425,51.053254],[3.7202425,51.0533618],[3.7201284,51.0533618],[3.7201284,51.053254]]]}},{"type":"Feature","properties":{"building":"apartments","height":12.7,"building:levels":6},"geometry":{"type":"Polygon","coordinates":[[[3.7197575,51.0533618],[3.7198716,51.0533618],[3.7198716,51.0534697],[3.7197575,51.0534697],[3.7197575,51.0533618]]]}},{"type":"Feature","properties":{"building":"apartments","height":9.0,"building:levels":6},"geometry":{"type":"Polygon","coordinates":[[[3.7201284,51.0533618],[3.7202425,51.0533618],[3.7202425,51.0534697],[3.7201284,51.0534697],[3.7201284,51.0533618]]]}},{"type":"Feature","properties":{"building":"apartments","height":17.9,"building:levels":4},"geometry":{"type":"Polygon","coordinates":[[[3.7197575,51.0534697],[3.7198716,51.0534697],[3.7198716,51.0535776],[3.7197575,51.0535776],[3.7197575,51.0534697]]]}},{"type":"Feature","properties":{"building":"apartments","height":13.1,"building:levels":5},"geometry":{"type":"Polygon","coordinates":[[[3.7201284,51.0534697],[3.7202425,51.0534697],[3.7202425,51.0535776],[3.7201284,51.0535776],[3.7201284,51.0534697]]]}},{"type":"Feature","properties":{"building":"apartments","height":17.0,"building:levels":3},"geometry":{"type":"Polygon","coordinates":[[[3.7197575,51.0535776],[3.7198716,51.0535776],[3.7198716,51.0536854],[3.7197575,51.0536854],[3.7197575,51.0535776]]]}},{"type":"Feature","properties":{"building":"house","height":17.7,"building:levels":3},"geometry":{"type":"Polygon","coordinates":[[[3.7201284,51.0535776],[3.7202425,51.0535776],[3.7202425,51.0536854],[3.7201284,51.0536854],[3.7201284,51.0535776]]]}},{"type":"Feature","properties":{"building":"house","height":9.4,"building:levels":4},"geometry":{"type":"Polygon","coordinates":[[[3.7197575,51.0536854],[3.7198716,51.0536854],[3.7198716,51.0537933],[3.7197575,51.0537933],[3.7197575,51.0536854]]]}},{"type":"Feature","properties":{"building":"house","height":17.1,"building:levels":3},"geometry":{"type":"Polygon","coordinates":[[[3.7201284,51.0536854],[3.7202425,51.0536854],[3.7202425,51.0537933],[3.7201284,51.0537933],[3.7201284,51.0536854]]]}},{"type":"Feature","properties":{"building":"apartments","height":15.7,"building:levels":4},"geometry":{"type":"Polygon","coordinates":[[[3.7197575,51.0537933],[3.7198716,51.0537933],[3.7198716,51.0539011],[3.7197575,51.0539011],[3.7197575,51.0537933]]]}},{"type":"Feature","properties":{"building":"apartments","height":11.2,"building:levels":3},"geometry":{"type":"Polygon","coordinates":[[[3.7201284,51.0537933],[3.7202425,51.0537933],[3.7202425,51.0539011],[3.7201284,51.0539011],[3.7201284,51.0537933]]]}},{"type":"Feature","properties":{"building":"apartments","height":12.7,"building:levels":3},"geometry":{"type":"Polygon","coordinates":[[[3.7197575,51.0539011],[3.7198716,51.0539011],[3.7198716,51.054009],[3.7197575,51.054009],[3.7197575,51.0539011]]]}},{"type":"Feature","properties":{"building":"apartments","height":11.3,"building:levels":6},"geometry":{"type":"Polygon","coordinates":[[[3.7201284,51.0539011],[3.7202425,51.0539011],[3.7202425,51.054009],[3.7201284,51.054009],[3.7201284,51.0539011]]]}},{"type":"Feature","properties":{"building":"house","height":9.6,"building:levels":4},"geometry":{"type":"Polygon","coordinates":[[[3.7197575,51.054009],[3.7198716,51.054009],[3.7198716,51.0541169],[3.7197575,51.0541169],[3.7197575,51.054009]]]}},{"type":"Feature","properties":{"building":"apartments","height":13.8,"building:levels":3},"geometry":{"type":"Polygon","coordinates":[[[3.7201284,51.054009],[3.7202425,51.054009],[3.7202425,51.0541169],[3.7201284,51.0541169],[3.7201284,51.054009]]]}},{"type":"Feature","properties":{"building":"apartments","height":16.1,"building:levels":4},"geometry":{"type":"Polygon","coordinates":[[[3.7197575,51.0541169],[3.7198716,51.0541169],[3.7198716,51.0542247],[3.7197575,51.0542247],[3.7197575,51.0541169]]]}},{"type":"Feature","properties":{"building":"house","height":9.1,"building:levels":6},"geometry":{"type":"Polygon","coordinates":[[[3.7201284,51.0541169],[3.7202425,51.0541169],[3.7202425,51.0542247],[3.7201284,51.0542247],[3.7201284,51.0541169]]]}},{"type":"Feature","properties":{"building":"apartments","height":11.4,"building:levels":5},"geometry":{"type":"Polygon","coordinates":[[[3.7197575,51.0542247],[3.7198716,51.0542247],[3.7198716,51.0543326],[3.7197575,51.0543326],[3.7197575,51.0542247]]]}},{"type":"Feature","properties":{"building":"house","height":13.7,"building:levels":3},"geometry":{"type":"Polygon","coordinates":[[[3.7201284,51.0542247],[3.7202425,51.0542247],[3.7202425,51.0543326],[3.7201284,51.0543326],[3.7201284,51.0542247]]]}},{"type":"Feature","properties":{"building":"apartments","height":16.0,"building:levels":3},"geometry":{"type":"Polygon","coordinates":[[[3.7197575,51.0543326],[3.7198716,51.0543326],[3.7198716,51.0544405],[3.7197575,51.0544405],[3.7197575,51.0543326]]]}},{"type":"Feature","properties":{"building":"house","height":16.0,"building:levels":3},"geometry":{"type":"Polygon","coordinates":[[[3.7201284,51.0543326],[3.7202425,51.0543326],[3.7202425,51.0544405],[3.7201284,51.0544405],[3.7201284,51.0543326]]]}},{"type":"Feature","properties":{"building":"apartments","height":9.6,"building:levels":3},"geometry":{"type":"Polygon","coordinates":[[[3.7197575,51.0544405],[3.7198716,51.0544405],[3.7198716,51.0545483],[3.7197575,51.0545483],[3.7197575,51.0544405]]]}},{"type":"Feature","properties":{"building":"house","height":9.8,"building:levels":6},"geometry":{"type":"Polygon","coordinates":[[[3.7201284,51.0544405],[3.7202425,51.0544405],[3.7202425,51.0545483],[3.7201284,51.0545483],[3.7201284,51.0544405]]]}},{"type":"Feature","properties":{"building":"apartments","height":11.8,"building:levels":5},"geometry":{"type":"Polygon","coordinates":[[[3.7197575,51.0545483],[3.7198716,51.0545483],[3.7198716,51.0546562],[3.7197575,51.0546562],[3.7197575,51.0545483]]]}},{"type":"Feature","properties":{"building":"apartments","height":12.5,"building:levels":5},"geometry":{"type":"Polygon","coordinates":[[[3.7201284,51.0545483],[3.7202425,51.0545483],[3.7202425,51.0546562],[3.7201284,51.0546562],[3.7201284,51.0545483]]]}},{"type":"Feature","properties":{"building":"apartments","height":10.7,"building:levels":5},"geometry":{"type":"Polygon","coordinates":[[[3.7197575,51.0546562],[3.7198716,51.0546562],[3.7198716,51.0547641],[3.7197575,51.0547641],[3.7197575,51.0546562]]]}},{"type":"Feature","properties":{"building":"apartments","height":10.1,"building:levels":3},"geometry":{"type":"Polygon","coordinates":[[[3.7201284,51.0546562],[3.7202425,51.0546562],[3.7202425,51.0547641],[3.7201284,51.0547641],[3.7201284,51.0546562]]]}},{"type":"Feature","properties":{"building":"house","height":12.4,"building:levels":3},"geometry":{"type":"Polygon","coordinates":[[[3.7197575,51.0547641],[3.7198716,51.0547641],[3.7198716,51.0548719],[3.7197575,51.0548719],[3.7197575,51.0547641]]]}},{"type":"Feature","properties":{"building":"apartments","height":9.4,"building:levels":6},"geometry":{"type":"Polygon","coordinates":[[[3.7201284,51.0547641],[3.7202425,51.0547641],[3.7202425,51.0548719],[3.7201284,51.0548719],[3.7201284,51.0547641]]]}},{"type":"Feature","properties":{"building":"house","height":16.0,"building:levels":6},"geometry":{"type":"Polygon","coordinates":[[[3.7197575,51.0548719],[3.7198716,51.0548719],[3.7198716,51.0549798],[3.7197575,51.0549798],[3.7197575,51.0548719]]]}},{"type":"Feature","properties":{"building":"house","height":9.4,"building:levels":6},"geometry":{"type":"Polygon","coordinates":[[[3.7201284,51.0548719],[3.7202425,51.0548719],[3.7202425,51.0549798],[3.7201284,51.0549798],[3.7201284,51.0548719]]]}},{"type":"Feature","properties":{"building":"apartments","height":14.6,"building:levels":5},"geometry":{"type":"Polygon","coordinates":[[[3.7197575,51.0549798],[3.7198716,51.0549798],[3.7198716,51.0550877],[3.7197575,51.0550877],[3.7197575,51.0549798]]]}},{"type":"Feature","properties":{"building":"apartments","height":15.2,"building:levels":6},"geometry":{"type":"Polygon","coordinates":[[[3.7201284,51.0549798],[3.7202425,51.0549798],[3.7202425,51.0550877],[3.7201284,51.0550877],[3.7201284,51.0549798]]]}},{"type":"Feature","properties":{"building":"apartments","height":11.0,"building:levels":5},"geometry":{"type":"Polygon","coordinates":[[[3.7197575,51.0550877],[3.7198716,51.0550877],[3.7198716,51.0551955],[3.7197575,51.0551955],[3.7197575,51.0550877]]]}},{"type":"Feature","properties":{"building":"house","height":9.6,"building:levels":6},"geometry":{"type":"Polygon","coordinates":[[[3.7201284,51.0550877],[3.7202425,51.0550877],[3.7202425,51.0551955],[3.7201284,51.0551955],[3.7201284,51.0550877]]]}},{"type":"Feature","properties":{"building":"apartments","height":10.2,"building:levels":3},"geometry":{"type":"Polygon","coordinates":[[[3.7197575,51.0551955],[3.7198716,51.0551955],[3.7198716,51.0553034],[3.7197575,51.0553034],[3.7197575,51.0551955]]]}},{"type":"Feature","properties":{"building":"house","height":12.4,"building:levels":5},"geometry":{"type":"Polygon","coordinates":[[[3.7201284,51.0551955],[3.7202425,51.0551955],[3.7202425,51.0553034],[3.7201284,51.0553034],[3.7201284,51.0551955]]]}},{"type":"Feature","properties":{"building":"apartments","height":15.2,"building:levels":6},"geometry":{"type":"Polygon","coordinates":[[[3.7197575,51.0553034],[3.7198716,51.0553034],[3.7198716,51.0554113],[3.7197575,51.0554113],[3.7197575,51.0553034]]]}},{"type":"Feature","properties":{"building":"house","height":15.6,"building:levels":3},"geometry":{"type":"Polygon","coordinates":[[[3.7201284,51.0553034],[3.7202425,51.0553034],[3.7202425,51.0554113],[3.7201284,51.0554113],[3.7201284,51.0553034]]]}},{"type":"Feature","properties":{"building":"house","height":15.4,"building:levels":6},"geometry":{"type":"Polygon","coordinates":[[[3.7197575,51.0554113],[3.7198716,51.0554113],[3.7198716,51.0555191],[3.7197575,51.0555191],[3.7197575,51.0554113]]]}},{"type":"Feature","properties":{"building":"apartments","height":16.0,"building:levels":3},"geometry":{"type":"Polygon","coordinates":[[[3.7201284,51.0554113],[3.7202425,51.0554113],[3.7202425,51.0555191],[3.7201284,51.0555191],[3.7201284,51.0554113]]]}},{"type":"Feature","properties":{"building":"apartments","height":14.1,"building:levels":6},"geometry":{"type":"Polygon","coordinates":[[[3.7197575,51.0555191],[3.7198716,51.0555191],[3.7198716,51.055627],[3.7197575,51.055627],[3.7197575,51.0555191]]]}},{"type":"Feature","properties":{"building":"apartments","height":9.2,"building:levels":3},"geometry":{"type":"Polygon","coordinates":[[[3.7201284,51.0555191],[3.7202425,51.0555191],[3.7202425,51.055627],[3.7201284,51.055627],[3.7201284,51.0555191]]]}},{"type":"Feature","properties":{"building":"apartments","height":10.0,"building:levels":6},"geometry":{"type":"Polygon","coordinates":[[[3.7197575,51.055627],[3.7198716,51.055627],[3.7198716,51.0557349],[3.7197575,51.0557349],[3.7197575,51.055627]]]}},{"type":"Feature","properties":{"building":"house","height":17.6,"building:levels":5},"geometry":{"type":"Polygon","coordinates":[[[3.7201284,51.055627],[3.7202425,51.055627],[3.7202425,51.0557349],[3.7201284,51.0557349],[3.7201284,51.055627]]]}},{"type":"Feature","properties":{"building":"house","height":9.3,"building:levels":4},"geometry":{"type":"Polygon","coordinates":[[[3.7197575,51.0557349],[3.7198716,51.0557349],[3.7198716,51.0558427],[3.7197575,51.0558427],[3.7197575,51.0557349]]]}},{"type":"Feature","properties":{"building":"apartments","height":15.7,"building:levels":3},"geometry":{"type":"Polygon","coordinates":[[[3.7201284,51.0557349],[3.7202425,51.0557349],[3.7202425,51.0558427],[3.7201284,51.0558427],[3.7201284,51.0557349]]]}},{"type":"Feature","properties":{"building":"apartments","height":16.8,"building:levels":4},"geometry":{"type":"Polygon","coordinates":[[[3.7197575,51.0558427],[3.7198716,51.0558427],[3.7198716,51.0559506],[3.7197575,51.0559506],[3.7197575,51.0558427]]]}},{"type":"Feature","properties":{"building":"house","height":11.2,"building:levels":4},"geometry":{"type":"Polygon","coordinates":[[[3.7201284,51.0558427],[3.7202425,51.0558427],[3.7202425,51.0559506],[3.7201284,51.0559506],[3.7201284,51.0558427]]]}},{"type":"Feature","properties":{"building":"house","height":13.1,"building:levels":6},"geometry":{"type":"Polygon","coordinates":[[[3.7197575,51.0559506],[3.7198716,51.0559506],[3.7198716,51.0560585],[3.7197575,51.0560585],[3.7197575,51.0559506]]]}},{"type":"Feature","properties":{"building":"apartments","height":14.4,"building:levels":5},"geometry":{"type":"Polygon","coordinates":[[[3.7201284,51.0559506],[3.7202425,51.0559506],[3.7202425,51.0560585],[3.7201284,51.0560585],[3.7201284,51.0559506]]]}},{"type":"Feature","properties":{"building":"apartments","height":17.7,"building:levels":6},"geometry":{"type":"Polygon","coordinates":[[[3.7197575,51.0560585],[3.7198716,51.0560585],[3.7198716,51.0561663],[3.7197575,51.0561663],[3.7197575,51.0560585]]]}},{"type":"Feature","properties":{"building":"apartments","height":17.8,"building:levels":6},"geometry":{"type":"Polygon","coordinates":[[[3.7201284,51.0560585],[3.7202425,51.0560585],[3.7202425,51.0561663],[3.7201284,51.0561663],[3.7201284,51.0560585]]]}},{"type":"Feature","properties":{"building":"house","height":17.7,"building:levels":6},"geometry":{"type":"Polygon","coordinates":[[[3.7197575,51.0561663],[3.7198716,51.0561663],[3.7198716,51.0562742],[3.7197575,51.0562742],[3.7197575,51.0561663]]]}},{"type":"Feature","properties":{"building":"house","height":15.8,"building:levels":6},"geometry":{"type":"Polygon","coordinates":[[[3.7201284,51.0561663],[3.7202425,51.0561663],[3.7202425,51.0562742],[3.7201284,51.0562742],[3.7201284,51.0561663]]]}},{"type":"Feature","properties":{"building":"apartments","height":12.6,"building:levels":4},"geometry":{"type":"Polygon","coordinates":[[[3.7197575,51.0562742],[3.7198716,51.0562742],[3.7198716,51.0563821],[3.7197575,51.0563821],[3.7197575,51.0562742]]]}},{"type":"Feature","properties":{"building":"apartments","height":13.5,"building:levels":6},"geometry":{"type":"Polygon","coordinates":[[[3.7201284,51.0562742],[3.7202425,51.0562742],[3.7202425,51.0563821],[3.7201284,51.0563821],[3.7201284,51.0562742]]]}},{"type":"Feature","properties":{"building":"house","height":13.7,"building:levels":6},"geometry":{"type":"Polygon","coordinates":[[[3.7197575,51.0563821],[3.7198716,51.0563821],[3.7198716,51.0564899],[3.7197575,51.0564899],[3.7197575,51.0563821]]]}},{"type":"Feature","properties":{"building":"apartments","height":16.7,"building:levels":4},"geometry":{"type":"Polygon","coordinates":[[[3.7201284,51.0563821],[3.7202425,51.0563821],[3.7202425,51.0564899],[3.7201284,51.0564899],[3.7201284,51.0563821]]]}},{"type":"Feature","properties":{"building":"apartments","height":10.8,"building:levels":5},"geometry":{"type":"Polygon","coordinates":[[[3.7197575,51.0564899],[3.7198716,51.0564899],[3.7198716,51.0565978],[3.7197575,51.0565978],[3.7197575,51.0564899]]]}},{"type":"Feature","properties":{"building":"house","height":16.7,"building:levels":5},"geometry":{"type":"Polygon","coordinates":[[[3.7201284,51.0564899],[3.7202425,51.0564899],[3.7202425,51.0565978],[3.7201284,51.0565978],[3.7201284,51.0564899]]]}},{"type":"Feature","properties":{"building":"house","height":16.7,"building:levels":5},"geometry":{"type":"Polygon","coordinates":[[[3.7197575,51.0565978],[3.7198716,51.0565978],[3.7198716,51.0567057],[3.7197575,51.0567057],[3.7197575,51.0565978]]]}},{"type":"Feature","properties":{"building":"house","height":11.8,"building:levels":5},"geometry":{"type":"Polygon","coordinates":[[[3.7201284,51.0565978],[3.7202425,51.0565978],[3.7202425,51.0567057],[3.7201284,51.0567057],[3.7201284,51.0565978]]]}},{"type":"Feature","properties":{"building":"apartments","height":12.4,"building:levels":4},"geometry":{"type":"Polygon","coordinates":[[[3.7197575,51.0567057],[3.7198716,51.0567057],[3.7198716,51.0568135],[3.7197575,51.0568135],[3.7197575,51.0567057]]]}},{"type":"Feature","properties":{"building":"apartments","height":11.1,"building:levels":6},"geometry":{"type":"Polygon","coordinates":[[[3.7201284,51.0567057],[3.7202425,51.0567057],[3.7202425,51.0568135],[3.7201284,51.0568135],[3.7201284,51.0567057]]]}},{"type":"Feature","properties":{"building":"house","height":10.3,"building:levels":6},"geometry":{"type":"Polygon","coordinates":[[[3.7197575,51.0568135],[3.7198716,51.0568135],[3.7198716,51.0569214],[3.7197575,51.0569214],[3.7197575,51.0568135]]]}},{"type":"Feature","properties":{"building":"house","height":10.9,"building:levels":3},"geometry":{"type":"Polygon","coordinates":[[[3.7201284,51.0568135],[3.7202425,51.0568135],[3.7202425,51.0569214],[3.7201284,51.0569214],[3.7201284,51.0568135]]]}},{"type":"Feature","properties":{"building":"apartments","height":15.5,"building:levels":6},"geometry":{"type":"Polygon","coordinates":[[[3.7197575,51.0569214],[3.7198716,51.0569214],[3.7198716,51.0570293],[3.7197575,51.0570293],[3.7197575,51.0569214]]]}},{"type":"Feature","properties":{"building":"house","height":16.9,"building:levels":3},"geometry":{"type":"Polygon","coordinates":[[[3.7201284,51.0569214],[3.7202425,51.0569214],[3.7202425,51.0570293],[3.7201284,51.0570293],[3.7201284,51.0569214]]]}},{"type":"Feature","properties":{"building":"apartments","height":11.1,"building:levels":4},"geometry":{"type":"Polygon","coordinates":[[[3.7197575,51.0570293],[3.7198716,51.0570293],[3.7198716,51.0571371],[3.7197575,51.0571371],[3.7197575,51.0570293]]]}},{"type":"Feature","properties":{"building":"house","height":16.0,"building:levels":3},"geometry":{"type":"Polygon","coordinates":[[[3.7201284,51.0570293],[3.7202425,51.0570293],[3.7202425,51.0571371],[3.7201284,51.0571371],[3.7201284,51.0570293]]]}},{"type":"Feature","properties":{"building":"house","height":16.7,"building:levels":4},"geometry":{"type":"Polygon","coordinates":[[[3.7197509,51.057151],[3.7198645,51.0571446],[3.7198798,51.057252],[3.7197661,51.0572584],[3.7197509,51.057151]]]}},{"type":"Feature","properties":{"building":"house","height":16.0,"building:levels":4},"geometry":{"type":"Polygon","coordinates":[[[3.7201202,51.0571301],[3.7202339,51.0571237],[3.7202491,51.0572311],[3.7201355,51.0572376],[3.7201202,51.0571301]]]}},{"type":"Feature","properties":{"building":"apartments","height":15.3,"building:levels":3},"geometry":{"type":"Polygon","coordinates":[[[3.7199183,51.0573952],[3.7199665,51.0573301],[3.7201216,51.0573756],[3.7200734,51.0574408],[3.7199183,51.0573952]]]}},{"type":"Feature","properties":{"building":"house","height":11.3,"building:levels":3},"geometry":{"type":"Polygon","coordinates":[[[3.720075,51.0571834],[3.7201232,51.0571182],[3.7202783,51.0571638],[3.7202301,51.057229],[3.720075,51.0571834]]]}},{"type":"Feature","properties":{"building":"apartments","height":12.8,"building:levels":3},"geometry":{"type":"Polygon","coordinates":[[[3.7201857,51.057442],[3.7201857,51.0573701],[3.7203568,51.0573701],[3.7203568,51.057442],[3.7201857,51.057442]]]}},{"type":"Feature","properties":{"building":"apartments","height":11.4,"building:levels":5},"geometry":{"type":"Polygon","coordinates":[[[3.7201857,51.0572083],[3.7201857,51.0571364],[3.7203568,51.0571364],[3.7203568,51.0572083],[3.7201857,51.0572083]]]}},{"type":"Feature","properties":{"building":"apartments","height":13.1,"building:levels":5},"geometry":{"type":"Polygon","coordinates":[[[3.7203568,51.057442],[3.7203568,51.0573701],[3.720528,51.0573701],[3.720528,51.057442],[3.7203568,51.057442]]]}},{"type":"Feature","properties":{"building":"apartments","height":12.0,"building:levels":6},"geometry":{"type":"Polygon","coordinates":[[[3.7203568,51.0572083],[3.7203568,51.0571364],[3.720528,51.0571364],[3.720528,51.0572083],[3.7203568,51.0572083]]]}},{"type":"Feature","properties":{"building":"apartments","height":9.7,"building:levels":6},"geometry":{"type":"Polygon","coordinates":[[[3.720528,51.057442],[3.720528,51.0573701],[3.7206991,51.0573701],[3.7206991,51.057442],[3.720528,51.057442]]]}},{"type":"Feature","properties":{"building":"apartments","height":13.9,"building:levels":3},"geometry":{"type":"Polygon","coordinates":[[[3.720528,51.0572083],[3.720528,51.0571364],[3.7206991,51.0571364],[3.7206991,51.0572083],[3.720528,51.0572083]]]}},{"type":"Feature","properties":{"building":"house","height":9.7,"building:levels":6},"geometry":{"type":"Polygon","coordinates":[[[3.7206991,51.057442],[3.7206991,51.0573701],[3.7208703,51.0573701],[3.7208703,51.057442],[3.7206991,51.057442]]]}},{"type":"Feature","properties":{"building":"apartments","height":17.0,"building:levels":5},"geometry":{"type":"Polygon","coordinates":[[[3.7206991,51.0572083],[3.7206991,51.0571364],[3.7208703,51.0571364],[3.7208703,51.0572083],[3.7206991,51.0572083]]]}},{"type":"Feature","properties":{"building":"apartments","height":17.5,"building:levels":5},"geometry":{"type":"Polygon","coordinates":[[[3.7208703,51.057442],[3.7208703,51.0573701],[3.7210414,51.0573701],[3.7210414,51.057442],[3.7208703,51.057442]]]}},{"type":"Feature","properties":{"building":"house","height":12.3,"building:levels":6},"geometry":{"type":"Polygon","coordinates":[[[3.7208703,51.0572083],[3.7208703,51.0571364],[3.7210414,51.0571364],[3.7210414,51.0572083],[3.7208703,51.0572083]]]}},{"type":"Feature","properties":{"building":"apartments","height":15.1,"building:levels":5},"geometry":{"type":"Polygon","coordinates":[[[3.7210414,51.057442],[3.7210414,51.0573701],[3.7212126,51.0573701],[3.7212126,51.057442],[3.7210414,51.057442]]]}},{"type":"Feature","properties":{"building":"apartments","height":17.5,"building:levels":5},"geometry":{"type":"Polygon","coordinates":[[[3.7210414,51.0572083],[3.7210414,51.0571364],[3.7212126,51.0571364],[3.7212126,51.0572083],[3.7210414,51.0572083]]]}},{"type":"Feature","properties":{"building":"house","height":13.8,"building:levels":3},"geometry":{"type":"Polygon","coordinates":[[[3.7212126,51.057442],[3.7212126,51.0573701],[3.7213838,51.0573701],[3.7213838,51.057442],[3.7212126,51.057442]]]}},{"type":"Feature","properties":{"building":"house","height":13.6,"building:levels":3},"geometry":{"type":"Polygon","coordinates":[[[3.7212126,51.0572083],[3.7212126,51.0571364],[3.7213838,51.0571364],[3.7213838,51.0572083],[3.7212126,51.0572083]]]}},{"type":"Feature","properties":{"building":"house","height":15.1,"building:levels":4},"geometry":{"type":"Polygon","coordinates":[[[3.7213838,51.057442],[3.7213838,51.0573701],[3.7215549,51.0573701],[3.7215549,51.057442],[3.7213838,51.057442]]]}},{"type":"Feature","properties":{"building":"house","height":15.6,"building:levels":4},"geometry":{"type":"Polygon","coordinates":[[[3.7213838,51.0572083],[3.7213838,51.0571364],[3.7215549,51.0571364],[3.7215549,51.0572083],[3.7213838,51.0572083]]]}},{"type":"Feature","properties":{"building":"apartments","height":17.0,"building:levels":6},"geometry":{"type":"Polygon","coordinates":[[[3.7215549,51.057442],[3.7215549,51.0573701],[3.7217261,51.0573701],[3.7217261,51.057442],[3.7215549,51.057442]]]}},{"type":"Feature","properties":{"building":"apartments","height":17.4,"building:levels":4},"geometry":{"type":"Polygon","coordinates":[[[3.7215549,51.0572083],[3.7215549,51.0571364],[3.7217261,51.0571364],[3.7217261,51.0572083],[3.7215549,51.0572083]]]}},{"type":"Feature","properties":{"building":"house","height":14.8,"building:levels":6},"geometry":{"type":"Polygon","coordinates":[[[3.7217261,51.057442],[3.7217261,51.0573701],[3.7218972,51.0573701],[3.7218972,51.057442],[3.7217261,51.057442]]]}},{"type":"Feature","properties":{"building":"apartments","height":14.8,"building:levels":6},"geometry":{"type":"Polygon","coordinates":[[[3.7217261,51.0572083],[3.7217261,51.0571364],[3.7218972,51.0571364],[3.7218972,51.0572083],[3.7217261,51.0572083]]]}},{"type":"Feature","properties":{"building":"apartments","height":16.0,"building:levels":3},"geometry":{"type":"Polygon","coordinates":[[[3.7218972,51.057442],[3.7218972,51.0573701],[3.7220684,51.0573701],[3.7220684,51.057442],[3.7218972,51.057442]]]}},{"type":"Feature","properties":{"building":"apartments","height":10.6,"building:levels":6},"geometry":{"type":"Polygon","coordinates":[[[3.7218972,51.0572083],[3.7218972,51.0571364],[3.7220684,51.0571364],[3.7220684,51.0572083],[3.7218972,51.0572083]]]}},{"type":"Feature","properties":{"building":"apartments","height":11.4,"building:levels":6},"geometry":{"type":"Polygon","coordinates":[[[3.7220684,51.057442],[3.7220684,51.0573701],[3.7222395,51.0573701],[3.7222395,51.057442],[3.7220684,51.057442]]]}},{"type":"Feature","properties":{"building":"apartments","height":10.2,"building:levels":6},"geometry":{"type":"Polygon","coordinates":[[[3.7220684,51.0572083],[3.7220684,51.0571364],[3.7222395,51.0571364],[3.7222395,51.0572083],[3.7220684,51.0572083]]]}},{"type":"Feature","properties":{"building":"apartments","height":11.2,"building:levels":5},"geometry":{"type":"Polygon","coordinates":[[[3.7222395,51.057442],[3.7222395,51.0573701],[3.7224107,51.0573701],[3.7224107,51.057442],[3.7222395,51.057442]]]}},{"type":"Feature","properties":{"building":"house","height":17.5,"building:levels":6},"geometry":{"type":"Polygon","coordinates":[[[3.7222395,51.0572083],[3.7222395,51.0571364],[3.7224107,51.0571364],[3.7224107,51.0572083],[3.7222395,51.0572083]]]}},{"type":"Feature","properties":{"building":"apartments","height":15.9,"building:levels":5},"geometry":{"type":"Polygon","coordinates":[[[3.7224107,51.057442],[3.7224107,51.0573701],[3.7225819,51.0573701],[3.7225819,51.057442],[3.7224107,51.057442]]]}},{"type":"Feature","properties":{"building":"apartments","height":18.0,"building:levels":4},"geometry":{"type":"Polygon","coordinates":[[[3.7224107,51.0572083],[3.7224107,51.0571364],[3.7225818,51.0571364],[3.7225818,51.0572083],[3.7224107,51.0572083]]]}},{"type":"Feature","properties":{"building":"apartments","height":9.9,"building:levels":3},"geometry":{"type":"Polygon","coordinates":[[[3.7225819,51.057442],[3.7225819,51.0573701],[3.722753,51.0573701],[3.722753,51.057442],[3.7225819,51.057442]]]}},{"type":"Feature","properties":{"building":"apartments","height":17.2,"building:levels":3},"geometry":{"type":"Polygon","coordinates":[[[3.7225818,51.0572083],[3.7225818,51.0571364],[3.722753,51.0571364],[3.722753,51.0572083],[3.7225818,51.0572083]]]}},{"type":"Feature","properties":{"building":"apartments","height":10.7,"building:levels":6},"geometry":{"type":"Polygon","coordinates":[[[3.722753,51.057442],[3.722753,51.0573701],[3.7229242,51.0573701],[3.7229242,51.057442],[3.722753,51.057442]]]}},{"type":"Feature","properties":{"building":"house","height":12.5,"building:levels":4},"geometry":{"type":"Polygon","coordinates":[[[3.722753,51.0572083],[3.722753,51.0571364],[3.7229242,51.0571364],[3.7229242,51.0572083],[3.722753,51.0572083]]]}},{"type":"Feature","properties":{"building":"apartments","height":10.3,"building:levels":6},"geometry":{"type":"Polygon","coordinates":[[[3.7229242,51.057442],[3.7229242,51.0573701],[3.7230953,51.0573701],[3.7230953,51.057442],[3.7229242,51.057442]]]}},{"type":"Feature","properties":{"building":"house","height":13.9,"building:levels":4},"geometry":{"type":"Polygon","coordinates":[[[3.7229242,51.0572083],[3.7229242,51.0571364],[3.7230953,51.0571364],[3.7230953,51.0572083],[3.7229242,51.0572083]]]}},{"type":"Feature","properties":{"building":"apartments","height":10.8,"building:levels":5},"geometry":{"type":"Polygon","coordinates":[[[3.7230953,51.057442],[3.7230953,51.0573701],[3.7232665,51.0573701],[3.7232665,51.057442],[3.7230953,51.057442]]]}},{"type":"Feature","properties":{"building":"apartments","height":11.6,"building:levels":6},"geometry":{"type":"Polygon","coordinates":[[[3.7230953,51.0572083],[3.7230953,51.0571364],[3.7232665,51.0571364],[3.7232665,51.0572083],[3.7230953,51.0572083]]]}},{"type":"Feature","properties":{"building":"house","height":17.5,"building:levels":6},"geometry":{"type":"Polygon","coordinates":[[[3.7232665,51.057442],[3.7232665,51.0573701],[3.7234376,51.0573701],[3.7234376,51.057442],[3.7232665,51.057442]]]}},{"type":"Feature","properties":{"building":"apartments","height":17.2,"building:levels":5},"geometry":{"type":"Polygon","coordinates":[[[3.7232665,51.0572083],[3.7232665,51.0571364],[3.7234376,51.0571364],[3.7234376,51.0572083],[3.7232665,51.0572083]]]}},{"type":"Feature","properties":{"building":"house","height":17.8,"building:levels":5},"geometry":{"type":"Polygon","coordinates":[[[3.7234376,51.057442],[3.7234376,51.0573701],[3.7236088,51.0573701],[3.7236088,51.057442],[3.7234376,51.057442]]]}},{"type":"Feature","properties":{"building":"house","height":15.0,"building:levels":3},"geometry":{"type":"Polygon","coordinates":[[[3.7234376,51.0572083],[3.7234376,51.0571364],[3.7236088,51.0571364],[3.7236088,51.0572083],[3.7234376,51.0572083]]]}},{"type":"Feature","properties":{"building":"house","height":15.5,"building:levels":3},"geometry":{"type":"Polygon","coordinates":[[[3.7236088,51.057442],[3.7236088,51.0573701],[3.72378,51.0573701],[3.72378,51.057442],[3.7236088,51.057442]]]}},{"type":"Feature","properties":{"building":"apartments","height":15.8,"building:levels":4},"geometry":{"type":"Polygon","coordinates":[[[3.7236088,51.0572083],[3.7236088,51.0571364],[3.7237799,51.0571364],[3.7237799,51.0572083],[3.7236088,51.0572083]]]}},{"type":"Feature","properties":{"building":"apartments","height":13.7,"building:levels":6},"geometry":{"type":"Polygon","coordinates":[[[3.72378,51.057442],[3.72378,51.0573701],[3.7239511,51.0573701],[3.7239511,51.057442],[3.72378,51.057442]]]}},{"type":"Feature","properties":{"building":"apartments","height":16.0,"building:levels":4},"geometry":{"type":"Polygon","coordinates":[[[3.7237799,51.0572083],[3.7237799,51.0571364],[3.7239511,51.0571364],[3.7239511,51.0572083],[3.7237799,51.0572083]]]}},{"type":"Feature","properties":{"building":"apartments","height":13.5,"building:levels":6},"geometry":{"type":"Polygon","coordinates":[[[3.7239511,51.057442],[3.7239511,51.0573701],[3.7241223,51.0573701],[3.7241223,51.057442],[3.7239511,51.057442]]]}},{"type":"Feature","properties":{"building":"apartments","height":11.5,"building:levels":4},"geometry":{"type":"Polygon","coordinates":[[[3.7239511,51.0572083],[3.7239511,51.0571364],[3.7241222,51.0571364],[3.7241223,51.0572083],[3.7239511,51.0572083]]]}},{"type":"Feature","properties":{"building":"apartments","height":16.1,"building:levels":3},"geometry":{"type":"Polygon","coordinates":[[[3.7241223,51.057442],[3.7241223,51.0573701],[3.7242934,51.0573701],[3.7242934,51.057442],[3.7241223,51.057442]]]}},{"type":"Feature","properties":{"building":"apartments","height":14.6,"building:levels":3},"geometry":{"type":"Polygon","coordinates":[[[3.7241223,51.0572083],[3.7241222,51.0571364],[3.7242934,51.0571363],[3.7242934,51.0572083],[3.7241223,51.0572083]]]}},{"type":"Feature","properties":{"building":"apartments","height":9.2,"building:levels":5},"geometry":{"type":"Polygon","coordinates":[[[3.7242934,51.057442],[3.7242934,51.0573701],[3.7244646,51.05737],[3.7244646,51.057442],[3.7242934,51.057442]]]}},{"type":"Feature","properties":{"building":"apartments","height":16.8,"building:levels":4},"geometry":{"type":"Polygon","coordinates":[[[3.7242934,51.0572083],[3.7242934,51.0571363],[3.7244646,51.0571363],[3.7244646,51.0572083],[3.7242934,51.0572083]]]}},{"type":"Feature","properties":{"building":"apartments","height":16.6,"building:levels":3},"geometry":{"type":"Polygon","coordinates":[[[3.7244646,51.057442],[3.7244646,51.05737],[3.7246357,51.05737],[3.7246357,51.057442],[3.7244646,51.057442]]]}},{"type":"Feature","properties":{"building":"house","height":15.7,"building:levels":5},"geometry":{"type":"Polygon","coordinates":[[[3.7244646,51.0572083],[3.7244646,51.0571363],[3.7246357,51.0571363],[3.7246357,51.0572082],[3.7244646,51.0572083]]]}},{"type":"Feature","properties":{"building":"house","height":10.8,"building:levels":3},"geometry":{"type":"Polygon","coordinates":[[[3.7246357,51.057442],[3.7246357,51.05737],[3.7248069,51.05737],[3.7248069,51.0574419],[3.7246357,51.057442]]]}},{"type":"Feature","properties":{"building":"house","height":12.9,"building:levels":4},"geometry":{"type":"Polygon","coordinates":[[[3.7246357,51.0572082],[3.7246357,51.0571363],[3.7248069,51.0571363],[3.7248069,51.0572082],[3.7246357,51.0572082]]]}},{"type":"Feature","properties":{"building":"apartments","height":10.0,"building:levels":3},"geometry":{"type":"Polygon","coordinates":[[[3.7248069,51.0574419],[3.7248069,51.05737],[3.7249781,51.05737],[3.7249781,51.0574419],[3.7248069,51.0574419]]]}},{"type":"Feature","properties":{"building":"apartments","height":16.6,"building:levels":4},"geometry":{"type":"Polygon","coordinates":[[[3.7248069,51.0572082],[3.7248069,51.0571363],[3.724978,51.0571363],[3.724978,51.0572082],[3.7248069,51.0572082]]]}},{"type":"Feature","properties":{"building":"apartments","height":13.3,"building:levels":3},"geometry":{"type":"Polygon","coordinates":[[[3.7249781,51.0574419],[3.7249781,51.05737],[3.7251492,51.05737],[3.7251492,51.0574419],[3.7249781,51.0574419]]]}},{"type":"Feature","properties":{"building":"apartments","height":12.8,"building:levels":6},"geometry":{"type":"Polygon","coordinates":[[[3.724978,51.0572082],[3.724978,51.0571363],[3.7251492,51.0571363],[3.7251492,51.0572082],[3.724978,51.0572082]]]}},{"type":"Feature","properties":{"building":"apartments","height":13.2,"building:levels":6},"geometry":{"type":"Polygon","coordinates":[[[3.7251492,51.0574419],[3.7251492,51.05737],[3.7253204,51.05737],[3.7253204,51.0574419],[3.7251492,51.0574419]]]}},{"type":"Feature","properties":{"building":"apartments","height":13.1,"building:levels":3},"geometry":{"type":"Polygon","coordinates":[[[3.7251492,51.0572082],[3.7251492,51.0571363],[3.7253203,51.0571363],[3.7253203,51.0572082],[3.7251492,51.0572082]]]}},{"type":"Feature","properties":{"building":"house","height":12.3,"building:levels":5},"geometry":{"type":"Polygon","coordinates":[[[3.7253204,51.0574419],[3.7253204,51.05737],[3.7254915,51.05737],[3.7254915,51.0574419],[3.7253204,51.0574419]]]}},{"type":"Feature","properties":{"building":"apartments","height":12.3,"building:levels":6},"geometry":{"type":"Polygon","coordinates":[[[3.7253203,51.0572082],[3.7253203,51.0571363],[3.7254915,51.0571363],[3.7254915,51.0572082],[3.7253203,51.0572082]]]}},{"type":"Feature","properties":{"building":"apartments","height":9.0,"building:levels":4},"geometry":{"type":"Polygon","coordinates":[[[3.7254915,51.0574419],[3.7254915,51.05737],[3.7256627,51.05737],[3.7256627,51.0574419],[3.7254915,51.0574419]]]}},{"type":"Feature","properties":{"building":"apartments","height":12.3,"building:levels":6},"geometry":{"type":"Polygon","coordinates":[[[3.7254915,51.0572082],[3.7254915,51.0571363],[3.7256627,51.0571363],[3.7256627,51.0572082],[3.7254915,51.0572082]]]}},{"type":"Feature","properties":{"building":"apartments","height":10.4,"building:levels":3},"geometry":{"type":"Polygon","coordinates":[[[3.7256627,51.0574419],[3.7256627,51.05737],[3.7258338,51.05737],[3.7258338,51.0574419],[3.7256627,51.0574419]]]}},{"type":"Feature","properties":{"building":"apartments","height":12.6,"building:levels":4},"geometry":{"type":"Polygon","coordinates":[[[3.7256627,51.0572082],[3.7256627,51.0571363],[3.7258338,51.0571363],[3.7258338,51.0572082],[3.7256627,51.0572082]]]}},{"type":"Feature","properties":{"building":"house","height":10.3,"building:levels":4},"geometry":{"type":"Polygon","coordinates":[[[3.7258338,51.0574419],[3.7258338,51.05737],[3.726005,51.05737],[3.726005,51.0574419],[3.7258338,51.0574419]]]}},{"type":"Feature","properties":{"building":"apartments","height":10.7,"building:levels":3},"geometry":{"type":"Polygon","coordinates":[[[3.7258338,51.0572082],[3.7258338,51.0571363],[3.726005,51.0571363],[3.726005,51.0572082],[3.7258338,51.0572082]]]}},{"type":"Feature","properties":{"building":"apartments","height":11.9,"building:levels":3},"geometry":{"type":"Polygon","coordinates":[[[3.726005,51.0574419],[3.726005,51.05737],[3.7261762,51.05737],[3.7261762,51.0574419],[3.726005,51.0574419]]]}},{"type":"Feature","properties":{"building":"house","height":9.5,"building:levels":6},"geometry":{"type":"Polygon","coordinates":[[[3.726005,51.0572082],[3.726005,51.0571363],[3.7261761,51.0571363],[3.7261761,51.0572082],[3.726005,51.0572082]]]}},{"type":"Feature","properties":{"building":"apartments","height":13.4,"building:levels":4},"geometry":{"type":"Polygon","coordinates":[[[3.7261762,51.0574419],[3.7261762,51.05737],[3.7263473,51.05737],[3.7263473,51.0574419],[3.7261762,51.0574419]]]}},{"type":"Feature","properties":{"building":"apartments","height":12.5,"building:levels":4},"geometry":{"type":"Polygon","coordinates":[[[3.7261761,51.0572082],[3.7261761,51.0571363],[3.7263473,51.0571363],[3.7263473,51.0572082],[3.7261761,51.0572082]]]}},{"type":"Feature","properties":{"building":"apartments","height":14.6,"building:levels":5},"geometry":{"type":"Polygon","coordinates":[[[3.7263473,51.0574419],[3.7263473,51.05737],[3.7265185,51.05737],[3.7265185,51.0574419],[3.7263473,51.0574419]]]}},{"type":"Feature","properties":{"building":"house","height":14.3,"building:levels":5},"geometry":{"type":"Polygon","coordinates":[[[3.7263473,51.0572082],[3.7263473,51.0571363],[3.7265184,51.0571362],[3.7265184,51.0572082],[3.7263473,51.0572082]]]}},{"type":"Feature","properties":{"building":"apartments","height":16.1,"building:levels":6},"geometry":{"type":"Polygon","coordinates":[[[3.7265185,51.0574419],[3.7265185,51.05737],[3.7266896,51.0573699],[3.7266896,51.0574419],[3.7265185,51.0574419]]]}},{"type":"Feature","properties":{"building":"house","height":17.7,"building:levels":6},"geometry":{"type":"Polygon","coordinates":[[[3.7265184,51.0572082],[3.7265184,51.0571362],[3.7266896,51.0571362],[3.7266896,51.0572081],[3.7265184,51.0572082]]]}},{"type":"Feature","properties":{"building":"apartments","height":11.4,"building:levels":5},"geometry":{"type":"Polygon","coordinates":[[[3.7266896,51.0574419],[3.7266896,51.0573699],[3.7268608,51.0573699],[3.7268608,51.0574418],[3.7266896,51.0574419]]]}},{"type":"Feature","properties":{"building":"house","height":12.1,"building:levels":3},"geometry":{"type":"Polygon","coordinates":[[[3.7266896,51.0572081],[3.7266896,51.0571362],[3.7268607,51.0571362],[3.7268608,51.0572081],[3.7266896,51.0572081]]]}},{"type":"Feature","properties":{"building":"apartments","height":12.9,"building:levels":3},"geometry":{"type":"Polygon","coordinates":[[[3.7268608,51.0574418],[3.7268608,51.0573699],[3.7270319,51.0573699],[3.7270319,51.0574418],[3.7268608,51.0574418]]]}},{"type":"Feature","properties":{"building":"apartments","height":9.0,"building:levels":3},"geometry":{"type":"Polygon","coordinates":[[[3.7268608,51.0572081],[3.7268607,51.0571362],[3.7270319,51.0571362],[3.7270319,51.0572081],[3.7268608,51.0572081]]]}},{"type":"Feature","properties":{"building":"house","height":9.2,"building:levels":3},"geometry":{"type":"Polygon","coordinates":[[[3.7270319,51.0574418],[3.7270319,51.0573699],[3.7272031,51.0573699],[3.7272031,51.0574418],[3.7270319,51.0574418]]]}},{"type":"Feature","properties":{"building":"apartments","height":10.7,"building:levels":5},"geometry":{"type":"Polygon","coordinates":[[[3.7270319,51.0572081],[3.7270319,51.0571362],[3.7272031,51.0571362],[3.7272031,51.0572081],[3.7270319,51.0572081]]]}},{"type":"Feature","properties":{"building":"apartments","height":17.8,"building:levels":6},"geometry":{"type":"Polygon","coordinates":[[[3.7272031,51.0574418],[3.7272031,51.0573699],[3.7273743,51.0573699],[3.7273743,51.0574418],[3.7272031,51.0574418]]]}},{"type":"Feature","properties":{"building":"apartments","height":13.3,"building:levels":5},"geometry":{"type":"Polygon","coordinates":[[[3.7272031,51.0572081],[3.7272031,51.0571362],[3.7273742,51.0571362],[3.7273742,51.0572081],[3.7272031,51.0572081]]]}},{"type":"Feature","properties":{"building":"house","height":9.3,"building:levels":5},"geometry":{"type":"Polygon","coordinates":[[[3.7273743,51.0574418],[3.7273743,51.0573699],[3.7275454,51.0573699],[3.7275454,51.0574418],[3.7273743,51.0574418]]]}},{"type":"Feature","properties":{"building":"house","height":14.7,"building:levels":6},"geometry":{"type":"Polygon","coordinates":[[[3.7273742,51.0572081],[3.7273742,51.0571362],[3.7275454,51.0571362],[3.7275454,51.0572081],[3.7273742,51.0572081]]]}},{"type":"Feature","properties":{"building":"apartments","height":11.6,"building:levels":6},"geometry":{"type":"Polygon","coordinates":[[[3.7275454,51.0574418],[3.7275454,51.0573699],[3.7277166,51.0573699],[3.7277166,51.0574418],[3.7275454,51.0574418]]]}},{"type":"Feature","properties":{"building":"apartments","height":12.5,"building:levels":5},"geometry":{"type":"Polygon","coordinates":[[[3.7275454,51.0572081],[3.7275454,51.0571362],[3.7277165,51.0571362],[3.7277165,51.0572081],[3.7275454,51.0572081]]]}},{"type":"Feature","properties":{"building":"apartments","height":16.0,"building:levels":6},"geometry":{"type":"Polygon","coordinates":[[[3.7277166,51.0574418],[3.7277166,51.0573699],[3.7278877,51.0573699],[3.7278877,51.0574418],[3.7277166,51.0574418]]]}},{"type":"Feature","properties":{"building":"apartments","height":15.7,"building:levels":6},"geometry":{"type":"Polygon","coordinates":[[[3.7277165,51.0572081],[3.7277165,51.0571362],[3.7278877,51.0571362],[3.7278877,51.0572081],[3.7277165,51.0572081]]]}},{"type":"Feature","properties":{"building":"house","height":14.0,"building:levels":4},"geometry":{"type":"Polygon","coordinates":[[[3.7278877,51.0574418],[3.7278877,51.0573699],[3.7280589,51.0573699],[3.7280589,51.0574418],[3.7278877,51.0574418]]]}},{"type":"Feature","properties":{"building":"apartments","height":12.7,"building:levels":4},"geometry":{"type":"Polygon","coordinates":[[[3.7278877,51.0572081],[3.7278877,51.0571362],[3.7280588,51.0571361],[3.7280589,51.0572081],[3.7278877,51.0572081]]]}},{"type":"Feature","properties":{"building":"apartments","height":15.3,"building:levels":5},"geometry":{"type":"Polygon","coordinates":[[[3.7280589,51.0574418],[3.7280589,51.0573699],[3.72823,51.0573698],[3.72823,51.0574418],[3.7280589,51.0574418]]]}},{"type":"Feature","properties":{"building":"apartments","height":10.5,"building:levels":6},"geometry":{"type":"Polygon","coordinates":[[[3.7280589,51.0572081],[3.7280588,51.0571361],[3.72823,51.0571361],[3.72823,51.057208],[3.7280589,51.0572081]]]}},{"type":"Feature","properties":{"building":"house","height":9.4,"building:levels":4},"geometry":{"type":"Polygon","coordinates":[[[3.72823,51.0574418],[3.72823,51.0573698],[3.7284012,51.0573698],[3.7284012,51.0574417],[3.72823,51.0574418]]]}},{"type":"Feature","properties":{"building":"house","height":9.2,"building:levels":6},"geometry":{"type":"Polygon","coordinates":[[[3.72823,51.057208],[3.72823,51.0571361],[3.7284012,51.0571361],[3.7284012,51.057208],[3.72823,51.057208]]]}},{"type":"Feature","properties":{"building":"apartments","height":15.2,"building:levels":3},"geometry":{"type":"Polygon","coordinates":[[[3.7284012,51.0574417],[3.7284012,51.0573698],[3.7285724,51.0573698],[3.7285724,51.0574417],[3.7284012,51.0574417]]]}},{"type":"Feature","properties":{"building":"apartments","height":14.4,"building:levels":3},"geometry":{"type":"Polygon","coordinates":[[[3.7284012,51.057208],[3.7284012,51.0571361],[3.7285723,51.0571361],[3.7285723,51.057208],[3.7284012,51.057208]]]}},{"type":"Feature","properties":{"building":"house","height":16.9,"building:levels":6},"geometry":{"type":"Polygon","coordinates":[[[3.7285724,51.0574417],[3.7285724,51.0573698],[3.7287435,51.0573698],[3.7287435,51.0574417],[3.7285724,51.0574417]]]}},{"type":"Feature","properties":{"building":"apartments","height":16.8,"building:levels":5},"geometry":{"type":"Polygon","coordinates":[[[3.7285723,51.057208],[3.7285723,51.0571361],[3.7287435,51.0571361],[3.7287435,51.057208],[3.7285723,51.057208]]]}},{"type":"Feature","properties":{"building":"house","height":9.0,"building:levels":4},"geometry":{"type":"Polygon","coordinates":[[[3.7285966,51.0573847],[3.7286773,51.0573338],[3.7287983,51.0574101],[3.7287176,51.0574609],[3.7285966,51.0573847]]]}},{"type":"Feature","properties":{"building":"apartments","height":17.6,"building:levels":3},"geometry":{"type":"Polygon","coordinates":[[[3.7288588,51.0572194],[3.7289395,51.0571685],[3.7290605,51.0572448],[3.7289798,51.0572956],[3.7288588,51.0572194]]]}},{"type":"Feature","properties":{"building":"apartments","height":11.8,"building:levels":6},"geometry":{"type":"Polygon","coordinates":[[[3.7286271,51.0573705],[3.7287412,51.0573705],[3.7287412,51.0574784],[3.7286271,51.0574784],[3.7286271,51.0573705]]]}},{"type":"Feature","properties":{"building":"apartments","height":14.8,"building:levels":4},"geometry":{"type":"Polygon","coordinates":[[[3.7289979,51.0573705],[3.729112,51.0573705],[3.729112,51.0574784],[3.7289979,51.0574784],[3.7289979,51.0573705]]]}},{"type":"Feature","properties":{"building":"house","height":17.8,"building:levels":4},"geometry":{"type":"Polygon","coordinates":[[[3.7286271,51.0574784],[3.7287412,51.0574784],[3.7287412,51.0575863],[3.7286271,51.0575863],[3.7286271,51.0574784]]]}},{"type":"Feature","properties":{"building":"apartments","height":9.1,"building:levels":4},"geometry":{"type":"Polygon","coordinates":[[[3.7289979,51.0574784],[3.729112,51.0574784],[3.7291121,51.0575862],[3.7289979,51.0575862],[3.7289979,51.0574784]]]}},{"type":"Feature","properties":{"building":"apartments","height":10.9,"building:levels":6},"geometry":{"type":"Polygon","coordinates":[[[3.7286271,51.0575863],[3.7287412,51.0575863],[3.7287412,51.0576941],[3.7286271,51.0576941],[3.7286271,51.0575863]]]}},{"type":"Feature","properties":{"building":"apartments","height":17.2,"building:levels":5},"geometry":{"type":"Polygon","coordinates":[[[3.7289979,51.0575862],[3.7291121,51.0575862],[3.7291121,51.0576941],[3.728998,51.0576941],[3.7289979,51.0575862]]]}},{"type":"Feature","properties":{"building":"house","height":13.8,"building:levels":4},"geometry":{"type":"Polygon","coordinates":[[[3.7286271,51.0576941],[3.7287412,51.0576941],[3.7287413,51.057802],[3.7286271,51.057802],[3.7286271,51.0576941]]]}},{"type":"Feature","properties":{"building":"apartments","height":14.6,"building:levels":3},"geometry":{"type":"Polygon","coordinates":[[[3.728998,51.0576941],[3.7291121,51.0576941],[3.7291121,51.057802],[3.728998,51.057802],[3.728998,51.0576941]]]}},{"type":"Feature","properties":{"building":"house","height":10.0,"building:levels":3},"geometry":{"type":"Polygon","coordinates":[[[3.7286271,51.057802],[3.7287413,51.057802],[3.7287413,51.0579099],[3.7286272,51.0579099],[3.7286271,51.057802]]]}},{"type":"Feature","properties":{"building":"house","height":9.9,"building:levels":5},"geometry":{"type":"Polygon","coordinates":[[[3.728998,51.057802],[3.7291121,51.057802],[3.7291121,51.0579098],[3.728998,51.0579098],[3.728998,51.057802]]]}},{"type":"Feature","properties":{"building":"apartments","height":13.2,"building:levels":4},"geometry":{"type":"Polygon","coordinates":[[[3.7286272,51.0579099],[3.7287413,51.0579099],[3.7287413,51.0580177],[3.7286272,51.0580177],[3.7286272,51.0579099]]]}},{"type":"Feature","properties":{"building":"house","height":15.1,"building:levels":3},"geometry":{"type":"Polygon","coordinates":[[[3.728998,51.0579098],[3.7291121,51.0579098],[3.7291121,51.0580177],[3.728998,51.0580177],[3.728998,51.0579098]]]}},{"type":"Feature","properties":{"building":"house","height":15.9,"building:levels":5},"geometry":{"type":"Polygon","coordinates":[[[3.7286272,51.0580177],[3.7287413,51.0580177],[3.7287413,51.0581256],[3.7286272,51.0581256],[3.7286272,51.0580177]]]}},{"type":"Feature","properties":{"building":"apartments","height":14.9,"building:levels":3},"geometry":{"type":"Polygon","coordinates":[[[3.728998,51.0580177],[3.7291121,51.0580177],[3.7291122,51.0581256],[3.7289981,51.0581256],[3.728998,51.0580177]]]}},{"type":"Feature","properties":{"building":"apartments","height":17.5,"building:levels":6},"geometry":{"type":"Polygon","coordinates":[[[3.7286272,51.0581256],[3.7287413,51.0581256],[3.7287413,51.0582335],[3.7286272,51.0582335],[3.7286272,51.0581256]]]}},{"type":"Feature","properties":{"building":"house","height":10.9,"building:levels":3},"geometry":{"type":"Polygon","coordinates":[[[3.7289981,51.0581256],[3.7291122,51.0581256],[3.7291122,51.0582334],[3.7289981,51.0582334],[3.7289981,51.0581256]]]}},{"type":"Feature","properties":{"building":"apartments","height":15.6,"building:levels":3},"geometry":{"type":"Polygon","coordinates":[[[3.7286272,51.0582335],[3.7287413,51.0582335],[3.7287414,51.0583413],[3.7286272,51.0583413],[3.7286272,51.0582335]]]}},{"type":"Feature","properties":{"building":"apartments","height":10.7,"building:levels":3},"geometry":{"type":"Polygon","coordinates":[[[3.7289981,51.0582334],[3.7291122,51.0582334],[3.7291122,51.0583413],[3.7289981,51.0583413],[3.7289981,51.0582334]]]}},{"type":"Feature","properties":{"building":"house","height":15.2,"building:levels":5},"geometry":{"type":"Polygon","coordinates":[[[3.7286272,51.0583413],[3.7287414,51.0583413],[3.7287414,51.0584492],[3.7286273,51.0584492],[3.7286272,51.0583413]]]}},{"type":"Feature","properties":{"building":"apartments","height":14.8,"building:levels":4},"geometry":{"type":"Polygon","coordinates":[[[3.7289981,51.0583413],[3.7291122,51.0583413],[3.7291122,51.0584492],[3.7289981,51.0584492],[3.7289981,51.0583413]]]}},{"type":"Feature","properties":{"building":"apartments","height":16.5,"building:levels":3},"geometry":{"type":"Polygon","coordinates":[[[3.7286273,51.0584492],[3.7287414,51.0584492],[3.7287414,51.0585571],[3.7286273,51.0585571],[3.7286273,51.0584492]]]}},{"type":"Feature","properties":{"building":"apartments","height":12.9,"building:levels":3},"geometry":{"type":"Polygon","coordinates":[[[3.7289981,51.0584492],[3.7291122,51.0584492],[3.7291122,51.058557],[3.7289981,51.058557],[3.7289981,51.0584492]]]}},{"type":"Feature","properties":{"building":"apartments","height":11.9,"building:levels":4},"geometry":{"type":"Polygon","coordinates":[[[3.7286273,51.0585571],[3.7287414,51.0585571],[3.7287414,51.0586649],[3.7286273,51.0586649],[3.7286273,51.0585571]]]}},{"type":"Feature","properties":{"building":"house","height":16.9,"building:levels":6},"geometry":{"type":"Polygon","coordinates":[[[3.7289981,51.058557],[3.7291122,51.058557],[3.7291123,51.0586649],[3.7289982,51.0586649],[3.7289981,51.058557]]]}},{"type":"Feature","properties":{"building":"house","height":13.8,"building:levels":6},"geometry":{"type":"Polygon","coordinates":[[[3.7286273,51.0586649],[3.7287414,51.0586649],[3.7287414,51.0587728],[3.7286273,51.0587728],[3.7286273,51.0586649]]]}},{"type":"Feature","properties":{"building":"apartments","height":10.7,"building:levels":6},"geometry":{"type":"Polygon","coordinates":[[[3.7289982,51.0586649],[3.7291123,51.0586649],[3.7291123,51.0587728],[3.7289982,51.0587728],[3.7289982,51.0586649]]]}},{"type":"Feature","properties":{"building":"apartments","height":16.0,"building:levels":6},"geometry":{"type":"Polygon","coordinates":[[[3.7286273,51.0587728],[3.7287414,51.0587728],[3.7287415,51.0588806],[3.7286273,51.0588807],[3.7286273,51.0587728]]]}},{"type":"Feature","properties":{"building":"apartments","height":14.3,"building:levels":3},"geometry":{"type":"Polygon","coordinates":[[[3.7289982,51.0587728],[3.7291123,51.0587728],[3.7291123,51.0588806],[3.7289982,51.0588806],[3.7289982,51.0587728]]]}},{"type":"Feature","properties":{"building":"apartments","height":17.4,"building:levels":4},"geometry":{"type":"Polygon","coordinates":[[[3.7286273,51.0588807],[3.7287415,51.0588806],[3.7287415,51.0589885],[3.7286274,51.0589885],[3.7286273,51.0588807]]]}},{"type":"Feature","properties":{"building":"house","height":9.3,"building:levels":4},"geometry":{"type":"Polygon","coordinates":[[[3.7289982,51.0588806],[3.7291123,51.0588806],[3.7291123,51.0589885],[3.7289982,51.0589885],[3.7289982,51.0588806]]]}},{"type":"Feature","properties":{"building":"apartments","height":13.7,"building:levels":6},"geometry":{"type":"Polygon","coordinates":[[[3.7286274,51.0589885],[3.7287415,51.0589885],[3.7287415,51.0590964],[3.7286274,51.0590964],[3.7286274,51.0589885]]]}},{"type":"Feature","properties":{"building":"apartments","height":15.7,"building:levels":5},"geometry":{"type":"Polygon","coordinates":[[[3.7289982,51.0589885],[3.7291123,51.0589885],[3.7291123,51.0590964],[3.7289982,51.0590964],[3.7289982,51.0589885]]]}},{"type":"Feature","properties":{"building":"apartments","height":9.3,"building:levels":6},"geometry":{"type":"Polygon","coordinates":[[[3.7286274,51.0590964],[3.7287415,51.0590964],[3.7287415,51.0592042],[3.7286274,51.0592043],[3.7286274,51.0590964]]]}},{"type":"Feature","properties":{"building":"house","height":15.7,"building:levels":5},"geometry":{"type":"Polygon","coordinates":[[[3.7289982,51.0590964],[3.7291123,51.0590964],[3.7291124,51.0592042],[3.7289983,51.0592042],[3.7289982,51.0590964]]]}},{"type":"Feature","properties":{"building":"apartments","height":13.0,"building:levels":6},"geometry":{"type":"Polygon","coordinates":[[[3.7286274,51.0592043],[3.7287415,51.0592042],[3.7287415,51.0593121],[3.7286274,51.0593121],[3.7286274,51.0592043]]]}},{"type":"Feature","properties":{"building":"apartments","height":10.9,"building:levels":6},"geometry":{"type":"Polygon","coordinates":[[[3.7289983,51.0592042],[3.7291124,51.0592042],[3.7291124,51.0593121],[3.7289983,51.0593121],[3.7289983,51.0592042]]]}},{"type":"Feature","properties":{"building":"house","height":15.3,"building:levels":6},"geometry":{"type":"Polygon","coordinates":[[[3.7286274,51.0593121],[3.7287415,51.0593121],[3.7287416,51.05942],[3.7286274,51.05942],[3.7286274,51.0593121]]]}},{"type":"Feature","properties":{"building":"house","height":16.9,"building:levels":5},"geometry":{"type":"Polygon","coordinates":[[[3.7289983,51.0593121],[3.7291124,51.0593121],[3.7291124,51.0594199],[3.7289983,51.05942],[3.7289983,51.0593121]]]}},{"type":"Feature","properties":{"building":"house","height":12.9,"building:levels":6},"geometry":{"type":"Polygon","coordinates":[[[3.7286274,51.05942],[3.7287416,51.05942],[3.7287416,51.0595278],[3.7286275,51.0595279],[3.7286274,51.05942]]]}},{"type":"Feature","properties":{"building":"apartments","height":18.0,"building:levels":4},"geometry":{"type":"Polygon","coordinates":[[[3.7289983,51.05942],[3.7291124,51.0594199],[3.7291124,51.0595278],[3.7289983,51.0595278],[3.7289983,51.05942]]]}},{"type":"Feature","properties":{"building":"apartments","height":16.7,"building:levels":5},"geometry":{"type":"Polygon","coordinates":[[[3.7286275,51.0595279],[3.7287416,51.0595278],[3.7287416,51.0596357],[3.7286275,51.0596357],[3.7286275,51.0595279]]]}},{"type":"Feature","properties":{"building":"apartments","height":12.4,"building:levels":5},"geometry":{"type":"Polygon","coordinates":[[[3.7289983,51.0595278],[3.7291124,51.0595278],[3.7291125,51.0596357],[3.7289983,51.0596357],[3.7289983,51.0595278]]]}},{"type":"Feature","properties":{"building":"house","height":11.7,"building:levels":4},"geometry":{"type":"Polygon","coordinates":[[[3.7286275,51.0596357],[3.7287416,51.0596357],[3.7287416,51.0597436],[3.7286275,51.0597436],[3.7286275,51.0596357]]]}},{"type":"Feature","properties":{"building":"house","height":13.7,"building:levels":3},"geometry":{"type":"Polygon","coordinates":[[[3.7289983,51.0596357],[3.7291125,51.0596357],[3.7291125,51.0597435],[3.7289984,51.0597436],[3.7289983,51.0596357]]]}},{"type":"Feature","properties":{"building":"apartments","height":13.8,"building:levels":3},"geometry":{"type":"Polygon","coordinates":[[[3.7286275,51.0597436],[3.7287416,51.0597436],[3.7287416,51.0598514],[3.7286275,51.0598514],[3.7286275,51.0597436]]]}},{"type":"Feature","properties":{"building":"apartments","height":9.5,"building:levels":4},"geometry":{"type":"Polygon","coordinates":[[[3.7289984,51.0597436],[3.7291125,51.0597435],[3.7291125,51.0598514],[3.7289984,51.0598514],[3.7289984,51.0597436]]]}},{"type":"Feature","properties":{"building":"house","height":16.1,"building:levels":5},"geometry":{"type":"Polygon","coordinates":[[[3.7286275,51.0598514],[3.7287416,51.0598514],[3.7287417,51.0599593],[3.7286275,51.0599593],[3.7286275,51.0598514]]]}},{"type":"Feature","properties":{"building":"house","height":16.1,"building:levels":3},"geometry":{"type":"Polygon","coordinates":[[[3.7289984,51.0598514],[3.7291125,51.0598514],[3.7291125,51.0599593],[3.7289984,51.0599593],[3.7289984,51.0598514]]]}},{"type":"Feature","properties":{"building":"apartments","height":11.1,"building:levels":5},"geometry":{"type":"Polygon","coordinates":[[[3.7286275,51.0599593],[3.7287417,51.0599593],[3.7287417,51.0600672],[3.7286276,51.0600672],[3.7286275,51.0599593]]]}},{"type":"Feature","properties":{"building":"apartments","height":12.0,"building:levels":3},"geometry":{"type":"Polygon","coordinates":[[[3.7289984,51.0599593],[3.7291125,51.0599593],[3.7291125,51.0600671],[3.7289984,51.0600672],[3.7289984,51.0599593]]]}},{"type":"Feature","properties":{"building":"house","height":16.3,"building:levels":6},"geometry":{"type":"Polygon","coordinates":[[[3.7286276,51.0600672],[3.7287417,51.0600672],[3.7287417,51.060175],[3.7286276,51.060175],[3.7286276,51.0600672]]]}},{"type":"Feature","properties":{"building":"apartments","height":11.2,"building:levels":6},"geometry":{"type":"Polygon","coordinates":[[[3.7289984,51.0600672],[3.7291125,51.0600671],[3.7291126,51.060175],[3.7289984,51.060175],[3.7289984,51.0600672]]]}},{"type":"Feature","properties":{"building":"apartments","height":11.3,"building:levels":3},"geometry":{"type":"Polygon","coordinates":[[[3.7286276,51.060175],[3.7287417,51.060175],[3.7287417,51.0602829],[3.7286276,51.0602829],[3.7286276,51.060175]]]}},{"type":"Feature","properties":{"building":"apartments","height":9.3,"building:levels":4},"geometry":{"type":"Polygon","coordinates":[[[3.7289984,51.060175],[3.7291126,51.060175],[3.7291126,51.0602829],[3.7289985,51.0602829],[3.7289984,51.060175]]]}},{"type":"Feature","properties":{"building":"house","height":16.3,"building:levels":4},"geometry":{"type":"Polygon","coordinates":[[[3.7286276,51.0602829],[3.7287417,51.0602829],[3.7287417,51.0603908],[3.7286276,51.0603908],[3.7286276,51.0602829]]]}},{"type":"Feature","properties":{"building":"house","height":15.7,"building:levels":6},"geometry":{"type":"Polygon","coordinates":[[[3.7289985,51.0602829],[3.7291126,51.0602829],[3.7291126,51.0603907],[3.7289985,51.0603907],[3.7289985,51.0602829]]]}},{"type":"Feature","properties":{"building":"apartments","height":16.5,"building:levels":4},"geometry":{"type":"Polygon","coordinates":[[[3.7286276,51.0603908],[3.7287417,51.0603908],[3.7287418,51.0604986],[3.7286276,51.0604986],[3.7286276,51.0603908]]]}},{"type":"Feature","properties":{"building":"apartments","height":10.5,"building:levels":3},"geometry":{"type":"Polygon","coordinates":[[[3.7289985,51.0603907],[3.7291126,51.0603907],[3.7291126,51.0604986],[3.7289985,51.0604986],[3.7289985,51.0603907]]]}},{"type":"Feature","properties":{"building":"apartments","height":9.5,"building:levels":6},"geometry":{"type":"Polygon","coordinates":[[[3.7286276,51.0604986],[3.7287418,51.0604986],[3.7287418,51.0606065],[3.7286277,51.0606065],[3.7286276,51.0604986]]]}},{"type":"Feature","properties":{"building":"apartments","height":15.0,"building:levels":6},"geometry":{"type":"Polygon","coordinates":[[[3.7289985,51.0604986],[3.7291126,51.0604986],[3.7291126,51.0606065],[3.7289985,51.0606065],[3.7289985,51.0604986]]]}},{"type":"Feature","properties":{"building":"apartments","height":14.7,"building:levels":5},"geometry":{"type":"Polygon","coordinates":[[[3.7286277,51.0606065],[3.7287418,51.0606065],[3.7287418,51.0607144],[3.7286277,51.0607144],[3.7286277,51.0606065]]]}},{"type":"Feature","properties":{"building":"apartments","height":15.2,"building:levels":3},"geometry":{"type":"Polygon","coordinates":[[[3.7289985,51.0606065],[3.7291126,51.0606065],[3.7291127,51.0607143],[3.7289986,51.0607143],[3.7289985,51.0606065]]]}},{"type":"Feature","properties":{"building":"apartments","height":12.2,"building:levels":6},"geometry":{"type":"Polygon","coordinates":[[[3.7286277,51.0607144],[3.7287418,51.0607144],[3.7287418,51.0608222],[3.7286277,51.0608222],[3.7286277,51.0607144]]]}},{"type":"Feature","properties":{"building":"apartments","height":11.3,"building:levels":5},"geometry":{"type":"Polygon","coordinates":[[[3.7289986,51.0607143],[3.7291127,51.0607143],[3.7291127,51.0608222],[3.7289986,51.0608222],[3.7289986,51.0607143]]]}},{"type":"Feature","properties":{"building":"house","height":10.4,"building:levels":5},"geometry":{"type":"Polygon","coordinates":[[[3.7286277,51.0608222],[3.7287418,51.0608222],[3.7287418,51.0609301],[3.7286277,51.0609301],[3.7286277,51.0608222]]]}},{"type":"Feature","properties":{"building":"apartments","height":9.3,"building:levels":6},"geometry":{"type":"Polygon","coordinates":[[[3.7289986,51.0608222],[3.7291127,51.0608222],[3.7291127,51.0609301],[3.7289986,51.0609301],[3.7289986,51.0608222]]]}},{"type":"Feature","properties":{"building":"house","height":16.4,"building:levels":5},"geometry":{"type":"Polygon","coordinates":[[[3.7286277,51.0609301],[3.7287418,51.0609301],[3.7287419,51.061038],[3.7286277,51.061038],[3.7286277,51.0609301]]]}},{"type":"Feature","properties":{"building":"apartments","height":14.2,"building:levels":3},"geometry":{"type":"Polygon","coordinates":[[[3.7289986,51.0609301],[3.7291127,51.0609301],[3.7291127,51.0610379],[3.7289986,51.0610379],[3.7289986,51.0609301]]]}},{"type":"Feature","properties":{"building":"apartments","height":11.5,"building:levels":5},"geometry":{"type":"Polygon","coordinates":[[[3.7286277,51.061038],[3.7287419,51.061038],[3.7287419,51.0611458],[3.7286278,51.0611458],[3.7286277,51.061038]]]}},{"type":"Feature","properties":{"building":"apartments","height":15.0,"building:levels":5},"geometry":{"type":"Polygon","coordinates":[[[3.7289986,51.0610379],[3.7291127,51.0610379],[3.7291127,51.0611458],[3.7289986,51.0611458],[3.7289986,51.0610379]]]}},{"type":"Feature","properties":{"building":"apartments","height":13.4,"building:levels":6},"geometry":{"type":"Polygon","coordinates":[[[3.7286278,51.0611458],[3.7287419,51.0611458],[3.7287419,51.0612537],[3.7286278,51.0612537],[3.7286278,51.0611458]]]}},{"type":"Feature","properties":{"building":"apartments","height":17.3,"building:levels":4},"geometry":{"type":"Polygon","coordinates":[[[3.7289986,51.0611458],[3.7291127,51.0611458],[3.7291128,51.0612537],[3.7289987,51.0612537],[3.7289986,51.0611458]]]}},{"type":"Feature","properties":{"building":"house","height":17.5,"building:levels":6},"geometry":{"type":"Polygon","coordinates":[[[3.7286278,51.0612537],[3.7287419,51.0612537],[3.7287419,51.0613616],[3.7286278,51.0613616],[3.7286278,51.0612537]]]}},{"type":"Feature","properties":{"building":"apartments","height":11.4,"building:levels":3},"geometry":{"type":"Polygon","coordinates":[[[3.7289987,51.0612537],[3.7291128,51.0612537],[3.7291128,51.0613615],[3.7289987,51.0613615],[3.7289987,51.0612537]]]}},{"type":"Feature","properties":{"building":"house","height":11.9,"building:levels":6},"geometry":{"type":"Polygon","coordinates":[[[3.7286278,51.0613616],[3.7287419,51.0613616],[3.7287419,51.0614694],[3.7286278,51.0614694],[3.7286278,51.0613616]]]}},{"type":"Feature","properties":{"building":"apartments","height":9.3,"building:levels":6},"geometry":{"type":"Polygon","coordinates":[[[3.7289987,51.0613615],[3.7291128,51.0613615],[3.7291128,51.0614694],[3.7289987,51.0614694],[3.7289987,51.0613615]]]}},{"type":"Feature","properties":{"building":"apartments","height":17.8,"building:levels":3},"geometry":{"type":"Polygon","coordinates":[[[3.7286278,51.0614694],[3.7287419,51.0614694],[3.728742,51.0615773],[3.7286278,51.0615773],[3.7286278,51.0614694]]]}},{"type":"Feature","properties":{"building":"apartments","height":17.6,"building:levels":3},"geometry":{"type":"Polygon","coordinates":[[[3.7289987,51.0614694],[3.7291128,51.0614694],[3.7291128,51.0615773],[3.7289987,51.0615773],[3.7289987,51.0614694]]]}},{"type":"Feature","properties":{"building":"house","height":10.0,"building:levels":3},"geometry":{"type":"Polygon","coordinates":[[[3.7286278,51.0615773],[3.728742,51.0615773],[3.728742,51.0616852],[3.7286279,51.0616852],[3.7286278,51.0615773]]]}},{"type":"Feature","properties":{"building":"house","height":16.4,"building:levels":3},"geometry":{"type":"Polygon","coordinates":[[[3.7289987,51.0615773],[3.7291128,51.0615773],[3.7291129,51.0616851],[3.7289987,51.0616851],[3.7289987,51.0615773]]]}},{"type":"Feature","properties":{"building":"house","height":17.8,"building:levels":3},"geometry":{"type":"Polygon","coordinates":[[[3.7286279,51.0616852],[3.728742,51.0616852],[3.728742,51.061793],[3.7286279,51.061793],[3.7286279,51.0616852]]]}},{"type":"Feature","properties":{"building":"apartments","height":17.9,"building:levels":6},"geometry":{"type":"Polygon","coordinates":[[[3.7289987,51.0616851],[3.7291129,51.0616851],[3.7291129,51.061793],[3.7289988,51.061793],[3.7289987,51.0616851]]]}},{"type":"Feature","properties":{"building":"apartments","height":13.9,"building:levels":3},"geometry":{"type":"Polygon","coordinates":[[[3.7286279,51.061793],[3.728742,51.061793],[3.728742,51.0619009],[3.7286279,51.0619009],[3.7286279,51.061793]]]}},{"type":"Feature","properties":{"building":"apartments","height":13.4,"building:levels":4},"geometry":{"type":"Polygon","coordinates":[[[3.7289988,51.061793],[3.7291129,51.061793],[3.7291129,51.0619009],[3.7289988,51.0619009],[3.7289988,51.061793]]]}},{"type":"Feature","properties":{"building":"apartments","height":17.1,"building:levels":4},"geometry":{"type":"Polygon","coordinates":[[[3.7286672,51.0620026],[3.7287585,51.0619595],[3.7288611,51.0620458],[3.7287698,51.0620889],[3.7286672,51.0620026]]]}},{"type":"Feature","properties":{"building":"house","height":13.2,"building:levels":6},"geometry":{"type":"Polygon","coordinates":[[[3.728964,51.0618625],[3.7290554,51.0618194],[3.729158,51.0619057],[3.7290666,51.0619488],[3.728964,51.0618625]]]}},{"type":"Feature","properties":{"building":"house","height":10.3,"building:levels":3},"geometry":{"type":"Polygon","coordinates":[[[3.7289661,51.0621564],[3.7289742,51.0620847],[3.729145,51.0620924],[3.7291368,51.0621641],[3.7289661,51.0621564]]]}},{"type":"Feature","properties":{"building":"apartments","height":14.6,"building:levels":5},"geometry":{"type":"Polygon","coordinates":[[[3.7289925,51.0619233],[3.7290006,51.0618516],[3.7291714,51.0618593],[3.7291633,51.061931],[3.7289925,51.0619233]]]}},{"type":"Feature","properties":{"building":"apartments","height":16.4,"building:levels":4},"geometry":{"type":"Polygon","coordinates":[[[3.7291564,51.0621607],[3.7291564,51.0620888],[3.7293276,51.0620887],[3.7293276,51.0621607],[3.7291564,51.0621607]]]}},{"type":"Feature","properties":{"building":"apartments","height":17.6,"building:levels":4},"geometry":{"type":"Polygon","coordinates":[[[3.7291563,51.061927],[3.7291563,51.061855],[3.7293275,51.061855],[3.7293275,51.0619269],[3.7291563,51.061927]]]}},{"type":"Feature","properties":{"building":"apartments","height":10.0,"building:levels":6},"geometry":{"type":"Polygon","coordinates":[[[3.7293276,51.0621607],[3.7293276,51.0620887],[3.7294987,51.0620887],[3.7294987,51.0621606],[3.7293276,51.0621607]]]}},{"type":"Feature","properties":{"building":"apartments","height":9.2,"building:levels":3},"geometry":{"type":"Polygon","coordinates":[[[3.7293275,51.0619269],[3.7293275,51.061855],[3.7294987,51.061855],[3.7294987,51.0619269],[3.7293275,51.0619269]]]}},{"type":"Feature","properties":{"building":"apartments","height":10.3,"building:levels":4},"geometry":{"type":"Polygon","coordinates":[[[3.7294987,51.0621606],[3.7294987,51.0620887],[3.7296699,51.0620887],[3.7296699,51.0621606],[3.7294987,51.0621606]]]}},{"type":"Feature","properties":{"building":"apartments","height":17.4,"building:levels":3},"geometry":{"type":"Polygon","coordinates":[[[3.7294987,51.0619269],[3.7294987,51.061855],[3.7296699,51.061855],[3.7296699,51.0619269],[3.7294987,51.0619269]]]}},{"type":"Feature","properties":{"building":"house","height":9.1,"building:levels":5},"geometry":{"type":"Polygon","coordinates":[[[3.7296699,51.0621606],[3.7296699,51.0620887],[3.7298411,51.0620887],[3.7298411,51.0621606],[3.7296699,51.0621606]]]}},{"type":"Feature","properties":{"building":"house","height":17.8,"building:levels":4},"geometry":{"type":"Polygon","coordinates":[[[3.7296699,51.0619269],[3.7296699,51.061855],[3.729841,51.061855],[3.729841,51.0619269],[3.7296699,51.0619269]]]}},{"type":"Feature","properties":{"building":"apartments","height":13.9,"building:levels":6},"geometry":{"type":"Polygon","coordinates":[[[3.7298411,51.0621606],[3.7298411,51.0620887],[3.7300122,51.0620887],[3.7300123,51.0621606],[3.7298411,51.0621606]]]}},{"type":"Feature","properties":{"building":"apartments","height":16.6,"building:levels":6},"geometry":{"type":"Polygon","coordinates":[[[3.729841,51.0619269],[3.729841,51.061855],[3.7300122,51.061855],[3.7300122,51.0619269],[3.729841,51.0619269]]]}},{"type":"Feature","properties":{"building":"apartments","height":12.1,"building:levels":6},"geometry":{"type":"Polygon","coordinates":[[[3.7300123,51.0621606],[3.7300122,51.0620887],[3.7301834,51.0620887],[3.7301834,51.0621606],[3.7300123,51.0621606]]]}},{"type":"Feature","properties":{"building":"apartments","height":13.2,"building:levels":5},"geometry":{"type":"Polygon","coordinates":[[[3.7300122,51.0619269],[3.7300122,51.061855],[3.7301834,51.061855],[3.7301834,51.0619269],[3.7300122,51.0619269]]]}},{"type":"Feature","properties":{"building":"apartments","height":13.8,"building:levels":6},"geometry":{"type":"Polygon","coordinates":[[[3.7301834,51.0621606],[3.7301834,51.0620887],[3.7303546,51.0620887],[3.7303546,51.0621606],[3.7301834,51.0621606]]]}},{"type":"Feature","properties":{"building":"apartments","height":14.3,"building:levels":4},"geometry":{"type":"Polygon","coordinates":[[[3.7301834,51.0619269],[3.7301834,51.061855],[3.7303545,51.0618549],[3.7303546,51.0619269],[3.7301834,51.0619269]]]}},{"type":"Feature","properties":{"building":"apartments","height":16.7,"building:levels":4},"geometry":{"type":"Polygon","coordinates":[[[3.7303546,51.0621606],[3.7303546,51.0620887],[3.7305258,51.0620886],[3.7305258,51.0621605],[3.7303546,51.0621606]]]}},{"type":"Feature","properties":{"building":"apartments","height":16.6,"building:levels":4},"geometry":{"type":"Polygon","coordinates":[[[3.7303546,51.0619269],[3.7303545,51.0618549],[3.7305257,51.0618549],[3.7305257,51.0619268],[3.7303546,51.0619269]]]}},{"type":"Feature","properties":{"building":"apartments","height":17.8,"building:levels":6},"geometry":{"type":"Polygon","coordinates":[[[3.7305258,51.0621605],[3.7305258,51.0620886],[3.7306969,51.0620886],[3.730697,51.0621605],[3.7305258,51.0621605]]]}},{"type":"Feature","properties":{"building":"house","height":10.6,"building:levels":3},"geometry":{"type":"Polygon","coordinates":[[[3.7305257,51.0619268],[3.7305257,51.0618549],[3.7306969,51.0618549],[3.7306969,51.0619268],[3.7305257,51.0619268]]]}},{"type":"Feature","properties":{"building":"apartments","height":10.1,"building:levels":6},"geometry":{"type":"Polygon","coordinates":[[[3.730697,51.0621605],[3.7306969,51.0620886],[3.7308681,51.0620886],[3.7308681,51.0621605],[3.730697,51.0621605]]]}},{"type":"Feature","properties":{"building":"house","height":15.2,"building:levels":5},"geometry":{"type":"Polygon","coordinates":[[[3.7306969,51.0619268],[3.7306969,51.0618549],[3.7308681,51.0618549],[3.7308681,51.0619268],[3.7306969,51.0619268]]]}},{"type":"Feature","properties":{"building":"apartments","height":13.9,"building:levels":6},"geometry":{"type":"Polygon","coordinates":[[[3.7308681,51.0621605],[3.7308681,51.0620886],[3.7310393,51.0620886],[3.7310393,51.0621605],[3.7308681,51.0621605]]]}},{"type":"Feature","properties":{"building":"apartments","height":14.3,"building:levels":4},"geometry":{"type":"Polygon","coordinates":[[[3.7308681,51.0619268],[3.7308681,51.0618549],[3.7310392,51.0618549],[3.7310393,51.0619268],[3.7308681,51.0619268]]]}},{"type":"Feature","properties":{"building":"apartments","height":13.6,"building:levels":5},"geometry":{"type":"Polygon","coordinates":[[[3.7310393,51.0621605],[3.7310393,51.0620886],[3.7312105,51.0620886],[3.7312105,51.0621605],[3.7310393,51.0621605]]]}},{"type":"Feature","properties":{"building":"house","height":14.3,"building:levels":5},"geometry":{"type":"Polygon","coordinates":[[[3.7310393,51.0619268],[3.7310392,51.0618549],[3.7312104,51.0618549],[3.7312104,51.0619268],[3.7310393,51.0619268]]]}},{"type":"Feature","properties":{"building":"house","height":16.5,"building:levels":5},"geometry":{"type":"Polygon","coordinates":[[[3.7312105,51.0621605],[3.7312105,51.0620886],[3.7313816,51.0620886],[3.7313817,51.0621605],[3.7312105,51.0621605]]]}},{"type":"Feature","properties":{"building":"house","height":11.7,"building:levels":4},"geometry":{"type":"Polygon","coordinates":[[[3.7312104,51.0619268],[3.7312104,51.0618549],[3.7313816,51.0618548],[3.7313816,51.0619268],[3.7312104,51.0619268]]]}},{"type":"Feature","properties":{"building":"apartments","height":13.5,"building:levels":5},"geometry":{"type":"Polygon","coordinates":[[[3.7313817,51.0621605],[3.7313816,51.0620886],[3.7315528,51.0620885],[3.7315528,51.0621605],[3.7313817,51.0621605]]]}},{"type":"Feature","properties":{"building":"house","height":11.2,"building:levels":6},"geometry":{"type":"Polygon","coordinates":[[[3.7313816,51.0619268],[3.7313816,51.0618548],[3.7315528,51.0618548],[3.7315528,51.0619267],[3.7313816,51.0619268]]]}},{"type":"Feature","properties":{"building":"house","height":13.1,"building:levels":6},"geometry":{"type":"Polygon","coordinates":[[[3.7315528,51.0621605],[3.7315528,51.0620885],[3.731724,51.0620885],[3.731724,51.0621604],[3.7315528,51.0621605]]]}},{"type":"Feature","properties":{"building":"apartments","height":16.1,"building:levels":4},"geometry":{"type":"Polygon","coordinates":[[[3.7315528,51.0619267],[3.7315528,51.0618548],[3.7317239,51.0618548],[3.731724,51.0619267],[3.7315528,51.0619267]]]}},{"type":"Feature","properties":{"building":"house","height":13.8,"building:levels":6},"geometry":{"type":"Polygon","coordinates":[[[3.731724,51.0621604],[3.731724,51.0620885],[3.7318952,51.0620885],[3.7318952,51.0621604],[3.731724,51.0621604]]]}},{"type":"Feature","properties":{"building":"house","height":9.5,"building:levels":6},"geometry":{"type":"Polygon","coordinates":[[[3.731724,51.0619267],[3.7317239,51.0618548],[3.7318951,51.0618548],[3.7318951,51.0619267],[3.731724,51.0619267]]]}},{"type":"Feature","properties":{"building":"apartments","height":16.6,"building:levels":5},"geometry":{"type":"Polygon","coordinates":[[[3.7318952,51.0621604],[3.7318952,51.0620885],[3.7320663,51.0620885],[3.7320664,51.0621604],[3.7318952,51.0621604]]]}},{"type":"Feature","properties":{"building":"apartments","height":16.7,"building:levels":6},"geometry":{"type":"Polygon","coordinates":[[[3.7318951,51.0619267],[3.7318951,51.0618548],[3.7320663,51.0618548],[3.7320663,51.0619267],[3.7318951,51.0619267]]]}},{"type":"Feature","properties":{"building":"apartments","height":9.7,"building:levels":4},"geometry":{"type":"Polygon","coordinates":[[[3.7320664,51.0621604],[3.7320663,51.0620885],[3.7322375,51.0620885],[3.7322375,51.0621604],[3.7320664,51.0621604]]]}},{"type":"Feature","properties":{"building":"apartments","height":13.4,"building:levels":3},"geometry":{"type":"Polygon","coordinates":[[[3.7320663,51.0619267],[3.7320663,51.0618548],[3.7322375,51.0618548],[3.7322375,51.0619267],[3.7320663,51.0619267]]]}},{"type":"Feature","properties":{"building":"apartments","height":16.8,"building:levels":5},"geometry":{"type":"Polygon","coordinates":[[[3.7322375,51.0621604],[3.7322375,51.0620885],[3.7324087,51.0620885],[3.7324087,51.0621604],[3.7322375,51.0621604]]]}},{"type":"Feature","properties":{"building":"apartments","height":12.3,"building:levels":5},"geometry":{"type":"Polygon","coordinates":[[[3.7322375,51.0619267],[3.7322375,51.0618548],[3.7324086,51.0618547],[3.7324086,51.0619267],[3.7322375,51.0619267]]]}},{"type":"Feature","properties":{"building":"apartments","height":12.4,"building:levels":3},"geometry":{"type":"Polygon","coordinates":[[[3.7324087,51.0621604],[3.7324087,51.0620885],[3.7325799,51.0620884],[3.7325799,51.0621603],[3.7324087,51.0621604]]]}},{"type":"Feature","properties":{"building":"apartments","height":10.3,"building:levels":4},"geometry":{"type":"Polygon","coordinates":[[[3.7324086,51.0619267],[3.7324086,51.0618547],[3.7325798,51.0618547],[3.7325798,51.0619266],[3.7324086,51.0619267]]]}},{"type":"Feature","properties":{"building":"apartments","height":9.6,"building:levels":3},"geometry":{"type":"Polygon","coordinates":[[[3.7325799,51.0621603],[3.7325799,51.0620884],[3.732751,51.0620884],[3.7327511,51.0621603],[3.7325799,51.0621603]]]}},{"type":"Feature","properties":{"building":"apartments","height":9.7,"building:levels":5},"geometry":{"type":"Polygon","coordinates":[[[3.7325798,51.0619266],[3.7325798,51.0618547],[3.732751,51.0618547],[3.732751,51.0619266],[3.7325798,51.0619266]]]}},{"type":"Feature","properties":{"building":"apartments","height":10.8,"building:levels":3},"geometry":{"type":"Polygon","coordinates":[[[3.7327511,51.0621603],[3.732751,51.0620884],[3.7329222,51.0620884],[3.7329222,51.0621603],[3.7327511,51.0621603]]]}},{"type":"Feature","properties":{"building":"apartments","height":17.3,"building:levels":6},"geometry":{"type":"Polygon","coordinates":[[[3.732751,51.0619266],[3.732751,51.0618547],[3.7329221,51.0618547],[3.7329222,51.0619266],[3.732751,51.0619266]]]}},{"type":"Feature","properties":{"building":"house","height":16.5,"building:levels":4},"geometry":{"type":"Polygon","coordinates":[[[3.7329222,51.0621603],[3.7329222,51.0620884],[3.7330934,51.0620884],[3.7330934,51.0621603],[3.7329222,51.0621603]]]}},{"type":"Feature","properties":{"building":"apartments","height":15.1,"building:levels":3},"geometry":{"type":"Polygon","coordinates":[[[3.7329222,51.0619266],[3.7329221,51.0618547],[3.7330933,51.0618547],[3.7330933,51.0619266],[3.7329222,51.0619266]]]}},{"type":"Feature","properties":{"building":"apartments","height":17.4,"building:levels":4},"geometry":{"type":"Polygon","coordinates":[[[3.7330934,51.0621603],[3.7330934,51.0620884],[3.7332646,51.0620884],[3.7332646,51.0621603],[3.7330934,51.0621603]]]}},{"type":"Feature","properties":{"building":"apartments","height":17.0,"building:levels":5},"geometry":{"type":"Polygon","coordinates":[[[3.7330933,51.0619266],[3.7330933,51.0618547],[3.7332645,51.0618547],[3.7332645,51.0619266],[3.7330933,51.0619266]]]}},{"type":"Feature","properties":{"building":"apartments","height":10.1,"building:levels":4},"geometry":{"type":"Polygon","coordinates":[[[3.7332646,51.0621603],[3.7332646,51.0620884],[3.7334357,51.0620883],[3.7334358,51.0621603],[3.7332646,51.0621603]]]}},{"type":"Feature","properties":{"building":"apartments","height":9.8,"building:levels":3},"geometry":{"type":"Polygon","coordinates":[[[3.7332645,51.0619266],[3.7332645,51.0618547],[3.7334357,51.0618546],[3.7334357,51.0619265],[3.7332645,51.0619266]]]}},{"type":"Feature","properties":{"building":"house","height":12.4,"building:levels":6},"geometry":{"type":"Polygon","coordinates":[[[3.7334358,51.0621603],[3.7334357,51.0620883],[3.7336069,51.0620883],[3.7336069,51.0621602],[3.7334358,51.0621603]]]}},{"type":"Feature","properties":{"building":"house","height":10.7,"building:levels":5},"geometry":{"type":"Polygon","coordinates":[[[3.7334357,51.0619265],[3.7334357,51.0618546],[3.7336068,51.0618546],[3.7336069,51.0619265],[3.7334357,51.0619265]]]}},{"type":"Feature","properties":{"building":"apartments","height":10.8,"building:levels":6},"geometry":{"type":"Polygon","coordinates":[[[3.7336069,51.0621602],[3.7336069,51.0620883],[3.7337781,51.0620883],[3.7337781,51.0621602],[3.7336069,51.0621602]]]}},{"type":"Feature","properties":{"building":"apartments","height":17.5,"building:levels":5},"geometry":{"type":"Polygon","coordinates":[[[3.7336069,51.0619265],[3.7336068,51.0618546],[3.733778,51.0618546],[3.733778,51.0619265],[3.7336069,51.0619265]]]}},{"type":"Feature","properties":{"building":"apartments","height":9.9,"building:levels":3},"geometry":{"type":"Polygon","coordinates":[[[3.7337781,51.0621602],[3.7337781,51.0620883],[3.7339493,51.0620883],[3.7339493,51.0621602],[3.7337781,51.0621602]]]}},{"type":"Feature","properties":{"building":"apartments","height":16.9,"building:levels":5},"geometry":{"type":"Polygon","coordinates":[[[3.733778,51.0619265],[3.733778,51.0618546],[3.7339492,51.0618546],[3.7339492,51.0619265],[3.733778,51.0619265]]]}},{"type":"Feature","properties":{"building":"apartments","height":9.1,"building:levels":6},"geometry":{"type":"Polygon","coordinates":[[[3.7339493,51.0621602],[3.7339493,51.0620883],[3.7341204,51.0620883],[3.7341205,51.0621602],[3.7339493,51.0621602]]]}},{"type":"Feature","properties":{"building":"house","height":14.7,"building:levels":3},"geometry":{"type":"Polygon","coordinates":[[[3.7339492,51.0619265],[3.7339492,51.0618546],[3.7341204,51.0618545],[3.7341204,51.0619265],[3.7339492,51.0619265]]]}},{"type":"Feature","properties":{"building":"house","height":12.0,"building:levels":6},"geometry":{"type":"Polygon","coordinates":[[[3.7341205,51.0621602],[3.7341204,51.0620883],[3.7342916,51.0620882],[3.7342916,51.0621601],[3.7341205,51.0621602]]]}},{"type":"Feature","properties":{"building":"house","height":11.0,"building:levels":5},"geometry":{"type":"Polygon","coordinates":[[[3.7341204,51.0619265],[3.7341204,51.0618545],[3.7342915,51.0618545],[3.7342916,51.0619264],[3.7341204,51.0619265]]]}},{"type":"Feature","properties":{"building":"apartments","height":12.5,"building:levels":3},"geometry":{"type":"Polygon","coordinates":[[[3.7342916,51.0621601],[3.7342916,51.0620882],[3.7344628,51.0620882],[3.7344628,51.0621601],[3.7342916,51.0621601]]]}},{"type":"Feature","properties":{"building":"apartments","height":13.7,"building:levels":4},"geometry":{"type":"Polygon","coordinates":[[[3.7342916,51.0619264],[3.7342915,51.0618545],[3.7344627,51.0618545],[3.7344627,51.0619264],[3.7342916,51.0619264]]]}},{"type":"Feature","properties":{"building":"apartments","height":9.8,"building:levels":4},"geometry":{"type":"Polygon","coordinates":[[[3.7344628,51.0621601],[3.7344628,51.0620882],[3.734634,51.0620882],[3.734634,51.0621601],[3.7344628,51.0621601]]]}},{"type":"Feature","properties":{"building":"house","height":16.4,"building:levels":6},"geometry":{"type":"Polygon","coordinates":[[[3.7344627,51.0619264],[3.7344627,51.0618545],[3.7346339,51.0618545],[3.7346339,51.0619264],[3.7344627,51.0619264]]]}},{"type":"Feature","properties":{"building":"apartments","height":17.8,"building:levels":4},"geometry":{"type":"Polygon","coordinates":[[[3.7361746,51.0621599],[3.7361745,51.062088],[3.7363457,51.062088],[3.7363457,51.0621599],[3.7361746,51.0621599]]]}},{"type":"Feature","properties":{"building":"apartments","height":11.7,"building:levels":4},"geometry":{"type":"Polygon","coordinates":[[[3.7361745,51.0619262],[3.7361744,51.0618543],[3.7363456,51.0618543],[3.7363456,51.0619262],[3.7361745,51.0619262]]]}},{"type":"Feature","properties":{"building":"apartments","height":12.3,"building:levels":5},"geometry":{"type":"Polygon","coordinates":[[[3.7363457,51.0621599],[3.7363457,51.062088],[3.7365169,51.0620879],[3.7365169,51.0621599],[3.7363457,51.0621599]]]}},{"type":"Feature","properties":{"building":"apartments","height":16.7,"building:levels":4},"geometry":{"type":"Polygon","coordinates":[[[3.7363456,51.0619262],[3.7363456,51.0618543],[3.7365168,51.0618542],[3.7365168,51.0619261],[3.7363456,51.0619262]]]}},{"type":"Feature","properties":{"building":"apartments","height":15.5,"building:levels":5},"geometry":{"type":"Polygon","coordinates":[[[3.7365169,51.0621599],[3.7365169,51.0620879],[3.7366881,51.0620879],[3.7366881,51.0621598],[3.7365169,51.0621599]]]}},{"type":"Feature","properties":{"building":"house","height":13.4,"building:levels":4},"geometry":{"type":"Polygon","coordinates":[[[3.7365168,51.0619261],[3.7365168,51.0618542],[3.736688,51.0618542],[3.736688,51.0619261],[3.7365168,51.0619261]]]}},{"type":"Feature","properties":{"building":"apartments","height":9.9,"building:levels":6},"geometry":{"type":"Polygon","coordinates":[[[3.7366881,51.0621598],[3.7366881,51.0620879],[3.7368592,51.0620879],[3.7368593,51.0621598],[3.7366881,51.0621598]]]}},{"type":"Feature","properties":{"building":"apartments","height":17.2,"building:levels":6},"geometry":{"type":"Polygon","coordinates":[[[3.736688,51.0619261],[3.736688,51.0618542],[3.7368591,51.0618542],[3.7368592,51.0619261],[3.736688,51.0619261]]]}},{"type":"Feature","properties":{"building":"house","height":11.8,"building:levels":3},"geometry":{"type":"Polygon","coordinates":[[[3.7368593,51.0621598],[3.7368592,51.0620879],[3.7370304,51.0620879],[3.7370304,51.0621598],[3.7368593,51.0621598]]]}},{"type":"Feature","properties":{"building":"apartments","height":11.2,"building:levels":3},"geometry":{"type":"Polygon","coordinates":[[[3.7368592,51.0619261],[3.7368591,51.0618542],[3.7370303,51.0618542],[3.7370303,51.0619261],[3.7368592,51.0619261]]]}},{"type":"Feature","properties":{"building":"apartments","height":12.3,"building:levels":4},"geometry":{"type":"Polygon","coordinates":[[[3.7370304,51.0621598],[3.7370304,51.0620879],[3.7372016,51.0620878],[3.7372016,51.0621598],[3.7370304,51.0621598]]]}},{"type":"Feature","properties":{"building":"apartments","height":11.3,"building:levels":5},"geometry":{"type":"Polygon","coordinates":[[[3.7370303,51.0619261],[3.7370303,51.0618542],[3.7372015,51.0618541],[3.7372015,51.061926],[3.7370303,51.0619261]]]}},{"type":"Feature","properties":{"building":"apartments","height":17.7,"building:levels":3},"geometry":{"type":"Polygon","coordinates":[[[3.7372016,51.0621598],[3.7372016,51.0620878],[3.7373727,51.0620878],[3.7373728,51.0621597],[3.7372016,51.0621598]]]}},{"type":"Feature","properties":{"building":"apartments","height":11.7,"building:levels":4},"geometry":{"type":"Polygon","coordinates":[[[3.7372015,51.061926],[3.7372015,51.0618541],[3.7373727,51.0618541],[3.7373727,51.061926],[3.7372015,51.061926]]]}},{"type":"Feature","properties":{"building":"apartments","height":11.2,"building:levels":4},"geometry":{"type":"Polygon","coordinates":[[[3.7373728,51.0621597],[3.7373727,51.0620878],[3.7375439,51.0620878],[3.7375439,51.0621597],[3.7373728,51.0621597]]]}},{"type":"Feature","properties":{"building":"apartments","height":15.0,"building:levels":4},"geometry":{"type":"Polygon","coordinates":[[[3.7373727,51.061926],[3.7373727,51.0618541],[3.7375438,51.0618541],[3.7375439,51.061926],[3.7373727,51.061926]]]}},{"type":"Feature","properties":{"building":"apartments","height":15.8,"building:levels":6},"geometry":{"type":"Polygon","coordinates":[[[3.7375439,51.0621597],[3.7375439,51.0620878],[3.7377151,51.0620878],[3.7377151,51.0621597],[3.7375439,51.0621597]]]}},{"type":"Feature","properties":{"building":"apartments","height":12.8,"building:levels":4},"geometry":{"type":"Polygon","coordinates":[[[3.7375439,51.061926],[3.7375438,51.0618541],[3.737715,51.0618541],[3.737715,51.061926],[3.7375439,51.061926]]]}},{"type":"Feature","properties":{"building":"house","height":13.0,"building:levels":3},"geometry":{"type":"Polygon","coordinates":[[[3.7377151,51.0621597],[3.7377151,51.0620878],[3.7378863,51.0620877],[3.7378863,51.0621597],[3.7377151,51.0621597]]]}},{"type":"Feature","properties":{"building":"apartments","height":13.8,"building:levels":6},"geometry":{"type":"Polygon","coordinates":[[[3.737715,51.061926],[3.737715,51.0618541],[3.7378862,51.061854],[3.7378862,51.0619259],[3.737715,51.061926]]]}},{"type":"Feature","properties":{"building":"apartments","height":14.2,"building:levels":5},"geometry":{"type":"Polygon","coordinates":[[[3.7378863,51.0621597],[3.7378863,51.0620877],[3.7380574,51.0620877],[3.7380575,51.0621596],[3.7378863,51.0621597]]]}},{"type":"Feature","properties":{"building":"apartments","height":12.8,"building:levels":6},"geometry":{"type":"Polygon","coordinates":[[[3.7378862,51.0619259],[3.7378862,51.061854],[3.7380574,51.061854],[3.7380574,51.0619259],[3.7378862,51.0619259]]]}},{"type":"Feature","properties":{"building":"apartments","height":16.4,"building:levels":6},"geometry":{"type":"Polygon","coordinates":[[[3.7380575,51.0621596],[3.7380574,51.0620877],[3.7382286,51.0620877],[3.7382286,51.0621596],[3.7380575,51.0621596]]]}},{"type":"Feature","properties":{"building":"apartments","height":18.0,"building:levels":6},"geometry":{"type":"Polygon","coordinates":[[[3.7380574,51.0619259],[3.7380574,51.061854],[3.7382285,51.061854],[3.7382286,51.0619259],[3.7380574,51.0619259]]]}},{"type":"Feature","properties":{"building":"house","height":10.0,"building:levels":6},"geometry":{"type":"Polygon","coordinates":[[[3.7382286,51.0621596],[3.7382286,51.0620877],[3.7383998,51.0620877],[3.7383998,51.0621596],[3.7382286,51.0621596]]]}},{"type":"Feature","properties":{"building":"apartments","height":15.6,"building:levels":5},"geometry":{"type":"Polygon","coordinates":[[[3.7382286,51.0619259],[3.7382285,51.061854],[3.7383997,51.061854],[3.7383997,51.0619259],[3.7382286,51.0619259]]]}},{"type":"Feature","properties":{"building":"apartments","height":13.8,"building:levels":5},"geometry":{"type":"Polygon","coordinates":[[[3.7383998,51.0621596],[3.7383998,51.0620877],[3.738571,51.0620876],[3.738571,51.0621595],[3.7383998,51.0621596]]]}},{"type":"Feature","properties":{"building":"apartments","height":13.9,"building:levels":6},"geometry":{"type":"Polygon","coordinates":[[[3.7383997,51.0619259],[3.7383997,51.061854],[3.7385709,51.0618539],[3.7385709,51.0619258],[3.7383997,51.0619259]]]}},{"type":"Feature","properties":{"building":"apartments","height":9.4,"building:levels":5},"geometry":{"type":"Polygon","coordinates":[[[3.738571,51.0621595],[3.738571,51.0620876],[3.7387421,51.0620876],[3.7387422,51.0621595],[3.738571,51.0621595]]]}},{"type":"Feature","properties":{"building":"house","height":10.8,"building:levels":3},"geometry":{"type":"Polygon","coordinates":[[[3.7385709,51.0619258],[3.7385709,51.0618539],[3.738742,51.0618539],[3.7387421,51.0619258],[3.7385709,51.0619258]]]}},{"type":"Feature","properties":{"building":"house","height":17.8,"building:levels":5},"geometry":{"type":"Polygon","coordinates":[[[3.7387422,51.0621595],[3.7387421,51.0620876],[3.7389133,51.0620876],[3.7389133,51.0621595],[3.7387422,51.0621595]]]}},{"type":"Feature","properties":{"building":"apartments","height":15.1,"building:levels":5},"geometry":{"type":"Polygon","coordinates":[[[3.7387421,51.0619258],[3.738742,51.0618539],[3.7389132,51.0618539],[3.7389133,51.0619258],[3.7387421,51.0619258]]]}},{"type":"Feature","properties":{"building":"apartments","height":17.9,"building:levels":5},"geometry":{"type":"Polygon","coordinates":[[[3.7389133,51.0621595],[3.7389133,51.0620876],[3.7390845,51.0620876],[3.7390845,51.0621595],[3.7389133,51.0621595]]]}},{"type":"Feature","properties":{"building":"house","height":12.8,"building:levels":5},"geometry":{"type":"Polygon","coordinates":[[[3.7389133,51.0619258],[3.7389132,51.0618539],[3.7390844,51.0618538],[3.7390844,51.0619258],[3.7389133,51.0619258]]]}},{"type":"Feature","properties":{"building":"apartments","height":12.3,"building:levels":4},"geometry":{"type":"Polygon","coordinates":[[[3.7390845,51.0621595],[3.7390845,51.0620876],[3.7392557,51.0620875],[3.7392557,51.0621594],[3.7390845,51.0621595]]]}},{"type":"Feature","properties":{"building":"apartments","height":15.3,"building:levels":6},"geometry":{"type":"Polygon","coordinates":[[[3.7390844,51.0619258],[3.7390844,51.0618538],[3.7392556,51.0618538],[3.7392556,51.0619257],[3.7390844,51.0619258]]]}},{"type":"Feature","properties":{"building":"house","height":11.9,"building:levels":4},"geometry":{"type":"Polygon","coordinates":[[[3.7392557,51.0621594],[3.7392557,51.0620875],[3.7394268,51.0620875],[3.7394269,51.0621594],[3.7392557,51.0621594]]]}},{"type":"Feature","properties":{"building":"apartments","height":15.5,"building:levels":4},"geometry":{"type":"Polygon","coordinates":[[[3.7392556,51.0619257],[3.7392556,51.0618538],[3.7394267,51.0618538],[3.7394268,51.0619257],[3.7392556,51.0619257]]]}},{"type":"Feature","properties":{"building":"apartments","height":13.2,"building:levels":6},"geometry":{"type":"Polygon","coordinates":[[[3.7394269,51.0621594],[3.7394268,51.0620875],[3.739598,51.0620875],[3.739598,51.0621594],[3.7394269,51.0621594]]]}},{"type":"Feature","properties":{"building":"apartments","height":12.3,"building:levels":3},"geometry":{"type":"Polygon","coordinates":[[[3.7394268,51.0619257],[3.7394267,51.0618538],[3.7395979,51.0618538],[3.7395979,51.0619257],[3.7394268,51.0619257]]]}},{"type":"Feature","properties":{"building":"house","height":15.3,"building:levels":4},"geometry":{"type":"Polygon","coordinates":[[[3.739598,51.0621594],[3.739598,51.0620875],[3.7397692,51.0620874],[3.7397692,51.0621594],[3.739598,51.0621594]]]}},{"type":"Feature","properties":{"building":"apartments","height":10.5,"building:levels":3},"geometry":{"type":"Polygon","coordinates":[[[3.7395979,51.0619257],[3.7395979,51.0618538],[3.7397691,51.0618537],[3.7397691,51.0619256],[3.7395979,51.0619257]]]}},{"type":"Feature","properties":{"building":"apartments","height":10.1,"building:levels":6},"geometry":{"type":"Polygon","coordinates":[[[3.7397692,51.0621594],[3.7397692,51.0620874],[3.7399404,51.0620874],[3.7399404,51.0621593],[3.7397692,51.0621594]]]}},{"type":"Feature","properties":{"building":"house","height":13.6,"building:levels":6},"geometry":{"type":"Polygon","coordinates":[[[3.7397691,51.0619256],[3.7397691,51.0618537],[3.7399403,51.0618537],[3.7399403,51.0619256],[3.7397691,51.0619256]]]}},{"type":"Feature","properties":{"building":"apartments","height":13.3,"building:levels":5},"geometry":{"type":"Polygon","coordinates":[[[3.7399404,51.0621593],[3.7399404,51.0620874],[3.7401115,51.0620874],[3.7401116,51.0621593],[3.7399404,51.0621593]]]}},{"type":"Feature","properties":{"building":"apartments","height":11.3,"building:levels":4},"geometry":{"type":"Polygon","coordinates":[[[3.7399403,51.0619256],[3.7399403,51.0618537],[3.7401114,51.0618537],[3.7401115,51.0619256],[3.7399403,51.0619256]]]}},{"type":"Feature","properties":{"building":"house","height":13.3,"building:levels":6},"geometry":{"type":"Polygon","coordinates":[[[3.7401116,51.0621593],[3.7401115,51.0620874],[3.7402827,51.0620874],[3.7402827,51.0621593],[3.7401116,51.0621593]]]}},{"type":"Feature","properties":{"building":"apartments","height":12.3,"building:levels":4},"geometry":{"type":"Polygon","coordinates":[[[3.7401115,51.0619256],[3.7401114,51.0618537],[3.7402826,51.0618536],[3.7402826,51.0619256],[3.7401115,51.0619256]]]}},{"type":"Feature","properties":{"building":"apartments","height":16.0,"building:levels":4},"geometry":{"type":"Polygon","coordinates":[[[3.7402827,51.0621593],[3.7402827,51.0620874],[3.7404539,51.0620873],[3.7404539,51.0621592],[3.7402827,51.0621593]]]}},{"type":"Feature","properties":{"building":"house","height":11.2,"building:levels":5},"geometry":{"type":"Polygon","coordinates":[[[3.7402826,51.0619256],[3.7402826,51.0618536],[3.7404538,51.0618536],[3.7404538,51.0619255],[3.7402826,51.0619256]]]}},{"type":"Feature","properties":{"building":"house","height":15.6,"building:levels":3},"geometry":{"type":"Polygon","coordinates":[[[3.7404539,51.0621592],[3.7404539,51.0620873],[3.7406251,51.0620873],[3.7406251,51.0621592],[3.7404539,51.0621592]]]}},{"type":"Feature","properties":{"building":"apartments","height":15.3,"building:levels":3},"geometry":{"type":"Polygon","coordinates":[[[3.7404538,51.0619255],[3.7404538,51.0618536],[3.740625,51.0618536],[3.740625,51.0619255],[3.7404538,51.0619255]]]}},{"type":"Feature","properties":{"building":"apartments","height":13.1,"building:levels":3},"geometry":{"type":"Polygon","coordinates":[[[3.7406251,51.0621592],[3.7406251,51.0620873],[3.7407962,51.0620873],[3.7407963,51.0621592],[3.7406251,51.0621592]]]}},{"type":"Feature","properties":{"building":"apartments","height":15.9,"building:levels":4},"geometry":{"type":"Polygon","coordinates":[[[3.740625,51.0619255],[3.740625,51.0618536],[3.7407961,51.0618536],[3.7407962,51.0619255],[3.740625,51.0619255]]]}},{"type":"Feature","properties":{"building":"apartments","height":13.4,"building:levels":4},"geometry":{"type":"Polygon","coordinates":[[[3.7407963,51.0621592],[3.7407962,51.0620873],[3.7409674,51.0620872],[3.7409674,51.0621591],[3.7407963,51.0621592]]]}},{"type":"Feature","properties":{"building":"apartments","height":16.8,"building:levels":6},"geometry":{"type":"Polygon","coordinates":[[[3.7407962,51.0619255],[3.7407961,51.0618536],[3.7409673,51.0618535],[3.7409673,51.0619254],[3.7407962,51.0619255]]]}},{"type":"Feature","properties":{"building":"apartments","height":15.2,"building:levels":6},"geometry":{"type":"Polygon","coordinates":[[[3.7409674,51.0621591],[3.7409674,51.0620872],[3.7411386,51.0620872],[3.7411386,51.0621591],[3.7409674,51.0621591]]]}},{"type":"Feature","properties":{"building":"house","height":12.9,"building:levels":5},"geometry":{"type":"Polygon","coordinates":[[[3.7409673,51.0619254],[3.7409673,51.0618535],[3.7411385,51.0618535],[3.7411385,51.0619254],[3.7409673,51.0619254]]]}},{"type":"Feature","properties":{"building":"apartments","height":14.3,"building:levels":6},"geometry":{"type":"Polygon","coordinates":[[[3.7411386,51.0621591],[3.7411386,51.0620872],[3.7413098,51.0620872],[3.7413098,51.0621591],[3.7411386,51.0621591]]]}},{"type":"Feature","properties":{"building":"apartments","height":9.3,"building:levels":6},"geometry":{"type":"Polygon","coordinates":[[[3.7411385,51.0619254],[3.7411385,51.0618535],[3.7413097,51.0618535],[3.7413097,51.0619254],[3.7411385,51.0619254]]]}},{"type":"Feature","properties":{"building":"house","height":10.9,"building:levels":4},"geometry":{"type":"Polygon","coordinates":[[[3.7413098,51.0621591],[3.7413098,51.0620872],[3.7414809,51.0620871],[3.741481,51.062159],[3.7413098,51.0621591]]]}},{"type":"Feature","properties":{"building":"apartments","height":17.6,"building:levels":5},"geometry":{"type":"Polygon","coordinates":[[[3.7413097,51.0619254],[3.7413097,51.0618535],[3.7414808,51.0618534],[3.7414809,51.0619253],[3.7413097,51.0619254]]]}},{"type":"Feature","properties":{"building":"apartments","height":14.7,"building:levels":5},"geometry":{"type":"Polygon","coordinates":[[[3.741481,51.062159],[3.7414809,51.0620871],[3.7416521,51.0620871],[3.7416521,51.062159],[3.741481,51.062159]]]}},{"type":"Feature","properties":{"building":"apartments","height":10.4,"building:levels":3},"geometry":{"type":"Polygon","coordinates":[[[3.7414809,51.0619253],[3.7414808,51.0618534],[3.741652,51.0618534],[3.741652,51.0619253],[3.7414809,51.0619253]]]}},{"type":"Feature","properties":{"building":"apartments","height":15.6,"building:levels":4},"geometry":{"type":"Polygon","coordinates":[[[3.7416521,51.062159],[3.7416521,51.0620871],[3.7418233,51.0620871],[3.7418233,51.062159],[3.7416521,51.062159]]]}},{"type":"Feature","properties":{"building":"apartments","height":12.0,"building:levels":4},"geometry":{"type":"Polygon","coordinates":[[[3.741652,51.0619253],[3.741652,51.0618534],[3.7418232,51.0618534],[3.7418232,51.0619253],[3.741652,51.0619253]]]}},{"type":"Feature","properties":{"building":"apartments","height":9.8,"building:levels":3},"geometry":{"type":"Polygon","coordinates":[[[3.7418233,51.062159],[3.7418233,51.0620871],[3.7419945,51.062087],[3.7419945,51.062159],[3.7418233,51.062159]]]}},{"type":"Feature","properties":{"building":"house","height":10.2,"building:levels":3},"geometry":{"type":"Polygon","coordinates":[[[3.7418232,51.0619253],[3.7418232,51.0618534],[3.7419943,51.0618533],[3.7419944,51.0619252],[3.7418232,51.0619253]]]}},{"type":"Feature","properties":{"building":"house","height":14.7,"building:levels":6},"geometry":{"type":"Polygon","coordinates":[[[3.7419945,51.062159],[3.7419945,51.062087],[3.7421656,51.062087],[3.7421657,51.0621589],[3.7419945,51.062159]]]}},{"type":"Feature","properties":{"building":"house","height":14.0,"building:levels":6},"geometry":{"type":"Polygon","coordinates":[[[3.7419944,51.0619252],[3.7419943,51.0618533],[3.7421655,51.0618533],[3.7421656,51.0619252],[3.7419944,51.0619252]]]}},{"type":"Feature","properties":{"building":"apartments","height":15.3,"building:levels":3},"geometry":{"type":"Polygon","coordinates":[[[3.7421657,51.0621589],[3.7421656,51.062087],[3.7423368,51.062087],[3.7423368,51.0621589],[3.7421657,51.0621589]]]}},{"type":"Feature","properties":{"building":"apartments","height":15.1,"building:levels":6},"geometry":{"type":"Polygon","coordinates":[[[3.7421656,51.0619252],[3.7421655,51.0618533],[3.7423367,51.0618533],[3.7423367,51.0619252],[3.7421656,51.0619252]]]}},{"type":"Feature","properties":{"building":"apartments","height":9.3,"building:levels":5},"geometry":{"type":"Polygon","coordinates":[[[3.7423368,51.0621589],[3.7423368,51.062087],[3.742508,51.0620869],[3.742508,51.0621589],[3.7423368,51.0621589]]]}},{"type":"Feature","properties":{"building":"house","height":12.3,"building:levels":3},"geometry":{"type":"Polygon","coordinates":[[[3.7423367,51.0619252],[3.7423367,51.0618533],[3.7425079,51.0618532],[3.7425079,51.0619251],[3.7423367,51.0619252]]]}},{"type":"Feature","properties":{"building":"house","height":12.5,"building:levels":6},"geometry":{"type":"Polygon","coordinates":[[[3.742508,51.0621589],[3.742508,51.0620869],[3.7426792,51.0620869],[3.7426792,51.0621588],[3.742508,51.0621589]]]}},{"type":"Feature","properties":{"building":"house","height":15.5,"building:levels":4},"geometry":{"type":"Polygon","coordinates":[[[3.7425079,51.0619251],[3.7425079,51.0618532],[3.742679,51.0618532],[3.7426791,51.0619251],[3.7425079,51.0619251]]]}},{"type":"Feature","properties":{"building":"apartments","height":11.1,"building:levels":3},"geometry":{"type":"Polygon","coordinates":[[[3.7426792,51.0621588],[3.7426792,51.0620869],[3.7428503,51.0620869],[3.7428504,51.0621588],[3.7426792,51.0621588]]]}},{"type":"Feature","properties":{"building":"apartments","height":11.1,"building:levels":6},"geometry":{"type":"Polygon","coordinates":[[[3.7426791,51.0619251],[3.742679,51.0618532],[3.7428502,51.0618532],[3.7428502,51.0619251],[3.7426791,51.0619251]]]}},{"type":"Feature","properties":{"building":"apartments","height":12.6,"building:levels":3},"geometry":{"type":"Polygon","coordinates":[[[3.7428504,51.0621588],[3.7428503,51.0620869],[3.7430215,51.0620868],[3.7430215,51.0621588],[3.7428504,51.0621588]]]}},{"type":"Feature","properties":{"building":"apartments","height":14.4,"building:levels":5},"geometry":{"type":"Polygon","coordinates":[[[3.7428502,51.0619251],[3.7428502,51.0618532],[3.7430214,51.0618531],[3.7430214,51.061925],[3.7428502,51.0619251]]]}},{"type":"Feature","properties":{"building":"apartments","height":12.7,"building:levels":5},"geometry":{"type":"Polygon","coordinates":[[[3.7430215,51.0621588],[3.7430215,51.0620868],[3.7431927,51.0620868],[3.7431927,51.0621587],[3.7430215,51.0621588]]]}},{"type":"Feature","properties":{"building":"apartments","height":13.1,"building:levels":5},"geometry":{"type":"Polygon","coordinates":[[[3.7430214,51.061925],[3.7430214,51.0618531],[3.7431926,51.0618531],[3.7431926,51.061925],[3.7430214,51.061925]]]}},{"type":"Feature","properties":{"building":"house","height":17.9,"building:levels":6},"geometry":{"type":"Polygon","coordinates":[[[3.7431927,51.0621587],[3.7431927,51.0620868],[3.7433639,51.0620868],[3.7433639,51.0621587],[3.7431927,51.0621587]]]}},{"type":"Feature","properties":{"building":"house","height":15.6,"building:levels":6},"geometry":{"type":"Polygon","coordinates":[[[3.7431926,51.061925],[3.7431926,51.0618531],[3.7433637,51.0618531],[3.7433638,51.061925],[3.7431926,51.061925]]]}},{"type":"Feature","properties":{"building":"house","height":16.2,"building:levels":4},"geometry":{"type":"Polygon","coordinates":[[[3.7433639,51.0621587],[3.7433639,51.0620868],[3.743535,51.0620867],[3.7435351,51.0621587],[3.7433639,51.0621587]]]}},{"type":"Feature","properties":{"building":"house","height":13.5,"building:levels":3},"geometry":{"type":"Polygon","coordinates":[[[3.7433638,51.061925],[3.7433637,51.0618531],[3.7435349,51.061853],[3.7435349,51.0619249],[3.7433638,51.061925]]]}},{"type":"Feature","properties":{"building":"apartments","height":17.5,"building:levels":4},"geometry":{"type":"Polygon","coordinates":[[[3.7435351,51.0621587],[3.743535,51.0620867],[3.7437062,51.0620867],[3.7437062,51.0621586],[3.7435351,51.0621587]]]}},{"type":"Feature","properties":{"building":"apartments","height":10.1,"building:levels":4},"geometry":{"type":"Polygon","coordinates":[[[3.7435349,51.0619249],[3.7435349,51.061853],[3.7437061,51.061853],[3.7437061,51.0619249],[3.7435349,51.0619249]]]}},{"type":"Feature","properties":{"building":"apartments","height":13.7,"building:levels":5},"geometry":{"type":"Polygon","coordinates":[[[3.7437062,51.0621586],[3.7437062,51.0620867],[3.7438774,51.0620867],[3.7438774,51.0621586],[3.7437062,51.0621586]]]}},{"type":"Feature","properties":{"building":"apartments","height":13.5,"building:levels":6},"geometry":{"type":"Polygon","coordinates":[[[3.7437061,51.0619249],[3.7437061,51.061853],[3.7438773,51.061853],[3.7438773,51.0619249],[3.7437061,51.0619249]]]}},{"type":"Feature","properties":{"building":"house","height":15.7,"building:levels":6},"geometry":{"type":"Polygon","coordinates":[[[3.7438774,51.0621586],[3.7438774,51.0620867],[3.7440485,51.0620866],[3.7440486,51.0621585],[3.7438774,51.0621586]]]}},{"type":"Feature","properties":{"building":"apartments","height":9.2,"building:levels":3},"geometry":{"type":"Polygon","coordinates":[[[3.7438773,51.0619249],[3.7438773,51.061853],[3.7440484,51.0618529],[3.7440485,51.0619248],[3.7438773,51.0619249]]]}},{"type":"Feature","properties":{"building":"apartments","height":13.6,"building:levels":6},"geometry":{"type":"Polygon","coordinates":[[[3.7440486,51.0621585],[3.7440485,51.0620866],[3.7442197,51.0620866],[3.7442198,51.0621585],[3.7440486,51.0621585]]]}},{"type":"Feature","properties":{"building":"house","height":9.4,"building:levels":5},"geometry":{"type":"Polygon","coordinates":[[[3.7440485,51.0619248],[3.7440484,51.0618529],[3.7442196,51.0618529],[3.7442196,51.0619248],[3.7440485,51.0619248]]]}},{"type":"Feature","properties":{"building":"apartments","height":13.3,"building:levels":5},"geometry":{"type":"Polygon","coordinates":[[[3.7442198,51.0621585],[3.7442197,51.0620866],[3.7443909,51.0620866],[3.7443909,51.0621585],[3.7442198,51.0621585]]]}},{"type":"Feature","properties":{"building":"house","height":16.2,"building:levels":5},"geometry":{"type":"Polygon","coordinates":[[[3.7442196,51.0619248],[3.7442196,51.0618529],[3.7443908,51.0618529],[3.7443908,51.0619248],[3.7442196,51.0619248]]]}},{"type":"Feature","properties":{"building":"house","height":9.8,"building:levels":3},"geometry":{"type":"Polygon","coordinates":[[[3.7443909,51.0621585],[3.7443909,51.0620866],[3.7445621,51.0620865],[3.7445621,51.0621584],[3.7443909,51.0621585]]]}},{"type":"Feature","properties":{"building":"apartments","height":15.1,"building:levels":4},"geometry":{"type":"Polygon","coordinates":[[[3.7443908,51.0619248],[3.7443908,51.0618529],[3.7445619,51.0618528],[3.744562,51.0619247],[3.7443908,51.0619248]]]}},{"type":"Feature","properties":{"building":"apartments","height":15.7,"building:levels":4},"geometry":{"type":"Polygon","coordinates":[[[3.7445621,51.0621584],[3.7445621,51.0620865],[3.7447332,51.0620865],[3.7447333,51.0621584],[3.7445621,51.0621584]]]}},{"type":"Feature","properties":{"building":"house","height":9.7,"building:levels":5},"geometry":{"type":"Polygon","coordinates":[[[3.744562,51.0619247],[3.7445619,51.0618528],[3.7447331,51.0618528],[3.7447332,51.0619247],[3.744562,51.0619247]]]}},{"type":"Feature","properties":{"building":"apartments","height":17.7,"building:levels":3},"geometry":{"type":"Polygon","coordinates":[[[3.7447333,51.0621584],[3.7447332,51.0620865],[3.7449044,51.0620865],[3.7449045,51.0621584],[3.7447333,51.0621584]]]}},{"type":"Feature","properties":{"building":"apartments","height":12.3,"building:levels":6},"geometry":{"type":"Polygon","coordinates":[[[3.7447332,51.0619247],[3.7447331,51.0618528],[3.7449043,51.0618527],[3.7449043,51.0619247],[3.7447332,51.0619247]]]}},{"type":"Feature","properties":{"building":"house","height":12.8,"building:levels":5},"geometry":{"type":"Polygon","coordinates":[[[3.7449045,51.0621584],[3.7449044,51.0620865],[3.7450756,51.0620864],[3.7450756,51.0621583],[3.7449045,51.0621584]]]}},{"type":"Feature","properties":{"building":"apartments","height":12.5,"building:levels":6},"geometry":{"type":"Polygon","coordinates":[[[3.7449043,51.0619247],[3.7449043,51.0618527],[3.7450755,51.0618527],[3.7450755,51.0619246],[3.7449043,51.0619247]]]}},{"type":"Feature","properties":{"building":"apartments","height":17.4,"building:levels":5},"geometry":{"type":"Polygon","coordinates":[[[3.7450756,51.0621583],[3.7450756,51.0620864],[3.7452468,51.0620864],[3.7452468,51.0621583],[3.7450756,51.0621583]]]}},{"type":"Feature","properties":{"building":"apartments","height":15.6,"building:levels":5},"geometry":{"type":"Polygon","coordinates":[[[3.7450755,51.0619246],[3.7450755,51.0618527],[3.7452466,51.0618527],[3.7452467,51.0619246],[3.7450755,51.0619246]]]}},{"type":"Feature","properties":{"building":"house","height":15.7,"building:levels":4},"geometry":{"type":"Polygon","coordinates":[[[3.7452468,51.0621583],[3.7452468,51.0620864],[3.7454179,51.0620863],[3.745418,51.0621583],[3.7452468,51.0621583]]]}},{"type":"Feature","properties":{"building":"apartments","height":14.9,"building:levels":6},"geometry":{"type":"Polygon","coordinates":[[[3.7452467,51.0619246],[3.7452466,51.0618527],[3.7454178,51.0618526],[3.7454179,51.0619245],[3.7452467,51.0619246]]]}},{"type":"Feature","properties":{"building":"house","height":13.3,"building:levels":4},"geometry":{"type":"Polygon","coordinates":[[[3.745418,51.0621583],[3.7454179,51.0620863],[3.7455891,51.0620863],[3.7455892,51.0621582],[3.745418,51.0621583]]]}},{"type":"Feature","properties":{"building":"house","height":14.4,"building:levels":4},"geometry":{"type":"Polygon","coordinates":[[[3.7454179,51.0619245],[3.7454178,51.0618526],[3.745589,51.0618526],[3.745589,51.0619245],[3.7454179,51.0619245]]]}},{"type":"Feature","properties":{"building":"house","height":9.4,"building:levels":6},"geometry":{"type":"Polygon","coordinates":[[[3.7455892,51.0621582],[3.7455891,51.0620863],[3.7457603,51.0620863],[3.7457603,51.0621582],[3.7455892,51.0621582]]]}},{"type":"Feature","properties":{"building":"apartments","height":10.6,"building:levels":3},"geometry":{"type":"Polygon","coordinates":[[[3.745589,51.0619245],[3.745589,51.0618526],[3.7457602,51.0618526],[3.7457602,51.0619245],[3.745589,51.0619245]]]}},{"type":"Feature","properties":{"building":"house","height":17.2,"building:levels":6},"geometry":{"type":"Polygon","coordinates":[[[3.7457603,51.0621582],[3.7457603,51.0620863],[3.7459315,51.0620862],[3.7459315,51.0621581],[3.7457603,51.0621582]]]}},{"type":"Feature","properties":{"building":"apartments","height":17.0,"building:levels":5},"geometry":{"type":"Polygon","coordinates":[[[3.7457602,51.0619245],[3.7457602,51.0618526],[3.7459313,51.0618525],[3.7459314,51.0619244],[3.7457602,51.0619245]]]}},{"type":"Feature","properties":{"building":"apartments","height":16.4,"building:levels":5},"geometry":{"type":"Polygon","coordinates":[[[3.7459315,51.0621581],[3.7459315,51.0620862],[3.7461026,51.0620862],[3.7461027,51.0621581],[3.7459315,51.0621581]]]}},{"type":"Feature","properties":{"building":"house","height":15.8,"building:levels":5},"geometry":{"type":"Polygon","coordinates":[[[3.7459314,51.0619244],[3.7459313,51.0618525],[3.7461025,51.0618525],[3.7461025,51.0619244],[3.7459314,51.0619244]]]}},{"type":"Feature","properties":{"building":"house","height":12.5,"building:levels":4},"geometry":{"type":"Polygon","coordinates":[[[3.7461027,51.0621581],[3.7461026,51.0620862],[3.7462738,51.0620862],[3.7462739,51.0621581],[3.7461027,51.0621581]]]}},{"type":"Feature","properties":{"building":"apartments","height":16.9,"building:levels":3},"geometry":{"type":"Polygon","coordinates":[[[3.7461025,51.0619244],[3.7461025,51.0618525],[3.7462737,51.0618525],[3.7462737,51.0619244],[3.7461025,51.0619244]]]}},{"type":"Feature","properties":{"building":"house","height":15.5,"building:levels":3},"geometry":{"type":"Polygon","coordinates":[[[3.7462739,51.0621581],[3.7462738,51.0620862],[3.746445,51.0620861],[3.746445,51.062158],[3.7462739,51.0621581]]]}},{"type":"Feature","properties":{"building":"house","height":12.6,"building:levels":6},"geometry":{"type":"Polygon","coordinates":[[[3.7462737,51.0619244],[3.7462737,51.0618525],[3.7464449,51.0618524],[3.7464449,51.0619243],[3.7462737,51.0619244]]]}},{"type":"Feature","properties":{"building":"apartments","height":13.5,"building:levels":6},"geometry":{"type":"Polygon","coordinates":[[[3.746445,51.062158],[3.746445,51.0620861],[3.7466162,51.0620861],[3.7466162,51.062158],[3.746445,51.062158]]]}},{"type":"Feature","properties":{"building":"house","height":13.3,"building:levels":3},"geometry":{"type":"Polygon","coordinates":[[[3.7464449,51.0619243],[3.7464449,51.0618524],[3.746616,51.0618524],[3.7466161,51.0619243],[3.7464449,51.0619243]]]}},{"type":"Feature","properties":{"building":"house","height":15.4,"building:levels":3},"geometry":{"type":"Polygon","coordinates":[[[3.7466162,51.062158],[3.7466162,51.0620861],[3.7467873,51.062086],[3.7467874,51.062158],[3.7466162,51.062158]]]}},{"type":"Feature","properties":{"building":"apartments","height":17.0,"building:levels":3},"geometry":{"type":"Polygon","coordinates":[[[3.7466161,51.0619243],[3.746616,51.0618524],[3.7467872,51.0618523],[3.7467872,51.0619242],[3.7466161,51.0619243]]]}},{"type":"Feature","properties":{"building":"house","height":10.2,"building:levels":3},"geometry":{"type":"Polygon","coordinates":[[[3.7467874,51.062158],[3.7467873,51.062086],[3.7469585,51.062086],[3.7469586,51.0621579],[3.7467874,51.062158]]]}},{"type":"Feature","properties":{"building":"apartments","height":14.4,"building:levels":5},"geometry":{"type":"Polygon","coordinates":[[[3.7467872,51.0619242],[3.7467872,51.0618523],[3.7469584,51.0618523],[3.7469584,51.0619242],[3.7467872,51.0619242]]]}},{"type":"Feature","properties":{"building":"apartments","height":10.2,"building:levels":6},"geometry":{"type":"Polygon","coordinates":[[[3.7469586,51.0621579],[3.7469585,51.062086],[3.7471297,51.062086],[3.7471297,51.0621579],[3.7469586,51.0621579]]]}},{"type":"Feature","properties":{"building":"apartments","height":10.3,"building:levels":4},"geometry":{"type":"Polygon","coordinates":[[[3.7469584,51.0619242],[3.7469584,51.0618523],[3.7471295,51.0618523],[3.7471296,51.0619242],[3.7469584,51.0619242]]]}},{"type":"Feature","properties":{"building":"house","height":14.6,"building:levels":6},"geometry":{"type":"Polygon","coordinates":[[[3.7471297,51.0621579],[3.7471297,51.062086],[3.7473009,51.0620859],[3.7473009,51.0621578],[3.7471297,51.0621579]]]}},{"type":"Feature","properties":{"building":"apartments","height":13.0,"building:levels":3},"geometry":{"type":"Polygon","coordinates":[[[3.7471296,51.0619242],[3.7471295,51.0618523],[3.7473007,51.0618522],[3.7473008,51.0619241],[3.7471296,51.0619242]]]}},{"type":"Feature","properties":{"building":"apartments","height":9.2,"building:levels":5},"geometry":{"type":"Polygon","coordinates":[[[3.7473009,51.0621578],[3.7473009,51.0620859],[3.747472,51.0620859],[3.7474721,51.0621578],[3.7473009,51.0621578]]]}},{"type":"Feature","properties":{"building":"apartments","height":12.5,"building:levels":3},"geometry":{"type":"Polygon","coordinates":[[[3.7473008,51.0619241],[3.7473007,51.0618522],[3.7474719,51.0618522],[3.7474719,51.0619241],[3.7473008,51.0619241]]]}},{"type":"Feature","properties":{"building":"apartments","height":9.8,"building:levels":6},"geometry":{"type":"Polygon","coordinates":[[[3.7474721,51.0621578],[3.747472,51.0620859],[3.7476432,51.0620858],[3.7476433,51.0621578],[3.7474721,51.0621578]]]}},{"type":"Feature","properties":{"building":"apartments","height":11.0,"building:levels":5},"geometry":{"type":"Polygon","coordinates":[[[3.7474719,51.0619241],[3.7474719,51.0618522],[3.7476431,51.0618521],[3.7476431,51.061924],[3.7474719,51.0619241]]]}},{"type":"Feature","properties":{"building":"apartments","height":17.1,"building:levels":5},"geometry":{"type":"Polygon","coordinates":[[[3.7476433,51.0621578],[3.7476432,51.0620858],[3.7478144,51.0620858],[3.7478144,51.0621577],[3.7476433,51.0621578]]]}},{"type":"Feature","properties":{"building":"apartments","height":16.0,"building:levels":4},"geometry":{"type":"Polygon","coordinates":[[[3.7476431,51.061924],[3.7476431,51.0618521],[3.7478142,51.0618521],[3.7478143,51.061924],[3.7476431,51.061924]]]}},{"type":"Feature","properties":{"building":"apartments","height":12.6,"building:levels":5},"geometry":{"type":"Polygon","coordinates":[[[3.7478144,51.0621577],[3.7478144,51.0620858],[3.7479856,51.0620858],[3.7479856,51.0621577],[3.7478144,51.0621577]]]}},{"type":"Feature","properties":{"building":"house","height":11.2,"building:levels":4},"geometry":{"type":"Polygon","coordinates":[[[3.7478143,51.061924],[3.7478142,51.0618521],[3.7479854,51.0618521],[3.7479855,51.061924],[3.7478143,51.061924]]]}},{"type":"Feature","properties":{"building":"house","height":16.4,"building:levels":3},"geometry":{"type":"Polygon","coordinates":[[[3.7479856,51.0621577],[3.7479856,51.0620858],[3.7481567,51.0620857],[3.7481568,51.0621576],[3.7479856,51.0621577]]]}},{"type":"Feature","properties":{"building":"house","height":12.1,"building:levels":5},"geometry":{"type":"Polygon","coordinates":[[[3.7479855,51.061924],[3.7479854,51.0618521],[3.7481566,51.061852],[3.7481566,51.0619239],[3.7479855,51.061924]]]}},{"type":"Feature","properties":{"building":"apartments","height":17.7,"building:levels":4},"geometry":{"type":"Polygon","coordinates":[[[3.7481568,51.0621576],[3.7481567,51.0620857],[3.7483279,51.0620857],[3.748328,51.0621576],[3.7481568,51.0621576]]]}},{"type":"Feature","properties":{"building":"house","height":14.0,"building:levels":3},"geometry":{"type":"Polygon","coordinates":[[[3.7481566,51.0619239],[3.7481566,51.061852],[3.7483278,51.061852],[3.7483278,51.0619239],[3.7481566,51.0619239]]]}},{"type":"Feature","properties":{"building":"apartments","height":11.3,"building:levels":6},"geometry":{"type":"Polygon","coordinates":[[[3.748328,51.0621576],[3.7483279,51.0620857],[3.7484991,51.0620856],[3.7484991,51.0621575],[3.748328,51.0621576]]]}},{"type":"Feature","properties":{"building":"apartments","height":11.6,"building:levels":4},"geometry":{"type":"Polygon","coordinates":[[[3.7483278,51.0619239],[3.7483278,51.061852],[3.7484989,51.0618519],[3.748499,51.0619238],[3.7483278,51.0619239]]]}},{"type":"Feature","properties":{"building":"apartments","height":10.8,"building:levels":5},"geometry":{"type":"Polygon","coordinates":[[[3.7484991,51.0621575],[3.7484991,51.0620856],[3.7486703,51.0620856],[3.7486703,51.0621575],[3.7484991,51.0621575]]]}},{"type":"Feature","properties":{"building":"house","height":10.0,"building:levels":6},"geometry":{"type":"Polygon","coordinates":[[[3.748499,51.0619238],[3.7484989,51.0618519],[3.7486701,51.0618519],[3.7486702,51.0619238],[3.748499,51.0619238]]]}},{"type":"Feature","properties":{"building":"house","height":16.2,"building:levels":4},"geometry":{"type":"Polygon","coordinates":[[[3.7486703,51.0621575],[3.7486703,51.0620856],[3.7488414,51.0620856],[3.7488415,51.0621575],[3.7486703,51.0621575]]]}},{"type":"Feature","properties":{"building":"apartments","height":10.1,"building:levels":3},"geometry":{"type":"Polygon","coordinates":[[[3.7486702,51.0619238],[3.7486701,51.0618519],[3.7488413,51.0618518],[3.7488413,51.0619238],[3.7486702,51.0619238]]]}},{"type":"Feature","properties":{"building":"apartments","height":16.8,"building:levels":5},"geometry":{"type":"Polygon","coordinates":[[[3.7488415,51.0621575],[3.7488414,51.0620856],[3.7490126,51.0620855],[3.7490126,51.0621574],[3.7488415,51.0621575]]]}},{"type":"Feature","properties":{"building":"house","height":11.0,"building:levels":3},"geometry":{"type":"Polygon","coordinates":[[[3.7488413,51.0619238],[3.7488413,51.0618518],[3.7490125,51.0618518],[3.7490125,51.0619237],[3.7488413,51.0619238]]]}},{"type":"Feature","properties":{"building":"apartments","height":11.8,"building:levels":3},"geometry":{"type":"Polygon","coordinates":[[[3.7490126,51.0621574],[3.7490126,51.0620855],[3.7491838,51.0620855],[3.7491838,51.0621574],[3.7490126,51.0621574]]]}},{"type":"Feature","properties":{"building":"apartments","height":12.0,"building:levels":5},"geometry":{"type":"Polygon","coordinates":[[[3.7490125,51.0619237],[3.7490125,51.0618518],[3.7491836,51.0618518],[3.7491837,51.0619237],[3.7490125,51.0619237]]]}},{"type":"Feature","properties":{"building":"apartments","height":13.0,"building:levels":6},"geometry":{"type":"Polygon","coordinates":[[[3.7491838,51.0621574],[3.7491838,51.0620855],[3.749355,51.0620854],[3.749355,51.0621573],[3.7491838,51.0621574]]]}},{"type":"Feature","properties":{"building":"house","height":10.5,"building:levels":3},"geometry":{"type":"Polygon","coordinates":[[[3.7491837,51.0619237],[3.7491836,51.0618518],[3.7493548,51.0618517],[3.7493549,51.0619236],[3.7491837,51.0619237]]]}},{"type":"Feature","properties":{"building":"apartments","height":10.5,"building:levels":6},"geometry":{"type":"Polygon","coordinates":[[[3.749355,51.0621573],[3.749355,51.0620854],[3.7495261,51.0620854],[3.7495262,51.0621573],[3.749355,51.0621573]]]}},{"type":"Feature","properties":{"building":"apartments","height":16.6,"building:levels":4},"geometry":{"type":"Polygon","coordinates":[[[3.7493549,51.0619236],[3.7493548,51.0618517],[3.749526,51.0618517],[3.749526,51.0619236],[3.7493549,51.0619236]]]}},{"type":"Feature","properties":{"building":"house","height":12.4,"building:levels":5},"geometry":{"type":"Polygon","coordinates":[[[3.7495262,51.0621573],[3.7495261,51.0620854],[3.7496973,51.0620853],[3.7496973,51.0621572],[3.7495262,51.0621573]]]}},{"type":"Feature","properties":{"building":"house","height":15.6,"building:levels":5},"geometry":{"type":"Polygon","coordinates":[[[3.749526,51.0619236],[3.749526,51.0618517],[3.7496972,51.0618516],[3.7496972,51.0619235],[3.749526,51.0619236]]]}},{"type":"Feature","properties":{"building":"apartments","height":13.5,"building:levels":6},"geometry":{"type":"Polygon","coordinates":[[[3.7496973,51.0621572],[3.7496973,51.0620853],[3.7498685,51.0620853],[3.7498685,51.0621572],[3.7496973,51.0621572]]]}},{"type":"Feature","properties":{"building":"apartments","height":9.7,"building:levels":5},"geometry":{"type":"Polygon","coordinates":[[[3.7496972,51.0619235],[3.7496972,51.0618516],[3.7498683,51.0618516],[3.7498684,51.0619235],[3.7496972,51.0619235]]]}},{"type":"Feature","properties":{"building":"apartments","height":17.8,"building:levels":3},"geometry":{"type":"Polygon","coordinates":[[[3.7498685,51.0621572],[3.7498685,51.0620853],[3.7500397,51.0620853],[3.7500397,51.0621572],[3.7498685,51.0621572]]]}},{"type":"Feature","properties":{"building":"house","height":10.6,"building:levels":5},"geometry":{"type":"Polygon","coordinates":[[[3.7498684,51.0619235],[3.7498683,51.0618516],[3.7500395,51.0618515],[3.7500395,51.0619235],[3.7498684,51.0619235]]]}},{"type":"Feature","properties":{"building":"apartments","height":12.3,"building:levels":3},"geometry":{"type":"Polygon","coordinates":[[[3.7500397,51.0621572],[3.7500397,51.0620853],[3.7502108,51.0620852],[3.7502109,51.0621571],[3.7500397,51.0621572]]]}},{"type":"Feature","properties":{"building":"house","height":16.6,"building:levels":3},"geometry":{"type":"Polygon","coordinates":[[[3.7500395,51.0619235],[3.7500395,51.0618515],[3.7502107,51.0618515],[3.7502107,51.0619234],[3.7500395,51.0619235]]]}},{"type":"Feature","properties":{"building":"house","height":9.5,"building:levels":6},"geometry":{"type":"Polygon","coordinates":[[[3.7502109,51.0621571],[3.7502108,51.0620852],[3.750382,51.0620852],[3.750382,51.0621571],[3.7502109,51.0621571]]]}},{"type":"Feature","properties":{"building":"apartments","height":14.8,"building:levels":6},"geometry":{"type":"Polygon","coordinates":[[[3.7502107,51.0619234],[3.7502107,51.0618515],[3.7503818,51.0618515],[3.7503819,51.0619234],[3.7502107,51.0619234]]]}},{"type":"Feature","properties":{"building":"apartments","height":13.4,"building:levels":3},"geometry":{"type":"Polygon","coordinates":[[[3.750382,51.0621571],[3.750382,51.0620852],[3.7505532,51.0620851],[3.7505532,51.062157],[3.750382,51.0621571]]]}},{"type":"Feature","properties":{"building":"house","height":15.1,"building:levels":3},"geometry":{"type":"Polygon","coordinates":[[[3.7503819,51.0619234],[3.7503818,51.0618515],[3.750553,51.0618514],[3.7505531,51.0619233],[3.7503819,51.0619234]]]}},{"type":"Feature","properties":{"building":"apartments","height":15.9,"building:levels":3},"geometry":{"type":"Polygon","coordinates":[[[3.7505532,51.062157],[3.7505532,51.0620851],[3.7507243,51.0620851],[3.7507244,51.062157],[3.7505532,51.062157]]]}},{"type":"Feature","properties":{"building":"apartments","height":9.9,"building:levels":3},"geometry":{"type":"Polygon","coordinates":[[[3.7505531,51.0619233],[3.750553,51.0618514],[3.7507242,51.0618514],[3.7507242,51.0619233],[3.7505531,51.0619233]]]}},{"type":"Feature","properties":{"building":"house","height":9.3,"building:levels":4},"geometry":{"type":"Polygon","coordinates":[[[3.7507244,51.062157],[3.7507243,51.0620851],[3.7508955,51.062085],[3.7508956,51.0621569],[3.7507244,51.062157]]]}},{"type":"Feature","properties":{"building":"apartments","height":13.0,"building:levels":3},"geometry":{"type":"Polygon","coordinates":[[[3.7507242,51.0619233],[3.7507242,51.0618514],[3.7508954,51.0618513],[3.7508954,51.0619232],[3.7507242,51.0619233]]]}},{"type":"Feature","properties":{"building":"apartments","height":17.4,"building:levels":4},"geometry":{"type":"Polygon","coordinates":[[[3.7508956,51.0621569],[3.7508955,51.062085],[3.7510667,51.062085],[3.7510667,51.0621569],[3.7508956,51.0621569]]]}},{"type":"Feature","properties":{"building":"apartments","height":13.0,"building:levels":5},"geometry":{"type":"Polygon","coordinates":[[[3.7508954,51.0619232],[3.7508954,51.0618513],[3.7510665,51.0618513],[3.7510666,51.0619232],[3.7508954,51.0619232]]]}},{"type":"Feature","properties":{"building":"house","height":15.3,"building:levels":3},"geometry":{"type":"Polygon","coordinates":[[[3.7510667,51.0621569],[3.7510667,51.062085],[3.7512379,51.0620849],[3.7512379,51.0621568],[3.7510667,51.0621569]]]}},{"type":"Feature","properties":{"building":"house","height":15.3,"building:levels":3},"geometry":{"type":"Polygon","coordinates":[[[3.7510666,51.0619232],[3.7510665,51.0618513],[3.7512377,51.0618512],[3.7512378,51.0619231],[3.7510666,51.0619232]]]}},{"type":"Feature","properties":{"building":"apartments","height":14.3,"building:levels":4},"geometry":{"type":"Polygon","coordinates":[[[3.7512379,51.0621568],[3.7512379,51.0620849],[3.751409,51.0620849],[3.7514091,51.0621568],[3.7512379,51.0621568]]]}},{"type":"Feature","properties":{"building":"house","height":12.1,"building:levels":6},"geometry":{"type":"Polygon","coordinates":[[[3.7512378,51.0619231],[3.7512377,51.0618512],[3.7514089,51.0618512],[3.7514089,51.0619231],[3.7512378,51.0619231]]]}},{"type":"Feature","properties":{"building":"house","height":10.2,"building:levels":5},"geometry":{"type":"Polygon","coordinates":[[[3.7514091,51.0621568],[3.751409,51.0620849],[3.7515802,51.0620848],[3.7515803,51.0621568],[3.7514091,51.0621568]]]}},{"type":"Feature","properties":{"building":"house","height":11.5,"building:levels":4},"geometry":{"type":"Polygon","coordinates":[[[3.7514089,51.0619231],[3.7514089,51.0618512],[3.7515801,51.0618511],[3.7515801,51.061923],[3.7514089,51.0619231]]]}},{"type":"Feature","properties":{"building":"house","height":13.9,"building:levels":5},"geometry":{"type":"Polygon","coordinates":[[[3.7515803,51.0621568],[3.7515802,51.0620848],[3.7517514,51.0620848],[3.7517514,51.0621567],[3.7515803,51.0621568]]]}},{"type":"Feature","properties":{"building":"apartments","height":12.5,"building:levels":5},"geometry":{"type":"Polygon","coordinates":[[[3.7515801,51.061923],[3.7515801,51.0618511],[3.7517512,51.0618511],[3.7517513,51.061923],[3.7515801,51.061923]]]}},{"type":"Feature","properties":{"building":"apartments","height":12.1,"building:levels":4},"geometry":{"type":"Polygon","coordinates":[[[3.7517514,51.0621567],[3.7517514,51.0620848],[3.7519226,51.0620848],[3.7519226,51.0621567],[3.7517514,51.0621567]]]}},{"type":"Feature","properties":{"building":"apartments","height":9.7,"building:levels":6},"geometry":{"type":"Polygon","coordinates":[[[3.7517513,51.061923],[3.7517512,51.0618511],[3.7519224,51.061851],[3.7519225,51.061923],[3.7517513,51.061923]]]}},{"type":"Feature","properties":{"building":"house","height":14.3,"building:levels":6},"geometry":{"type":"Polygon","coordinates":[[[3.7519226,51.0621567],[3.7519226,51.0620848],[3.7520937,51.0620847],[3.7520938,51.0621566],[3.7519226,51.0621567]]]}},{"type":"Feature","properties":{"building":"house","height":13.6,"building:levels":4},"geometry":{"type":"Polygon","coordinates":[[[3.7519225,51.061923],[3.7519224,51.061851],[3.7520936,51.061851],[3.7520936,51.0619229],[3.7519225,51.061923]]]}},{"type":"Feature","properties":{"building":"house","height":14.6,"building:levels":3},"geometry":{"type":"Polygon","coordinates":[[[3.7520938,51.0621566],[3.7520937,51.0620847],[3.7522649,51.0620847],[3.752265,51.0621566],[3.7520938,51.0621566]]]}},{"type":"Feature","properties":{"building":"house","height":12.3,"building:levels":3},"geometry":{"type":"Polygon","coordinates":[[[3.7520936,51.0619229],[3.7520936,51.061851],[3.7522648,51.061851],[3.7522648,51.0619229],[3.7520936,51.0619229]]]}},{"type":"Feature","properties":{"building":"house","height":13.1,"building:levels":5},"geometry":{"type":"Polygon","coordinates":[[[3.752265,51.0621566],[3.7522649,51.0620847],[3.7524361,51.0620846],[3.7524361,51.0621565],[3.752265,51.0621566]]]}},{"type":"Feature","properties":{"building":"house","height":13.5,"building:levels":6},"geometry":{"type":"Polygon","coordinates":[[[3.7522648,51.0619229],[3.7522648,51.061851],[3.7524359,51.0618509],[3.752436,51.0619228],[3.7522648,51.0619229]]]}},{"type":"Feature","properties":{"building":"house","height":15.7,"building:levels":5},"geometry":{"type":"Polygon","coordinates":[[[3.7524361,51.0621565],[3.7524361,51.0620846],[3.7526073,51.0620846],[3.7526073,51.0621565],[3.7524361,51.0621565]]]}},{"type":"Feature","properties":{"building":"apartments","height":15.2,"building:levels":6},"geometry":{"type":"Polygon","coordinates":[[[3.752436,51.0619228],[3.7524359,51.0618509],[3.7526071,51.0618509],[3.7526072,51.0619228],[3.752436,51.0619228]]]}},{"type":"Feature","properties":{"building":"house","height":12.6,"building:levels":4},"geometry":{"type":"Polygon","coordinates":[[[3.7526073,51.0621565],[3.7526073,51.0620846],[3.7527784,51.0620845],[3.7527785,51.0621564],[3.7526073,51.0621565]]]}},{"type":"Feature","properties":{"building":"apartments","height":11.4,"building:levels":4},"geometry":{"type":"Polygon","coordinates":[[[3.7526072,51.0619228],[3.7526071,51.0618509],[3.7527783,51.0618508],[3.7527783,51.0619227],[3.7526072,51.0619228]]]}},{"type":"Feature","properties":{"building":"house","height":17.2,"building:levels":5},"geometry":{"type":"Polygon","coordinates":[[[3.7527785,51.0621564],[3.7527784,51.0620845],[3.7529496,51.0620845],[3.7529497,51.0621564],[3.7527785,51.0621564]]]}},{"type":"Feature","properties":{"building":"apartments","height":10.6,"building:levels":4},"geometry":{"type":"Polygon","coordinates":[[[3.7527783,51.0619227],[3.7527783,51.0618508],[3.7529494,51.0618508],[3.7529495,51.0619227],[3.7527783,51.0619227]]]}},{"type":"Feature","properties":{"building":"house","height":11.1,"building:levels":3},"geometry":{"type":"Polygon","coordinates":[[[3.7529497,51.0621564],[3.7529496,51.0620845],[3.7531208,51.0620844],[3.7531208,51.0621563],[3.7529497,51.0621564]]]}},{"type":"Feature","properties":{"building":"apartments","height":14.9,"building:levels":3},"geometry":{"type":"Polygon","coordinates":[[[3.7529495,51.0619227],[3.7529494,51.0618508],[3.7531206,51.0618507],[3.7531207,51.0619226],[3.7529495,51.0619227]]]}},{"type":"Feature","properties":{"building":"apartments","height":13.0,"building:levels":6},"geometry":{"type":"Polygon","coordinates":[[[3.7533387,51.0620896],[3.7532452,51.0620484],[3.7533434,51.06196],[3.7534369,51.0620013],[3.7533387,51.0620896]]]}},{"type":"Feature","properties":{"building":"apartments","height":17.2,"building:levels":5},"geometry":{"type":"Polygon","coordinates":[[[3.7530348,51.0619557],[3.7529413,51.0619145],[3.7530395,51.0618261],[3.753133,51.0618673],[3.7530348,51.0619557]]]}},{"type":"Feature","properties":{"building":"house","height":10.6,"building:levels":6},"geometry":{"type":"Polygon","coordinates":[[[3.7534619,51.0619044],[3.7533478,51.0619044],[3.7533477,51.0617966],[3.7534618,51.0617965],[3.7534619,51.0619044]]]}},{"type":"Feature","properties":{"building":"apartments","height":13.5,"building:levels":6},"geometry":{"type":"Polygon","coordinates":[[[3.753091,51.0619045],[3.7529769,51.0619045],[3.7529768,51.0617967],[3.7530909,51.0617966],[3.753091,51.0619045]]]}},{"type":"Feature","properties":{"building":"apartments","height":9.6,"building:levels":3},"geometry":{"type":"Polygon","coordinates":[[[3.7534618,51.0617965],[3.7533477,51.0617966],[3.7533476,51.0616887],[3.7534617,51.0616887],[3.7534618,51.0617965]]]}},{"type":"Feature","properties":{"building":"apartments","height":13.8,"building:levels":5},"geometry":{"type":"Polygon","coordinates":[[[3.7530909,51.0617966],[3.7529768,51.0617967],[3.7529768,51.0616888],[3.7530909,51.0616888],[3.7530909,51.0617966]]]}},{"type":"Feature","properties":{"building":"house","height":10.6,"building:levels":6},"geometry":{"type":"Polygon","coordinates":[[[3.7534617,51.0616887],[3.7533476,51.0616887],[3.7533476,51.0615808],[3.7534617,51.0615808],[3.7534617,51.0616887]]]}},{"type":"Feature","properties":{"building":"apartments","height":9.8,"building:levels":5},"geometry":{"type":"Polygon","coordinates":[[[3.7530909,51.0616888],[3.7529768,51.0616888],[3.7529767,51.0615809],[3.7530908,51.0615809],[3.7530909,51.0616888]]]}},{"type":"Feature","properties":{"building":"apartments","height":11.1,"building:levels":3},"geometry":{"type":"Polygon","coordinates":[[[3.7534617,51.0615808],[3.7533476,51.0615808],[3.7533475,51.061473],[3.7534616,51.0614729],[3.7534617,51.0615808]]]}},{"type":"Feature","properties":{"building":"apartments","height":13.9,"building:levels":5},"geometry":{"type":"Polygon","coordinates":[[[3.7530908,51.0615809],[3.7529767,51.0615809],[3.7529766,51.0614731],[3.7530907,51.061473],[3.7530908,51.0615809]]]}},{"type":"Feature","properties":{"building":"apartments","height":11.6,"building:levels":4},"geometry":{"type":"Polygon","coordinates":[[[3.7534616,51.0614729],[3.7533475,51.061473],[3.7533474,51.0613651],[3.7534615,51.0613651],[3.7534616,51.0614729]]]}},{"type":"Feature","properties":{"building":"apartments","height":16.1,"building:levels":5},"geometry":{"type":"Polygon","coordinates":[[[3.7530907,51.061473],[3.7529766,51.0614731],[3.7529765,51.0613652],[3.7530906,51.0613652],[3.7530907,51.061473]]]}},{"type":"Feature","properties":{"building":"apartments","height":10.3,"building:levels":6},"geometry":{"type":"Polygon","coordinates":[[[3.7534615,51.0613651],[3.7533474,51.0613651],[3.7533473,51.0612572],[3.7534614,51.0612572],[3.7534615,51.0613651]]]}},{"type":"Feature","properties":{"building":"house","height":12.6,"building:levels":6},"geometry":{"type":"Polygon","coordinates":[[[3.7530906,51.0613652],[3.7529765,51.0613652],[3.7529764,51.0612573],[3.7530906,51.0612573],[3.7530906,51.0613652]]]}},{"type":"Feature","properties":{"building":"house","height":16.6,"building:levels":3},"geometry":{"type":"Polygon","coordinates":[[[3.7534614,51.0612572],[3.7533473,51.0612572],[3.7533472,51.0611494],[3.7534614,51.0611493],[3.7534614,51.0612572]]]}},{"type":"Feature","properties":{"building":"house","height":11.4,"building:levels":5},"geometry":{"type":"Polygon","coordinates":[[[3.7530906,51.0612573],[3.7529764,51.0612573],[3.7529764,51.0611495],[3.7530905,51.0611494],[3.7530906,51.0612573]]]}},{"type":"Feature","properties":{"building":"apartments","height":9.1,"building:levels":3},"geometry":{"type":"Polygon","coordinates":[[[3.7534614,51.0611493],[3.7533472,51.0611494],[3.7533472,51.0610415],[3.7534613,51.0610415],[3.7534614,51.0611493]]]}},{"type":"Feature","properties":{"building":"apartments","height":9.4,"building:levels":6},"geometry":{"type":"Polygon","coordinates":[[[3.7530905,51.0611494],[3.7529764,51.0611495],[3.7529763,51.0610416],[3.7530904,51.0610416],[3.7530905,51.0611494]]]}},{"type":"Feature","properties":{"building":"house","height":15.2,"building:levels":6},"geometry":{"type":"Polygon","coordinates":[[[3.7534613,51.0610415],[3.7533472,51.0610415],[3.7533471,51.0609336],[3.7534612,51.0609336],[3.7534613,51.0610415]]]}},{"type":"Feature","properties":{"building":"apartments","height":11.4,"building:levels":5},"geometry":{"type":"Polygon","coordinates":[[[3.7530904,51.0610416],[3.7529763,51.0610416],[3.7529762,51.0609337],[3.7530903,51.0609337],[3.7530904,51.0610416]]]}},{"type":"Feature","properties":{"building":"apartments","height":17.2,"building:levels":5},"geometry":{"type":"Polygon","coordinates":[[[3.7534612,51.0609336],[3.7533471,51.0609336],[3.753347,51.0608258],[3.7534611,51.0608257],[3.7534612,51.0609336]]]}},{"type":"Feature","properties":{"building":"house","height":15.7,"building:levels":4},"geometry":{"type":"Polygon","coordinates":[[[3.7530903,51.0609337],[3.7529762,51.0609337],[3.7529761,51.0608259],[3.7530903,51.0608258],[3.7530903,51.0609337]]]}},{"type":"Feature","properties":{"building":"house","height":12.2,"building:levels":4},"geometry":{"type":"Polygon","coordinates":[[[3.7534611,51.0608257],[3.753347,51.0608258],[3.7533469,51.0607179],[3.753461,51.0607179],[3.7534611,51.0608257]]]}},{"type":"Feature","properties":{"building":"house","height":16.3,"building:levels":5},"geometry":{"type":"Polygon","coordinates":[[[3.7530903,51.0608258],[3.7529761,51.0608259],[3.7529761,51.060718],[3.7530902,51.060718],[3.7530903,51.0608258]]]}},{"type":"Feature","properties":{"building":"house","height":11.6,"building:levels":4},"geometry":{"type":"Polygon","coordinates":[[[3.753461,51.0607179],[3.7533469,51.0607179],[3.7533469,51.06061],[3.753461,51.06061],[3.753461,51.0607179]]]}},{"type":"Feature","properties":{"building":"apartments","height":16.9,"building:levels":3},"geometry":{"type":"Polygon","coordinates":[[[3.7530902,51.060718],[3.7529761,51.060718],[3.752976,51.0606101],[3.7530901,51.0606101],[3.7530902,51.060718]]]}},{"type":"Feature","properties":{"building":"apartments","height":10.4,"building:levels":5},"geometry":{"type":"Polygon","coordinates":[[[3.753461,51.06061],[3.7533469,51.06061],[3.7533468,51.0605022],[3.7534609,51.0605021],[3.753461,51.06061]]]}},{"type":"Feature","properties":{"building":"apartments","height":14.1,"building:levels":6},"geometry":{"type":"Polygon","coordinates":[[[3.7530901,51.0606101],[3.752976,51.0606101],[3.7529759,51.0605023],[3.75309,51.0605022],[3.7530901,51.0606101]]]}},{"type":"Feature","properties":{"building":"house","height":15.8,"building:levels":6},"geometry":{"type":"Polygon","coordinates":[[[3.7534609,51.0605021],[3.7533468,51.0605022],[3.7533467,51.0603943],[3.7534608,51.0603943],[3.7534609,51.0605021]]]}},{"type":"Feature","properties":{"building":"house","height":10.5,"building:levels":6},"geometry":{"type":"Polygon","coordinates":[[[3.75309,51.0605022],[3.7529759,51.0605023],[3.7529758,51.0603944],[3.7530899,51.0603944],[3.75309,51.0605022]]]}},{"type":"Feature","properties":{"building":"house","height":17.9,"building:levels":6},"geometry":{"type":"Polygon","coordinates":[[[3.7534608,51.0603943],[3.7533467,51.0603943],[3.7533466,51.0602864],[3.7534607,51.0602864],[3.7534608,51.0603943]]]}},{"type":"Feature","properties":{"building":"apartments","height":12.4,"building:levels":3},"geometry":{"type":"Polygon","coordinates":[[[3.7530899,51.0603944],[3.7529758,51.0603944],[3.7529758,51.0602865],[3.7530899,51.0602865],[3.7530899,51.0603944]]]}},{"type":"Feature","properties":{"building":"apartments","height":15.8,"building:levels":5},"geometry":{"type":"Polygon","coordinates":[[[3.7534607,51.0602864],[3.7533466,51.0602864],[3.7533465,51.0601786],[3.7534607,51.0601785],[3.7534607,51.0602864]]]}},{"type":"Feature","properties":{"building":"house","height":12.2,"building:levels":5},"geometry":{"type":"Polygon","coordinates":[[[3.7530899,51.0602865],[3.7529758,51.0602865],[3.7529757,51.0601787],[3.7530898,51.0601787],[3.7530899,51.0602865]]]}},{"type":"Feature","properties":{"building":"house","height":15.3,"building:levels":6},"geometry":{"type":"Polygon","coordinates":[[[3.7534607,51.0601785],[3.7533465,51.0601786],[3.7533465,51.0600707],[3.7534606,51.0600707],[3.7534607,51.0601785]]]}},{"type":"Feature","properties":{"building":"house","height":16.0,"building:levels":4},"geometry":{"type":"Polygon","coordinates":[[[3.7530898,51.0601787],[3.7529757,51.0601787],[3.7529756,51.0600708],[3.7530897,51.0600708],[3.7530898,51.0601787]]]}},{"type":"Feature","properties":{"building":"house","height":13.7,"building:levels":5},"geometry":{"type":"Polygon","coordinates":[[[3.7534606,51.0600707],[3.7533465,51.0600707],[3.7533464,51.0599628],[3.7534605,51.0599628],[3.7534606,51.0600707]]]}},{"type":"Feature","properties":{"building":"house","height":11.9,"building:levels":5},"geometry":{"type":"Polygon","coordinates":[[[3.7530897,51.0600708],[3.7529756,51.0600708],[3.7529755,51.059963],[3.7530896,51.0599629],[3.7530897,51.0600708]]]}},{"type":"Feature","properties":{"building":"house","height":10.7,"building:levels":6},"geometry":{"type":"Polygon","coordinates":[[[3.7534605,51.0599628],[3.7533464,51.0599628],[3.7533463,51.059855],[3.7534604,51.0598549],[3.7534605,51.0599628]]]}},{"type":"Feature","properties":{"building":"house","height":10.9,"building:levels":4},"geometry":{"type":"Polygon","coordinates":[[[3.7530896,51.0599629],[3.7529755,51.059963],[3.7529755,51.0598551],[3.7530896,51.0598551],[3.7530896,51.0599629]]]}},{"type":"Feature","properties":{"building":"apartments","height":12.4,"building:levels":5},"geometry":{"type":"Polygon","coordinates":[[[3.7534604,51.0598549],[3.7533463,51.059855],[3.7533462,51.0597471],[3.7534603,51.0597471],[3.7534604,51.0598549]]]}},{"type":"Feature","properties":{"building":"apartments","height":14.8,"building:levels":3},"geometry":{"type":"Polygon","coordinates":[[[3.7530896,51.0598551],[3.7529755,51.0598551],[3.7529754,51.0597472],[3.7530895,51.0597472],[3.7530896,51.0598551]]]}},{"type":"Feature","properties":{"building":"house","height":10.0,"building:levels":3},"geometry":{"type":"Polygon","coordinates":[[[3.7534603,51.0597471],[3.7533462,51.0597471],[3.7533462,51.0596392],[3.7534603,51.0596392],[3.7534603,51.0597471]]]}},{"type":"Feature","properties":{"building":"house","height":14.2,"building:levels":3},"geometry":{"type":"Polygon","coordinates":[[[3.7530895,51.0597472],[3.7529754,51.0597472],[3.7529753,51.0596394],[3.7530894,51.0596393],[3.7530895,51.0597472]]]}},{"type":"Feature","properties":{"building":"house","height":16.5,"building:levels":5},"geometry":{"type":"Polygon","coordinates":[[[3.7534603,51.0596392],[3.7533462,51.0596392],[3.7533461,51.0595314],[3.7534602,51.0595314],[3.7534603,51.0596392]]]}},{"type":"Feature","properties":{"building":"apartments","height":12.2,"building:levels":4},"geometry":{"type":"Polygon","coordinates":[[[3.7530894,51.0596393],[3.7529753,51.0596394],[3.7529752,51.0595315],[3.7530893,51.0595315],[3.7530894,51.0596393]]]}},{"type":"Feature","properties":{"building":"apartments","height":17.4,"building:levels":6},"geometry":{"type":"Polygon","coordinates":[[[3.7534602,51.0595314],[3.7533461,51.0595314],[3.753346,51.0594235],[3.7534601,51.0594235],[3.7534602,51.0595314]]]}},{"type":"Feature","properties":{"building":"house","height":15.1,"building:levels":5},"geometry":{"type":"Polygon","coordinates":[[[3.7530893,51.0595315],[3.7529752,51.0595315],[3.7529751,51.0594236],[3.7530893,51.0594236],[3.7530893,51.0595315]]]}},{"type":"Feature","properties":{"building":"apartments","height":10.5,"building:levels":6},"geometry":{"type":"Polygon","coordinates":[[[3.7534601,51.0594235],[3.753346,51.0594235],[3.7533459,51.0593157],[3.75346,51.0593156],[3.7534601,51.0594235]]]}},{"type":"Feature","properties":{"building":"apartments","height":16.4,"building:levels":3},"geometry":{"type":"Polygon","coordinates":[[[3.7530893,51.0594236],[3.7529751,51.0594236],[3.7529751,51.0593158],[3.7530892,51.0593157],[3.7530893,51.0594236]]]}},{"type":"Feature","properties":{"building":"house","height":15.1,"building:levels":3},"geometry":{"type":"Polygon","coordinates":[[[3.75346,51.0593156],[3.7533459,51.0593157],[3.7533458,51.0592078],[3.75346,51.0592078],[3.75346,51.0593156]]]}},{"type":"Feature","properties":{"building":"apartments","height":12.9,"building:levels":3},"geometry":{"type":"Polygon","coordinates":[[[3.7530892,51.0593157],[3.7529751,51.0593158],[3.752975,51.0592079],[3.7530891,51.0592079],[3.7530892,51.0593157]]]}},{"type":"Feature","properties":{"building":"house","height":11.8,"building:levels":5},"geometry":{"type":"Polygon","coordinates":[[[3.75346,51.0592078],[3.7533458,51.0592078],[3.7533458,51.0590999],[3.7534599,51.0590999],[3.75346,51.0592078]]]}},{"type":"Feature","properties":{"building":"apartments","height":17.1,"building:levels":6},"geometry":{"type":"Polygon","coordinates":[[[3.7530891,51.0592079],[3.752975,51.0592079],[3.7529749,51.0591],[3.753089,51.0591],[3.7530891,51.0592079]]]}},{"type":"Feature","properties":{"building":"house","height":13.2,"building:levels":4},"geometry":{"type":"Polygon","coordinates":[[[3.7534599,51.0590999],[3.7533458,51.0590999],[3.7533457,51.0589921],[3.7534598,51.058992],[3.7534599,51.0590999]]]}},{"type":"Feature","properties":{"building":"apartments","height":11.3,"building:levels":3},"geometry":{"type":"Polygon","coordinates":[[[3.753089,51.0591],[3.7529749,51.0591],[3.7529748,51.0589922],[3.7530889,51.0589921],[3.753089,51.0591]]]}},{"type":"Feature","properties":{"building":"apartments","height":9.6,"building:levels":4},"geometry":{"type":"Polygon","coordinates":[[[3.7534598,51.058992],[3.7533457,51.0589921],[3.7533456,51.0588842],[3.7534597,51.0588842],[3.7534598,51.058992]]]}},{"type":"Feature","properties":{"building":"apartments","height":12.1,"building:levels":4},"geometry":{"type":"Polygon","coordinates":[[[3.7530889,51.0589921],[3.7529748,51.0589922],[3.7529748,51.0588843],[3.7530889,51.0588843],[3.7530889,51.0589921]]]}},{"type":"Feature","properties":{"building":"apartments","height":14.6,"building:levels":5},"geometry":{"type":"Polygon","coordinates":[[[3.7534597,51.0588842],[3.7533456,51.0588842],[3.7533455,51.0587763],[3.7534596,51.0587763],[3.7534597,51.0588842]]]}},{"type":"Feature","properties":{"building":"house","height":9.4,"building:levels":3},"geometry":{"type":"Polygon","coordinates":[[[3.7530889,51.0588843],[3.7529748,51.0588843],[3.7529747,51.0587764],[3.7530888,51.0587764],[3.7530889,51.0588843]]]}},{"type":"Feature","properties":{"building":"house","height":9.0,"building:levels":4},"geometry":{"type":"Polygon","coordinates":[[[3.7534596,51.0587763],[3.7533455,51.0587763],[3.7533455,51.0586685],[3.7534596,51.0586684],[3.7534596,51.0587763]]]}},{"type":"Feature","properties":{"building":"house","height":14.9,"building:levels":3},"geometry":{"type":"Polygon","coordinates":[[[3.7530888,51.0587764],[3.7529747,51.0587764],[3.7529746,51.0586686],[3.7530887,51.0586685],[3.7530888,51.0587764]]]}},{"type":"Feature","properties":{"building":"apartments","height":10.5,"building:levels":3},"geometry":{"type":"Polygon","coordinates":[[[3.7534596,51.0586684],[3.7533455,51.0586685],[3.7533454,51.0585606],[3.7534595,51.0585606],[3.7534596,51.0586684]]]}},{"type":"Feature","properties":{"building":"apartments","height":17.8,"building:levels":6},"geometry":{"type":"Polygon","coordinates":[[[3.7530887,51.0586685],[3.7529746,51.0586686],[3.7529745,51.0585607],[3.7530886,51.0585607],[3.7530887,51.0586685]]]}},{"type":"Feature","properties":{"building":"apartments","height":9.9,"building:levels":5},"geometry":{"type":"Polygon","coordinates":[[[3.7534595,51.0585606],[3.7533454,51.0585606],[3.7533453,51.0584527],[3.7534594,51.0584527],[3.7534595,51.0585606]]]}},{"type":"Feature","properties":{"building":"apartments","height":16.1,"building:levels":6},"geometry":{"type":"Polygon","coordinates":[[[3.7530886,51.0585607],[3.7529745,51.0585607],[3.7529745,51.0584528],[3.7530886,51.0584528],[3.7530886,51.0585607]]]}},{"type":"Feature","properties":{"building":"house","height":10.0,"building:levels":3},"geometry":{"type":"Polygon","coordinates":[[[3.7534594,51.0584527],[3.7533453,51.0584527],[3.7533452,51.0583449],[3.7534593,51.0583448],[3.7534594,51.0584527]]]}},{"type":"Feature","properties":{"building":"house","height":14.0,"building:levels":5},"geometry":{"type":"Polygon","coordinates":[[[3.7530886,51.0584528],[3.7529745,51.0584528],[3.7529744,51.058345],[3.7530885,51.0583449],[3.7530886,51.0584528]]]}},{"type":"Feature","properties":{"building":"house","height":16.6,"building:levels":4},"geometry":{"type":"Polygon","coordinates":[[[3.7534593,51.0583448],[3.7533452,51.0583449],[3.7533451,51.058237],[3.7534593,51.058237],[3.7534593,51.0583448]]]}},{"type":"Feature","properties":{"building":"apartments","height":9.8,"building:levels":5},"geometry":{"type":"Polygon","coordinates":[[[3.7530885,51.0583449],[3.7529744,51.058345],[3.7529743,51.0582371],[3.7530884,51.0582371],[3.7530885,51.0583449]]]}},{"type":"Feature","properties":{"building":"apartments","height":13.4,"building:levels":4},"geometry":{"type":"Polygon","coordinates":[[[3.7534593,51.058237],[3.7533451,51.058237],[3.7533451,51.0581291],[3.7534592,51.0581291],[3.7534593,51.058237]]]}},{"type":"Feature","properties":{"building":"apartments","height":11.0,"building:levels":6},"geometry":{"type":"Polygon","coordinates":[[[3.7530884,51.0582371],[3.7529743,51.0582371],[3.7529742,51.0581292],[3.7530883,51.0581292],[3.7530884,51.0582371]]]}},{"type":"Feature","properties":{"building":"apartments","height":17.0,"building:levels":3},"geometry":{"type":"Polygon","coordinates":[[[3.7534592,51.0581291],[3.7533451,51.0581291],[3.753345,51.0580213],[3.7534591,51.0580212],[3.7534592,51.0581291]]]}},{"type":"Feature","properties":{"building":"house","height":11.1,"building:levels":5},"geometry":{"type":"Polygon","coordinates":[[[3.7530883,51.0581292],[3.7529742,51.0581292],[3.7529741,51.0580214],[3.7530883,51.0580213],[3.7530883,51.0581292]]]}},{"type":"Feature","properties":{"building":"house","height":12.2,"building:levels":3},"geometry":{"type":"Polygon","coordinates":[[[3.7534591,51.0580212],[3.753345,51.0580213],[3.7533449,51.0579134],[3.753459,51.0579134],[3.7534591,51.0580212]]]}},{"type":"Feature","properties":{"building":"house","height":10.4,"building:levels":3},"geometry":{"type":"Polygon","coordinates":[[[3.7530883,51.0580213],[3.7529741,51.0580214],[3.7529741,51.0579135],[3.7530882,51.0579135],[3.7530883,51.0580213]]]}},{"type":"Feature","properties":{"building":"apartments","height":15.9,"building:levels":4},"geometry":{"type":"Polygon","coordinates":[[[3.753459,51.0579134],[3.7533449,51.0579134],[3.7533448,51.0578055],[3.7534589,51.0578055],[3.753459,51.0579134]]]}},{"type":"Feature","properties":{"building":"house","height":16.7,"building:levels":4},"geometry":{"type":"Polygon","coordinates":[[[3.7530882,51.0579135],[3.7529741,51.0579135],[3.752974,51.0578056],[3.7530881,51.0578056],[3.7530882,51.0579135]]]}},{"type":"Feature","properties":{"building":"apartments","height":16.9,"building:levels":4},"geometry":{"type":"Polygon","coordinates":[[[3.7534589,51.0578055],[3.7533448,51.0578055],[3.7533448,51.0576977],[3.7534589,51.0576976],[3.7534589,51.0578055]]]}},{"type":"Feature","properties":{"building":"apartments","height":12.8,"building:levels":3},"geometry":{"type":"Polygon","coordinates":[[[3.7530881,51.0578056],[3.752974,51.0578056],[3.7529739,51.0576978],[3.753088,51.0576977],[3.7530881,51.0578056]]]}},{"type":"Feature","properties":{"building":"apartments","height":12.9,"building:levels":6},"geometry":{"type":"Polygon","coordinates":[[[3.7534589,51.0576976],[3.7533448,51.0576977],[3.7533447,51.0575898],[3.7534588,51.0575898],[3.7534589,51.0576976]]]}},{"type":"Feature","properties":{"building":"apartments","height":12.7,"building:levels":4},"geometry":{"type":"Polygon","coordinates":[[[3.753088,51.0576977],[3.7529739,51.0576978],[3.7529738,51.0575899],[3.7530879,51.0575899],[3.753088,51.0576977]]]}},{"type":"Feature","properties":{"building":"apartments","height":17.0,"building:levels":5},"geometry":{"type":"Polygon","coordinates":[[[3.7534588,51.0575898],[3.7533447,51.0575898],[3.7533446,51.0574819],[3.7534587,51.0574819],[3.7534588,51.0575898]]]}},{"type":"Feature","properties":{"building":"apartments","height":13.2,"building:levels":6},"geometry":{"type":"Polygon","coordinates":[[[3.7530879,51.0575899],[3.7529738,51.0575899],[3.7529738,51.057482],[3.7530879,51.057482],[3.7530879,51.0575899]]]}},{"type":"Feature","properties":{"building":"apartments","height":12.5,"building:levels":4},"geometry":{"type":"Polygon","coordinates":[[[3.7534587,51.0574819],[3.7533446,51.0574819],[3.7533445,51.0573741],[3.7534586,51.057374],[3.7534587,51.0574819]]]}},{"type":"Feature","properties":{"building":"apartments","height":16.8,"building:levels":4},"geometry":{"type":"Polygon","coordinates":[[[3.7530879,51.057482],[3.7529738,51.057482],[3.7529737,51.0573742],[3.7530878,51.0573741],[3.7530879,51.057482]]]}},{"type":"Feature","properties":{"building":"apartments","height":17.4,"building:levels":3},"geometry":{"type":"Polygon","coordinates":[[[3.7534586,51.057374],[3.7533445,51.0573741],[3.7533445,51.0572662],[3.7534586,51.0572662],[3.7534586,51.057374]]]}},{"type":"Feature","properties":{"building":"house","height":10.6,"building:levels":5},"geometry":{"type":"Polygon","coordinates":[[[3.7530878,51.0573741],[3.7529737,51.0573742],[3.7529736,51.0572663],[3.7530877,51.0572663],[3.7530878,51.0573741]]]}},{"type":"Feature","properties":{"building":"house","height":16.4,"building:levels":5},"geometry":{"type":"Polygon","coordinates":[[[3.7534586,51.0572662],[3.7533445,51.0572662],[3.7533444,51.0571583],[3.7534585,51.0571583],[3.7534586,51.0572662]]]}},{"type":"Feature","properties":{"building":"apartments","height":15.3,"building:levels":5},"geometry":{"type":"Polygon","coordinates":[[[3.7530877,51.0572663],[3.7529736,51.0572663],[3.7529735,51.0571584],[3.7530876,51.0571584],[3.7530877,51.0572663]]]}},{"type":"Feature","properties":{"building":"apartments","height":17.2,"building:levels":5},"geometry":{"type":"Polygon","coordinates":[[[3.7534585,51.0571583],[3.7533444,51.0571583],[3.7533443,51.0570505],[3.7534584,51.0570504],[3.7534585,51.0571583]]]}},{"type":"Feature","properties":{"building":"apartments","height":9.6,"building:levels":5},"geometry":{"type":"Polygon","coordinates":[[[3.7530876,51.0571584],[3.7529735,51.0571584],[3.7529735,51.0570506],[3.7530876,51.0570505],[3.7530876,51.0571584]]]}},{"type":"Feature","properties":{"building":"apartments","height":9.6,"building:levels":5},"geometry":{"type":"Polygon","coordinates":[[[3.7534584,51.0570504],[3.7533443,51.0570505],[3.7533442,51.0569426],[3.7534583,51.0569426],[3.7534584,51.0570504]]]}},{"type":"Feature","properties":{"building":"apartments","height":16.8,"building:levels":6},"geometry":{"type":"Polygon","coordinates":[[[3.7530876,51.0570505],[3.7529735,51.0570506],[3.7529734,51.0569427],[3.7530875,51.0569427],[3.7530876,51.0570505]]]}},{"type":"Feature","properties":{"building":"house","height":16.7,"building:levels":6},"geometry":{"type":"Polygon","coordinates":[[[3.7534583,51.0569426],[3.7533442,51.0569426],[3.7533441,51.0568347],[3.7534582,51.0568347],[3.7534583,51.0569426]]]}},{"type":"Feature","properties":{"building":"house","height":12.5,"building:levels":5},"geometry":{"type":"Polygon","coordinates":[[[3.7530875,51.0569427],[3.7529734,51.0569427],[3.7529733,51.0568348],[3.7530874,51.0568348],[3.7530875,51.0569427]]]}},{"type":"Feature","properties":{"building":"apartments","height":16.6,"building:levels":5},"geometry":{"type":"Polygon","coordinates":[[[3.7534582,51.0568347],[3.7533441,51.0568347],[3.7533441,51.0567269],[3.7534582,51.0567268],[3.7534582,51.0568347]]]}},{"type":"Feature","properties":{"building":"apartments","height":15.7,"building:levels":5},"geometry":{"type":"Polygon","coordinates":[[[3.7530874,51.0568348],[3.7529733,51.0568348],[3.7529732,51.056727],[3.7530873,51.0567269],[3.7530874,51.0568348]]]}},{"type":"Feature","properties":{"building":"house","height":11.7,"building:levels":6},"geometry":{"type":"Polygon","coordinates":[[[3.7534582,51.0567268],[3.7533441,51.0567269],[3.753344,51.056619],[3.7534581,51.056619],[3.7534582,51.0567268]]]}},{"type":"Feature","properties":{"building":"apartments","height":11.3,"building:levels":4},"geometry":{"type":"Polygon","coordinates":[[[3.7530873,51.0567269],[3.7529732,51.056727],[3.7529732,51.0566191],[3.7530873,51.0566191],[3.7530873,51.0567269]]]}},{"type":"Feature","properties":{"building":"apartments","height":13.6,"building:levels":3},"geometry":{"type":"Polygon","coordinates":[[[3.7534581,51.056619],[3.753344,51.056619],[3.7533439,51.0565111],[3.753458,51.0565111],[3.7534581,51.056619]]]}},{"type":"Feature","properties":{"building":"apartments","height":17.7,"building:levels":5},"geometry":{"type":"Polygon","coordinates":[[[3.7530873,51.0566191],[3.7529732,51.0566191],[3.7529731,51.0565112],[3.7530872,51.0565112],[3.7530873,51.0566191]]]}},{"type":"Feature","properties":{"building":"house","height":10.8,"building:levels":6},"geometry":{"type":"Polygon","coordinates":[[[3.753458,51.0565111],[3.7533439,51.0565111],[3.7533438,51.0564033],[3.7534579,51.0564032],[3.753458,51.0565111]]]}},{"type":"Feature","properties":{"building":"apartments","height":14.9,"building:levels":5},"geometry":{"type":"Polygon","coordinates":[[[3.7530872,51.0565112],[3.7529731,51.0565112],[3.752973,51.0564034],[3.7530871,51.0564033],[3.7530872,51.0565112]]]}},{"type":"Feature","properties":{"building":"house","height":16.3,"building:levels":4},"geometry":{"type":"Polygon","coordinates":[[[3.7534579,51.0564032],[3.7533438,51.0564033],[3.7533438,51.0562954],[3.7534579,51.0562954],[3.7534579,51.0564032]]]}},{"type":"Feature","properties":{"building":"apartments","height":15.2,"building:levels":3},"geometry":{"type":"Polygon","coordinates":[[[3.7530871,51.0564033],[3.752973,51.0564034],[3.7529729,51.0562955],[3.753087,51.0562955],[3.7530871,51.0564033]]]}},{"type":"Feature","properties":{"building":"apartments","height":13.6,"building:levels":6},"geometry":{"type":"Polygon","coordinates":[[[3.7534579,51.0562954],[3.7533438,51.0562954],[3.7533437,51.0561875],[3.7534578,51.0561875],[3.7534579,51.0562954]]]}},{"type":"Feature","properties":{"building":"apartments","height":15.4,"building:levels":6},"geometry":{"type":"Polygon","coordinates":[[[3.753087,51.0562955],[3.7529729,51.0562955],[3.7529728,51.0561877],[3.7530869,51.0561876],[3.753087,51.0562955]]]}},{"type":"Feature","properties":{"building":"house","height":13.6,"building:levels":5},"geometry":{"type":"Polygon","coordinates":[[[3.7534578,51.0561875],[3.7533437,51.0561875],[3.7533436,51.0560797],[3.7534577,51.0560796],[3.7534578,51.0561875]]]}},{"type":"Feature","properties":{"building":"house","height":13.8,"building:levels":5},"geometry":{"type":"Polygon","coordinates":[[[3.7530869,51.0561876],[3.7529728,51.0561877],[3.7529728,51.0560798],[3.7530869,51.0560798],[3.7530869,51.0561876]]]}},{"type":"Feature","properties":{"building":"apartments","height":16.4,"building:levels":5},"geometry":{"type":"Polygon","coordinates":[[[3.7534577,51.0560796],[3.7533436,51.0560797],[3.7533435,51.0559718],[3.7534576,51.0559718],[3.7534577,51.0560796]]]}},{"type":"Feature","properties":{"building":"house","height":9.7,"building:levels":6},"geometry":{"type":"Polygon","coordinates":[[[3.7530869,51.0560798],[3.7529728,51.0560798],[3.7529727,51.0559719],[3.7530868,51.0559719],[3.7530869,51.0560798]]]}},{"type":"Feature","properties":{"building":"house","height":11.3,"building:levels":6},"geometry":{"type":"Polygon","coordinates":[[[3.7534576,51.0559718],[3.7533435,51.0559718],[3.7533434,51.0558639],[3.7534575,51.0558639],[3.7534576,51.0559718]]]}},{"type":"Feature","properties":{"building":"apartments","height":18.0,"building:levels":6},"geometry":{"type":"Polygon","coordinates":[[[3.7530868,51.0559719],[3.7529727,51.0559719],[3.7529726,51.0558641],[3.7530867,51.055864],[3.7530868,51.0559719]]]}},{"type":"Feature","properties":{"building":"house","height":15.4,"building:levels":6},"geometry":{"type":"Polygon","coordinates":[[[3.7534575,51.0558639],[3.7533434,51.0558639],[3.7533434,51.0557561],[3.7534575,51.055756],[3.7534575,51.0558639]]]}},{"type":"Feature","properties":{"building":"apartments","height":10.0,"building:levels":6},"geometry":{"type":"Polygon","coordinates":[[[3.7530867,51.055864],[3.7529726,51.0558641],[3.7529725,51.0557562],[3.7530866,51.0557562],[3.7530867,51.055864]]]}},{"type":"Feature","properties":{"building":"house","height":10.9,"building:levels":6},"geometry":{"type":"Polygon","coordinates":[[[3.7534575,51.055756],[3.7533434,51.0557561],[3.7533433,51.0556482],[3.7534574,51.0556482],[3.7534575,51.055756]]]}},{"type":"Feature","properties":{"building":"apartments","height":15.6,"building:levels":5},"geometry":{"type":"Polygon","coordinates":[[[3.7530866,51.0557562],[3.7529725,51.0557562],[3.7529725,51.0556483],[3.7530866,51.0556483],[3.7530866,51.0557562]]]}},{"type":"Feature","properties":{"building":"house","height":11.6,"building:levels":4},"geometry":{"type":"Polygon","coordinates":[[[3.7534574,51.0556482],[3.7533433,51.0556482],[3.7533432,51.0555404],[3.7534573,51.0555403],[3.7534574,51.0556482]]]}},{"type":"Feature","properties":{"building":"apartments","height":10.7,"building:levels":3},"geometry":{"type":"Polygon","coordinates":[[[3.7530866,51.0556483],[3.7529725,51.0556483],[3.7529724,51.0555405],[3.7530865,51.0555404],[3.7530866,51.0556483]]]}},{"type":"Feature","properties":{"building":"apartments","height":12.7,"building:levels":6},"geometry":{"type":"Polygon","coordinates":[[[3.7534573,51.0555403],[3.7533432,51.0555404],[3.7533431,51.0554325],[3.7534572,51.0554325],[3.7534573,51.0555403]]]}},{"type":"Feature","properties":{"building":"house","height":12.4,"building:levels":6},"geometry":{"type":"Polygon","coordinates":[[[3.7530865,51.0555404],[3.7529724,51.0555405],[3.7529723,51.0554326],[3.7530864,51.0554326],[3.7530865,51.0555404]]]}},{"type":"Feature","properties":{"building":"house","height":10.4,"building:levels":3},"geometry":{"type":"Polygon","coordinates":[[[3.7534572,51.0554325],[3.7533431,51.0554325],[3.7533431,51.0553246],[3.7534572,51.0553246],[3.7534572,51.0554325]]]}},{"type":"Feature","properties":{"building":"apartments","height":16.8,"building:levels":6},"geometry":{"type":"Polygon","coordinates":[[[3.7530864,51.0554326],[3.7529723,51.0554326],[3.7529722,51.0553247],[3.7530863,51.0553247],[3.7530864,51.0554326]]]}},{"type":"Feature","properties":{"building":"apartments","height":10.6,"building:levels":4},"geometry":{"type":"Polygon","coordinates":[[[3.7534572,51.0553246],[3.7533431,51.0553246],[3.753343,51.0552168],[3.7534571,51.0552167],[3.7534572,51.0553246]]]}},{"type":"Feature","properties":{"building":"house","height":10.0,"building:levels":5},"geometry":{"type":"Polygon","coordinates":[[[3.7530863,51.0553247],[3.7529722,51.0553247],[3.7529722,51.0552169],[3.7530863,51.0552168],[3.7530863,51.0553247]]]}},{"type":"Feature","properties":{"building":"house","height":17.2,"building:levels":5},"geometry":{"type":"Polygon","coordinates":[[[3.7534571,51.0552167],[3.753343,51.0552168],[3.7533429,51.0551089],[3.753457,51.0551089],[3.7534571,51.0552167]]]}},{"type":"Feature","properties":{"building":"house","height":11.8,"building:levels":3},"geometry":{"type":"Polygon","coordinates":[[[3.7530863,51.0552168],[3.7529722,51.0552169],[3.7529721,51.055109],[3.7530862,51.055109],[3.7530863,51.0552168]]]}},{"type":"Feature","properties":{"building":"house","height":14.3,"building:levels":6},"geometry":{"type":"Polygon","coordinates":[[[3.753457,51.0551089],[3.7533429,51.0551089],[3.7533428,51.055001],[3.7534569,51.055001],[3.753457,51.0551089]]]}},{"type":"Feature","properties":{"building":"apartments","height":9.0,"building:levels":6},"geometry":{"type":"Polygon","coordinates":[[[3.7530862,51.055109],[3.7529721,51.055109],[3.752972,51.0550011],[3.7530861,51.0550011],[3.7530862,51.055109]]]}},{"type":"Feature","properties":{"building":"house","height":17.8,"building:levels":3},"geometry":{"type":"Polygon","coordinates":[[[3.7534569,51.055001],[3.7533428,51.055001],[3.7533427,51.0548932],[3.7534568,51.0548931],[3.7534569,51.055001]]]}},{"type":"Feature","properties":{"building":"house","height":17.5,"building:levels":3},"geometry":{"type":"Polygon","coordinates":[[[3.7530861,51.0550011],[3.752972,51.0550011],[3.7529719,51.0548933],[3.753086,51.0548932],[3.7530861,51.0550011]]]}},{"type":"Feature","properties":{"building":"apartments","height":16.4,"building:levels":6},"geometry":{"type":"Polygon","coordinates":[[[3.7534568,51.0548931],[3.7533427,51.0548932],[3.7533427,51.0547853],[3.7534568,51.0547853],[3.7534568,51.0548931]]]}},{"type":"Feature","properties":{"building":"apartments","height":14.7,"building:levels":3},"geometry":{"type":"Polygon","coordinates":[[[3.753086,51.0548932],[3.7529719,51.0548933],[3.7529719,51.0547854],[3.7530859,51.0547854],[3.753086,51.0548932]]]}},{"type":"Feature","properties":{"building":"apartments","height":9.2,"building:levels":6},"geometry":{"type":"Polygon","coordinates":[[[3.7534568,51.0547853],[3.7533427,51.0547853],[3.7533426,51.0546774],[3.7534567,51.0546774],[3.7534568,51.0547853]]]}},{"type":"Feature","properties":{"building":"house","height":17.1,"building:levels":4},"geometry":{"type":"Polygon","coordinates":[[[3.7530859,51.0547854],[3.7529719,51.0547854],[3.7529718,51.0546775],[3.7530859,51.0546775],[3.7530859,51.0547854]]]}},{"type":"Feature","properties":{"building":"house","height":11.2,"building:levels":6},"geometry":{"type":"Polygon","coordinates":[[[3.7534567,51.0546774],[3.7533426,51.0546774],[3.7533425,51.0545696],[3.7534566,51.0545695],[3.7534567,51.0546774]]]}},{"type":"Feature","properties":{"building":"house","height":9.9,"building:levels":3},"geometry":{"type":"Polygon","coordinates":[[[3.7530859,51.0546775],[3.7529718,51.0546775],[3.7529717,51.0545697],[3.7530858,51.0545696],[3.7530859,51.0546775]]]}},{"type":"Feature","properties":{"building":"house","height":11.2,"building:levels":3},"geometry":{"type":"Polygon","coordinates":[[[3.7534566,51.0545695],[3.7533425,51.0545696],[3.7533424,51.0544617],[3.7534565,51.0544617],[3.7534566,51.0545695]]]}},{"type":"Feature","properties":{"building":"apartments","height":11.9,"building:levels":6},"geometry":{"type":"Polygon","coordinates":[[[3.7530858,51.0545696],[3.7529717,51.0545697],[3.7529716,51.0544618],[3.7530857,51.0544618],[3.7530858,51.0545696]]]}},{"type":"Feature","properties":{"building":"house","height":9.4,"building:levels":4},"geometry":{"type":"Polygon","coordinates":[[[3.7534565,51.0544617],[3.7533424,51.0544617],[3.7533424,51.0543538],[3.7534565,51.0543538],[3.7534565,51.0544617]]]}},{"type":"Feature","properties":{"building":"house","height":12.1,"building:levels":6},"geometry":{"type":"Polygon","coordinates":[[[3.7530857,51.0544618],[3.7529716,51.0544618],[3.7529715,51.0543539],[3.7530856,51.0543539],[3.7530857,51.0544618]]]}},{"type":"Feature","properties":{"building":"house","height":15.3,"building:levels":6},"geometry":{"type":"Polygon","coordinates":[[[3.7534565,51.0543538],[3.7533424,51.0543538],[3.7533423,51.054246],[3.7534564,51.0542459],[3.7534565,51.0543538]]]}},{"type":"Feature","properties":{"building":"apartments","height":16.5,"building:levels":5},"geometry":{"type":"Polygon","coordinates":[[[3.7530856,51.0543539],[3.7529715,51.0543539],[3.7529715,51.0542461],[3.7530856,51.054246],[3.7530856,51.0543539]]]}},{"type":"Feature","properties":{"building":"apartments","height":17.5,"building:levels":5},"geometry":{"type":"Polygon","coordinates":[[[3.7534564,51.0542459],[3.7533423,51.054246],[3.7533422,51.0541381],[3.7534563,51.0541381],[3.7534564,51.0542459]]]}},{"type":"Feature","properties":{"building":"apartments","height":12.0,"building:levels":3},"geometry":{"type":"Polygon","coordinates":[[[3.7530856,51.054246],[3.7529715,51.0542461],[3.7529714,51.0541382],[3.7530855,51.0541382],[3.7530856,51.054246]]]}},{"type":"Feature","properties":{"building":"house","height":10.6,"building:levels":3},"geometry":{"type":"Polygon","coordinates":[[[3.7534563,51.0541381],[3.7533422,51.0541381],[3.7533421,51.0540302],[3.7534562,51.0540302],[3.7534563,51.0541381]]]}},{"type":"Feature","properties":{"building":"apartments","height":10.6,"building:levels":4},"geometry":{"type":"Polygon","coordinates":[[[3.7530855,51.0541382],[3.7529714,51.0541382],[3.7529713,51.0540303],[3.7530854,51.0540303],[3.7530855,51.0541382]]]}},{"type":"Feature","properties":{"building":"apartments","height":17.6,"building:levels":6},"geometry":{"type":"Polygon","coordinates":[[[3.7534562,51.0540302],[3.7533421,51.0540302],[3.7533421,51.0539224],[3.7534561,51.0539223],[3.7534562,51.0540302]]]}},{"type":"Feature","properties":{"building":"apartments","height":14.6,"building:levels":5},"geometry":{"type":"Polygon","coordinates":[[[3.7530854,51.0540303],[3.7529713,51.0540303],[3.7529712,51.0539225],[3.7530853,51.0539224],[3.7530854,51.0540303]]]}},{"type":"Feature","properties":{"building":"apartments","height":12.6,"building:levels":4},"geometry":{"type":"Polygon","coordinates":[[[3.7534561,51.0539223],[3.7533421,51.0539224],[3.753342,51.0538145],[3.7534561,51.0538145],[3.7534561,51.0539223]]]}},{"type":"Feature","properties":{"building":"apartments","height":9.7,"building:levels":4},"geometry":{"type":"Polygon","coordinates":[[[3.7530853,51.0539224],[3.7529712,51.0539225],[3.7529712,51.0538146],[3.7530853,51.0538146],[3.7530853,51.0539224]]]}},{"type":"Feature","properties":{"building":"apartments","height":17.2,"building:levels":4},"geometry":{"type":"Polygon","coordinates":[[[3.7534561,51.0538145],[3.753342,51.0538145],[3.7533419,51.0537066],[3.753456,51.0537066],[3.7534561,51.0538145]]]}},{"type":"Feature","properties":{"building":"apartments","height":17.8,"building:levels":3},"geometry":{"type":"Polygon","coordinates":[[[3.7530853,51.0538146],[3.7529712,51.0538146],[3.7529711,51.0537067],[3.7530852,51.0537067],[3.7530853,51.0538146]]]}},{"type":"Feature","properties":{"building":"house","height":16.8,"building:levels":4},"geometry":{"type":"Polygon","coordinates":[[[3.753456,51.0537066],[3.7533419,51.0537066],[3.7533418,51.0535988],[3.7534559,51.0535987],[3.753456,51.0537066]]]}},{"type":"Feature","properties":{"building":"apartments","height":17.9,"building:levels":4},"geometry":{"type":"Polygon","coordinates":[[[3.7530852,51.0537067],[3.7529711,51.0537067],[3.752971,51.0535989],[3.7530851,51.0535988],[3.7530852,51.0537067]]]}},{"type":"Feature","properties":{"building":"apartments","height":16.7,"building:levels":6},"geometry":{"type":"Polygon","coordinates":[[[3.7534559,51.0535987],[3.7533418,51.0535988],[3.7533417,51.0534909],[3.7534558,51.0534909],[3.7534559,51.0535987]]]}},{"type":"Feature","properties":{"building":"house","height":11.2,"building:levels":5},"geometry":{"type":"Polygon","coordinates":[[[3.7530851,51.0535988],[3.752971,51.0535989],[3.7529709,51.053491],[3.753085,51.053491],[3.7530851,51.0535988]]]}},{"type":"Feature","properties":{"building":"house","height":9.4,"building:levels":6},"geometry":{"type":"Polygon","coordinates":[[[3.7534558,51.0534909],[3.7533417,51.0534909],[3.7533417,51.053383],[3.7534558,51.053383],[3.7534558,51.0534909]]]}},{"type":"Feature","properties":{"building":"house","height":12.3,"building:levels":5},"geometry":{"type":"Polygon","coordinates":[[[3.753085,51.053491],[3.7529709,51.053491],[3.7529709,51.0533831],[3.753085,51.0533831],[3.753085,51.053491]]]}},{"type":"Feature","properties":{"building":"apartments","height":14.2,"building:levels":3},"geometry":{"type":"Polygon","coordinates":[[[3.7534558,51.053383],[3.7533417,51.053383],[3.7533416,51.0532752],[3.7534557,51.0532751],[3.7534558,51.053383]]]}},{"type":"Feature","properties":{"building":"house","height":15.4,"building:levels":4},"geometry":{"type":"Polygon","coordinates":[[[3.753085,51.0533831],[3.7529709,51.0533831],[3.7529708,51.0532753],[3.7530849,51.0532752],[3.753085,51.0533831]]]}},{"type":"Feature","properties":{"building":"house","height":11.3,"building:levels":6},"geometry":{"type":"Polygon","coordinates":[[[3.7534557,51.0532751],[3.7533416,51.0532752],[3.7533415,51.0531673],[3.7534556,51.0531673],[3.7534557,51.0532751]]]}},{"type":"Feature","properties":{"building":"apartments","height":13.0,"building:levels":4},"geometry":{"type":"Polygon","coordinates":[[[3.7530849,51.0532752],[3.7529708,51.0532753],[3.7529707,51.0531674],[3.7530848,51.0531674],[3.7530849,51.0532752]]]}},{"type":"Feature","properties":{"building":"house","height":17.7,"building:levels":3},"geometry":{"type":"Polygon","coordinates":[[[3.7534556,51.0531673],[3.7533415,51.0531673],[3.7533414,51.0530594],[3.7534555,51.0530594],[3.7534556,51.0531673]]]}},{"type":"Feature","properties":{"building":"apartments","height":10.1,"building:levels":6},"geometry":{"type":"Polygon","coordinates":[[[3.7530848,51.0531674],[3.7529707,51.0531674],[3.7529706,51.0530595],[3.7530847,51.0530595],[3.7530848,51.0531674]]]}},{"type":"Feature","properties":{"building":"house","height":12.1,"building:levels":4},"geometry":{"type":"Polygon","coordinates":[[[3.7534555,51.0530594],[3.7533414,51.0530594],[3.7533414,51.0529516],[3.7534554,51.0529515],[3.7534555,51.0530594]]]}},{"type":"Feature","properties":{"building":"apartments","height":9.6,"building:levels":5},"geometry":{"type":"Polygon","coordinates":[[[3.7530847,51.0530595],[3.7529706,51.0530595],[3.7529705,51.0529517],[3.7530846,51.0529516],[3.7530847,51.0530595]]]}},{"type":"Feature","properties":{"building":"apartments","height":11.1,"building:levels":5},"geometry":{"type":"Polygon","coordinates":[[[3.7534554,51.0529515],[3.7533414,51.0529516],[3.7533413,51.0528437],[3.7534554,51.0528437],[3.7534554,51.0529515]]]}},{"type":"Feature","properties":{"building":"house","height":10.6,"building:levels":6},"geometry":{"type":"Polygon","coordinates":[[[3.7530846,51.0529516],[3.7529705,51.0529517],[3.7529705,51.0528438],[3.7530846,51.0528438],[3.7530846,51.0529516]]]}},{"type":"Feature","properties":{"building":"house","height":17.9,"building:levels":5},"geometry":{"type":"Polygon","coordinates":[[[3.7534554,51.0528437],[3.7533413,51.0528437],[3.7533412,51.0527358],[3.7534553,51.0527358],[3.7534554,51.0528437]]]}},{"type":"Feature","properties":{"building":"apartments","height":12.3,"building:levels":4},"geometry":{"type":"Polygon","coordinates":[[[3.7530846,51.0528438],[3.7529705,51.0528438],[3.7529704,51.0527359],[3.7530845,51.0527359],[3.7530846,51.0528438]]]}},{"type":"Feature","properties":{"building":"house","height":16.9,"building:levels":6},"geometry":{"type":"Polygon","coordinates":[[[3.7534553,51.0527358],[3.7533412,51.0527358],[3.7533411,51.052628],[3.7534552,51.0526279],[3.7534553,51.0527358]]]}},{"type":"Feature","properties":{"building":"house","height":9.7,"building:levels":6},"geometry":{"type":"Polygon","coordinates":[[[3.7530845,51.0527359],[3.7529704,51.0527359],[3.7529703,51.0526281],[3.7530844,51.052628],[3.7530845,51.0527359]]]}},{"type":"Feature","properties":{"building":"apartments","height":17.8,"building:levels":3},"geometry":{"type":"Polygon","coordinates":[[[3.7534552,51.0526279],[3.7533411,51.052628],[3.753341,51.0525201],[3.7534551,51.0525201],[3.7534552,51.0526279]]]}},{"type":"Feature","properties":{"building":"apartments","height":18.0,"building:levels":3},"geometry":{"type":"Polygon","coordinates":[[[3.7530844,51.052628],[3.7529703,51.0526281],[3.7529702,51.0525202],[3.7530843,51.0525202],[3.7530844,51.052628]]]}},{"type":"Feature","properties":{"building":"house","height":13.6,"building:levels":6},"geometry":{"type":"Polygon","coordinates":[[[3.7534551,51.0525201],[3.753341,51.0525201],[3.753341,51.0524122],[3.7534551,51.0524122],[3.7534551,51.0525201]]]}},{"type":"Feature","properties":{"building":"apartments","height":16.7,"building:levels":5},"geometry":{"type":"Polygon","coordinates":[[[3.7530843,51.0525202],[3.7529702,51.0525202],[3.7529702,51.0524123],[3.7530843,51.0524123],[3.7530843,51.0525202]]]}},{"type":"Feature","properties":{"building":"apartments","height":12.6,"building:levels":3},"geometry":{"type":"Polygon","coordinates":[[[3.7534551,51.0524122],[3.753341,51.0524122],[3.7533409,51.0523044],[3.753455,51.0523043],[3.7534551,51.0524122]]]}},{"type":"Feature","properties":{"building":"house","height":10.1,"building:levels":6},"geometry":{"type":"Polygon","coordinates":[[[3.7530843,51.0524123],[3.7529702,51.0524123],[3.7529701,51.0523045],[3.7530842,51.0523044],[3.7530843,51.0524123]]]}},{"type":"Feature","properties":{"building":"apartments","height":13.7,"building:levels":4},"geometry":{"type":"Polygon","coordinates":[[[3.753455,51.0523043],[3.7533409,51.0523044],[3.7533408,51.0521965],[3.7534549,51.0521965],[3.753455,51.0523043]]]}},{"type":"Feature","properties":{"building":"house","height":10.4,"building:levels":6},"geometry":{"type":"Polygon","coordinates":[[[3.7530842,51.0523044],[3.7529701,51.0523045],[3.75297,51.0521966],[3.7530841,51.0521966],[3.7530842,51.0523044]]]}},{"type":"Feature","properties":{"building":"apartments","height":12.0,"building:levels":6},"geometry":{"type":"Polygon","coordinates":[[[3.7534549,51.0521965],[3.7533408,51.0521965],[3.7533407,51.0520886],[3.7534548,51.0520886],[3.7534549,51.0521965]]]}},{"type":"Feature","properties":{"building":"house","height":9.5,"building:levels":4},"geometry":{"type":"Polygon","coordinates":[[[3.7530841,51.0521966],[3.75297,51.0521966],[3.7529699,51.0520887],[3.753084,51.0520887],[3.7530841,51.0521966]]]}},{"type":"Feature","properties":{"building":"apartments","height":16.5,"building:levels":5},"geometry":{"type":"Polygon","coordinates":[[[3.7534548,51.0520886],[3.7533407,51.0520886],[3.7533407,51.0519808],[3.7534547,51.0519807],[3.7534548,51.0520886]]]}},{"type":"Feature","properties":{"building":"apartments","height":17.6,"building:levels":4},"geometry":{"type":"Polygon","coordinates":[[[3.753084,51.0520887],[3.7529699,51.0520887],[3.7529699,51.0519809],[3.753084,51.0519809],[3.753084,51.0520887]]]}},{"type":"Feature","properties":{"building":"house","height":12.2,"building:levels":4},"geometry":{"type":"Polygon","coordinates":[[[3.7534547,51.0519807],[3.7533407,51.0519808],[3.7533406,51.0518729],[3.7534547,51.0518729],[3.7534547,51.0519807]]]}},{"type":"Feature","properties":{"building":"house","height":10.6,"building:levels":4},"geometry":{"type":"Polygon","coordinates":[[[3.753084,51.0519809],[3.7529699,51.0519809],[3.7529698,51.051873],[3.7530839,51.051873],[3.753084,51.0519809]]]}},{"type":"Feature","properties":{"building":"house","height":9.7,"building:levels":3},"geometry":{"type":"Polygon","coordinates":[[[3.7534547,51.0518729],[3.7533406,51.0518729],[3.7533405,51.051765],[3.7534546,51.051765],[3.7534547,51.0518729]]]}},{"type":"Feature","properties":{"building":"apartments","height":17.6,"building:levels":6},"geometry":{"type":"Polygon","coordinates":[[[3.7530839,51.051873],[3.7529698,51.051873],[3.7529697,51.0517652],[3.7530838,51.0517651],[3.7530839,51.051873]]]}},{"type":"Feature","properties":{"building":"apartments","height":11.9,"building:levels":5},"geometry":{"type":"Polygon","coordinates":[[[3.7534546,51.051765],[3.7533405,51.051765],[3.7533404,51.0516572],[3.7534545,51.0516571],[3.7534546,51.051765]]]}},{"type":"Feature","properties":{"building":"apartments","height":9.2,"building:levels":4},"geometry":{"type":"Polygon","coordinates":[[[3.7530838,51.0517651],[3.7529697,51.0517652],[3.7529696,51.0516573],[3.7530837,51.0516573],[3.7530838,51.0517651]]]}},{"type":"Feature","properties":{"building":"apartments","height":16.3,"building:levels":6},"geometry":{"type":"Polygon","coordinates":[[[3.7534545,51.0516571],[3.7533404,51.0516572],[3.7533403,51.0515493],[3.7534544,51.0515493],[3.7534545,51.0516571]]]}},{"type":"Feature","properties":{"building":"house","height":14.8,"building:levels":3},"geometry":{"type":"Polygon","coordinates":[[[3.7530837,51.0516573],[3.7529696,51.0516573],[3.7529696,51.0515494],[3.7530836,51.0515494],[3.7530837,51.0516573]]]}},{"type":"Feature","properties":{"building":"house","height":13.5,"building:levels":5},"geometry":{"type":"Polygon","coordinates":[[[3.7534544,51.0515493],[3.7533403,51.0515493],[3.7533403,51.0514414],[3.7534544,51.0514414],[3.7534544,51.0515493]]]}},{"type":"Feature","properties":{"building":"apartments","height":12.0,"building:levels":3},"geometry":{"type":"Polygon","coordinates":[[[3.7530836,51.0515494],[3.7529696,51.0515494],[3.7529695,51.0514416],[3.7530836,51.0514415],[3.7530836,51.0515494]]]}},{"type":"Feature","properties":{"building":"apartments","height":9.2,"building:levels":6},"geometry":{"type":"Polygon","coordinates":[[[3.7534544,51.0514414],[3.7533403,51.0514414],[3.7533402,51.0513336],[3.7534543,51.0513336],[3.7534544,51.0514414]]]}},{"type":"Feature","properties":{"building":"apartments","height":11.8,"building:levels":3},"geometry":{"type":"Polygon","coordinates":[[[3.7530836,51.0514415],[3.7529695,51.0514416],[3.7529694,51.0513337],[3.7530835,51.0513337],[3.7530836,51.0514415]]]}},{"type":"Feature","properties":{"building":"apartments","height":13.9,"building:levels":4},"geometry":{"type":"Polygon","coordinates":[[[3.7534543,51.0513336],[3.7533402,51.0513336],[3.7533401,51.0512257],[3.7534542,51.0512257],[3.7534543,51.0513336]]]}},{"type":"Feature","properties":{"building":"house","height":13.8,"building:levels":5},"geometry":{"type":"Polygon","coordinates":[[[3.7530835,51.0513337],[3.7529694,51.0513337],[3.7529693,51.0512258],[3.7530834,51.0512258],[3.7530835,51.0513337]]]}},{"type":"Feature","properties":{"building":"apartments","height":11.6,"building:levels":6},"geometry":{"type":"Polygon","coordinates":[[[3.7534542,51.0512257],[3.7533401,51.0512257],[3.75334,51.0511179],[3.7534541,51.0511178],[3.7534542,51.0512257]]]}},{"type":"Feature","properties":{"building":"apartments","height":11.5,"building:levels":3},"geometry":{"type":"Polygon","coordinates":[[[3.7530834,51.0512258],[3.7529693,51.0512258],[3.7529692,51.051118],[3.7530833,51.0511179],[3.7530834,51.0512258]]]}},{"type":"Feature","properties":{"building":"apartments","height":11.5,"building:levels":4},"geometry":{"type":"Polygon","coordinates":[[[3.7534541,51.0511178],[3.75334,51.0511179],[3.75334,51.05101],[3.753454,51.05101],[3.7534541,51.0511178]]]}},{"type":"Feature","properties":{"building":"house","height":14.9,"building:levels":4},"geometry":{"type":"Polygon","coordinates":[[[3.7530833,51.0511179],[3.7529692,51.051118],[3.7529692,51.0510101],[3.7530833,51.0510101],[3.7530833,51.0511179]]]}},{"type":"Feature","properties":{"building":"house","height":13.3,"building:levels":5},"geometry":{"type":"Polygon","coordinates":[[[3.753454,51.05101],[3.75334,51.05101],[3.7533399,51.0509021],[3.753454,51.0509021],[3.753454,51.05101]]]}},{"type":"Feature","properties":{"building":"apartments","height":9.1,"building:levels":6},"geometry":{"type":"Polygon","coordinates":[[[3.7530833,51.0510101],[3.7529692,51.0510101],[3.7529691,51.0509022],[3.7530832,51.0509022],[3.7530833,51.0510101]]]}},{"type":"Feature","properties":{"building":"apartments","height":11.5,"building:levels":6},"geometry":{"type":"Polygon","coordinates":[[[3.753454,51.0509021],[3.7533399,51.0509021],[3.7533398,51.0507943],[3.7534539,51.0507942],[3.753454,51.0509021]]]}},{"type":"Feature","properties":{"building":"house","height":12.4,"building:levels":5},"geometry":{"type":"Polygon","coordinates":[[[3.7530832,51.0509022],[3.7529691,51.0509022],[3.752969,51.0507944],[3.7530831,51.0507943],[3.7530832,51.0509022]]]}},{"type":"Feature","properties":{"building":"apartments","height":14.7,"building:levels":3},"geometry":{"type":"Polygon","coordinates":[[[3.7534539,51.0507942],[3.7533398,51.0507943],[3.7533397,51.0506864],[3.7534538,51.0506864],[3.7534539,51.0507942]]]}},{"type":"Feature","properties":{"building":"house","height":12.8,"building:levels":3},"geometry":{"type":"Polygon","coordinates":[[[3.7530831,51.0507943],[3.752969,51.0507944],[3.7529689,51.0506865],[3.753083,51.0506865],[3.7530831,51.0507943]]]}},{"type":"Feature","properties":{"building":"apartments","height":11.2,"building:levels":5},"geometry":{"type":"Polygon","coordinates":[[[3.7534538,51.0506864],[3.7533397,51.0506864],[3.7533396,51.0505785],[3.7534537,51.0505785],[3.7534538,51.0506864]]]}},{"type":"Feature","properties":{"building":"apartments","height":10.7,"building:levels":5},"geometry":{"type":"Polygon","coordinates":[[[3.753083,51.0506865],[3.7529689,51.0506865],[3.7529689,51.0505786],[3.753083,51.0505786],[3.753083,51.0506865]]]}},{"type":"Feature","properties":{"building":"apartments","height":15.9,"building:levels":5},"geometry":{"type":"Polygon","coordinates":[[[3.7534537,51.0505785],[3.7533396,51.0505785],[3.7533396,51.0504707],[3.7534537,51.0504706],[3.7534537,51.0505785]]]}},{"type":"Feature","properties":{"building":"apartments","height":11.9,"building:levels":4},"geometry":{"type":"Polygon","coordinates":[[[3.753083,51.0505786],[3.7529689,51.0505786],[3.7529688,51.0504708],[3.7530829,51.0504707],[3.753083,51.0505786]]]}},{"type":"Feature","properties":{"building":"apartments","height":9.2,"building:levels":6},"geometry":{"type":"Polygon","coordinates":[[[3.7534537,51.0504706],[3.7533396,51.0504707],[3.7533395,51.0503628],[3.7534536,51.0503628],[3.7534537,51.0504706]]]}},{"type":"Feature","properties":{"building":"apartments","height":14.3,"building:levels":5},"geometry":{"type":"Polygon","coordinates":[[[3.7530829,51.0504707],[3.7529688,51.0504708],[3.7529687,51.0503629],[3.7530828,51.0503629],[3.7530829,51.0504707]]]}},{"type":"Feature","properties":{"building":"house","height":12.9,"building:levels":3},"geometry":{"type":"Polygon","coordinates":[[[3.7534536,51.0503628],[3.7533395,51.0503628],[3.7533394,51.0502549],[3.7534535,51.0502549],[3.7534536,51.0503628]]]}},{"type":"Feature","properties":{"building":"apartments","height":15.3,"building:levels":5},"geometry":{"type":"Polygon","coordinates":[[[3.7530828,51.0503629],[3.7529687,51.0503629],[3.7529686,51.050255],[3.7530827,51.050255],[3.7530828,51.0503629]]]}},{"type":"Feature","properties":{"building":"house","height":10.6,"building:levels":4},"geometry":{"type":"Polygon","coordinates":[[[3.7534535,51.0502549],[3.7533394,51.0502549],[3.7533393,51.0501471],[3.7534534,51.050147],[3.7534535,51.0502549]]]}},{"type":"Feature","properties":{"building":"house","height":16.1,"building:levels":4},"geometry":{"type":"Polygon","coordinates":[[[3.7530827,51.050255],[3.7529686,51.050255],[3.7529686,51.0501472],[3.7530826,51.0501471],[3.7530827,51.050255]]]}},{"type":"Feature","properties":{"building":"apartments","height":15.1,"building:levels":6},"geometry":{"type":"Polygon","coordinates":[[[3.7534534,51.050147],[3.7533393,51.0501471],[3.7533393,51.0500392],[3.7534533,51.0500392],[3.7534534,51.050147]]]}},{"type":"Feature","properties":{"building":"apartments","height":10.9,"building:levels":5},"geometry":{"type":"Polygon","coordinates":[[[3.7530826,51.0501471],[3.7529686,51.0501472],[3.7529685,51.0500393],[3.7530826,51.0500393],[3.7530826,51.0501471]]]}},{"type":"Feature","properties":{"building":"apartments","height":12.2,"building:levels":5},"geometry":{"type":"Polygon","coordinates":[[[3.7534533,51.0500392],[3.7533393,51.0500392],[3.7533392,51.0499313],[3.7534533,51.0499313],[3.7534533,51.0500392]]]}},{"type":"Feature","properties":{"building":"house","height":13.8,"building:levels":4},"geometry":{"type":"Polygon","coordinates":[[[3.7530826,51.0500393],[3.7529685,51.0500393],[3.7529684,51.0499314],[3.7530825,51.0499314],[3.7530826,51.0500393]]]}},{"type":"Feature","properties":{"building":"apartments","height":12.3,"building:levels":5},"geometry":{"type":"Polygon","coordinates":[[[3.7534533,51.0499313],[3.7533392,51.0499313],[3.7533391,51.0498235],[3.7534532,51.0498234],[3.7534533,51.0499313]]]}},{"type":"Feature","properties":{"building":"house","height":14.6,"building:levels":5},"geometry":{"type":"Polygon","coordinates":[[[3.7530825,51.0499314],[3.7529684,51.0499314],[3.7529683,51.0498236],[3.7530824,51.0498235],[3.7530825,51.0499314]]]}},{"type":"Feature","properties":{"building":"house","height":12.8,"building:levels":5},"geometry":{"type":"Polygon","coordinates":[[[3.7534532,51.0498234],[3.7533391,51.0498235],[3.753339,51.0497156],[3.7534531,51.0497156],[3.7534532,51.0498234]]]}},{"type":"Feature","properties":{"building":"apartments","height":15.3,"building:levels":3},"geometry":{"type":"Polygon","coordinates":[[[3.7530824,51.0498235],[3.7529683,51.0498236],[3.7529683,51.0497157],[3.7530823,51.0497157],[3.7530824,51.0498235]]]}},{"type":"Feature","properties":{"building":"apartments","height":9.1,"building:levels":6},"geometry":{"type":"Polygon","coordinates":[[[3.7534531,51.0497156],[3.753339,51.0497156],[3.753339,51.0496077],[3.753453,51.0496077],[3.7534531,51.0497156]]]}},{"type":"Feature","properties":{"building":"apartments","height":16.7,"building:levels":6},"geometry":{"type":"Polygon","coordinates":[[[3.7530823,51.0497157],[3.7529683,51.0497157],[3.7529682,51.0496078],[3.7530823,51.0496078],[3.7530823,51.0497157]]]}},{"type":"Feature","properties":{"building":"apartments","height":17.3,"building:levels":5},"geometry":{"type":"Polygon","coordinates":[[[3.753453,51.0496077],[3.753339,51.0496077],[3.7533389,51.0494999],[3.753453,51.0494998],[3.753453,51.0496077]]]}},{"type":"Feature","properties":{"building":"apartments","height":11.3,"building:levels":3},"geometry":{"type":"Polygon","coordinates":[[[3.7530823,51.0496078],[3.7529682,51.0496078],[3.7529681,51.0495],[3.7530822,51.0494999],[3.7530823,51.0496078]]]}},{"type":"Feature","properties":{"building":"apartments","height":9.4,"building:levels":5},"geometry":{"type":"Polygon","coordinates":[[[3.753453,51.0494998],[3.7533389,51.0494999],[3.7533388,51.049392],[3.7534529,51.049392],[3.753453,51.0494998]]]}},{"type":"Feature","properties":{"building":"apartments","height":13.8,"building:levels":5},"geometry":{"type":"Polygon","coordinates":[[[3.7530822,51.0494999],[3.7529681,51.0495],[3.752968,51.0493921],[3.7530821,51.0493921],[3.7530822,51.0494999]]]}},{"type":"Feature","properties":{"building":"apartments","height":16.5,"building:levels":4},"geometry":{"type":"Polygon","coordinates":[[[3.7534529,51.049392],[3.7533388,51.049392],[3.7533387,51.0492841],[3.7534528,51.0492841],[3.7534529,51.049392]]]}},{"type":"Feature","properties":{"building":"apartments","height":14.6,"building:levels":5},"geometry":{"type":"Polygon","coordinates":[[[3.7530821,51.0493921],[3.752968,51.0493921],[3.7529679,51.0492842],[3.753082,51.0492842],[3.7530821,51.0493921]]]}},{"type":"Feature","properties":{"building":"house","height":14.1,"building:levels":4},"geometry":{"type":"Polygon","coordinates":[[[3.7534528,51.0492841],[3.7533387,51.0492841],[3.7533386,51.0491763],[3.7534527,51.0491762],[3.7534528,51.0492841]]]}},{"type":"Feature","properties":{"building":"house","height":11.9,"building:levels":5},"geometry":{"type":"Polygon","coordinates":[[[3.753082,51.0492842],[3.7529679,51.0492842],[3.7529679,51.0491764],[3.753082,51.0491763],[3.753082,51.0492842]]]}},{"type":"Feature","properties":{"building":"house","height":10.8,"building:levels":6},"geometry":{"type":"Polygon","coordinates":[[[3.7534527,51.0491762],[3.7533386,51.0491763],[3.7533386,51.0490684],[3.7534526,51.0490684],[3.7534527,51.0491762]]]}},{"type":"Feature","properties":{"building":"house","height":11.1,"building:levels":4},"geometry":{"type":"Polygon","coordinates":[[[3.753082,51.0491763],[3.7529679,51.0491764],[3.7529678,51.0490685],[3.7530819,51.0490685],[3.753082,51.0491763]]]}},{"type":"Feature","properties":{"building":"apartments","height":16.1,"building:levels":4},"geometry":{"type":"Polygon","coordinates":[[[3.7534526,51.0490684],[3.7533386,51.0490684],[3.7533385,51.0489605],[3.7534526,51.0489605],[3.7534526,51.0490684]]]}},{"type":"Feature","properties":{"building":"apartments","height":16.0,"building:levels":5},"geometry":{"type":"Polygon","coordinates":[[[3.7530819,51.0490685],[3.7529678,51.0490685],[3.7529677,51.0489606],[3.7530818,51.0489606],[3.7530819,51.0490685]]]}},{"type":"Feature","properties":{"building":"house","height":13.1,"building:levels":4},"geometry":{"type":"Polygon","coordinates":[[[3.7534526,51.0489605],[3.7533385,51.0489605],[3.7533384,51.0488527],[3.7534525,51.0488526],[3.7534526,51.0489605]]]}},{"type":"Feature","properties":{"building":"apartments","height":13.3,"building:levels":3},"geometry":{"type":"Polygon","coordinates":[[[3.7530818,51.0489606],[3.7529677,51.0489606],[3.7529676,51.0488528],[3.7530817,51.0488527],[3.7530818,51.0489606]]]}},{"type":"Feature","properties":{"building":"apartments","height":12.4,"building:levels":6},"geometry":{"type":"Polygon","coordinates":[[[3.7534525,51.0488526],[3.7533384,51.0488527],[3.7533383,51.0487448],[3.7534524,51.0487448],[3.7534525,51.0488526]]]}},{"type":"Feature","properties":{"building":"apartments","height":9.4,"building:levels":3},"geometry":{"type":"Polygon","coordinates":[[[3.7530817,51.0488527],[3.7529676,51.0488528],[3.7529676,51.0487449],[3.7530816,51.0487449],[3.7530817,51.0488527]]]}},{"type":"Feature","properties":{"building":"house","height":9.7,"building:levels":4},"geometry":{"type":"Polygon","coordinates":[[[3.7534524,51.0487448],[3.7533383,51.0487448],[3.7533383,51.0486369],[3.7534523,51.0486369],[3.7534524,51.0487448]]]}},{"type":"Feature","properties":{"building":"house","height":17.1,"building:levels":6},"geometry":{"type":"Polygon","coordinates":[[[3.7530816,51.0487449],[3.7529676,51.0487449],[3.7529675,51.048637],[3.7530816,51.048637],[3.7530816,51.0487449]]]}},{"type":"Feature","properties":{"building":"apartments","height":12.5,"building:levels":3},"geometry":{"type":"Polygon","coordinates":[[[3.7534523,51.0486369],[3.7533383,51.0486369],[3.7533382,51.0485291],[3.7534523,51.048529],[3.7534523,51.0486369]]]}},{"type":"Feature","properties":{"building":"house","height":15.4,"building:levels":6},"geometry":{"type":"Polygon","coordinates":[[[3.7530816,51.048637],[3.7529675,51.048637],[3.7529674,51.0485292],[3.7530815,51.0485291],[3.7530816,51.048637]]]}},{"type":"Feature","properties":{"building":"house","height":12.9,"building:levels":3},"geometry":{"type":"Polygon","coordinates":[[[3.7534523,51.048529],[3.7533382,51.0485291],[3.7533381,51.0484212],[3.7534522,51.0484212],[3.7534523,51.048529]]]}},{"type":"Feature","properties":{"building":"apartments","height":10.1,"building:levels":5},"geometry":{"type":"Polygon","coordinates":[[[3.7530815,51.0485291],[3.7529674,51.0485292],[3.7529673,51.0484213],[3.7530814,51.0484213],[3.7530815,51.0485291]]]}},{"type":"Feature","properties":{"building":"house","height":12.2,"building:levels":4},"geometry":{"type":"Polygon","coordinates":[[[3.7534522,51.0484212],[3.7533381,51.0484212],[3.753338,51.0483133],[3.7534521,51.0483133],[3.7534522,51.0484212]]]}},{"type":"Feature","properties":{"building":"house","height":14.0,"building:levels":3},"geometry":{"type":"Polygon","coordinates":[[[3.7530814,51.0484213],[3.7529673,51.0484213],[3.7529673,51.0483134],[3.7530813,51.0483134],[3.7530814,51.0484213]]]}},{"type":"Feature","properties":{"building":"apartments","height":14.0,"building:levels":6},"geometry":{"type":"Polygon","coordinates":[[[3.7534521,51.0483133],[3.753338,51.0483133],[3.7533379,51.0482055],[3.753452,51.0482054],[3.7534521,51.0483133]]]}},{"type":"Feature","properties":{"building":"house","height":14.7,"building:levels":3},"geometry":{"type":"Polygon","coordinates":[[[3.7530813,51.0483134],[3.7529673,51.0483134],[3.7529672,51.0482056],[3.7530813,51.0482055],[3.7530813,51.0483134]]]}},{"type":"Feature","properties":{"building":"house","height":9.0,"building:levels":5},"geometry":{"type":"Polygon","coordinates":[[[3.753452,51.0482054],[3.7533379,51.0482055],[3.7533379,51.0480976],[3.753452,51.0480976],[3.753452,51.0482054]]]}},{"type":"Feature","properties":{"building":"apartments","height":14.7,"building:levels":6},"geometry":{"type":"Polygon","coordinates":[[[3.7530813,51.0482055],[3.7529672,51.0482056],[3.7529671,51.0480977],[3.7530812,51.0480977],[3.7530813,51.0482055]]]}},{"type":"Feature","properties":{"building":"apartments","height":10.2,"building:levels":5},"geometry":{"type":"Polygon","coordinates":[[[3.753452,51.0480976],[3.7533379,51.0480976],[3.7533378,51.0479897],[3.7534519,51.0479897],[3.753452,51.0480976]]]}},{"type":"Feature","properties":{"building":"apartments","height":11.2,"building:levels":6},"geometry":{"type":"Polygon","coordinates":[[[3.7530812,51.0480977],[3.7529671,51.0480977],[3.752967,51.0479898],[3.7530811,51.0479898],[3.7530812,51.0480977]]]}},{"type":"Feature","properties":{"building":"apartments","height":13.6,"building:levels":4},"geometry":{"type":"Polygon","coordinates":[[[3.7534519,51.0479897],[3.7533378,51.0479897],[3.7533377,51.0478819],[3.7534518,51.0478818],[3.7534519,51.0479897]]]}},{"type":"Feature","properties":{"building":"apartments","height":14.3,"building:levels":5},"geometry":{"type":"Polygon","coordinates":[[[3.7530811,51.0479898],[3.752967,51.0479898],[3.7529669,51.047882],[3.753081,51.0478819],[3.7530811,51.0479898]]]}},{"type":"Feature","properties":{"building":"house","height":11.7,"building:levels":4},"geometry":{"type":"Polygon","coordinates":[[[3.7534518,51.0478818],[3.7533377,51.0478819],[3.7533376,51.047774],[3.7534517,51.047774],[3.7534518,51.0478818]]]}},{"type":"Feature","properties":{"building":"apartments","height":9.2,"building:levels":3},"geometry":{"type":"Polygon","coordinates":[[[3.753081,51.0478819],[3.7529669,51.047882],[3.7529669,51.0477741],[3.753081,51.0477741],[3.753081,51.0478819]]]}},{"type":"Feature","properties":{"building":"house","height":13.7,"building:levels":6},"geometry":{"type":"Polygon","coordinates":[[[3.7534517,51.047774],[3.7533376,51.047774],[3.7533376,51.0476661],[3.7534516,51.0476661],[3.7534517,51.047774]]]}},{"type":"Feature","properties":{"building":"apartments","height":10.0,"building:levels":3},"geometry":{"type":"Polygon","coordinates":[[[3.753081,51.0477741],[3.7529669,51.0477741],[3.7529668,51.0476662],[3.7530809,51.0476662],[3.753081,51.0477741]]]}},{"type":"Feature","properties":{"building":"house","height":10.9,"building:levels":6},"geometry":{"type":"Polygon","coordinates":[[[3.7534516,51.0476661],[3.7533376,51.0476661],[3.7533375,51.0475583],[3.7534516,51.0475582],[3.7534516,51.0476661]]]}},{"type":"Feature","properties":{"building":"house","height":14.9,"building:levels":5},"geometry":{"type":"Polygon","coordinates":[[[3.7530809,51.0476662],[3.7529668,51.0476662],[3.7529667,51.0475584],[3.7530808,51.0475583],[3.7530809,51.0476662]]]}},{"type":"Feature","properties":{"building":"apartments","height":15.6,"building:levels":6},"geometry":{"type":"Polygon","coordinates":[[[3.7534516,51.0475582],[3.7533375,51.0475583],[3.7533374,51.0474504],[3.7534515,51.0474504],[3.7534516,51.0475582]]]}},{"type":"Feature","properties":{"building":"apartments","height":17.6,"building:levels":6},"geometry":{"type":"Polygon","coordinates":[[[3.7530808,51.0475583],[3.7529667,51.0475584],[3.7529666,51.0474505],[3.7530807,51.0474505],[3.7530808,51.0475583]]]}},{"type":"Feature","properties":{"building":"apartments","height":15.8,"building:levels":6},"geometry":{"type":"Polygon","coordinates":[[[3.7534515,51.0474504],[3.7533374,51.0474504],[3.7533373,51.0473425],[3.7534514,51.0473425],[3.7534515,51.0474504]]]}},{"type":"Feature","properties":{"building":"apartments","height":15.8,"building:levels":5},"geometry":{"type":"Polygon","coordinates":[[[3.7530807,51.0474505],[3.7529666,51.0474505],[3.7529666,51.0473426],[3.7530806,51.0473426],[3.7530807,51.0474505]]]}},{"type":"Feature","properties":{"building":"house","height":15.8,"building:levels":3},"geometry":{"type":"Polygon","coordinates":[[[3.7534514,51.0473425],[3.7533373,51.0473425],[3.7533372,51.0472347],[3.7534513,51.0472346],[3.7534514,51.0473425]]]}},{"type":"Feature","properties":{"building":"house","height":12.1,"building:levels":3},"geometry":{"type":"Polygon","coordinates":[[[3.7530806,51.0473426],[3.7529666,51.0473426],[3.7529665,51.0472348],[3.7530806,51.0472348],[3.7530806,51.0473426]]]}},{"type":"Feature","properties":{"building":"apartments","height":15.6,"building:levels":4},"geometry":{"type":"Polygon","coordinates":[[[3.7534513,51.0472346],[3.7533372,51.0472347],[3.7533372,51.0471268],[3.7534513,51.0471268],[3.7534513,51.0472346]]]}},{"type":"Feature","properties":{"building":"apartments","height":11.9,"building:levels":5},"geometry":{"type":"Polygon","coordinates":[[[3.7530806,51.0472348],[3.7529665,51.0472348],[3.7529664,51.0471269],[3.7530805,51.0471269],[3.7530806,51.0472348]]]}},{"type":"Feature","properties":{"building":"apartments","height":16.7,"building:levels":6},"geometry":{"type":"Polygon","coordinates":[[[3.7534513,51.0471268],[3.7533372,51.0471268],[3.7533371,51.0470189],[3.7534512,51.0470189],[3.7534513,51.0471268]]]}},{"type":"Feature","properties":{"building":"house","height":17.2,"building:levels":6},"geometry":{"type":"Polygon","coordinates":[[[3.7530805,51.0471269],[3.7529664,51.0471269],[3.7529663,51.0470191],[3.7530804,51.047019],[3.7530805,51.0471269]]]}},{"type":"Feature","properties":{"building":"house","height":12.4,"building:levels":5},"geometry":{"type":"Polygon","coordinates":[[[3.7534512,51.0470189],[3.7533371,51.0470189],[3.753337,51.0469111],[3.7534511,51.046911],[3.7534512,51.0470189]]]}},{"type":"Feature","properties":{"building":"house","height":13.9,"building:levels":6},"geometry":{"type":"Polygon","coordinates":[[[3.7530804,51.047019],[3.7529663,51.0470191],[3.7529663,51.0469112],[3.7530803,51.0469112],[3.7530804,51.047019]]]}},{"type":"Feature","properties":{"building":"house","height":17.2,"building:levels":3},"geometry":{"type":"Polygon","coordinates":[[[3.7534511,51.046911],[3.753337,51.0469111],[3.7533369,51.0468032],[3.753451,51.0468032],[3.7534511,51.046911]]]}},{"type":"Feature","properties":{"building":"apartments","height":13.9,"building:levels":3},"geometry":{"type":"Polygon","coordinates":[[[3.7530803,51.0469112],[3.7529663,51.0469112],[3.7529662,51.0468033],[3.7530803,51.0468033],[3.7530803,51.0469112]]]}},{"type":"Feature","properties":{"building":"apartments","height":17.8,"building:levels":5},"geometry":{"type":"Polygon","coordinates":[[[3.753451,51.0468032],[3.7533369,51.0468032],[3.7533369,51.0466953],[3.7534509,51.0466953],[3.753451,51.0468032]]]}},{"type":"Feature","properties":{"building":"apartments","height":11.3,"building:levels":5},"geometry":{"type":"Polygon","coordinates":[[[3.7530803,51.0468033],[3.7529662,51.0468033],[3.7529661,51.0466955],[3.7530802,51.0466954],[3.7530803,51.0468033]]]}},{"type":"Feature","properties":{"building":"house","height":14.1,"building:levels":3},"geometry":{"type":"Polygon","coordinates":[[[3.7534509,51.0466953],[3.7533369,51.0466953],[3.7533368,51.0465875],[3.7534509,51.0465875],[3.7534509,51.0466953]]]}},{"type":"Feature","properties":{"building":"house","height":16.2,"building:levels":6},"geometry":{"type":"Polygon","coordinates":[[[3.7530802,51.0466954],[3.7529661,51.0466955],[3.752966,51.0465876],[3.7530801,51.0465876],[3.7530802,51.0466954]]]}},{"type":"Feature","properties":{"building":"apartments","height":16.0,"building:levels":5},"geometry":{"type":"Polygon","coordinates":[[[3.7534509,51.0465875],[3.7533368,51.0465875],[3.7533367,51.0464796],[3.7534508,51.0464796],[3.7534509,51.0465875]]]}},{"type":"Feature","properties":{"building":"house","height":13.4,"building:levels":3},"geometry":{"type":"Polygon","coordinates":[[[3.7530801,51.0465876],[3.752966,51.0465876],[3.752966,51.0464797],[3.75308,51.0464797],[3.7530801,51.0465876]]]}},{"type":"Feature","properties":{"building":"apartments","height":10.7,"building:levels":6},"geometry":{"type":"Polygon","coordinates":[[[3.7534508,51.0464796],[3.7533367,51.0464796],[3.7533366,51.0463718],[3.7534507,51.0463717],[3.7534508,51.0464796]]]}},{"type":"Feature","properties":{"building":"apartments","height":14.6,"building:levels":6},"geometry":{"type":"Polygon","coordinates":[[[3.75308,51.0464797],[3.752966,51.0464797],[3.7529659,51.0463719],[3.75308,51.0463718],[3.75308,51.0464797]]]}},{"type":"Feature","properties":{"building":"house","height":10.4,"building:levels":5},"geometry":{"type":"Polygon","coordinates":[[[3.7534507,51.0463717],[3.7533366,51.0463718],[3.7533366,51.0462639],[3.7534506,51.0462639],[3.7534507,51.0463717]]]}},{"type":"Feature","properties":{"building":"house","height":17.3,"building:levels":4},"geometry":{"type":"Polygon","coordinates":[[[3.75308,51.0463718],[3.7529659,51.0463719],[3.7529658,51.046264],[3.7530799,51.046264],[3.75308,51.0463718]]]}},{"type":"Feature","properties":{"building":"apartments","height":13.5,"building:levels":3},"geometry":{"type":"Polygon","coordinates":[[[3.7534506,51.0462639],[3.7533366,51.0462639],[3.7533365,51.046156],[3.7534506,51.046156],[3.7534506,51.0462639]]]}},{"type":"Feature","properties":{"building":"house","height":14.5,"building:levels":6},"geometry":{"type":"Polygon","coordinates":[[[3.7530799,51.046264],[3.7529658,51.046264],[3.7529657,51.0461561],[3.7530798,51.0461561],[3.7530799,51.046264]]]}},{"type":"Feature","properties":{"building":"house","height":11.9,"building:levels":6},"geometry":{"type":"Polygon","coordinates":[[[3.7534506,51.046156],[3.7533365,51.046156],[3.7533364,51.0460482],[3.7534505,51.0460481],[3.7534506,51.046156]]]}},{"type":"Feature","properties":{"building":"house","height":9.4,"building:levels":4},"geometry":{"type":"Polygon","coordinates":[[[3.7530798,51.0461561],[3.7529657,51.0461561],[3.7529656,51.0460483],[3.7530797,51.0460482],[3.7530798,51.0461561]]]}},{"type":"Feature","properties":{"building":"house","height":16.8,"building:levels":3},"geometry":{"type":"Polygon","coordinates":[[[3.7534505,51.0460481],[3.7533364,51.0460482],[3.7533363,51.0459403],[3.7534504,51.0459403],[3.7534505,51.0460481]]]}},{"type":"Feature","properties":{"building":"house","height":16.8,"building:levels":3},"geometry":{"type":"Polygon","coordinates":[[[3.7530797,51.0460482],[3.7529656,51.0460483],[3.7529656,51.0459404],[3.7530796,51.0459404],[3.7530797,51.0460482]]]}},{"type":"Feature","properties":{"building":"apartments","height":14.5,"building:levels":5},"geometry":{"type":"Polygon","coordinates":[[[3.7534504,51.0459403],[3.7533363,51.0459403],[3.7533362,51.0458324],[3.7534503,51.0458324],[3.7534504,51.0459403]]]}},{"type":"Feature","properties":{"building":"apartments","height":17.7,"building:levels":3},"geometry":{"type":"Polygon","coordinates":[[[3.7530796,51.0459404],[3.7529656,51.0459404],[3.7529655,51.0458325],[3.7530796,51.0458325],[3.7530796,51.0459404]]]}},{"type":"Feature","properties":{"building":"house","height":13.2,"building:levels":3},"geometry":{"type":"Polygon","coordinates":[[[3.7534503,51.0458324],[3.7533362,51.0458324],[3.7533362,51.0457246],[3.7534502,51.0457245],[3.7534503,51.0458324]]]}},{"type":"Feature","properties":{"building":"house","height":9.4,"building:levels":4},"geometry":{"type":"Polygon","coordinates":[[[3.7530796,51.0458325],[3.7529655,51.0458325],[3.7529654,51.0457247],[3.7530795,51.0457246],[3.7530796,51.0458325]]]}},{"type":"Feature","properties":{"building":"apartments","height":13.7,"building:levels":3},"geometry":{"type":"Polygon","coordinates":[[[3.7534502,51.0457245],[3.7533362,51.0457246],[3.7533361,51.0456167],[3.7534502,51.0456167],[3.7534502,51.0457245]]]}},{"type":"Feature","properties":{"building":"house","height":14.8,"building:levels":3},"geometry":{"type":"Polygon","coordinates":[[[3.7530795,51.0457246],[3.7529654,51.0457247],[3.7529653,51.0456168],[3.7530794,51.0456168],[3.7530795,51.0457246]]]}},{"type":"Feature","properties":{"building":"apartments","height":9.2,"building:levels":6},"geometry":{"type":"Polygon","coordinates":[[[3.7534502,51.0456167],[3.7533361,51.0456167],[3.753336,51.0455088],[3.7534501,51.0455088],[3.7534502,51.0456167]]]}},{"type":"Feature","properties":{"building":"apartments","height":14.7,"building:levels":5},"geometry":{"type":"Polygon","coordinates":[[[3.7530794,51.0456168],[3.7529653,51.0456168],[3.7529653,51.0455089],[3.7530793,51.0455089],[3.7530794,51.0456168]]]}},{"type":"Feature","properties":{"building":"house","height":16.6,"building:levels":5},"geometry":{"type":"Polygon","coordinates":[[[3.7534501,51.0455088],[3.753336,51.0455088],[3.7533359,51.045401],[3.75345,51.0454009],[3.7534501,51.0455088]]]}},{"type":"Feature","properties":{"building":"apartments","height":15.6,"building:levels":5},"geometry":{"type":"Polygon","coordinates":[[[3.7530793,51.0455089],[3.7529653,51.0455089],[3.7529652,51.0454011],[3.7530793,51.045401],[3.7530793,51.0455089]]]}},{"type":"Feature","properties":{"building":"house","height":15.3,"building:levels":3},"geometry":{"type":"Polygon","coordinates":[[[3.75345,51.0454009],[3.7533359,51.045401],[3.7533359,51.0452931],[3.7534499,51.0452931],[3.75345,51.0454009]]]}},{"type":"Feature","properties":{"building":"apartments","height":14.1,"building:levels":3},"geometry":{"type":"Polygon","coordinates":[[[3.7530793,51.045401],[3.7529652,51.0454011],[3.7529651,51.0452932],[3.7530792,51.0452932],[3.7530793,51.045401]]]}},{"type":"Feature","properties":{"building":"house","height":12.3,"building:levels":4},"geometry":{"type":"Polygon","coordinates":[[[3.7534499,51.0452931],[3.7533359,51.0452931],[3.7533358,51.0451852],[3.7534499,51.0451852],[3.7534499,51.0452931]]]}},{"type":"Feature","properties":{"building":"apartments","height":16.3,"building:levels":4},"geometry":{"type":"Polygon","coordinates":[[[3.7530792,51.0452932],[3.7529651,51.0452932],[3.752965,51.0451853],[3.7530791,51.0451853],[3.7530792,51.0452932]]]}},{"type":"Feature","properties":{"building":"apartments","height":17.0,"building:levels":5},"geometry":{"type":"Polygon","coordinates":[[[3.7534499,51.0451852],[3.7533358,51.0451852],[3.7533357,51.0450774],[3.7534498,51.0450773],[3.7534499,51.0451852]]]}},{"type":"Feature","properties":{"building":"house","height":10.3,"building:levels":6},"geometry":{"type":"Polygon","coordinates":[[[3.7530791,51.0451853],[3.752965,51.0451853],[3.752965,51.0450775],[3.753079,51.0450774],[3.7530791,51.0451853]]]}},{"type":"Feature","properties":{"building":"apartments","height":13.7,"building:levels":5},"geometry":{"type":"Polygon","coordinates":[[[3.7534498,51.0450773],[3.7533357,51.0450774],[3.7533356,51.0449695],[3.7534497,51.0449695],[3.7534498,51.0450773]]]}},{"type":"Feature","properties":{"building":"apartments","height":14.8,"building:levels":4},"geometry":{"type":"Polygon","coordinates":[[[3.753079,51.0450774],[3.752965,51.0450775],[3.7529649,51.0449696],[3.753079,51.0449696],[3.753079,51.0450774]]]}},{"type":"Feature","properties":{"building":"house","height":11.6,"building:levels":4},"geometry":{"type":"Polygon","coordinates":[[[3.7534497,51.0449695],[3.7533356,51.0449695],[3.7533355,51.0448616],[3.7534496,51.0448616],[3.7534497,51.0449695]]]}},{"type":"Feature","properties":{"building":"house","height":9.2,"building:levels":5},"geometry":{"type":"Polygon","coordinates":[[[3.753079,51.0449696],[3.7529649,51.0449696],[3.7529648,51.0448617],[3.7530789,51.0448617],[3.753079,51.0449696]]]}},{"type":"Feature","properties":{"building":"apartments","height":17.2,"building:levels":4},"geometry":{"type":"Polygon","coordinates":[[[3.7534496,51.0448616],[3.7533355,51.0448616],[3.7533355,51.0447538],[3.7534495,51.0447537],[3.7534496,51.0448616]]]}},{"type":"Feature","properties":{"building":"apartments","height":9.2,"building:levels":4},"geometry":{"type":"Polygon","coordinates":[[[3.7530789,51.0448617],[3.7529648,51.0448617],[3.7529647,51.0447539],[3.7530788,51.0447538],[3.7530789,51.0448617]]]}},{"type":"Feature","properties":{"building":"apartments","height":9.7,"building:levels":6},"geometry":{"type":"Polygon","coordinates":[[[3.7534495,51.0447537],[3.7533355,51.0447538],[3.7533354,51.0446459],[3.7534495,51.0446459],[3.7534495,51.0447537]]]}},{"type":"Feature","properties":{"building":"apartments","height":12.1,"building:levels":6},"geometry":{"type":"Polygon","coordinates":[[[3.7530788,51.0447538],[3.7529647,51.0447539],[3.7529647,51.044646],[3.7530787,51.044646],[3.7530788,51.0447538]]]}},{"type":"Feature","properties":{"building":"house","height":11.0,"building:levels":5},"geometry":{"type":"Polygon","coordinates":[[[3.7534495,51.0446459],[3.7533354,51.0446459],[3.7533353,51.044538],[3.7534494,51.044538],[3.7534495,51.0446459]]]}},{"type":"Feature","properties":{"building":"apartments","height":11.0,"building:levels":3},"geometry":{"type":"Polygon","coordinates":[[[3.7530787,51.044646],[3.7529647,51.044646],[3.7529646,51.0445381],[3.7530786,51.0445381],[3.7530787,51.044646]]]}},{"type":"Feature","properties":{"building":"apartments","height":10.8,"building:levels":6},"geometry":{"type":"Polygon","coordinates":[[[3.7534494,51.044538],[3.7533353,51.044538],[3.7533352,51.0444302],[3.7534493,51.0444301],[3.7534494,51.044538]]]}},{"type":"Feature","properties":{"building":"house","height":10.9,"building:levels":4},"geometry":{"type":"Polygon","coordinates":[[[3.7530786,51.0445381],[3.7529646,51.0445381],[3.7529645,51.0444303],[3.7530786,51.0444302],[3.7530786,51.0445381]]]}},{"type":"Feature","properties":{"building":"house","height":15.2,"building:levels":4},"geometry":{"type":"Polygon","coordinates":[[[3.7534493,51.0444301],[3.7533352,51.0444302],[3.7533352,51.0443223],[3.7534492,51.0443223],[3.7534493,51.0444301]]]}},{"type":"Feature","properties":{"building":"apartments","height":10.6,"building:levels":5},"geometry":{"type":"Polygon","coordinates":[[[3.7530786,51.0444302],[3.7529645,51.0444303],[3.7529644,51.0443224],[3.7530785,51.0443224],[3.7530786,51.0444302]]]}},{"type":"Feature","properties":{"building":"house","height":13.1,"building:levels":3},"geometry":{"type":"Polygon","coordinates":[[[3.7534492,51.0443223],[3.7533352,51.0443223],[3.7533351,51.0442144],[3.7534492,51.0442144],[3.7534492,51.0443223]]]}},{"type":"Feature","properties":{"building":"house","height":10.7,"building:levels":5},"geometry":{"type":"Polygon","coordinates":[[[3.7530785,51.0443224],[3.7529644,51.0443224],[3.7529643,51.0442145],[3.7530784,51.0442145],[3.7530785,51.0443224]]]}},{"type":"Feature","properties":{"building":"apartments","height":12.0,"building:levels":5},"geometry":{"type":"Polygon","coordinates":[[[3.7534492,51.0442144],[3.7533351,51.0442144],[3.753335,51.0441066],[3.7534491,51.0441065],[3.7534492,51.0442144]]]}},{"type":"Feature","properties":{"building":"apartments","height":9.3,"building:levels":3},"geometry":{"type":"Polygon","coordinates":[[[3.7530784,51.0442145],[3.7529643,51.0442145],[3.7529643,51.0441067],[3.7530783,51.0441066],[3.7530784,51.0442145]]]}},{"type":"Feature","properties":{"building":"apartments","height":9.0,"building:levels":6},"geometry":{"type":"Polygon","coordinates":[[[3.7534491,51.0441065],[3.753335,51.0441066],[3.7533349,51.0439987],[3.753449,51.0439987],[3.7534491,51.0441065]]]}},{"type":"Feature","properties":{"building":"house","height":9.7,"building:levels":4},"geometry":{"type":"Polygon","coordinates":[[[3.7530783,51.0441066],[3.7529643,51.0441067],[3.7529642,51.0439988],[3.7530783,51.0439988],[3.7530783,51.0441066]]]}},{"type":"Feature","properties":{"building":"house","height":10.2,"building:levels":5},"geometry":{"type":"Polygon","coordinates":[[[3.753449,51.0439987],[3.7533349,51.0439987],[3.7533348,51.0438908],[3.7534489,51.0438908],[3.753449,51.0439987]]]}},{"type":"Feature","properties":{"building":"apartments","height":17.5,"building:levels":4},"geometry":{"type":"Polygon","coordinates":[[[3.7530783,51.0439988],[3.7529642,51.0439988],[3.7529641,51.0438909],[3.7530782,51.0438909],[3.7530783,51.0439988]]]}},{"type":"Feature","properties":{"building":"apartments","height":14.3,"building:levels":6},"geometry":{"type":"Polygon","coordinates":[[[3.7533888,51.0437719],[3.7533082,51.0438228],[3.7531871,51.0437466],[3.7532678,51.0436957],[3.7533888,51.0437719]]]}},{"type":"Feature","properties":{"building":"apartments","height":16.6,"building:levels":3},"geometry":{"type":"Polygon","coordinates":[[[3.7531268,51.0439373],[3.7530462,51.0439881],[3.7529251,51.0439119],[3.7530057,51.043861],[3.7531268,51.0439373]]]}},{"type":"Feature","properties":{"building":"apartments","height":15.8,"building:levels":6},"geometry":{"type":"Polygon","coordinates":[[[3.7530778,51.0436579],[3.7530778,51.0437298],[3.7529067,51.0437299],[3.7529067,51.0436579],[3.7530778,51.0436579]]]}},{"type":"Feature","properties":{"building":"apartments","height":14.3,"building:levels":3},"geometry":{"type":"Polygon","coordinates":[[[3.7530779,51.0438916],[3.753078,51.0439635],[3.7529069,51.0439636],[3.7529068,51.0438917],[3.7530779,51.0438916]]]}},{"type":"Feature","properties":{"building":"house","height":11.4,"building:levels":6},"geometry":{"type":"Polygon","coordinates":[[[3.7529065,51.0436579],[3.7529066,51.0437299],[3.7527355,51.0437299],[3.7527354,51.043658],[3.7529065,51.0436579]]]}},{"type":"Feature","properties":{"building":"apartments","height":17.1,"building:levels":5},"geometry":{"type":"Polygon","coordinates":[[[3.7529067,51.0438917],[3.7529067,51.0439636],[3.7527356,51.0439636],[3.7527356,51.0438917],[3.7529067,51.0438917]]]}},{"type":"Feature","properties":{"building":"house","height":10.6,"building:levels":4},"geometry":{"type":"Polygon","coordinates":[[[3.7527353,51.043658],[3.7527353,51.0437299],[3.7525642,51.0437299],[3.7525642,51.043658],[3.7527353,51.043658]]]}},{"type":"Feature","properties":{"building":"house","height":10.7,"building:levels":3},"geometry":{"type":"Polygon","coordinates":[[[3.7527354,51.0438917],[3.7527355,51.0439636],[3.7525644,51.0439637],[3.7525643,51.0438917],[3.7527354,51.0438917]]]}},{"type":"Feature","properties":{"building":"apartments","height":13.7,"building:levels":5},"geometry":{"type":"Polygon","coordinates":[[[3.752564,51.043658],[3.7525641,51.0437299],[3.752393,51.04373],[3.7523929,51.0436581],[3.752564,51.043658]]]}},{"type":"Feature","properties":{"building":"house","height":16.7,"building:levels":4},"geometry":{"type":"Polygon","coordinates":[[[3.7525642,51.0438917],[3.7525643,51.0439637],[3.7523931,51.0439637],[3.7523931,51.0438918],[3.7525642,51.0438917]]]}},{"type":"Feature","properties":{"building":"apartments","height":17.2,"building:levels":6},"geometry":{"type":"Polygon","coordinates":[[[3.7523928,51.0436581],[3.7523928,51.04373],[3.7522217,51.04373],[3.7522217,51.0436581],[3.7523928,51.0436581]]]}},{"type":"Feature","properties":{"building":"house","height":10.8,"building:levels":4},"geometry":{"type":"Polygon","coordinates":[[[3.752393,51.0438918],[3.752393,51.0439637],[3.7522219,51.0439638],[3.7522219,51.0438918],[3.752393,51.0438918]]]}},{"type":"Feature","properties":{"building":"apartments","height":11.5,"building:levels":5},"geometry":{"type":"Polygon","coordinates":[[[3.7522216,51.0436581],[3.7522216,51.04373],[3.7520505,51.0437301],[3.7520505,51.0436582],[3.7522216,51.0436581]]]}},{"type":"Feature","properties":{"building":"apartments","height":9.2,"building:levels":4},"geometry":{"type":"Polygon","coordinates":[[[3.7522217,51.0438918],[3.7522218,51.0439638],[3.7520507,51.0439638],[3.7520506,51.0438919],[3.7522217,51.0438918]]]}},{"type":"Feature","properties":{"building":"apartments","height":13.8,"building:levels":5},"geometry":{"type":"Polygon","coordinates":[[[3.7520503,51.0436582],[3.7520504,51.0437301],[3.7518793,51.0437301],[3.7518792,51.0436582],[3.7520503,51.0436582]]]}},{"type":"Feature","properties":{"building":"apartments","height":13.8,"building:levels":6},"geometry":{"type":"Polygon","coordinates":[[[3.7520505,51.0438919],[3.7520505,51.0439638],[3.7518794,51.0439638],[3.7518794,51.0438919],[3.7520505,51.0438919]]]}},{"type":"Feature","properties":{"building":"apartments","height":15.1,"building:levels":4},"geometry":{"type":"Polygon","coordinates":[[[3.7518791,51.0436582],[3.7518791,51.0437301],[3.751708,51.0437302],[3.751708,51.0436583],[3.7518791,51.0436582]]]}},{"type":"Feature","properties":{"building":"house","height":12.6,"building:levels":4},"geometry":{"type":"Polygon","coordinates":[[[3.7518792,51.0438919],[3.7518793,51.0439638],[3.7517082,51.0439639],[3.7517081,51.043892],[3.7518792,51.0438919]]]}},{"type":"Feature","properties":{"building":"apartments","height":15.3,"building:levels":4},"geometry":{"type":"Polygon","coordinates":[[[3.7517078,51.0436583],[3.7517079,51.0437302],[3.7515368,51.0437302],[3.7515367,51.0436583],[3.7517078,51.0436583]]]}},{"type":"Feature","properties":{"building":"apartments","height":15.0,"building:levels":3},"geometry":{"type":"Polygon","coordinates":[[[3.751708,51.043892],[3.751708,51.0439639],[3.7515369,51.0439639],[3.7515369,51.043892],[3.751708,51.043892]]]}},{"type":"Feature","properties":{"building":"apartments","height":17.2,"building:levels":6},"geometry":{"type":"Polygon","coordinates":[[[3.7515366,51.0436583],[3.7515366,51.0437302],[3.7513655,51.0437303],[3.7513655,51.0436584],[3.7515366,51.0436583]]]}},{"type":"Feature","properties":{"building":"house","height":10.0,"building:levels":4},"geometry":{"type":"Polygon","coordinates":[[[3.7515368,51.043892],[3.7515368,51.0439639],[3.7513657,51.043964],[3.7513656,51.0438921],[3.7515368,51.043892]]]}},{"type":"Feature","properties":{"building":"apartments","height":14.5,"building:levels":4},"geometry":{"type":"Polygon","coordinates":[[[3.7513654,51.0436584],[3.7513654,51.0437303],[3.7511943,51.0437303],[3.7511943,51.0436584],[3.7513654,51.0436584]]]}},{"type":"Feature","properties":{"building":"house","height":15.5,"building:levels":5},"geometry":{"type":"Polygon","coordinates":[[[3.7513655,51.0438921],[3.7513656,51.043964],[3.7511945,51.043964],[3.7511944,51.0438921],[3.7513655,51.0438921]]]}},{"type":"Feature","properties":{"building":"apartments","height":16.2,"building:levels":4},"geometry":{"type":"Polygon","coordinates":[[[3.7511941,51.0436584],[3.7511942,51.0437303],[3.7510231,51.0437304],[3.751023,51.0436585],[3.7511941,51.0436584]]]}},{"type":"Feature","properties":{"building":"house","height":17.7,"building:levels":4},"geometry":{"type":"Polygon","coordinates":[[[3.7511943,51.0438921],[3.7511943,51.043964],[3.7510232,51.0439641],[3.7510232,51.0438922],[3.7511943,51.0438921]]]}},{"type":"Feature","properties":{"building":"apartments","height":16.6,"building:levels":5},"geometry":{"type":"Polygon","coordinates":[[[3.7510229,51.0436585],[3.7510229,51.0437304],[3.7508518,51.0437304],[3.7508518,51.0436585],[3.7510229,51.0436585]]]}},{"type":"Feature","properties":{"building":"apartments","height":10.6,"building:levels":6},"geometry":{"type":"Polygon","coordinates":[[[3.751023,51.0438922],[3.7510231,51.0439641],[3.750852,51.0439641],[3.7508519,51.0438922],[3.751023,51.0438922]]]}},{"type":"Feature","properties":{"building":"house","height":13.6,"building:levels":4},"geometry":{"type":"Polygon","coordinates":[[[3.7508516,51.0436585],[3.7508517,51.0437304],[3.7506806,51.0437305],[3.7506805,51.0436585],[3.7508516,51.0436585]]]}},{"type":"Feature","properties":{"building":"house","height":11.3,"building:levels":4},"geometry":{"type":"Polygon","coordinates":[[[3.7508518,51.0438922],[3.7508518,51.0439641],[3.7506807,51.0439642],[3.7506807,51.0438923],[3.7508518,51.0438922]]]}},{"type":"Feature","properties":{"building":"house","height":12.2,"building:levels":5},"geometry":{"type":"Polygon","coordinates":[[[3.7506804,51.0436585],[3.7506804,51.0437305],[3.7505093,51.0437305],[3.7505093,51.0436586],[3.7506804,51.0436585]]]}},{"type":"Feature","properties":{"building":"house","height":15.8,"building:levels":6},"geometry":{"type":"Polygon","coordinates":[[[3.7506805,51.0438923],[3.7506806,51.0439642],[3.7505095,51.0439642],[3.7505094,51.0438923],[3.7506805,51.0438923]]]}},{"type":"Feature","properties":{"building":"house","height":12.4,"building:levels":5},"geometry":{"type":"Polygon","coordinates":[[[3.7505092,51.0436586],[3.7505092,51.0437305],[3.7503381,51.0437305],[3.750338,51.0436586],[3.7505092,51.0436586]]]}},{"type":"Feature","properties":{"building":"apartments","height":10.5,"building:levels":6},"geometry":{"type":"Polygon","coordinates":[[[3.7505093,51.0438923],[3.7505094,51.0439642],[3.7503382,51.0439643],[3.7503382,51.0438923],[3.7505093,51.0438923]]]}},{"type":"Feature","properties":{"building":"apartments","height":16.8,"building:levels":5},"geometry":{"type":"Polygon","coordinates":[[[3.7503379,51.0436586],[3.750338,51.0437305],[3.7501669,51.0437306],[3.7501668,51.0436587],[3.7503379,51.0436586]]]}},{"type":"Feature","properties":{"building":"apartments","height":15.1,"building:levels":4},"geometry":{"type":"Polygon","coordinates":[[[3.7503381,51.0438923],[3.7503381,51.0439643],[3.750167,51.0439643],[3.750167,51.0438924],[3.7503381,51.0438923]]]}},{"type":"Feature","properties":{"building":"apartments","height":13.0,"building:levels":3},"geometry":{"type":"Polygon","coordinates":[[[3.7501667,51.0436587],[3.7501667,51.0437306],[3.7499956,51.0437306],[3.7499956,51.0436587],[3.7501667,51.0436587]]]}},{"type":"Feature","properties":{"building":"house","height":9.7,"building:levels":5},"geometry":{"type":"Polygon","coordinates":[[[3.7501668,51.0438924],[3.7501669,51.0439643],[3.7499958,51.0439643],[3.7499957,51.0438924],[3.7501668,51.0438924]]]}},{"type":"Feature","properties":{"building":"apartments","height":11.6,"building:levels":4},"geometry":{"type":"Polygon","coordinates":[[[3.7499954,51.0436587],[3.7499955,51.0437306],[3.7498244,51.0437307],[3.7498243,51.0436588],[3.7499954,51.0436587]]]}},{"type":"Feature","properties":{"building":"apartments","height":10.7,"building:levels":5},"geometry":{"type":"Polygon","coordinates":[[[3.7499956,51.0438924],[3.7499956,51.0439643],[3.7498245,51.0439644],[3.7498245,51.0438925],[3.7499956,51.0438924]]]}},{"type":"Feature","properties":{"building":"house","height":12.2,"building:levels":5},"geometry":{"type":"Polygon","coordinates":[[[3.7498242,51.0436588],[3.7498242,51.0437307],[3.7496531,51.0437307],[3.7496531,51.0436588],[3.7498242,51.0436588]]]}},{"type":"Feature","properties":{"building":"apartments","height":10.5,"building:levels":5},"geometry":{"type":"Polygon","coordinates":[[[3.7498243,51.0438925],[3.7498244,51.0439644],[3.7496533,51.0439644],[3.7496532,51.0438925],[3.7498243,51.0438925]]]}},{"type":"Feature","properties":{"building":"house","height":16.4,"building:levels":5},"geometry":{"type":"Polygon","coordinates":[[[3.749653,51.0436588],[3.749653,51.0437307],[3.7494819,51.0437308],[3.7494818,51.0436589],[3.749653,51.0436588]]]}},{"type":"Feature","properties":{"building":"house","height":13.2,"building:levels":6},"geometry":{"type":"Polygon","coordinates":[[[3.7496531,51.0438925],[3.7496531,51.0439644],[3.749482,51.0439645],[3.749482,51.0438926],[3.7496531,51.0438925]]]}},{"type":"Feature","properties":{"building":"house","height":14.3,"building:levels":5},"geometry":{"type":"Polygon","coordinates":[[[3.7494817,51.0436589],[3.7494818,51.0437308],[3.7493106,51.0437308],[3.7493106,51.0436589],[3.7494817,51.0436589]]]}},{"type":"Feature","properties":{"building":"house","height":10.0,"building:levels":4},"geometry":{"type":"Polygon","coordinates":[[[3.7494819,51.0438926],[3.7494819,51.0439645],[3.7493108,51.0439645],[3.7493108,51.0438926],[3.7494819,51.0438926]]]}},{"type":"Feature","properties":{"building":"house","height":15.7,"building:levels":4},"geometry":{"type":"Polygon","coordinates":[[[3.7493105,51.0436589],[3.7493105,51.0437308],[3.7491394,51.0437309],[3.7491394,51.0436589],[3.7493105,51.0436589]]]}},{"type":"Feature","properties":{"building":"apartments","height":14.7,"building:levels":6},"geometry":{"type":"Polygon","coordinates":[[[3.7493106,51.0438926],[3.7493107,51.0439645],[3.7491396,51.0439646],[3.7491395,51.0438927],[3.7493106,51.0438926]]]}},{"type":"Feature","properties":{"building":"house","height":11.6,"building:levels":4},"geometry":{"type":"Polygon","coordinates":[[[3.7491392,51.0436589],[3.7491393,51.0437309],[3.7489682,51.0437309],[3.7489681,51.043659],[3.7491392,51.0436589]]]}},{"type":"Feature","properties":{"building":"apartments","height":15.4,"building:levels":5},"geometry":{"type":"Polygon","coordinates":[[[3.7491394,51.0438927],[3.7491394,51.0439646],[3.7489683,51.0439646],[3.7489683,51.0438927],[3.7491394,51.0438927]]]}},{"type":"Feature","properties":{"building":"apartments","height":12.5,"building:levels":5},"geometry":{"type":"Polygon","coordinates":[[[3.748968,51.043659],[3.748968,51.0437309],[3.7487969,51.0437309],[3.7487969,51.043659],[3.748968,51.043659]]]}},{"type":"Feature","properties":{"building":"house","height":15.9,"building:levels":4},"geometry":{"type":"Polygon","coordinates":[[[3.7489681,51.0438927],[3.7489682,51.0439646],[3.7487971,51.0439646],[3.748797,51.0438927],[3.7489681,51.0438927]]]}},{"type":"Feature","properties":{"building":"apartments","height":14.4,"building:levels":5},"geometry":{"type":"Polygon","coordinates":[[[3.7487967,51.043659],[3.7487968,51.0437309],[3.7486257,51.043731],[3.7486256,51.0436591],[3.7487967,51.043659]]]}},{"type":"Feature","properties":{"building":"house","height":13.8,"building:levels":6},"geometry":{"type":"Polygon","coordinates":[[[3.7487969,51.0438927],[3.7487969,51.0439646],[3.7486258,51.0439647],[3.7486258,51.0438928],[3.7487969,51.0438927]]]}},{"type":"Feature","properties":{"building":"apartments","height":16.1,"building:levels":4},"geometry":{"type":"Polygon","coordinates":[[[3.7486255,51.0436591],[3.7486256,51.043731],[3.7484544,51.043731],[3.7484544,51.0436591],[3.7486255,51.0436591]]]}},{"type":"Feature","properties":{"building":"apartments","height":17.4,"building:levels":6},"geometry":{"type":"Polygon","coordinates":[[[3.7486257,51.0438928],[3.7486257,51.0439647],[3.7484546,51.0439647],[3.7484545,51.0438928],[3.7486257,51.0438928]]]}},{"type":"Feature","properties":{"building":"apartments","height":14.2,"building:levels":5},"geometry":{"type":"Polygon","coordinates":[[[3.7484543,51.0436591],[3.7484543,51.043731],[3.7482832,51.0437311],[3.7482832,51.0436592],[3.7484543,51.0436591]]]}},{"type":"Feature","properties":{"building":"apartments","height":11.5,"building:levels":5},"geometry":{"type":"Polygon","coordinates":[[[3.7484544,51.0438928],[3.7484545,51.0439647],[3.7482833,51.0439648],[3.7482833,51.0438929],[3.7484544,51.0438928]]]}},{"type":"Feature","properties":{"building":"house","height":11.0,"building:levels":4},"geometry":{"type":"Polygon","coordinates":[[[3.748283,51.0436592],[3.7482831,51.0437311],[3.748112,51.0437311],[3.7481119,51.0436592],[3.748283,51.0436592]]]}},{"type":"Feature","properties":{"building":"apartments","height":12.9,"building:levels":4},"geometry":{"type":"Polygon","coordinates":[[[3.7482832,51.0438929],[3.7482832,51.0439648],[3.7481121,51.0439648],[3.7481121,51.0438929],[3.7482832,51.0438929]]]}},{"type":"Feature","properties":{"building":"apartments","height":15.2,"building:levels":6},"geometry":{"type":"Polygon","coordinates":[[[3.7481118,51.0436592],[3.7481118,51.0437311],[3.7479407,51.0437311],[3.7479407,51.0436592],[3.7481118,51.0436592]]]}},{"type":"Feature","properties":{"building":"apartments","height":12.9,"building:levels":3},"geometry":{"type":"Polygon","coordinates":[[[3.7481119,51.0438929],[3.748112,51.0439648],[3.7479409,51.0439649],[3.7479408,51.0438929],[3.7481119,51.0438929]]]}},{"type":"Feature","properties":{"building":"apartments","height":15.5,"building:levels":4},"geometry":{"type":"Polygon","coordinates":[[[3.7479405,51.0436592],[3.7479406,51.0437311],[3.7477695,51.0437312],[3.7477694,51.0436593],[3.7479405,51.0436592]]]}},{"type":"Feature","properties":{"building":"apartments","height":15.2,"building:levels":4},"geometry":{"type":"Polygon","coordinates":[[[3.7479407,51.0438929],[3.7479407,51.0439649],[3.7477696,51.0439649],[3.7477696,51.043893],[3.7479407,51.0438929]]]}},{"type":"Feature","properties":{"building":"apartments","height":9.1,"building:levels":5},"geometry":{"type":"Polygon","coordinates":[[[3.7477693,51.0436593],[3.7477693,51.0437312],[3.7475982,51.0437312],[3.7475982,51.0436593],[3.7477693,51.0436593]]]}},{"type":"Feature","properties":{"building":"apartments","height":11.9,"building:levels":3},"geometry":{"type":"Polygon","coordinates":[[[3.7477694,51.043893],[3.7477695,51.0439649],[3.7475984,51.0439649],[3.7475983,51.043893],[3.7477694,51.043893]]]}},{"type":"Feature","properties":{"building":"apartments","height":11.2,"building:levels":5},"geometry":{"type":"Polygon","coordinates":[[[3.7475981,51.0436593],[3.7475981,51.0437312],[3.747427,51.0437313],[3.747427,51.0436594],[3.7475981,51.0436593]]]}},{"type":"Feature","properties":{"building":"house","height":12.4,"building:levels":4},"geometry":{"type":"Polygon","coordinates":[[[3.7475982,51.043893],[3.7475982,51.0439649],[3.7474271,51.043965],[3.7474271,51.0438931],[3.7475982,51.043893]]]}},{"type":"Feature","properties":{"building":"apartments","height":14.0,"building:levels":3},"geometry":{"type":"Polygon","coordinates":[[[3.7474268,51.0436594],[3.7474269,51.0437313],[3.7472558,51.0437313],[3.7472557,51.0436594],[3.7474268,51.0436594]]]}},{"type":"Feature","properties":{"building":"house","height":10.0,"building:levels":4},"geometry":{"type":"Polygon","coordinates":[[[3.747427,51.0438931],[3.747427,51.043965],[3.7472559,51.043965],[3.7472559,51.0438931],[3.747427,51.0438931]]]}},{"type":"Feature","properties":{"building":"apartments","height":9.6,"building:levels":4},"geometry":{"type":"Polygon","coordinates":[[[3.7472556,51.0436594],[3.7472556,51.0437313],[3.7470845,51.0437313],[3.7470845,51.0436594],[3.7472556,51.0436594]]]}},{"type":"Feature","properties":{"building":"house","height":16.0,"building:levels":4},"geometry":{"type":"Polygon","coordinates":[[[3.7472557,51.0438931],[3.7472558,51.043965],[3.7470847,51.0439651],[3.7470846,51.0438931],[3.7472557,51.0438931]]]}},{"type":"Feature","properties":{"building":"house","height":13.8,"building:levels":5},"geometry":{"type":"Polygon","coordinates":[[[3.7470843,51.0436594],[3.7470844,51.0437313],[3.7469133,51.0437314],[3.7469132,51.0436595],[3.7470843,51.0436594]]]}},{"type":"Feature","properties":{"building":"apartments","height":9.2,"building:levels":3},"geometry":{"type":"Polygon","coordinates":[[[3.7470845,51.0438931],[3.7470845,51.0439651],[3.7469134,51.0439651],[3.7469134,51.0438932],[3.7470845,51.0438931]]]}},{"type":"Feature","properties":{"building":"apartments","height":15.0,"building:levels":4},"geometry":{"type":"Polygon","coordinates":[[[3.7469131,51.0436595],[3.7469131,51.0437314],[3.746742,51.0437314],[3.746742,51.0436595],[3.7469131,51.0436595]]]}},{"type":"Feature","properties":{"building":"apartments","height":15.1,"building:levels":3},"geometry":{"type":"Polygon","coordinates":[[[3.7469132,51.0438932],[3.7469133,51.0439651],[3.7467422,51.0439651],[3.7467421,51.0438932],[3.7469132,51.0438932]]]}},{"type":"Feature","properties":{"building":"house","height":10.1,"building:levels":6},"geometry":{"type":"Polygon","coordinates":[[[3.7467419,51.0436595],[3.7467419,51.0437314],[3.7465708,51.0437315],[3.7465708,51.0436596],[3.7467419,51.0436595]]]}},{"type":"Feature","properties":{"building":"house","height":13.0,"building:levels":3},"geometry":{"type":"Polygon","coordinates":[[[3.746742,51.0438932],[3.746742,51.0439651],[3.7465709,51.0439652],[3.7465709,51.0438933],[3.746742,51.0438932]]]}},{"type":"Feature","properties":{"building":"house","height":11.2,"building:levels":6},"geometry":{"type":"Polygon","coordinates":[[[3.7465706,51.0436596],[3.7465707,51.0437315],[3.7463996,51.0437315],[3.7463995,51.0436596],[3.7465706,51.0436596]]]}},{"type":"Feature","properties":{"building":"house","height":16.1,"building:levels":6},"geometry":{"type":"Polygon","coordinates":[[[3.7465708,51.0438933],[3.7465708,51.0439652],[3.7463997,51.0439652],[3.7463996,51.0438933],[3.7465708,51.0438933]]]}},{"type":"Feature","properties":{"building":"house","height":9.8,"building:levels":3},"geometry":{"type":"Polygon","coordinates":[[[3.7463994,51.0436596],[3.7463994,51.0437315],[3.7462283,51.0437315],[3.7462283,51.0436596],[3.7463994,51.0436596]]]}},{"type":"Feature","properties":{"building":"apartments","height":11.3,"building:levels":4},"geometry":{"type":"Polygon","coordinates":[[[3.7463995,51.0438933],[3.7463996,51.0439652],[3.7462284,51.0439653],[3.7462284,51.0438933],[3.7463995,51.0438933]]]}},{"type":"Feature","properties":{"building":"house","height":17.9,"building:levels":6},"geometry":{"type":"Polygon","coordinates":[[[3.7462281,51.0436596],[3.7462282,51.0437315],[3.7460571,51.0437316],[3.746057,51.0436597],[3.7462281,51.0436596]]]}},{"type":"Feature","properties":{"building":"apartments","height":11.9,"building:levels":6},"geometry":{"type":"Polygon","coordinates":[[[3.7462283,51.0438933],[3.7462283,51.0439653],[3.7460572,51.0439653],[3.7460572,51.0438934],[3.7462283,51.0438933]]]}},{"type":"Feature","properties":{"building":"apartments","height":15.8,"building:levels":3},"geometry":{"type":"Polygon","coordinates":[[[3.7460569,51.0436597],[3.7460569,51.0437316],[3.7458858,51.0437316],[3.7458858,51.0436597],[3.7460569,51.0436597]]]}},{"type":"Feature","properties":{"building":"apartments","height":12.6,"building:levels":6},"geometry":{"type":"Polygon","coordinates":[[[3.746057,51.0438934],[3.7460571,51.0439653],[3.745886,51.0439653],[3.7458859,51.0438934],[3.746057,51.0438934]]]}},{"type":"Feature","properties":{"building":"apartments","height":14.6,"building:levels":6},"geometry":{"type":"Polygon","coordinates":[[[3.7458857,51.0436597],[3.7458857,51.0437316],[3.7457146,51.0437317],[3.7457146,51.0436597],[3.7458857,51.0436597]]]}},{"type":"Feature","properties":{"building":"apartments","height":15.1,"building:levels":5},"geometry":{"type":"Polygon","coordinates":[[[3.7458858,51.0438934],[3.7458858,51.0439653],[3.7457147,51.0439654],[3.7457147,51.0438935],[3.7458858,51.0438934]]]}},{"type":"Feature","properties":{"building":"house","height":12.7,"building:levels":4},"geometry":{"type":"Polygon","coordinates":[[[3.7457144,51.0436597],[3.7457145,51.0437317],[3.7455434,51.0437317],[3.7455433,51.0436598],[3.7457144,51.0436597]]]}},{"type":"Feature","properties":{"building":"house","height":17.4,"building:levels":5},"geometry":{"type":"Polygon","coordinates":[[[3.7457145,51.0438935],[3.7457146,51.0439654],[3.7455435,51.0439654],[3.7455434,51.0438935],[3.7457145,51.0438935]]]}},{"type":"Feature","properties":{"building":"apartments","height":12.9,"building:levels":5},"geometry":{"type":"Polygon","coordinates":[[[3.7455432,51.0436598],[3.7455432,51.0437317],[3.7453721,51.0437317],[3.7453721,51.0436598],[3.7455432,51.0436598]]]}},{"type":"Feature","properties":{"building":"apartments","height":9.1,"building:levels":3},"geometry":{"type":"Polygon","coordinates":[[[3.7455433,51.0438935],[3.7455433,51.0439654],[3.7453722,51.0439654],[3.7453722,51.0438935],[3.7455433,51.0438935]]]}},{"type":"Feature","properties":{"building":"apartments","height":14.0,"building:levels":6},"geometry":{"type":"Polygon","coordinates":[[[3.7453719,51.0436598],[3.745372,51.0437317],[3.7452009,51.0437318],[3.7452008,51.0436599],[3.7453719,51.0436598]]]}},{"type":"Feature","properties":{"building":"apartments","height":13.8,"building:levels":4},"geometry":{"type":"Polygon","coordinates":[[[3.7453721,51.0438935],[3.7453721,51.0439654],[3.745201,51.0439655],[3.745201,51.0438936],[3.7453721,51.0438935]]]}},{"type":"Feature","properties":{"building":"apartments","height":15.9,"building:levels":4},"geometry":{"type":"Polygon","coordinates":[[[3.7452007,51.0436599],[3.7452007,51.0437318],[3.7450296,51.0437318],[3.7450296,51.0436599],[3.7452007,51.0436599]]]}},{"type":"Feature","properties":{"building":"house","height":16.6,"building:levels":4},"geometry":{"type":"Polygon","coordinates":[[[3.7452008,51.0438936],[3.7452009,51.0439655],[3.7450298,51.0439655],[3.7450297,51.0438936],[3.7452008,51.0438936]]]}},{"type":"Feature","properties":{"building":"house","height":16.7,"building:levels":4},"geometry":{"type":"Polygon","coordinates":[[[3.7450295,51.0436599],[3.7450295,51.0437318],[3.7448584,51.0437318],[3.7448584,51.0436599],[3.7450295,51.0436599]]]}},{"type":"Feature","properties":{"building":"house","height":13.9,"building:levels":3},"geometry":{"type":"Polygon","coordinates":[[[3.7450296,51.0438936],[3.7450296,51.0439655],[3.7448585,51.0439656],[3.7448585,51.0438936],[3.7450296,51.0438936]]]}},{"type":"Feature","properties":{"building":"house","height":13.5,"building:levels":4},"geometry":{"type":"Polygon","coordinates":[[[3.7448582,51.0436599],[3.7448583,51.0437318],[3.7446871,51.0437319],[3.7446871,51.04366],[3.7448582,51.0436599]]]}},{"type":"Feature","properties":{"building":"apartments","height":14.8,"building:levels":5},"geometry":{"type":"Polygon","coordinates":[[[3.7448583,51.0438936],[3.7448584,51.0439656],[3.7446873,51.0439656],[3.7446872,51.0438937],[3.7448583,51.0438936]]]}},{"type":"Feature","properties":{"building":"apartments","height":16.3,"building:levels":3},"geometry":{"type":"Polygon","coordinates":[[[3.744687,51.04366],[3.744687,51.0437319],[3.7445159,51.0437319],[3.7445159,51.04366],[3.744687,51.04366]]]}},{"type":"Feature","properties":{"building":"apartments","height":11.2,"building:levels":5},"geometry":{"type":"Polygon","coordinates":[[[3.7446871,51.0438937],[3.7446871,51.0439656],[3.744516,51.0439656],[3.744516,51.0438937],[3.7446871,51.0438937]]]}},{"type":"Feature","properties":{"building":"apartments","height":17.9,"building:levels":6},"geometry":{"type":"Polygon","coordinates":[[[3.7445157,51.04366],[3.7445158,51.0437319],[3.7443447,51.043732],[3.7443446,51.04366],[3.7445157,51.04366]]]}},{"type":"Feature","properties":{"building":"house","height":11.9,"building:levels":6},"geometry":{"type":"Polygon","coordinates":[[[3.7445159,51.0438937],[3.7445159,51.0439656],[3.7443448,51.0439657],[3.7443448,51.0438938],[3.7445159,51.0438937]]]}},{"type":"Feature","properties":{"building":"apartments","height":11.0,"building:levels":6},"geometry":{"type":"Polygon","coordinates":[[[3.7443445,51.04366],[3.7443445,51.043732],[3.7441734,51.043732],[3.7441734,51.0436601],[3.7443445,51.04366]]]}},{"type":"Feature","properties":{"building":"house","height":10.6,"building:levels":4},"geometry":{"type":"Polygon","coordinates":[[[3.7443446,51.0438938],[3.7443447,51.0439657],[3.7441735,51.0439657],[3.7441735,51.0438938],[3.7443446,51.0438938]]]}},{"type":"Feature","properties":{"building":"apartments","height":15.1,"building:levels":3},"geometry":{"type":"Polygon","coordinates":[[[3.7441733,51.0436601],[3.7441733,51.043732],[3.7440022,51.043732],[3.7440021,51.0436601],[3.7441733,51.0436601]]]}},{"type":"Feature","properties":{"building":"apartments","height":13.3,"building:levels":5},"geometry":{"type":"Polygon","coordinates":[[[3.7441734,51.0438938],[3.7441734,51.0439657],[3.7440023,51.0439657],[3.7440023,51.0438938],[3.7441734,51.0438938]]]}},{"type":"Feature","properties":{"building":"house","height":9.4,"building:levels":3},"geometry":{"type":"Polygon","coordinates":[[[3.744002,51.0436601],[3.7440021,51.043732],[3.7438309,51.0437321],[3.7438309,51.0436601],[3.744002,51.0436601]]]}},{"type":"Feature","properties":{"building":"house","height":12.7,"building:levels":4},"geometry":{"type":"Polygon","coordinates":[[[3.7440021,51.0438938],[3.7440022,51.0439657],[3.7438311,51.0439658],[3.743831,51.0438939],[3.7440021,51.0438938]]]}},{"type":"Feature","properties":{"building":"house","height":16.8,"building:levels":4},"geometry":{"type":"Polygon","coordinates":[[[3.7438308,51.0436601],[3.7438308,51.0437321],[3.7436597,51.0437321],[3.7436597,51.0436602],[3.7438308,51.0436601]]]}},{"type":"Feature","properties":{"building":"apartments","height":12.6,"building:levels":3},"geometry":{"type":"Polygon","coordinates":[[[3.7438309,51.0438939],[3.7438309,51.0439658],[3.7436598,51.0439658],[3.7436598,51.0438939],[3.7438309,51.0438939]]]}},{"type":"Feature","properties":{"building":"apartments","height":14.2,"building:levels":4},"geometry":{"type":"Polygon","coordinates":[[[3.7436595,51.0436602],[3.7436596,51.0437321],[3.7434885,51.0437321],[3.7434884,51.0436602],[3.7436595,51.0436602]]]}},{"type":"Feature","properties":{"building":"apartments","height":12.0,"building:levels":6},"geometry":{"type":"Polygon","coordinates":[[[3.7436597,51.0438939],[3.7436597,51.0439658],[3.7434886,51.0439658],[3.7434885,51.0438939],[3.7436597,51.0438939]]]}},{"type":"Feature","properties":{"building":"apartments","height":16.4,"building:levels":3},"geometry":{"type":"Polygon","coordinates":[[[3.7434883,51.0436602],[3.7434883,51.0437321],[3.7433172,51.0437322],[3.7433172,51.0436602],[3.7434883,51.0436602]]]}},{"type":"Feature","properties":{"building":"house","height":10.7,"building:levels":4},"geometry":{"type":"Polygon","coordinates":[[[3.7434884,51.0438939],[3.7434884,51.0439658],[3.7433173,51.0439659],[3.7433173,51.043894],[3.7434884,51.0438939]]]}},{"type":"Feature","properties":{"building":"apartments","height":10.0,"building:levels":6},"geometry":{"type":"Polygon","coordinates":[[[3.7433171,51.0436602],[3.7433171,51.0437322],[3.743146,51.0437322],[3.7431459,51.0436603],[3.7433171,51.0436602]]]}},{"type":"Feature","properties":{"building":"apartments","height":12.2,"building:levels":3},"geometry":{"type":"Polygon","coordinates":[[[3.7433172,51.043894],[3.7433172,51.0439659],[3.7431461,51.0439659],[3.7431461,51.043894],[3.7433172,51.043894]]]}},{"type":"Feature","properties":{"building":"apartments","height":17.3,"building:levels":5},"geometry":{"type":"Polygon","coordinates":[[[3.7431458,51.0436603],[3.7431458,51.0437322],[3.7429747,51.0437322],[3.7429747,51.0436603],[3.7431458,51.0436603]]]}},{"type":"Feature","properties":{"building":"apartments","height":16.0,"building:levels":5},"geometry":{"type":"Polygon","coordinates":[[[3.7431459,51.043894],[3.743146,51.0439659],[3.7429749,51.0439659],[3.7429748,51.043894],[3.7431459,51.043894]]]}},{"type":"Feature","properties":{"building":"house","height":15.7,"building:levels":5},"geometry":{"type":"Polygon","coordinates":[[[3.7429746,51.0436603],[3.7429746,51.0437322],[3.7428035,51.0437323],[3.7428035,51.0436604],[3.7429746,51.0436603]]]}},{"type":"Feature","properties":{"building":"apartments","height":12.1,"building:levels":6},"geometry":{"type":"Polygon","coordinates":[[[3.7429747,51.043894],[3.7429747,51.0439659],[3.7428036,51.043966],[3.7428036,51.0438941],[3.7429747,51.043894]]]}},{"type":"Feature","properties":{"building":"house","height":13.0,"building:levels":3},"geometry":{"type":"Polygon","coordinates":[[[3.7428033,51.0436604],[3.7428034,51.0437323],[3.7426323,51.0437323],[3.7426322,51.0436604],[3.7428033,51.0436604]]]}},{"type":"Feature","properties":{"building":"apartments","height":11.1,"building:levels":5},"geometry":{"type":"Polygon","coordinates":[[[3.7428034,51.0438941],[3.7428035,51.043966],[3.7426324,51.043966],[3.7426323,51.0438941],[3.7428034,51.0438941]]]}},{"type":"Feature","properties":{"building":"apartments","height":11.4,"building:levels":4},"geometry":{"type":"Polygon","coordinates":[[[3.7426321,51.0436604],[3.7426321,51.0437323],[3.742461,51.0437323],[3.742461,51.0436604],[3.7426321,51.0436604]]]}},{"type":"Feature","properties":{"building":"apartments","height":9.2,"building:levels":6},"geometry":{"type":"Polygon","coordinates":[[[3.7426322,51.0438941],[3.7426322,51.043966],[3.7424611,51.043966],[3.7424611,51.0438941],[3.7426322,51.0438941]]]}},{"type":"Feature","properties":{"building":"apartments","height":9.9,"building:levels":4},"geometry":{"type":"Polygon","coordinates":[[[3.7424608,51.0436604],[3.7424609,51.0437323],[3.7422898,51.0437324],[3.7422897,51.0436605],[3.7424608,51.0436604]]]}},{"type":"Feature","properties":{"building":"apartments","height":13.9,"building:levels":3},"geometry":{"type":"Polygon","coordinates":[[[3.742461,51.0438941],[3.742461,51.043966],[3.7422899,51.0439661],[3.7422899,51.0438942],[3.742461,51.0438941]]]}},{"type":"Feature","properties":{"building":"apartments","height":12.1,"building:levels":4},"geometry":{"type":"Polygon","coordinates":[[[3.7422896,51.0436605],[3.7422896,51.0437324],[3.7421185,51.0437324],[3.7421185,51.0436605],[3.7422896,51.0436605]]]}},{"type":"Feature","properties":{"building":"apartments","height":11.6,"building:levels":4},"geometry":{"type":"Polygon","coordinates":[[[3.7422897,51.0438942],[3.7422898,51.0439661],[3.7421186,51.0439661],[3.7421186,51.0438942],[3.7422897,51.0438942]]]}},{"type":"Feature","properties":{"building":"apartments","height":14.8,"building:levels":4},"geometry":{"type":"Polygon","coordinates":[[[3.7421184,51.0436605],[3.7421184,51.0437324],[3.7419473,51.0437324],[3.7419473,51.0436605],[3.7421184,51.0436605]]]}},{"type":"Feature","properties":{"building":"apartments","height":14.3,"building:levels":3},"geometry":{"type":"Polygon","coordinates":[[[3.7421185,51.0438942],[3.7421185,51.0439661],[3.7419474,51.0439661],[3.7419474,51.0438942],[3.7421185,51.0438942]]]}},{"type":"Feature","properties":{"building":"apartments","height":9.7,"building:levels":3},"geometry":{"type":"Polygon","coordinates":[[[3.7419471,51.0436605],[3.7419472,51.0437324],[3.7417761,51.0437325],[3.741776,51.0436605],[3.7419471,51.0436605]]]}},{"type":"Feature","properties":{"building":"apartments","height":9.3,"building:levels":5},"geometry":{"type":"Polygon","coordinates":[[[3.7419472,51.0438942],[3.7419473,51.0439661],[3.7417762,51.0439662],[3.7417761,51.0438943],[3.7419472,51.0438942]]]}},{"type":"Feature","properties":{"building":"house","height":14.9,"building:levels":6},"geometry":{"type":"Polygon","coordinates":[[[3.7417759,51.0436605],[3.7417759,51.0437325],[3.7416048,51.0437325],[3.7416048,51.0436606],[3.7417759,51.0436605]]]}},{"type":"Feature","properties":{"building":"apartments","height":16.7,"building:levels":5},"geometry":{"type":"Polygon","coordinates":[[[3.741776,51.0438943],[3.741776,51.0439662],[3.7416049,51.0439662],[3.7416049,51.0438943],[3.741776,51.0438943]]]}},{"type":"Feature","properties":{"building":"apartments","height":10.7,"building:levels":5},"geometry":{"type":"Polygon","coordinates":[[[3.7416046,51.0436606],[3.7416047,51.0437325],[3.7414336,51.0437325],[3.7414335,51.0436606],[3.7416046,51.0436606]]]}},{"type":"Feature","properties":{"building":"apartments","height":13.6,"building:levels":4},"geometry":{"type":"Polygon","coordinates":[[[3.7416048,51.0438943],[3.7416048,51.0439662],[3.7414337,51.0439662],[3.7414336,51.0438943],[3.7416048,51.0438943]]]}},{"type":"Feature","properties":{"building":"apartments","height":13.1,"building:levels":3},"geometry":{"type":"Polygon","coordinates":[[[3.7414334,51.0436606],[3.7414334,51.0437325],[3.7412623,51.0437326],[3.7412623,51.0436606],[3.7414334,51.0436606]]]}},{"type":"Feature","properties":{"building":"apartments","height":15.2,"building:levels":5},"geometry":{"type":"Polygon","coordinates":[[[3.7414335,51.0438943],[3.7414335,51.0439662],[3.7412624,51.0439663],[3.7412624,51.0438944],[3.7414335,51.0438943]]]}},{"type":"Feature","properties":{"building":"house","height":16.9,"building:levels":6},"geometry":{"type":"Polygon","coordinates":[[[3.7412622,51.0436606],[3.7412622,51.0437326],[3.7410911,51.0437326],[3.7410911,51.0436607],[3.7412622,51.0436606]]]}},{"type":"Feature","properties":{"building":"apartments","height":16.1,"building:levels":6},"geometry":{"type":"Polygon","coordinates":[[[3.7412623,51.0438944],[3.7412623,51.0439663],[3.7410912,51.0439663],[3.7410912,51.0438944],[3.7412623,51.0438944]]]}},{"type":"Feature","properties":{"building":"apartments","height":17.4,"building:levels":5},"geometry":{"type":"Polygon","coordinates":[[[3.7410909,51.0436607],[3.741091,51.0437326],[3.7409199,51.0437326],[3.7409198,51.0436607],[3.7410909,51.0436607]]]}},{"type":"Feature","properties":{"building":"apartments","height":14.4,"building:levels":4},"geometry":{"type":"Polygon","coordinates":[[[3.741091,51.0438944],[3.7410911,51.0439663],[3.74092,51.0439663],[3.7409199,51.0438944],[3.741091,51.0438944]]]}},{"type":"Feature","properties":{"building":"apartments","height":10.9,"building:levels":6},"geometry":{"type":"Polygon","coordinates":[[[3.7409197,51.0436607],[3.7409197,51.0437326],[3.7407486,51.0437326],[3.7407486,51.0436607],[3.7409197,51.0436607]]]}},{"type":"Feature","properties":{"building":"apartments","height":12.2,"building:levels":4},"geometry":{"type":"Polygon","coordinates":[[[3.7409198,51.0438944],[3.7409198,51.0439663],[3.7407487,51.0439664],[3.7407487,51.0438944],[3.7409198,51.0438944]]]}},{"type":"Feature","properties":{"building":"apartments","height":9.5,"building:levels":3},"geometry":{"type":"Polygon","coordinates":[[[3.7407484,51.0436607],[3.7407485,51.0437326],[3.7405774,51.0437327],[3.7405773,51.0436608],[3.7407484,51.0436607]]]}},{"type":"Feature","properties":{"building":"apartments","height":12.8,"building:levels":5},"geometry":{"type":"Polygon","coordinates":[[[3.7407485,51.0438944],[3.7407486,51.0439664],[3.7405775,51.0439664],[3.7405774,51.0438945],[3.7407485,51.0438944]]]}},{"type":"Feature","properties":{"building":"apartments","height":11.7,"building:levels":6},"geometry":{"type":"Polygon","coordinates":[[[3.7405772,51.0436608],[3.7405772,51.0437327],[3.7404061,51.0437327],[3.7404061,51.0436608],[3.7405772,51.0436608]]]}},{"type":"Feature","properties":{"building":"apartments","height":10.3,"building:levels":4},"geometry":{"type":"Polygon","coordinates":[[[3.7405773,51.0438945],[3.7405773,51.0439664],[3.7404062,51.0439664],[3.7404062,51.0438945],[3.7405773,51.0438945]]]}},{"type":"Feature","properties":{"building":"apartments","height":15.6,"building:levels":5},"geometry":{"type":"Polygon","coordinates":[[[3.740406,51.0436608],[3.740406,51.0437327],[3.7402349,51.0437327],[3.7402349,51.0436608],[3.740406,51.0436608]]]}},{"type":"Feature","properties":{"building":"house","height":9.1,"building:levels":4},"geometry":{"type":"Polygon","coordinates":[[[3.7404061,51.0438945],[3.7404061,51.0439664],[3.740235,51.0439664],[3.740235,51.0438945],[3.7404061,51.0438945]]]}},{"type":"Feature","properties":{"building":"apartments","height":14.6,"building:levels":3},"geometry":{"type":"Polygon","coordinates":[[[3.7402347,51.0436608],[3.7402348,51.0437327],[3.7400636,51.0437328],[3.7400636,51.0436609],[3.7402347,51.0436608]]]}},{"type":"Feature","properties":{"building":"house","height":17.5,"building:levels":6},"geometry":{"type":"Polygon","coordinates":[[[3.7402348,51.0438945],[3.7402349,51.0439664],[3.7400637,51.0439665],[3.7400637,51.0438946],[3.7402348,51.0438945]]]}},{"type":"Feature","properties":{"building":"apartments","height":9.6,"building:levels":6},"geometry":{"type":"Polygon","coordinates":[[[3.7400635,51.0436609],[3.7400635,51.0437328],[3.7398924,51.0437328],[3.7398924,51.0436609],[3.7400635,51.0436609]]]}},{"type":"Feature","properties":{"building":"apartments","height":15.3,"building:levels":4},"geometry":{"type":"Polygon","coordinates":[[[3.7400636,51.0438946],[3.7400636,51.0439665],[3.7398925,51.0439665],[3.7398925,51.0438946],[3.7400636,51.0438946]]]}},{"type":"Feature","properties":{"building":"apartments","height":10.3,"building:levels":6},"geometry":{"type":"Polygon","coordinates":[[[3.7398922,51.0436609],[3.7398923,51.0437328],[3.7397212,51.0437328],[3.7397211,51.0436609],[3.7398922,51.0436609]]]}},{"type":"Feature","properties":{"building":"apartments","height":9.5,"building:levels":5},"geometry":{"type":"Polygon","coordinates":[[[3.7398923,51.0438946],[3.7398924,51.0439665],[3.7397213,51.0439665],[3.7397212,51.0438946],[3.7398923,51.0438946]]]}},{"type":"Feature","properties":{"building":"apartments","height":15.9,"building:levels":4},"geometry":{"type":"Polygon","coordinates":[[[3.739721,51.0436609],[3.739721,51.0437328],[3.7395499,51.0437329],[3.7395499,51.0436609],[3.739721,51.0436609]]]}},{"type":"Feature","properties":{"building":"house","height":17.3,"building:levels":4},"geometry":{"type":"Polygon","coordinates":[[[3.7397211,51.0438946],[3.7397211,51.0439665],[3.73955,51.0439666],[3.73955,51.0438947],[3.7397211,51.0438946]]]}},{"type":"Feature","properties":{"building":"house","height":14.1,"building:levels":5},"geometry":{"type":"Polygon","coordinates":[[[3.7395498,51.0436609],[3.7395498,51.0437329],[3.7393787,51.0437329],[3.7393787,51.043661],[3.7395498,51.0436609]]]}},{"type":"Feature","properties":{"building":"apartments","height":11.1,"building:levels":6},"geometry":{"type":"Polygon","coordinates":[[[3.7395499,51.0438947],[3.7395499,51.0439666],[3.7393788,51.0439666],[3.7393788,51.0438947],[3.7395499,51.0438947]]]}},{"type":"Feature","properties":{"building":"apartments","height":9.1,"building:levels":3},"geometry":{"type":"Polygon","coordinates":[[[3.7393785,51.043661],[3.7393786,51.0437329],[3.7392074,51.0437329],[3.7392074,51.043661],[3.7393785,51.043661]]]}},{"type":"Feature","properties":{"building":"house","height":12.6,"building:levels":4},"geometry":{"type":"Polygon","coordinates":[[[3.7393786,51.0438947],[3.7393786,51.0439666],[3.7392075,51.0439666],[3.7392075,51.0438947],[3.7393786,51.0438947]]]}},{"type":"Feature","properties":{"building":"apartments","height":15.8,"building:levels":4},"geometry":{"type":"Polygon","coordinates":[[[3.7392073,51.043661],[3.7392073,51.0437329],[3.7390362,51.0437329],[3.7390362,51.043661],[3.7392073,51.043661]]]}},{"type":"Feature","properties":{"building":"house","height":15.5,"building:levels":6},"geometry":{"type":"Polygon","coordinates":[[[3.7392074,51.0438947],[3.7392074,51.0439666],[3.7390363,51.0439666],[3.7390363,51.0438947],[3.7392074,51.0438947]]]}},{"type":"Feature","properties":{"building":"apartments","height":16.5,"building:levels":5},"geometry":{"type":"Polygon","coordinates":[[[3.739036,51.043661],[3.7390361,51.0437329],[3.738865,51.043733],[3.7388649,51.0436611],[3.739036,51.043661]]]}},{"type":"Feature","properties":{"building":"house","height":9.0,"building:levels":4},"geometry":{"type":"Polygon","coordinates":[[[3.7390361,51.0438947],[3.7390362,51.0439666],[3.7388651,51.0439667],[3.738865,51.0438948],[3.7390361,51.0438947]]]}},{"type":"Feature","properties":{"building":"house","height":11.5,"building:levels":3},"geometry":{"type":"Polygon","coordinates":[[[3.7388648,51.0436611],[3.7388648,51.043733],[3.7386937,51.043733],[3.7386937,51.0436611],[3.7388648,51.0436611]]]}},{"type":"Feature","properties":{"building":"house","height":13.5,"building:levels":3},"geometry":{"type":"Polygon","coordinates":[[[3.7388649,51.0438948],[3.7388649,51.0439667],[3.7386938,51.0439667],[3.7386938,51.0438948],[3.7388649,51.0438948]]]}},{"type":"Feature","properties":{"building":"apartments","height":16.0,"building:levels":4},"geometry":{"type":"Polygon","coordinates":[[[3.7386936,51.0436611],[3.7386936,51.043733],[3.7385225,51.043733],[3.7385225,51.0436611],[3.7386936,51.0436611]]]}},{"type":"Feature","properties":{"building":"apartments","height":9.5,"building:levels":3},"geometry":{"type":"Polygon","coordinates":[[[3.7386937,51.0438948],[3.7386937,51.0439667],[3.7385226,51.0439667],[3.7385225,51.0438948],[3.7386937,51.0438948]]]}},{"type":"Feature","properties":{"building":"house","height":16.8,"building:levels":3},"geometry":{"type":"Polygon","coordinates":[[[3.7385223,51.0436611],[3.7385223,51.043733],[3.7383512,51.043733],[3.7383512,51.0436611],[3.7385223,51.0436611]]]}},{"type":"Feature","properties":{"building":"apartments","height":13.5,"building:levels":4},"geometry":{"type":"Polygon","coordinates":[[[3.7385224,51.0438948],[3.7385224,51.0439667],[3.7383513,51.0439668],[3.7383513,51.0438948],[3.7385224,51.0438948]]]}},{"type":"Feature","properties":{"building":"house","height":11.5,"building:levels":6},"geometry":{"type":"Polygon","coordinates":[[[3.7383511,51.0436611],[3.7383511,51.043733],[3.73818,51.0437331],[3.73818,51.0436612],[3.7383511,51.0436611]]]}},{"type":"Feature","properties":{"building":"house","height":9.3,"building:levels":3},"geometry":{"type":"Polygon","coordinates":[[[3.7383512,51.0438948],[3.7383512,51.0439668],[3.7381801,51.0439668],[3.7381801,51.0438949],[3.7383512,51.0438948]]]}},{"type":"Feature","properties":{"building":"apartments","height":9.8,"building:levels":3},"geometry":{"type":"Polygon","coordinates":[[[3.7381798,51.0436612],[3.7381799,51.0437331],[3.7380088,51.0437331],[3.7380087,51.0436612],[3.7381798,51.0436612]]]}},{"type":"Feature","properties":{"building":"apartments","height":9.1,"building:levels":3},"geometry":{"type":"Polygon","coordinates":[[[3.7381799,51.0438949],[3.73818,51.0439668],[3.7380088,51.0439668],[3.7380088,51.0438949],[3.7381799,51.0438949]]]}},{"type":"Feature","properties":{"building":"house","height":10.2,"building:levels":5},"geometry":{"type":"Polygon","coordinates":[[[3.7380086,51.0436612],[3.7380086,51.0437331],[3.7378375,51.0437331],[3.7378375,51.0436612],[3.7380086,51.0436612]]]}},{"type":"Feature","properties":{"building":"apartments","height":15.2,"building:levels":5},"geometry":{"type":"Polygon","coordinates":[[[3.7380087,51.0438949],[3.7380087,51.0439668],[3.7378376,51.0439668],[3.7378376,51.0438949],[3.7380087,51.0438949]]]}},{"type":"Feature","properties":{"building":"house","height":11.9,"building:levels":6},"geometry":{"type":"Polygon","coordinates":[[[3.7378374,51.0436612],[3.7378374,51.0437331],[3.7376663,51.0437332],[3.7376662,51.0436612],[3.7378374,51.0436612]]]}},{"type":"Feature","properties":{"building":"house","height":15.2,"building:levels":3},"geometry":{"type":"Polygon","coordinates":[[[3.7378374,51.0438949],[3.7378375,51.0439668],[3.7376664,51.0439669],[3.7376663,51.043895],[3.7378374,51.0438949]]]}},{"type":"Feature","properties":{"building":"apartments","height":15.3,"building:levels":3},"geometry":{"type":"Polygon","coordinates":[[[3.7376661,51.0436612],[3.7376661,51.0437332],[3.737495,51.0437332],[3.737495,51.0436613],[3.7376661,51.0436612]]]}},{"type":"Feature","properties":{"building":"house","height":10.9,"building:levels":3},"geometry":{"type":"Polygon","coordinates":[[[3.7376662,51.043895],[3.7376662,51.0439669],[3.7374951,51.0439669],[3.7374951,51.043895],[3.7376662,51.043895]]]}},{"type":"Feature","properties":{"building":"house","height":10.6,"building:levels":3},"geometry":{"type":"Polygon","coordinates":[[[3.7374949,51.0436613],[3.7374949,51.0437332],[3.7373238,51.0437332],[3.7373238,51.0436613],[3.7374949,51.0436613]]]}},{"type":"Feature","properties":{"building":"apartments","height":16.8,"building:levels":5},"geometry":{"type":"Polygon","coordinates":[[[3.737495,51.043895],[3.737495,51.0439669],[3.7373239,51.0439669],[3.7373239,51.043895],[3.737495,51.043895]]]}},{"type":"Feature","properties":{"building":"house","height":10.1,"building:levels":4},"geometry":{"type":"Polygon","coordinates":[[[3.7373236,51.0436613],[3.7373237,51.0437332],[3.7371526,51.0437332],[3.7371525,51.0436613],[3.7373236,51.0436613]]]}},{"type":"Feature","properties":{"building":"house","height":12.2,"building:levels":3},"geometry":{"type":"Polygon","coordinates":[[[3.7373237,51.043895],[3.7373237,51.0439669],[3.7371526,51.0439669],[3.7371526,51.043895],[3.7373237,51.043895]]]}},{"type":"Feature","properties":{"building":"apartments","height":12.5,"building:levels":5},"geometry":{"type":"Polygon","coordinates":[[[3.7371524,51.0436613],[3.7371524,51.0437332],[3.7369813,51.0437333],[3.7369813,51.0436613],[3.7371524,51.0436613]]]}},{"type":"Feature","properties":{"building":"house","height":17.8,"building:levels":5},"geometry":{"type":"Polygon","coordinates":[[[3.7371525,51.043895],[3.7371525,51.0439669],[3.7369814,51.043967],[3.7369814,51.0438951],[3.7371525,51.043895]]]}},{"type":"Feature","properties":{"building":"house","height":13.2,"building:levels":5},"geometry":{"type":"Polygon","coordinates":[[[3.7369812,51.0436613],[3.7369812,51.0437333],[3.7368101,51.0437333],[3.73681,51.0436614],[3.7369812,51.0436613]]]}},{"type":"Feature","properties":{"building":"house","height":15.9,"building:levels":4},"geometry":{"type":"Polygon","coordinates":[[[3.7369812,51.0438951],[3.7369813,51.043967],[3.7368102,51.043967],[3.7368101,51.0438951],[3.7369812,51.0438951]]]}},{"type":"Feature","properties":{"building":"apartments","height":9.6,"building:levels":3},"geometry":{"type":"Polygon","coordinates":[[[3.7368099,51.0436614],[3.7368099,51.0437333],[3.7366388,51.0437333],[3.7366388,51.0436614],[3.7368099,51.0436614]]]}},{"type":"Feature","properties":{"building":"house","height":16.5,"building:levels":3},"geometry":{"type":"Polygon","coordinates":[[[3.73681,51.0438951],[3.73681,51.043967],[3.7366389,51.043967],[3.7366389,51.0438951],[3.73681,51.0438951]]]}},{"type":"Feature","properties":{"building":"house","height":12.5,"building:levels":6},"geometry":{"type":"Polygon","coordinates":[[[3.7366387,51.0436614],[3.7366387,51.0437333],[3.7364676,51.0437333],[3.7364676,51.0436614],[3.7366387,51.0436614]]]}},{"type":"Feature","properties":{"building":"house","height":16.9,"building:levels":3},"geometry":{"type":"Polygon","coordinates":[[[3.7366388,51.0438951],[3.7366388,51.043967],[3.7364677,51.043967],[3.7364676,51.0438951],[3.7366388,51.0438951]]]}},{"type":"Feature","properties":{"building":"apartments","height":9.2,"building:levels":3},"geometry":{"type":"Polygon","coordinates":[[[3.7364674,51.0436614],[3.7364675,51.0437333],[3.7362963,51.0437334],[3.7362963,51.0436614],[3.7364674,51.0436614]]]}},{"type":"Feature","properties":{"building":"apartments","height":16.6,"building:levels":4},"geometry":{"type":"Polygon","coordinates":[[[3.7364675,51.0438951],[3.7364675,51.043967],[3.7362964,51.0439671],[3.7362964,51.0438951],[3.7364675,51.0438951]]]}},{"type":"Feature","properties":{"building":"house","height":12.8,"building:levels":3},"geometry":{"type":"Polygon","coordinates":[[[3.7362962,51.0436614],[3.7362962,51.0437334],[3.7361251,51.0437334],[3.7361251,51.0436615],[3.7362962,51.0436614]]]}},{"type":"Feature","properties":{"building":"house","height":16.7,"building:levels":6},"geometry":{"type":"Polygon","coordinates":[[[3.7362963,51.0438951],[3.7362963,51.0439671],[3.7361252,51.0439671],[3.7361252,51.0438952],[3.7362963,51.0438951]]]}},{"type":"Feature","properties":{"building":"apartments","height":13.5,"building:levels":5},"geometry":{"type":"Polygon","coordinates":[[[3.736125,51.0436615],[3.736125,51.0437334],[3.7359539,51.0437334],[3.7359538,51.0436615],[3.736125,51.0436615]]]}},{"type":"Feature","properties":{"building":"apartments","height":16.0,"building:levels":5},"geometry":{"type":"Polygon","coordinates":[[[3.736125,51.0438952],[3.7361251,51.0439671],[3.7359539,51.0439671],[3.7359539,51.0438952],[3.736125,51.0438952]]]}},{"type":"Feature","properties":{"building":"apartments","height":13.8,"building:levels":3},"geometry":{"type":"Polygon","coordinates":[[[3.7359537,51.0436615],[3.7359537,51.0437334],[3.7357826,51.0437334],[3.7357826,51.0436615],[3.7359537,51.0436615]]]}},{"type":"Feature","properties":{"building":"apartments","height":12.8,"building:levels":4},"geometry":{"type":"Polygon","coordinates":[[[3.7359538,51.0438952],[3.7359538,51.0439671],[3.7357827,51.0439671],[3.7357827,51.0438952],[3.7359538,51.0438952]]]}},{"type":"Feature","properties":{"building":"apartments","height":14.3,"building:levels":5},"geometry":{"type":"Polygon","coordinates":[[[3.7357825,51.0436615],[3.7357825,51.0437334],[3.7356114,51.0437334],[3.7356114,51.0436615],[3.7357825,51.0436615]]]}},{"type":"Feature","properties":{"building":"apartments","height":15.8,"building:levels":4},"geometry":{"type":"Polygon","coordinates":[[[3.7357825,51.0438952],[3.7357826,51.0439671],[3.7356115,51.0439672],[3.7356114,51.0438952],[3.7357825,51.0438952]]]}},{"type":"Feature","properties":{"building":"apartments","height":12.9,"building:levels":3},"geometry":{"type":"Polygon","coordinates":[[[3.7356112,51.0436615],[3.7356113,51.0437334],[3.7354401,51.0437335],[3.7354401,51.0436616],[3.7356112,51.0436615]]]}},{"type":"Feature","properties":{"building":"apartments","height":14.7,"building:levels":5},"geometry":{"type":"Polygon","coordinates":[[[3.7356113,51.0438952],[3.7356113,51.0439672],[3.7354402,51.0439672],[3.7354402,51.0438953],[3.7356113,51.0438952]]]}},{"type":"Feature","properties":{"building":"house","height":17.7,"building:levels":3},"geometry":{"type":"Polygon","coordinates":[[[3.73544,51.0436616],[3.73544,51.0437335],[3.7352689,51.0437335],[3.7352689,51.0436616],[3.73544,51.0436616]]]}},{"type":"Feature","properties":{"building":"apartments","height":16.2,"building:levels":4},"geometry":{"type":"Polygon","coordinates":[[[3.7354401,51.0438953],[3.7354401,51.0439672],[3.735269,51.0439672],[3.735269,51.0438953],[3.7354401,51.0438953]]]}},{"type":"Feature","properties":{"building":"house","height":12.8,"building:levels":6},"geometry":{"type":"Polygon","coordinates":[[[3.7352687,51.0436616],[3.7352688,51.0437335],[3.7350977,51.0437335],[3.7350976,51.0436616],[3.7352687,51.0436616]]]}},{"type":"Feature","properties":{"building":"house","height":9.9,"building:levels":5},"geometry":{"type":"Polygon","coordinates":[[[3.7352688,51.0438953],[3.7352688,51.0439672],[3.7350977,51.0439672],[3.7350977,51.0438953],[3.7352688,51.0438953]]]}},{"type":"Feature","properties":{"building":"apartments","height":10.1,"building:levels":3},"geometry":{"type":"Polygon","coordinates":[[[3.7350975,51.0436616],[3.7350975,51.0437335],[3.7349264,51.0437335],[3.7349264,51.0436616],[3.7350975,51.0436616]]]}},{"type":"Feature","properties":{"building":"house","height":18.0,"building:levels":3},"geometry":{"type":"Polygon","coordinates":[[[3.7350976,51.0438953],[3.7350976,51.0439672],[3.7349265,51.0439672],[3.7349265,51.0438953],[3.7350976,51.0438953]]]}},{"type":"Feature","properties":{"building":"apartments","height":10.1,"building:levels":3},"geometry":{"type":"Polygon","coordinates":[[[3.7349263,51.0436616],[3.7349263,51.0437335],[3.7347552,51.0437336],[3.7347552,51.0436616],[3.7349263,51.0436616]]]}},{"type":"Feature","properties":{"building":"apartments","height":9.7,"building:levels":4},"geometry":{"type":"Polygon","coordinates":[[[3.7349263,51.0438953],[3.7349264,51.0439672],[3.7347553,51.0439673],[3.7347552,51.0438954],[3.7349263,51.0438953]]]}},{"type":"Feature","properties":{"building":"apartments","height":11.7,"building:levels":6},"geometry":{"type":"Polygon","coordinates":[[[3.734755,51.0436616],[3.734755,51.0437336],[3.7345839,51.0437336],[3.7345839,51.0436617],[3.734755,51.0436616]]]}},{"type":"Feature","properties":{"building":"apartments","height":13.9,"building:levels":3},"geometry":{"type":"Polygon","coordinates":[[[3.7347551,51.0438954],[3.7347551,51.0439673],[3.734584,51.0439673],[3.734584,51.0438954],[3.7347551,51.0438954]]]}},{"type":"Feature","properties":{"building":"apartments","height":10.7,"building:levels":6},"geometry":{"type":"Polygon","coordinates":[[[3.7345838,51.0436617],[3.7345838,51.0437336],[3.7344127,51.0437336],[3.7344127,51.0436617],[3.7345838,51.0436617]]]}},{"type":"Feature","properties":{"building":"house","height":11.6,"building:levels":6},"geometry":{"type":"Polygon","coordinates":[[[3.7345839,51.0438954],[3.7345839,51.0439673],[3.7344128,51.0439673],[3.7344128,51.0438954],[3.7345839,51.0438954]]]}},{"type":"Feature","properties":{"building":"apartments","height":10.3,"building:levels":4},"geometry":{"type":"Polygon","coordinates":[[[3.7344125,51.0436617],[3.7344126,51.0437336],[3.7342415,51.0437336],[3.7342414,51.0436617],[3.7344125,51.0436617]]]}},{"type":"Feature","properties":{"building":"apartments","height":9.5,"building:levels":4},"geometry":{"type":"Polygon","coordinates":[[[3.7344126,51.0438954],[3.7344126,51.0439673],[3.7342415,51.0439673],[3.7342415,51.0438954],[3.7344126,51.0438954]]]}},{"type":"Feature","properties":{"building":"apartments","height":10.4,"building:levels":6},"geometry":{"type":"Polygon","coordinates":[[[3.7342413,51.0436617],[3.7342413,51.0437336],[3.7340702,51.0437336],[3.7340702,51.0436617],[3.7342413,51.0436617]]]}},{"type":"Feature","properties":{"building":"apartments","height":14.2,"building:levels":5},"geometry":{"type":"Polygon","coordinates":[[[3.7342414,51.0438954],[3.7342414,51.0439673],[3.7340703,51.0439673],[3.7340703,51.0438954],[3.7342414,51.0438954]]]}},{"type":"Feature","properties":{"building":"house","height":17.4,"building:levels":3},"geometry":{"type":"Polygon","coordinates":[[[3.7340701,51.0436617],[3.7340701,51.0437336],[3.733899,51.0437337],[3.733899,51.0436617],[3.7340701,51.0436617]]]}},{"type":"Feature","properties":{"building":"apartments","height":10.6,"building:levels":6},"geometry":{"type":"Polygon","coordinates":[[[3.7340701,51.0438954],[3.7340702,51.0439673],[3.733899,51.0439674],[3.733899,51.0438955],[3.7340701,51.0438954]]]}},{"type":"Feature","properties":{"building":"apartments","height":16.6,"building:levels":6},"geometry":{"type":"Polygon","coordinates":[[[3.7338988,51.0436617],[3.7338988,51.0437337],[3.7337277,51.0437337],[3.7337277,51.0436618],[3.7338988,51.0436617]]]}},{"type":"Feature","properties":{"building":"house","height":13.6,"building:levels":5},"geometry":{"type":"Polygon","coordinates":[[[3.7338989,51.0438955],[3.7338989,51.0439674],[3.7337278,51.0439674],[3.7337278,51.0438955],[3.7338989,51.0438955]]]}},{"type":"Feature","properties":{"building":"apartments","height":13.9,"building:levels":4},"geometry":{"type":"Polygon","coordinates":[[[3.7337276,51.0436618],[3.7337276,51.0437337],[3.7335565,51.0437337],[3.7335565,51.0436618],[3.7337276,51.0436618]]]}},{"type":"Feature","properties":{"building":"apartments","height":16.2,"building:levels":3},"geometry":{"type":"Polygon","coordinates":[[[3.7337277,51.0438955],[3.7337277,51.0439674],[3.7335566,51.0439674],[3.7335565,51.0438955],[3.7337277,51.0438955]]]}},{"type":"Feature","properties":{"building":"apartments","height":12.6,"building:levels":5},"geometry":{"type":"Polygon","coordinates":[[[3.7335563,51.0436618],[3.7335564,51.0437337],[3.7333853,51.0437337],[3.7333852,51.0436618],[3.7335563,51.0436618]]]}},{"type":"Feature","properties":{"building":"apartments","height":12.2,"building:levels":6},"geometry":{"type":"Polygon","coordinates":[[[3.7335564,51.0438955],[3.7335564,51.0439674],[3.7333853,51.0439674],[3.7333853,51.0438955],[3.7335564,51.0438955]]]}},{"type":"Feature","properties":{"building":"apartments","height":11.4,"building:levels":5},"geometry":{"type":"Polygon","coordinates":[[[3.7333851,51.0436618],[3.7333851,51.0437337],[3.733214,51.0437337],[3.733214,51.0436618],[3.7333851,51.0436618]]]}},{"type":"Feature","properties":{"building":"apartments","height":16.3,"building:levels":3},"geometry":{"type":"Polygon","coordinates":[[[3.7333852,51.0438955],[3.7333852,51.0439674],[3.7332141,51.0439674],[3.7332141,51.0438955],[3.7333852,51.0438955]]]}},{"type":"Feature","properties":{"building":"house","height":16.2,"building:levels":5},"geometry":{"type":"Polygon","coordinates":[[[3.7332139,51.0436618],[3.7332139,51.0437337],[3.7330428,51.0437338],[3.7330428,51.0436618],[3.7332139,51.0436618]]]}},{"type":"Feature","properties":{"building":"house","height":13.9,"building:levels":4},"geometry":{"type":"Polygon","coordinates":[[[3.7332139,51.0438955],[3.7332139,51.0439674],[3.7330428,51.0439675],[3.7330428,51.0438956],[3.7332139,51.0438955]]]}},{"type":"Feature","properties":{"building":"apartments","height":10.2,"building:levels":6},"geometry":{"type":"Polygon","coordinates":[[[3.7330426,51.0436618],[3.7330426,51.0437338],[3.7328715,51.0437338],[3.7328715,51.0436619],[3.7330426,51.0436618]]]}},{"type":"Feature","properties":{"building":"house","height":13.7,"building:levels":3},"geometry":{"type":"Polygon","coordinates":[[[3.7330427,51.0438956],[3.7330427,51.0439675],[3.7328716,51.0439675],[3.7328716,51.0438956],[3.7330427,51.0438956]]]}},{"type":"Feature","properties":{"building":"apartments","height":17.0,"building:levels":6},"geometry":{"type":"Polygon","coordinates":[[[3.7328714,51.0436619],[3.7328714,51.0437338],[3.7327003,51.0437338],[3.7327003,51.0436619],[3.7328714,51.0436619]]]}},{"type":"Feature","properties":{"building":"house","height":12.4,"building:levels":5},"geometry":{"type":"Polygon","coordinates":[[[3.7328714,51.0438956],[3.7328715,51.0439675],[3.7327004,51.0439675],[3.7327003,51.0438956],[3.7328714,51.0438956]]]}},{"type":"Feature","properties":{"building":"apartments","height":14.5,"building:levels":6},"geometry":{"type":"Polygon","coordinates":[[[3.7327001,51.0436619],[3.7327002,51.0437338],[3.7325291,51.0437338],[3.732529,51.0436619],[3.7327001,51.0436619]]]}},{"type":"Feature","properties":{"building":"apartments","height":12.7,"building:levels":3},"geometry":{"type":"Polygon","coordinates":[[[3.7327002,51.0438956],[3.7327002,51.0439675],[3.7325291,51.0439675],[3.7325291,51.0438956],[3.7327002,51.0438956]]]}},{"type":"Feature","properties":{"building":"house","height":17.4,"building:levels":4},"geometry":{"type":"Polygon","coordinates":[[[3.7325289,51.0436619],[3.7325289,51.0437338],[3.7323578,51.0437338],[3.7323578,51.0436619],[3.7325289,51.0436619]]]}},{"type":"Feature","properties":{"building":"apartments","height":12.9,"building:levels":4},"geometry":{"type":"Polygon","coordinates":[[[3.732529,51.0438956],[3.732529,51.0439675],[3.7323579,51.0439675],[3.7323579,51.0438956],[3.732529,51.0438956]]]}},{"type":"Feature","properties":{"building":"house","height":13.8,"building:levels":4},"geometry":{"type":"Polygon","coordinates":[[[3.7323577,51.0436619],[3.7323577,51.0437338],[3.7321866,51.0437339],[3.7321866,51.0436619],[3.7323577,51.0436619]]]}},{"type":"Feature","properties":{"building":"apartments","height":10.1,"building:levels":3},"geometry":{"type":"Polygon","coordinates":[[[3.7323577,51.0438956],[3.7323577,51.0439675],[3.7321866,51.0439676],[3.7321866,51.0438957],[3.7323577,51.0438956]]]}},{"type":"Feature","properties":{"building":"apartments","height":15.8,"building:levels":3},"geometry":{"type":"Polygon","coordinates":[[[3.7321864,51.0436619],[3.7321864,51.0437339],[3.7320153,51.0437339],[3.7320153,51.043662],[3.7321864,51.0436619]]]}},{"type":"Feature","properties":{"building":"apartments","height":14.9,"building:levels":4},"geometry":{"type":"Polygon","coordinates":[[[3.7321865,51.0438957],[3.7321865,51.0439676],[3.7320154,51.0439676],[3.7320154,51.0438957],[3.7321865,51.0438957]]]}},{"type":"Feature","properties":{"building":"apartments","height":10.3,"building:levels":6},"geometry":{"type":"Polygon","coordinates":[[[3.7320152,51.043662],[3.7320152,51.0437339],[3.7318441,51.0437339],[3.7318441,51.043662],[3.7320152,51.043662]]]}},{"type":"Feature","properties":{"building":"apartments","height":11.9,"building:levels":5},"geometry":{"type":"Polygon","coordinates":[[[3.7320152,51.0438957],[3.7320153,51.0439676],[3.7318441,51.0439676],[3.7318441,51.0438957],[3.7320152,51.0438957]]]}},{"type":"Feature","properties":{"building":"apartments","height":15.8,"building:levels":5},"geometry":{"type":"Polygon","coordinates":[[[3.7318439,51.043662],[3.731844,51.0437339],[3.7316728,51.0437339],[3.7316728,51.043662],[3.7318439,51.043662]]]}},{"type":"Feature","properties":{"building":"apartments","height":10.1,"building:levels":4},"geometry":{"type":"Polygon","coordinates":[[[3.731844,51.0438957],[3.731844,51.0439676],[3.7316729,51.0439676],[3.7316729,51.0438957],[3.731844,51.0438957]]]}},{"type":"Feature","properties":{"building":"apartments","height":11.6,"building:levels":5},"geometry":{"type":"Polygon","coordinates":[[[3.7316727,51.043662],[3.7316727,51.0437339],[3.7315016,51.0437339],[3.7315016,51.043662],[3.7316727,51.043662]]]}},{"type":"Feature","properties":{"building":"house","height":11.1,"building:levels":4},"geometry":{"type":"Polygon","coordinates":[[[3.7316728,51.0438957],[3.7316728,51.0439676],[3.7315017,51.0439676],[3.7315016,51.0438957],[3.7316728,51.0438957]]]}},{"type":"Feature","properties":{"building":"apartments","height":11.8,"building:levels":3},"geometry":{"type":"Polygon","coordinates":[[[3.7315015,51.043662],[3.7315015,51.0437339],[3.7313304,51.0437339],[3.7313303,51.043662],[3.7315015,51.043662]]]}},{"type":"Feature","properties":{"building":"apartments","height":14.2,"building:levels":6},"geometry":{"type":"Polygon","coordinates":[[[3.7315015,51.0438957],[3.7315015,51.0439676],[3.7313304,51.0439676],[3.7313304,51.0438957],[3.7315015,51.0438957]]]}},{"type":"Feature","properties":{"building":"apartments","height":9.7,"building:levels":6},"geometry":{"type":"Polygon","coordinates":[[[3.7313302,51.043662],[3.7313302,51.0437339],[3.7311591,51.043734],[3.7311591,51.043662],[3.7313302,51.043662]]]}},{"type":"Feature","properties":{"building":"apartments","height":13.3,"building:levels":4},"geometry":{"type":"Polygon","coordinates":[[[3.7313303,51.0438957],[3.7313303,51.0439676],[3.7311592,51.0439677],[3.7311592,51.0438958],[3.7313303,51.0438957]]]}},{"type":"Feature","properties":{"building":"apartments","height":10.8,"building:levels":5},"geometry":{"type":"Polygon","coordinates":[[[3.731159,51.043662],[3.731159,51.043734],[3.7309879,51.043734],[3.7309879,51.0436621],[3.731159,51.043662]]]}},{"type":"Feature","properties":{"building":"apartments","height":12.3,"building:levels":4},"geometry":{"type":"Polygon","coordinates":[[[3.731159,51.0438958],[3.731159,51.0439677],[3.7309879,51.0439677],[3.7309879,51.0438958],[3.731159,51.0438958]]]}},{"type":"Feature","properties":{"building":"house","height":11.8,"building:levels":5},"geometry":{"type":"Polygon","coordinates":[[[3.7309877,51.0436621],[3.7309878,51.043734],[3.7308166,51.043734],[3.7308166,51.0436621],[3.7309877,51.0436621]]]}},{"type":"Feature","properties":{"building":"apartments","height":17.0,"building:levels":3},"geometry":{"type":"Polygon","coordinates":[[[3.7309878,51.0438958],[3.7309878,51.0439677],[3.7308167,51.0439677],[3.7308167,51.0438958],[3.7309878,51.0438958]]]}},{"type":"Feature","properties":{"building":"house","height":11.5,"building:levels":5},"geometry":{"type":"Polygon","coordinates":[[[3.7308165,51.0436621],[3.7308165,51.043734],[3.7306454,51.043734],[3.7306454,51.0436621],[3.7308165,51.0436621]]]}},{"type":"Feature","properties":{"building":"house","height":16.4,"building:levels":4},"geometry":{"type":"Polygon","coordinates":[[[3.7308165,51.0438958],[3.7308166,51.0439677],[3.7306455,51.0439677],[3.7306454,51.0438958],[3.7308165,51.0438958]]]}},{"type":"Feature","properties":{"building":"apartments","height":16.0,"building:levels":3},"geometry":{"type":"Polygon","coordinates":[[[3.7306453,51.0436621],[3.7306453,51.043734],[3.7304742,51.043734],[3.7304741,51.0436621],[3.7306453,51.0436621]]]}},{"type":"Feature","properties":{"building":"house","height":17.2,"building:levels":5},"geometry":{"type":"Polygon","coordinates":[[[3.7306453,51.0438958],[3.7306453,51.0439677],[3.7304742,51.0439677],[3.7304742,51.0438958],[3.7306453,51.0438958]]]}},{"type":"Feature","properties":{"building":"apartments","height":12.8,"building:levels":5},"geometry":{"type":"Polygon","coordinates":[[[3.730474,51.0436621],[3.730474,51.043734],[3.7303029,51.043734],[3.7303029,51.0436621],[3.730474,51.0436621]]]}},{"type":"Feature","properties":{"building":"apartments","height":12.3,"building:levels":3},"geometry":{"type":"Polygon","coordinates":[[[3.7304741,51.0438958],[3.7304741,51.0439677],[3.730303,51.0439677],[3.730303,51.0438958],[3.7304741,51.0438958]]]}},{"type":"Feature","properties":{"building":"apartments","height":17.5,"building:levels":3},"geometry":{"type":"Polygon","coordinates":[[[3.7303028,51.0436621],[3.7303028,51.043734],[3.7301317,51.043734],[3.7301317,51.0436621],[3.7303028,51.0436621]]]}},{"type":"Feature","properties":{"building":"apartments","height":11.7,"building:levels":5},"geometry":{"type":"Polygon","coordinates":[[[3.7303028,51.0438958],[3.7303028,51.0439677],[3.7301317,51.0439678],[3.7301317,51.0438958],[3.7303028,51.0438958]]]}},{"type":"Feature","properties":{"building":"house","height":16.5,"building:levels":6},"geometry":{"type":"Polygon","coordinates":[[[3.7301315,51.0436621],[3.7301315,51.043734],[3.7299604,51.0437341],[3.7299604,51.0436622],[3.7301315,51.0436621]]]}},{"type":"Feature","properties":{"building":"house","height":16.8,"building:levels":6},"geometry":{"type":"Polygon","coordinates":[[[3.7301316,51.0438958],[3.7301316,51.0439678],[3.7299605,51.0439678],[3.7299605,51.0438959],[3.7301316,51.0438958]]]}},{"type":"Feature","properties":{"building":"apartments","height":14.6,"building:levels":5},"geometry":{"type":"Polygon","coordinates":[[[3.7299603,51.0436622],[3.7299603,51.0437341],[3.7297892,51.0437341],[3.7297892,51.0436622],[3.7299603,51.0436622]]]}},{"type":"Feature","properties":{"building":"house","height":14.6,"building:levels":5},"geometry":{"type":"Polygon","coordinates":[[[3.7299603,51.0438959],[3.7299604,51.0439678],[3.7297892,51.0439678],[3.7297892,51.0438959],[3.7299603,51.0438959]]]}},{"type":"Feature","properties":{"building":"apartments","height":9.8,"building:levels":5},"geometry":{"type":"Polygon","coordinates":[[[3.7297891,51.0436622],[3.7297891,51.0437341],[3.729618,51.0437341],[3.7296179,51.0436622],[3.7297891,51.0436622]]]}},{"type":"Feature","properties":{"building":"apartments","height":16.7,"building:levels":5},"geometry":{"type":"Polygon","coordinates":[[[3.7297891,51.0438959],[3.7297891,51.0439678],[3.729618,51.0439678],[3.729618,51.0438959],[3.7297891,51.0438959]]]}},{"type":"Feature","properties":{"building":"house","height":17.4,"building:levels":5},"geometry":{"type":"Polygon","coordinates":[[[3.7296178,51.0436622],[3.7296178,51.0437341],[3.7294467,51.0437341],[3.7294467,51.0436622],[3.7296178,51.0436622]]]}},{"type":"Feature","properties":{"building":"house","height":12.3,"building:levels":6},"geometry":{"type":"Polygon","coordinates":[[[3.7296179,51.0438959],[3.7296179,51.0439678],[3.7294468,51.0439678],[3.7294468,51.0438959],[3.7296179,51.0438959]]]}},{"type":"Feature","properties":{"building":"house","height":10.8,"building:levels":5},"geometry":{"type":"Polygon","coordinates":[[[3.7294466,51.0436622],[3.7294466,51.0437341],[3.7292755,51.0437341],[3.7292755,51.0436622],[3.7294466,51.0436622]]]}},{"type":"Feature","properties":{"building":"apartments","height":11.0,"building:levels":6},"geometry":{"type":"Polygon","coordinates":[[[3.7294466,51.0438959],[3.7294466,51.0439678],[3.7292755,51.0439678],[3.7292755,51.0438959],[3.7294466,51.0438959]]]}},{"type":"Feature","properties":{"building":"apartments","height":9.6,"building:levels":5},"geometry":{"type":"Polygon","coordinates":[[[3.7292753,51.0436622],[3.7292753,51.0437341],[3.7291042,51.0437341],[3.7291042,51.0436622],[3.7292753,51.0436622]]]}},{"type":"Feature","properties":{"building":"house","height":15.3,"building:levels":4},"geometry":{"type":"Polygon","coordinates":[[[3.7292754,51.0438959],[3.7292754,51.0439678],[3.7291043,51.0439678],[3.7291043,51.0438959],[3.7292754,51.0438959]]]}},{"type":"Feature","properties":{"building":"apartments","height":9.2,"building:levels":4},"geometry":{"type":"Polygon","coordinates":[[[3.7291041,51.0436622],[3.7291041,51.0437341],[3.728933,51.0437341],[3.728933,51.0436622],[3.7291041,51.0436622]]]}},{"type":"Feature","properties":{"building":"apartments","height":9.7,"building:levels":5},"geometry":{"type":"Polygon","coordinates":[[[3.7291041,51.0438959],[3.7291041,51.0439678],[3.728933,51.0439679],[3.728933,51.0438959],[3.7291041,51.0438959]]]}},{"type":"Feature","properties":{"building":"apartments","height":17.4,"building:levels":3},"geometry":{"type":"Polygon","coordinates":[[[3.7289328,51.0436622],[3.7289329,51.0437341],[3.7287618,51.0437342],[3.7287617,51.0436622],[3.7289328,51.0436622]]]}},{"type":"Feature","properties":{"building":"apartments","height":13.8,"building:levels":3},"geometry":{"type":"Polygon","coordinates":[[[3.7289329,51.0438959],[3.7289329,51.0439679],[3.7287618,51.0439679],[3.7287618,51.043896],[3.7289329,51.0438959]]]}},{"type":"Feature","properties":{"building":"house","height":14.4,"building:levels":5},"geometry":{"type":"Polygon","coordinates":[[[3.7287616,51.0436622],[3.7287616,51.0437342],[3.7285905,51.0437342],[3.7285905,51.0436623],[3.7287616,51.0436622]]]}},{"type":"Feature","properties":{"building":"house","height":9.7,"building:levels":6},"geometry":{"type":"Polygon","coordinates":[[[3.7287617,51.043896],[3.7287617,51.0439679],[3.7285906,51.0439679],[3.7285905,51.043896],[3.7287617,51.043896]]]}},{"type":"Feature","properties":{"building":"house","height":9.3,"building:levels":4},"geometry":{"type":"Polygon","coordinates":[[[3.7285904,51.0436623],[3.7285904,51.0437342],[3.7284193,51.0437342],[3.7284193,51.0436623],[3.7285904,51.0436623]]]}},{"type":"Feature","properties":{"building":"apartments","height":11.4,"building:levels":4},"geometry":{"type":"Polygon","coordinates":[[[3.7285904,51.043896],[3.7285904,51.0439679],[3.7284193,51.0439679],[3.7284193,51.043896],[3.7285904,51.043896]]]}},{"type":"Feature","properties":{"building":"house","height":16.9,"building:levels":5},"geometry":{"type":"Polygon","coordinates":[[[3.7284191,51.0436623],[3.7284191,51.0437342],[3.728248,51.0437342],[3.728248,51.0436623],[3.7284191,51.0436623]]]}},{"type":"Feature","properties":{"building":"apartments","height":14.9,"building:levels":5},"geometry":{"type":"Polygon","coordinates":[[[3.7284192,51.043896],[3.7284192,51.0439679],[3.7282481,51.0439679],[3.7282481,51.043896],[3.7284192,51.043896]]]}},{"type":"Feature","properties":{"building":"apartments","height":10.7,"building:levels":6},"geometry":{"type":"Polygon","coordinates":[[[3.7282479,51.0436623],[3.7282479,51.0437342],[3.7280768,51.0437342],[3.7280768,51.0436623],[3.7282479,51.0436623]]]}},{"type":"Feature","properties":{"building":"house","height":15.5,"building:levels":6},"geometry":{"type":"Polygon","coordinates":[[[3.7282479,51.043896],[3.7282479,51.0439679],[3.7280768,51.0439679],[3.7280768,51.043896],[3.7282479,51.043896]]]}},{"type":"Feature","properties":{"building":"apartments","height":16.7,"building:levels":4},"geometry":{"type":"Polygon","coordinates":[[[3.7280766,51.0436623],[3.7280767,51.0437342],[3.7279056,51.0437342],[3.7279055,51.0436623],[3.7280766,51.0436623]]]}},{"type":"Feature","properties":{"building":"house","height":16.3,"building:levels":3},"geometry":{"type":"Polygon","coordinates":[[[3.7280767,51.043896],[3.7280767,51.0439679],[3.7279056,51.0439679],[3.7279056,51.043896],[3.7280767,51.043896]]]}},{"type":"Feature","properties":{"building":"apartments","height":13.3,"building:levels":4},"geometry":{"type":"Polygon","coordinates":[[[3.7279054,51.0436623],[3.7279054,51.0437342],[3.7277343,51.0437342],[3.7277343,51.0436623],[3.7279054,51.0436623]]]}},{"type":"Feature","properties":{"building":"apartments","height":14.6,"building:levels":3},"geometry":{"type":"Polygon","coordinates":[[[3.7279054,51.043896],[3.7279055,51.0439679],[3.7277343,51.0439679],[3.7277343,51.043896],[3.7279054,51.043896]]]}},{"type":"Feature","properties":{"building":"apartments","height":16.6,"building:levels":5},"geometry":{"type":"Polygon","coordinates":[[[3.7277342,51.0436623],[3.7277342,51.0437342],[3.7275631,51.0437342],[3.7275631,51.0436623],[3.7277342,51.0436623]]]}},{"type":"Feature","properties":{"building":"house","height":10.5,"building:levels":3},"geometry":{"type":"Polygon","coordinates":[[[3.7277342,51.043896],[3.7277342,51.0439679],[3.7275631,51.043968],[3.7275631,51.043896],[3.7277342,51.043896]]]}},{"type":"Feature","properties":{"building":"house","height":11.3,"building:levels":6},"geometry":{"type":"Polygon","coordinates":[[[3.7275629,51.0436623],[3.7275629,51.0437342],[3.7273918,51.0437343],[3.7273918,51.0436623],[3.7275629,51.0436623]]]}},{"type":"Feature","properties":{"building":"house","height":16.4,"building:levels":6},"geometry":{"type":"Polygon","coordinates":[[[3.727563,51.043896],[3.727563,51.043968],[3.7273919,51.043968],[3.7273919,51.0438961],[3.727563,51.043896]]]}},{"type":"Feature","properties":{"building":"house","height":13.2,"building:levels":6},"geometry":{"type":"Polygon","coordinates":[[[3.7273917,51.0436623],[3.7273917,51.0437343],[3.7272206,51.0437343],[3.7272206,51.0436624],[3.7273917,51.0436623]]]}},{"type":"Feature","properties":{"building":"house","height":11.7,"building:levels":4},"geometry":{"type":"Polygon","coordinates":[[[3.7273917,51.0438961],[3.7273917,51.043968],[3.7272206,51.043968],[3.7272206,51.0438961],[3.7273917,51.0438961]]]}},{"type":"Feature","properties":{"building":"apartments","height":16.8,"building:levels":3},"geometry":{"type":"Polygon","coordinates":[[[3.7272204,51.0436624],[3.7272205,51.0437343],[3.7270493,51.0437343],[3.7270493,51.0436624],[3.7272204,51.0436624]]]}},{"type":"Feature","properties":{"building":"apartments","height":10.3,"building:levels":6},"geometry":{"type":"Polygon","coordinates":[[[3.7272205,51.0438961],[3.7272205,51.043968],[3.7270494,51.043968],[3.7270494,51.0438961],[3.7272205,51.0438961]]]}},{"type":"Feature","properties":{"building":"apartments","height":15.7,"building:levels":6},"geometry":{"type":"Polygon","coordinates":[[[3.7270492,51.0436624],[3.7270492,51.0437343],[3.7268781,51.0437343],[3.7268781,51.0436624],[3.7270492,51.0436624]]]}},{"type":"Feature","properties":{"building":"house","height":11.7,"building:levels":5},"geometry":{"type":"Polygon","coordinates":[[[3.7270492,51.0438961],[3.7270492,51.043968],[3.7268781,51.043968],[3.7268781,51.0438961],[3.7270492,51.0438961]]]}},{"type":"Feature","properties":{"building":"apartments","height":17.4,"building:levels":4},"geometry":{"type":"Polygon","coordinates":[[[3.726878,51.0436624],[3.726878,51.0437343],[3.7267069,51.0437343],[3.7267069,51.0436624],[3.726878,51.0436624]]]}},{"type":"Feature","properties":{"building":"apartments","height":11.8,"building:levels":4},"geometry":{"type":"Polygon","coordinates":[[[3.726878,51.0438961],[3.726878,51.043968],[3.7267069,51.043968],[3.7267069,51.0438961],[3.726878,51.0438961]]]}},{"type":"Feature","properties":{"building":"house","height":10.4,"building:levels":6},"geometry":{"type":"Polygon","coordinates":[[[3.7267067,51.0436624],[3.7267067,51.0437343],[3.7265356,51.0437343],[3.7265356,51.0436624],[3.7267067,51.0436624]]]}},{"type":"Feature","properties":{"building":"apartments","height":9.5,"building:levels":3},"geometry":{"type":"Polygon","coordinates":[[[3.7267068,51.0438961],[3.7267068,51.043968],[3.7265357,51.043968],[3.7265356,51.0438961],[3.7267068,51.0438961]]]}},{"type":"Feature","properties":{"building":"apartments","height":14.9,"building:levels":3},"geometry":{"type":"Polygon","coordinates":[[[3.7265355,51.0436624],[3.7265355,51.0437343],[3.7263644,51.0437343],[3.7263644,51.0436624],[3.7265355,51.0436624]]]}},{"type":"Feature","properties":{"building":"house","height":11.8,"building:levels":4},"geometry":{"type":"Polygon","coordinates":[[[3.7265355,51.0438961],[3.7265355,51.043968],[3.7263644,51.043968],[3.7263644,51.0438961],[3.7265355,51.0438961]]]}},{"type":"Feature","properties":{"building":"apartments","height":12.7,"building:levels":6},"geometry":{"type":"Polygon","coordinates":[[[3.7263642,51.0436624],[3.7263642,51.0437343],[3.7261931,51.0437343],[3.7261931,51.0436624],[3.7263642,51.0436624]]]}},{"type":"Feature","properties":{"building":"house","height":17.2,"building:levels":5},"geometry":{"type":"Polygon","coordinates":[[[3.7263643,51.0438961],[3.7263643,51.043968],[3.7261932,51.043968],[3.7261932,51.0438961],[3.7263643,51.0438961]]]}},{"type":"Feature","properties":{"building":"house","height":14.9,"building:levels":6},"geometry":{"type":"Polygon","coordinates":[[[3.726193,51.0436624],[3.726193,51.0437343],[3.7260219,51.0437343],[3.7260219,51.0436624],[3.726193,51.0436624]]]}},{"type":"Feature","properties":{"building":"house","height":14.1,"building:levels":3},"geometry":{"type":"Polygon","coordinates":[[[3.726193,51.0438961],[3.726193,51.043968],[3.7260219,51.043968],[3.7260219,51.0438961],[3.726193,51.0438961]]]}},{"type":"Feature","properties":{"building":"apartments","height":16.3,"building:levels":5},"geometry":{"type":"Polygon","coordinates":[[[3.7260218,51.0436624],[3.7260218,51.0437343],[3.7258507,51.0437343],[3.7258507,51.0436624],[3.7260218,51.0436624]]]}},{"type":"Feature","properties":{"building":"house","height":17.1,"building:levels":5},"geometry":{"type":"Polygon","coordinates":[[[3.7260218,51.0438961],[3.7260218,51.043968],[3.7258507,51.043968],[3.7258507,51.0438961],[3.7260218,51.0438961]]]}},{"type":"Feature","properties":{"building":"apartments","height":13.9,"building:levels":3},"geometry":{"type":"Polygon","coordinates":[[[3.7258505,51.0436624],[3.7258505,51.0437343],[3.7256794,51.0437343],[3.7256794,51.0436624],[3.7258505,51.0436624]]]}},{"type":"Feature","properties":{"building":"apartments","height":13.2,"building:levels":4},"geometry":{"type":"Polygon","coordinates":[[[3.7258505,51.0438961],[3.7258506,51.043968],[3.7256794,51.0439681],[3.7256794,51.0438961],[3.7258505,51.0438961]]]}},{"type":"Feature","properties":{"building":"house","height":17.7,"building:levels":5},"geometry":{"type":"Polygon","coordinates":[[[3.7256793,51.0436624],[3.7256793,51.0437343],[3.7255082,51.0437344],[3.7255082,51.0436624],[3.7256793,51.0436624]]]}},{"type":"Feature","properties":{"building":"apartments","height":10.1,"building:levels":4},"geometry":{"type":"Polygon","coordinates":[[[3.7256793,51.0438961],[3.7256793,51.0439681],[3.7255082,51.0439681],[3.7255082,51.0438962],[3.7256793,51.0438961]]]}},{"type":"Feature","properties":{"building":"house","height":10.1,"building:levels":5},"geometry":{"type":"Polygon","coordinates":[[[3.725508,51.0436624],[3.725508,51.0437344],[3.7253369,51.0437344],[3.7253369,51.0436625],[3.725508,51.0436624]]]}},{"type":"Feature","properties":{"building":"house","height":10.7,"building:levels":6},"geometry":{"type":"Polygon","coordinates":[[[3.7255081,51.0438962],[3.7255081,51.0439681],[3.725337,51.0439681],[3.725337,51.0438962],[3.7255081,51.0438962]]]}},{"type":"Feature","properties":{"building":"house","height":16.7,"building:levels":3},"geometry":{"type":"Polygon","coordinates":[[[3.7253368,51.0436625],[3.7253368,51.0437344],[3.7251657,51.0437344],[3.7251657,51.0436625],[3.7253368,51.0436625]]]}},{"type":"Feature","properties":{"building":"house","height":13.3,"building:levels":4},"geometry":{"type":"Polygon","coordinates":[[[3.7253368,51.0438962],[3.7253368,51.0439681],[3.7251657,51.0439681],[3.7251657,51.0438962],[3.7253368,51.0438962]]]}},{"type":"Feature","properties":{"building":"house","height":9.3,"building:levels":6},"geometry":{"type":"Polygon","coordinates":[[[3.7251656,51.0436625],[3.7251656,51.0437344],[3.7249945,51.0437344],[3.7249944,51.0436625],[3.7251656,51.0436625]]]}},{"type":"Feature","properties":{"building":"apartments","height":9.1,"building:levels":6},"geometry":{"type":"Polygon","coordinates":[[[3.7251656,51.0438962],[3.7251656,51.0439681],[3.7249945,51.0439681],[3.7249945,51.0438962],[3.7251656,51.0438962]]]}},{"type":"Feature","properties":{"building":"apartments","height":13.7,"building:levels":3},"geometry":{"type":"Polygon","coordinates":[[[3.7249943,51.0436625],[3.7249943,51.0437344],[3.7248232,51.0437344],[3.7248232,51.0436625],[3.7249943,51.0436625]]]}},{"type":"Feature","properties":{"building":"house","height":17.2,"building:levels":4},"geometry":{"type":"Polygon","coordinates":[[[3.7249943,51.0438962],[3.7249943,51.0439681],[3.7248232,51.0439681],[3.7248232,51.0438962],[3.7249943,51.0438962]]]}},{"type":"Feature","properties":{"building":"house","height":13.0,"building:levels":4},"geometry":{"type":"Polygon","coordinates":[[[3.7248231,51.0436625],[3.7248231,51.0437344],[3.724652,51.0437344],[3.724652,51.0436625],[3.7248231,51.0436625]]]}},{"type":"Feature","properties":{"building":"apartments","height":17.4,"building:levels":3},"geometry":{"type":"Polygon","coordinates":[[[3.7248231,51.0438962],[3.7248231,51.0439681],[3.724652,51.0439681],[3.724652,51.0438962],[3.7248231,51.0438962]]]}},{"type":"Feature","properties":{"building":"house","height":16.2,"building:levels":4},"geometry":{"type":"Polygon","coordinates":[[[3.7246518,51.0436625],[3.7246518,51.0437344],[3.7244807,51.0437344],[3.7244807,51.0436625],[3.7246518,51.0436625]]]}},{"type":"Feature","properties":{"building":"apartments","height":11.1,"building:levels":5},"geometry":{"type":"Polygon","coordinates":[[[3.7246519,51.0438962],[3.7246519,51.0439681],[3.7244808,51.0439681],[3.7244807,51.0438962],[3.7246519,51.0438962]]]}},{"type":"Feature","properties":{"building":"house","height":14.6,"building:levels":6},"geometry":{"type":"Polygon","coordinates":[[[3.7244806,51.0436625],[3.7244806,51.0437344],[3.7243095,51.0437344],[3.7243095,51.0436625],[3.7244806,51.0436625]]]}},{"type":"Feature","properties":{"building":"house","height":14.2,"building:levels":4},"geometry":{"type":"Polygon","coordinates":[[[3.7244806,51.0438962],[3.7244806,51.0439681],[3.7243095,51.0439681],[3.7243095,51.0438962],[3.7244806,51.0438962]]]}},{"type":"Feature","properties":{"building":"house","height":12.8,"building:levels":3},"geometry":{"type":"Polygon","coordinates":[[[3.7243094,51.0436625],[3.7243094,51.0437344],[3.7241383,51.0437344],[3.7241382,51.0436625],[3.7243094,51.0436625]]]}},{"type":"Feature","properties":{"building":"apartments","height":10.8,"building:levels":4},"geometry":{"type":"Polygon","coordinates":[[[3.7243094,51.0438962],[3.7243094,51.0439681],[3.7241383,51.0439681],[3.7241383,51.0438962],[3.7243094,51.0438962]]]}},{"type":"Feature","properties":{"building":"apartments","height":11.0,"building:levels":3},"geometry":{"type":"Polygon","coordinates":[[[3.7241381,51.0436625],[3.7241381,51.0437344],[3.723967,51.0437344],[3.723967,51.0436625],[3.7241381,51.0436625]]]}},{"type":"Feature","properties":{"building":"apartments","height":9.5,"building:levels":5},"geometry":{"type":"Polygon","coordinates":[[[3.7241381,51.0438962],[3.7241381,51.0439681],[3.723967,51.0439681],[3.723967,51.0438962],[3.7241381,51.0438962]]]}},{"type":"Feature","properties":{"building":"apartments","height":12.0,"building:levels":4},"geometry":{"type":"Polygon","coordinates":[[[3.7239669,51.0436625],[3.7239669,51.0437344],[3.7237958,51.0437344],[3.7237958,51.0436625],[3.7239669,51.0436625]]]}},{"type":"Feature","properties":{"building":"house","height":13.9,"building:levels":5},"geometry":{"type":"Polygon","coordinates":[[[3.7239669,51.0438962],[3.7239669,51.0439681],[3.7237958,51.0439681],[3.7237958,51.0438962],[3.7239669,51.0438962]]]}},{"type":"Feature","properties":{"building":"apartments","height":10.2,"building:levels":5},"geometry":{"type":"Polygon","coordinates":[[[3.7237956,51.0436625],[3.7237956,51.0437344],[3.7236245,51.0437344],[3.7236245,51.0436625],[3.7237956,51.0436625]]]}},{"type":"Feature","properties":{"building":"apartments","height":13.8,"building:levels":3},"geometry":{"type":"Polygon","coordinates":[[[3.7237957,51.0438962],[3.7237957,51.0439681],[3.7236245,51.0439681],[3.7236245,51.0438962],[3.7237957,51.0438962]]]}},{"type":"Feature","properties":{"building":"apartments","height":10.6,"building:levels":5},"geometry":{"type":"Polygon","coordinates":[[[3.7236244,51.0436625],[3.7236244,51.0437344],[3.7234533,51.0437344],[3.7234533,51.0436625],[3.7236244,51.0436625]]]}},{"type":"Feature","properties":{"building":"apartments","height":14.7,"building:levels":4},"geometry":{"type":"Polygon","coordinates":[[[3.7236244,51.0438962],[3.7236244,51.0439681],[3.7234533,51.0439681],[3.7234533,51.0438962],[3.7236244,51.0438962]]]}},{"type":"Feature","properties":{"building":"house","height":10.2,"building:levels":6},"geometry":{"type":"Polygon","coordinates":[[[3.7234531,51.0436625],[3.7234532,51.0437344],[3.723282,51.0437344],[3.723282,51.0436625],[3.7234531,51.0436625]]]}},{"type":"Feature","properties":{"building":"apartments","height":17.9,"building:levels":6},"geometry":{"type":"Polygon","coordinates":[[[3.7234532,51.0438962],[3.7234532,51.0439681],[3.7232821,51.0439682],[3.7232821,51.0438962],[3.7234532,51.0438962]]]}},{"type":"Feature","properties":{"building":"apartments","height":9.2,"building:levels":4},"geometry":{"type":"Polygon","coordinates":[[[3.7232819,51.0436625],[3.7232819,51.0437344],[3.7231108,51.0437344],[3.7231108,51.0436625],[3.7232819,51.0436625]]]}},{"type":"Feature","properties":{"building":"house","height":12.7,"building:levels":5},"geometry":{"type":"Polygon","coordinates":[[[3.7232819,51.0438962],[3.7232819,51.0439682],[3.7231108,51.0439682],[3.7231108,51.0438962],[3.7232819,51.0438962]]]}},{"type":"Feature","properties":{"building":"apartments","height":17.6,"building:levels":5},"geometry":{"type":"Polygon","coordinates":[[[3.7231107,51.0436625],[3.7231107,51.0437344],[3.7229396,51.0437344],[3.7229396,51.0436625],[3.7231107,51.0436625]]]}},{"type":"Feature","properties":{"building":"house","height":12.1,"building:levels":6},"geometry":{"type":"Polygon","coordinates":[[[3.7231107,51.0438962],[3.7231107,51.0439682],[3.7229396,51.0439682],[3.7229396,51.0438962],[3.7231107,51.0438962]]]}},{"type":"Feature","properties":{"building":"house","height":11.7,"building:levels":3},"geometry":{"type":"Polygon","coordinates":[[[3.7229394,51.0436625],[3.7229394,51.0437344],[3.7227683,51.0437345],[3.7227683,51.0436625],[3.7229394,51.0436625]]]}},{"type":"Feature","properties":{"building":"apartments","height":16.1,"building:levels":5},"geometry":{"type":"Polygon","coordinates":[[[3.7229394,51.0438962],[3.7229394,51.0439682],[3.7227683,51.0439682],[3.7227683,51.0438963],[3.7229394,51.0438962]]]}},{"type":"Feature","properties":{"building":"house","height":15.7,"building:levels":4},"geometry":{"type":"Polygon","coordinates":[[[3.7227682,51.0436625],[3.7227682,51.0437345],[3.7225971,51.0437345],[3.7225971,51.0436625],[3.7227682,51.0436625]]]}},{"type":"Feature","properties":{"building":"apartments","height":16.8,"building:levels":3},"geometry":{"type":"Polygon","coordinates":[[[3.7227682,51.0438963],[3.7227682,51.0439682],[3.7225971,51.0439682],[3.7225971,51.0438963],[3.7227682,51.0438963]]]}},{"type":"Feature","properties":{"building":"apartments","height":10.5,"building:levels":3},"geometry":{"type":"Polygon","coordinates":[[[3.7225969,51.0436625],[3.722597,51.0437345],[3.7224258,51.0437345],[3.7224258,51.0436626],[3.7225969,51.0436625]]]}},{"type":"Feature","properties":{"building":"apartments","height":15.5,"building:levels":5},"geometry":{"type":"Polygon","coordinates":[[[3.722597,51.0438963],[3.722597,51.0439682],[3.7224259,51.0439682],[3.7224259,51.0438963],[3.722597,51.0438963]]]}},{"type":"Feature","properties":{"building":"apartments","height":14.6,"building:levels":4},"geometry":{"type":"Polygon","coordinates":[[[3.7224257,51.0436626],[3.7224257,51.0437345],[3.7222546,51.0437345],[3.7222546,51.0436626],[3.7224257,51.0436626]]]}},{"type":"Feature","properties":{"building":"apartments","height":15.0,"building:levels":3},"geometry":{"type":"Polygon","coordinates":[[[3.7224257,51.0438963],[3.7224257,51.0439682],[3.7222546,51.0439682],[3.7222546,51.0438963],[3.7224257,51.0438963]]]}},{"type":"Feature","properties":{"building":"apartments","height":9.1,"building:levels":5},"geometry":{"type":"Polygon","coordinates":[[[3.7222545,51.0436626],[3.7222545,51.0437345],[3.7220834,51.0437345],[3.7220834,51.0436626],[3.7222545,51.0436626]]]}},{"type":"Feature","properties":{"building":"apartments","height":15.7,"building:levels":6},"geometry":{"type":"Polygon","coordinates":[[[3.7222545,51.0438963],[3.7222545,51.0439682],[3.7220834,51.0439682],[3.7220834,51.0438963],[3.7222545,51.0438963]]]}},{"type":"Feature","properties":{"building":"house","height":12.9,"building:levels":4},"geometry":{"type":"Polygon","coordinates":[[[3.7220832,51.0436626],[3.7220832,51.0437345],[3.7219121,51.0437345],[3.7219121,51.0436626],[3.7220832,51.0436626]]]}},{"type":"Feature","properties":{"building":"house","height":13.8,"building:levels":5},"geometry":{"type":"Polygon","coordinates":[[[3.7220832,51.0438963],[3.7220832,51.0439682],[3.7219121,51.0439682],[3.7219121,51.0438963],[3.7220832,51.0438963]]]}},{"type":"Feature","properties":{"building":"house","height":13.7,"building:levels":6},"geometry":{"type":"Polygon","coordinates":[[[3.721912,51.0436626],[3.721912,51.0437345],[3.7217409,51.0437345],[3.7217409,51.0436626],[3.721912,51.0436626]]]}},{"type":"Feature","properties":{"building":"house","height":13.5,"building:levels":3},"geometry":{"type":"Polygon","coordinates":[[[3.721912,51.0438963],[3.721912,51.0439682],[3.7217409,51.0439682],[3.7217409,51.0438963],[3.721912,51.0438963]]]}},{"type":"Feature","properties":{"building":"house","height":12.0,"building:levels":3},"geometry":{"type":"Polygon","coordinates":[[[3.7217407,51.0436626],[3.7217407,51.0437345],[3.7215696,51.0437345],[3.7215696,51.0436626],[3.7217407,51.0436626]]]}},{"type":"Feature","properties":{"building":"apartments","height":16.8,"building:levels":6},"geometry":{"type":"Polygon","coordinates":[[[3.7217408,51.0438963],[3.7217408,51.0439682],[3.7215696,51.0439682],[3.7215696,51.0438963],[3.7217408,51.0438963]]]}},{"type":"Feature","properties":{"building":"house","height":14.6,"building:levels":6},"geometry":{"type":"Polygon","coordinates":[[[3.7215695,51.0436626],[3.7215695,51.0437345],[3.7213984,51.0437345],[3.7213984,51.0436626],[3.7215695,51.0436626]]]}},{"type":"Feature","properties":{"building":"apartments","height":16.3,"building:levels":4},"geometry":{"type":"Polygon","coordinates":[[[3.7215695,51.0438963],[3.7215695,51.0439682],[3.7213984,51.0439682],[3.7213984,51.0438963],[3.7215695,51.0438963]]]}},{"type":"Feature","properties":{"building":"house","height":14.7,"building:levels":3},"geometry":{"type":"Polygon","coordinates":[[[3.7213983,51.0436626],[3.7213983,51.0437345],[3.7212272,51.0437345],[3.7212272,51.0436626],[3.7213983,51.0436626]]]}},{"type":"Feature","properties":{"building":"apartments","height":16.0,"building:levels":6},"geometry":{"type":"Polygon","coordinates":[[[3.7213983,51.0438963],[3.7213983,51.0439682],[3.7212272,51.0439682],[3.7212272,51.0438963],[3.7213983,51.0438963]]]}},{"type":"Feature","properties":{"building":"house","height":17.3,"building:levels":6},"geometry":{"type":"Polygon","coordinates":[[[3.721227,51.0436626],[3.721227,51.0437345],[3.7210559,51.0437345],[3.7210559,51.0436626],[3.721227,51.0436626]]]}},{"type":"Feature","properties":{"building":"house","height":12.8,"building:levels":5},"geometry":{"type":"Polygon","coordinates":[[[3.721227,51.0438963],[3.721227,51.0439682],[3.7210559,51.0439682],[3.7210559,51.0438963],[3.721227,51.0438963]]]}},{"type":"Feature","properties":{"building":"house","height":10.9,"building:levels":3},"geometry":{"type":"Polygon","coordinates":[[[3.7210558,51.0436626],[3.7210558,51.0437345],[3.7208847,51.0437345],[3.7208847,51.0436626],[3.7210558,51.0436626]]]}},{"type":"Feature","properties":{"building":"apartments","height":15.6,"building:levels":6},"geometry":{"type":"Polygon","coordinates":[[[3.7210558,51.0438963],[3.7210558,51.0439682],[3.7208847,51.0439682],[3.7208847,51.0438963],[3.7210558,51.0438963]]]}},{"type":"Feature","properties":{"building":"apartments","height":16.4,"building:levels":5},"geometry":{"type":"Polygon","coordinates":[[[3.7208845,51.0436626],[3.7208845,51.0437345],[3.7207134,51.0437345],[3.7207134,51.0436626],[3.7208845,51.0436626]]]}},{"type":"Feature","properties":{"building":"apartments","height":11.8,"building:levels":3},"geometry":{"type":"Polygon","coordinates":[[[3.7208845,51.0438963],[3.7208845,51.0439682],[3.7207134,51.0439682],[3.7207134,51.0438963],[3.7208845,51.0438963]]]}},{"type":"Feature","properties":{"building":"house","height":16.8,"building:levels":6},"geometry":{"type":"Polygon","coordinates":[[[3.7207133,51.0436626],[3.7207133,51.0437345],[3.7205422,51.0437345],[3.7205422,51.0436626],[3.7207133,51.0436626]]]}},{"type":"Feature","properties":{"building":"apartments","height":12.7,"building:levels":5},"geometry":{"type":"Polygon","coordinates":[[[3.7207133,51.0438963],[3.7207133,51.0439682],[3.7205422,51.0439682],[3.7205422,51.0438963],[3.7207133,51.0438963]]]}},{"type":"Feature","properties":{"building":"apartments","height":16.7,"building:levels":6},"geometry":{"type":"Polygon","coordinates":[[[3.7205421,51.0436626],[3.7205421,51.0437345],[3.720371,51.0437345],[3.720371,51.0436626],[3.7205421,51.0436626]]]}},{"type":"Feature","properties":{"building":"apartments","height":10.9,"building:levels":6},"geometry":{"type":"Polygon","coordinates":[[[3.7205421,51.0438963],[3.7205421,51.0439682],[3.720371,51.0439682],[3.720371,51.0438963],[3.7205421,51.0438963]]]}},{"type":"Feature","properties":{"building":"apartments","height":12.5,"building:levels":3},"geometry":{"type":"Polygon","coordinates":[[[3.7203708,51.0436626],[3.7203708,51.0437345],[3.7201997,51.0437345],[3.7201997,51.0436626],[3.7203708,51.0436626]]]}},{"type":"Feature","properties":{"building":"apartments","height":16.0,"building:levels":5},"geometry":{"type":"Polygon","coordinates":[[[3.7203708,51.0438963],[3.7203708,51.0439682],[3.7201997,51.0439682],[3.7201997,51.0438963],[3.7203708,51.0438963]]]}},{"type":"Feature","properties":{"building":"apartments","height":15.8,"building:levels":6},"geometry":{"type":"Polygon","coordinates":[[[3.7200546,51.0436705],[3.7201152,51.0437314],[3.7199704,51.0437888],[3.7199097,51.0437279],[3.7200546,51.0436705]]]}},{"type":"Feature","properties":{"building":"house","height":16.0,"building:levels":6},"geometry":{"type":"Polygon","coordinates":[[[3.7202518,51.0438684],[3.7203125,51.0439293],[3.7201676,51.0439867],[3.7201069,51.0439258],[3.7202518,51.0438684]]]}},{"type":"Feature","properties":{"building":"apartments","height":9.3,"building:levels":6},"geometry":{"type":"Polygon","coordinates":[[[3.7198027,51.0438791],[3.7199168,51.0438791],[3.7199168,51.0439869],[3.7198027,51.0439869],[3.7198027,51.0438791]]]}},{"type":"Feature","properties":{"building":"house","height":13.8,"building:levels":4},"geometry":{"type":"Polygon","coordinates":[[[3.7201734,51.0438791],[3.7202875,51.0438791],[3.7202875,51.0439869],[3.7201734,51.0439869],[3.7201734,51.0438791]]]}},{"type":"Feature","properties":{"building":"apartments","height":16.9,"building:levels":4},"geometry":{"type":"Polygon","coordinates":[[[3.7198027,51.0439871],[3.7199168,51.0439871],[3.7199168,51.0440949],[3.7198027,51.0440949],[3.7198027,51.0439871]]]}},{"type":"Feature","properties":{"building":"house","height":13.5,"building:levels":4},"geometry":{"type":"Polygon","coordinates":[[[3.7201734,51.0439871],[3.7202875,51.0439871],[3.7202875,51.0440949],[3.7201734,51.0440949],[3.7201734,51.0439871]]]}},{"type":"Feature","properties":{"building":"apartments","height":14.7,"building:levels":6},"geometry":{"type":"Polygon","coordinates":[[[3.7198027,51.0440951],[3.7199168,51.0440951],[3.7199168,51.044203],[3.7198027,51.044203],[3.7198027,51.0440951]]]}},{"type":"Feature","properties":{"building":"house","height":15.4,"building:levels":3},"geometry":{"type":"Polygon","coordinates":[[[3.7201734,51.0440951],[3.7202875,51.0440951],[3.7202875,51.044203],[3.7201734,51.044203],[3.7201734,51.0440951]]]}},{"type":"Feature","properties":{"building":"apartments","height":17.8,"building:levels":6},"geometry":{"type":"Polygon","coordinates":[[[3.7198027,51.0442031],[3.7199168,51.0442031],[3.7199168,51.044311],[3.7198027,51.044311],[3.7198027,51.0442031]]]}},{"type":"Feature","properties":{"building":"apartments","height":16.3,"building:levels":6},"geometry":{"type":"Polygon","coordinates":[[[3.7201734,51.0442031],[3.7202875,51.0442031],[3.7202875,51.044311],[3.7201734,51.044311],[3.7201734,51.0442031]]]}},{"type":"Feature","properties":{"building":"house","height":16.0,"building:levels":4},"geometry":{"type":"Polygon","coordinates":[[[3.7198027,51.0443111],[3.7199168,51.0443111],[3.7199168,51.044419],[3.7198027,51.044419],[3.7198027,51.0443111]]]}},{"type":"Feature","properties":{"building":"apartments","height":17.1,"building:levels":3},"geometry":{"type":"Polygon","coordinates":[[[3.7201734,51.0443111],[3.7202875,51.0443111],[3.7202875,51.044419],[3.7201734,51.044419],[3.7201734,51.0443111]]]}},{"type":"Feature","properties":{"building":"apartments","height":16.4,"building:levels":5},"geometry":{"type":"Polygon","coordinates":[[[3.7198027,51.0444192],[3.7199168,51.0444192],[3.7199168,51.044527],[3.7198027,51.044527],[3.7198027,51.0444192]]]}},{"type":"Feature","properties":{"building":"house","height":15.0,"building:levels":6},"geometry":{"type":"Polygon","coordinates":[[[3.7201734,51.0444192],[3.7202875,51.0444192],[3.7202875,51.044527],[3.7201734,51.044527],[3.7201734,51.0444192]]]}},{"type":"Feature","properties":{"building":"house","height":15.4,"building:levels":4},"geometry":{"type":"Polygon","coordinates":[[[3.7198027,51.0445272],[3.7199168,51.0445272],[3.7199168,51.044635],[3.7198027,51.044635],[3.7198027,51.0445272]]]}},{"type":"Feature","properties":{"building":"apartments","height":14.1,"building:levels":5},"geometry":{"type":"Polygon","coordinates":[[[3.7201734,51.0445272],[3.7202875,51.0445272],[3.7202875,51.044635],[3.7201734,51.044635],[3.7201734,51.0445272]]]}},{"type":"Feature","properties":{"building":"apartments","height":14.7,"building:levels":5},"geometry":{"type":"Polygon","coordinates":[[[3.7198027,51.0446352],[3.7199168,51.0446352],[3.7199168,51.0447431],[3.7198027,51.0447431],[3.7198027,51.0446352]]]}},{"type":"Feature","properties":{"building":"apartments","height":9.2,"building:levels":6},"geometry":{"type":"Polygon","coordinates":[[[3.7201734,51.0446352],[3.7202875,51.0446352],[3.7202875,51.0447431],[3.7201734,51.0447431],[3.7201734,51.0446352]]]}},{"type":"Feature","properties":{"building":"house","height":14.7,"building:levels":4},"geometry":{"type":"Polygon","coordinates":[[[3.7198027,51.0447432],[3.7199168,51.0447432],[3.7199168,51.0448511],[3.7198027,51.0448511],[3.7198027,51.0447432]]]}},{"type":"Feature","properties":{"building":"apartments","height":10.7,"building:levels":4},"geometry":{"type":"Polygon","coordinates":[[[3.7201734,51.0447432],[3.7202875,51.0447432],[3.7202875,51.0448511],[3.7201734,51.0448511],[3.7201734,51.0447432]]]}},{"type":"Feature","properties":{"building":"apartments","height":10.3,"building:levels":5},"geometry":{"type":"Polygon","coordinates":[[[3.7198027,51.0448512],[3.7199168,51.0448512],[3.7199168,51.0449591],[3.7198027,51.0449591],[3.7198027,51.0448512]]]}},{"type":"Feature","properties":{"building":"apartments","height":15.3,"building:levels":5},"geometry":{"type":"Polygon","coordinates":[[[3.7201734,51.0448512],[3.7202875,51.0448512],[3.7202875,51.0449591],[3.7201734,51.0449591],[3.7201734,51.0448512]]]}},{"type":"Feature","properties":{"building":"apartments","height":14.0,"building:levels":4},"geometry":{"type":"Polygon","coordinates":[[[3.7198027,51.0449593],[3.7199168,51.0449593],[3.7199168,51.0450671],[3.7198027,51.0450671],[3.7198027,51.0449593]]]}},{"type":"Feature","properties":{"building":"house","height":17.9,"building:levels":3},"geometry":{"type":"Polygon","coordinates":[[[3.7201734,51.0449593],[3.7202875,51.0449593],[3.7202875,51.0450671],[3.7201735,51.0450671],[3.7201734,51.0449593]]]}},{"type":"Feature","properties":{"building":"house","height":16.5,"building:levels":6},"geometry":{"type":"Polygon","coordinates":[[[3.7198027,51.0450673],[3.7199168,51.0450673],[3.7199168,51.0451751],[3.7198027,51.0451751],[3.7198027,51.0450673]]]}},{"type":"Feature","properties":{"building":"house","height":16.8,"building:levels":5},"geometry":{"type":"Polygon","coordinates":[[[3.7201735,51.0450673],[3.7202875,51.0450673],[3.7202875,51.0451751],[3.7201735,51.0451751],[3.7201735,51.0450673]]]}},{"type":"Feature","properties":{"building":"apartments","height":9.3,"building:levels":4},"geometry":{"type":"Polygon","coordinates":[[[3.7198027,51.0451753],[3.7199168,51.0451753],[3.7199168,51.0452832],[3.7198027,51.0452832],[3.7198027,51.0451753]]]}},{"type":"Feature","properties":{"building":"apartments","height":13.0,"building:levels":5},"geometry":{"type":"Polygon","coordinates":[[[3.7201735,51.0451753],[3.7202875,51.0451753],[3.7202875,51.0452832],[3.7201735,51.0452832],[3.7201735,51.0451753]]]}},{"type":"Feature","properties":{"building":"house","height":17.0,"building:levels":3},"geometry":{"type":"Polygon","coordinates":[[[3.7198027,51.0452833],[3.7199168,51.0452833],[3.7199168,51.0453912],[3.7198027,51.0453912],[3.7198027,51.0452833]]]}},{"type":"Feature","properties":{"building":"apartments","height":9.9,"building:levels":5},"geometry":{"type":"Polygon","coordinates":[[[3.7201735,51.0452833],[3.7202875,51.0452833],[3.7202875,51.0453912],[3.7201735,51.0453912],[3.7201735,51.0452833]]]}},{"type":"Feature","properties":{"building":"house","height":13.3,"building:levels":5},"geometry":{"type":"Polygon","coordinates":[[[3.7198027,51.0453913],[3.7199168,51.0453913],[3.7199168,51.0454992],[3.7198027,51.0454992],[3.7198027,51.0453913]]]}},{"type":"Feature","properties":{"building":"apartments","height":11.1,"building:levels":4},"geometry":{"type":"Polygon","coordinates":[[[3.7201735,51.0453913],[3.7202875,51.0453913],[3.7202875,51.0454992],[3.7201735,51.0454992],[3.7201735,51.0453913]]]}},{"type":"Feature","properties":{"building":"apartments","height":11.8,"building:levels":5},"geometry":{"type":"Polygon","coordinates":[[[3.7198027,51.0454994],[3.7199168,51.0454994],[3.7199168,51.0456072],[3.7198027,51.0456072],[3.7198027,51.0454994]]]}},{"type":"Feature","properties":{"building":"apartments","height":9.0,"building:levels":4},"geometry":{"type":"Polygon","coordinates":[[[3.7201735,51.0454994],[3.7202875,51.0454994],[3.7202875,51.0456072],[3.7201735,51.0456072],[3.7201735,51.0454994]]]}},{"type":"Feature","properties":{"building":"house","height":13.1,"building:levels":3},"geometry":{"type":"Polygon","coordinates":[[[3.7198027,51.0456074],[3.7199168,51.0456074],[3.7199168,51.0457152],[3.7198027,51.0457152],[3.7198027,51.0456074]]]}},{"type":"Feature","properties":{"building":"apartments","height":13.9,"building:levels":3},"geometry":{"type":"Polygon","coordinates":[[[3.7201735,51.0456074],[3.7202875,51.0456074],[3.7202875,51.0457152],[3.7201735,51.0457152],[3.7201735,51.0456074]]]}},{"type":"Feature","properties":{"building":"apartments","height":17.9,"building:levels":4},"geometry":{"type":"Polygon","coordinates":[[[3.7198027,51.0457154],[3.7199168,51.0457154],[3.7199168,51.0458233],[3.7198027,51.0458233],[3.7198027,51.0457154]]]}},{"type":"Feature","properties":{"building":"house","height":14.7,"building:levels":6},"geometry":{"type":"Polygon","coordinates":[[[3.7201735,51.0457154],[3.7202875,51.0457154],[3.7202875,51.0458233],[3.7201735,51.0458233],[3.7201735,51.0457154]]]}},{"type":"Feature","properties":{"building":"house","height":12.5,"building:levels":3},"geometry":{"type":"Polygon","coordinates":[[[3.7198027,51.0458234],[3.7199168,51.0458234],[3.7199168,51.0459313],[3.7198027,51.0459313],[3.7198027,51.0458234]]]}},{"type":"Feature","properties":{"building":"house","height":17.9,"building:levels":6},"geometry":{"type":"Polygon","coordinates":[[[3.7201735,51.0458234],[3.7202875,51.0458234],[3.7202875,51.0459313],[3.7201735,51.0459313],[3.7201735,51.0458234]]]}},{"type":"Feature","properties":{"building":"house","height":12.6,"building:levels":5},"geometry":{"type":"Polygon","coordinates":[[[3.7198027,51.0459314],[3.7199168,51.0459314],[3.7199168,51.0460393],[3.7198027,51.0460393],[3.7198027,51.0459314]]]}},{"type":"Feature","properties":{"building":"house","height":11.7,"building:levels":5},"geometry":{"type":"Polygon","coordinates":[[[3.7201735,51.0459314],[3.7202875,51.0459314],[3.7202875,51.0460393],[3.7201735,51.0460393],[3.7201735,51.0459314]]]}},{"type":"Feature","properties":{"building":"apartments","height":9.6,"building:levels":6},"geometry":{"type":"Polygon","coordinates":[[[3.7198027,51.0460395],[3.7199168,51.0460395],[3.7199168,51.0461473],[3.7198027,51.0461473],[3.7198027,51.0460395]]]}},{"type":"Feature","properties":{"building":"house","height":13.8,"building:levels":5},"geometry":{"type":"Polygon","coordinates":[[[3.7201735,51.0460395],[3.7202875,51.0460395],[3.7202875,51.0461473],[3.7201735,51.0461473],[3.7201735,51.0460395]]]}},{"type":"Feature","properties":{"building":"house","height":16.2,"building:levels":5},"geometry":{"type":"Polygon","coordinates":[[[3.7198027,51.0461475],[3.7199168,51.0461475],[3.7199168,51.0462553],[3.7198027,51.0462553],[3.7198027,51.0461475]]]}},{"type":"Feature","properties":{"building":"house","height":14.8,"building:levels":5},"geometry":{"type":"Polygon","coordinates":[[[3.7201735,51.0461475],[3.7202875,51.0461475],[3.7202875,51.0462553],[3.7201735,51.0462553],[3.7201735,51.0461475]]]}},{"type":"Feature","properties":{"building":"apartments","height":9.8,"building:levels":6},"geometry":{"type":"Polygon","coordinates":[[[3.7198027,51.0462555],[3.7199168,51.0462555],[3.7199168,51.0463634],[3.7198027,51.0463634],[3.7198027,51.0462555]]]}},{"type":"Feature","properties":{"building":"house","height":17.7,"building:levels":4},"geometry":{"type":"Polygon","coordinates":[[[3.7201735,51.0462555],[3.7202875,51.0462555],[3.7202875,51.0463634],[3.7201735,51.0463634],[3.7201735,51.0462555]]]}},{"type":"Feature","properties":{"building":"house","height":14.0,"building:levels":6},"geometry":{"type":"Polygon","coordinates":[[[3.7198027,51.0463635],[3.7199168,51.0463635],[3.7199168,51.0464714],[3.7198027,51.0464714],[3.7198027,51.0463635]]]}},{"type":"Feature","properties":{"building":"apartments","height":13.4,"building:levels":5},"geometry":{"type":"Polygon","coordinates":[[[3.7201735,51.0463635],[3.7202875,51.0463635],[3.7202875,51.0464714],[3.7201735,51.0464714],[3.7201735,51.0463635]]]}},{"type":"Feature","properties":{"building":"house","height":10.5,"building:levels":4},"geometry":{"type":"Polygon","coordinates":[[[3.7198027,51.0464715],[3.7199168,51.0464715],[3.7199168,51.0465794],[3.7198027,51.0465794],[3.7198027,51.0464715]]]}},{"type":"Feature","properties":{"building":"house","height":12.1,"building:levels":5},"geometry":{"type":"Polygon","coordinates":[[[3.7201735,51.0464715],[3.7202875,51.0464715],[3.7202875,51.0465794],[3.7201735,51.0465794],[3.7201735,51.0464715]]]}},{"type":"Feature","properties":{"building":"apartments","height":14.2,"building:levels":4},"geometry":{"type":"Polygon","coordinates":[[[3.7198027,51.0465796],[3.7199168,51.0465796],[3.7199168,51.0466874],[3.7198027,51.0466874],[3.7198027,51.0465796]]]}},{"type":"Feature","properties":{"building":"house","height":12.7,"building:levels":4},"geometry":{"type":"Polygon","coordinates":[[[3.7201735,51.0465796],[3.7202875,51.0465796],[3.7202875,51.0466874],[3.7201735,51.0466874],[3.7201735,51.0465796]]]}},{"type":"Feature","properties":{"building":"apartments","height":14.4,"building:levels":4},"geometry":{"type":"Polygon","coordinates":[[[3.7198027,51.0466876],[3.7199168,51.0466876],[3.7199168,51.0467954],[3.7198027,51.0467954],[3.7198027,51.0466876]]]}},{"type":"Feature","properties":{"building":"apartments","height":17.0,"building:levels":5},"geometry":{"type":"Polygon","coordinates":[[[3.7201735,51.0466876],[3.7202875,51.0466876],[3.7202875,51.0467954],[3.7201735,51.0467954],[3.7201735,51.0466876]]]}},{"type":"Feature","properties":{"building":"apartments","height":14.5,"building:levels":5},"geometry":{"type":"Polygon","coordinates":[[[3.7198027,51.0467956],[3.7199168,51.0467956],[3.7199168,51.0469035],[3.7198027,51.0469035],[3.7198027,51.0467956]]]}},{"type":"Feature","properties":{"building":"apartments","height":12.3,"building:levels":3},"geometry":{"type":"Polygon","coordinates":[[[3.7201735,51.0467956],[3.7202875,51.0467956],[3.7202875,51.0469035],[3.7201735,51.0469035],[3.7201735,51.0467956]]]}},{"type":"Feature","properties":{"building":"house","height":9.1,"building:levels":6},"geometry":{"type":"Polygon","coordinates":[[[3.7198027,51.0469036],[3.7199168,51.0469036],[3.7199168,51.0470115],[3.7198027,51.0470115],[3.7198027,51.0469036]]]}},{"type":"Feature","properties":{"building":"apartments","height":14.7,"building:levels":4},"geometry":{"type":"Polygon","coordinates":[[[3.7201735,51.0469036],[3.7202875,51.0469036],[3.7202875,51.0470115],[3.7201735,51.0470115],[3.7201735,51.0469036]]]}},{"type":"Feature","properties":{"building":"apartments","height":10.1,"building:levels":6},"geometry":{"type":"Polygon","coordinates":[[[3.7198027,51.0470116],[3.7199168,51.0470116],[3.7199168,51.0471195],[3.7198027,51.0471195],[3.7198027,51.0470116]]]}},{"type":"Feature","properties":{"building":"house","height":13.8,"building:levels":6},"geometry":{"type":"Polygon","coordinates":[[[3.7201735,51.0470116],[3.7202875,51.0470116],[3.7202875,51.0471195],[3.7201735,51.0471195],[3.7201735,51.0470116]]]}},{"type":"Feature","properties":{"building":"house","height":10.0,"building:levels":3},"geometry":{"type":"Polygon","coordinates":[[[3.7198027,51.0471197],[3.7199168,51.0471197],[3.7199168,51.0472275],[3.7198027,51.0472275],[3.7198027,51.0471197]]]}},{"type":"Feature","properties":{"building":"house","height":11.1,"building:levels":5},"geometry":{"type":"Polygon","coordinates":[[[3.7201735,51.0471197],[3.7202875,51.0471197],[3.7202875,51.0472275],[3.7201735,51.0472275],[3.7201735,51.0471197]]]}},{"type":"Feature","properties":{"building":"house","height":11.4,"building:levels":5},"geometry":{"type":"Polygon","coordinates":[[[3.7198027,51.0472277],[3.7199168,51.0472277],[3.7199168,51.0473356],[3.7198027,51.0473356],[3.7198027,51.0472277]]]}},{"type":"Feature","properties":{"building":"apartments","height":14.7,"building:levels":6},"geometry":{"type":"Polygon","coordinates":[[[3.7201735,51.0472277],[3.7202875,51.0472277],[3.7202875,51.0473355],[3.7201735,51.0473356],[3.7201735,51.0472277]]]}},{"type":"Feature","properties":{"building":"apartments","height":12.2,"building:levels":5},"geometry":{"type":"Polygon","coordinates":[[[3.7198027,51.0473357],[3.7199168,51.0473357],[3.7199168,51.0474436],[3.7198027,51.0474436],[3.7198027,51.0473357]]]}},{"type":"Feature","properties":{"building":"house","height":13.8,"building:levels":4},"geometry":{"type":"Polygon","coordinates":[[[3.7201735,51.0473357],[3.7202875,51.0473357],[3.7202875,51.0474436],[3.7201735,51.0474436],[3.7201735,51.0473357]]]}},{"type":"Feature","properties":{"building":"house","height":14.1,"building:levels":5},"geometry":{"type":"Polygon","coordinates":[[[3.7198027,51.0474437],[3.7199168,51.0474437],[3.7199168,51.0475516],[3.7198027,51.0475516],[3.7198027,51.0474437]]]}},{"type":"Feature","properties":{"building":"house","height":14.3,"building:levels":4},"geometry":{"type":"Polygon","coordinates":[[[3.7201735,51.0474437],[3.7202875,51.0474437],[3.7202875,51.0475516],[3.7201735,51.0475516],[3.7201735,51.0474437]]]}},{"type":"Feature","properties":{"building":"apartments","height":16.9,"building:levels":4},"geometry":{"type":"Polygon","coordinates":[[[3.7198027,51.0475517],[3.7199168,51.0475517],[3.7199168,51.0476596],[3.7198027,51.0476596],[3.7198027,51.0475517]]]}},{"type":"Feature","properties":{"building":"apartments","height":16.8,"building:levels":6},"geometry":{"type":"Polygon","coordinates":[[[3.7201735,51.0475517],[3.7202875,51.0475517],[3.7202875,51.0476596],[3.7201735,51.0476596],[3.7201735,51.0475517]]]}},{"type":"Feature","properties":{"building":"house","height":14.8,"building:levels":4},"geometry":{"type":"Polygon","coordinates":[[[3.7198027,51.0476598],[3.7199168,51.0476598],[3.7199168,51.0477676],[3.7198027,51.0477676],[3.7198027,51.0476598]]]}},{"type":"Feature","properties":{"building":"apartments","height":14.1,"building:levels":4},"geometry":{"type":"Polygon","coordinates":[[[3.7201735,51.0476598],[3.7202875,51.0476598],[3.7202875,51.0477676],[3.7201735,51.0477676],[3.7201735,51.0476598]]]}},{"type":"Feature","properties":{"building":"apartments","height":13.0,"building:levels":5},"geometry":{"type":"Polygon","coordinates":[[[3.7198027,51.0477678],[3.7199168,51.0477678],[3.7199168,51.0478757],[3.7198027,51.0478757],[3.7198027,51.0477678]]]}},{"type":"Feature","properties":{"building":"house","height":16.1,"building:levels":3},"geometry":{"type":"Polygon","coordinates":[[[3.7201735,51.0477678],[3.7202875,51.0477678],[3.7202875,51.0478757],[3.7201735,51.0478757],[3.7201735,51.0477678]]]}},{"type":"Feature","properties":{"building":"apartments","height":11.2,"building:levels":4},"geometry":{"type":"Polygon","coordinates":[[[3.7198027,51.0478758],[3.7199168,51.0478758],[3.7199168,51.0479837],[3.7198027,51.0479837],[3.7198027,51.0478758]]]}},{"type":"Feature","properties":{"building":"apartments","height":9.1,"building:levels":3},"geometry":{"type":"Polygon","coordinates":[[[3.7201735,51.0478758],[3.7202875,51.0478758],[3.7202875,51.0479837],[3.7201735,51.0479837],[3.7201735,51.0478758]]]}},{"type":"Feature","properties":{"building":"apartments","height":17.2,"building:levels":4},"geometry":{"type":"Polygon","coordinates":[[[3.7198027,51.0479838],[3.7199168,51.0479838],[3.7199168,51.0480917],[3.7198027,51.0480917],[3.7198027,51.0479838]]]}},{"type":"Feature","properties":{"building":"house","height":12.5,"building:levels":5},"geometry":{"type":"Polygon","coordinates":[[[3.7201735,51.0479838],[3.7202875,51.0479838],[3.7202875,51.0480917],[3.7201735,51.0480917],[3.7201735,51.0479838]]]}},{"type":"Feature","properties":{"building":"house","height":14.4,"building:levels":4},"geometry":{"type":"Polygon","coordinates":[[[3.7198027,51.0480918],[3.7199168,51.0480918],[3.7199168,51.0481997],[3.7198027,51.0481997],[3.7198027,51.0480918]]]}},{"type":"Feature","properties":{"building":"house","height":16.6,"building:levels":6},"geometry":{"type":"Polygon","coordinates":[[[3.7201735,51.0480918],[3.7202875,51.0480918],[3.7202875,51.0481997],[3.7201735,51.0481997],[3.7201735,51.0480918]]]}},{"type":"Feature","properties":{"building":"house","height":14.8,"building:levels":6},"geometry":{"type":"Polygon","coordinates":[[[3.7198027,51.0481999],[3.7199168,51.0481999],[3.7199168,51.0483077],[3.7198027,51.0483077],[3.7198027,51.0481999]]]}},{"type":"Feature","properties":{"building":"apartments","height":16.4,"building:levels":5},"geometry":{"type":"Polygon","coordinates":[[[3.7201735,51.0481999],[3.7202875,51.0481999],[3.7202875,51.0483077],[3.7201735,51.0483077],[3.7201735,51.0481999]]]}},{"type":"Feature","properties":{"building":"house","height":10.7,"building:levels":4},"geometry":{"type":"Polygon","coordinates":[[[3.7198027,51.0483079],[3.7199168,51.0483079],[3.7199168,51.0484158],[3.7198027,51.0484158],[3.7198027,51.0483079]]]}},{"type":"Feature","properties":{"building":"apartments","height":10.5,"building:levels":3},"geometry":{"type":"Polygon","coordinates":[[[3.7201735,51.0483079],[3.7202875,51.0483079],[3.7202875,51.0484158],[3.7201735,51.0484158],[3.7201735,51.0483079]]]}},{"type":"Feature","properties":{"building":"house","height":12.3,"building:levels":5},"geometry":{"type":"Polygon","coordinates":[[[3.7198027,51.0484159],[3.7199168,51.0484159],[3.7199168,51.0485238],[3.7198027,51.0485238],[3.7198027,51.0484159]]]}},{"type":"Feature","properties":{"building":"apartments","height":15.0,"building:levels":4},"geometry":{"type":"Polygon","coordinates":[[[3.7201735,51.0484159],[3.7202875,51.0484159],[3.7202875,51.0485238],[3.7201735,51.0485238],[3.7201735,51.0484159]]]}},{"type":"Feature","properties":{"building":"apartments","height":13.8,"building:levels":5},"geometry":{"type":"Polygon","coordinates":[[[3.7198027,51.0485239],[3.7199168,51.0485239],[3.7199168,51.0486318],[3.7198027,51.0486318],[3.7198027,51.0485239]]]}},{"type":"Feature","properties":{"building":"apartments","height":11.9,"building:levels":4},"geometry":{"type":"Polygon","coordinates":[[[3.7201735,51.0485239],[3.7202875,51.0485239],[3.7202875,51.0486318],[3.7201735,51.0486318],[3.7201735,51.0485239]]]}},{"type":"Feature","properties":{"building":"house","height":12.0,"building:levels":5},"geometry":{"type":"Polygon","coordinates":[[[3.7198027,51.0486319],[3.7199168,51.0486319],[3.7199168,51.0487398],[3.7198027,51.0487398],[3.7198027,51.0486319]]]}},{"type":"Feature","properties":{"building":"apartments","height":12.8,"building:levels":5},"geometry":{"type":"Polygon","coordinates":[[[3.7201735,51.0486319],[3.7202875,51.0486319],[3.7202875,51.0487398],[3.7201735,51.0487398],[3.7201735,51.0486319]]]}},{"type":"Feature","properties":{"building":"apartments","height":10.1,"building:levels":6},"geometry":{"type":"Polygon","coordinates":[[[3.7198027,51.04874],[3.7199168,51.04874],[3.7199168,51.0488478],[3.7198027,51.0488478],[3.7198027,51.04874]]]}},{"type":"Feature","properties":{"building":"house","height":9.3,"building:levels":3},"geometry":{"type":"Polygon","coordinates":[[[3.7201735,51.04874],[3.7202875,51.04874],[3.7202875,51.0488478],[3.7201735,51.0488478],[3.7201735,51.04874]]]}},{"type":"Feature","properties":{"building":"apartments","height":9.8,"building:levels":5},"geometry":{"type":"Polygon","coordinates":[[[3.7198027,51.048848],[3.7199168,51.048848],[3.7199168,51.0489559],[3.7198027,51.0489559],[3.7198027,51.048848]]]}},{"type":"Feature","properties":{"building":"apartments","height":13.7,"building:levels":6},"geometry":{"type":"Polygon","coordinates":[[[3.7201735,51.048848],[3.7202875,51.048848],[3.7202875,51.0489559],[3.7201735,51.0489559],[3.7201735,51.048848]]]}},{"type":"Feature","properties":{"building":"apartments","height":16.8,"building:levels":3},"geometry":{"type":"Polygon","coordinates":[[[3.7198027,51.048956],[3.7199168,51.048956],[3.7199168,51.0490639],[3.7198027,51.0490639],[3.7198027,51.048956]]]}},{"type":"Feature","properties":{"building":"apartments","height":11.1,"building:levels":6},"geometry":{"type":"Polygon","coordinates":[[[3.7201735,51.048956],[3.7202875,51.048956],[3.7202875,51.0490639],[3.7201735,51.0490639],[3.7201735,51.048956]]]}},{"type":"Feature","properties":{"building":"house","height":17.5,"building:levels":4},"geometry":{"type":"Polygon","coordinates":[[[3.7198027,51.049064],[3.7199168,51.049064],[3.7199168,51.0491719],[3.7198027,51.0491719],[3.7198027,51.049064]]]}},{"type":"Feature","properties":{"building":"apartments","height":9.5,"building:levels":6},"geometry":{"type":"Polygon","coordinates":[[[3.7201735,51.049064],[3.7202875,51.049064],[3.7202875,51.0491719],[3.7201735,51.0491719],[3.7201735,51.049064]]]}},{"type":"Feature","properties":{"building":"apartments","height":11.8,"building:levels":3},"geometry":{"type":"Polygon","coordinates":[[[3.7198027,51.0491721],[3.7199168,51.0491721],[3.7199168,51.0492799],[3.7198027,51.0492799],[3.7198027,51.0491721]]]}},{"type":"Feature","properties":{"building":"house","height":17.6,"building:levels":3},"geometry":{"type":"Polygon","coordinates":[[[3.7201735,51.0491721],[3.7202875,51.049172],[3.7202876,51.0492799],[3.7201735,51.0492799],[3.7201735,51.0491721]]]}},{"type":"Feature","properties":{"building":"house","height":17.9,"building:levels":6},"geometry":{"type":"Polygon","coordinates":[[[3.7198027,51.0492801],[3.7199168,51.0492801],[3.7199168,51.0493879],[3.7198027,51.0493879],[3.7198027,51.0492801]]]}},{"type":"Feature","properties":{"building":"apartments","height":18.0,"building:levels":3},"geometry":{"type":"Polygon","coordinates":[[[3.7201735,51.0492801],[3.7202876,51.0492801],[3.7202876,51.0493879],[3.7201735,51.0493879],[3.7201735,51.0492801]]]}},{"type":"Feature","properties":{"building":"house","height":12.1,"building:levels":3},"geometry":{"type":"Polygon","coordinates":[[[3.7198027,51.0493881],[3.7199168,51.0493881],[3.7199168,51.049496],[3.7198027,51.049496],[3.7198027,51.0493881]]]}},{"type":"Feature","properties":{"building":"apartments","height":15.9,"building:levels":3},"geometry":{"type":"Polygon","coordinates":[[[3.7201735,51.0493881],[3.7202876,51.0493881],[3.7202876,51.049496],[3.7201735,51.049496],[3.7201735,51.0493881]]]}},{"type":"Feature","properties":{"building":"apartments","height":10.0,"building:levels":3},"geometry":{"type":"Polygon","coordinates":[[[3.7198027,51.0494961],[3.7199168,51.0494961],[3.7199168,51.049604],[3.7198027,51.049604],[3.7198027,51.0494961]]]}},{"type":"Feature","properties":{"building":"apartments","height":15.0,"building:levels":3},"geometry":{"type":"Polygon","coordinates":[[[3.7201735,51.0494961],[3.7202876,51.0494961],[3.7202876,51.049604],[3.7201735,51.049604],[3.7201735,51.0494961]]]}},{"type":"Feature","properties":{"building":"apartments","height":11.7,"building:levels":6},"geometry":{"type":"Polygon","coordinates":[[[3.7198027,51.0496041],[3.7199168,51.0496041],[3.7199168,51.049712],[3.7198027,51.049712],[3.7198027,51.0496041]]]}},{"type":"Feature","properties":{"building":"apartments","height":12.9,"building:levels":4},"geometry":{"type":"Polygon","coordinates":[[[3.7201735,51.0496041],[3.7202876,51.0496041],[3.7202876,51.049712],[3.7201735,51.049712],[3.7201735,51.0496041]]]}},{"type":"Feature","properties":{"building":"apartments","height":13.7,"building:levels":6},"geometry":{"type":"Polygon","coordinates":[[[3.7198027,51.0497122],[3.7199168,51.0497122],[3.7199168,51.04982],[3.7198027,51.04982],[3.7198027,51.0497122]]]}},{"type":"Feature","properties":{"building":"apartments","height":15.3,"building:levels":6},"geometry":{"type":"Polygon","coordinates":[[[3.7201735,51.0497122],[3.7202876,51.0497122],[3.7202876,51.04982],[3.7201735,51.04982],[3.7201735,51.0497122]]]}},{"type":"Feature","properties":{"building":"apartments","height":17.4,"building:levels":4},"geometry":{"type":"Polygon","coordinates":[[[3.7198027,51.0498202],[3.7199168,51.0498202],[3.7199168,51.049928],[3.7198027,51.049928],[3.7198027,51.0498202]]]}},{"type":"Feature","properties":{"building":"apartments","height":15.7,"building:levels":4},"geometry":{"type":"Polygon","coordinates":[[[3.7201735,51.0498202],[3.7202876,51.0498202],[3.7202876,51.049928],[3.7201735,51.049928],[3.7201735,51.0498202]]]}},{"type":"Feature","properties":{"natural":"tree","height":12},"geometry":{"type":"Point","coordinates":[3.72,51.0535955]}},{"type":"Feature","properties":{"landuse":"residential"},"geometry":{"type":"Polygon","coordinates":[[[3.6914894,51.0320188],[3.7627659,51.0320145],[3.7628032,51.0724642],[3.6914646,51.0724685],[3.6914894,51.0320188]]]}}]}